Fecha de la orden;SKU;Modelo;Producto;Color;Talla;Cant. ordenada;Vendedor;FECHA
21/05/2025;PONKI09EQ;PONCHO KIDS;[PONKI09EQ] PONCHO KIDS (Azul Cielo - 52013);Azul Cielo;Kids;1,00;La Grieta;mayo-2025
23/05/2025;PONKI35EQ;PONCHO KIDS;[PONKI35EQ] PONCHO KIDS (Magenta);Magenta;Kids;1,00;La Grieta;mayo-2025
23/05/2025;PONKI09EQ;PONCHO KIDS;[PONKI09EQ] PONCHO KIDS (Azul Cielo - 52013);Azul Cielo;Kids;1,00;La Grieta;mayo-2025
23/05/2025;PONKI09EQ;PONCHO KIDS;[PONKI09EQ] PONCHO KIDS (Azul Cielo - 52013);Azul Cielo;Kids;-1,00;La Grieta;mayo-2025
23/05/2025;PONKI09EQ;PONCHO KIDS;[PONKI09EQ] PONCHO KIDS (Azul Cielo - 52013);Azul Cielo;Kids;1,00;La Grieta;mayo-2025
29/05/2025;PONKI63EQ;PONCHO KIDS;[PONKI63EQ] PONCHO KIDS (Verde Agua);Verde Agua;Kids;1,00;La Grieta;mayo-2025
30/05/2025;PONKI63EQ;PONCHO KIDS;[PONKI63EQ] PONCHO KIDS (Verde Agua);Verde Agua;Kids;0,00;La Grieta;mayo-2025
02/06/2025;PONKI30EQ;PONCHO KIDS;[PONKI30EQ] PONCHO KIDS (Gris Claro - 9734);Gris Claro;Kids;1,00;La Grieta;junio-2025
05/06/2025;PONKI09EQ;PONCHO KIDS;[PONKI09EQ] PONCHO KIDS (Azul Cielo - 52013);Azul Cielo;Kids;1,00;La Grieta;junio-2025
05/06/2025;PONKI30EQ;PONCHO KIDS;[PONKI30EQ] PONCHO KIDS (Gris Claro - 9734);Gris Claro;Kids;1,00;La Grieta;junio-2025
05/06/2025;PONKI63EQ;PONCHO KIDS;[PONKI63EQ] PONCHO KIDS (Verde Agua);Verde Agua;Kids;1,00;La Grieta;junio-2025
05/06/2025;PONKI35EQ;PONCHO KIDS;[PONKI35EQ] PONCHO KIDS (Magenta);Magenta;Kids;1,00;La Grieta;junio-2025
12/06/2025;PONKI09EQ;PONCHO KIDS;[PONKI09EQ] PONCHO KIDS (Azul Cielo - 52013);Azul Cielo;Kids;1,00;La Grieta;junio-2025
13/06/2025;PONKI63EQ;PONCHO KIDS;[PONKI63EQ] PONCHO KIDS (Verde Agua);Verde Agua;Kids;1,00;La Grieta;junio-2025
13/06/2025;PONKI09EQ;PONCHO KIDS;[PONKI09EQ] PONCHO KIDS (Azul Cielo - 52013);Azul Cielo;Kids;1,00;La Grieta;junio-2025
13/06/2025;PONKI63EQ;PONCHO KIDS;[PONKI63EQ] PONCHO KIDS (Verde Agua);Verde Agua;Kids;1,00;La Grieta;junio-2025
14/06/2025;PONKI09EQ;PONCHO KIDS;[PONKI09EQ] PONCHO KIDS (Azul Cielo - 52013);Azul Cielo;Kids;1,00;La Grieta;junio-2025
14/06/2025;PONKI09EQ;PONCHO KIDS;[PONKI09EQ] PONCHO KIDS (Azul Cielo - 52013);Azul Cielo;Kids;1,00;La Grieta;junio-2025
16/06/2025;PONKI30EQ;PONCHO KIDS;[PONKI30EQ] PONCHO KIDS (Gris Claro - 9734);Gris Claro;Kids;1,00;La Grieta;junio-2025
18/06/2025;PONKI63EQ;PONCHO KIDS;[PONKI63EQ] PONCHO KIDS (Verde Agua);Verde Agua;Kids;1,00;La Grieta;junio-2025
20/06/2025;PONKI63EQ;PONCHO KIDS;[PONKI63EQ] PONCHO KIDS (Verde Agua);Verde Agua;Kids;1,00;La Grieta;junio-2025
23/06/2025;PONKI09EQ;PONCHO KIDS;[PONKI09EQ] PONCHO KIDS (Azul Cielo - 52013);Azul Cielo;Kids;1,00;La Grieta;junio-2025
25/06/2025;PONKI35EQ;PONCHO KIDS;[PONKI35EQ] PONCHO KIDS (Magenta);Magenta;Kids;1,00;La Grieta;junio-2025
27/06/2025;PONKI09EQ;PONCHO KIDS;[PONKI09EQ] PONCHO KIDS (Azul Cielo - 52013);Azul Cielo;Kids;1,00;La Grieta;junio-2025
27/06/2025;PONKI35EQ;PONCHO KIDS;[PONKI35EQ] PONCHO KIDS (Magenta);Magenta;Kids;1,00;La Grieta;junio-2025
28/06/2025;PONKI63EQ;PONCHO KIDS;[PONKI63EQ] PONCHO KIDS (Verde Agua);Verde Agua;Kids;1,00;La Grieta;junio-2025
28/06/2025;PONKI09EQ;PONCHO KIDS;[PONKI09EQ] PONCHO KIDS (Azul Cielo - 52013);Azul Cielo;Kids;1,00;La Grieta;junio-2025
03/07/2025;PONKI35EQ;PONCHO KIDS;[PONKI35EQ] PONCHO KIDS (Magenta);Magenta;Kids;1,00;La Grieta;julio-2025
03/07/2025;PONKI35EQ;PONCHO KIDS;[PONKI35EQ] PONCHO KIDS (Magenta);Magenta;Kids;1,00;La Grieta;julio-2025
05/07/2025;PONKI30EQ;PONCHO KIDS;[PONKI30EQ] PONCHO KIDS (Gris Claro - 9734);Gris Claro;Kids;1,00;La Grieta;julio-2025
07/07/2025;PONKI35EQ;PONCHO KIDS;[PONKI35EQ] PONCHO KIDS (Magenta);Magenta;Kids;2,00;La Grieta;julio-2025
07/07/2025;PONKI09EQ;PONCHO KIDS;[PONKI09EQ] PONCHO KIDS (Azul Cielo - 52013);Azul Cielo;Kids;1,00;La Grieta;julio-2025
07/07/2025;PONKI63EQ;PONCHO KIDS;[PONKI63EQ] PONCHO KIDS (Verde Agua);Verde Agua;Kids;2,00;La Grieta;julio-2025
12/07/2025;PONKI09EQ;PONCHO KIDS;[PONKI09EQ] PONCHO KIDS (Azul Cielo - 52013);Azul Cielo;Kids;1,00;La Grieta;julio-2025
12/07/2025;PONKI63EQ;PONCHO KIDS;[PONKI63EQ] PONCHO KIDS (Verde Agua);Verde Agua;Kids;1,00;Sambil Valencia;julio-2025
13/07/2025;PONKI63EQ;PONCHO KIDS;[PONKI63EQ] PONCHO KIDS (Verde Agua);Verde Agua;Kids;1,00;Sambil Valencia;julio-2025
14/07/2025;PONKI63EQ;PONCHO KIDS;[PONKI63EQ] PONCHO KIDS (Verde Agua);Verde Agua;Kids;1,00;La Grieta;julio-2025
14/07/2025;PONKI09EQ;PONCHO KIDS;[PONKI09EQ] PONCHO KIDS (Azul Cielo - 52013);Azul Cielo;Kids;1,00;La Grieta;julio-2025
16/07/2025;PONKI09EQ;PONCHO KIDS;[PONKI09EQ] PONCHO KIDS (Azul Cielo - 52013);Azul Cielo;Kids;1,00;Sambil Valencia;julio-2025
17/07/2025;PONKI35EQ;PONCHO KIDS;[PONKI35EQ] PONCHO KIDS (Magenta);Magenta;Kids;1,00;La Grieta;julio-2025
17/07/2025;PONKI09EQ;PONCHO KIDS;[PONKI09EQ] PONCHO KIDS (Azul Cielo - 52013);Azul Cielo;Kids;1,00;La Grieta;julio-2025
18/07/2025;PONKI35EQ;PONCHO KIDS;[PONKI35EQ] PONCHO KIDS (Magenta);Magenta;Kids;1,00;Sambil Valencia;julio-2025
19/07/2025;PONKI09EQ;PONCHO KIDS;[PONKI09EQ] PONCHO KIDS (Azul Cielo - 52013);Azul Cielo;Kids;1,00;Cerro Verde ;julio-2025
19/07/2025;PONKI63EQ;PONCHO KIDS;[PONKI63EQ] PONCHO KIDS (Verde Agua);Verde Agua;Kids;1,00;La Grieta;julio-2025
19/07/2025;PONKI30EQ;PONCHO KIDS;[PONKI30EQ] PONCHO KIDS (Gris Claro - 9734);Gris Claro;Kids;1,00;Sambil Valencia;julio-2025
20/07/2025;PONKI63EQ;PONCHO KIDS;[PONKI63EQ] PONCHO KIDS (Verde Agua);Verde Agua;Kids;1,00;Cerro Verde ;julio-2025
20/07/2025;PONKI35EQ;PONCHO KIDS;[PONKI35EQ] PONCHO KIDS (Magenta);Magenta;Kids;1,00;Sambil Valencia;julio-2025
20/07/2025;PONKI63EQ;PONCHO KIDS;[PONKI63EQ] PONCHO KIDS (Verde Agua);Verde Agua;Kids;1,00;Sambil Valencia;julio-2025
21/07/2025;PONKI09EQ;PONCHO KIDS;[PONKI09EQ] PONCHO KIDS (Azul Cielo - 52013);Azul Cielo;Kids;1,00;Sambil Valencia;julio-2025
22/07/2025;PONKI35EQ;PONCHO KIDS;[PONKI35EQ] PONCHO KIDS (Magenta);Magenta;Kids;1,00;Cerro Verde ;julio-2025
22/07/2025;PONKI09EQ;PONCHO KIDS;[PONKI09EQ] PONCHO KIDS (Azul Cielo - 52013);Azul Cielo;Kids;1,00;Cerro Verde ;julio-2025
24/07/2025;PONKI35EQ;PONCHO KIDS;[PONKI35EQ] PONCHO KIDS (Magenta);Magenta;Kids;1,00;Sambil Valencia;julio-2025
24/07/2025;PONKI30EQ;PONCHO KIDS;[PONKI30EQ] PONCHO KIDS (Gris Claro - 9734);Gris Claro;Kids;1,00;Sambil Chacao ;julio-2025
25/07/2025;PONKI09EQ;PONCHO KIDS;[PONKI09EQ] PONCHO KIDS (Azul Cielo - 52013);Azul Cielo;Kids;1,00;Grandplaz ;julio-2025
25/07/2025;PONKI09EQ;PONCHO KIDS;[PONKI09EQ] PONCHO KIDS (Azul Cielo - 52013);Azul Cielo;Kids;1,00;La Grieta;julio-2025
25/07/2025;PONKI09EQ;PONCHO KIDS;[PONKI09EQ] PONCHO KIDS (Azul Cielo - 52013);Azul Cielo;Kids;1,00;Sambil Valencia;julio-2025
26/07/2025;PONKI35EQ;PONCHO KIDS;[PONKI35EQ] PONCHO KIDS (Magenta);Magenta;Kids;1,00;La Grieta;julio-2025
26/07/2025;PONKI30EQ;PONCHO KIDS;[PONKI30EQ] PONCHO KIDS (Gris Claro - 9734);Gris Claro;Kids;1,00;La Grieta;julio-2025
26/07/2025;PONKI35EQ;PONCHO KIDS;[PONKI35EQ] PONCHO KIDS (Magenta);Magenta;Kids;1,00;Sambil Valencia;julio-2025
26/07/2025;PONKI35EQ;PONCHO KIDS;[PONKI35EQ] PONCHO KIDS (Magenta);Magenta;Kids;-1,00;La Grieta;julio-2025
26/07/2025;PONKI35EQ;PONCHO KIDS;[PONKI35EQ] PONCHO KIDS (Magenta);Magenta;Kids;1,00;La Grieta;julio-2025
26/07/2025;PONKI35EQ;PONCHO KIDS;[PONKI35EQ] PONCHO KIDS (Magenta);Magenta;Kids;-1,00;La Grieta;julio-2025
26/07/2025;PONKI35EQ;PONCHO KIDS;[PONKI35EQ] PONCHO KIDS (Magenta);Magenta;Kids;1,00;La Grieta;julio-2025
27/07/2025;PONKI63EQ;PONCHO KIDS;[PONKI63EQ] PONCHO KIDS (Verde Agua);Verde Agua;Kids;1,00;Sambil Valencia;julio-2025
28/07/2025;PONKI09EQ;PONCHO KIDS;[PONKI09EQ] PONCHO KIDS (Azul Cielo - 52013);Azul Cielo;Kids;1,00;Cerro Verde ;julio-2025
28/07/2025;PONKI63EQ;PONCHO KIDS;[PONKI63EQ] PONCHO KIDS (Verde Agua);Verde Agua;Kids;2,00;Cerro Verde ;julio-2025
29/07/2025;PONKI35EQ;PONCHO KIDS;[PONKI35EQ] PONCHO KIDS (Magenta);Magenta;Kids;1,00;La Grieta;julio-2025
29/07/2025;PONKI09EQ;PONCHO KIDS;[PONKI09EQ] PONCHO KIDS (Azul Cielo - 52013);Azul Cielo;Kids;1,00;La Grieta;julio-2025
29/07/2025;PONKI09EQ;PONCHO KIDS;[PONKI09EQ] PONCHO KIDS (Azul Cielo - 52013);Azul Cielo;Kids;1,00;Cerro Verde ;julio-2025
29/07/2025;PONKI35EQ;PONCHO KIDS;[PONKI35EQ] PONCHO KIDS (Magenta);Magenta;Kids;1,00;Sambil Valencia;julio-2025
30/07/2025;PONKI30EQ;PONCHO KIDS;[PONKI30EQ] PONCHO KIDS (Gris Claro - 9734);Gris Claro;Kids;1,00;La Grieta;julio-2025
31/07/2025;PONKI63EQ;PONCHO KIDS;[PONKI63EQ] PONCHO KIDS (Verde Agua);Verde Agua;Kids;1,00;Sambil Chacao ;julio-2025
31/07/2025;PONKI63EQ;PONCHO KIDS;[PONKI63EQ] PONCHO KIDS (Verde Agua);Verde Agua;Kids;1,00;Cerro Verde ;julio-2025
01/08/2025;PONKI63EQ;PONCHO KIDS;[PONKI63EQ] PONCHO KIDS (Verde Agua);Verde Agua;Kids;0,00;Sambil Valencia;agosto-2025
02/08/2025;PONKI63EQ;PONCHO KIDS;[PONKI63EQ] PONCHO KIDS (Verde Agua);Verde Agua;Kids;1,00;Cerro Verde ;agosto-2025
02/08/2025;PONKI09EQ;PONCHO KIDS;[PONKI09EQ] PONCHO KIDS (Azul Cielo - 52013);Azul Cielo;Kids;1,00;Sambil Chacao ;agosto-2025
02/08/2025;PONKI63EQ;PONCHO KIDS;[PONKI63EQ] PONCHO KIDS (Verde Agua);Verde Agua;Kids;1,00;Sambil Chacao ;agosto-2025
03/08/2025;PONKI63EQ;PONCHO KIDS;[PONKI63EQ] PONCHO KIDS (Verde Agua);Verde Agua;Kids;1,00;Sambil Valencia;agosto-2025
04/08/2025;PONKI63EQ;PONCHO KIDS;[PONKI63EQ] PONCHO KIDS (Verde Agua);Verde Agua;Kids;1,00;Cerro Verde ;agosto-2025
04/08/2025;PONKI63EQ;PONCHO KIDS;[PONKI63EQ] PONCHO KIDS (Verde Agua);Verde Agua;Kids;1,00;Sambil Chacao ;agosto-2025
05/08/2025;PONKI09EQ;PONCHO KIDS;[PONKI09EQ] PONCHO KIDS (Azul Cielo - 52013);Azul Cielo;Kids;1,00;Sambil Valencia;agosto-2025
05/08/2025;PONKI30EQ;PONCHO KIDS;[PONKI30EQ] PONCHO KIDS (Gris Claro - 9734);Gris Claro;Kids;1,00;La Grieta;agosto-2025
05/08/2025;PONKI09EQ;PONCHO KIDS;[PONKI09EQ] PONCHO KIDS (Azul Cielo - 52013);Azul Cielo;Kids;1,00;La Grieta;agosto-2025
06/08/2025;PONKI35EQ;PONCHO KIDS;[PONKI35EQ] PONCHO KIDS (Magenta);Magenta;Kids;1,00;Sambil Chacao ;agosto-2025
06/08/2025;PONKI63EQ;PONCHO KIDS;[PONKI63EQ] PONCHO KIDS (Verde Agua);Verde Agua;Kids;1,00;Sambil Chacao ;agosto-2025
06/08/2025;PONKI35EQ;PONCHO KIDS;[PONKI35EQ] PONCHO KIDS (Magenta);Magenta;Kids;1,00;Sambil Chacao ;agosto-2025
06/08/2025;PONKI09EQ;PONCHO KIDS;[PONKI09EQ] PONCHO KIDS (Azul Cielo - 52013);Azul Cielo;Kids;1,00;La Grieta;agosto-2025
06/08/2025;PONKI35EQ;PONCHO KIDS;[PONKI35EQ] PONCHO KIDS (Magenta);Magenta;Kids;1,00;Pedidos;agosto-2025
06/08/2025;PONKI30EQ;PONCHO KIDS;[PONKI30EQ] PONCHO KIDS (Gris Claro - 9734);Gris Claro;Kids;1,00;Cerro Verde ;agosto-2025
06/08/2025;PONKI63EQ;PONCHO KIDS;[PONKI63EQ] PONCHO KIDS (Verde Agua);Verde Agua;Kids;1,00;Cerro Verde ;agosto-2025
06/08/2025;PONKI35EQ;PONCHO KIDS;[PONKI35EQ] PONCHO KIDS (Magenta);Magenta;Kids;1,00;La Grieta;agosto-2025
06/08/2025;PONKI09EQ;PONCHO KIDS;[PONKI09EQ] PONCHO KIDS (Azul Cielo - 52013);Azul Cielo;Kids;1,00;La Grieta;agosto-2025
06/08/2025;PONKI35EQ;PONCHO KIDS;[PONKI35EQ] PONCHO KIDS (Magenta);Magenta;Kids;1,00;Cerro Verde ;agosto-2025
06/08/2025;PONKI09EQ;PONCHO KIDS;[PONKI09EQ] PONCHO KIDS (Azul Cielo - 52013);Azul Cielo;Kids;1,00;Cerro Verde ;agosto-2025
06/08/2025;PONKI09EQ;PONCHO KIDS;[PONKI09EQ] PONCHO KIDS (Azul Cielo - 52013);Azul Cielo;Kids;1,00;Sambil Valencia;agosto-2025
06/08/2025;PONKI35EQ;PONCHO KIDS;[PONKI35EQ] PONCHO KIDS (Magenta);Magenta;Kids;1,00;Cerro Verde ;agosto-2025
06/08/2025;PONKI09EQ;PONCHO KIDS;[PONKI09EQ] PONCHO KIDS (Azul Cielo - 52013);Azul Cielo;Kids;1,00;Cerro Verde ;agosto-2025
06/08/2025;PONKI35EQ;PONCHO KIDS;[PONKI35EQ] PONCHO KIDS (Magenta);Magenta;Kids;1,00;Sambil Chacao ;agosto-2025
06/08/2025;PONKI09EQ;PONCHO KIDS;[PONKI09EQ] PONCHO KIDS (Azul Cielo - 52013);Azul Cielo;Kids;1,00;Sambil Chacao ;agosto-2025
07/08/2025;PONKI35EQ;PONCHO KIDS;[PONKI35EQ] PONCHO KIDS (Magenta);Magenta;Kids;1,00;La Grieta;agosto-2025
07/08/2025;PONKI09EQ;PONCHO KIDS;[PONKI09EQ] PONCHO KIDS (Azul Cielo - 52013);Azul Cielo;Kids;1,00;Sambil Valencia;agosto-2025
07/08/2025;PONKI09EQ;PONCHO KIDS;[PONKI09EQ] PONCHO KIDS (Azul Cielo - 52013);Azul Cielo;Kids;1,00;Sambil Valencia;agosto-2025
08/08/2025;PONKI35EQ;PONCHO KIDS;[PONKI35EQ] PONCHO KIDS (Magenta);Magenta;Kids;1,00;La Grieta;agosto-2025
08/08/2025;PONKI63EQ;PONCHO KIDS;[PONKI63EQ] PONCHO KIDS (Verde Agua);Verde Agua;Kids;1,00;La Grieta;agosto-2025
08/08/2025;PONKI09EQ;PONCHO KIDS;[PONKI09EQ] PONCHO KIDS (Azul Cielo - 52013);Azul Cielo;Kids;1,00;La Grieta;agosto-2025
08/08/2025;PONKI35EQ;PONCHO KIDS;[PONKI35EQ] PONCHO KIDS (Magenta);Magenta;Kids;1,00;Cerro Verde ;agosto-2025
08/08/2025;PONKI30EQ;PONCHO KIDS;[PONKI30EQ] PONCHO KIDS (Gris Claro - 9734);Gris Claro;Kids;1,00;Cerro Verde ;agosto-2025
09/08/2025;PONKI35EQ;PONCHO KIDS;[PONKI35EQ] PONCHO KIDS (Magenta);Magenta;Kids;1,00;La Grieta;agosto-2025
09/08/2025;PONKI09EQ;PONCHO KIDS;[PONKI09EQ] PONCHO KIDS (Azul Cielo - 52013);Azul Cielo;Kids;1,00;Sambil Chacao ;agosto-2025
09/08/2025;PONKI30EQ;PONCHO KIDS;[PONKI30EQ] PONCHO KIDS (Gris Claro - 9734);Gris Claro;Kids;1,00;Cerro Verde ;agosto-2025
09/08/2025;PONKI09EQ;PONCHO KIDS;[PONKI09EQ] PONCHO KIDS (Azul Cielo - 52013);Azul Cielo;Kids;1,00;Sambil Chacao ;agosto-2025
09/08/2025;PONKI35EQ;PONCHO KIDS;[PONKI35EQ] PONCHO KIDS (Magenta);Magenta;Kids;1,00;La Grieta;agosto-2025
09/08/2025;PONKI09EQ;PONCHO KIDS;[PONKI09EQ] PONCHO KIDS (Azul Cielo - 52013);Azul Cielo;Kids;1,00;Cerro Verde ;agosto-2025
09/08/2025;PONKI35EQ;PONCHO KIDS;[PONKI35EQ] PONCHO KIDS (Magenta);Magenta;Kids;1,00;Cerro Verde ;agosto-2025
09/08/2025;PONKI30EQ;PONCHO KIDS;[PONKI30EQ] PONCHO KIDS (Gris Claro - 9734);Gris Claro;Kids;1,00;La Grieta;agosto-2025
09/08/2025;PONKI30EQ;PONCHO KIDS;[PONKI30EQ] PONCHO KIDS (Gris Claro - 9734);Gris Claro;Kids;1,00;Sambil Chacao ;agosto-2025
09/08/2025;PONKI63EQ;PONCHO KIDS;[PONKI63EQ] PONCHO KIDS (Verde Agua);Verde Agua;Kids;1,00;Sambil Chacao ;agosto-2025
09/08/2025;PONKI30EQ;PONCHO KIDS;[PONKI30EQ] PONCHO KIDS (Gris Claro - 9734);Gris Claro;Kids;1,00;Sambil Valencia;agosto-2025
09/08/2025;PONKI35EQ;PONCHO KIDS;[PONKI35EQ] PONCHO KIDS (Magenta);Magenta;Kids;1,00;Sambil Valencia;agosto-2025
09/08/2025;PONKI35EQ;PONCHO KIDS;[PONKI35EQ] PONCHO KIDS (Magenta);Magenta;Kids;1,00;Sambil Valencia;agosto-2025
10/08/2025;PONKI35EQ;PONCHO KIDS;[PONKI35EQ] PONCHO KIDS (Magenta);Magenta;Kids;1,00;Cerro Verde ;agosto-2025
10/08/2025;PONKI63EQ;PONCHO KIDS;[PONKI63EQ] PONCHO KIDS (Verde Agua);Verde Agua;Kids;1,00;Grandplaz ;agosto-2025
10/08/2025;PONKI09EQ;PONCHO KIDS;[PONKI09EQ] PONCHO KIDS (Azul Cielo - 52013);Azul Cielo;Kids;1,00;Cerro Verde ;agosto-2025
11/08/2025;PONKI30EQ;PONCHO KIDS;[PONKI30EQ] PONCHO KIDS (Gris Claro - 9734);Gris Claro;Kids;2,00;La Grieta;agosto-2025
11/08/2025;PONKI30EQ;PONCHO KIDS;[PONKI30EQ] PONCHO KIDS (Gris Claro - 9734);Gris Claro;Kids;-2,00;La Grieta;agosto-2025
11/08/2025;PONKI30EQ;PONCHO KIDS;[PONKI30EQ] PONCHO KIDS (Gris Claro - 9734);Gris Claro;Kids;1,00;La Grieta;agosto-2025
12/08/2025;PONKI09EQ;PONCHO KIDS;[PONKI09EQ] PONCHO KIDS (Azul Cielo - 52013);Azul Cielo;Kids;1,00;Cerro Verde ;agosto-2025
12/08/2025;PONKI09EQ;PONCHO KIDS;[PONKI09EQ] PONCHO KIDS (Azul Cielo - 52013);Azul Cielo;Kids;1,00;La Grieta;agosto-2025
12/08/2025;PONKI09EQ;PONCHO KIDS;[PONKI09EQ] PONCHO KIDS (Azul Cielo - 52013);Azul Cielo;Kids;2,00;Cerro Verde ;agosto-2025
13/08/2025;PONKI09EQ;PONCHO KIDS;[PONKI09EQ] PONCHO KIDS (Azul Cielo - 52013);Azul Cielo;Kids;1,00;Cerro Verde ;agosto-2025
13/08/2025;PONKI35EQ;PONCHO KIDS;[PONKI35EQ] PONCHO KIDS (Magenta);Magenta;Kids;1,00;Sambil Chacao ;agosto-2025
14/08/2025;PONKI35EQ;PONCHO KIDS;[PONKI35EQ] PONCHO KIDS (Magenta);Magenta;Kids;1,00;Cerro Verde ;agosto-2025
14/08/2025;PONKI09EQ;PONCHO KIDS;[PONKI09EQ] PONCHO KIDS (Azul Cielo - 52013);Azul Cielo;Kids;1,00;Cerro Verde ;agosto-2025
14/08/2025;PONKI63EQ;PONCHO KIDS;[PONKI63EQ] PONCHO KIDS (Verde Agua);Verde Agua;Kids;1,00;Sambil Chacao ;agosto-2025
15/08/2025;PONKI35EQ;PONCHO KIDS;[PONKI35EQ] PONCHO KIDS (Magenta);Magenta;Kids;1,00;Sambil Valencia;agosto-2025
15/08/2025;PONKI35EQ;PONCHO KIDS;[PONKI35EQ] PONCHO KIDS (Magenta);Magenta;Kids;1,00;La Grieta;agosto-2025
15/08/2025;PONKI09EQ;PONCHO KIDS;[PONKI09EQ] PONCHO KIDS (Azul Cielo - 52013);Azul Cielo;Kids;1,00;Sambil Valencia;agosto-2025
16/08/2025;PONKI35EQ;PONCHO KIDS;[PONKI35EQ] PONCHO KIDS (Magenta);Magenta;Kids;1,00;Cerro Verde ;agosto-2025
17/08/2025;PONKI35EQ;PONCHO KIDS;[PONKI35EQ] PONCHO KIDS (Magenta);Magenta;Kids;1,00;Cerro Verde ;agosto-2025
19/08/2025;PONKI35EQ;PONCHO KIDS;[PONKI35EQ] PONCHO KIDS (Magenta);Magenta;Kids;1,00;Cerro Verde ;agosto-2025
19/08/2025;PONKI63EQ;PONCHO KIDS;[PONKI63EQ] PONCHO KIDS (Verde Agua);Verde Agua;Kids;1,00;Sambil Chacao ;agosto-2025
19/08/2025;PONKI35EQ;PONCHO KIDS;[PONKI35EQ] PONCHO KIDS (Magenta);Magenta;Kids;1,00;Cerro Verde ;agosto-2025
20/08/2025;PONKI35EQ;PONCHO KIDS;[PONKI35EQ] PONCHO KIDS (Magenta);Magenta;Kids;2,00;La Grieta;agosto-2025
20/08/2025;PONKI35EQ;PONCHO KIDS;[PONKI35EQ] PONCHO KIDS (Magenta);Magenta;Kids;-2,00;La Grieta;agosto-2025
20/08/2025;PONKI09EQ;PONCHO KIDS;[PONKI09EQ] PONCHO KIDS (Azul Cielo - 52013);Azul Cielo;Kids;2,00;La Grieta;agosto-2025
20/08/2025;PONKI35EQ;PONCHO KIDS;[PONKI35EQ] PONCHO KIDS (Magenta);Magenta;Kids;1,00;La Grieta;agosto-2025
20/08/2025;PONKI09EQ;PONCHO KIDS;[PONKI09EQ] PONCHO KIDS (Azul Cielo - 52013);Azul Cielo;Kids;1,00;La Grieta;agosto-2025
20/08/2025;PONKI35EQ;PONCHO KIDS;[PONKI35EQ] PONCHO KIDS (Magenta);Magenta;Kids;-1,00;La Grieta;agosto-2025
20/08/2025;PONKI63EQ;PONCHO KIDS;[PONKI63EQ] PONCHO KIDS (Verde Agua);Verde Agua;Kids;1,00;La Grieta;agosto-2025
20/08/2025;PONKI35EQ;PONCHO KIDS;[PONKI35EQ] PONCHO KIDS (Magenta);Magenta;Kids;1,00;La Grieta;agosto-2025
20/08/2025;PONKI09EQ;PONCHO KIDS;[PONKI09EQ] PONCHO KIDS (Azul Cielo - 52013);Azul Cielo;Kids;1,00;Cerro Verde ;agosto-2025
20/08/2025;PONKI30EQ;PONCHO KIDS;[PONKI30EQ] PONCHO KIDS (Gris Claro - 9734);Gris Claro;Kids;2,00;Cerro Verde ;agosto-2025
20/08/2025;PONKI09EQ;PONCHO KIDS;[PONKI09EQ] PONCHO KIDS (Azul Cielo - 52013);Azul Cielo;Kids;1,00;Sambil Valencia;agosto-2025
21/08/2025;PONKI09EQ;PONCHO KIDS;[PONKI09EQ] PONCHO KIDS (Azul Cielo - 52013);Azul Cielo;Kids;1,00;Cerro Verde ;agosto-2025
21/08/2025;PONKI63EQ;PONCHO KIDS;[PONKI63EQ] PONCHO KIDS (Verde Agua);Verde Agua;Kids;1,00;Cerro Verde ;agosto-2025
21/08/2025;PONKI09EQ;PONCHO KIDS;[PONKI09EQ] PONCHO KIDS (Azul Cielo - 52013);Azul Cielo;Kids;1,00;Sambil Chacao ;agosto-2025
21/08/2025;PONKI30EQ;PONCHO KIDS;[PONKI30EQ] PONCHO KIDS (Gris Claro - 9734);Gris Claro;Kids;1,00;Sambil Chacao ;agosto-2025
22/08/2025;PONKI63EQ;PONCHO KIDS;[PONKI63EQ] PONCHO KIDS (Verde Agua);Verde Agua;Kids;1,00;La Grieta;agosto-2025
22/08/2025;PONKI63EQ;PONCHO KIDS;[PONKI63EQ] PONCHO KIDS (Verde Agua);Verde Agua;Kids;1,00;Sambil Valencia;agosto-2025
24/08/2025;PONKI63EQ;PONCHO KIDS;[PONKI63EQ] PONCHO KIDS (Verde Agua);Verde Agua;Kids;1,00;Sambil Valencia;agosto-2025
24/08/2025;PONKI09EQ;PONCHO KIDS;[PONKI09EQ] PONCHO KIDS (Azul Cielo - 52013);Azul Cielo;Kids;1,00;Grandplaz ;agosto-2025
24/08/2025;PONKI35EQ;PONCHO KIDS;[PONKI35EQ] PONCHO KIDS (Magenta);Magenta;Kids;1,00;Grandplaz ;agosto-2025
25/08/2025;PONKI09EQ;PONCHO KIDS;[PONKI09EQ] PONCHO KIDS (Azul Cielo - 52013);Azul Cielo;Kids;1,00;Sambil Valencia;agosto-2025
25/08/2025;PONKI09EQ;PONCHO KIDS;[PONKI09EQ] PONCHO KIDS (Azul Cielo - 52013);Azul Cielo;Kids;1,00;Sambil Chacao ;agosto-2025
25/08/2025;PONKI09EQ;PONCHO KIDS;[PONKI09EQ] PONCHO KIDS (Azul Cielo - 52013);Azul Cielo;Kids;1,00;Sambil Chacao ;agosto-2025
27/08/2025;PONKI30EQ;PONCHO KIDS;[PONKI30EQ] PONCHO KIDS (Gris Claro - 9734);Gris Claro;Kids;1,00;Sambil Valencia;agosto-2025
27/08/2025;PONKI63EQ;PONCHO KIDS;[PONKI63EQ] PONCHO KIDS (Verde Agua);Verde Agua;Kids;1,00;Sambil Valencia;agosto-2025
27/08/2025;PONKI30EQ;PONCHO KIDS;[PONKI30EQ] PONCHO KIDS (Gris Claro - 9734);Gris Claro;Kids;1,00;Sambil Chacao ;agosto-2025
27/08/2025;PONKI09EQ;PONCHO KIDS;[PONKI09EQ] PONCHO KIDS (Azul Cielo - 52013);Azul Cielo;Kids;1,00;Sambil Chacao ;agosto-2025
27/08/2025;PONKI35EQ;PONCHO KIDS;[PONKI35EQ] PONCHO KIDS (Magenta);Magenta;Kids;1,00;Cerro Verde ;agosto-2025
27/08/2025;PONKI30EQ;PONCHO KIDS;[PONKI30EQ] PONCHO KIDS (Gris Claro - 9734);Gris Claro;Kids;1,00;Cerro Verde ;agosto-2025
27/08/2025;PONKI30EQ;PONCHO KIDS;[PONKI30EQ] PONCHO KIDS (Gris Claro - 9734);Gris Claro;Kids;1,00;La Grieta;agosto-2025
27/08/2025;PONKI35EQ;PONCHO KIDS;[PONKI35EQ] PONCHO KIDS (Magenta);Magenta;Kids;1,00;Sambil Chacao ;agosto-2025
28/08/2025;PONKI35EQ;PONCHO KIDS;[PONKI35EQ] PONCHO KIDS (Magenta);Magenta;Kids;1,00;La Grieta;agosto-2025
28/08/2025;PONKI09EQ;PONCHO KIDS;[PONKI09EQ] PONCHO KIDS (Azul Cielo - 52013);Azul Cielo;Kids;1,00;La Grieta;agosto-2025
29/08/2025;PONKI09EQ;PONCHO KIDS;[PONKI09EQ] PONCHO KIDS (Azul Cielo - 52013);Azul Cielo;Kids;1,00;Cerro Verde ;agosto-2025
29/08/2025;PONKI35EQ;PONCHO KIDS;[PONKI35EQ] PONCHO KIDS (Magenta);Magenta;Kids;1,00;Cerro Verde ;agosto-2025
29/08/2025;PONKI30EQ;PONCHO KIDS;[PONKI30EQ] PONCHO KIDS (Gris Claro - 9734);Gris Claro;Kids;1,00;Sambil Valencia;agosto-2025
29/08/2025;PONKI63EQ;PONCHO KIDS;[PONKI63EQ] PONCHO KIDS (Verde Agua);Verde Agua;Kids;1,00;Sambil Valencia;agosto-2025
29/08/2025;PONKI09EQ;PONCHO KIDS;[PONKI09EQ] PONCHO KIDS (Azul Cielo - 52013);Azul Cielo;Kids;1,00;Sambil Valencia;agosto-2025
30/08/2025;PONKI35EQ;PONCHO KIDS;[PONKI35EQ] PONCHO KIDS (Magenta);Magenta;Kids;1,00;La Grieta;agosto-2025
30/08/2025;PONKI30EQ;PONCHO KIDS;[PONKI30EQ] PONCHO KIDS (Gris Claro - 9734);Gris Claro;Kids;1,00;Sambil Valencia;agosto-2025
30/08/2025;PONKI35EQ;PONCHO KIDS;[PONKI35EQ] PONCHO KIDS (Magenta);Magenta;Kids;1,00;La Grieta;agosto-2025
31/08/2025;PONKI09EQ;PONCHO KIDS;[PONKI09EQ] PONCHO KIDS (Azul Cielo - 52013);Azul Cielo;Kids;1,00;Sambil Valencia;agosto-2025
31/08/2025;PONKI30EQ;PONCHO KIDS;[PONKI30EQ] PONCHO KIDS (Gris Claro - 9734);Gris Claro;Kids;1,00;Cerro Verde ;agosto-2025
01/09/2025;PONKI09EQ;PONCHO KIDS;[PONKI09EQ] PONCHO KIDS (Azul Cielo - 52013);Azul Cielo;Kids;1,00;Cerro Verde ;septiembre-2025
01/09/2025;PONKI35EQ;PONCHO KIDS;[PONKI35EQ] PONCHO KIDS (Magenta);Magenta;Kids;2,00;Cerro Verde ;septiembre-2025
01/09/2025;PONKI63EQ;PONCHO KIDS;[PONKI63EQ] PONCHO KIDS (Verde Agua);Verde Agua;Kids;1,00;Sambil Valencia;septiembre-2025
01/09/2025;PONKI35EQ;PONCHO KIDS;[PONKI35EQ] PONCHO KIDS (Magenta);Magenta;Kids;1,00;Cerro Verde ;septiembre-2025
01/09/2025;PONKI09EQ;PONCHO KIDS;[PONKI09EQ] PONCHO KIDS (Azul Cielo - 52013);Azul Cielo;Kids;1,00;Cerro Verde ;septiembre-2025
01/09/2025;PONKI35EQ;PONCHO KIDS;[PONKI35EQ] PONCHO KIDS (Magenta);Magenta;Kids;1,00;La Grieta;septiembre-2025
02/09/2025;PONKI35EQ;PONCHO KIDS;[PONKI35EQ] PONCHO KIDS (Magenta);Magenta;Kids;1,00;Sambil Valencia;septiembre-2025
02/09/2025;PONKI09EQ;PONCHO KIDS;[PONKI09EQ] PONCHO KIDS (Azul Cielo - 52013);Azul Cielo;Kids;1,00;La Grieta;septiembre-2025
02/09/2025;PONKI09EQ;PONCHO KIDS;[PONKI09EQ] PONCHO KIDS (Azul Cielo - 52013);Azul Cielo;Kids;1,00;Sambil Valencia;septiembre-2025
03/09/2025;PONKI09EQ;PONCHO KIDS;[PONKI09EQ] PONCHO KIDS (Azul Cielo - 52013);Azul Cielo;Kids;-1,00;La Grieta;septiembre-2025
03/09/2025;PONKI30EQ;PONCHO KIDS;[PONKI30EQ] PONCHO KIDS (Gris Claro - 9734);Gris Claro;Kids;1,00;La Grieta;septiembre-2025
04/09/2025;PONKI09EQ;PONCHO KIDS;[PONKI09EQ] PONCHO KIDS (Azul Cielo - 52013);Azul Cielo;Kids;1,00;La Grieta;septiembre-2025
04/09/2025;PONKI09EQ;PONCHO KIDS;[PONKI09EQ] PONCHO KIDS (Azul Cielo - 52013);Azul Cielo;Kids;1,00;La Grieta;septiembre-2025
04/09/2025;PONKI35EQ;PONCHO KIDS;[PONKI35EQ] PONCHO KIDS (Magenta);Magenta;Kids;1,00;La Grieta;septiembre-2025
04/09/2025;PONKI09EQ;PONCHO KIDS;[PONKI09EQ] PONCHO KIDS (Azul Cielo - 52013);Azul Cielo;Kids;1,00;La Grieta;septiembre-2025
04/09/2025;PONKI35EQ;PONCHO KIDS;[PONKI35EQ] PONCHO KIDS (Magenta);Magenta;Kids;1,00;La Grieta;septiembre-2025
04/09/2025;PONKI63EQ;PONCHO KIDS;[PONKI63EQ] PONCHO KIDS (Verde Agua);Verde Agua;Kids;1,00;La Grieta;septiembre-2025
04/09/2025;PONKI09EQ;PONCHO KIDS;[PONKI09EQ] PONCHO KIDS (Azul Cielo - 52013);Azul Cielo;Kids;1,00;La Grieta;septiembre-2025
04/09/2025;PONKI30EQ;PONCHO KIDS;[PONKI30EQ] PONCHO KIDS (Gris Claro - 9734);Gris Claro;Kids;1,00;WEB;septiembre-2025
04/09/2025;PONKI30EQ;PONCHO KIDS;[PONKI30EQ] PONCHO KIDS (Gris Claro - 9734);Gris Claro;Kids;1,00;Sambil Chacao ;septiembre-2025
04/09/2025;PONKI30EQ;PONCHO KIDS;[PONKI30EQ] PONCHO KIDS (Gris Claro - 9734);Gris Claro;Kids;1,00;Sambil Chacao ;septiembre-2025
04/09/2025;PONKI35EQ;PONCHO KIDS;[PONKI35EQ] PONCHO KIDS (Magenta);Magenta;Kids;1,00;Sambil Chacao ;septiembre-2025
05/09/2025;PONKI09EQ;PONCHO KIDS;[PONKI09EQ] PONCHO KIDS (Azul Cielo - 52013);Azul Cielo;Kids;1,00;La Grieta;septiembre-2025
05/09/2025;PONKI35EQ;PONCHO KIDS;[PONKI35EQ] PONCHO KIDS (Magenta);Magenta;Kids;1,00;Sambil Chacao ;septiembre-2025
06/09/2025;PONKI35EQ;PONCHO KIDS;[PONKI35EQ] PONCHO KIDS (Magenta);Magenta;Kids;1,00;Sambil Valencia;septiembre-2025
07/09/2025;PONKI09EQ;PONCHO KIDS;[PONKI09EQ] PONCHO KIDS (Azul Cielo - 52013);Azul Cielo;Kids;1,00;Sambil Chacao ;septiembre-2025
07/09/2025;PONKI63EQ;PONCHO KIDS;[PONKI63EQ] PONCHO KIDS (Verde Agua);Verde Agua;Kids;1,00;Sambil Valencia;septiembre-2025
07/09/2025;PONKI30EQ;PONCHO KIDS;[PONKI30EQ] PONCHO KIDS (Gris Claro - 9734);Gris Claro;Kids;1,00;Sambil Valencia;septiembre-2025
07/09/2025;PONKI63EQ;PONCHO KIDS;[PONKI63EQ] PONCHO KIDS (Verde Agua);Verde Agua;Kids;1,00;Sambil Valencia;septiembre-2025
07/09/2025;PONKI35EQ;PONCHO KIDS;[PONKI35EQ] PONCHO KIDS (Magenta);Magenta;Kids;1,00;Sambil Valencia;septiembre-2025
08/09/2025;PONKI09EQ;PONCHO KIDS;[PONKI09EQ] PONCHO KIDS (Azul Cielo - 52013);Azul Cielo;Kids;1,00;Sambil Chacao ;septiembre-2025
08/09/2025;PONKI35EQ;PONCHO KIDS;[PONKI35EQ] PONCHO KIDS (Magenta);Magenta;Kids;2,00;Grandplaz ;septiembre-2025
09/09/2025;PONKI30EQ;PONCHO KIDS;[PONKI30EQ] PONCHO KIDS (Gris Claro - 9734);Gris Claro;Kids;1,00;Sambil Chacao ;septiembre-2025
09/09/2025;PONKI09EQ;PONCHO KIDS;[PONKI09EQ] PONCHO KIDS (Azul Cielo - 52013);Azul Cielo;Kids;1,00;Sambil Chacao ;septiembre-2025
10/09/2025;PONKI35EQ;PONCHO KIDS;[PONKI35EQ] PONCHO KIDS (Magenta);Magenta;Kids;1,00;La Grieta;septiembre-2025
10/09/2025;PONKI35EQ;PONCHO KIDS;[PONKI35EQ] PONCHO KIDS (Magenta);Magenta;Kids;1,00;WEB;septiembre-2025
10/09/2025;PONKI30EQ;PONCHO KIDS;[PONKI30EQ] PONCHO KIDS (Gris Claro - 9734);Gris Claro;Kids;68,00;La Grieta;septiembre-2025
10/09/2025;PONKI09EQ;PONCHO KIDS;[PONKI09EQ] PONCHO KIDS (Azul Cielo - 52013);Azul Cielo;Kids;32,00;La Grieta;septiembre-2025
11/09/2025;PONKI09EQ;PONCHO KIDS;[PONKI09EQ] PONCHO KIDS (Azul Cielo - 52013);Azul Cielo;Kids;1,00;Sambil Valencia;septiembre-2025
11/09/2025;PONKI09EQ;PONCHO KIDS;[PONKI09EQ] PONCHO KIDS (Azul Cielo - 52013);Azul Cielo;Kids;1,00;Sambil Chacao ;septiembre-2025
11/09/2025;PONKI35EQ;PONCHO KIDS;[PONKI35EQ] PONCHO KIDS (Magenta);Magenta;Kids;1,00;Sambil Chacao ;septiembre-2025
11/09/2025;PONKI09EQ;PONCHO KIDS;[PONKI09EQ] PONCHO KIDS (Azul Cielo - 52013);Azul Cielo;Kids;1,00;Sambil Chacao ;septiembre-2025
11/09/2025;PONKI35EQ;PONCHO KIDS;[PONKI35EQ] PONCHO KIDS (Magenta);Magenta;Kids;1,00;Sambil Chacao ;septiembre-2025
12/09/2025;PONKI09EQ;PONCHO KIDS;[PONKI09EQ] PONCHO KIDS (Azul Cielo - 52013);Azul Cielo;Kids;1,00;La Grieta;septiembre-2025
13/09/2025;PONKI30EQ;PONCHO KIDS;[PONKI30EQ] PONCHO KIDS (Gris Claro - 9734);Gris Claro;Kids;1,00;Sambil Chacao ;septiembre-2025
13/09/2025;PONKI35EQ;PONCHO KIDS;[PONKI35EQ] PONCHO KIDS (Magenta);Magenta;Kids;1,00;Sambil Valencia;septiembre-2025
14/09/2025;PONKI35EQ;PONCHO KIDS;[PONKI35EQ] PONCHO KIDS (Magenta);Magenta;Kids;2,00;Sambil Chacao ;septiembre-2025
16/09/2025;PONKI35EQ;PONCHO KIDS;[PONKI35EQ] PONCHO KIDS (Magenta);Magenta;Kids;1,00;La Grieta;septiembre-2025
16/09/2025;PONKI35EQ;PONCHO KIDS;[PONKI35EQ] PONCHO KIDS (Magenta);Magenta;Kids;1,00;Cerro Verde ;septiembre-2025
17/09/2025;PONKI09EQ;PONCHO KIDS;[PONKI09EQ] PONCHO KIDS (Azul Cielo - 52013);Azul Cielo;Kids;1,00;Cerro Verde ;septiembre-2025
17/09/2025;PONKI35EQ;PONCHO KIDS;[PONKI35EQ] PONCHO KIDS (Magenta);Magenta;Kids;1,00;Sambil Valencia;septiembre-2025
17/09/2025;PONKI09EQ;PONCHO KIDS;[PONKI09EQ] PONCHO KIDS (Azul Cielo - 52013);Azul Cielo;Kids;1,00;La Grieta;septiembre-2025
19/09/2025;PONKI35EQ;PONCHO KIDS;[PONKI35EQ] PONCHO KIDS (Magenta);Magenta;Kids;2,00;Sambil Valencia;septiembre-2025
19/09/2025;PONKI09EQ;PONCHO KIDS;[PONKI09EQ] PONCHO KIDS (Azul Cielo - 52013);Azul Cielo;Kids;1,00;Sambil Valencia;septiembre-2025
19/09/2025;PONKI09EQ;PONCHO KIDS;[PONKI09EQ] PONCHO KIDS (Azul Cielo - 52013);Azul Cielo;Kids;1,00;Sambil Chacao ;septiembre-2025
20/09/2025;PONKI30EQ;PONCHO KIDS;[PONKI30EQ] PONCHO KIDS (Gris Claro - 9734);Gris Claro;Kids;1,00;La Grieta;septiembre-2025
20/09/2025;PONKI63EQ;PONCHO KIDS;[PONKI63EQ] PONCHO KIDS (Verde Agua);Verde Agua;Kids;1,00;Grandplaz ;septiembre-2025
20/09/2025;PONKI35EQ;PONCHO KIDS;[PONKI35EQ] PONCHO KIDS (Magenta);Magenta;Kids;1,00;La Grieta;septiembre-2025
20/09/2025;PONKI35EQ;PONCHO KIDS;[PONKI35EQ] PONCHO KIDS (Magenta);Magenta;Kids;1,00;Cerro Verde ;septiembre-2025
22/09/2025;PONKI35EQ;PONCHO KIDS;[PONKI35EQ] PONCHO KIDS (Magenta);Magenta;Kids;1,00;Sambil Valencia;septiembre-2025
23/09/2025;PONKI35EQ;PONCHO KIDS;[PONKI35EQ] PONCHO KIDS (Magenta);Magenta;Kids;1,00;Sambil Chacao ;septiembre-2025
24/09/2025;PONKI35EQ;PONCHO KIDS;[PONKI35EQ] PONCHO KIDS (Magenta);Magenta;Kids;1,00;Sambil Valencia;septiembre-2025
25/09/2025;PONKI09EQ;PONCHO KIDS;[PONKI09EQ] PONCHO KIDS (Azul Cielo - 52013);Azul Cielo;Kids;1,00;Cerro Verde ;septiembre-2025
26/09/2025;PONKI09EQ;PONCHO KIDS;[PONKI09EQ] PONCHO KIDS (Azul Cielo - 52013);Azul Cielo;Kids;1,00;La Grieta;septiembre-2025
26/09/2025;PONKI63EQ;PONCHO KIDS;[PONKI63EQ] PONCHO KIDS (Verde Agua);Verde Agua;Kids;1,00;Sambil Chacao ;septiembre-2025
26/09/2025;PONKI30EQ;PONCHO KIDS;[PONKI30EQ] PONCHO KIDS (Gris Claro - 9734);Gris Claro;Kids;1,00;Sambil Chacao ;septiembre-2025
26/09/2025;PONKI09EQ;PONCHO KIDS;[PONKI09EQ] PONCHO KIDS (Azul Cielo - 52013);Azul Cielo;Kids;3,00;La Grieta;septiembre-2025
26/09/2025;PONKI35EQ;PONCHO KIDS;[PONKI35EQ] PONCHO KIDS (Magenta);Magenta;Kids;1,00;Sambil Valencia;septiembre-2025
26/09/2025;PONKI35EQ;PONCHO KIDS;[PONKI35EQ] PONCHO KIDS (Magenta);Magenta;Kids;1,00;Sambil Valencia;septiembre-2025
26/09/2025;PONKI35EQ;PONCHO KIDS;[PONKI35EQ] PONCHO KIDS (Magenta);Magenta;Kids;1,00;Sambil Valencia;septiembre-2025
28/09/2025;PONKI35EQ;PONCHO KIDS;[PONKI35EQ] PONCHO KIDS (Magenta);Magenta;Kids;1,00;Sambil Valencia;septiembre-2025
29/09/2025;PONKI09EQ;PONCHO KIDS;[PONKI09EQ] PONCHO KIDS (Azul Cielo - 52013);Azul Cielo;Kids;1,00;Cerro Verde ;septiembre-2025
30/09/2025;PONKI30EQ;PONCHO KIDS;[PONKI30EQ] PONCHO KIDS (Gris Claro - 9734);Gris Claro;Kids;1,00;Grandplaz ;septiembre-2025
30/09/2025;PONKI35EQ;PONCHO KIDS;[PONKI35EQ] PONCHO KIDS (Magenta);Magenta;Kids;1,00;Sambil Valencia;septiembre-2025
30/09/2025;PONKI63EQ;PONCHO KIDS;[PONKI63EQ] PONCHO KIDS (Verde Agua);Verde Agua;Kids;1,00;Sambil Chacao ;septiembre-2025
01/10/2025;PONKI63EQ;PONCHO KIDS;[PONKI63EQ] PONCHO KIDS (Verde Agua);Verde Agua;Kids;1,00;La Grieta;octubre-2025
01/10/2025;PONKI30EQ;PONCHO KIDS;[PONKI30EQ] PONCHO KIDS (Gris Claro - 9734);Gris Claro;Kids;1,00;Cerro Verde ;octubre-2025
01/10/2025;PONKI09EQ;PONCHO KIDS;[PONKI09EQ] PONCHO KIDS (Azul Cielo - 52013);Azul Cielo;Kids;1,00;Sambil Valencia;octubre-2025
01/10/2025;PONKI35EQ;PONCHO KIDS;[PONKI35EQ] PONCHO KIDS (Magenta);Magenta;Kids;1,00;Sambil Valencia;octubre-2025
01/10/2025;PONKI09EQ;PONCHO KIDS;[PONKI09EQ] PONCHO KIDS (Azul Cielo - 52013);Azul Cielo;Kids;1,00;Cerro Verde ;octubre-2025
01/10/2025;PONKI35EQ;PONCHO KIDS;[PONKI35EQ] PONCHO KIDS (Magenta);Magenta;Kids;1,00;Cerro Verde ;octubre-2025
01/10/2025;PONKI35EQ;PONCHO KIDS;[PONKI35EQ] PONCHO KIDS (Magenta);Magenta;Kids;1,00;Sambil Valencia;octubre-2025
01/10/2025;PONKI30EQ;PONCHO KIDS;[PONKI30EQ] PONCHO KIDS (Gris Claro - 9734);Gris Claro;Kids;1,00;Sambil Valencia;octubre-2025
02/10/2025;PONKI63EQ;PONCHO KIDS;[PONKI63EQ] PONCHO KIDS (Verde Agua);Verde Agua;Kids;1,00;Grandplaz ;octubre-2025
03/10/2025;PONKI30EQ;PONCHO KIDS;[PONKI30EQ] PONCHO KIDS (Gris Claro - 9734);Gris Claro;Kids;1,00;La Grieta;octubre-2025
04/10/2025;PONKI09EQ;PONCHO KIDS;[PONKI09EQ] PONCHO KIDS (Azul Cielo - 52013);Azul Cielo;Kids;1,00;Sambil Valencia;octubre-2025
04/10/2025;PONKI09EQ;PONCHO KIDS;[PONKI09EQ] PONCHO KIDS (Azul Cielo - 52013);Azul Cielo;Kids;1,00;Sambil Chacao ;octubre-2025
04/10/2025;PONKI35EQ;PONCHO KIDS;[PONKI35EQ] PONCHO KIDS (Magenta);Magenta;Kids;1,00;Cerro Verde ;octubre-2025
04/10/2025;PONKI35EQ;PONCHO KIDS;[PONKI35EQ] PONCHO KIDS (Magenta);Magenta;Kids;1,00;Sambil Chacao ;octubre-2025
06/10/2025;PONKI09EQ;PONCHO KIDS;[PONKI09EQ] PONCHO KIDS (Azul Cielo - 52013);Azul Cielo;Kids;1,00;Sambil Chacao ;octubre-2025
07/10/2025;PONKI35EQ;PONCHO KIDS;[PONKI35EQ] PONCHO KIDS (Magenta);Magenta;Kids;1,00;Cerro Verde ;octubre-2025
08/10/2025;PONKI30EQ;PONCHO KIDS;[PONKI30EQ] PONCHO KIDS (Gris Claro - 9734);Gris Claro;Kids;1,00;La Grieta;octubre-2025
08/10/2025;PONKI63EQ;PONCHO KIDS;[PONKI63EQ] PONCHO KIDS (Verde Agua);Verde Agua;Kids;1,00;La Grieta;octubre-2025
09/10/2025;PONKI30EQ;PONCHO KIDS;[PONKI30EQ] PONCHO KIDS (Gris Claro - 9734);Gris Claro;Kids;1,00;Sambil Valencia;octubre-2025
09/10/2025;PONKI63EQ;PONCHO KIDS;[PONKI63EQ] PONCHO KIDS (Verde Agua);Verde Agua;Kids;1,00;Sambil Valencia;octubre-2025
10/10/2025;PONKI09EQ;PONCHO KIDS;[PONKI09EQ] PONCHO KIDS (Azul Cielo - 52013);Azul Cielo;Kids;1,00;Cerro Verde ;octubre-2025
11/10/2025;PONKI09EQ;PONCHO KIDS;[PONKI09EQ] PONCHO KIDS (Azul Cielo - 52013);Azul Cielo;Kids;1,00;Sambil Chacao ;octubre-2025
11/10/2025;PONKI63EQ;PONCHO KIDS;[PONKI63EQ] PONCHO KIDS (Verde Agua);Verde Agua;Kids;1,00;La Grieta;octubre-2025
12/10/2025;PONKI63EQ;PONCHO KIDS;[PONKI63EQ] PONCHO KIDS (Verde Agua);Verde Agua;Kids;1,00;Sambil Chacao ;octubre-2025
14/10/2025;PONKI35EQ;PONCHO KIDS;[PONKI35EQ] PONCHO KIDS (Magenta);Magenta;Kids;1,00;Cerro Verde ;octubre-2025
14/10/2025;PONKI35EQ;PONCHO KIDS;[PONKI35EQ] PONCHO KIDS (Magenta);Magenta;Kids;2,00;WEB;octubre-2025
15/10/2025;PONKI35EQ;PONCHO KIDS;[PONKI35EQ] PONCHO KIDS (Magenta);Magenta;Kids;1,00;Sambil Chacao ;octubre-2025
15/10/2025;PONKI09EQ;PONCHO KIDS;[PONKI09EQ] PONCHO KIDS (Azul Cielo - 52013);Azul Cielo;Kids;1,00;Sambil Chacao ;octubre-2025
15/10/2025;PONKI09EQ;PONCHO KIDS;[PONKI09EQ] PONCHO KIDS (Azul Cielo - 52013);Azul Cielo;Kids;1,00;Sambil Valencia;octubre-2025
15/10/2025;PONKI63EQ;PONCHO KIDS;[PONKI63EQ] PONCHO KIDS (Verde Agua);Verde Agua;Kids;1,00;Sambil Valencia;octubre-2025
15/10/2025;PONKI09EQ;PONCHO KIDS;[PONKI09EQ] PONCHO KIDS (Azul Cielo - 52013);Azul Cielo;Kids;1,00;Sambil Valencia;octubre-2025
16/10/2025;PONKI35EQ;PONCHO KIDS;[PONKI35EQ] PONCHO KIDS (Magenta);Magenta;Kids;1,00;Sambil Valencia;octubre-2025
17/10/2025;PONKI30EQ;PONCHO KIDS;[PONKI30EQ] PONCHO KIDS (Gris Claro - 9734);Gris Claro;Kids;1,00;La Grieta;octubre-2025
17/10/2025;PONKI63EQ;PONCHO KIDS;[PONKI63EQ] PONCHO KIDS (Verde Agua);Verde Agua;Kids;1,00;La Grieta;octubre-2025
17/10/2025;PONKI30EQ;PONCHO KIDS;[PONKI30EQ] PONCHO KIDS (Gris Claro - 9734);Gris Claro;Kids;9,00;Cerro Verde ;octubre-2025
17/10/2025;PONKI35EQ;PONCHO KIDS;[PONKI35EQ] PONCHO KIDS (Magenta);Magenta;Kids;3,00;Cerro Verde ;octubre-2025
17/10/2025;PONKI63EQ;PONCHO KIDS;[PONKI63EQ] PONCHO KIDS (Verde Agua);Verde Agua;Kids;9,00;Cerro Verde ;octubre-2025
17/10/2025;PONKI09EQ;PONCHO KIDS;[PONKI09EQ] PONCHO KIDS (Azul Cielo - 52013);Azul Cielo;Kids;9,00;Cerro Verde ;octubre-2025
18/10/2025;PONKI35EQ;PONCHO KIDS;[PONKI35EQ] PONCHO KIDS (Magenta);Magenta;Kids;1,00;Cerro Verde ;octubre-2025
18/10/2025;PONKI30EQ;PONCHO KIDS;[PONKI30EQ] PONCHO KIDS (Gris Claro - 9734);Gris Claro;Kids;1,00;Cerro Verde ;octubre-2025
18/10/2025;PONKI63EQ;PONCHO KIDS;[PONKI63EQ] PONCHO KIDS (Verde Agua);Verde Agua;Kids;1,00;Cerro Verde ;octubre-2025
18/10/2025;PONKI09EQ;PONCHO KIDS;[PONKI09EQ] PONCHO KIDS (Azul Cielo - 52013);Azul Cielo;Kids;1,00;Grandplaz ;octubre-2025
18/10/2025;PONKI09EQ;PONCHO KIDS;[PONKI09EQ] PONCHO KIDS (Azul Cielo - 52013);Azul Cielo;Kids;1,00;Sambil Chacao ;octubre-2025
19/10/2025;PONKI63EQ;PONCHO KIDS;[PONKI63EQ] PONCHO KIDS (Verde Agua);Verde Agua;Kids;1,00;Grandplaz ;octubre-2025
19/10/2025;PONKI09EQ;PONCHO KIDS;[PONKI09EQ] PONCHO KIDS (Azul Cielo - 52013);Azul Cielo;Kids;1,00;Grandplaz ;octubre-2025
19/10/2025;PONKI30EQ;PONCHO KIDS;[PONKI30EQ] PONCHO KIDS (Gris Claro - 9734);Gris Claro;Kids;2,00;Sambil Valencia;octubre-2025
19/10/2025;PONKI35EQ;PONCHO KIDS;[PONKI35EQ] PONCHO KIDS (Magenta);Magenta;Kids;1,00;La Grieta;octubre-2025
20/10/2025;PONKI09EQ;PONCHO KIDS;[PONKI09EQ] PONCHO KIDS (Azul Cielo - 52013);Azul Cielo;Kids;1,00;La Grieta;octubre-2025
21/10/2025;PONKI35EQ;PONCHO KIDS;[PONKI35EQ] PONCHO KIDS (Magenta);Magenta;Kids;1,00;Cerro Verde ;octubre-2025
21/10/2025;PONKI63EQ;PONCHO KIDS;[PONKI63EQ] PONCHO KIDS (Verde Agua);Verde Agua;Kids;1,00;Cerro Verde ;octubre-2025
22/10/2025;PONKI63EQ;PONCHO KIDS;[PONKI63EQ] PONCHO KIDS (Verde Agua);Verde Agua;Kids;1,00;Sambil Chacao ;octubre-2025
23/10/2025;PONKI30EQ;PONCHO KIDS;[PONKI30EQ] PONCHO KIDS (Gris Claro - 9734);Gris Claro;Kids;1,00;La Grieta;octubre-2025
23/10/2025;PONKI35EQ;PONCHO KIDS;[PONKI35EQ] PONCHO KIDS (Magenta);Magenta;Kids;1,00;Sambil Valencia;octubre-2025
24/10/2025;PONKI63EQ;PONCHO KIDS;[PONKI63EQ] PONCHO KIDS (Verde Agua);Verde Agua;Kids;1,00;La Grieta;octubre-2025
24/10/2025;PONKI09EQ;PONCHO KIDS;[PONKI09EQ] PONCHO KIDS (Azul Cielo - 52013);Azul Cielo;Kids;1,00;Cerro Verde ;octubre-2025
24/10/2025;PONKI09EQ;PONCHO KIDS;[PONKI09EQ] PONCHO KIDS (Azul Cielo - 52013);Azul Cielo;Kids;-1,00;Cerro Verde ;octubre-2025
24/10/2025;PONKI30EQ;PONCHO KIDS;[PONKI30EQ] PONCHO KIDS (Gris Claro - 9734);Gris Claro;Kids;1,00;Cerro Verde ;octubre-2025
24/10/2025;PONKI63EQ;PONCHO KIDS;[PONKI63EQ] PONCHO KIDS (Verde Agua);Verde Agua;Kids;1,00;Cerro Verde ;octubre-2025
25/10/2025;PONKI09EQ;PONCHO KIDS;[PONKI09EQ] PONCHO KIDS (Azul Cielo - 52013);Azul Cielo;Kids;1,00;Cerro Verde ;octubre-2025
27/10/2025;PONKI30EQ;PONCHO KIDS;[PONKI30EQ] PONCHO KIDS (Gris Claro - 9734);Gris Claro;Kids;1,00;Grandplaz ;octubre-2025
27/10/2025;PONKI09EQ;PONCHO KIDS;[PONKI09EQ] PONCHO KIDS (Azul Cielo - 52013);Azul Cielo;Kids;2,00;Grandplaz ;octubre-2025
27/10/2025;PONKI09EQ;PONCHO KIDS;[PONKI09EQ] PONCHO KIDS (Azul Cielo - 52013);Azul Cielo;Kids;3,00;Cerro Verde ;octubre-2025
27/10/2025;PONKI35EQ;PONCHO KIDS;[PONKI35EQ] PONCHO KIDS (Magenta);Magenta;Kids;1,00;Cerro Verde ;octubre-2025
28/10/2025;PONKI35EQ;PONCHO KIDS;[PONKI35EQ] PONCHO KIDS (Magenta);Magenta;Kids;1,00;La Grieta;octubre-2025
28/10/2025;PONKI63EQ;PONCHO KIDS;[PONKI63EQ] PONCHO KIDS (Verde Agua);Verde Agua;Kids;-1,00;Sambil Chacao ;octubre-2025
29/10/2025;PONKI30EQ;PONCHO KIDS;[PONKI30EQ] PONCHO KIDS (Gris Claro - 9734);Gris Claro;Kids;1,00;Grandplaz ;octubre-2025
29/10/2025;PONKI63EQ;PONCHO KIDS;[PONKI63EQ] PONCHO KIDS (Verde Agua);Verde Agua;Kids;1,00;Grandplaz ;octubre-2025
29/10/2025;PONKI63EQ;PONCHO KIDS;[PONKI63EQ] PONCHO KIDS (Verde Agua);Verde Agua;Kids;1,00;Sambil Chacao ;octubre-2025
31/10/2025;PONKI09EQ;PONCHO KIDS;[PONKI09EQ] PONCHO KIDS (Azul Cielo - 52013);Azul Cielo;Kids;1,00;Sambil Valencia;octubre-2025
31/10/2025;PONKI30EQ;PONCHO KIDS;[PONKI30EQ] PONCHO KIDS (Gris Claro - 9734);Gris Claro;Kids;1,00;Cerro Verde ;octubre-2025
31/10/2025;PONKI35EQ;PONCHO KIDS;[PONKI35EQ] PONCHO KIDS (Magenta);Magenta;Kids;1,00;La Grieta;octubre-2025
02/11/2025;PONKI09EQ;PONCHO KIDS;[PONKI09EQ] PONCHO KIDS (Azul Cielo - 52013);Azul Cielo;Kids;1,00;Cerro Verde ;noviembre-2025
03/11/2025;PONKI09EQ;PONCHO KIDS;[PONKI09EQ] PONCHO KIDS (Azul Cielo - 52013);Azul Cielo;Kids;1,00;Cerro Verde ;noviembre-2025
04/11/2025;PONKI63EQ;PONCHO KIDS;[PONKI63EQ] PONCHO KIDS (Verde Agua);Verde Agua;Kids;1,00;La Grieta;noviembre-2025
04/11/2025;PONKI35EQ;PONCHO KIDS;[PONKI35EQ] PONCHO KIDS (Magenta);Magenta;Kids;1,00;Sambil Valencia;noviembre-2025
04/11/2025;PONKI35EQ;PONCHO KIDS;[PONKI35EQ] PONCHO KIDS (Magenta);Magenta;Kids;1,00;La Grieta;noviembre-2025
05/11/2025;PONKI35EQ;PONCHO KIDS;[PONKI35EQ] PONCHO KIDS (Magenta);Magenta;Kids;1,00;La Grieta;noviembre-2025
05/11/2025;PONKI35EQ;PONCHO KIDS;[PONKI35EQ] PONCHO KIDS (Magenta);Magenta;Kids;1,00;Sambil Valencia;noviembre-2025
06/11/2025;PONKI35EQ;PONCHO KIDS;[PONKI35EQ] PONCHO KIDS (Magenta);Magenta;Kids;1,00;Grandplaz ;noviembre-2025
07/11/2025;PONKI35EQ;PONCHO KIDS;[PONKI35EQ] PONCHO KIDS (Magenta);Magenta;Kids;1,00;La Grieta;noviembre-2025
07/11/2025;PONKI35EQ;PONCHO KIDS;[PONKI35EQ] PONCHO KIDS (Magenta);Magenta;Kids;1,00;La Grieta;noviembre-2025
07/11/2025;PONKI09EQ;PONCHO KIDS;[PONKI09EQ] PONCHO KIDS (Azul Cielo - 52013);Azul Cielo;Kids;1,00;Cerro Verde ;noviembre-2025
07/11/2025;PONKI35EQ;PONCHO KIDS;[PONKI35EQ] PONCHO KIDS (Magenta);Magenta;Kids;1,00;La Grieta;noviembre-2025
08/11/2025;PONKI09EQ;PONCHO KIDS;[PONKI09EQ] PONCHO KIDS (Azul Cielo - 52013);Azul Cielo;Kids;1,00;Cerro Verde ;noviembre-2025
09/11/2025;PONKI35EQ;PONCHO KIDS;[PONKI35EQ] PONCHO KIDS (Magenta);Magenta;Kids;1,00;Sambil Chacao ;noviembre-2025
09/11/2025;PONKI09EQ;PONCHO KIDS;[PONKI09EQ] PONCHO KIDS (Azul Cielo - 52013);Azul Cielo;Kids;1,00;Cerro Verde ;noviembre-2025
09/11/2025;PONKI35EQ;PONCHO KIDS;[PONKI35EQ] PONCHO KIDS (Magenta);Magenta;Kids;1,00;Sambil Valencia;noviembre-2025
10/11/2025;PONKI09EQ;PONCHO KIDS;[PONKI09EQ] PONCHO KIDS (Azul Cielo - 52013);Azul Cielo;Kids;1,00;Cerro Verde ;noviembre-2025
10/11/2025;PONKI35EQ;PONCHO KIDS;[PONKI35EQ] PONCHO KIDS (Magenta);Magenta;Kids;1,00;Cerro Verde ;noviembre-2025
12/11/2025;PONKI35EQ;PONCHO KIDS;[PONKI35EQ] PONCHO KIDS (Magenta);Magenta;Kids;1,00;Cerro Verde ;noviembre-2025
12/11/2025;PONKI09EQ;PONCHO KIDS;[PONKI09EQ] PONCHO KIDS (Azul Cielo - 52013);Azul Cielo;Kids;1,00;La Grieta;noviembre-2025
13/11/2025;PONKI09EQ;PONCHO KIDS;[PONKI09EQ] PONCHO KIDS (Azul Cielo - 52013);Azul Cielo;Kids;1,00;La Grieta;noviembre-2025
13/11/2025;PONKI63EQ;PONCHO KIDS;[PONKI63EQ] PONCHO KIDS (Verde Agua);Verde Agua;Kids;3,00;Cerro Verde ;noviembre-2025
13/11/2025;PONKI35EQ;PONCHO KIDS;[PONKI35EQ] PONCHO KIDS (Magenta);Magenta;Kids;1,00;Sambil Valencia;noviembre-2025
13/11/2025;PONKI35EQ;PONCHO KIDS;[PONKI35EQ] PONCHO KIDS (Magenta);Magenta;Kids;1,00;Cerro Verde ;noviembre-2025
13/11/2025;PONKI63EQ;PONCHO KIDS;[PONKI63EQ] PONCHO KIDS (Verde Agua);Verde Agua;Kids;1,00;Cerro Verde ;noviembre-2025
14/11/2025;PONKI35EQ;PONCHO KIDS;[PONKI35EQ] PONCHO KIDS (Magenta);Magenta;Kids;1,00;La Grieta;noviembre-2025
14/11/2025;PONKI09EQ;PONCHO KIDS;[PONKI09EQ] PONCHO KIDS (Azul Cielo - 52013);Azul Cielo;Kids;1,00;La Grieta;noviembre-2025
14/11/2025;PONKI35EQ;PONCHO KIDS;[PONKI35EQ] PONCHO KIDS (Magenta);Magenta;Kids;1,00;Cerro Verde ;noviembre-2025
14/11/2025;PONKI09EQ;PONCHO KIDS;[PONKI09EQ] PONCHO KIDS (Azul Cielo - 52013);Azul Cielo;Kids;1,00;Cerro Verde ;noviembre-2025
14/11/2025;PONKI35EQ;PONCHO KIDS;[PONKI35EQ] PONCHO KIDS (Magenta);Magenta;Kids;1,00;Cerro Verde ;noviembre-2025
15/11/2025;PONKI30EQ;PONCHO KIDS;[PONKI30EQ] PONCHO KIDS (Gris Claro - 9734);Gris Claro;Kids;1,00;La Grieta;noviembre-2025
15/11/2025;PONKI63EQ;PONCHO KIDS;[PONKI63EQ] PONCHO KIDS (Verde Agua);Verde Agua;Kids;1,00;La Grieta;noviembre-2025
15/11/2025;PONKI09EQ;PONCHO KIDS;[PONKI09EQ] PONCHO KIDS (Azul Cielo - 52013);Azul Cielo;Kids;1,00;Cerro Verde ;noviembre-2025
15/11/2025;PONKI63EQ;PONCHO KIDS;[PONKI63EQ] PONCHO KIDS (Verde Agua);Verde Agua;Kids;1,00;Sambil Chacao ;noviembre-2025
17/11/2025;PONKI09EQ;PONCHO KIDS;[PONKI09EQ] PONCHO KIDS (Azul Cielo - 52013);Azul Cielo;Kids;1,00;Sambil Chacao ;noviembre-2025
18/11/2025;PONKI35EQ;PONCHO KIDS;[PONKI35EQ] PONCHO KIDS (Magenta);Magenta;Kids;1,00;La Grieta;noviembre-2025
19/11/2025;PONKI35EQ;PONCHO KIDS;[PONKI35EQ] PONCHO KIDS (Magenta);Magenta;Kids;1,00;La Grieta;noviembre-2025
19/11/2025;PONKI09EQ;PONCHO KIDS;[PONKI09EQ] PONCHO KIDS (Azul Cielo - 52013);Azul Cielo;Kids;1,00;La Grieta;noviembre-2025
19/11/2025;PONKI35EQ;PONCHO KIDS;[PONKI35EQ] PONCHO KIDS (Magenta);Magenta;Kids;1,00;Sambil Valencia;noviembre-2025
19/11/2025;PONKI09EQ;PONCHO KIDS;[PONKI09EQ] PONCHO KIDS (Azul Cielo - 52013);Azul Cielo;Kids;1,00;Sambil Valencia;noviembre-2025
20/11/2025;PONKI09EQ;PONCHO KIDS;[PONKI09EQ] PONCHO KIDS (Azul Cielo - 52013);Azul Cielo;Kids;1,00;La Grieta;noviembre-2025
20/11/2025;PONKI09EQ;PONCHO KIDS;[PONKI09EQ] PONCHO KIDS (Azul Cielo - 52013);Azul Cielo;Kids;1,00;Sambil Chacao ;noviembre-2025
21/11/2025;PONKI35EQ;PONCHO KIDS;[PONKI35EQ] PONCHO KIDS (Magenta);Magenta;Kids;1,00;La Grieta;noviembre-2025
21/11/2025;PONKI35EQ;PONCHO KIDS;[PONKI35EQ] PONCHO KIDS (Magenta);Magenta;Kids;1,00;La Grieta;noviembre-2025
22/11/2025;PONKI35EQ;PONCHO KIDS;[PONKI35EQ] PONCHO KIDS (Magenta);Magenta;Kids;1,00;La Grieta;noviembre-2025
22/11/2025;PONKI35EQ;PONCHO KIDS;[PONKI35EQ] PONCHO KIDS (Magenta);Magenta;Kids;1,00;Sambil Valencia;noviembre-2025
22/11/2025;PONKI09EQ;PONCHO KIDS;[PONKI09EQ] PONCHO KIDS (Azul Cielo - 52013);Azul Cielo;Kids;1,00;Sambil Valencia;noviembre-2025
22/11/2025;PONKI09EQ;PONCHO KIDS;[PONKI09EQ] PONCHO KIDS (Azul Cielo - 52013);Azul Cielo;Kids;1,00;La Grieta;noviembre-2025
22/11/2025;PONKI30EQ;PONCHO KIDS;[PONKI30EQ] PONCHO KIDS (Gris Claro - 9734);Gris Claro;Kids;1,00;Cerro Verde ;noviembre-2025
22/11/2025;PONKI09EQ;PONCHO KIDS;[PONKI09EQ] PONCHO KIDS (Azul Cielo - 52013);Azul Cielo;Kids;1,00;Cerro Verde ;noviembre-2025
22/11/2025;PONKI35EQ;PONCHO KIDS;[PONKI35EQ] PONCHO KIDS (Magenta);Magenta;Kids;1,00;Cerro Verde ;noviembre-2025
23/11/2025;PONKI63EQ;PONCHO KIDS;[PONKI63EQ] PONCHO KIDS (Verde Agua);Verde Agua;Kids;1,00;La Grieta;noviembre-2025
24/11/2025;PONKI63EQ;PONCHO KIDS;[PONKI63EQ] PONCHO KIDS (Verde Agua);Verde Agua;Kids;1,00;Cerro Verde ;noviembre-2025
24/11/2025;PONKI35EQ;PONCHO KIDS;[PONKI35EQ] PONCHO KIDS (Magenta);Magenta;Kids;2,00;Cerro Verde ;noviembre-2025
25/11/2025;PONKI09EQ;PONCHO KIDS;[PONKI09EQ] PONCHO KIDS (Azul Cielo - 52013);Azul Cielo;Kids;1,00;Sambil Valencia;noviembre-2025
25/11/2025;PONKI35EQ;PONCHO KIDS;[PONKI35EQ] PONCHO KIDS (Magenta);Magenta;Kids;1,00;Cerro Verde ;noviembre-2025
27/11/2025;PONKI35EQ;PONCHO KIDS;[PONKI35EQ] PONCHO KIDS (Magenta);Magenta;Kids;1,00;La Grieta;noviembre-2025
28/11/2025;PONKI30EQ;PONCHO KIDS;[PONKI30EQ] PONCHO KIDS (Gris Claro - 9734);Gris Claro;Kids;1,00;Cerro Verde ;noviembre-2025
28/11/2025;PONKI30EQ;PONCHO KIDS;[PONKI30EQ] PONCHO KIDS (Gris Claro - 9734);Gris Claro;Kids;1,00;Sambil Valencia;noviembre-2025
28/11/2025;PONKI63EQ;PONCHO KIDS;[PONKI63EQ] PONCHO KIDS (Verde Agua);Verde Agua;Kids;1,00;Cerro Verde ;noviembre-2025
29/11/2025;PONKI35EQ;PONCHO KIDS;[PONKI35EQ] PONCHO KIDS (Magenta);Magenta;Kids;1,00;Sambil Chacao ;noviembre-2025
29/11/2025;PONKI35EQ;PONCHO KIDS;[PONKI35EQ] PONCHO KIDS (Magenta);Magenta;Kids;1,00;Sambil Chacao ;noviembre-2025
30/11/2025;PONKI35EQ;PONCHO KIDS;[PONKI35EQ] PONCHO KIDS (Magenta);Magenta;Kids;1,00;Cerro Verde ;noviembre-2025
30/11/2025;PONKI09EQ;PONCHO KIDS;[PONKI09EQ] PONCHO KIDS (Azul Cielo - 52013);Azul Cielo;Kids;1,00;Sambil Valencia;noviembre-2025
01/12/2025;PONKI35EQ;PONCHO KIDS;[PONKI35EQ] PONCHO KIDS (Magenta);Magenta;Kids;1,00;Cerro Verde ;diciembre-2025
01/12/2025;PONKI09EQ;PONCHO KIDS;[PONKI09EQ] PONCHO KIDS (Azul Cielo - 52013);Azul Cielo;Kids;2,00;Cerro Verde ;diciembre-2025
01/12/2025;PONKI09EQ;PONCHO KIDS;[PONKI09EQ] PONCHO KIDS (Azul Cielo - 52013);Azul Cielo;Kids;1,00;Sambil Chacao ;diciembre-2025
02/12/2025;PONKI09EQ;PONCHO KIDS;[PONKI09EQ] PONCHO KIDS (Azul Cielo - 52013);Azul Cielo;Kids;1,00;Sambil Chacao ;diciembre-2025
02/12/2025;PONKI35EQ;PONCHO KIDS;[PONKI35EQ] PONCHO KIDS (Magenta);Magenta;Kids;1,00;La Grieta;diciembre-2025
02/12/2025;PONKI63EQ;PONCHO KIDS;[PONKI63EQ] PONCHO KIDS (Verde Agua);Verde Agua;Kids;1,00;La Grieta;diciembre-2025
03/12/2025;PONKI09EQ;PONCHO KIDS;[PONKI09EQ] PONCHO KIDS (Azul Cielo - 52013);Azul Cielo;Kids;1,00;Sambil Valencia;diciembre-2025
03/12/2025;PONKI09EQ;PONCHO KIDS;[PONKI09EQ] PONCHO KIDS (Azul Cielo - 52013);Azul Cielo;Kids;1,00;Sambil Valencia;diciembre-2025
05/12/2025;PONKI09EQ;PONCHO KIDS;[PONKI09EQ] PONCHO KIDS (Azul Cielo - 52013);Azul Cielo;Kids;1,00;Sambil Valencia;diciembre-2025
06/12/2025;PONKI35EQ;PONCHO KIDS;[PONKI35EQ] PONCHO KIDS (Magenta);Magenta;Kids;1,00;Cerro Verde ;diciembre-2025
06/12/2025;PONKI35EQ;PONCHO KIDS;[PONKI35EQ] PONCHO KIDS (Magenta);Magenta;Kids;1,00;Cerro Verde ;diciembre-2025
06/12/2025;PONKI35EQ;PONCHO KIDS;[PONKI35EQ] PONCHO KIDS (Magenta);Magenta;Kids;1,00;Sambil Chacao ;diciembre-2025
07/12/2025;PONKI35EQ;PONCHO KIDS;[PONKI35EQ] PONCHO KIDS (Magenta);Magenta;Kids;2,00;Cerro Verde ;diciembre-2025
07/12/2025;PONKI35EQ;PONCHO KIDS;[PONKI35EQ] PONCHO KIDS (Magenta);Magenta;Kids;1,00;Sambil Chacao ;diciembre-2025
07/12/2025;PONKI63EQ;PONCHO KIDS;[PONKI63EQ] PONCHO KIDS (Verde Agua);Verde Agua;Kids;1,00;Cerro Verde ;diciembre-2025
07/12/2025;PONKI35EQ;PONCHO KIDS;[PONKI35EQ] PONCHO KIDS (Magenta);Magenta;Kids;1,00;Cerro Verde ;diciembre-2025
09/12/2025;PONKI30EQ;PONCHO KIDS;[PONKI30EQ] PONCHO KIDS (Gris Claro - 9734);Gris Claro;Kids;1,00;Sambil Chacao ;diciembre-2025
09/12/2025;PONKI09EQ;PONCHO KIDS;[PONKI09EQ] PONCHO KIDS (Azul Cielo - 52013);Azul Cielo;Kids;1,00;Cerro Verde ;diciembre-2025
09/12/2025;PONKI30EQ;PONCHO KIDS;[PONKI30EQ] PONCHO KIDS (Gris Claro - 9734);Gris Claro;Kids;1,00;Cerro Verde ;diciembre-2025
10/12/2025;PONKI09EQ;PONCHO KIDS;[PONKI09EQ] PONCHO KIDS (Azul Cielo - 52013);Azul Cielo;Kids;1,00;Cerro Verde ;diciembre-2025
10/12/2025;PONKI30EQ;PONCHO KIDS;[PONKI30EQ] PONCHO KIDS (Gris Claro - 9734);Gris Claro;Kids;1,00;Sambil Valencia;diciembre-2025
11/12/2025;PONKI09EQ;PONCHO KIDS;[PONKI09EQ] PONCHO KIDS (Azul Cielo - 52013);Azul Cielo;Kids;1,00;Sambil Valencia;diciembre-2025
12/12/2025;PONKI30EQ;PONCHO KIDS;[PONKI30EQ] PONCHO KIDS (Gris Claro - 9734);Gris Claro;Kids;1,00;Grandplaz ;diciembre-2025
12/12/2025;PONKI63EQ;PONCHO KIDS;[PONKI63EQ] PONCHO KIDS (Verde Agua);Verde Agua;Kids;1,00;Grandplaz ;diciembre-2025
12/12/2025;PONKI35EQ;PONCHO KIDS;[PONKI35EQ] PONCHO KIDS (Magenta);Magenta;Kids;3,00;Cerro Verde ;diciembre-2025
14/12/2025;PONKI35EQ;PONCHO KIDS;[PONKI35EQ] PONCHO KIDS (Magenta);Magenta;Kids;1,00;Cerro Verde ;diciembre-2025
14/12/2025;PONKI63EQ;PONCHO KIDS;[PONKI63EQ] PONCHO KIDS (Verde Agua);Verde Agua;Kids;1,00;Cerro Verde ;diciembre-2025
14/12/2025;PONKI09EQ;PONCHO KIDS;[PONKI09EQ] PONCHO KIDS (Azul Cielo - 52013);Azul Cielo;Kids;1,00;Cerro Verde ;diciembre-2025
15/12/2025;PONKI35EQ;PONCHO KIDS;[PONKI35EQ] PONCHO KIDS (Magenta);Magenta;Kids;1,00;Sambil Chacao ;diciembre-2025
15/12/2025;PONKI63EQ;PONCHO KIDS;[PONKI63EQ] PONCHO KIDS (Verde Agua);Verde Agua;Kids;1,00;Cerro Verde ;diciembre-2025
15/12/2025;PONKI30EQ;PONCHO KIDS;[PONKI30EQ] PONCHO KIDS (Gris Claro - 9734);Gris Claro;Kids;1,00;Cerro Verde ;diciembre-2025
16/12/2025;PONKI30EQ;PONCHO KIDS;[PONKI30EQ] PONCHO KIDS (Gris Claro - 9734);Gris Claro;Kids;1,00;Cerro Verde ;diciembre-2025
16/12/2025;PONKI30EQ;PONCHO KIDS;[PONKI30EQ] PONCHO KIDS (Gris Claro - 9734);Gris Claro;Kids;1,00;Sambil Chacao ;diciembre-2025
16/12/2025;PONKI63EQ;PONCHO KIDS;[PONKI63EQ] PONCHO KIDS (Verde Agua);Verde Agua;Kids;1,00;Sambil Chacao ;diciembre-2025
16/12/2025;PONKI35EQ;PONCHO KIDS;[PONKI35EQ] PONCHO KIDS (Magenta);Magenta;Kids;1,00;Sambil Chacao ;diciembre-2025
16/12/2025;PONKI35EQ;PONCHO KIDS;[PONKI35EQ] PONCHO KIDS (Magenta);Magenta;Kids;1,00;Cerro Verde ;diciembre-2025
16/12/2025;PONKI63EQ;PONCHO KIDS;[PONKI63EQ] PONCHO KIDS (Verde Agua);Verde Agua;Kids;1,00;Cerro Verde ;diciembre-2025
16/12/2025;PONKI09EQ;PONCHO KIDS;[PONKI09EQ] PONCHO KIDS (Azul Cielo - 52013);Azul Cielo;Kids;1,00;Sambil Valencia;diciembre-2025
17/12/2025;PONKI35EQ;PONCHO KIDS;[PONKI35EQ] PONCHO KIDS (Magenta);Magenta;Kids;1,00;Sambil Chacao ;diciembre-2025
17/12/2025;PONKI30EQ;PONCHO KIDS;[PONKI30EQ] PONCHO KIDS (Gris Claro - 9734);Gris Claro;Kids;1,00;Cerro Verde ;diciembre-2025
17/12/2025;PONKI35EQ;PONCHO KIDS;[PONKI35EQ] PONCHO KIDS (Magenta);Magenta;Kids;1,00;La Grieta;diciembre-2025
18/12/2025;PONKI63EQ;PONCHO KIDS;[PONKI63EQ] PONCHO KIDS (Verde Agua);Verde Agua;Kids;1,00;La Grieta;diciembre-2025
18/12/2025;PONKI35EQ;PONCHO KIDS;[PONKI35EQ] PONCHO KIDS (Magenta);Magenta;Kids;1,00;Cerro Verde ;diciembre-2025
18/12/2025;PONKI63EQ;PONCHO KIDS;[PONKI63EQ] PONCHO KIDS (Verde Agua);Verde Agua;Kids;1,00;Sambil Valencia;diciembre-2025
18/12/2025;PONKI35EQ;PONCHO KIDS;[PONKI35EQ] PONCHO KIDS (Magenta);Magenta;Kids;1,00;Sambil Chacao ;diciembre-2025
19/12/2025;PONKI63EQ;PONCHO KIDS;[PONKI63EQ] PONCHO KIDS (Verde Agua);Verde Agua;Kids;1,00;Cerro Verde ;diciembre-2025
19/12/2025;PONKI63EQ;PONCHO KIDS;[PONKI63EQ] PONCHO KIDS (Verde Agua);Verde Agua;Kids;-1,00;Cerro Verde ;diciembre-2025
19/12/2025;PONKI09EQ;PONCHO KIDS;[PONKI09EQ] PONCHO KIDS (Azul Cielo - 52013);Azul Cielo;Kids;1,00;Cerro Verde ;diciembre-2025
20/12/2025;PONKI35EQ;PONCHO KIDS;[PONKI35EQ] PONCHO KIDS (Magenta);Magenta;Kids;1,00;Sambil Valencia;diciembre-2025
20/12/2025;PONKI09EQ;PONCHO KIDS;[PONKI09EQ] PONCHO KIDS (Azul Cielo - 52013);Azul Cielo;Kids;1,00;Sambil Valencia;diciembre-2025
20/12/2025;PONKI30EQ;PONCHO KIDS;[PONKI30EQ] PONCHO KIDS (Gris Claro - 9734);Gris Claro;Kids;2,00;Cerro Verde ;diciembre-2025
20/12/2025;PONKI30EQ;PONCHO KIDS;[PONKI30EQ] PONCHO KIDS (Gris Claro - 9734);Gris Claro;Kids;1,00;Cerro Verde ;diciembre-2025
21/12/2025;PONKI30EQ;PONCHO KIDS;[PONKI30EQ] PONCHO KIDS (Gris Claro - 9734);Gris Claro;Kids;1,00;La Grieta;diciembre-2025
21/12/2025;PONKI09EQ;PONCHO KIDS;[PONKI09EQ] PONCHO KIDS (Azul Cielo - 52013);Azul Cielo;Kids;1,00;Cerro Verde ;diciembre-2025
21/12/2025;PONKI35EQ;PONCHO KIDS;[PONKI35EQ] PONCHO KIDS (Magenta);Magenta;Kids;1,00;Sambil Valencia;diciembre-2025
21/12/2025;PONKI09EQ;PONCHO KIDS;[PONKI09EQ] PONCHO KIDS (Azul Cielo - 52013);Azul Cielo;Kids;1,00;Cerro Verde ;diciembre-2025
21/12/2025;PONKI63EQ;PONCHO KIDS;[PONKI63EQ] PONCHO KIDS (Verde Agua);Verde Agua;Kids;1,00;Cerro Verde ;diciembre-2025
21/12/2025;PONKI09EQ;PONCHO KIDS;[PONKI09EQ] PONCHO KIDS (Azul Cielo - 52013);Azul Cielo;Kids;2,00;Cerro Verde ;diciembre-2025
22/12/2025;PONKI35EQ;PONCHO KIDS;[PONKI35EQ] PONCHO KIDS (Magenta);Magenta;Kids;1,00;Sambil Valencia;diciembre-2025
22/12/2025;PONKI35EQ;PONCHO KIDS;[PONKI35EQ] PONCHO KIDS (Magenta);Magenta;Kids;2,00;Cerro Verde ;diciembre-2025
22/12/2025;PONKI09EQ;PONCHO KIDS;[PONKI09EQ] PONCHO KIDS (Azul Cielo - 52013);Azul Cielo;Kids;1,00;La Grieta;diciembre-2025
22/12/2025;PONKI63EQ;PONCHO KIDS;[PONKI63EQ] PONCHO KIDS (Verde Agua);Verde Agua;Kids;1,00;Sambil Chacao ;diciembre-2025
22/12/2025;PONKI09EQ;PONCHO KIDS;[PONKI09EQ] PONCHO KIDS (Azul Cielo - 52013);Azul Cielo;Kids;1,00;Sambil Valencia;diciembre-2025
22/12/2025;PONKI35EQ;PONCHO KIDS;[PONKI35EQ] PONCHO KIDS (Magenta);Magenta;Kids;1,00;Sambil Chacao ;diciembre-2025
23/12/2025;PONKI09EQ;PONCHO KIDS;[PONKI09EQ] PONCHO KIDS (Azul Cielo - 52013);Azul Cielo;Kids;1,00;Cerro Verde ;diciembre-2025
23/12/2025;PONKI35EQ;PONCHO KIDS;[PONKI35EQ] PONCHO KIDS (Magenta);Magenta;Kids;3,00;La Grieta;diciembre-2025
23/12/2025;PONKI63EQ;PONCHO KIDS;[PONKI63EQ] PONCHO KIDS (Verde Agua);Verde Agua;Kids;1,00;Cerro Verde ;diciembre-2025
23/12/2025;PONKI35EQ;PONCHO KIDS;[PONKI35EQ] PONCHO KIDS (Magenta);Magenta;Kids;1,00;Cerro Verde ;diciembre-2025
23/12/2025;PONKI63EQ;PONCHO KIDS;[PONKI63EQ] PONCHO KIDS (Verde Agua);Verde Agua;Kids;1,00;Sambil Chacao ;diciembre-2025
23/12/2025;PONKI63EQ;PONCHO KIDS;[PONKI63EQ] PONCHO KIDS (Verde Agua);Verde Agua;Kids;1,00;Sambil Chacao ;diciembre-2025
23/12/2025;PONKI09EQ;PONCHO KIDS;[PONKI09EQ] PONCHO KIDS (Azul Cielo - 52013);Azul Cielo;Kids;1,00;Sambil Chacao ;diciembre-2025
24/12/2025;PONKI35EQ;PONCHO KIDS;[PONKI35EQ] PONCHO KIDS (Magenta);Magenta;Kids;1,00;Sambil Chacao ;diciembre-2025
24/12/2025;PONKI63EQ;PONCHO KIDS;[PONKI63EQ] PONCHO KIDS (Verde Agua);Verde Agua;Kids;1,00;Sambil Chacao ;diciembre-2025
24/12/2025;PONKI09EQ;PONCHO KIDS;[PONKI09EQ] PONCHO KIDS (Azul Cielo - 52013);Azul Cielo;Kids;1,00;Sambil Chacao ;diciembre-2025
24/12/2025;PONKI35EQ;PONCHO KIDS;[PONKI35EQ] PONCHO KIDS (Magenta);Magenta;Kids;1,00;La Grieta;diciembre-2025
24/12/2025;PONKI30EQ;PONCHO KIDS;[PONKI30EQ] PONCHO KIDS (Gris Claro - 9734);Gris Claro;Kids;1,00;Cerro Verde ;diciembre-2025
24/12/2025;PONKI09EQ;PONCHO KIDS;[PONKI09EQ] PONCHO KIDS (Azul Cielo - 52013);Azul Cielo;Kids;2,00;Sambil Chacao ;diciembre-2025
24/12/2025;PONKI63EQ;PONCHO KIDS;[PONKI63EQ] PONCHO KIDS (Verde Agua);Verde Agua;Kids;1,00;Sambil Chacao ;diciembre-2025
24/12/2025;PONKI09EQ;PONCHO KIDS;[PONKI09EQ] PONCHO KIDS (Azul Cielo - 52013);Azul Cielo;Kids;1,00;Cerro Verde ;diciembre-2025
24/12/2025;PONKI30EQ;PONCHO KIDS;[PONKI30EQ] PONCHO KIDS (Gris Claro - 9734);Gris Claro;Kids;1,00;La Grieta;diciembre-2025
24/12/2025;PONKI63EQ;PONCHO KIDS;[PONKI63EQ] PONCHO KIDS (Verde Agua);Verde Agua;Kids;1,00;La Grieta;diciembre-2025
24/12/2025;PONKI09EQ;PONCHO KIDS;[PONKI09EQ] PONCHO KIDS (Azul Cielo - 52013);Azul Cielo;Kids;1,00;La Grieta;diciembre-2025
24/12/2025;PONKI63EQ;PONCHO KIDS;[PONKI63EQ] PONCHO KIDS (Verde Agua);Verde Agua;Kids;1,00;Cerro Verde ;diciembre-2025
26/12/2025;PONKI30EQ;PONCHO KIDS;[PONKI30EQ] PONCHO KIDS (Gris Claro - 9734);Gris Claro;Kids;1,00;La Grieta;diciembre-2025
26/12/2025;PONKI09EQ;PONCHO KIDS;[PONKI09EQ] PONCHO KIDS (Azul Cielo - 52013);Azul Cielo;Kids;1,00;La Grieta;diciembre-2025
26/12/2025;PONKI09EQ;PONCHO KIDS;[PONKI09EQ] PONCHO KIDS (Azul Cielo - 52013);Azul Cielo;Kids;1,00;Sambil Valencia;diciembre-2025
26/12/2025;PONKI30EQ;PONCHO KIDS;[PONKI30EQ] PONCHO KIDS (Gris Claro - 9734);Gris Claro;Kids;1,00;La Grieta;diciembre-2025
26/12/2025;PONKI35EQ;PONCHO KIDS;[PONKI35EQ] PONCHO KIDS (Magenta);Magenta;Kids;1,00;La Grieta;diciembre-2025
26/12/2025;PONKI35EQ;PONCHO KIDS;[PONKI35EQ] PONCHO KIDS (Magenta);Magenta;Kids;1,00;Cerro Verde ;diciembre-2025
27/12/2025;PONKI30EQ;PONCHO KIDS;[PONKI30EQ] PONCHO KIDS (Gris Claro - 9734);Gris Claro;Kids;1,00;Sambil Chacao ;diciembre-2025
27/12/2025;PONKI30EQ;PONCHO KIDS;[PONKI30EQ] PONCHO KIDS (Gris Claro - 9734);Gris Claro;Kids;1,00;La Grieta;diciembre-2025
27/12/2025;PONKI09EQ;PONCHO KIDS;[PONKI09EQ] PONCHO KIDS (Azul Cielo - 52013);Azul Cielo;Kids;1,00;Cerro Verde ;diciembre-2025
27/12/2025;PONKI09EQ;PONCHO KIDS;[PONKI09EQ] PONCHO KIDS (Azul Cielo - 52013);Azul Cielo;Kids;1,00;Cerro Verde ;diciembre-2025
27/12/2025;PONKI63EQ;PONCHO KIDS;[PONKI63EQ] PONCHO KIDS (Verde Agua);Verde Agua;Kids;1,00;Sambil Valencia;diciembre-2025
27/12/2025;PONKI63EQ;PONCHO KIDS;[PONKI63EQ] PONCHO KIDS (Verde Agua);Verde Agua;Kids;-1,00;Cerro Verde ;diciembre-2025
27/12/2025;PONKI30EQ;PONCHO KIDS;[PONKI30EQ] PONCHO KIDS (Gris Claro - 9734);Gris Claro;Kids;-1,00;Cerro Verde ;diciembre-2025
28/12/2025;PONKI35EQ;PONCHO KIDS;[PONKI35EQ] PONCHO KIDS (Magenta);Magenta;Kids;2,00;Sambil Valencia;diciembre-2025
29/12/2025;PONKI30EQ;PONCHO KIDS;[PONKI30EQ] PONCHO KIDS (Gris Claro - 9734);Gris Claro;Kids;1,00;Sambil Valencia;diciembre-2025
30/12/2025;PONKI35EQ;PONCHO KIDS;[PONKI35EQ] PONCHO KIDS (Magenta);Magenta;Kids;1,00;La Grieta;diciembre-2025
30/12/2025;PONKI30EQ;PONCHO KIDS;[PONKI30EQ] PONCHO KIDS (Gris Claro - 9734);Gris Claro;Kids;1,00;La Grieta;diciembre-2025
30/12/2025;PONKI35EQ;PONCHO KIDS;[PONKI35EQ] PONCHO KIDS (Magenta);Magenta;Kids;1,00;La Grieta;diciembre-2025
30/12/2025;PONKI63EQ;PONCHO KIDS;[PONKI63EQ] PONCHO KIDS (Verde Agua);Verde Agua;Kids;1,00;Cerro Verde ;diciembre-2025
30/12/2025;PONKI63EQ;PONCHO KIDS;[PONKI63EQ] PONCHO KIDS (Verde Agua);Verde Agua;Kids;1,00;WEB;diciembre-2025
31/12/2025;PONKI30EQ;PONCHO KIDS;[PONKI30EQ] PONCHO KIDS (Gris Claro - 9734);Gris Claro;Kids;1,00;Cerro Verde ;diciembre-2025
31/12/2025;PONKI35EQ;PONCHO KIDS;[PONKI35EQ] PONCHO KIDS (Magenta);Magenta;Kids;1,00;La Grieta;diciembre-2025
31/12/2025;PONKI09EQ;PONCHO KIDS;[PONKI09EQ] PONCHO KIDS (Azul Cielo - 52013);Azul Cielo;Kids;1,00;La Grieta;diciembre-2025
02/01/2026;PONKI63EQ;PONCHO KIDS;[PONKI63EQ] PONCHO KIDS (Verde Agua);Verde Agua;Kids;1,00;La Grieta;enero-2026
02/01/2026;PONKI63EQ;PONCHO KIDS;[PONKI63EQ] PONCHO KIDS (Verde Agua);Verde Agua;Kids;-1,00;Sambil Chacao ;enero-2026
02/01/2026;PONKI35EQ;PONCHO KIDS;[PONKI35EQ] PONCHO KIDS (Magenta);Magenta;Kids;1,00;La Grieta;enero-2026
02/01/2026;PONKI30EQ;PONCHO KIDS;[PONKI30EQ] PONCHO KIDS (Gris Claro - 9734);Gris Claro;Kids;4,00;Cerro Verde ;enero-2026
05/01/2026;PONC01EQ;PONCHO ADULTO;[PONC01EQ] PONCHO ADULTO (AGUAMARINA);Aguamarina;Adulto;1,00;WEB;enero-2026
05/01/2026;PONC151EQ;PONCHO ADULTO;[PONC151EQ] PONCHO ADULTO (AZUL);Azul;Adulto;1,00;WEB;enero-2026
05/01/2026;PONC152EQ;PONCHO ADULTO;[PONC152EQ] PONCHO ADULTO (VERDE);Verde;Adulto;1,00;WEB;enero-2026
06/01/2026;PONKI35EQ;PONCHO KIDS;[PONKI35EQ] PONCHO KIDS (Magenta);Magenta;Kids;1,00;La Grieta;enero-2026
08/01/2026;PONKI63EQ;PONCHO KIDS;[PONKI63EQ] PONCHO KIDS (Verde Agua);Verde Agua;Kids;2,00;Cerro Verde ;enero-2026
08/01/2026;PONKI35EQ;PONCHO KIDS;[PONKI35EQ] PONCHO KIDS (Magenta);Magenta;Kids;1,00;Cerro Verde ;enero-2026
09/01/2026;PONC01EQ;PONCHO ADULTO;[PONC01EQ] PONCHO ADULTO (AGUAMARINA);Aguamarina;Adulto;1,00;La Grieta;enero-2026
09/01/2026;PONC152EQ;PONCHO ADULTO;[PONC152EQ] PONCHO ADULTO (VERDE);Verde;Adulto;1,00;La Grieta;enero-2026
09/01/2026;PONC151EQ;PONCHO ADULTO;[PONC151EQ] PONCHO ADULTO (AZUL);Azul;Adulto;1,00;La Grieta;enero-2026
09/01/2026;PONKI09EQ;PONCHO KIDS;[PONKI09EQ] PONCHO KIDS (Azul Cielo - 52013);Azul Cielo;Kids;1,00;Cerro Verde ;enero-2026
09/01/2026;PONKI09EQ;PONCHO KIDS;[PONKI09EQ] PONCHO KIDS (Azul Cielo - 52013);Azul Cielo;Kids;1,00;Cerro Verde ;enero-2026
10/01/2026;PONC152EQ;PONCHO ADULTO;[PONC152EQ] PONCHO ADULTO (VERDE);Verde;Adulto;1,00;La Grieta;enero-2026
10/01/2026;PONKI35EQ;PONCHO KIDS;[PONKI35EQ] PONCHO KIDS (Magenta);Magenta;Kids;1,00;Sambil Valencia;enero-2026
12/01/2026;PONC01EQ;PONCHO ADULTO;[PONC01EQ] PONCHO ADULTO (AGUAMARINA);Aguamarina;Adulto;1,00;Cerro Verde ;enero-2026
14/01/2026;PONC01EQ;PONCHO ADULTO;[PONC01EQ] PONCHO ADULTO (AGUAMARINA);Aguamarina;Adulto;1,00;Sambil Valencia;enero-2026
14/01/2026;PONKI63EQ;PONCHO KIDS;[PONKI63EQ] PONCHO KIDS (Verde Agua);Verde Agua;Kids;1,00;Sambil Valencia;enero-2026
14/01/2026;PONC01EQ;PONCHO ADULTO;[PONC01EQ] PONCHO ADULTO (AGUAMARINA);Aguamarina;Adulto;1,00;WEB;enero-2026
14/01/2026;PONC152EQ;PONCHO ADULTO;[PONC152EQ] PONCHO ADULTO (VERDE);Verde;Adulto;1,00;WEB;enero-2026
14/01/2026;PONC151EQ;PONCHO ADULTO;[PONC151EQ] PONCHO ADULTO (AZUL);Azul;Adulto;1,00;WEB;enero-2026
15/01/2026;PONKI09EQ;PONCHO KIDS;[PONKI09EQ] PONCHO KIDS (Azul Cielo - 52013);Azul Cielo;Kids;1,00;La Grieta;enero-2026
15/01/2026;PONC01EQ;PONCHO ADULTO;[PONC01EQ] PONCHO ADULTO (AGUAMARINA);Aguamarina;Adulto;1,00;La Grieta;enero-2026
15/01/2026;PONC12EQ;PONCHO KIDS;[PONC12EQ] PONCHO KIDS (Azul Marino);Azul Marino;Kids;1,00;Sambil Valencia;enero-2026
16/01/2026;PONKI63EQ;PONCHO KIDS;[PONKI63EQ] PONCHO KIDS (Verde Agua);Verde Agua;Kids;1,00;Sambil Chacao ;enero-2026
16/01/2026;PONKI35EQ;PONCHO KIDS;[PONKI35EQ] PONCHO KIDS (Magenta);Magenta;Kids;1,00;Cerro Verde ;enero-2026
16/01/2026;PONKI63EQ;PONCHO KIDS;[PONKI63EQ] PONCHO KIDS (Verde Agua);Verde Agua;Kids;1,00;Sambil Chacao ;enero-2026
16/01/2026;PONC151EQ;PONCHO ADULTO;[PONC151EQ] PONCHO ADULTO (AZUL);Azul;Adulto;1,00;La Grieta;enero-2026
17/01/2026;PONKI35EQ;PONCHO KIDS;[PONKI35EQ] PONCHO KIDS (Magenta);Magenta;Kids;1,00;La Grieta;enero-2026
17/01/2026;PONKI30EQ;PONCHO KIDS;[PONKI30EQ] PONCHO KIDS (Gris Claro - 9734);Gris Claro;Kids;1,00;Cerro Verde ;enero-2026
17/01/2026;PONKI63EQ;PONCHO KIDS;[PONKI63EQ] PONCHO KIDS (Verde Agua);Verde Agua;Kids;1,00;Cerro Verde ;enero-2026
17/01/2026;PONC12EQ;PONCHO KIDS;[PONC12EQ] PONCHO KIDS (Azul Marino);Azul Marino;Kids;1,00;Grandplaz ;enero-2026
17/01/2026;PONC43EQ;PONCHO KIDS;[PONC43EQ] PONCHO KIDS (Negro);Negro;Kids;1,00;Sambil Chacao ;enero-2026
18/01/2026;PONC12EQ;PONCHO KIDS;[PONC12EQ] PONCHO KIDS (Azul Marino);Azul Marino;Kids;1,00;La Grieta;enero-2026
18/01/2026;PONKI30EQ;PONCHO KIDS;[PONKI30EQ] PONCHO KIDS (Gris Claro - 9734);Gris Claro;Kids;1,00;Sambil Chacao ;enero-2026
18/01/2026;PONKI30EQ;PONCHO KIDS;[PONKI30EQ] PONCHO KIDS (Gris Claro - 9734);Gris Claro;Kids;-1,00;Sambil Chacao ;enero-2026
18/01/2026;PONKI63EQ;PONCHO KIDS;[PONKI63EQ] PONCHO KIDS (Verde Agua);Verde Agua;Kids;1,00;Sambil Chacao ;enero-2026
18/01/2026;PONC151EQ;PONCHO ADULTO;[PONC151EQ] PONCHO ADULTO (AZUL);Azul;Adulto;1,00;Cerro Verde ;enero-2026
19/01/2026;PONC12EQ;PONCHO KIDS;[PONC12EQ] PONCHO KIDS (Azul Marino);Azul Marino;Kids;1,00;La Grieta;enero-2026
20/01/2026;PONKI09EQ;PONCHO KIDS;[PONKI09EQ] PONCHO KIDS (Azul Cielo - 52013);Azul Cielo;Kids;1,00;Cerro Verde ;enero-2026
20/01/2026;PONC151EQ;PONCHO ADULTO;[PONC151EQ] PONCHO ADULTO (AZUL);Azul;Adulto;2,00;Sambil Chacao ;enero-2026
20/01/2026;PONC151EQ;PONCHO ADULTO;[PONC151EQ] PONCHO ADULTO (AZUL);Azul;Adulto;1,00;Sambil Chacao ;enero-2026
20/01/2026;PONC151EQ;PONCHO ADULTO;[PONC151EQ] PONCHO ADULTO (AZUL);Azul;Adulto;1,00;La Grieta;enero-2026
20/01/2026;PONC151EQ;PONCHO ADULTO;[PONC151EQ] PONCHO ADULTO (AZUL);Azul;Adulto;-1,00;La Grieta;enero-2026
21/01/2026;PONKI35EQ;PONCHO KIDS;[PONKI35EQ] PONCHO KIDS (Magenta);Magenta;Kids;1,00;Cerro Verde ;enero-2026
21/01/2026;PONKI63EQ;PONCHO KIDS;[PONKI63EQ] PONCHO KIDS (Verde Agua);Verde Agua;Kids;1,00;Cerro Verde ;enero-2026
22/01/2026;PONC151EQ;PONCHO ADULTO;[PONC151EQ] PONCHO ADULTO (AZUL);Azul;Adulto;1,00;Sambil Valencia;enero-2026
22/01/2026;PONC151EQ;PONCHO ADULTO;[PONC151EQ] PONCHO ADULTO (AZUL);Azul;Adulto;1,00;La Grieta;enero-2026
22/01/2026;PONKI30EQ;PONCHO KIDS;[PONKI30EQ] PONCHO KIDS (Gris Claro - 9734);Gris Claro;Kids;1,00;Sambil Valencia;enero-2026
23/01/2026;PONC151EQ;PONCHO ADULTO;[PONC151EQ] PONCHO ADULTO (AZUL);Azul;Adulto;1,00;Cerro Verde ;enero-2026
24/01/2026;PONKI09EQ;PONCHO KIDS;[PONKI09EQ] PONCHO KIDS (Azul Cielo - 52013);Azul Cielo;Kids;1,00;Cerro Verde ;enero-2026
24/01/2026;PONC151EQ;PONCHO ADULTO;[PONC151EQ] PONCHO ADULTO (AZUL);Azul;Adulto;1,00;Grandplaz ;enero-2026
24/01/2026;PONKI35EQ;PONCHO KIDS;[PONKI35EQ] PONCHO KIDS (Magenta);Magenta;Kids;1,00;La Grieta;enero-2026
24/01/2026;PONKI30EQ;PONCHO KIDS;[PONKI30EQ] PONCHO KIDS (Gris Claro - 9734);Gris Claro;Kids;1,00;Cerro Verde ;enero-2026
24/01/2026;PONKI35EQ;PONCHO KIDS;[PONKI35EQ] PONCHO KIDS (Magenta);Magenta;Kids;1,00;Sambil Chacao ;enero-2026
25/01/2026;PONC01EQ;PONCHO ADULTO;[PONC01EQ] PONCHO ADULTO (AGUAMARINA);Aguamarina;Adulto;1,00;La Grieta;enero-2026
26/01/2026;PONKI30EQ;PONCHO KIDS;[PONKI30EQ] PONCHO KIDS (Gris Claro - 9734);Gris Claro;Kids;1,00;Sambil Valencia;enero-2026
26/01/2026;PONKI30EQ;PONCHO KIDS;[PONKI30EQ] PONCHO KIDS (Gris Claro - 9734);Gris Claro;Kids;1,00;La Grieta;enero-2026
27/01/2026;PONKI09EQ;PONCHO KIDS;[PONKI09EQ] PONCHO KIDS (Azul Cielo - 52013);Azul Cielo;Kids;1,00;Cerro Verde ;enero-2026
27/01/2026;PONKI63EQ;PONCHO KIDS;[PONKI63EQ] PONCHO KIDS (Verde Agua);Verde Agua;Kids;1,00;Sambil Chacao ;enero-2026
27/01/2026;PONKI35EQ;PONCHO KIDS;[PONKI35EQ] PONCHO KIDS (Magenta);Magenta;Kids;1,00;Cerro Verde ;enero-2026
30/01/2026;PONC43EQ;PONCHO KIDS;[PONC43EQ] PONCHO KIDS (Negro);Negro;Kids;1,00;La Grieta;enero-2026
30/01/2026;PONKI35EQ;PONCHO KIDS;[PONKI35EQ] PONCHO KIDS (Magenta);Magenta;Kids;1,00;La Grieta;enero-2026
30/01/2026;PONKI09EQ;PONCHO KIDS;[PONKI09EQ] PONCHO KIDS (Azul Cielo - 52013);Azul Cielo;Kids;1,00;La Grieta;enero-2026
31/01/2026;PONC152EQ;PONCHO ADULTO;[PONC152EQ] PONCHO ADULTO (VERDE);Verde;Adulto;1,00;La Grieta;enero-2026
31/01/2026;PONKI63EQ;PONCHO KIDS;[PONKI63EQ] PONCHO KIDS (Verde Agua);Verde Agua;Kids;1,00;La Grieta;enero-2026
31/01/2026;PONC43EQ;PONCHO KIDS;[PONC43EQ] PONCHO KIDS (Negro);Negro;Kids;1,00;La Grieta;enero-2026
31/01/2026;PONKI09EQ;PONCHO KIDS;[PONKI09EQ] PONCHO KIDS (Azul Cielo - 52013);Azul Cielo;Kids;1,00;Cerro Verde ;enero-2026
31/01/2026;PONKI09EQ;PONCHO KIDS;[PONKI09EQ] PONCHO KIDS (Azul Cielo - 52013);Azul Cielo;Kids;3,00;Cerro Verde ;enero-2026
31/01/2026;PONC152EQ;PONCHO ADULTO;[PONC152EQ] PONCHO ADULTO (VERDE);Verde;Adulto;1,00;Cerro Verde ;enero-2026
31/01/2026;PONC151EQ;PONCHO ADULTO;[PONC151EQ] PONCHO ADULTO (AZUL);Azul;Adulto;1,00;Cerro Verde ;enero-2026
01/02/2026;PONKI35EQ;PONCHO KIDS;[PONKI35EQ] PONCHO KIDS (Magenta);Magenta;Kids;1,00;La Grieta;febrero-2026
01/02/2026;PONC152EQ;PONCHO ADULTO;[PONC152EQ] PONCHO ADULTO (VERDE);Verde;Adulto;1,00;Sambil Chacao ;febrero-2026
02/02/2026;PONKI63EQ;PONCHO KIDS;[PONKI63EQ] PONCHO KIDS (Verde Agua);Verde Agua;Kids;1,00;Sambil Chacao ;febrero-2026
03/02/2026;PONKI63EQ;PONCHO KIDS;[PONKI63EQ] PONCHO KIDS (Verde Agua);Verde Agua;Kids;1,00;Cerro Verde ;febrero-2026
03/02/2026;PONKI35EQ;PONCHO KIDS;[PONKI35EQ] PONCHO KIDS (Magenta);Magenta;Kids;1,00;Cerro Verde ;febrero-2026
03/02/2026;PONKI09EQ;PONCHO KIDS;[PONKI09EQ] PONCHO KIDS (Azul Cielo - 52013);Azul Cielo;Kids;1,00;Cerro Verde ;febrero-2026
04/02/2026;PONKI63EQ;PONCHO KIDS;[PONKI63EQ] PONCHO KIDS (Verde Agua);Verde Agua;Kids;1,00;Cerro Verde ;febrero-2026
04/02/2026;PONKI09EQ;PONCHO KIDS;[PONKI09EQ] PONCHO KIDS (Azul Cielo - 52013);Azul Cielo;Kids;1,00;Cerro Verde ;febrero-2026
04/02/2026;PONC01EQ;PONCHO ADULTO;[PONC01EQ] PONCHO ADULTO (AGUAMARINA);Aguamarina;Adulto;1,00;Grandplaz ;febrero-2026
04/02/2026;PONC01EQ;PONCHO ADULTO;[PONC01EQ] PONCHO ADULTO (AGUAMARINA);Aguamarina;Adulto;1,00;Cerro Verde ;febrero-2026
04/02/2026;PONC43EQ;PONCHO KIDS;[PONC43EQ] PONCHO KIDS (Negro);Negro;Kids;1,00;Cerro Verde ;febrero-2026
04/02/2026;PONKI30EQ;PONCHO KIDS;[PONKI30EQ] PONCHO KIDS (Gris Claro - 9734);Gris Claro;Kids;1,00;Cerro Verde ;febrero-2026
05/02/2026;PONKI30EQ;PONCHO KIDS;[PONKI30EQ] PONCHO KIDS (Gris Claro - 9734);Gris Claro;Kids;1,00;La Grieta;febrero-2026
05/02/2026;PONC01EQ;PONCHO ADULTO;[PONC01EQ] PONCHO ADULTO (AGUAMARINA);Aguamarina;Adulto;1,00;Sambil Valencia;febrero-2026
06/02/2026;PONKI30EQ;PONCHO KIDS;[PONKI30EQ] PONCHO KIDS (Gris Claro - 9734);Gris Claro;Kids;1,00;Cerro Verde ;febrero-2026
06/02/2026;PONC01EQ;PONCHO ADULTO;[PONC01EQ] PONCHO ADULTO (AGUAMARINA);Aguamarina;Adulto;1,00;Cerro Verde ;febrero-2026
06/02/2026;PONC43EQ;PONCHO KIDS;[PONC43EQ] PONCHO KIDS (Negro);Negro;Kids;1,00;Sambil Valencia;febrero-2026
06/02/2026;PONC151EQ;PONCHO ADULTO;[PONC151EQ] PONCHO ADULTO (AZUL);Azul;Adulto;1,00;Grandplaz ;febrero-2026
06/02/2026;PONC12EQ;PONCHO KIDS;[PONC12EQ] PONCHO KIDS (Azul Marino);Azul Marino;Kids;1,00;La Grieta;febrero-2026
06/02/2026;PONC43EQ;PONCHO KIDS;[PONC43EQ] PONCHO KIDS (Negro);Negro;Kids;1,00;Sambil Chacao ;febrero-2026
06/02/2026;PONC12EQ;PONCHO KIDS;[PONC12EQ] PONCHO KIDS (Azul Marino);Azul Marino;Kids;1,00;Sambil Chacao ;febrero-2026
06/02/2026;PONKI35EQ;PONCHO KIDS;[PONKI35EQ] PONCHO KIDS (Magenta);Magenta;Kids;1,00;Cerro Verde ;febrero-2026
07/02/2026;PONKI63EQ;PONCHO KIDS;[PONKI63EQ] PONCHO KIDS (Verde Agua);Verde Agua;Kids;1,00;Cerro Verde ;febrero-2026
07/02/2026;PONC152EQ;PONCHO ADULTO;[PONC152EQ] PONCHO ADULTO (VERDE);Verde;Adulto;1,00;Sambil Valencia;febrero-2026
07/02/2026;PONC151EQ;PONCHO ADULTO;[PONC151EQ] PONCHO ADULTO (AZUL);Azul;Adulto;1,00;Sambil Chacao ;febrero-2026
07/02/2026;PONC01EQ;PONCHO ADULTO;[PONC01EQ] PONCHO ADULTO (AGUAMARINA);Aguamarina;Adulto;1,00;Cerro Verde ;febrero-2026
08/02/2026;PONKI35EQ;PONCHO KIDS;[PONKI35EQ] PONCHO KIDS (Magenta);Magenta;Kids;1,00;Cerro Verde ;febrero-2026
08/02/2026;PONKI09EQ;PONCHO KIDS;[PONKI09EQ] PONCHO KIDS (Azul Cielo - 52013);Azul Cielo;Kids;1,00;Cerro Verde ;febrero-2026
08/02/2026;PONC01EQ;PONCHO ADULTO;[PONC01EQ] PONCHO ADULTO (AGUAMARINA);Aguamarina;Adulto;1,00;Sambil Valencia;febrero-2026
09/02/2026;PONKI09EQ;PONCHO KIDS;[PONKI09EQ] PONCHO KIDS (Azul Cielo - 52013);Azul Cielo;Kids;1,00;Sambil Valencia;febrero-2026
09/02/2026;PONC01EQ;PONCHO ADULTO;[PONC01EQ] PONCHO ADULTO (AGUAMARINA);Aguamarina;Adulto;1,00;Cerro Verde ;febrero-2026
09/02/2026;PONC151EQ;PONCHO ADULTO;[PONC151EQ] PONCHO ADULTO (AZUL);Azul;Adulto;1,00;Cerro Verde ;febrero-2026
09/02/2026;PONC151EQ;PONCHO ADULTO;[PONC151EQ] PONCHO ADULTO (AZUL);Azul;Adulto;1,00;La Grieta;febrero-2026
09/02/2026;PONKI09EQ;PONCHO KIDS;[PONKI09EQ] PONCHO KIDS (Azul Cielo - 52013);Azul Cielo;Kids;1,00;Cerro Verde ;febrero-2026
10/02/2026;PONKI63EQ;PONCHO KIDS;[PONKI63EQ] PONCHO KIDS (Verde Agua);Verde Agua;Kids;2,00;La Grieta;febrero-2026
10/02/2026;PONC152EQ;PONCHO ADULTO;[PONC152EQ] PONCHO ADULTO (VERDE);Verde;Adulto;2,00;Cerro Verde ;febrero-2026
10/02/2026;PONKI35EQ;PONCHO KIDS;[PONKI35EQ] PONCHO KIDS (Magenta);Magenta;Kids;1,00;La Grieta;febrero-2026
10/02/2026;PONC151EQ;PONCHO ADULTO;[PONC151EQ] PONCHO ADULTO (AZUL);Azul;Adulto;1,00;Sambil Chacao ;febrero-2026
10/02/2026;PONC01EQ;PONCHO ADULTO;[PONC01EQ] PONCHO ADULTO (AGUAMARINA);Aguamarina;Adulto;1,00;Cerro Verde ;febrero-2026
10/02/2026;PONC151EQ;PONCHO ADULTO;[PONC151EQ] PONCHO ADULTO (AZUL);Azul;Adulto;1,00;Sambil Chacao ;febrero-2026
11/02/2026;PONC151EQ;PONCHO ADULTO;[PONC151EQ] PONCHO ADULTO (AZUL);Azul;Adulto;1,00;La Grieta;febrero-2026
11/02/2026;PONKI35EQ;PONCHO KIDS;[PONKI35EQ] PONCHO KIDS (Magenta);Magenta;Kids;2,00;La Grieta;febrero-2026
11/02/2026;PONC01EQ;PONCHO ADULTO;[PONC01EQ] PONCHO ADULTO (AGUAMARINA);Aguamarina;Adulto;1,00;Cerro Verde ;febrero-2026
12/02/2026;PONC151EQ;PONCHO ADULTO;[PONC151EQ] PONCHO ADULTO (AZUL);Azul;Adulto;1,00;La Grieta;febrero-2026
12/02/2026;PONC152EQ;PONCHO ADULTO;[PONC152EQ] PONCHO ADULTO (VERDE);Verde;Adulto;1,00;Cerro Verde ;febrero-2026
12/02/2026;PONC151EQ;PONCHO ADULTO;[PONC151EQ] PONCHO ADULTO (AZUL);Azul;Adulto;1,00;Sambil Chacao ;febrero-2026
12/02/2026;PONC01EQ;PONCHO ADULTO;[PONC01EQ] PONCHO ADULTO (AGUAMARINA);Aguamarina;Adulto;1,00;La Grieta;febrero-2026
12/02/2026;PONC151EQ;PONCHO ADULTO;[PONC151EQ] PONCHO ADULTO (AZUL);Azul;Adulto;1,00;WEB;febrero-2026
12/02/2026;PONC12EQ;PONCHO KIDS;[PONC12EQ] PONCHO KIDS (Azul Marino);Azul Marino;Kids;1,00;Cerro Verde ;febrero-2026
12/02/2026;PONC01EQ;PONCHO ADULTO;[PONC01EQ] PONCHO ADULTO (AGUAMARINA);Aguamarina;Adulto;1,00;Sambil Valencia;febrero-2026
13/02/2026;PONC152EQ;PONCHO ADULTO;[PONC152EQ] PONCHO ADULTO (VERDE);Verde;Adulto;1,00;La Grieta;febrero-2026
13/02/2026;PONC151EQ;PONCHO ADULTO;[PONC151EQ] PONCHO ADULTO (AZUL);Azul;Adulto;1,00;Cerro Verde ;febrero-2026
13/02/2026;PONC151EQ;PONCHO ADULTO;[PONC151EQ] PONCHO ADULTO (AZUL);Azul;Adulto;1,00;Cerro Verde ;febrero-2026
13/02/2026;PONKI35EQ;PONCHO KIDS;[PONKI35EQ] PONCHO KIDS (Magenta);Magenta;Kids;2,00;Cerro Verde ;febrero-2026
13/02/2026;PONC151EQ;PONCHO ADULTO;[PONC151EQ] PONCHO ADULTO (AZUL);Azul;Adulto;1,00;Cerro Verde ;febrero-2026
13/02/2026;PONC12EQ;PONCHO KIDS;[PONC12EQ] PONCHO KIDS (Azul Marino);Azul Marino;Kids;1,00;Cerro Verde ;febrero-2026
13/02/2026;PONKI63EQ;PONCHO KIDS;[PONKI63EQ] PONCHO KIDS (Verde Agua);Verde Agua;Kids;1,00;Cerro Verde ;febrero-2026
13/02/2026;PONC01EQ;PONCHO ADULTO;[PONC01EQ] PONCHO ADULTO (AGUAMARINA);Aguamarina;Adulto;1,00;Cerro Verde ;febrero-2026
14/02/2026;PONKI35EQ;PONCHO KIDS;[PONKI35EQ] PONCHO KIDS (Magenta);Magenta;Kids;1,00;Cerro Verde ;febrero-2026
14/02/2026;PONC152EQ;PONCHO ADULTO;[PONC152EQ] PONCHO ADULTO (VERDE);Verde;Adulto;1,00;La Grieta;febrero-2026
14/02/2026;PONC12EQ;PONCHO KIDS;[PONC12EQ] PONCHO KIDS (Azul Marino);Azul Marino;Kids;2,00;Sambil Chacao ;febrero-2026
14/02/2026;PONKI63EQ;PONCHO KIDS;[PONKI63EQ] PONCHO KIDS (Verde Agua);Verde Agua;Kids;-1,00;Cerro Verde ;febrero-2026
14/02/2026;PONC151EQ;PONCHO ADULTO;[PONC151EQ] PONCHO ADULTO (AZUL);Azul;Adulto;1,00;Cerro Verde ;febrero-2026
14/02/2026;PONC01EQ;PONCHO ADULTO;[PONC01EQ] PONCHO ADULTO (AGUAMARINA);Aguamarina;Adulto;1,00;Sambil Chacao ;febrero-2026
14/02/2026;PONC151EQ;PONCHO ADULTO;[PONC151EQ] PONCHO ADULTO (AZUL);Azul;Adulto;1,00;Cerro Verde ;febrero-2026
16/02/2026;PONC12EQ;PONCHO KIDS;[PONC12EQ] PONCHO KIDS (Azul Marino);Azul Marino;Kids;1,00;Cerro Verde ;febrero-2026
17/02/2026;PONKI35EQ;PONCHO KIDS;[PONKI35EQ] PONCHO KIDS (Magenta);Magenta;Kids;1,00;Sambil Valencia;febrero-2026
17/02/2026;PONC12EQ;PONCHO KIDS;[PONC12EQ] PONCHO KIDS (Azul Marino);Azul Marino;Kids;1,00;Cerro Verde ;febrero-2026
18/02/2026;PONKI35EQ;PONCHO KIDS;[PONKI35EQ] PONCHO KIDS (Magenta);Magenta;Kids;2,00;Cerro Verde ;febrero-2026
18/02/2026;PONKI09EQ;PONCHO KIDS;[PONKI09EQ] PONCHO KIDS (Azul Cielo - 52013);Azul Cielo;Kids;1,00;Cerro Verde ;febrero-2026
18/02/2026;PONKI35EQ;PONCHO KIDS;[PONKI35EQ] PONCHO KIDS (Magenta);Magenta;Kids;1,00;Sambil Chacao ;febrero-2026
18/02/2026;PONKI09EQ;PONCHO KIDS;[PONKI09EQ] PONCHO KIDS (Azul Cielo - 52013);Azul Cielo;Kids;1,00;Cerro Verde ;febrero-2026
18/02/2026;PONKI09EQ;PONCHO KIDS;[PONKI09EQ] PONCHO KIDS (Azul Cielo - 52013);Azul Cielo;Kids;1,00;Cerro Verde ;febrero-2026
18/02/2026;PONKI30EQ;PONCHO KIDS;[PONKI30EQ] PONCHO KIDS (Gris Claro - 9734);Gris Claro;Kids;1,00;Grandplaz ;febrero-2026
18/02/2026;PONC12EQ;PONCHO KIDS;[PONC12EQ] PONCHO KIDS (Azul Marino);Azul Marino;Kids;1,00;Sambil Valencia;febrero-2026
18/02/2026;PONKI30EQ;PONCHO KIDS;[PONKI30EQ] PONCHO KIDS (Gris Claro - 9734);Gris Claro;Kids;1,00;Sambil Valencia;febrero-2026
19/02/2026;PONC01EQ;PONCHO ADULTO;[PONC01EQ] PONCHO ADULTO (AGUAMARINA);Aguamarina;Adulto;1,00;Sambil Chacao ;febrero-2026
19/02/2026;PONC12EQ;PONCHO KIDS;[PONC12EQ] PONCHO KIDS (Azul Marino);Azul Marino;Kids;1,00;Cerro Verde ;febrero-2026
19/02/2026;PONC151EQ;PONCHO ADULTO;[PONC151EQ] PONCHO ADULTO (AZUL);Azul;Adulto;1,00;Sambil Valencia;febrero-2026
20/02/2026;PONC01EQ;PONCHO ADULTO;[PONC01EQ] PONCHO ADULTO (AGUAMARINA);Aguamarina;Adulto;1,00;Sambil Chacao ;febrero-2026
20/02/2026;PONC151EQ;PONCHO ADULTO;[PONC151EQ] PONCHO ADULTO (AZUL);Azul;Adulto;1,00;Sambil Chacao ;febrero-2026
20/02/2026;PONKI30EQ;PONCHO KIDS;[PONKI30EQ] PONCHO KIDS (Gris Claro - 9734);Gris Claro;Kids;2,00;La Grieta;febrero-2026
20/02/2026;PONC12EQ;PONCHO KIDS;[PONC12EQ] PONCHO KIDS (Azul Marino);Azul Marino;Kids;1,00;Sambil Chacao ;febrero-2026
21/02/2026;PONC151EQ;PONCHO ADULTO;[PONC151EQ] PONCHO ADULTO (AZUL);Azul;Adulto;1,00;Cerro Verde ;febrero-2026
21/02/2026;PONKI35EQ;PONCHO KIDS;[PONKI35EQ] PONCHO KIDS (Magenta);Magenta;Kids;1,00;Cerro Verde ;febrero-2026
21/02/2026;PONKI63EQ;PONCHO KIDS;[PONKI63EQ] PONCHO KIDS (Verde Agua);Verde Agua;Kids;1,00;Sambil Chacao ;febrero-2026
21/02/2026;PONC152EQ;PONCHO ADULTO;[PONC152EQ] PONCHO ADULTO (VERDE);Verde;Adulto;1,00;Grandplaz ;febrero-2026
21/02/2026;PONC43EQ;PONCHO KIDS;[PONC43EQ] PONCHO KIDS (Negro);Negro;Kids;1,00;Cerro Verde ;febrero-2026
21/02/2026;PONKI35EQ;PONCHO KIDS;[PONKI35EQ] PONCHO KIDS (Magenta);Magenta;Kids;1,00;La Grieta;febrero-2026
21/02/2026;PONC12EQ;PONCHO KIDS;[PONC12EQ] PONCHO KIDS (Azul Marino);Azul Marino;Kids;1,00;Cerro Verde ;febrero-2026
22/02/2026;PONC01EQ;PONCHO ADULTO;[PONC01EQ] PONCHO ADULTO (AGUAMARINA);Aguamarina;Adulto;1,00;Cerro Verde ;febrero-2026
22/02/2026;PONC152EQ;PONCHO ADULTO;[PONC152EQ] PONCHO ADULTO (VERDE);Verde;Adulto;1,00;Cerro Verde ;febrero-2026
22/02/2026;PONKI30EQ;PONCHO KIDS;[PONKI30EQ] PONCHO KIDS (Gris Claro - 9734);Gris Claro;Kids;1,00;Sambil Valencia;febrero-2026
22/02/2026;PONKI30EQ;PONCHO KIDS;[PONKI30EQ] PONCHO KIDS (Gris Claro - 9734);Gris Claro;Kids;1,00;Sambil Valencia;febrero-2026
22/02/2026;PONC43EQ;PONCHO KIDS;[PONC43EQ] PONCHO KIDS (Negro);Negro;Kids;1,00;Sambil Chacao ;febrero-2026
23/02/2026;PONKI35EQ;PONCHO KIDS;[PONKI35EQ] PONCHO KIDS (Magenta);Magenta;Kids;1,00;Sambil Chacao ;febrero-2026
23/02/2026;PONC151EQ;PONCHO ADULTO;[PONC151EQ] PONCHO ADULTO (AZUL);Azul;Adulto;1,00;Sambil Chacao ;febrero-2026
24/02/2026;PONC151EQ;PONCHO ADULTO;[PONC151EQ] PONCHO ADULTO (AZUL);Azul;Adulto;2,00;WEB;febrero-2026
24/02/2026;PONKI30EQ;PONCHO KIDS;[PONKI30EQ] PONCHO KIDS (Gris Claro - 9734);Gris Claro;Kids;1,00;Sambil Valencia;febrero-2026
25/02/2026;PONC12EQ;PONCHO KIDS;[PONC12EQ] PONCHO KIDS (Azul Marino);Azul Marino;Kids;1,00;La Grieta;febrero-2026
26/02/2026;PONKI35EQ;PONCHO KIDS;[PONKI35EQ] PONCHO KIDS (Magenta);Magenta;Kids;1,00;Cerro Verde ;febrero-2026
26/02/2026;PONKI63EQ;PONCHO KIDS;[PONKI63EQ] PONCHO KIDS (Verde Agua);Verde Agua;Kids;1,00;Sambil Valencia;febrero-2026
27/02/2026;PONKI35EQ;PONCHO KIDS;[PONKI35EQ] PONCHO KIDS (Magenta);Magenta;Kids;1,00;Cerro Verde ;febrero-2026
27/02/2026;PONC151EQ;PONCHO ADULTO;[PONC151EQ] PONCHO ADULTO (AZUL);Azul;Adulto;1,00;Sambil Chacao ;febrero-2026
27/02/2026;PONC152EQ;PONCHO ADULTO;[PONC152EQ] PONCHO ADULTO (VERDE);Verde;Adulto;1,00;Sambil Chacao ;febrero-2026
28/02/2026;PONKI35EQ;PONCHO KIDS;[PONKI35EQ] PONCHO KIDS (Magenta);Magenta;Kids;1,00;La Grieta;febrero-2026
28/02/2026;PONKI63EQ;PONCHO KIDS;[PONKI63EQ] PONCHO KIDS (Verde Agua);Verde Agua;Kids;1,00;La Grieta;febrero-2026
28/02/2026;PONC152EQ;PONCHO ADULTO;[PONC152EQ] PONCHO ADULTO (VERDE);Verde;Adulto;1,00;La Grieta;febrero-2026
28/02/2026;PONC151EQ;PONCHO ADULTO;[PONC151EQ] PONCHO ADULTO (AZUL);Azul;Adulto;1,00;La Grieta;febrero-2026
28/02/2026;PONKI35EQ;PONCHO KIDS;[PONKI35EQ] PONCHO KIDS (Magenta);Magenta;Kids;1,00;Sambil Valencia;febrero-2026
01/03/2026;PONC12EQ;PONCHO KIDS;[PONC12EQ] PONCHO KIDS (Azul Marino);Azul Marino;Kids;1,00;Sambil Valencia;marzo-2026
02/03/2026;PONC151EQ;PONCHO ADULTO;[PONC151EQ] PONCHO ADULTO (AZUL);Azul;Adulto;1,00;Sambil Chacao ;marzo-2026
03/03/2026;PONKI63EQ;PONCHO KIDS;[PONKI63EQ] PONCHO KIDS (Verde Agua);Verde Agua;Kids;1,00;Cerro Verde ;marzo-2026
05/03/2026;PONC151EQ;PONCHO ADULTO;[PONC151EQ] PONCHO ADULTO (AZUL);Azul;Adulto;1,00;La Grieta;marzo-2026
05/03/2026;PONC12EQ;PONCHO KIDS;[PONC12EQ] PONCHO KIDS (Azul Marino);Azul Marino;Kids;1,00;La Grieta;marzo-2026
05/03/2026;PONC151EQ;PONCHO ADULTO;[PONC151EQ] PONCHO ADULTO (AZUL);Azul;Adulto;1,00;Sambil Valencia;marzo-2026
06/03/2026;PONKI35EQ;PONCHO KIDS;[PONKI35EQ] PONCHO KIDS (Magenta);Magenta;Kids;1,00;La Grieta;marzo-2026
07/03/2026;PONKI35EQ;PONCHO KIDS;[PONKI35EQ] PONCHO KIDS (Magenta);Magenta;Kids;1,00;Cerro Verde ;marzo-2026
07/03/2026;PONC12EQ;PONCHO KIDS;[PONC12EQ] PONCHO KIDS (Azul Marino);Azul Marino;Kids;1,00;Cerro Verde ;marzo-2026
08/03/2026;PONC151EQ;PONCHO ADULTO;[PONC151EQ] PONCHO ADULTO (AZUL);Azul;Adulto;1,00;La Grieta;marzo-2026
08/03/2026;PONC152EQ;PONCHO ADULTO;[PONC152EQ] PONCHO ADULTO (VERDE);Verde;Adulto;1,00;La Grieta;marzo-2026
08/03/2026;PONKI35EQ;PONCHO KIDS;[PONKI35EQ] PONCHO KIDS (Magenta);Magenta;Kids;1,00;La Grieta;marzo-2026
09/03/2026;PONKI35EQ;PONCHO KIDS;[PONKI35EQ] PONCHO KIDS (Magenta);Magenta;Kids;1,00;Cerro Verde ;marzo-2026
09/03/2026;PONKI35EQ;PONCHO KIDS;[PONKI35EQ] PONCHO KIDS (Magenta);Magenta;Kids;1,00;Sambil Chacao ;marzo-2026
10/03/2026;PONC43EQ;PONCHO KIDS;[PONC43EQ] PONCHO KIDS (Negro);Negro;Kids;1,00;Sambil Chacao ;marzo-2026
10/03/2026;PONC43EQ;PONCHO KIDS;[PONC43EQ] PONCHO KIDS (Negro);Negro;Kids;1,00;La Grieta;marzo-2026
10/03/2026;PONKI09EQ;PONCHO KIDS;[PONKI09EQ] PONCHO KIDS (Azul Cielo - 52013);Azul Cielo;Kids;1,00;Sambil Chacao ;marzo-2026
10/03/2026;PONC43EQ;PONCHO KIDS;[PONC43EQ] PONCHO KIDS (Negro);Negro;Kids;1,00;Sambil Chacao ;marzo-2026
10/03/2026;PONKI30EQ;PONCHO KIDS;[PONKI30EQ] PONCHO KIDS (Gris Claro - 9734);Gris Claro;Kids;1,00;Sambil Chacao ;marzo-2026
11/03/2026;PONC01EQ;PONCHO ADULTO;[PONC01EQ] PONCHO ADULTO (AGUAMARINA);Aguamarina;Adulto;1,00;WEB;marzo-2026
11/03/2026;PONKI09EQ;PONCHO KIDS;[PONKI09EQ] PONCHO KIDS (Azul Cielo - 52013);Azul Cielo;Kids;1,00;Sambil Chacao ;marzo-2026
11/03/2026;PONC152EQ;PONCHO ADULTO;[PONC152EQ] PONCHO ADULTO (VERDE);Verde;Adulto;1,00;Cerro Verde ;marzo-2026
12/03/2026;PONKI63EQ;PONCHO KIDS;[PONKI63EQ] PONCHO KIDS (Verde Agua);Verde Agua;Kids;1,00;Sambil Valencia;marzo-2026
12/03/2026;PONKI63EQ;PONCHO KIDS;[PONKI63EQ] PONCHO KIDS (Verde Agua);Verde Agua;Kids;1,00;Cerro Verde ;marzo-2026
13/03/2026;PONKI09EQ;PONCHO KIDS;[PONKI09EQ] PONCHO KIDS (Azul Cielo - 52013);Azul Cielo;Kids;2,00;Sambil Chacao ;marzo-2026
13/03/2026;PONKI09EQ;PONCHO KIDS;[PONKI09EQ] PONCHO KIDS (Azul Cielo - 52013);Azul Cielo;Kids;1,00;Sambil Valencia;marzo-2026
14/03/2026;PONC12EQ;PONCHO KIDS;[PONC12EQ] PONCHO KIDS (Azul Marino);Azul Marino;Kids;1,00;La Grieta;marzo-2026
14/03/2026;PONKI35EQ;PONCHO KIDS;[PONKI35EQ] PONCHO KIDS (Magenta);Magenta;Kids;1,00;La Grieta;marzo-2026
14/03/2026;PONKI35EQ;PONCHO KIDS;[PONKI35EQ] PONCHO KIDS (Magenta);Magenta;Kids;1,00;Sambil Valencia;marzo-2026
14/03/2026;PONKI35EQ;PONCHO KIDS;[PONKI35EQ] PONCHO KIDS (Magenta);Magenta;Kids;1,00;Sambil Chacao ;marzo-2026
14/03/2026;PONKI35EQ;PONCHO KIDS;[PONKI35EQ] PONCHO KIDS (Magenta);Magenta;Kids;-1,00;Sambil Chacao ;marzo-2026
14/03/2026;PONKI35EQ;PONCHO KIDS;[PONKI35EQ] PONCHO KIDS (Magenta);Magenta;Kids;1,00;Sambil Chacao ;marzo-2026
14/03/2026;PONC01EQ;PONCHO ADULTO;[PONC01EQ] PONCHO ADULTO (AGUAMARINA);Aguamarina;Adulto;1,00;La Grieta;marzo-2026
14/03/2026;PONC151EQ;PONCHO ADULTO;[PONC151EQ] PONCHO ADULTO (AZUL);Azul;Adulto;1,00;La Grieta;marzo-2026
15/03/2026;PONC12EQ;PONCHO KIDS;[PONC12EQ] PONCHO KIDS (Azul Marino);Azul Marino;Kids;1,00;Sambil Chacao ;marzo-2026
16/03/2026;PONC43EQ;PONCHO KIDS;[PONC43EQ] PONCHO KIDS (Negro);Negro;Kids;1,00;Cerro Verde ;marzo-2026
16/03/2026;PONKI63EQ;PONCHO KIDS;[PONKI63EQ] PONCHO KIDS (Verde Agua);Verde Agua;Kids;1,00;Cerro Verde ;marzo-2026
18/03/2026;PONC151EQ;PONCHO ADULTO;[PONC151EQ] PONCHO ADULTO (AZUL);Azul;Adulto;1,00;Cerro Verde ;marzo-2026
18/03/2026;PONC12EQ;PONCHO KIDS;[PONC12EQ] PONCHO KIDS (Azul Marino);Azul Marino;Kids;1,00;Cerro Verde ;marzo-2026
19/03/2026;PONC01EQ;PONCHO ADULTO;[PONC01EQ] PONCHO ADULTO (AGUAMARINA);Aguamarina;Adulto;1,00;Sambil Chacao ;marzo-2026
20/03/2026;PONKI35EQ;PONCHO KIDS;[PONKI35EQ] PONCHO KIDS (Magenta);Magenta;Kids;1,00;WEB;marzo-2026
20/03/2026;EC175UN;ECO BAG;[EC175UN] ECO BAG (Daily/Negro);Negro;�nica;1,00;Cerro Verde ;marzo-2026
21/03/2026;EC175UN;ECO BAG;[EC175UN] ECO BAG (Daily/Negro);Negro;�nica;1,00;Cerro Verde ;marzo-2026
21/03/2026;PONKI63EQ;PONCHO KIDS;[PONKI63EQ] PONCHO KIDS (Verde Agua);Verde Agua;Kids;1,00;Cerro Verde ;marzo-2026
22/03/2026;PONC01EQ;PONCHO ADULTO;[PONC01EQ] PONCHO ADULTO (AGUAMARINA);Aguamarina;Adulto;1,00;Cerro Verde ;marzo-2026
22/03/2026;PONC151EQ;PONCHO ADULTO;[PONC151EQ] PONCHO ADULTO (AZUL);Azul;Adulto;1,00;Cerro Verde ;marzo-2026
22/03/2026;PONC151EQ;PONCHO ADULTO;[PONC151EQ] PONCHO ADULTO (AZUL);Azul;Adulto;1,00;Sambil Chacao ;marzo-2026
22/03/2026;PONKI30EQ;PONCHO KIDS;[PONKI30EQ] PONCHO KIDS (Gris Claro - 9734);Gris Claro;Kids;1,00;Sambil Chacao ;marzo-2026
23/03/2026;PONC152EQ;PONCHO ADULTO;[PONC152EQ] PONCHO ADULTO (VERDE);Verde;Adulto;1,00;La Grieta;marzo-2026
23/03/2026;PONKI09EQ;PONCHO KIDS;[PONKI09EQ] PONCHO KIDS (Azul Cielo - 52013);Azul Cielo;Kids;1,00;Cerro Verde ;marzo-2026
23/03/2026;PONKI09EQ;PONCHO KIDS;[PONKI09EQ] PONCHO KIDS (Azul Cielo - 52013);Azul Cielo;Kids;1,00;Cerro Verde ;marzo-2026
23/03/2026;PONC151EQ;PONCHO ADULTO;[PONC151EQ] PONCHO ADULTO (AZUL);Azul;Adulto;1,00;Sambil Valencia;marzo-2026
24/03/2026;PONC152EQ;PONCHO ADULTO;[PONC152EQ] PONCHO ADULTO (VERDE);Verde;Adulto;1,00;Cerro Verde ;marzo-2026
24/03/2026;PONC151EQ;PONCHO ADULTO;[PONC151EQ] PONCHO ADULTO (AZUL);Azul;Adulto;1,00;Cerro Verde ;marzo-2026
24/03/2026;PONC01EQ;PONCHO ADULTO;[PONC01EQ] PONCHO ADULTO (AGUAMARINA);Aguamarina;Adulto;1,00;Cerro Verde ;marzo-2026
24/03/2026;PONC01EQ;PONCHO ADULTO;[PONC01EQ] PONCHO ADULTO (AGUAMARINA);Aguamarina;Adulto;1,00;La Grieta;marzo-2026
24/03/2026;PONC151EQ;PONCHO ADULTO;[PONC151EQ] PONCHO ADULTO (AZUL);Azul;Adulto;1,00;La Grieta;marzo-2026
24/03/2026;PONC151EQ;PONCHO ADULTO;[PONC151EQ] PONCHO ADULTO (AZUL);Azul;Adulto;1,00;La Grieta;marzo-2026
24/03/2026;PONC43EQ;PONCHO KIDS;[PONC43EQ] PONCHO KIDS (Negro);Negro;Kids;1,00;Cerro Verde ;marzo-2026
24/03/2026;PONC151EQ;PONCHO ADULTO;[PONC151EQ] PONCHO ADULTO (AZUL);Azul;Adulto;2,00;Cerro Verde ;marzo-2026
24/03/2026;PONC12EQ;PONCHO KIDS;[PONC12EQ] PONCHO KIDS (Azul Marino);Azul Marino;Kids;1,00;Cerro Verde ;marzo-2026
25/03/2026;PONKI09EQ;PONCHO KIDS;[PONKI09EQ] PONCHO KIDS (Azul Cielo - 52013);Azul Cielo;Kids;1,00;Cerro Verde ;marzo-2026
25/03/2026;PONKI35EQ;PONCHO KIDS;[PONKI35EQ] PONCHO KIDS (Magenta);Magenta;Kids;1,00;Cerro Verde ;marzo-2026
25/03/2026;PONKI30EQ;PONCHO KIDS;[PONKI30EQ] PONCHO KIDS (Gris Claro - 9734);Gris Claro;Kids;1,00;La Grieta;marzo-2026
25/03/2026;PONKI09EQ;PONCHO KIDS;[PONKI09EQ] PONCHO KIDS (Azul Cielo - 52013);Azul Cielo;Kids;1,00;Cerro Verde ;marzo-2026
25/03/2026;PONKI63EQ;PONCHO KIDS;[PONKI63EQ] PONCHO KIDS (Verde Agua);Verde Agua;Kids;1,00;Grandplaz ;marzo-2026
25/03/2026;PONC151EQ;PONCHO ADULTO;[PONC151EQ] PONCHO ADULTO (AZUL);Azul;Adulto;1,00;Sambil Chacao ;marzo-2026
25/03/2026;PONC151EQ;PONCHO ADULTO;[PONC151EQ] PONCHO ADULTO (AZUL);Azul;Adulto;1,00;Sambil Chacao ;marzo-2026
26/03/2026;PONC12EQ;PONCHO KIDS;[PONC12EQ] PONCHO KIDS (Azul Marino);Azul Marino;Kids;1,00;Sambil Chacao ;marzo-2026
26/03/2026;PONKI35EQ;PONCHO KIDS;[PONKI35EQ] PONCHO KIDS (Magenta);Magenta;Kids;1,00;WEB;marzo-2026
26/03/2026;PONC01EQ;PONCHO ADULTO;[PONC01EQ] PONCHO ADULTO (AGUAMARINA);Aguamarina;Adulto;1,00;Cerro Verde ;marzo-2026
26/03/2026;PONC151EQ;PONCHO ADULTO;[PONC151EQ] PONCHO ADULTO (AZUL);Azul;Adulto;1,00;Cerro Verde ;marzo-2026
26/03/2026;PONC152EQ;PONCHO ADULTO;[PONC152EQ] PONCHO ADULTO (VERDE);Verde;Adulto;1,00;Sambil Chacao ;marzo-2026
27/03/2026;PONC151EQ;PONCHO ADULTO;[PONC151EQ] PONCHO ADULTO (AZUL);Azul;Adulto;1,00;Cerro Verde ;marzo-2026
27/03/2026;PONKI30EQ;PONCHO KIDS;[PONKI30EQ] PONCHO KIDS (Gris Claro - 9734);Gris Claro;Kids;1,00;Cerro Verde ;marzo-2026
27/03/2026;PONC151EQ;PONCHO ADULTO;[PONC151EQ] PONCHO ADULTO (AZUL);Azul;Adulto;1,00;La Grieta;marzo-2026
27/03/2026;PONC151EQ;PONCHO ADULTO;[PONC151EQ] PONCHO ADULTO (AZUL);Azul;Adulto;1,00;La Grieta;marzo-2026
27/03/2026;PONKI35EQ;PONCHO KIDS;[PONKI35EQ] PONCHO KIDS (Magenta);Magenta;Kids;1,00;La Grieta;marzo-2026
27/03/2026;PONKI09EQ;PONCHO KIDS;[PONKI09EQ] PONCHO KIDS (Azul Cielo - 52013);Azul Cielo;Kids;1,00;La Grieta;marzo-2026
27/03/2026;PONC43EQ;PONCHO KIDS;[PONC43EQ] PONCHO KIDS (Negro);Negro;Kids;1,00;Sambil Chacao ;marzo-2026
27/03/2026;PONKI35EQ;PONCHO KIDS;[PONKI35EQ] PONCHO KIDS (Magenta);Magenta;Kids;1,00;Sambil Chacao ;marzo-2026
27/03/2026;PONKI63EQ;PONCHO KIDS;[PONKI63EQ] PONCHO KIDS (Verde Agua);Verde Agua;Kids;1,00;Cerro Verde ;marzo-2026
27/03/2026;PONKI09EQ;PONCHO KIDS;[PONKI09EQ] PONCHO KIDS (Azul Cielo - 52013);Azul Cielo;Kids;1,00;Cerro Verde ;marzo-2026
27/03/2026;PONC151EQ;PONCHO ADULTO;[PONC151EQ] PONCHO ADULTO (AZUL);Azul;Adulto;1,00;Cerro Verde ;marzo-2026
28/03/2026;PONKI63EQ;PONCHO KIDS;[PONKI63EQ] PONCHO KIDS (Verde Agua);Verde Agua;Kids;1,00;La Grieta;marzo-2026
28/03/2026;PONKI35EQ;PONCHO KIDS;[PONKI35EQ] PONCHO KIDS (Magenta);Magenta;Kids;1,00;Cerro Verde ;marzo-2026
28/03/2026;PONC151EQ;PONCHO ADULTO;[PONC151EQ] PONCHO ADULTO (AZUL);Azul;Adulto;1,00;La Grieta;marzo-2026
28/03/2026;EC173UN;ECO BAG;[EC173UN] ECO BAG (Palmeras/Azul);Azul;�nica;1,00;Grandplaz ;marzo-2026
28/03/2026;PONKI30EQ;PONCHO KIDS;[PONKI30EQ] PONCHO KIDS (Gris Claro - 9734);Gris Claro;Kids;1,00;La Grieta;marzo-2026
28/03/2026;PONKI63EQ;PONCHO KIDS;[PONKI63EQ] PONCHO KIDS (Verde Agua);Verde Agua;Kids;1,00;La Grieta;marzo-2026
28/03/2026;PONKI35EQ;PONCHO KIDS;[PONKI35EQ] PONCHO KIDS (Magenta);Magenta;Kids;1,00;Cerro Verde ;marzo-2026
28/03/2026;PONKI09EQ;PONCHO KIDS;[PONKI09EQ] PONCHO KIDS (Azul Cielo - 52013);Azul Cielo;Kids;1,00;Cerro Verde ;marzo-2026
28/03/2026;PONC12EQ;PONCHO KIDS;[PONC12EQ] PONCHO KIDS (Azul Marino);Azul Marino;Kids;1,00;Sambil Valencia;marzo-2026
28/03/2026;PONKI09EQ;PONCHO KIDS;[PONKI09EQ] PONCHO KIDS (Azul Cielo - 52013);Azul Cielo;Kids;1,00;Sambil Valencia;marzo-2026
29/03/2026;PONC151EQ;PONCHO ADULTO;[PONC151EQ] PONCHO ADULTO (AZUL);Azul;Adulto;1,00;Sambil Valencia;marzo-2026
29/03/2026;PONKI09EQ;PONCHO KIDS;[PONKI09EQ] PONCHO KIDS (Azul Cielo - 52013);Azul Cielo;Kids;1,00;Cerro Verde ;marzo-2026
30/03/2026;PONKI35EQ;PONCHO KIDS;[PONKI35EQ] PONCHO KIDS (Magenta);Magenta;Kids;1,00;WEB;marzo-2026
30/03/2026;PONC151EQ;PONCHO ADULTO;[PONC151EQ] PONCHO ADULTO (AZUL);Azul;Adulto;1,00;La Grieta;marzo-2026
30/03/2026;PONC152EQ;PONCHO ADULTO;[PONC152EQ] PONCHO ADULTO (VERDE);Verde;Adulto;1,00;La Grieta;marzo-2026
30/03/2026;PONC43EQ;PONCHO KIDS;[PONC43EQ] PONCHO KIDS (Negro);Negro;Kids;1,00;La Grieta;marzo-2026
30/03/2026;PONC151EQ;PONCHO ADULTO;[PONC151EQ] PONCHO ADULTO (AZUL);Azul;Adulto;1,00;Cerro Verde ;marzo-2026
30/03/2026;PONC151EQ;PONCHO ADULTO;[PONC151EQ] PONCHO ADULTO (AZUL);Azul;Adulto;1,00;Cerro Verde ;marzo-2026
30/03/2026;PONC152EQ;PONCHO ADULTO;[PONC152EQ] PONCHO ADULTO (VERDE);Verde;Adulto;1,00;Cerro Verde ;marzo-2026
30/03/2026;PONC12EQ;PONCHO KIDS;[PONC12EQ] PONCHO KIDS (Azul Marino);Azul Marino;Kids;1,00;La Grieta;marzo-2026
31/03/2026;PONKI09EQ;PONCHO KIDS;[PONKI09EQ] PONCHO KIDS (Azul Cielo - 52013);Azul Cielo;Kids;1,00;WEB;marzo-2026
31/03/2026;PONC12EQ;PONCHO KIDS;[PONC12EQ] PONCHO KIDS (Azul Marino);Azul Marino;Kids;1,00;Cerro Verde ;marzo-2026
31/03/2026;PONC151EQ;PONCHO ADULTO;[PONC151EQ] PONCHO ADULTO (AZUL);Azul;Adulto;1,00;Sambil Chacao ;marzo-2026
01/04/2026;PONC152EQ;PONCHO ADULTO;[PONC152EQ] PONCHO ADULTO (VERDE);Verde;Adulto;1,00;Sambil Chacao ;abril-2026
01/04/2026;PONKI35EQ;PONCHO KIDS;[PONKI35EQ] PONCHO KIDS (Magenta);Magenta;Kids;1,00;Cerro Verde ;abril-2026
01/04/2026;PONKI35EQ;PONCHO KIDS;[PONKI35EQ] PONCHO KIDS (Magenta);Magenta;Kids;1,00;WEB;abril-2026
02/04/2026;PONC151EQ;PONCHO ADULTO;[PONC151EQ] PONCHO ADULTO (AZUL);Azul;Adulto;1,00;La Grieta;abril-2026
02/04/2026;PONC151EQ;PONCHO ADULTO;[PONC151EQ] PONCHO ADULTO (AZUL);Azul;Adulto;1,00;La Grieta;abril-2026
02/04/2026;PONC01EQ;PONCHO ADULTO;[PONC01EQ] PONCHO ADULTO (AGUAMARINA);Aguamarina;Adulto;1,00;Sambil Valencia;abril-2026
03/04/2026;PONC152EQ;PONCHO ADULTO;[PONC152EQ] PONCHO ADULTO (VERDE);Verde;Adulto;1,00;Cerro Verde ;abril-2026
03/04/2026;PONC151EQ;PONCHO ADULTO;[PONC151EQ] PONCHO ADULTO (AZUL);Azul;Adulto;1,00;Cerro Verde ;abril-2026
03/04/2026;PONC12EQ;PONCHO KIDS;[PONC12EQ] PONCHO KIDS (Azul Marino);Azul Marino;Kids;1,00;La Grieta;abril-2026
04/04/2026;PONKI09EQ;PONCHO KIDS;[PONKI09EQ] PONCHO KIDS (Azul Cielo - 52013);Azul Cielo;Kids;1,00;La Grieta;abril-2026
04/04/2026;PONKI35EQ;PONCHO KIDS;[PONKI35EQ] PONCHO KIDS (Magenta);Magenta;Kids;1,00;Cerro Verde ;abril-2026
05/04/2026;PONKI30EQ;PONCHO KIDS;[PONKI30EQ] PONCHO KIDS (Gris Claro - 9734);Gris Claro;Kids;2,00;Cerro Verde ;abril-2026
05/04/2026;PONKI63EQ;PONCHO KIDS;[PONKI63EQ] PONCHO KIDS (Verde Agua);Verde Agua;Kids;1,00;Cerro Verde ;abril-2026
05/04/2026;PONKI35EQ;PONCHO KIDS;[PONKI35EQ] PONCHO KIDS (Magenta);Magenta;Kids;1,00;Cerro Verde ;abril-2026
05/04/2026;PONC12EQ;PONCHO KIDS;[PONC12EQ] PONCHO KIDS (Azul Marino);Azul Marino;Kids;1,00;Cerro Verde ;abril-2026
06/04/2026;PONC151EQ;PONCHO ADULTO;[PONC151EQ] PONCHO ADULTO (AZUL);Azul;Adulto;1,00;Grandplaz ;abril-2026
06/04/2026;EC176UN;ECO BAG;[EC176UN] ECO BAG (Ondas/Verde);Verde;�nica;1,00;Grandplaz ;abril-2026
06/04/2026;PONC152EQ;PONCHO ADULTO;[PONC152EQ] PONCHO ADULTO (VERDE);Verde;Adulto;1,00;Grandplaz ;abril-2026
06/04/2026;PONKI30EQ;PONCHO KIDS;[PONKI30EQ] PONCHO KIDS (Gris Claro - 9734);Gris Claro;Kids;1,00;Cerro Verde ;abril-2026
06/04/2026;PONKI63EQ;PONCHO KIDS;[PONKI63EQ] PONCHO KIDS (Verde Agua);Verde Agua;Kids;1,00;Cerro Verde ;abril-2026
06/04/2026;PONC12EQ;PONCHO KIDS;[PONC12EQ] PONCHO KIDS (Azul Marino);Azul Marino;Kids;1,00;Cerro Verde ;abril-2026
06/04/2026;PONC151EQ;PONCHO ADULTO;[PONC151EQ] PONCHO ADULTO (AZUL);Azul;Adulto;1,00;Cerro Verde ;abril-2026
06/04/2026;PONC01EQ;PONCHO ADULTO;[PONC01EQ] PONCHO ADULTO (AGUAMARINA);Aguamarina;Adulto;1,00;Sambil Chacao ;abril-2026
06/04/2026;PONKI35EQ;PONCHO KIDS;[PONKI35EQ] PONCHO KIDS (Magenta);Magenta;Kids;1,00;Sambil Chacao ;abril-2026
06/04/2026;PONC12EQ;PONCHO KIDS;[PONC12EQ] PONCHO KIDS (Azul Marino);Azul Marino;Kids;1,00;Sambil Valencia;abril-2026
07/04/2026;PONC01EQ;PONCHO ADULTO;[PONC01EQ] PONCHO ADULTO (AGUAMARINA);Aguamarina;Adulto;1,00;Cerro Verde ;abril-2026
08/04/2026;PONKI35EQ;PONCHO KIDS;[PONKI35EQ] PONCHO KIDS (Magenta);Magenta;Kids;1,00;Sambil Valencia;abril-2026
08/04/2026;PONKI35EQ;PONCHO KIDS;[PONKI35EQ] PONCHO KIDS (Magenta);Magenta;Kids;1,00;La Grieta;abril-2026
08/04/2026;PONKI63EQ;PONCHO KIDS;[PONKI63EQ] PONCHO KIDS (Verde Agua);Verde Agua;Kids;1,00;Cerro Verde ;abril-2026
08/04/2026;PONC152EQ;PONCHO ADULTO;[PONC152EQ] PONCHO ADULTO (VERDE);Verde;Adulto;1,00;Cerro Verde ;abril-2026
08/04/2026;PONC151EQ;PONCHO ADULTO;[PONC151EQ] PONCHO ADULTO (AZUL);Azul;Adulto;1,00;Cerro Verde ;abril-2026
08/04/2026;PONKI63EQ;PONCHO KIDS;[PONKI63EQ] PONCHO KIDS (Verde Agua);Verde Agua;Kids;1,00;Grandplaz ;abril-2026
08/04/2026;PONKI09EQ;PONCHO KIDS;[PONKI09EQ] PONCHO KIDS (Azul Cielo - 52013);Azul Cielo;Kids;1,00;Grandplaz ;abril-2026
08/04/2026;PONC12EQ;PONCHO KIDS;[PONC12EQ] PONCHO KIDS (Azul Marino);Azul Marino;Kids;1,00;Grandplaz ;abril-2026
08/04/2026;PONKI35EQ;PONCHO KIDS;[PONKI35EQ] PONCHO KIDS (Magenta);Magenta;Kids;1,00;Grandplaz ;abril-2026
08/04/2026;PONKI63EQ;PONCHO KIDS;[PONKI63EQ] PONCHO KIDS (Verde Agua);Verde Agua;Kids;-1,00;Grandplaz ;abril-2026
08/04/2026;PONKI09EQ;PONCHO KIDS;[PONKI09EQ] PONCHO KIDS (Azul Cielo - 52013);Azul Cielo;Kids;-1,00;Grandplaz ;abril-2026
08/04/2026;PONKI09EQ;PONCHO KIDS;[PONKI09EQ] PONCHO KIDS (Azul Cielo - 52013);Azul Cielo;Kids;1,00;Grandplaz ;abril-2026
08/04/2026;PONKI63EQ;PONCHO KIDS;[PONKI63EQ] PONCHO KIDS (Verde Agua);Verde Agua;Kids;1,00;Grandplaz ;abril-2026
09/04/2026;PONKI63EQ;PONCHO KIDS;[PONKI63EQ] PONCHO KIDS (Verde Agua);Verde Agua;Kids;1,00;Cerro Verde ;abril-2026
09/04/2026;PONC12EQ;PONCHO KIDS;[PONC12EQ] PONCHO KIDS (Azul Marino);Azul Marino;Kids;1,00;Cerro Verde ;abril-2026
09/04/2026;PONKI09EQ;PONCHO KIDS;[PONKI09EQ] PONCHO KIDS (Azul Cielo - 52013);Azul Cielo;Kids;1,00;Sambil Valencia;abril-2026
09/04/2026;PONC151EQ;PONCHO ADULTO;[PONC151EQ] PONCHO ADULTO (AZUL);Azul;Adulto;1,00;Sambil Chacao ;abril-2026
09/04/2026;PONC01EQ;PONCHO ADULTO;[PONC01EQ] PONCHO ADULTO (AGUAMARINA);Aguamarina;Adulto;1,00;Sambil Chacao ;abril-2026
09/04/2026;PONC152EQ;PONCHO ADULTO;[PONC152EQ] PONCHO ADULTO (VERDE);Verde;Adulto;1,00;Sambil Chacao ;abril-2026
10/04/2026;PONKI30EQ;PONCHO KIDS;[PONKI30EQ] PONCHO KIDS (Gris Claro - 9734);Gris Claro;Kids;1,00;Cerro Verde ;abril-2026
10/04/2026;PONKI63EQ;PONCHO KIDS;[PONKI63EQ] PONCHO KIDS (Verde Agua);Verde Agua;Kids;2,00;Cerro Verde ;abril-2026
10/04/2026;PONKI63EQ;PONCHO KIDS;[PONKI63EQ] PONCHO KIDS (Verde Agua);Verde Agua;Kids;-2,00;Cerro Verde ;abril-2026
10/04/2026;PONKI63EQ;PONCHO KIDS;[PONKI63EQ] PONCHO KIDS (Verde Agua);Verde Agua;Kids;2,00;Cerro Verde ;abril-2026
10/04/2026;PONKI35EQ;PONCHO KIDS;[PONKI35EQ] PONCHO KIDS (Magenta);Magenta;Kids;1,00;Sambil Valencia;abril-2026
10/04/2026;PONC12EQ;PONCHO KIDS;[PONC12EQ] PONCHO KIDS (Azul Marino);Azul Marino;Kids;1,00;Sambil Valencia;abril-2026
11/04/2026;PONC151EQ;PONCHO ADULTO;[PONC151EQ] PONCHO ADULTO (AZUL);Azul;Adulto;1,00;Sambil Chacao ;abril-2026
12/04/2026;PONC152EQ;PONCHO ADULTO;[PONC152EQ] PONCHO ADULTO (VERDE);Verde;Adulto;1,00;Sambil Chacao ;abril-2026
12/04/2026;PONKI35EQ;PONCHO KIDS;[PONKI35EQ] PONCHO KIDS (Magenta);Magenta;Kids;1,00;Sambil Valencia;abril-2026
12/04/2026;PONKI63EQ;PONCHO KIDS;[PONKI63EQ] PONCHO KIDS (Verde Agua);Verde Agua;Kids;1,00;La Grieta;abril-2026
12/04/2026;PONC152EQ;PONCHO ADULTO;[PONC152EQ] PONCHO ADULTO (VERDE);Verde;Adulto;1,00;Sambil Valencia;abril-2026
12/04/2026;PONKI63EQ;PONCHO KIDS;[PONKI63EQ] PONCHO KIDS (Verde Agua);Verde Agua;Kids;1,00;Cerro Verde ;abril-2026
12/04/2026;PONKI09EQ;PONCHO KIDS;[PONKI09EQ] PONCHO KIDS (Azul Cielo - 52013);Azul Cielo;Kids;1,00;Cerro Verde ;abril-2026
12/04/2026;PONKI63EQ;PONCHO KIDS;[PONKI63EQ] PONCHO KIDS (Verde Agua);Verde Agua;Kids;-1,00;Cerro Verde ;abril-2026
12/04/2026;PONKI09EQ;PONCHO KIDS;[PONKI09EQ] PONCHO KIDS (Azul Cielo - 52013);Azul Cielo;Kids;-1,00;Cerro Verde ;abril-2026
12/04/2026;PONKI63EQ;PONCHO KIDS;[PONKI63EQ] PONCHO KIDS (Verde Agua);Verde Agua;Kids;1,00;Cerro Verde ;abril-2026
12/04/2026;PONKI09EQ;PONCHO KIDS;[PONKI09EQ] PONCHO KIDS (Azul Cielo - 52013);Azul Cielo;Kids;1,00;Cerro Verde ;abril-2026
12/04/2026;PONC151EQ;PONCHO ADULTO;[PONC151EQ] PONCHO ADULTO (AZUL);Azul;Adulto;1,00;Sambil Valencia;abril-2026
13/04/2026;PONKI35EQ;PONCHO KIDS;[PONKI35EQ] PONCHO KIDS (Magenta);Magenta;Kids;1,00;Cerro Verde ;abril-2026
13/04/2026;PONKI09EQ;PONCHO KIDS;[PONKI09EQ] PONCHO KIDS (Azul Cielo - 52013);Azul Cielo;Kids;1,00;Cerro Verde ;abril-2026
14/04/2026;PONC151EQ;PONCHO ADULTO;[PONC151EQ] PONCHO ADULTO (AZUL);Azul;Adulto;1,00;La Grieta;abril-2026
14/04/2026;PONC01EQ;PONCHO ADULTO;[PONC01EQ] PONCHO ADULTO (AGUAMARINA);Aguamarina;Adulto;1,00;La Grieta;abril-2026
14/04/2026;PONKI35EQ;PONCHO KIDS;[PONKI35EQ] PONCHO KIDS (Magenta);Magenta;Kids;1,00;Sambil Valencia;abril-2026
15/04/2026;PONC01EQ;PONCHO ADULTO;[PONC01EQ] PONCHO ADULTO (AGUAMARINA);Aguamarina;Adulto;1,00;Cerro Verde ;abril-2026
15/04/2026;PONC151EQ;PONCHO ADULTO;[PONC151EQ] PONCHO ADULTO (AZUL);Azul;Adulto;1,00;Cerro Verde ;abril-2026
15/04/2026;PONC152EQ;PONCHO ADULTO;[PONC152EQ] PONCHO ADULTO (VERDE);Verde;Adulto;1,00;Cerro Verde ;abril-2026
15/04/2026;PONC151EQ;PONCHO ADULTO;[PONC151EQ] PONCHO ADULTO (AZUL);Azul;Adulto;1,00;Cerro Verde ;abril-2026
15/04/2026;PONC152EQ;PONCHO ADULTO;[PONC152EQ] PONCHO ADULTO (VERDE);Verde;Adulto;1,00;Cerro Verde ;abril-2026
16/04/2026;PONC151EQ;PONCHO ADULTO;[PONC151EQ] PONCHO ADULTO (AZUL);Azul;Adulto;1,00;Grandplaz ;abril-2026
16/04/2026;PONKI63EQ;PONCHO KIDS;[PONKI63EQ] PONCHO KIDS (Verde Agua);Verde Agua;Kids;2,00;Cerro Verde ;abril-2026
16/04/2026;PONKI09EQ;PONCHO KIDS;[PONKI09EQ] PONCHO KIDS (Azul Cielo - 52013);Azul Cielo;Kids;1,00;Grandplaz ;abril-2026
16/04/2026;PONC12EQ;PONCHO KIDS;[PONC12EQ] PONCHO KIDS (Azul Marino);Azul Marino;Kids;1,00;La Grieta;abril-2026
17/04/2026;PONC152EQ;PONCHO ADULTO;[PONC152EQ] PONCHO ADULTO (VERDE);Verde;Adulto;1,00;La Grieta;abril-2026
17/04/2026;PONC12EQ;PONCHO KIDS;[PONC12EQ] PONCHO KIDS (Azul Marino);Azul Marino;Kids;1,00;Sambil Chacao ;abril-2026
18/04/2026;PONC152EQ;PONCHO ADULTO;[PONC152EQ] PONCHO ADULTO (VERDE);Verde;Adulto;2,00;La Grieta;abril-2026
18/04/2026;PONKI35EQ;PONCHO KIDS;[PONKI35EQ] PONCHO KIDS (Magenta);Magenta;Kids;1,00;Sambil Chacao ;abril-2026
18/04/2026;PONC12EQ;PONCHO KIDS;[PONC12EQ] PONCHO KIDS (Azul Marino);Azul Marino;Kids;1,00;Sambil Chacao ;abril-2026
18/04/2026;PONKI63EQ;PONCHO KIDS;[PONKI63EQ] PONCHO KIDS (Verde Agua);Verde Agua;Kids;2,00;Cerro Verde ;abril-2026
18/04/2026;PONC12EQ;PONCHO KIDS;[PONC12EQ] PONCHO KIDS (Azul Marino);Azul Marino;Kids;1,00;Cerro Verde ;abril-2026
18/04/2026;PONC43EQ;PONCHO KIDS;[PONC43EQ] PONCHO KIDS (Negro);Negro;Kids;1,00;Sambil Valencia;abril-2026
18/04/2026;PONC151EQ;PONCHO ADULTO;[PONC151EQ] PONCHO ADULTO (AZUL);Azul;Adulto;1,00;Sambil Chacao ;abril-2026
19/04/2026;PONKI63EQ;PONCHO KIDS;[PONKI63EQ] PONCHO KIDS (Verde Agua);Verde Agua;Kids;1,00;La Grieta;abril-2026
20/04/2026;PONC151EQ;PONCHO ADULTO;[PONC151EQ] PONCHO ADULTO (AZUL);Azul;Adulto;1,00;WEB;abril-2026
20/04/2026;PONC01EQ;PONCHO ADULTO;[PONC01EQ] PONCHO ADULTO (AGUAMARINA);Aguamarina;Adulto;1,00;Grandplaz ;abril-2026
20/04/2026;PONKI35EQ;PONCHO KIDS;[PONKI35EQ] PONCHO KIDS (Magenta);Magenta;Kids;1,00;Cerro Verde ;abril-2026
21/04/2026;PONKI09EQ;PONCHO KIDS;[PONKI09EQ] PONCHO KIDS (Azul Cielo - 52013);Azul Cielo;Kids;1,00;Cerro Verde ;abril-2026
21/04/2026;PONKI30EQ;PONCHO KIDS;[PONKI30EQ] PONCHO KIDS (Gris Claro - 9734);Gris Claro;Kids;2,00;Cerro Verde ;abril-2026
21/04/2026;PONKI63EQ;PONCHO KIDS;[PONKI63EQ] PONCHO KIDS (Verde Agua);Verde Agua;Kids;1,00;Cerro Verde ;abril-2026
21/04/2026;EC174UN;ECO BAG;[EC174UN] ECO BAG (Ovalo/Azul);Azul;�nica;2,00;Pedidos;abril-2026
21/04/2026;EC172UN;ECO BAG;[EC172UN] ECO BAG (Made in Venezuela/Verde);Verde;�nica;2,00;Pedidos;abril-2026
21/04/2026;EC173UN;ECO BAG;[EC173UN] ECO BAG (Palmeras/Azul);Azul;�nica;1,00;Pedidos;abril-2026
21/04/2026;EC176UN;ECO BAG;[EC176UN] ECO BAG (Ondas/Verde);Verde;�nica;1,00;Pedidos;abril-2026
21/04/2026;EC173UN;ECO BAG;[EC173UN] ECO BAG (Palmeras/Azul);Azul;�nica;1,00;WEB;abril-2026
21/04/2026;PONC12EQ;PONCHO KIDS;[PONC12EQ] PONCHO KIDS (Azul Marino);Azul Marino;Kids;1,00;Cerro Verde ;abril-2026
21/04/2026;PONKI63EQ;PONCHO KIDS;[PONKI63EQ] PONCHO KIDS (Verde Agua);Verde Agua;Kids;1,00;Cerro Verde ;abril-2026
21/04/2026;PONKI63EQ;PONCHO KIDS;[PONKI63EQ] PONCHO KIDS (Verde Agua);Verde Agua;Kids;1,00;Cerro Verde ;abril-2026
21/04/2026;PONKI09EQ;PONCHO KIDS;[PONKI09EQ] PONCHO KIDS (Azul Cielo - 52013);Azul Cielo;Kids;1,00;Sambil Valencia;abril-2026
22/04/2026;PONC12EQ;PONCHO KIDS;[PONC12EQ] PONCHO KIDS (Azul Marino);Azul Marino;Kids;1,00;Sambil Chacao ;abril-2026
22/04/2026;PONKI30EQ;PONCHO KIDS;[PONKI30EQ] PONCHO KIDS (Gris Claro - 9734);Gris Claro;Kids;1,00;Sambil Chacao ;abril-2026
22/04/2026;PONKI63EQ;PONCHO KIDS;[PONKI63EQ] PONCHO KIDS (Verde Agua);Verde Agua;Kids;1,00;Sambil Chacao ;abril-2026
22/04/2026;PONKI09EQ;PONCHO KIDS;[PONKI09EQ] PONCHO KIDS (Azul Cielo - 52013);Azul Cielo;Kids;2,00;Sambil Chacao ;abril-2026
22/04/2026;EC176UN;ECO BAG;[EC176UN] ECO BAG (Ondas/Verde);Verde;�nica;1,00;Sambil Valencia;abril-2026
22/04/2026;PONC152EQ;PONCHO ADULTO;[PONC152EQ] PONCHO ADULTO (VERDE);Verde;Adulto;1,00;Sambil Valencia;abril-2026
23/04/2026;PONKI63EQ;PONCHO KIDS;[PONKI63EQ] PONCHO KIDS (Verde Agua);Verde Agua;Kids;1,00;Cerro Verde ;abril-2026
23/04/2026;PONKI63EQ;PONCHO KIDS;[PONKI63EQ] PONCHO KIDS (Verde Agua);Verde Agua;Kids;1,00;La Grieta;abril-2026
23/04/2026;PONKI35EQ;PONCHO KIDS;[PONKI35EQ] PONCHO KIDS (Magenta);Magenta;Kids;1,00;Cerro Verde ;abril-2026
23/04/2026;PONC151EQ;PONCHO ADULTO;[PONC151EQ] PONCHO ADULTO (AZUL);Azul;Adulto;1,00;Cerro Verde ;abril-2026
23/04/2026;EC176UN;ECO BAG;[EC176UN] ECO BAG (Ondas/Verde);Verde;�nica;1,00;La Grieta;abril-2026
23/04/2026;PONKI35EQ;PONCHO KIDS;[PONKI35EQ] PONCHO KIDS (Magenta);Magenta;Kids;2,00;Grandplaz ;abril-2026
24/04/2026;PONKI30EQ;PONCHO KIDS;[PONKI30EQ] PONCHO KIDS (Gris Claro - 9734);Gris Claro;Kids;1,00;Cerro Verde ;abril-2026
24/04/2026;PONC01EQ;PONCHO ADULTO;[PONC01EQ] PONCHO ADULTO (AGUAMARINA);Aguamarina;Adulto;1,00;Cerro Verde ;abril-2026
24/04/2026;EC175UN;ECO BAG;[EC175UN] ECO BAG (Daily/Negro);Negro;�nica;1,00;La Grieta;abril-2026
24/04/2026;PONC12EQ;PONCHO KIDS;[PONC12EQ] PONCHO KIDS (Azul Marino);Azul Marino;Kids;1,00;La Grieta;abril-2026
24/04/2026;PONC43EQ;PONCHO KIDS;[PONC43EQ] PONCHO KIDS (Negro);Negro;Kids;1,00;Cerro Verde ;abril-2026
24/04/2026;PONC151EQ;PONCHO ADULTO;[PONC151EQ] PONCHO ADULTO (AZUL);Azul;Adulto;1,00;Sambil Chacao ;abril-2026
25/04/2026;PONC01EQ;PONCHO ADULTO;[PONC01EQ] PONCHO ADULTO (AGUAMARINA);Aguamarina;Adulto;1,00;Cerro Verde ;abril-2026
25/04/2026;PONKI09EQ;PONCHO KIDS;[PONKI09EQ] PONCHO KIDS (Azul Cielo - 52013);Azul Cielo;Kids;1,00;Cerro Verde ;abril-2026
25/04/2026;PONKI35EQ;PONCHO KIDS;[PONKI35EQ] PONCHO KIDS (Magenta);Magenta;Kids;1,00;Cerro Verde ;abril-2026
25/04/2026;PONC151EQ;PONCHO ADULTO;[PONC151EQ] PONCHO ADULTO (AZUL);Azul;Adulto;1,00;Sambil Chacao ;abril-2026
25/04/2026;EC172UN;ECO BAG;[EC172UN] ECO BAG (Made in Venezuela/Verde);Verde;�nica;1,00;Sambil Chacao ;abril-2026
26/04/2026;PONKI30EQ;PONCHO KIDS;[PONKI30EQ] PONCHO KIDS (Gris Claro - 9734);Gris Claro;Kids;1,00;Sambil Chacao ;abril-2026
26/04/2026;PONC151EQ;PONCHO ADULTO;[PONC151EQ] PONCHO ADULTO (AZUL);Azul;Adulto;1,00;Cerro Verde ;abril-2026
26/04/2026;PONC01EQ;PONCHO ADULTO;[PONC01EQ] PONCHO ADULTO (AGUAMARINA);Aguamarina;Adulto;2,00;Sambil Chacao ;abril-2026
29/04/2026;PONKI09EQ;PONCHO KIDS;[PONKI09EQ] PONCHO KIDS (Azul Cielo - 52013);Azul Cielo;Kids;1,00;La Grieta;abril-2026
29/04/2026;PONC152EQ;PONCHO ADULTO;[PONC152EQ] PONCHO ADULTO (VERDE);Verde;Adulto;1,00;Cerro Verde ;abril-2026
29/04/2026;PONC01EQ;PONCHO ADULTO;[PONC01EQ] PONCHO ADULTO (AGUAMARINA);Aguamarina;Adulto;1,00;Sambil Valencia;abril-2026
29/04/2026;EC173UN;ECO BAG;[EC173UN] ECO BAG (Palmeras/Azul);Azul;�nica;1,00;Cerro Verde ;abril-2026
29/04/2026;EC176UN;ECO BAG;[EC176UN] ECO BAG (Ondas/Verde);Verde;�nica;1,00;Tolon;abril-2026
29/04/2026;EC173UN;ECO BAG;[EC173UN] ECO BAG (Palmeras/Azul);Azul;�nica;1,00;Tolon;abril-2026
29/04/2026;PONKI63EQ;PONCHO KIDS;[PONKI63EQ] PONCHO KIDS (Verde Agua);Verde Agua;Kids;1,00;Cerro Verde ;abril-2026
29/04/2026;EC176UN;ECO BAG;[EC176UN] ECO BAG (Ondas/Verde);Verde;�nica;1,00;Tolon;abril-2026
29/04/2026;PONKI30EQ;PONCHO KIDS;[PONKI30EQ] PONCHO KIDS (Gris Claro - 9734);Gris Claro;Kids;1,00;Sambil Valencia;abril-2026
30/04/2026;PONKI30EQ;PONCHO KIDS;[PONKI30EQ] PONCHO KIDS (Gris Claro - 9734);Gris Claro;Kids;1,00;La Grieta;abril-2026
30/04/2026;PONC12EQ;PONCHO KIDS;[PONC12EQ] PONCHO KIDS (Azul Marino);Azul Marino;Kids;1,00;La Grieta;abril-2026
30/04/2026;PONC12EQ;PONCHO KIDS;[PONC12EQ] PONCHO KIDS (Azul Marino);Azul Marino;Kids;1,00;Sambil Chacao ;abril-2026
01/05/2026;EC173UN;ECO BAG;[EC173UN] ECO BAG (Palmeras/Azul);Azul;�nica;1,00;Cerro Verde ;mayo-2026
01/05/2026;PONC12EQ;PONCHO KIDS;[PONC12EQ] PONCHO KIDS (Azul Marino);Azul Marino;Kids;1,00;Sambil Chacao ;mayo-2026
01/05/2026;PONC01EQ;PONCHO ADULTO;[PONC01EQ] PONCHO ADULTO (AGUAMARINA);Aguamarina;Adulto;1,00;Cerro Verde ;mayo-2026
01/05/2026;PONKI30EQ;PONCHO KIDS;[PONKI30EQ] PONCHO KIDS (Gris Claro - 9734);Gris Claro;Kids;1,00;Sambil Chacao ;mayo-2026
02/05/2026;PONC12EQ;PONCHO KIDS;[PONC12EQ] PONCHO KIDS (Azul Marino);Azul Marino;Kids;1,00;Sambil Chacao ;mayo-2026
02/05/2026;PONC12EQ;PONCHO KIDS;[PONC12EQ] PONCHO KIDS (Azul Marino);Azul Marino;Kids;1,00;Sambil Valencia;mayo-2026
02/05/2026;PONC151EQ;PONCHO ADULTO;[PONC151EQ] PONCHO ADULTO (AZUL);Azul;Adulto;1,00;Sambil Valencia;mayo-2026
02/05/2026;PONKI30EQ;PONCHO KIDS;[PONKI30EQ] PONCHO KIDS (Gris Claro - 9734);Gris Claro;Kids;1,00;La Grieta;mayo-2026
03/05/2026;PONKI09EQ;PONCHO KIDS;[PONKI09EQ] PONCHO KIDS (Azul Cielo - 52013);Azul Cielo;Kids;1,00;Cerro Verde ;mayo-2026
03/05/2026;PONC152EQ;PONCHO ADULTO;[PONC152EQ] PONCHO ADULTO (VERDE);Verde;Adulto;1,00;Cerro Verde ;mayo-2026
03/05/2026;PONKI35EQ;PONCHO KIDS;[PONKI35EQ] PONCHO KIDS (Magenta);Magenta;Kids;1,00;Cerro Verde ;mayo-2026
04/05/2026;PONC12EQ;PONCHO KIDS;[PONC12EQ] PONCHO KIDS (Azul Marino);Azul Marino;Kids;1,00;Cerro Verde ;mayo-2026
04/05/2026;PONC01EQ;PONCHO ADULTO;[PONC01EQ] PONCHO ADULTO (AGUAMARINA);Aguamarina;Adulto;1,00;La Grieta;mayo-2026
05/05/2026;PONC01EQ;PONCHO ADULTO;[PONC01EQ] PONCHO ADULTO (AGUAMARINA);Aguamarina;Adulto;1,00;Tolon;mayo-2026
05/05/2026;EC176UN;ECO BAG;[EC176UN] ECO BAG (Ondas/Verde);Verde;�nica;1,00;Sambil Valencia;mayo-2026
05/05/2026;PONC43EQ;PONCHO KIDS;[PONC43EQ] PONCHO KIDS (Negro);Negro;Kids;1,00;Cerro Verde ;mayo-2026
05/05/2026;PONC01EQ;PONCHO ADULTO;[PONC01EQ] PONCHO ADULTO (AGUAMARINA);Aguamarina;Adulto;1,00;Tolon;mayo-2026
05/05/2026;PONKI63EQ;PONCHO KIDS;[PONKI63EQ] PONCHO KIDS (Verde Agua);Verde Agua;Kids;1,00;La Grieta;mayo-2026
06/05/2026;EC172UN;ECO BAG;[EC172UN] ECO BAG (Made in Venezuela/Verde);Verde;�nica;1,00;Sambil Valencia;mayo-2026
06/05/2026;PONC01EQ;PONCHO ADULTO;[PONC01EQ] PONCHO ADULTO (AGUAMARINA);Aguamarina;Adulto;1,00;Sambil Chacao ;mayo-2026
06/05/2026;PONKI35EQ;PONCHO KIDS;[PONKI35EQ] PONCHO KIDS (Magenta);Magenta;Kids;1,00;La Grieta;mayo-2026
06/05/2026;PONKI09EQ;PONCHO KIDS;[PONKI09EQ] PONCHO KIDS (Azul Cielo - 52013);Azul Cielo;Kids;1,00;La Grieta;mayo-2026
06/05/2026;PONKI09EQ;PONCHO KIDS;[PONKI09EQ] PONCHO KIDS (Azul Cielo - 52013);Azul Cielo;Kids;-1,00;La Grieta;mayo-2026
06/05/2026;PONC12EQ;PONCHO KIDS;[PONC12EQ] PONCHO KIDS (Azul Marino);Azul Marino;Kids;1,00;La Grieta;mayo-2026
06/05/2026;CAVAP15135L;CAVAPACK 35L;[CAVAP15135L] CAVAPACK 35L (Azul);Azul;35L;1,00;La Grieta;mayo-2026
06/05/2026;CAVAP15135L;CAVAPACK 35L;[CAVAP15135L] CAVAPACK 35L (Azul);Azul;35L;1,00;La Grieta;mayo-2026
06/05/2026;CAVAP4335L;CAVAPACK 35L;[CAVAP4335L] CAVAPACK 35L (Negro);Negro;35L;1,00;La Grieta;mayo-2026
06/05/2026;PONC01EQ;PONCHO ADULTO;[PONC01EQ] PONCHO ADULTO (AGUAMARINA);Aguamarina;Adulto;1,00;Sambil Valencia;mayo-2026
06/05/2026;PONKI09EQ;PONCHO KIDS;[PONKI09EQ] PONCHO KIDS (Azul Cielo - 52013);Azul Cielo;Kids;1,00;La Grieta;mayo-2026
06/05/2026;PONC151EQ;PONCHO ADULTO;[PONC151EQ] PONCHO ADULTO (AZUL);Azul;Adulto;1,00;Sambil Chacao ;mayo-2026
06/05/2026;PONKI63EQ;PONCHO KIDS;[PONKI63EQ] PONCHO KIDS (Verde Agua);Verde Agua;Kids;1,00;Sambil Valencia;mayo-2026
06/05/2026;PONC12EQ;PONCHO KIDS;[PONC12EQ] PONCHO KIDS (Azul Marino);Azul Marino;Kids;1,00;Sambil Valencia;mayo-2026
06/05/2026;PONKI35EQ;PONCHO KIDS;[PONKI35EQ] PONCHO KIDS (Magenta);Magenta;Kids;1,00;Cerro Verde ;mayo-2026
06/05/2026;PONC01EQ;PONCHO ADULTO;[PONC01EQ] PONCHO ADULTO (AGUAMARINA);Aguamarina;Adulto;1,00;Sambil Chacao ;mayo-2026
07/05/2026;PONKI35EQ;PONCHO KIDS;[PONKI35EQ] PONCHO KIDS (Magenta);Magenta;Kids;1,00;Cerro Verde ;mayo-2026
07/05/2026;PONKI09EQ;PONCHO KIDS;[PONKI09EQ] PONCHO KIDS (Azul Cielo - 52013);Azul Cielo;Kids;1,00;Cerro Verde ;mayo-2026
07/05/2026;CIT70CIB;CITYBAG;[CIT70CIB] CITYBAG (Vinotinto);Vinotinto;�nica;1,00;WEB;mayo-2026
07/05/2026;CIT70CIB;CITYBAG;[CIT70CIB] CITYBAG (Vinotinto);Vinotinto;�nica;1,00;WEB;mayo-2026
07/05/2026;CAVAP4335L;CAVAPACK 35L;[CAVAP4335L] CAVAPACK 35L (Negro);Negro;35L;1,00;La Grieta;mayo-2026
07/05/2026;PONC151EQ;PONCHO ADULTO;[PONC151EQ] PONCHO ADULTO (AZUL);Azul;Adulto;1,00;La Grieta;mayo-2026
08/05/2026;PONC01EQ;PONCHO ADULTO;[PONC01EQ] PONCHO ADULTO (AGUAMARINA);Aguamarina;Adulto;1,00;La Grieta;mayo-2026
08/05/2026;EC173UN;ECO BAG;[EC173UN] ECO BAG (Palmeras/Azul);Azul;�nica;1,00;WEB;mayo-2026
08/05/2026;PONC152EQ;PONCHO ADULTO;[PONC152EQ] PONCHO ADULTO (VERDE);Verde;Adulto;1,00;Tolon;mayo-2026
08/05/2026;PONKI09EQ;PONCHO KIDS;[PONKI09EQ] PONCHO KIDS (Azul Cielo - 52013);Azul Cielo;Kids;1,00;La Grieta;mayo-2026
08/05/2026;CIT166CIB;CITYBAG;[CIT166CIB] CITYBAG (gris);Gris;�nica;1,00;Cerro Verde ;mayo-2026
08/05/2026;CIT12CIB;CITYBAG;[CIT12CIB] CITYBAG (Azul Marino);Azul Marino;�nica;1,00;Cerro Verde ;mayo-2026
08/05/2026;CIT70CIB;CITYBAG;[CIT70CIB] CITYBAG (Vinotinto);Vinotinto;�nica;1,00;La Grieta;mayo-2026
08/05/2026;CIT152CIB;CITYBAG;[CIT152CIB] CITYBAG (Verde);Verde;�nica;1,00;La Grieta;mayo-2026
08/05/2026;CIT166CIB;CITYBAG;[CIT166CIB] CITYBAG (gris);Gris;�nica;1,00;Sambil Valencia;mayo-2026
08/05/2026;CIT12CIB;CITYBAG;[CIT12CIB] CITYBAG (Azul Marino);Azul Marino;�nica;1,00;Sambil Valencia;mayo-2026
08/05/2026;CIT70CIB;CITYBAG;[CIT70CIB] CITYBAG (Vinotinto);Vinotinto;�nica;1,00;La Grieta;mayo-2026
08/05/2026;CIT12CIB;CITYBAG;[CIT12CIB] CITYBAG (Azul Marino);Azul Marino;�nica;1,00;La Grieta;mayo-2026
08/05/2026;PONC01EQ;PONCHO ADULTO;[PONC01EQ] PONCHO ADULTO (AGUAMARINA);Aguamarina;Adulto;1,00;Sambil Chacao ;mayo-2026
08/05/2026;CIT70CIB;CITYBAG;[CIT70CIB] CITYBAG (Vinotinto);Vinotinto;�nica;1,00;Sambil Valencia;mayo-2026
08/05/2026;CIT12CIB;CITYBAG;[CIT12CIB] CITYBAG (Azul Marino);Azul Marino;�nica;1,00;La Grieta;mayo-2026
08/05/2026;CIT152CIB;CITYBAG;[CIT152CIB] CITYBAG (Verde);Verde;�nica;1,00;Cerro Verde ;mayo-2026
08/05/2026;CIT70CIB;CITYBAG;[CIT70CIB] CITYBAG (Vinotinto);Vinotinto;�nica;1,00;Cerro Verde ;mayo-2026
08/05/2026;PONKI35EQ;PONCHO KIDS;[PONKI35EQ] PONCHO KIDS (Magenta);Magenta;Kids;1,00;Sambil Chacao ;mayo-2026
08/05/2026;PONKI35EQ;PONCHO KIDS;[PONKI35EQ] PONCHO KIDS (Magenta);Magenta;Kids;1,00;Sambil Valencia;mayo-2026
08/05/2026;PONC152EQ;PONCHO ADULTO;[PONC152EQ] PONCHO ADULTO (VERDE);Verde;Adulto;1,00;Cerro Verde ;mayo-2026
08/05/2026;CIT166CIB;CITYBAG;[CIT166CIB] CITYBAG (gris);Gris;�nica;1,00;Cerro Verde ;mayo-2026
08/05/2026;EC173UN;ECO BAG;[EC173UN] ECO BAG (Palmeras/Azul);Azul;�nica;1,00;Sambil Valencia;mayo-2026
08/05/2026;CIT166CIB;CITYBAG;[CIT166CIB] CITYBAG (gris);Gris;�nica;1,00;Cerro Verde ;mayo-2026
08/05/2026;CIT166CIB;CITYBAG;[CIT166CIB] CITYBAG (gris);Gris;�nica;1,00;Cerro Verde ;mayo-2026
08/05/2026;CIT70CIB;CITYBAG;[CIT70CIB] CITYBAG (Vinotinto);Vinotinto;�nica;1,00;Sambil Chacao ;mayo-2026
08/05/2026;CIT70CIB;CITYBAG;[CIT70CIB] CITYBAG (Vinotinto);Vinotinto;�nica;1,00;Sambil Valencia;mayo-2026
08/05/2026;CIT70CIB;CITYBAG;[CIT70CIB] CITYBAG (Vinotinto);Vinotinto;�nica;1,00;Sambil Chacao ;mayo-2026
08/05/2026;PONC151EQ;PONCHO ADULTO;[PONC151EQ] PONCHO ADULTO (AZUL);Azul;Adulto;1,00;Sambil Valencia;mayo-2026
08/05/2026;PONC01EQ;PONCHO ADULTO;[PONC01EQ] PONCHO ADULTO (AGUAMARINA);Aguamarina;Adulto;1,00;Sambil Valencia;mayo-2026
08/05/2026;CIT70CIB;CITYBAG;[CIT70CIB] CITYBAG (Vinotinto);Vinotinto;�nica;1,00;Sambil Valencia;mayo-2026
08/05/2026;CIT166CIB;CITYBAG;[CIT166CIB] CITYBAG (gris);Gris;�nica;1,00;Sambil Chacao ;mayo-2026
08/05/2026;CIT12CIB;CITYBAG;[CIT12CIB] CITYBAG (Azul Marino);Azul Marino;�nica;1,00;Sambil Chacao ;mayo-2026
08/05/2026;CIT70CIB;CITYBAG;[CIT70CIB] CITYBAG (Vinotinto);Vinotinto;�nica;1,00;Sambil Valencia;mayo-2026
09/05/2026;CIT166CIB;CITYBAG;[CIT166CIB] CITYBAG (gris);Gris;�nica;1,00;Sambil Valencia;mayo-2026
09/05/2026;CIT12CIB;CITYBAG;[CIT12CIB] CITYBAG (Azul Marino);Azul Marino;�nica;1,00;Sambil Valencia;mayo-2026
09/05/2026;CIT152CIB;CITYBAG;[CIT152CIB] CITYBAG (Verde);Verde;�nica;1,00;Tolon;mayo-2026
09/05/2026;CIT70CIB;CITYBAG;[CIT70CIB] CITYBAG (Vinotinto);Vinotinto;�nica;1,00;La Grieta;mayo-2026
09/05/2026;CIT152CIB;CITYBAG;[CIT152CIB] CITYBAG (Verde);Verde;�nica;1,00;Cerro Verde ;mayo-2026
09/05/2026;CIT70CIB;CITYBAG;[CIT70CIB] CITYBAG (Vinotinto);Vinotinto;�nica;1,00;Cerro Verde ;mayo-2026
09/05/2026;CIT12CIB;CITYBAG;[CIT12CIB] CITYBAG (Azul Marino);Azul Marino;�nica;1,00;Cerro Verde ;mayo-2026
09/05/2026;CIT152CIB;CITYBAG;[CIT152CIB] CITYBAG (Verde);Verde;�nica;1,00;Cerro Verde ;mayo-2026
09/05/2026;CIT70CIB;CITYBAG;[CIT70CIB] CITYBAG (Vinotinto);Vinotinto;�nica;1,00;La Grieta;mayo-2026
09/05/2026;CIT70CIB;CITYBAG;[CIT70CIB] CITYBAG (Vinotinto);Vinotinto;�nica;1,00;Cerro Verde ;mayo-2026
09/05/2026;CIT70CIB;CITYBAG;[CIT70CIB] CITYBAG (Vinotinto);Vinotinto;�nica;1,00;Cerro Verde ;mayo-2026
09/05/2026;EC174UN;ECO BAG;[EC174UN] ECO BAG (Ovalo/Azul);Azul;�nica;1,00;Cerro Verde ;mayo-2026
09/05/2026;CIT166CIB;CITYBAG;[CIT166CIB] CITYBAG (gris);Gris;�nica;1,00;Cerro Verde ;mayo-2026
09/05/2026;CIT70CIB;CITYBAG;[CIT70CIB] CITYBAG (Vinotinto);Vinotinto;�nica;1,00;Sambil Chacao ;mayo-2026
09/05/2026;CIT70CIB;CITYBAG;[CIT70CIB] CITYBAG (Vinotinto);Vinotinto;�nica;1,00;Cerro Verde ;mayo-2026
09/05/2026;PONKI35EQ;PONCHO KIDS;[PONKI35EQ] PONCHO KIDS (Magenta);Magenta;Kids;1,00;Sambil Chacao ;mayo-2026
09/05/2026;CIT70CIB;CITYBAG;[CIT70CIB] CITYBAG (Vinotinto);Vinotinto;�nica;1,00;Sambil Valencia;mayo-2026
09/05/2026;CIT12CIB;CITYBAG;[CIT12CIB] CITYBAG (Azul Marino);Azul Marino;�nica;2,00;La Grieta;mayo-2026
09/05/2026;CIT166CIB;CITYBAG;[CIT166CIB] CITYBAG (gris);Gris;�nica;1,00;La Grieta;mayo-2026
09/05/2026;CIT166CIB;CITYBAG;[CIT166CIB] CITYBAG (gris);Gris;�nica;1,00;La Grieta;mayo-2026
09/05/2026;CIT70CIB;CITYBAG;[CIT70CIB] CITYBAG (Vinotinto);Vinotinto;�nica;1,00;Tolon;mayo-2026
09/05/2026;CIT12CIB;CITYBAG;[CIT12CIB] CITYBAG (Azul Marino);Azul Marino;�nica;1,00;La Grieta;mayo-2026
09/05/2026;CIT152CIB;CITYBAG;[CIT152CIB] CITYBAG (Verde);Verde;�nica;1,00;Cerro Verde ;mayo-2026
09/05/2026;CIT166CIB;CITYBAG;[CIT166CIB] CITYBAG (gris);Gris;�nica;1,00;La Grieta;mayo-2026
09/05/2026;CIT152CIB;CITYBAG;[CIT152CIB] CITYBAG (Verde);Verde;�nica;1,00;La Grieta;mayo-2026
09/05/2026;PONC151EQ;PONCHO ADULTO;[PONC151EQ] PONCHO ADULTO (AZUL);Azul;Adulto;1,00;Cerro Verde ;mayo-2026
09/05/2026;PONC152EQ;PONCHO ADULTO;[PONC152EQ] PONCHO ADULTO (VERDE);Verde;Adulto;1,00;Sambil Valencia;mayo-2026
09/05/2026;PONC151EQ;PONCHO ADULTO;[PONC151EQ] PONCHO ADULTO (AZUL);Azul;Adulto;1,00;Sambil Valencia;mayo-2026
09/05/2026;CIT70CIB;CITYBAG;[CIT70CIB] CITYBAG (Vinotinto);Vinotinto;�nica;1,00;Sambil Chacao ;mayo-2026
09/05/2026;CIT166CIB;CITYBAG;[CIT166CIB] CITYBAG (gris);Gris;�nica;1,00;Sambil Valencia;mayo-2026
09/05/2026;CIT166CIB;CITYBAG;[CIT166CIB] CITYBAG (gris);Gris;�nica;1,00;Sambil Chacao ;mayo-2026
09/05/2026;CIT12CIB;CITYBAG;[CIT12CIB] CITYBAG (Azul Marino);Azul Marino;�nica;1,00;La Grieta;mayo-2026
09/05/2026;CAVAP15135L;CAVAPACK 35L;[CAVAP15135L] CAVAPACK 35L (Azul);Azul;35L;1,00;Tolon;mayo-2026
09/05/2026;CIT70CIB;CITYBAG;[CIT70CIB] CITYBAG (Vinotinto);Vinotinto;�nica;1,00;Sambil Valencia;mayo-2026
09/05/2026;CIT70CIB;CITYBAG;[CIT70CIB] CITYBAG (Vinotinto);Vinotinto;�nica;1,00;La Grieta;mayo-2026
09/05/2026;CIT12CIB;CITYBAG;[CIT12CIB] CITYBAG (Azul Marino);Azul Marino;�nica;1,00;La Grieta;mayo-2026
09/05/2026;CIT70CIB;CITYBAG;[CIT70CIB] CITYBAG (Vinotinto);Vinotinto;�nica;1,00;Cerro Verde ;mayo-2026
09/05/2026;CIT12CIB;CITYBAG;[CIT12CIB] CITYBAG (Azul Marino);Azul Marino;�nica;1,00;Cerro Verde ;mayo-2026
09/05/2026;PONC151EQ;PONCHO ADULTO;[PONC151EQ] PONCHO ADULTO (AZUL);Azul;Adulto;1,00;Tolon;mayo-2026
09/05/2026;CIT166CIB;CITYBAG;[CIT166CIB] CITYBAG (gris);Gris;�nica;1,00;Cerro Verde ;mayo-2026
09/05/2026;CIT70CIB;CITYBAG;[CIT70CIB] CITYBAG (Vinotinto);Vinotinto;�nica;1,00;La Grieta;mayo-2026
09/05/2026;CIT152CIB;CITYBAG;[CIT152CIB] CITYBAG (Verde);Verde;�nica;1,00;Cerro Verde ;mayo-2026
09/05/2026;CIT70CIB;CITYBAG;[CIT70CIB] CITYBAG (Vinotinto);Vinotinto;�nica;1,00;Sambil Valencia;mayo-2026
09/05/2026;CIT166CIB;CITYBAG;[CIT166CIB] CITYBAG (gris);Gris;�nica;1,00;La Grieta;mayo-2026
09/05/2026;PONC152EQ;PONCHO ADULTO;[PONC152EQ] PONCHO ADULTO (VERDE);Verde;Adulto;1,00;Sambil Chacao ;mayo-2026
09/05/2026;CIT70CIB;CITYBAG;[CIT70CIB] CITYBAG (Vinotinto);Vinotinto;�nica;1,00;Cerro Verde ;mayo-2026
09/05/2026;CAVAP15135L;CAVAPACK 35L;[CAVAP15135L] CAVAPACK 35L (Azul);Azul;35L;1,00;Cerro Verde ;mayo-2026
09/05/2026;CIT12CIB;CITYBAG;[CIT12CIB] CITYBAG (Azul Marino);Azul Marino;�nica;1,00;Sambil Valencia;mayo-2026
09/05/2026;CIT70CIB;CITYBAG;[CIT70CIB] CITYBAG (Vinotinto);Vinotinto;�nica;1,00;Tolon;mayo-2026
09/05/2026;CIT12CIB;CITYBAG;[CIT12CIB] CITYBAG (Azul Marino);Azul Marino;�nica;1,00;Sambil Valencia;mayo-2026
09/05/2026;CIT70CIB;CITYBAG;[CIT70CIB] CITYBAG (Vinotinto);Vinotinto;�nica;1,00;Sambil Valencia;mayo-2026
09/05/2026;CIT166CIB;CITYBAG;[CIT166CIB] CITYBAG (gris);Gris;�nica;1,00;La Grieta;mayo-2026
09/05/2026;CIT166CIB;CITYBAG;[CIT166CIB] CITYBAG (gris);Gris;�nica;1,00;Cerro Verde ;mayo-2026
09/05/2026;CIT70CIB;CITYBAG;[CIT70CIB] CITYBAG (Vinotinto);Vinotinto;�nica;1,00;La Grieta;mayo-2026
09/05/2026;CIT70CIB;CITYBAG;[CIT70CIB] CITYBAG (Vinotinto);Vinotinto;�nica;-1,00;Sambil Valencia;mayo-2026
09/05/2026;CIT70CIB;CITYBAG;[CIT70CIB] CITYBAG (Vinotinto);Vinotinto;�nica;1,00;Sambil Valencia;mayo-2026
09/05/2026;CIT12CIB;CITYBAG;[CIT12CIB] CITYBAG (Azul Marino);Azul Marino;�nica;1,00;Sambil Valencia;mayo-2026
09/05/2026;CIT70CIB;CITYBAG;[CIT70CIB] CITYBAG (Vinotinto);Vinotinto;�nica;1,00;Sambil Valencia;mayo-2026
09/05/2026;PONC152EQ;PONCHO ADULTO;[PONC152EQ] PONCHO ADULTO (VERDE);Verde;Adulto;1,00;Cerro Verde ;mayo-2026
09/05/2026;CIT152CIB;CITYBAG;[CIT152CIB] CITYBAG (Verde);Verde;�nica;1,00;Tolon;mayo-2026
09/05/2026;CIT70CIB;CITYBAG;[CIT70CIB] CITYBAG (Vinotinto);Vinotinto;�nica;1,00;Sambil Valencia;mayo-2026
09/05/2026;CIT70CIB;CITYBAG;[CIT70CIB] CITYBAG (Vinotinto);Vinotinto;�nica;1,00;Sambil Chacao ;mayo-2026
09/05/2026;CIT70CIB;CITYBAG;[CIT70CIB] CITYBAG (Vinotinto);Vinotinto;�nica;1,00;Sambil Chacao ;mayo-2026
09/05/2026;CIT70CIB;CITYBAG;[CIT70CIB] CITYBAG (Vinotinto);Vinotinto;�nica;1,00;Sambil Chacao ;mayo-2026
10/05/2026;PONKI63EQ;PONCHO KIDS;[PONKI63EQ] PONCHO KIDS (Verde Agua);Verde Agua;Kids;1,00;Grandplaz ;mayo-2026
10/05/2026;CIT70CIB;CITYBAG;[CIT70CIB] CITYBAG (Vinotinto);Vinotinto;�nica;1,00;La Grieta;mayo-2026
10/05/2026;CIT70CIB;CITYBAG;[CIT70CIB] CITYBAG (Vinotinto);Vinotinto;�nica;1,00;Cerro Verde ;mayo-2026
10/05/2026;CIT166CIB;CITYBAG;[CIT166CIB] CITYBAG (gris);Gris;�nica;1,00;Cerro Verde ;mayo-2026
10/05/2026;CIT70CIB;CITYBAG;[CIT70CIB] CITYBAG (Vinotinto);Vinotinto;�nica;1,00;Cerro Verde ;mayo-2026
10/05/2026;CIT152CIB;CITYBAG;[CIT152CIB] CITYBAG (Verde);Verde;�nica;1,00;Cerro Verde ;mayo-2026
10/05/2026;CIT166CIB;CITYBAG;[CIT166CIB] CITYBAG (gris);Gris;�nica;1,00;Cerro Verde ;mayo-2026
10/05/2026;CIT166CIB;CITYBAG;[CIT166CIB] CITYBAG (gris);Gris;�nica;1,00;Sambil Valencia;mayo-2026
10/05/2026;CIT166CIB;CITYBAG;[CIT166CIB] CITYBAG (gris);Gris;�nica;0,00;Sambil Chacao ;mayo-2026
10/05/2026;CAVAP4335L;CAVAPACK 35L;[CAVAP4335L] CAVAPACK 35L (Negro);Negro;35L;1,00;Sambil Chacao ;mayo-2026
10/05/2026;CIT12CIB;CITYBAG;[CIT12CIB] CITYBAG (Azul Marino);Azul Marino;�nica;1,00;Sambil Valencia;mayo-2026
10/05/2026;CIT152CIB;CITYBAG;[CIT152CIB] CITYBAG (Verde);Verde;�nica;1,00;Cerro Verde ;mayo-2026
10/05/2026;PONC152EQ;PONCHO ADULTO;[PONC152EQ] PONCHO ADULTO (VERDE);Verde;Adulto;-1,00;Sambil Chacao ;mayo-2026
10/05/2026;PONC151EQ;PONCHO ADULTO;[PONC151EQ] PONCHO ADULTO (AZUL);Azul;Adulto;1,00;Sambil Chacao ;mayo-2026
10/05/2026;CAVAP4335L;CAVAPACK 35L;[CAVAP4335L] CAVAPACK 35L (Negro);Negro;35L;-1,00;Sambil Chacao ;mayo-2026
10/05/2026;CAVAP4335L;CAVAPACK 35L;[CAVAP4335L] CAVAPACK 35L (Negro);Negro;35L;1,00;Sambil Chacao ;mayo-2026
10/05/2026;CIT166CIB;CITYBAG;[CIT166CIB] CITYBAG (gris);Gris;�nica;1,00;Sambil Chacao ;mayo-2026
10/05/2026;CIT70CIB;CITYBAG;[CIT70CIB] CITYBAG (Vinotinto);Vinotinto;�nica;1,00;Sambil Chacao ;mayo-2026
10/05/2026;CIT70CIB;CITYBAG;[CIT70CIB] CITYBAG (Vinotinto);Vinotinto;�nica;-1,00;Tolon;mayo-2026
10/05/2026;CIT152CIB;CITYBAG;[CIT152CIB] CITYBAG (Verde);Verde;�nica;1,00;Tolon;mayo-2026
10/05/2026;CIT12CIB;CITYBAG;[CIT12CIB] CITYBAG (Azul Marino);Azul Marino;�nica;1,00;Sambil Valencia;mayo-2026
10/05/2026;PONC151EQ;PONCHO ADULTO;[PONC151EQ] PONCHO ADULTO (AZUL);Azul;Adulto;1,00;Sambil Chacao ;mayo-2026
10/05/2026;CIT166CIB;CITYBAG;[CIT166CIB] CITYBAG (gris);Gris;�nica;1,00;Sambil Chacao ;mayo-2026
10/05/2026;CIT70CIB;CITYBAG;[CIT70CIB] CITYBAG (Vinotinto);Vinotinto;�nica;1,00;Sambil Valencia;mayo-2026
10/05/2026;BAC33BF;BACKPACK FLEX;[BAC33BF] BACKPACK FLEX (Kaki);Kaki;�nica;1,00;Sambil Valencia;mayo-2026
10/05/2026;CIT70CIB;CITYBAG;[CIT70CIB] CITYBAG (Vinotinto);Vinotinto;�nica;1,00;Cerro Verde ;mayo-2026
10/05/2026;CIT12CIB;CITYBAG;[CIT12CIB] CITYBAG (Azul Marino);Azul Marino;�nica;1,00;Cerro Verde ;mayo-2026
11/05/2026;CIT12CIB;CITYBAG;[CIT12CIB] CITYBAG (Azul Marino);Azul Marino;�nica;1,00;WEB;mayo-2026
11/05/2026;BAC33BF;BACKPACK FLEX;[BAC33BF] BACKPACK FLEX (Kaki);Kaki;�nica;1,00;La Grieta;mayo-2026
11/05/2026;CIT70CIB;CITYBAG;[CIT70CIB] CITYBAG (Vinotinto);Vinotinto;�nica;1,00;La Grieta;mayo-2026
11/05/2026;CIT70CIB;CITYBAG;[CIT70CIB] CITYBAG (Vinotinto);Vinotinto;�nica;1,00;La Grieta;mayo-2026
11/05/2026;CIT152CIB;CITYBAG;[CIT152CIB] CITYBAG (Verde);Verde;�nica;1,00;Sambil Chacao ;mayo-2026
11/05/2026;CIT152CIB;CITYBAG;[CIT152CIB] CITYBAG (Verde);Verde;�nica;1,00;Sambil Valencia;mayo-2026
11/05/2026;CIT70CIB;CITYBAG;[CIT70CIB] CITYBAG (Vinotinto);Vinotinto;�nica;1,00;Sambil Valencia;mayo-2026
11/05/2026;CIT70CIB;CITYBAG;[CIT70CIB] CITYBAG (Vinotinto);Vinotinto;�nica;1,00;Tolon;mayo-2026
11/05/2026;PONKI09EQ;PONCHO KIDS;[PONKI09EQ] PONCHO KIDS (Azul Cielo - 52013);Azul Cielo;Kids;1,00;La Grieta;mayo-2026
11/05/2026;PONKI63EQ;PONCHO KIDS;[PONKI63EQ] PONCHO KIDS (Verde Agua);Verde Agua;Kids;1,00;La Grieta;mayo-2026
11/05/2026;CAVAP4335L;CAVAPACK 35L;[CAVAP4335L] CAVAPACK 35L (Negro);Negro;35L;1,00;Cerro Verde ;mayo-2026
11/05/2026;PONC12EQ;PONCHO KIDS;[PONC12EQ] PONCHO KIDS (Azul Marino);Azul Marino;Kids;1,00;La Grieta;mayo-2026
11/05/2026;CIT152CIB;CITYBAG;[CIT152CIB] CITYBAG (Verde);Verde;�nica;1,00;Cerro Verde ;mayo-2026
11/05/2026;CAVAP4335L;CAVAPACK 35L;[CAVAP4335L] CAVAPACK 35L (Negro);Negro;35L;1,00;WEB;mayo-2026
11/05/2026;EC175UN;ECO BAG;[EC175UN] ECO BAG (Daily/Negro);Negro;�nica;1,00;WEB;mayo-2026
11/05/2026;CAVAP15135L;CAVAPACK 35L;[CAVAP15135L] CAVAPACK 35L (Azul);Azul;35L;1,00;La Grieta;mayo-2026
11/05/2026;CAVAP4335L;CAVAPACK 35L;[CAVAP4335L] CAVAPACK 35L (Negro);Negro;35L;1,00;Sambil Valencia;mayo-2026
11/05/2026;CIT152CIB;CITYBAG;[CIT152CIB] CITYBAG (Verde);Verde;�nica;1,00;La Grieta;mayo-2026
11/05/2026;CIT166CIB;CITYBAG;[CIT166CIB] CITYBAG (gris);Gris;�nica;1,00;Sambil Chacao ;mayo-2026
11/05/2026;CIT70CIB;CITYBAG;[CIT70CIB] CITYBAG (Vinotinto);Vinotinto;�nica;1,00;Cerro Verde ;mayo-2026
12/05/2026;PONC152EQ;PONCHO ADULTO;[PONC152EQ] PONCHO ADULTO (VERDE);Verde;Adulto;1,00;La Grieta;mayo-2026
12/05/2026;CIT70CIB;CITYBAG;[CIT70CIB] CITYBAG (Vinotinto);Vinotinto;�nica;1,00;Cerro Verde ;mayo-2026
12/05/2026;CIT70CIB;CITYBAG;[CIT70CIB] CITYBAG (Vinotinto);Vinotinto;�nica;1,00;La Grieta;mayo-2026
12/05/2026;CIT166CIB;CITYBAG;[CIT166CIB] CITYBAG (gris);Gris;�nica;1,00;Cerro Verde ;mayo-2026
12/05/2026;CIT166CIB;CITYBAG;[CIT166CIB] CITYBAG (gris);Gris;�nica;1,00;Cerro Verde ;mayo-2026
12/05/2026;PONKI35EQ;PONCHO KIDS;[PONKI35EQ] PONCHO KIDS (Magenta);Magenta;Kids;1,00;Sambil Valencia;mayo-2026
12/05/2026;PONKI63EQ;PONCHO KIDS;[PONKI63EQ] PONCHO KIDS (Verde Agua);Verde Agua;Kids;1,00;Sambil Valencia;mayo-2026
12/05/2026;CIT70CIB;CITYBAG;[CIT70CIB] CITYBAG (Vinotinto);Vinotinto;�nica;1,00;Sambil Valencia;mayo-2026
12/05/2026;CIT70CIB;CITYBAG;[CIT70CIB] CITYBAG (Vinotinto);Vinotinto;�nica;1,00;Cerro Verde ;mayo-2026
12/05/2026;CIT70CIB;CITYBAG;[CIT70CIB] CITYBAG (Vinotinto);Vinotinto;�nica;1,00;Sambil Valencia;mayo-2026
13/05/2026;PONKI35EQ;PONCHO KIDS;[PONKI35EQ] PONCHO KIDS (Magenta);Magenta;Kids;1,00;Cerro Verde ;mayo-2026
13/05/2026;PONKI63EQ;PONCHO KIDS;[PONKI63EQ] PONCHO KIDS (Verde Agua);Verde Agua;Kids;1,00;Sambil Valencia;mayo-2026
13/05/2026;CIT152CIB;CITYBAG;[CIT152CIB] CITYBAG (Verde);Verde;�nica;1,00;La Grieta;mayo-2026
13/05/2026;CIT70CIB;CITYBAG;[CIT70CIB] CITYBAG (Vinotinto);Vinotinto;�nica;1,00;La Grieta;mayo-2026
13/05/2026;CIT12CIB;CITYBAG;[CIT12CIB] CITYBAG (Azul Marino);Azul Marino;�nica;1,00;La Grieta;mayo-2026
13/05/2026;PONKI63EQ;PONCHO KIDS;[PONKI63EQ] PONCHO KIDS (Verde Agua);Verde Agua;Kids;1,00;Cerro Verde ;mayo-2026
13/05/2026;PONKI30EQ;PONCHO KIDS;[PONKI30EQ] PONCHO KIDS (Gris Claro - 9734);Gris Claro;Kids;1,00;Cerro Verde ;mayo-2026
13/05/2026;CIT70CIB;CITYBAG;[CIT70CIB] CITYBAG (Vinotinto);Vinotinto;�nica;1,00;La Grieta;mayo-2026
13/05/2026;BAC33BF;BACKPACK FLEX;[BAC33BF] BACKPACK FLEX (Kaki);Kaki;�nica;1,00;La Grieta;mayo-2026
13/05/2026;PONKI63EQ;PONCHO KIDS;[PONKI63EQ] PONCHO KIDS (Verde Agua);Verde Agua;Kids;1,00;Cerro Verde ;mayo-2026
13/05/2026;PONKI30EQ;PONCHO KIDS;[PONKI30EQ] PONCHO KIDS (Gris Claro - 9734);Gris Claro;Kids;1,00;Cerro Verde ;mayo-2026
13/05/2026;CIT12CIB;CITYBAG;[CIT12CIB] CITYBAG (Azul Marino);Azul Marino;�nica;1,00;WEB;mayo-2026
13/05/2026;CIT12CIB;CITYBAG;[CIT12CIB] CITYBAG (Azul Marino);Azul Marino;�nica;1,00;WEB;mayo-2026
13/05/2026;CAVAP15135L;CAVAPACK 35L;[CAVAP15135L] CAVAPACK 35L (Azul);Azul;35L;1,00;WEB;mayo-2026
13/05/2026;PONC12EQ;PONCHO KIDS;[PONC12EQ] PONCHO KIDS (Azul Marino);Azul Marino;Kids;1,00;La Grieta;mayo-2026
13/05/2026;PONKI35EQ;PONCHO KIDS;[PONKI35EQ] PONCHO KIDS (Magenta);Magenta;Kids;1,00;La Grieta;mayo-2026
13/05/2026;BAC43BF;BACKPACK FLEX;[BAC43BF] BACKPACK FLEX (Negro);Negro;�nica;1,00;La Grieta;mayo-2026
13/05/2026;CIT166CIB;CITYBAG;[CIT166CIB] CITYBAG (gris);Gris;�nica;1,00;Sambil Valencia;mayo-2026
13/05/2026;PONC43EQ;PONCHO KIDS;[PONC43EQ] PONCHO KIDS (Negro);Negro;Kids;1,00;Cerro Verde ;mayo-2026
13/05/2026;CIT12CIB;CITYBAG;[CIT12CIB] CITYBAG (Azul Marino);Azul Marino;�nica;1,00;Cerro Verde ;mayo-2026
13/05/2026;CIT12CIB;CITYBAG;[CIT12CIB] CITYBAG (Azul Marino);Azul Marino;�nica;-1,00;Cerro Verde ;mayo-2026
13/05/2026;CIT12CIB;CITYBAG;[CIT12CIB] CITYBAG (Azul Marino);Azul Marino;�nica;1,00;Cerro Verde ;mayo-2026
13/05/2026;PONC43EQ;PONCHO KIDS;[PONC43EQ] PONCHO KIDS (Negro);Negro;Kids;1,00;Tolon;mayo-2026
14/05/2026;PONC151EQ;PONCHO ADULTO;[PONC151EQ] PONCHO ADULTO (AZUL);Azul;Adulto;1,00;Tolon;mayo-2026
14/05/2026;CIT70CIB;CITYBAG;[CIT70CIB] CITYBAG (Vinotinto);Vinotinto;�nica;1,00;La Grieta;mayo-2026
14/05/2026;CIT70CIB;CITYBAG;[CIT70CIB] CITYBAG (Vinotinto);Vinotinto;�nica;1,00;Sambil Chacao ;mayo-2026
14/05/2026;PONC01EQ;PONCHO ADULTO;[PONC01EQ] PONCHO ADULTO (AGUAMARINA);Aguamarina;Adulto;1,00;Cerro Verde ;mayo-2026
14/05/2026;PONC151EQ;PONCHO ADULTO;[PONC151EQ] PONCHO ADULTO (AZUL);Azul;Adulto;1,00;La Grieta;mayo-2026
14/05/2026;PONKI35EQ;PONCHO KIDS;[PONKI35EQ] PONCHO KIDS (Magenta);Magenta;Kids;1,00;Sambil Valencia;mayo-2026
14/05/2026;CIT12CIB;CITYBAG;[CIT12CIB] CITYBAG (Azul Marino);Azul Marino;�nica;1,00;Sambil Valencia;mayo-2026
14/05/2026;CIT70CIB;CITYBAG;[CIT70CIB] CITYBAG (Vinotinto);Vinotinto;�nica;1,00;Sambil Valencia;mayo-2026
14/05/2026;CIT152CIB;CITYBAG;[CIT152CIB] CITYBAG (Verde);Verde;�nica;1,00;Sambil Valencia;mayo-2026
15/05/2026;CIT12CIB;CITYBAG;[CIT12CIB] CITYBAG (Azul Marino);Azul Marino;�nica;1,00;La Grieta;mayo-2026
15/05/2026;CIT70CIB;CITYBAG;[CIT70CIB] CITYBAG (Vinotinto);Vinotinto;�nica;1,00;La Grieta;mayo-2026
15/05/2026;CIT152CIB;CITYBAG;[CIT152CIB] CITYBAG (Verde);Verde;�nica;1,00;Tolon;mayo-2026
15/05/2026;CIT152CIB;CITYBAG;[CIT152CIB] CITYBAG (Verde);Verde;�nica;-1,00;Tolon;mayo-2026
15/05/2026;CIT152CIB;CITYBAG;[CIT152CIB] CITYBAG (Verde);Verde;�nica;1,00;Tolon;mayo-2026
15/05/2026;PONKI30EQ;PONCHO KIDS;[PONKI30EQ] PONCHO KIDS (Gris Claro - 9734);Gris Claro;Kids;1,00;La Grieta;mayo-2026
15/05/2026;CIT152CIB;CITYBAG;[CIT152CIB] CITYBAG (Verde);Verde;�nica;1,00;Tolon;mayo-2026
15/05/2026;CIT70CIB;CITYBAG;[CIT70CIB] CITYBAG (Vinotinto);Vinotinto;�nica;1,00;Cerro Verde ;mayo-2026
15/05/2026;PONKI35EQ;PONCHO KIDS;[PONKI35EQ] PONCHO KIDS (Magenta);Magenta;Kids;1,00;Grandplaz ;mayo-2026
15/05/2026;CIT70CIB;CITYBAG;[CIT70CIB] CITYBAG (Vinotinto);Vinotinto;�nica;1,00;Pedidos;mayo-2026
15/05/2026;CIT12CIB;CITYBAG;[CIT12CIB] CITYBAG (Azul Marino);Azul Marino;�nica;1,00;Cerro Verde ;mayo-2026
15/05/2026;CIT70CIB;CITYBAG;[CIT70CIB] CITYBAG (Vinotinto);Vinotinto;�nica;1,00;Cerro Verde ;mayo-2026
15/05/2026;BAC43BF;BACKPACK FLEX;[BAC43BF] BACKPACK FLEX (Negro);Negro;�nica;1,00;Sambil Chacao ;mayo-2026
15/05/2026;BAC33BF;BACKPACK FLEX;[BAC33BF] BACKPACK FLEX (Kaki);Kaki;�nica;1,00;La Grieta;mayo-2026
15/05/2026;CIT70CIB;CITYBAG;[CIT70CIB] CITYBAG (Vinotinto);Vinotinto;�nica;1,00;Sambil Valencia;mayo-2026
15/05/2026;CIT12CIB;CITYBAG;[CIT12CIB] CITYBAG (Azul Marino);Azul Marino;�nica;1,00;La Grieta;mayo-2026
15/05/2026;CAVAP4335L;CAVAPACK 35L;[CAVAP4335L] CAVAPACK 35L (Negro);Negro;35L;1,00;La Grieta;mayo-2026
15/05/2026;CAVAP15135L;CAVAPACK 35L;[CAVAP15135L] CAVAPACK 35L (Azul);Azul;35L;1,00;La Grieta;mayo-2026
15/05/2026;BAC33BF;BACKPACK FLEX;[BAC33BF] BACKPACK FLEX (Kaki);Kaki;�nica;1,00;La Grieta;mayo-2026
15/05/2026;BAC43BF;BACKPACK FLEX;[BAC43BF] BACKPACK FLEX (Negro);Negro;�nica;1,00;Cerro Verde ;mayo-2026
15/05/2026;BAC13BF;BACKPACK FLEX;[BAC13BF] BACKPACK FLEX (Azul Rey);Azul Rey;�nica;1,00;Sambil Valencia;mayo-2026
15/05/2026;PONC151EQ;PONCHO ADULTO;[PONC151EQ] PONCHO ADULTO (AZUL);Azul;Adulto;1,00;Cerro Verde ;mayo-2026
15/05/2026;PONKI35EQ;PONCHO KIDS;[PONKI35EQ] PONCHO KIDS (Magenta);Magenta;Kids;1,00;Sambil Valencia;mayo-2026
15/05/2026;CIT12CIB;CITYBAG;[CIT12CIB] CITYBAG (Azul Marino);Azul Marino;�nica;1,00;Cerro Verde ;mayo-2026
15/05/2026;CIT152CIB;CITYBAG;[CIT152CIB] CITYBAG (Verde);Verde;�nica;-1,00;Tolon;mayo-2026
15/05/2026;PONC43EQ;PONCHO KIDS;[PONC43EQ] PONCHO KIDS (Negro);Negro;Kids;1,00;Sambil Valencia;mayo-2026
15/05/2026;CIT12CIB;CITYBAG;[CIT12CIB] CITYBAG (Azul Marino);Azul Marino;�nica;1,00;Sambil Chacao ;mayo-2026
15/05/2026;CAVAP4335L;CAVAPACK 35L;[CAVAP4335L] CAVAPACK 35L (Negro);Negro;35L;1,00;Sambil Chacao ;mayo-2026
15/05/2026;CIT152CIB;CITYBAG;[CIT152CIB] CITYBAG (Verde);Verde;�nica;1,00;Tolon;mayo-2026
15/05/2026;CIT152CIB;CITYBAG;[CIT152CIB] CITYBAG (Verde);Verde;�nica;-1,00;Tolon;mayo-2026
15/05/2026;CIT70CIB;CITYBAG;[CIT70CIB] CITYBAG (Vinotinto);Vinotinto;�nica;1,00;Grandplaz ;mayo-2026
15/05/2026;CIT12CIB;CITYBAG;[CIT12CIB] CITYBAG (Azul Marino);Azul Marino;�nica;1,00;Cerro Verde ;mayo-2026
15/05/2026;CIT166CIB;CITYBAG;[CIT166CIB] CITYBAG (gris);Gris;�nica;1,00;Sambil Valencia;mayo-2026
15/05/2026;CIT152CIB;CITYBAG;[CIT152CIB] CITYBAG (Verde);Verde;�nica;1,00;Tolon;mayo-2026
15/05/2026;CIT152CIB;CITYBAG;[CIT152CIB] CITYBAG (Verde);Verde;�nica;1,00;Cerro Verde ;mayo-2026
15/05/2026;CIT152CIB;CITYBAG;[CIT152CIB] CITYBAG (Verde);Verde;�nica;1,00;Sambil Chacao ;mayo-2026
16/05/2026;CIT152CIB;CITYBAG;[CIT152CIB] CITYBAG (Verde);Verde;�nica;1,00;Cerro Verde ;mayo-2026
16/05/2026;CIT70CIB;CITYBAG;[CIT70CIB] CITYBAG (Vinotinto);Vinotinto;�nica;1,00;Grandplaz ;mayo-2026
16/05/2026;BAC43BF;BACKPACK FLEX;[BAC43BF] BACKPACK FLEX (Negro);Negro;�nica;1,00;Sambil Chacao ;mayo-2026
16/05/2026;BAC43BF;BACKPACK FLEX;[BAC43BF] BACKPACK FLEX (Negro);Negro;�nica;1,00;Sambil Chacao ;mayo-2026
16/05/2026;CIT166CIB;CITYBAG;[CIT166CIB] CITYBAG (gris);Gris;�nica;1,00;Sambil Chacao ;mayo-2026
16/05/2026;CAVAP15135L;CAVAPACK 35L;[CAVAP15135L] CAVAPACK 35L (Azul);Azul;35L;1,00;Cerro Verde ;mayo-2026
16/05/2026;CIT70CIB;CITYBAG;[CIT70CIB] CITYBAG (Vinotinto);Vinotinto;�nica;1,00;Sambil Valencia;mayo-2026
16/05/2026;CAVAP15135L;CAVAPACK 35L;[CAVAP15135L] CAVAPACK 35L (Azul);Azul;35L;1,00;Sambil Valencia;mayo-2026
16/05/2026;PONC152EQ;PONCHO ADULTO;[PONC152EQ] PONCHO ADULTO (VERDE);Verde;Adulto;1,00;La Grieta;mayo-2026
16/05/2026;BAC13BF;BACKPACK FLEX;[BAC13BF] BACKPACK FLEX (Azul Rey);Azul Rey;�nica;1,00;La Grieta;mayo-2026
16/05/2026;CIT70CIB;CITYBAG;[CIT70CIB] CITYBAG (Vinotinto);Vinotinto;�nica;1,00;Cerro Verde ;mayo-2026
16/05/2026;CIT70CIB;CITYBAG;[CIT70CIB] CITYBAG (Vinotinto);Vinotinto;�nica;1,00;Tolon;mayo-2026
16/05/2026;EC172UN;ECO BAG;[EC172UN] ECO BAG (Made in Venezuela/Verde);Verde;�nica;1,00;La Grieta;mayo-2026
16/05/2026;EC173UN;ECO BAG;[EC173UN] ECO BAG (Palmeras/Azul);Azul;�nica;1,00;La Grieta;mayo-2026
16/05/2026;CIT70CIB;CITYBAG;[CIT70CIB] CITYBAG (Vinotinto);Vinotinto;�nica;1,00;Cerro Verde ;mayo-2026
16/05/2026;CIT70CIB;CITYBAG;[CIT70CIB] CITYBAG (Vinotinto);Vinotinto;�nica;1,00;Sambil Valencia;mayo-2026
16/05/2026;CIT166CIB;CITYBAG;[CIT166CIB] CITYBAG (gris);Gris;�nica;1,00;Cerro Verde ;mayo-2026
16/05/2026;BAC43BF;BACKPACK FLEX;[BAC43BF] BACKPACK FLEX (Negro);Negro;�nica;1,00;Sambil Chacao ;mayo-2026
17/05/2026;CIT12CIB;CITYBAG;[CIT12CIB] CITYBAG (Azul Marino);Azul Marino;�nica;1,00;La Grieta;mayo-2026
17/05/2026;PONKI30EQ;PONCHO KIDS;[PONKI30EQ] PONCHO KIDS (Gris Claro - 9734);Gris Claro;Kids;1,00;Cerro Verde ;mayo-2026
17/05/2026;CIT70CIB;CITYBAG;[CIT70CIB] CITYBAG (Vinotinto);Vinotinto;�nica;1,00;Cerro Verde ;mayo-2026
17/05/2026;CIT70CIB;CITYBAG;[CIT70CIB] CITYBAG (Vinotinto);Vinotinto;�nica;1,00;Cerro Verde ;mayo-2026
17/05/2026;CIT152CIB;CITYBAG;[CIT152CIB] CITYBAG (Verde);Verde;�nica;1,00;Sambil Valencia;mayo-2026
17/05/2026;PONC151EQ;PONCHO ADULTO;[PONC151EQ] PONCHO ADULTO (AZUL);Azul;Adulto;1,00;Sambil Chacao ;mayo-2026
17/05/2026;PONC152EQ;PONCHO ADULTO;[PONC152EQ] PONCHO ADULTO (VERDE);Verde;Adulto;1,00;Cerro Verde ;mayo-2026
17/05/2026;CIT12CIB;CITYBAG;[CIT12CIB] CITYBAG (Azul Marino);Azul Marino;�nica;1,00;Sambil Valencia;mayo-2026
17/05/2026;PONC151EQ;PONCHO ADULTO;[PONC151EQ] PONCHO ADULTO (AZUL);Azul;Adulto;1,00;Sambil Chacao ;mayo-2026
17/05/2026;CIT166CIB;CITYBAG;[CIT166CIB] CITYBAG (gris);Gris;�nica;1,00;Sambil Chacao ;mayo-2026
17/05/2026;PONC152EQ;PONCHO ADULTO;[PONC152EQ] PONCHO ADULTO (VERDE);Verde;Adulto;1,00;Sambil Chacao ;mayo-2026
17/05/2026;EC172UN;ECO BAG;[EC172UN] ECO BAG (Made in Venezuela/Verde);Verde;�nica;1,00;Sambil Chacao ;mayo-2026
17/05/2026;EC173UN;ECO BAG;[EC173UN] ECO BAG (Palmeras/Azul);Azul;�nica;1,00;La Grieta;mayo-2026
17/05/2026;CIT152CIB;CITYBAG;[CIT152CIB] CITYBAG (Verde);Verde;�nica;1,00;Cerro Verde ;mayo-2026
17/05/2026;CIT166CIB;CITYBAG;[CIT166CIB] CITYBAG (gris);Gris;�nica;1,00;Sambil Valencia;mayo-2026
17/05/2026;BAC43BF;BACKPACK FLEX;[BAC43BF] BACKPACK FLEX (Negro);Negro;�nica;1,00;Sambil Chacao ;mayo-2026
17/05/2026;CIT166CIB;CITYBAG;[CIT166CIB] CITYBAG (gris);Gris;�nica;1,00;Sambil Valencia;mayo-2026
17/05/2026;CIT70CIB;CITYBAG;[CIT70CIB] CITYBAG (Vinotinto);Vinotinto;�nica;1,00;Cerro Verde ;mayo-2026
18/05/2026;CIT12CIB;CITYBAG;[CIT12CIB] CITYBAG (Azul Marino);Azul Marino;�nica;1,00;WEB;mayo-2026
18/05/2026;PONC151EQ;PONCHO ADULTO;[PONC151EQ] PONCHO ADULTO (AZUL);Azul;Adulto;1,00;La Grieta;mayo-2026
18/05/2026;BAC33BF;BACKPACK FLEX;[BAC33BF] BACKPACK FLEX (Kaki);Kaki;�nica;1,00;Sambil Chacao ;mayo-2026
18/05/2026;CIT166CIB;CITYBAG;[CIT166CIB] CITYBAG (gris);Gris;�nica;1,00;Sambil Chacao ;mayo-2026
18/05/2026;CAVAP15135L;CAVAPACK 35L;[CAVAP15135L] CAVAPACK 35L (Azul);Azul;35L;1,00;La Grieta;mayo-2026
18/05/2026;CIT166CIB;CITYBAG;[CIT166CIB] CITYBAG (gris);Gris;�nica;1,00;Cerro Verde ;mayo-2026
18/05/2026;EC176UN;ECO BAG;[EC176UN] ECO BAG (Ondas/Verde);Verde;�nica;1,00;La Grieta;mayo-2026
18/05/2026;PONC01EQ;PONCHO ADULTO;[PONC01EQ] PONCHO ADULTO (AGUAMARINA);Aguamarina;Adulto;1,00;Sambil Chacao ;mayo-2026
18/05/2026;BAC43BF;BACKPACK FLEX;[BAC43BF] BACKPACK FLEX (Negro);Negro;�nica;1,00;Sambil Chacao ;mayo-2026
19/05/2026;PONKI35EQ;PONCHO KIDS;[PONKI35EQ] PONCHO KIDS (Magenta);Magenta;Kids;1,00;La Grieta;mayo-2026
19/05/2026;PONKI63EQ;PONCHO KIDS;[PONKI63EQ] PONCHO KIDS (Verde Agua);Verde Agua;Kids;1,00;Grandplaz ;mayo-2026
19/05/2026;CIT70CIB;CITYBAG;[CIT70CIB] CITYBAG (Vinotinto);Vinotinto;�nica;1,00;Sambil Chacao ;mayo-2026
19/05/2026;BAC33BF;BACKPACK FLEX;[BAC33BF] BACKPACK FLEX (Kaki);Kaki;�nica;1,00;Sambil Valencia;mayo-2026
19/05/2026;CIT152CIB;CITYBAG;[CIT152CIB] CITYBAG (Verde);Verde;�nica;1,00;WEB;mayo-2026
19/05/2026;CIT70CIB;CITYBAG;[CIT70CIB] CITYBAG (Vinotinto);Vinotinto;�nica;1,00;Cerro Verde ;mayo-2026
19/05/2026;CIT166CIB;CITYBAG;[CIT166CIB] CITYBAG (gris);Gris;�nica;1,00;Sambil Chacao ;mayo-2026
19/05/2026;PONKI63EQ;PONCHO KIDS;[PONKI63EQ] PONCHO KIDS (Verde Agua);Verde Agua;Kids;2,00;La Grieta;mayo-2026
19/05/2026;CIT152CIB;CITYBAG;[CIT152CIB] CITYBAG (Verde);Verde;�nica;1,00;Tolon;mayo-2026
19/05/2026;BAC13BF;BACKPACK FLEX;[BAC13BF] BACKPACK FLEX (Azul Rey);Azul Rey;�nica;1,00;Sambil Chacao ;mayo-2026
19/05/2026;PONC151EQ;PONCHO ADULTO;[PONC151EQ] PONCHO ADULTO (AZUL);Azul;Adulto;2,00;Sambil Valencia;mayo-2026
20/05/2026;BAC43BF;BACKPACK FLEX;[BAC43BF] BACKPACK FLEX (Negro);Negro;�nica;1,00;WEB;mayo-2026
20/05/2026;CIT12CIB;CITYBAG;[CIT12CIB] CITYBAG (Azul Marino);Azul Marino;�nica;1,00;WEB;mayo-2026
20/05/2026;PONKI30EQ;PONCHO KIDS;[PONKI30EQ] PONCHO KIDS (Gris Claro - 9734);Gris Claro;Kids;1,00;Sambil Valencia;mayo-2026
20/05/2026;CIT12CIB;CITYBAG;[CIT12CIB] CITYBAG (Azul Marino);Azul Marino;�nica;1,00;WEB;mayo-2026
20/05/2026;CIT70CIB;CITYBAG;[CIT70CIB] CITYBAG (Vinotinto);Vinotinto;�nica;1,00;Cerro Verde ;mayo-2026
20/05/2026;CAVAP15135L;CAVAPACK 35L;[CAVAP15135L] CAVAPACK 35L (Azul);Azul;35L;1,00;Sambil Chacao ;mayo-2026
20/05/2026;CIT70CIB;CITYBAG;[CIT70CIB] CITYBAG (Vinotinto);Vinotinto;�nica;1,00;La Grieta;mayo-2026
20/05/2026;CIT70CIB;CITYBAG;[CIT70CIB] CITYBAG (Vinotinto);Vinotinto;�nica;1,00;La Grieta;mayo-2026
20/05/2026;BAC13BF;BACKPACK FLEX;[BAC13BF] BACKPACK FLEX (Azul Rey);Azul Rey;�nica;1,00;La Grieta;mayo-2026
20/05/2026;CIT166CIB;CITYBAG;[CIT166CIB] CITYBAG (gris);Gris;�nica;1,00;La Grieta;mayo-2026
20/05/2026;CIT152CIB;CITYBAG;[CIT152CIB] CITYBAG (Verde);Verde;�nica;1,00;La Grieta;mayo-2026
20/05/2026;CIT152CIB;CITYBAG;[CIT152CIB] CITYBAG (Verde);Verde;�nica;1,00;Sambil Chacao ;mayo-2026
20/05/2026;CIT166CIB;CITYBAG;[CIT166CIB] CITYBAG (gris);Gris;�nica;1,00;Sambil Chacao ;mayo-2026
20/05/2026;CIT166CIB;CITYBAG;[CIT166CIB] CITYBAG (gris);Gris;�nica;12,00;Cerro Verde ;mayo-2026
20/05/2026;BAC43BF;BACKPACK FLEX;[BAC43BF] BACKPACK FLEX (Negro);Negro;�nica;1,00;Sambil Valencia;mayo-2026
21/05/2026;CIT152CIB;CITYBAG;[CIT152CIB] CITYBAG (Verde);Verde;�nica;1,00;La Grieta;mayo-2026
21/05/2026;CIT166CIB;CITYBAG;[CIT166CIB] CITYBAG (gris);Gris;�nica;1,00;Tolon;mayo-2026
21/05/2026;CIT70CIB;CITYBAG;[CIT70CIB] CITYBAG (Vinotinto);Vinotinto;�nica;1,00;Sambil Valencia;mayo-2026
21/05/2026;PONC01EQ;PONCHO ADULTO;[PONC01EQ] PONCHO ADULTO (AGUAMARINA);Aguamarina;Adulto;1,00;Cerro Verde ;mayo-2026
21/05/2026;PONC152EQ;PONCHO ADULTO;[PONC152EQ] PONCHO ADULTO (VERDE);Verde;Adulto;1,00;Cerro Verde ;mayo-2026
21/05/2026;CIT166CIB;CITYBAG;[CIT166CIB] CITYBAG (gris);Gris;�nica;1,00;Sambil Chacao ;mayo-2026
21/05/2026;EC173UN;ECO BAG;[EC173UN] ECO BAG (Palmeras/Azul);Azul;�nica;1,00;Sambil Chacao ;mayo-2026
21/05/2026;CAVAP4335L;CAVAPACK 35L;[CAVAP4335L] CAVAPACK 35L (Negro);Negro;35L;1,00;La Grieta;mayo-2026
21/05/2026;CAVAP4335L;CAVAPACK 35L;[CAVAP4335L] CAVAPACK 35L (Negro);Negro;35L;1,00;Tolon;mayo-2026
21/05/2026;CIT166CIB;CITYBAG;[CIT166CIB] CITYBAG (gris);Gris;�nica;1,00;Sambil Chacao ;mayo-2026
21/05/2026;CIT12CIB;CITYBAG;[CIT12CIB] CITYBAG (Azul Marino);Azul Marino;�nica;1,00;Sambil Valencia;mayo-2026
21/05/2026;EC176UN;ECO BAG;[EC176UN] ECO BAG (Ondas/Verde);Verde;�nica;1,00;WEB;mayo-2026
21/05/2026;CIT12CIB;CITYBAG;[CIT12CIB] CITYBAG (Azul Marino);Azul Marino;�nica;1,00;Sambil Valencia;mayo-2026
21/05/2026;CIT70CIB;CITYBAG;[CIT70CIB] CITYBAG (Vinotinto);Vinotinto;�nica;1,00;WEB;mayo-2026
21/05/2026;BAC43BF;BACKPACK FLEX;[BAC43BF] BACKPACK FLEX (Negro);Negro;�nica;1,00;La Grieta;mayo-2026
21/05/2026;CIT70CIB;CITYBAG;[CIT70CIB] CITYBAG (Vinotinto);Vinotinto;�nica;1,00;Sambil Chacao ;mayo-2026
21/05/2026;CIT12CIB;CITYBAG;[CIT12CIB] CITYBAG (Azul Marino);Azul Marino;�nica;1,00;Sambil Chacao ;mayo-2026
21/05/2026;BAC33BF;BACKPACK FLEX;[BAC33BF] BACKPACK FLEX (Kaki);Kaki;�nica;1,00;Sambil Chacao ;mayo-2026
22/05/2026;CIT12CIB;CITYBAG;[CIT12CIB] CITYBAG (Azul Marino);Azul Marino;�nica;1,00;La Grieta;mayo-2026
22/05/2026;CIT166CIB;CITYBAG;[CIT166CIB] CITYBAG (gris);Gris;�nica;1,00;WEB;mayo-2026
22/05/2026;BAC13BF;BACKPACK FLEX;[BAC13BF] BACKPACK FLEX (Azul Rey);Azul Rey;�nica;1,00;Sambil Chacao ;mayo-2026
22/05/2026;PONC01EQ;PONCHO ADULTO;[PONC01EQ] PONCHO ADULTO (AGUAMARINA);Aguamarina;Adulto;1,00;Cerro Verde ;mayo-2026
22/05/2026;PONKI09EQ;PONCHO KIDS;[PONKI09EQ] PONCHO KIDS (Azul Cielo - 52013);Azul Cielo;Kids;1,00;Cerro Verde ;mayo-2026
22/05/2026;PONKI35EQ;PONCHO KIDS;[PONKI35EQ] PONCHO KIDS (Magenta);Magenta;Kids;1,00;Sambil Chacao ;mayo-2026
22/05/2026;BAC43BF;BACKPACK FLEX;[BAC43BF] BACKPACK FLEX (Negro);Negro;�nica;1,00;Sambil Valencia;mayo-2026
22/05/2026;CIT12CIB;CITYBAG;[CIT12CIB] CITYBAG (Azul Marino);Azul Marino;�nica;1,00;Sambil Valencia;mayo-2026
22/05/2026;BAC43BF;BACKPACK FLEX;[BAC43BF] BACKPACK FLEX (Negro);Negro;�nica;1,00;Tolon;mayo-2026
22/05/2026;CAVAP15135L;CAVAPACK 35L;[CAVAP15135L] CAVAPACK 35L (Azul);Azul;35L;1,00;Cerro Verde ;mayo-2026
22/05/2026;EC173UN;ECO BAG;[EC173UN] ECO BAG (Palmeras/Azul);Azul;�nica;1,00;Sambil Valencia;mayo-2026
22/05/2026;CIT12CIB;CITYBAG;[CIT12CIB] CITYBAG (Azul Marino);Azul Marino;�nica;1,00;Sambil Chacao ;mayo-2026
22/05/2026;CIT166CIB;CITYBAG;[CIT166CIB] CITYBAG (gris);Gris;�nica;1,00;La Grieta;mayo-2026
22/05/2026;PONKI35EQ;PONCHO KIDS;[PONKI35EQ] PONCHO KIDS (Magenta);Magenta;Kids;1,00;Cerro Verde ;mayo-2026
23/05/2026;BAC43BF;BACKPACK FLEX;[BAC43BF] BACKPACK FLEX (Negro);Negro;�nica;1,00;Sambil Chacao ;mayo-2026
23/05/2026;CAVAP4335L;CAVAPACK 35L;[CAVAP4335L] CAVAPACK 35L (Negro);Negro;35L;1,00;Cerro Verde ;mayo-2026
23/05/2026;CAVAP4335L;CAVAPACK 35L;[CAVAP4335L] CAVAPACK 35L (Negro);Negro;35L;1,00;La Grieta;mayo-2026
23/05/2026;CIT166CIB;CITYBAG;[CIT166CIB] CITYBAG (gris);Gris;�nica;1,00;La Grieta;mayo-2026
23/05/2026;CIT166CIB;CITYBAG;[CIT166CIB] CITYBAG (gris);Gris;�nica;1,00;Tolon;mayo-2026
23/05/2026;BAC43BF;BACKPACK FLEX;[BAC43BF] BACKPACK FLEX (Negro);Negro;�nica;1,00;Sambil Valencia;mayo-2026
23/05/2026;PONKI35EQ;PONCHO KIDS;[PONKI35EQ] PONCHO KIDS (Magenta);Magenta;Kids;1,00;Cerro Verde ;mayo-2026
23/05/2026;PONC12EQ;PONCHO KIDS;[PONC12EQ] PONCHO KIDS (Azul Marino);Azul Marino;Kids;1,00;Cerro Verde ;mayo-2026
23/05/2026;CIT70CIB;CITYBAG;[CIT70CIB] CITYBAG (Vinotinto);Vinotinto;�nica;1,00;Cerro Verde ;mayo-2026
23/05/2026;CIT166CIB;CITYBAG;[CIT166CIB] CITYBAG (gris);Gris;�nica;1,00;Cerro Verde ;mayo-2026
23/05/2026;CIT70CIB;CITYBAG;[CIT70CIB] CITYBAG (Vinotinto);Vinotinto;�nica;1,00;Cerro Verde ;mayo-2026
23/05/2026;CIT12CIB;CITYBAG;[CIT12CIB] CITYBAG (Azul Marino);Azul Marino;�nica;1,00;Sambil Chacao ;mayo-2026
23/05/2026;BAC43BF;BACKPACK FLEX;[BAC43BF] BACKPACK FLEX (Negro);Negro;�nica;1,00;Sambil Chacao ;mayo-2026
23/05/2026;CIT152CIB;CITYBAG;[CIT152CIB] CITYBAG (Verde);Verde;�nica;1,00;Sambil Chacao ;mayo-2026
23/05/2026;CAVAP15135L;CAVAPACK 35L;[CAVAP15135L] CAVAPACK 35L (Azul);Azul;35L;1,00;Sambil Chacao ;mayo-2026
24/05/2026;CIT152CIB;CITYBAG;[CIT152CIB] CITYBAG (Verde);Verde;�nica;1,00;Grandplaz ;mayo-2026
24/05/2026;PONC43EQ;PONCHO KIDS;[PONC43EQ] PONCHO KIDS (Negro);Negro;Kids;1,00;Sambil Valencia;mayo-2026
24/05/2026;BAC13BF;BACKPACK FLEX;[BAC13BF] BACKPACK FLEX (Azul Rey);Azul Rey;�nica;1,00;Sambil Chacao ;mayo-2026
24/05/2026;CIT166CIB;CITYBAG;[CIT166CIB] CITYBAG (gris);Gris;�nica;1,00;Sambil Chacao ;mayo-2026
24/05/2026;BAC43BF;BACKPACK FLEX;[BAC43BF] BACKPACK FLEX (Negro);Negro;�nica;1,00;Cerro Verde ;mayo-2026
24/05/2026;PONKI63EQ;PONCHO KIDS;[PONKI63EQ] PONCHO KIDS (Verde Agua);Verde Agua;Kids;1,00;Sambil Chacao ;mayo-2026
24/05/2026;PONC12EQ;PONCHO KIDS;[PONC12EQ] PONCHO KIDS (Azul Marino);Azul Marino;Kids;1,00;Sambil Chacao ;mayo-2026
24/05/2026;PONKI09EQ;PONCHO KIDS;[PONKI09EQ] PONCHO KIDS (Azul Cielo - 52013);Azul Cielo;Kids;1,00;Sambil Chacao ;mayo-2026
24/05/2026;PONKI35EQ;PONCHO KIDS;[PONKI35EQ] PONCHO KIDS (Magenta);Magenta;Kids;2,00;Sambil Chacao ;mayo-2026
24/05/2026;CIT70CIB;CITYBAG;[CIT70CIB] CITYBAG (Vinotinto);Vinotinto;�nica;1,00;Sambil Valencia;mayo-2026
24/05/2026;CIT70CIB;CITYBAG;[CIT70CIB] CITYBAG (Vinotinto);Vinotinto;�nica;1,00;Cerro Verde ;mayo-2026
25/05/2026;CAVAP4335L;CAVAPACK 35L;[CAVAP4335L] CAVAPACK 35L (Negro);Negro;35L;1,00;Sambil Chacao ;mayo-2026
25/05/2026;CIT70CIB;CITYBAG;[CIT70CIB] CITYBAG (Vinotinto);Vinotinto;�nica;1,00;Sambil Chacao ;mayo-2026
25/05/2026;PONC151EQ;PONCHO ADULTO;[PONC151EQ] PONCHO ADULTO (AZUL);Azul;Adulto;1,00;La Grieta;mayo-2026
25/05/2026;PONC43EQ;PONCHO KIDS;[PONC43EQ] PONCHO KIDS (Negro);Negro;Kids;2,00;Sambil Valencia;mayo-2026
25/05/2026;CIT70CIB;CITYBAG;[CIT70CIB] CITYBAG (Vinotinto);Vinotinto;�nica;1,00;La Grieta;mayo-2026
25/05/2026;CAVAP4335L;CAVAPACK 35L;[CAVAP4335L] CAVAPACK 35L (Negro);Negro;35L;1,00;Sambil Valencia;mayo-2026
25/05/2026;BAC33BF;BACKPACK FLEX;[BAC33BF] BACKPACK FLEX (Kaki);Kaki;�nica;1,00;Sambil Valencia;mayo-2026
25/05/2026;CAVAP4335L;CAVAPACK 35L;[CAVAP4335L] CAVAPACK 35L (Negro);Negro;35L;1,00;La Grieta;mayo-2026
25/05/2026;CIT12CIB;CITYBAG;[CIT12CIB] CITYBAG (Azul Marino);Azul Marino;�nica;-1,00;La Grieta;mayo-2026
25/05/2026;CIT12CIB;CITYBAG;[CIT12CIB] CITYBAG (Azul Marino);Azul Marino;�nica;1,00;La Grieta;mayo-2026
25/05/2026;CAVAP15135L;CAVAPACK 35L;[CAVAP15135L] CAVAPACK 35L (Azul);Azul;35L;1,00;Sambil Valencia;mayo-2026
25/05/2026;CIT152CIB;CITYBAG;[CIT152CIB] CITYBAG (Verde);Verde;�nica;1,00;Grandplaz ;mayo-2026
25/05/2026;CIT70CIB;CITYBAG;[CIT70CIB] CITYBAG (Vinotinto);Vinotinto;�nica;1,00;Sambil Valencia;mayo-2026
25/05/2026;CIT70CIB;CITYBAG;[CIT70CIB] CITYBAG (Vinotinto);Vinotinto;�nica;1,00;Sambil Valencia;mayo-2026
26/05/2026;CAVAP15135L;CAVAPACK 35L;[CAVAP15135L] CAVAPACK 35L (Azul);Azul;35L;1,00;Cerro Verde ;mayo-2026
26/05/2026;BAC43BF;BACKPACK FLEX;[BAC43BF] BACKPACK FLEX (Negro);Negro;�nica;1,00;Sambil Chacao ;mayo-2026
26/05/2026;CIT152CIB;CITYBAG;[CIT152CIB] CITYBAG (Verde);Verde;�nica;1,00;Cerro Verde ;mayo-2026
26/05/2026;CAVAP15135L;CAVAPACK 35L;[CAVAP15135L] CAVAPACK 35L (Azul);Azul;35L;1,00;Cerro Verde ;mayo-2026
26/05/2026;CIT166CIB;CITYBAG;[CIT166CIB] CITYBAG (gris);Gris;�nica;1,00;La Grieta;mayo-2026
26/05/2026;CIT166CIB;CITYBAG;[CIT166CIB] CITYBAG (gris);Gris;�nica;1,00;Cerro Verde ;mayo-2026
26/05/2026;CIT70CIB;CITYBAG;[CIT70CIB] CITYBAG (Vinotinto);Vinotinto;�nica;1,00;La Grieta;mayo-2026
26/05/2026;CIT166CIB;CITYBAG;[CIT166CIB] CITYBAG (gris);Gris;�nica;1,00;Tolon;mayo-2026
26/05/2026;CIT70CIB;CITYBAG;[CIT70CIB] CITYBAG (Vinotinto);Vinotinto;�nica;1,00;Tolon;mayo-2026
26/05/2026;PONKI35EQ;PONCHO KIDS;[PONKI35EQ] PONCHO KIDS (Magenta);Magenta;Kids;1,00;La Grieta;mayo-2026
26/05/2026;CIT12CIB;CITYBAG;[CIT12CIB] CITYBAG (Azul Marino);Azul Marino;�nica;1,00;Sambil Valencia;mayo-2026
27/05/2026;CIT70CIB;CITYBAG;[CIT70CIB] CITYBAG (Vinotinto);Vinotinto;�nica;1,00;Sambil Chacao ;mayo-2026
27/05/2026;BAC43BF;BACKPACK FLEX;[BAC43BF] BACKPACK FLEX (Negro);Negro;�nica;1,00;Cerro Verde ;mayo-2026
27/05/2026;CIT152CIB;CITYBAG;[CIT152CIB] CITYBAG (Verde);Verde;�nica;1,00;Grandplaz ;mayo-2026
27/05/2026;PONKI35EQ;PONCHO KIDS;[PONKI35EQ] PONCHO KIDS (Magenta);Magenta;Kids;1,00;Cerro Verde ;mayo-2026
27/05/2026;CIT152CIB;CITYBAG;[CIT152CIB] CITYBAG (Verde);Verde;�nica;1,00;Cerro Verde ;mayo-2026
27/05/2026;CIT12CIB;CITYBAG;[CIT12CIB] CITYBAG (Azul Marino);Azul Marino;�nica;1,00;Cerro Verde ;mayo-2026
27/05/2026;CIT70CIB;CITYBAG;[CIT70CIB] CITYBAG (Vinotinto);Vinotinto;�nica;1,00;La Grieta;mayo-2026
27/05/2026;CIT152CIB;CITYBAG;[CIT152CIB] CITYBAG (Verde);Verde;�nica;1,00;Grandplaz ;mayo-2026
27/05/2026;CIT12CIB;CITYBAG;[CIT12CIB] CITYBAG (Azul Marino);Azul Marino;�nica;1,00;Grandplaz ;mayo-2026
27/05/2026;BAC43BF;BACKPACK FLEX;[BAC43BF] BACKPACK FLEX (Negro);Negro;�nica;1,00;Sambil Valencia;mayo-2026
27/05/2026;BAC43BF;BACKPACK FLEX;[BAC43BF] BACKPACK FLEX (Negro);Negro;�nica;1,00;Sambil Valencia;mayo-2026
27/05/2026;BAC43BF;BACKPACK FLEX;[BAC43BF] BACKPACK FLEX (Negro);Negro;�nica;1,00;Sambil Chacao ;mayo-2026
27/05/2026;CIT70CIB;CITYBAG;[CIT70CIB] CITYBAG (Vinotinto);Vinotinto;�nica;1,00;La Grieta;mayo-2026
27/05/2026;BAC33BF;BACKPACK FLEX;[BAC33BF] BACKPACK FLEX (Kaki);Kaki;�nica;1,00;Cerro Verde ;mayo-2026
27/05/2026;CIT152CIB;CITYBAG;[CIT152CIB] CITYBAG (Verde);Verde;�nica;1,00;Cerro Verde ;mayo-2026
27/05/2026;PONKI35EQ;PONCHO KIDS;[PONKI35EQ] PONCHO KIDS (Magenta);Magenta;Kids;1,00;Sambil Chacao ;mayo-2026
27/05/2026;CAVAP4335L;CAVAPACK 35L;[CAVAP4335L] CAVAPACK 35L (Negro);Negro;35L;1,00;Sambil Chacao ;mayo-2026
27/05/2026;CIT70CIB;CITYBAG;[CIT70CIB] CITYBAG (Vinotinto);Vinotinto;�nica;1,00;Sambil Valencia;mayo-2026
27/05/2026;CIT166CIB;CITYBAG;[CIT166CIB] CITYBAG (gris);Gris;�nica;1,00;Sambil Chacao ;mayo-2026
28/05/2026;CAVAP15135L;CAVAPACK 35L;[CAVAP15135L] CAVAPACK 35L (Azul);Azul;35L;1,00;La Grieta;mayo-2026
28/05/2026;CAVAP4335L;CAVAPACK 35L;[CAVAP4335L] CAVAPACK 35L (Negro);Negro;35L;1,00;Grandplaz ;mayo-2026
28/05/2026;PONKI35EQ;PONCHO KIDS;[PONKI35EQ] PONCHO KIDS (Magenta);Magenta;Kids;1,00;Cerro Verde ;mayo-2026
28/05/2026;CIT70CIB;CITYBAG;[CIT70CIB] CITYBAG (Vinotinto);Vinotinto;�nica;1,00;Sambil Chacao ;mayo-2026
28/05/2026;CAVAP15135L;CAVAPACK 35L;[CAVAP15135L] CAVAPACK 35L (Azul);Azul;35L;1,00;La Grieta;mayo-2026
28/05/2026;CIT166CIB;CITYBAG;[CIT166CIB] CITYBAG (gris);Gris;�nica;1,00;Sambil Valencia;mayo-2026
28/05/2026;BAC43BF;BACKPACK FLEX;[BAC43BF] BACKPACK FLEX (Negro);Negro;�nica;1,00;Sambil Chacao ;mayo-2026
28/05/2026;CIT12CIB;CITYBAG;[CIT12CIB] CITYBAG (Azul Marino);Azul Marino;�nica;1,00;Cerro Verde ;mayo-2026
28/05/2026;CIT70CIB;CITYBAG;[CIT70CIB] CITYBAG (Vinotinto);Vinotinto;�nica;1,00;Sambil Chacao ;mayo-2026
28/05/2026;CIT70CIB;CITYBAG;[CIT70CIB] CITYBAG (Vinotinto);Vinotinto;�nica;-1,00;Sambil Chacao ;mayo-2026
28/05/2026;CIT70CIB;CITYBAG;[CIT70CIB] CITYBAG (Vinotinto);Vinotinto;�nica;1,00;Sambil Chacao ;mayo-2026
28/05/2026;CAVAP15135L;CAVAPACK 35L;[CAVAP15135L] CAVAPACK 35L (Azul);Azul;35L;1,00;Sambil Valencia;mayo-2026
28/05/2026;CIT70CIB;CITYBAG;[CIT70CIB] CITYBAG (Vinotinto);Vinotinto;�nica;1,00;Sambil Chacao ;mayo-2026
28/05/2026;CIT152CIB;CITYBAG;[CIT152CIB] CITYBAG (Verde);Verde;�nica;1,00;Sambil Valencia;mayo-2026
28/05/2026;PONC01EQ;PONCHO ADULTO;[PONC01EQ] PONCHO ADULTO (AGUAMARINA);Aguamarina;Adulto;1,00;La Grieta;mayo-2026
28/05/2026;CIT70CIB;CITYBAG;[CIT70CIB] CITYBAG (Vinotinto);Vinotinto;�nica;1,00;Sambil Valencia;mayo-2026
28/05/2026;CIT70CIB;CITYBAG;[CIT70CIB] CITYBAG (Vinotinto);Vinotinto;�nica;1,00;Sambil Valencia;mayo-2026
29/05/2026;CIT166CIB;CITYBAG;[CIT166CIB] CITYBAG (gris);Gris;�nica;1,00;Sambil Chacao ;mayo-2026
29/05/2026;BAC13BF;BACKPACK FLEX;[BAC13BF] BACKPACK FLEX (Azul Rey);Azul Rey;�nica;1,00;Sambil Valencia;mayo-2026
29/05/2026;CIT166CIB;CITYBAG;[CIT166CIB] CITYBAG (gris);Gris;�nica;1,00;Sambil Chacao ;mayo-2026
29/05/2026;PONC12EQ;PONCHO KIDS;[PONC12EQ] PONCHO KIDS (Azul Marino);Azul Marino;Kids;1,00;Cerro Verde ;mayo-2026
29/05/2026;CIT166CIB;CITYBAG;[CIT166CIB] CITYBAG (gris);Gris;�nica;1,00;Sambil Chacao ;mayo-2026
29/05/2026;CAVAP15135L;CAVAPACK 35L;[CAVAP15135L] CAVAPACK 35L (Azul);Azul;35L;1,00;Cerro Verde ;mayo-2026
29/05/2026;CIT166CIB;CITYBAG;[CIT166CIB] CITYBAG (gris);Gris;�nica;1,00;Sambil Valencia;mayo-2026
29/05/2026;CIT70CIB;CITYBAG;[CIT70CIB] CITYBAG (Vinotinto);Vinotinto;�nica;1,00;Cerro Verde ;mayo-2026
29/05/2026;CAVAP15135L;CAVAPACK 35L;[CAVAP15135L] CAVAPACK 35L (Azul);Azul;35L;1,00;La Grieta;mayo-2026
29/05/2026;CIT12CIB;CITYBAG;[CIT12CIB] CITYBAG (Azul Marino);Azul Marino;�nica;1,00;La Grieta;mayo-2026
29/05/2026;CIT152CIB;CITYBAG;[CIT152CIB] CITYBAG (Verde);Verde;�nica;1,00;Cerro Verde ;mayo-2026
29/05/2026;PONKI63EQ;PONCHO KIDS;[PONKI63EQ] PONCHO KIDS (Verde Agua);Verde Agua;Kids;1,00;Cerro Verde ;mayo-2026
29/05/2026;PONKI35EQ;PONCHO KIDS;[PONKI35EQ] PONCHO KIDS (Magenta);Magenta;Kids;1,00;Cerro Verde ;mayo-2026
29/05/2026;CAVAP15135L;CAVAPACK 35L;[CAVAP15135L] CAVAPACK 35L (Azul);Azul;35L;1,00;Cerro Verde ;mayo-2026
30/05/2026;BAC43BF;BACKPACK FLEX;[BAC43BF] BACKPACK FLEX (Negro);Negro;�nica;1,00;Cerro Verde ;mayo-2026
30/05/2026;CIT12CIB;CITYBAG;[CIT12CIB] CITYBAG (Azul Marino);Azul Marino;�nica;1,00;Cerro Verde ;mayo-2026
30/05/2026;EC173UN;ECO BAG;[EC173UN] ECO BAG (Palmeras/Azul);Azul;�nica;1,00;Sambil Valencia;mayo-2026
30/05/2026;CAVAP15135L;CAVAPACK 35L;[CAVAP15135L] CAVAPACK 35L (Azul);Azul;35L;2,00;La Grieta;mayo-2026
30/05/2026;CAVAP4335L;CAVAPACK 35L;[CAVAP4335L] CAVAPACK 35L (Negro);Negro;35L;1,00;La Grieta;mayo-2026
30/05/2026;PONC151EQ;PONCHO ADULTO;[PONC151EQ] PONCHO ADULTO (AZUL);Azul;Adulto;1,00;Cerro Verde ;mayo-2026
30/05/2026;BAC33BF;BACKPACK FLEX;[BAC33BF] BACKPACK FLEX (Kaki);Kaki;�nica;1,00;Sambil Valencia;mayo-2026
30/05/2026;CIT70CIB;CITYBAG;[CIT70CIB] CITYBAG (Vinotinto);Vinotinto;�nica;1,00;Sambil Chacao ;mayo-2026
30/05/2026;CIT70CIB;CITYBAG;[CIT70CIB] CITYBAG (Vinotinto);Vinotinto;�nica;1,00;Sambil Valencia;mayo-2026
30/05/2026;CIT152CIB;CITYBAG;[CIT152CIB] CITYBAG (Verde);Verde;�nica;1,00;Sambil Chacao ;mayo-2026
30/05/2026;CIT70CIB;CITYBAG;[CIT70CIB] CITYBAG (Vinotinto);Vinotinto;�nica;1,00;Sambil Chacao ;mayo-2026
30/05/2026;CIT70CIB;CITYBAG;[CIT70CIB] CITYBAG (Vinotinto);Vinotinto;�nica;1,00;Sambil Chacao ;mayo-2026
30/05/2026;BAC43BF;BACKPACK FLEX;[BAC43BF] BACKPACK FLEX (Negro);Negro;�nica;1,00;La Grieta;mayo-2026
30/05/2026;CAVAP15135L;CAVAPACK 35L;[CAVAP15135L] CAVAPACK 35L (Azul);Azul;35L;1,00;Cerro Verde ;mayo-2026
30/05/2026;BAC33BF;BACKPACK FLEX;[BAC33BF] BACKPACK FLEX (Kaki);Kaki;�nica;1,00;Sambil Chacao ;mayo-2026
30/05/2026;CAVAP4335L;CAVAPACK 35L;[CAVAP4335L] CAVAPACK 35L (Negro);Negro;35L;1,00;La Grieta;mayo-2026
30/05/2026;BAC43BF;BACKPACK FLEX;[BAC43BF] BACKPACK FLEX (Negro);Negro;�nica;1,00;Cerro Verde ;mayo-2026
30/05/2026;CIT166CIB;CITYBAG;[CIT166CIB] CITYBAG (gris);Gris;�nica;1,00;Sambil Valencia;mayo-2026
30/05/2026;CIT70CIB;CITYBAG;[CIT70CIB] CITYBAG (Vinotinto);Vinotinto;�nica;1,00;Sambil Chacao ;mayo-2026
30/05/2026;BAC43BF;BACKPACK FLEX;[BAC43BF] BACKPACK FLEX (Negro);Negro;�nica;1,00;Sambil Valencia;mayo-2026
30/05/2026;CIT166CIB;CITYBAG;[CIT166CIB] CITYBAG (gris);Gris;�nica;1,00;Sambil Valencia;mayo-2026
30/05/2026;CIT152CIB;CITYBAG;[CIT152CIB] CITYBAG (Verde);Verde;�nica;1,00;Sambil Chacao ;mayo-2026
30/05/2026;PONKI35EQ;PONCHO KIDS;[PONKI35EQ] PONCHO KIDS (Magenta);Magenta;Kids;1,00;Sambil Valencia;mayo-2026
30/05/2026;CIT70CIB;CITYBAG;[CIT70CIB] CITYBAG (Vinotinto);Vinotinto;�nica;1,00;Sambil Chacao ;mayo-2026
31/05/2026;CIT70CIB;CITYBAG;[CIT70CIB] CITYBAG (Vinotinto);Vinotinto;�nica;1,00;La Grieta;mayo-2026
31/05/2026;PONC43EQ;PONCHO KIDS;[PONC43EQ] PONCHO KIDS (Negro);Negro;Kids;1,00;La Grieta;mayo-2026
31/05/2026;CIT70CIB;CITYBAG;[CIT70CIB] CITYBAG (Vinotinto);Vinotinto;�nica;1,00;Cerro Verde ;mayo-2026
31/05/2026;CIT12CIB;CITYBAG;[CIT12CIB] CITYBAG (Azul Marino);Azul Marino;�nica;1,00;Cerro Verde ;mayo-2026
31/05/2026;CIT70CIB;CITYBAG;[CIT70CIB] CITYBAG (Vinotinto);Vinotinto;�nica;1,00;Cerro Verde ;mayo-2026
31/05/2026;PONKI63EQ;PONCHO KIDS;[PONKI63EQ] PONCHO KIDS (Verde Agua);Verde Agua;Kids;1,00;Sambil Chacao ;mayo-2026
31/05/2026;CIT70CIB;CITYBAG;[CIT70CIB] CITYBAG (Vinotinto);Vinotinto;�nica;1,00;Tolon;mayo-2026
31/05/2026;PONKI35EQ;PONCHO KIDS;[PONKI35EQ] PONCHO KIDS (Magenta);Magenta;Kids;1,00;Sambil Valencia;mayo-2026
31/05/2026;CIT12CIB;CITYBAG;[CIT12CIB] CITYBAG (Azul Marino);Azul Marino;�nica;1,00;Sambil Valencia;mayo-2026
31/05/2026;EC172UN;ECO BAG;[EC172UN] ECO BAG (Made in Venezuela/Verde);Verde;�nica;2,00;Sambil Valencia;mayo-2026
31/05/2026;CIT12CIB;CITYBAG;[CIT12CIB] CITYBAG (Azul Marino);Azul Marino;�nica;1,00;Sambil Chacao ;mayo-2026
31/05/2026;BAC33BF;BACKPACK FLEX;[BAC33BF] BACKPACK FLEX (Kaki);Kaki;�nica;1,00;Sambil Chacao ;mayo-2026
31/05/2026;CIT166CIB;CITYBAG;[CIT166CIB] CITYBAG (gris);Gris;�nica;1,00;Sambil Chacao ;mayo-2026
01/06/2026;BAC13BF;BACKPACK FLEX;[BAC13BF] BACKPACK FLEX (Azul Rey);Azul Rey;�nica;1,00;Tolon;junio-2026
01/06/2026;PONC01EQ;PONCHO ADULTO;[PONC01EQ] PONCHO ADULTO (AGUAMARINA);Aguamarina;Adulto;1,00;Sambil Chacao ;junio-2026
01/06/2026;CIT70CIB;CITYBAG;[CIT70CIB] CITYBAG (Vinotinto);Vinotinto;�nica;1,00;Cerro Verde ;junio-2026
01/06/2026;CIT166CIB;CITYBAG;[CIT166CIB] CITYBAG (Gris);Gris;�nica;1,00;Sambil Valencia;junio-2026
01/06/2026;CIT70CIB;CITYBAG;[CIT70CIB] CITYBAG (Vinotinto);Vinotinto;�nica;1,00;La Grieta;junio-2026
01/06/2026;CIT152CIB;CITYBAG;[CIT152CIB] CITYBAG (Verde);Verde;�nica;1,00;Sambil Valencia;junio-2026
02/06/2026;CIT70CIB;CITYBAG;[CIT70CIB] CITYBAG (Vinotinto);Vinotinto;�nica;1,00;La Grieta;junio-2026
02/06/2026;CIT70CIB;CITYBAG;[CIT70CIB] CITYBAG (Vinotinto);Vinotinto;�nica;1,00;Sambil Valencia;junio-2026
02/06/2026;CIT70CIB;CITYBAG;[CIT70CIB] CITYBAG (Vinotinto);Vinotinto;�nica;1,00;Cerro Verde ;junio-2026
02/06/2026;PONKI35EQ;PONCHO KIDS;[PONKI35EQ] PONCHO KIDS (Magenta);Magenta;Kids;1,00;Cerro Verde ;junio-2026
02/06/2026;PONKI63EQ;PONCHO KIDS;[PONKI63EQ] PONCHO KIDS (Verde Agua);Verde Agua;Kids;1,00;Cerro Verde ;junio-2026
02/06/2026;CAVAP15135L;CAVAPACK 35L;[CAVAP15135L] CAVAPACK 35L (Azul);Azul;35L;1,00;Sambil Valencia;junio-2026
02/06/2026;PONKI30EQ;PONCHO KIDS;[PONKI30EQ] PONCHO KIDS (Gris Claro);Gris Claro;Kids;1,00;La Grieta;junio-2026
02/06/2026;BAC43BF;BACKPACK FLEX;[BAC43BF] BACKPACK FLEX (Negro);Negro;�nica;1,00;Cerro Verde ;junio-2026
02/06/2026;CIT166CIB;CITYBAG;[CIT166CIB] CITYBAG (Gris);Gris;�nica;1,00;Grandplaz ;junio-2026
02/06/2026;EC172UN;ECO BAG;[EC172UN] ECO BAG (Made in Venezuela/Verde);Verde;�nica;1,00;Sambil Chacao ;junio-2026
02/06/2026;PONC151EQ;PONCHO ADULTO;[PONC151EQ] PONCHO ADULTO (AZUL);Azul;Adulto;1,00;Sambil Chacao ;junio-2026
02/06/2026;CAVAP15135L;CAVAPACK 35L;[CAVAP15135L] CAVAPACK 35L (Azul);Azul;35L;1,00;Cerro Verde ;junio-2026
02/06/2026;BAC43BF;BACKPACK FLEX;[BAC43BF] BACKPACK FLEX (Negro);Negro;�nica;1,00;Cerro Verde ;junio-2026
02/06/2026;CIT152CIB;CITYBAG;[CIT152CIB] CITYBAG (Verde);Verde;�nica;1,00;Cerro Verde ;junio-2026
02/06/2026;CIT70CIB;CITYBAG;[CIT70CIB] CITYBAG (Vinotinto);Vinotinto;�nica;1,00;WEB;junio-2026
02/06/2026;CIT70CIB;CITYBAG;[CIT70CIB] CITYBAG (Vinotinto);Vinotinto;�nica;1,00;Sambil Valencia;junio-2026
02/06/2026;CIT70CIB;CITYBAG;[CIT70CIB] CITYBAG (Vinotinto);Vinotinto;�nica;1,00;Cerro Verde ;junio-2026
02/06/2026;BAC13BF;BACKPACK FLEX;[BAC13BF] BACKPACK FLEX (Azul Rey);Azul Rey;�nica;1,00;Pedidos;junio-2026
02/06/2026;PONC43EQ;PONCHO KIDS;[PONC43EQ] PONCHO KIDS (Negro);Negro;Kids;1,00;Sambil Valencia;junio-2026
02/06/2026;CIT152CIB;CITYBAG;[CIT152CIB] CITYBAG (Verde);Verde;�nica;1,00;Sambil Chacao ;junio-2026
03/06/2026;CIT152CIB;CITYBAG;[CIT152CIB] CITYBAG (Verde);Verde;�nica;1,00;Tolon;junio-2026
03/06/2026;CIT70CIB;CITYBAG;[CIT70CIB] CITYBAG (Vinotinto);Vinotinto;�nica;1,00;La Grieta;junio-2026
03/06/2026;CIT12CIB;CITYBAG;[CIT12CIB] CITYBAG (Azul Marino);Azul Marino;�nica;1,00;La Grieta;junio-2026
03/06/2026;CIT70CIB;CITYBAG;[CIT70CIB] CITYBAG (Vinotinto);Vinotinto;�nica;1,00;La Grieta;junio-2026
03/06/2026;BAC33BF;BACKPACK FLEX;[BAC33BF] BACKPACK FLEX (Kaki);Kaki;�nica;1,00;WEB;junio-2026
03/06/2026;CIT12CIB;CITYBAG;[CIT12CIB] CITYBAG (Azul Marino);Azul Marino;�nica;1,00;Cerro Verde ;junio-2026
03/06/2026;CIT70CIB;CITYBAG;[CIT70CIB] CITYBAG (Vinotinto);Vinotinto;�nica;1,00;WEB;junio-2026
03/06/2026;CIT70CIB;CITYBAG;[CIT70CIB] CITYBAG (Vinotinto);Vinotinto;�nica;1,00;La Grieta;junio-2026
03/06/2026;CIT12CIB;CITYBAG;[CIT12CIB] CITYBAG (Azul Marino);Azul Marino;�nica;1,00;La Grieta;junio-2026
03/06/2026;PONC12EQ;PONCHO KIDS;[PONC12EQ] PONCHO KIDS (Azul Marino);Azul Marino;Kids;1,00;Tolon;junio-2026
03/06/2026;EC173UN;ECO BAG;[EC173UN] ECO BAG (Palmeras/Azul);Azul;�nica;1,00;Sambil Valencia;junio-2026
03/06/2026;CIT70CIB;CITYBAG;[CIT70CIB] CITYBAG (Vinotinto);Vinotinto;�nica;1,00;Sambil Valencia;junio-2026
03/06/2026;BAC43BF;BACKPACK FLEX;[BAC43BF] BACKPACK FLEX (Negro);Negro;�nica;1,00;La Grieta;junio-2026
03/06/2026;CIT12CIB;CITYBAG;[CIT12CIB] CITYBAG (Azul Marino);Azul Marino;�nica;1,00;WEB;junio-2026
03/06/2026;BAC33BF;BACKPACK FLEX;[BAC33BF] BACKPACK FLEX (Kaki);Kaki;�nica;1,00;Cerro Verde ;junio-2026
03/06/2026;CIT166CIB;CITYBAG;[CIT166CIB] CITYBAG (Gris);Gris;�nica;1,00;Sambil Valencia;junio-2026
03/06/2026;CIT70CIB;CITYBAG;[CIT70CIB] CITYBAG (Vinotinto);Vinotinto;�nica;1,00;Cerro Verde ;junio-2026
03/06/2026;CIT70CIB;CITYBAG;[CIT70CIB] CITYBAG (Vinotinto);Vinotinto;�nica;1,00;Sambil Valencia;junio-2026
03/06/2026;BAC43BF;BACKPACK FLEX;[BAC43BF] BACKPACK FLEX (Negro);Negro;�nica;1,00;La Grieta;junio-2026
03/06/2026;PONC01EQ;PONCHO ADULTO;[PONC01EQ] PONCHO ADULTO (AGUAMARINA);Aguamarina;Adulto;1,00;Sambil Chacao ;junio-2026
03/06/2026;CIT12CIB;CITYBAG;[CIT12CIB] CITYBAG (Azul Marino);Azul Marino;�nica;1,00;La Grieta;junio-2026
03/06/2026;PONC151EQ;PONCHO ADULTO;[PONC151EQ] PONCHO ADULTO (AZUL);Azul;Adulto;1,00;Cerro Verde ;junio-2026
03/06/2026;CIT12CIB;CITYBAG;[CIT12CIB] CITYBAG (Azul Marino);Azul Marino;�nica;1,00;Cerro Verde ;junio-2026
03/06/2026;CIT12CIB;CITYBAG;[CIT12CIB] CITYBAG (Azul Marino);Azul Marino;�nica;1,00;Sambil Valencia;junio-2026
03/06/2026;BAC13BF;BACKPACK FLEX;[BAC13BF] BACKPACK FLEX (Azul Rey);Azul Rey;�nica;1,00;Sambil Chacao ;junio-2026
03/06/2026;PONC151EQ;PONCHO ADULTO;[PONC151EQ] PONCHO ADULTO (AZUL);Azul;Adulto;1,00;Tolon;junio-2026
04/06/2026;CIT70CIB;CITYBAG;[CIT70CIB] CITYBAG (Vinotinto);Vinotinto;�nica;1,00;Cerro Verde ;junio-2026
04/06/2026;BAC43BF;BACKPACK FLEX;[BAC43BF] BACKPACK FLEX (Negro);Negro;�nica;1,00;Sambil Valencia;junio-2026
04/06/2026;CIT152CIB;CITYBAG;[CIT152CIB] CITYBAG (Verde);Verde;�nica;1,00;La Grieta;junio-2026
04/06/2026;CAVAP15135L;CAVAPACK 35L;[CAVAP15135L] CAVAPACK 35L (Azul);Azul;35L;1,00;Sambil Valencia;junio-2026
04/06/2026;CIT152CIB;CITYBAG;[CIT152CIB] CITYBAG (Verde);Verde;�nica;1,00;Cerro Verde ;junio-2026
04/06/2026;BAC43BF;BACKPACK FLEX;[BAC43BF] BACKPACK FLEX (Negro);Negro;�nica;1,00;La Grieta;junio-2026
04/06/2026;CIT70CIB;CITYBAG;[CIT70CIB] CITYBAG (Vinotinto);Vinotinto;�nica;1,00;Cerro Verde ;junio-2026
04/06/2026;CIT166CIB;CITYBAG;[CIT166CIB] CITYBAG (Gris);Gris;�nica;1,00;Cerro Verde ;junio-2026
04/06/2026;BAC33BF;BACKPACK FLEX;[BAC33BF] BACKPACK FLEX (Kaki);Kaki;�nica;1,00;La Grieta;junio-2026
04/06/2026;CIT12CIB;CITYBAG;[CIT12CIB] CITYBAG (Azul Marino);Azul Marino;�nica;1,00;Sambil Valencia;junio-2026
04/06/2026;CIT12CIB;CITYBAG;[CIT12CIB] CITYBAG (Azul Marino);Azul Marino;�nica;1,00;Sambil Chacao ;junio-2026
04/06/2026;EC175UN;ECO BAG;[EC175UN] ECO BAG (Daily/Negro);Negro;�nica;1,00;Tolon;junio-2026
04/06/2026;CIT70CIB;CITYBAG;[CIT70CIB] CITYBAG (Vinotinto);Vinotinto;�nica;1,00;Tolon;junio-2026
04/06/2026;CIT12CIB;CITYBAG;[CIT12CIB] CITYBAG (Azul Marino);Azul Marino;�nica;1,00;La Grieta;junio-2026
04/06/2026;CIT166CIB;CITYBAG;[CIT166CIB] CITYBAG (Gris);Gris;�nica;1,00;La Grieta;junio-2026
04/06/2026;BAC33BF;BACKPACK FLEX;[BAC33BF] BACKPACK FLEX (Kaki);Kaki;�nica;1,00;La Grieta;junio-2026
04/06/2026;PONKI35EQ;PONCHO KIDS;[PONKI35EQ] PONCHO KIDS (Magenta);Magenta;Kids;2,00;La Grieta;junio-2026
04/06/2026;CIT12CIB;CITYBAG;[CIT12CIB] CITYBAG (Azul Marino);Azul Marino;�nica;1,00;Sambil Chacao ;junio-2026
04/06/2026;BAC43BF;BACKPACK FLEX;[BAC43BF] BACKPACK FLEX (Negro);Negro;�nica;1,00;Sambil Valencia;junio-2026
05/06/2026;CIT152CIB;CITYBAG;[CIT152CIB] CITYBAG (Verde);Verde;�nica;1,00;Cerro Verde ;junio-2026
05/06/2026;CIT12CIB;CITYBAG;[CIT12CIB] CITYBAG (Azul Marino);Azul Marino;�nica;1,00;La Grieta;junio-2026
05/06/2026;CIT70CIB;CITYBAG;[CIT70CIB] CITYBAG (Vinotinto);Vinotinto;�nica;1,00;Cerro Verde ;junio-2026
05/06/2026;CIT12CIB;CITYBAG;[CIT12CIB] CITYBAG (Azul Marino);Azul Marino;�nica;1,00;Sambil Valencia;junio-2026
05/06/2026;CAVAP15135L;CAVAPACK 35L;[CAVAP15135L] CAVAPACK 35L (Azul);Azul;35L;1,00;Cerro Verde ;junio-2026
05/06/2026;PONC151EQ;PONCHO ADULTO;[PONC151EQ] PONCHO ADULTO (AZUL);Azul;Adulto;2,00;Cerro Verde ;junio-2026
05/06/2026;CAVAP4335L;CAVAPACK 35L;[CAVAP4335L] CAVAPACK 35L (Negro);Negro;35L;1,00;Sambil Valencia;junio-2026
05/06/2026;CIT70CIB;CITYBAG;[CIT70CIB] CITYBAG (Vinotinto);Vinotinto;�nica;1,00;Cerro Verde ;junio-2026
05/06/2026;CIT70CIB;CITYBAG;[CIT70CIB] CITYBAG (Vinotinto);Vinotinto;�nica;1,00;Cerro Verde ;junio-2026
05/06/2026;PONC12EQ;PONCHO KIDS;[PONC12EQ] PONCHO KIDS (Azul Marino);Azul Marino;Kids;1,00;Sambil Chacao ;junio-2026
05/06/2026;PONC43EQ;PONCHO KIDS;[PONC43EQ] PONCHO KIDS (Negro);Negro;Kids;1,00;Cerro Verde ;junio-2026
05/06/2026;PONKI35EQ;PONCHO KIDS;[PONKI35EQ] PONCHO KIDS (Magenta);Magenta;Kids;1,00;Sambil Chacao ;junio-2026
05/06/2026;CIT152CIB;CITYBAG;[CIT152CIB] CITYBAG (Verde);Verde;�nica;1,00;Tolon;junio-2026
06/06/2026;BAC43BF;BACKPACK FLEX;[BAC43BF] BACKPACK FLEX (Negro);Negro;�nica;1,00;Sambil Valencia;junio-2026
06/06/2026;CIT70CIB;CITYBAG;[CIT70CIB] CITYBAG (Vinotinto);Vinotinto;�nica;1,00;Cerro Verde ;junio-2026
06/06/2026;CIT166CIB;CITYBAG;[CIT166CIB] CITYBAG (Gris);Gris;�nica;1,00;La Grieta;junio-2026
06/06/2026;BAC43BF;BACKPACK FLEX;[BAC43BF] BACKPACK FLEX (Negro);Negro;�nica;1,00;La Grieta;junio-2026
06/06/2026;CIT152CIB;CITYBAG;[CIT152CIB] CITYBAG (Verde);Verde;�nica;1,00;Sambil Chacao ;junio-2026
06/06/2026;CIT70CIB;CITYBAG;[CIT70CIB] CITYBAG (Vinotinto);Vinotinto;�nica;1,00;Sambil Valencia;junio-2026
06/06/2026;CIT12CIB;CITYBAG;[CIT12CIB] CITYBAG (Azul Marino);Azul Marino;�nica;1,00;Cerro Verde ;junio-2026
06/06/2026;CIT166CIB;CITYBAG;[CIT166CIB] CITYBAG (Gris);Gris;�nica;1,00;Sambil Valencia;junio-2026
06/06/2026;CIT70CIB;CITYBAG;[CIT70CIB] CITYBAG (Vinotinto);Vinotinto;�nica;1,00;Sambil Valencia;junio-2026
06/06/2026;PONKI63EQ;PONCHO KIDS;[PONKI63EQ] PONCHO KIDS (Verde Agua);Verde Agua;Kids;1,00;Sambil Valencia;junio-2026
06/06/2026;PONC43EQ;PONCHO KIDS;[PONC43EQ] PONCHO KIDS (Negro);Negro;Kids;1,00;Sambil Valencia;junio-2026
06/06/2026;CIT70CIB;CITYBAG;[CIT70CIB] CITYBAG (Vinotinto);Vinotinto;�nica;1,00;Cerro Verde ;junio-2026
06/06/2026;PONC43EQ;PONCHO KIDS;[PONC43EQ] PONCHO KIDS (Negro);Negro;Kids;1,00;Sambil Valencia;junio-2026
06/06/2026;CIT70CIB;CITYBAG;[CIT70CIB] CITYBAG (Vinotinto);Vinotinto;�nica;1,00;Sambil Chacao ;junio-2026
06/06/2026;CAVAP15135L;CAVAPACK 35L;[CAVAP15135L] CAVAPACK 35L (Azul);Azul;35L;1,00;Sambil Valencia;junio-2026
06/06/2026;BAC43BF;BACKPACK FLEX;[BAC43BF] BACKPACK FLEX (Negro);Negro;�nica;1,00;Sambil Chacao ;junio-2026
06/06/2026;PONKI35EQ;PONCHO KIDS;[PONKI35EQ] PONCHO KIDS (Magenta);Magenta;Kids;1,00;La Grieta;junio-2026
06/06/2026;PONC43EQ;PONCHO KIDS;[PONC43EQ] PONCHO KIDS (Negro);Negro;Kids;1,00;La Grieta;junio-2026
06/06/2026;CIT166CIB;CITYBAG;[CIT166CIB] CITYBAG (Gris);Gris;�nica;1,00;La Grieta;junio-2026
06/06/2026;PONC12EQ;PONCHO KIDS;[PONC12EQ] PONCHO KIDS (Azul Marino);Azul Marino;Kids;1,00;Sambil Valencia;junio-2026
06/06/2026;CIT12CIB;CITYBAG;[CIT12CIB] CITYBAG (Azul Marino);Azul Marino;�nica;1,00;Cerro Verde ;junio-2026
06/06/2026;CIT70CIB;CITYBAG;[CIT70CIB] CITYBAG (Vinotinto);Vinotinto;�nica;1,00;Cerro Verde ;junio-2026
06/06/2026;CAVAP15135L;CAVAPACK 35L;[CAVAP15135L] CAVAPACK 35L (Azul);Azul;35L;1,00;La Grieta;junio-2026
06/06/2026;CIT166CIB;CITYBAG;[CIT166CIB] CITYBAG (Gris);Gris;�nica;1,00;Sambil Chacao ;junio-2026
06/06/2026;CAVAP4335L;CAVAPACK 35L;[CAVAP4335L] CAVAPACK 35L (Negro);Negro;35L;1,00;Tolon;junio-2026
06/06/2026;CIT70CIB;CITYBAG;[CIT70CIB] CITYBAG (Vinotinto);Vinotinto;�nica;1,00;Sambil Chacao ;junio-2026
06/06/2026;CIT70CIB;CITYBAG;[CIT70CIB] CITYBAG (Vinotinto);Vinotinto;�nica;1,00;Tolon;junio-2026
06/06/2026;CIT166CIB;CITYBAG;[CIT166CIB] CITYBAG (Gris);Gris;�nica;1,00;La Grieta;junio-2026
06/06/2026;PONKI63EQ;PONCHO KIDS;[PONKI63EQ] PONCHO KIDS (Verde Agua);Verde Agua;Kids;1,00;Cerro Verde ;junio-2026
06/06/2026;CIT70CIB;CITYBAG;[CIT70CIB] CITYBAG (Vinotinto);Vinotinto;�nica;1,00;Sambil Valencia;junio-2026
06/06/2026;CIT166CIB;CITYBAG;[CIT166CIB] CITYBAG (Gris);Gris;�nica;1,00;Sambil Chacao ;junio-2026
06/06/2026;CAVAP4335L;CAVAPACK 35L;[CAVAP4335L] CAVAPACK 35L (Negro);Negro;35L;1,00;Cerro Verde ;junio-2026
06/06/2026;CIT152CIB;CITYBAG;[CIT152CIB] CITYBAG (Verde);Verde;�nica;1,00;Tolon;junio-2026
06/06/2026;BAC33BF;BACKPACK FLEX;[BAC33BF] BACKPACK FLEX (Kaki);Kaki;�nica;1,00;Cerro Verde ;junio-2026
06/06/2026;CIT70CIB;CITYBAG;[CIT70CIB] CITYBAG (Vinotinto);Vinotinto;�nica;-1,00;Sambil Valencia;junio-2026
06/06/2026;CIT70CIB;CITYBAG;[CIT70CIB] CITYBAG (Vinotinto);Vinotinto;�nica;1,00;Sambil Valencia;junio-2026
07/06/2026;BAC43BF;BACKPACK FLEX;[BAC43BF] BACKPACK FLEX (Negro);Negro;�nica;1,00;La Grieta;junio-2026
07/06/2026;CAVAP15135L;CAVAPACK 35L;[CAVAP15135L] CAVAPACK 35L (Azul);Azul;35L;1,00;La Grieta;junio-2026
07/06/2026;EC173UN;ECO BAG;[EC173UN] ECO BAG (Palmeras/Azul);Azul;�nica;1,00;Sambil Valencia;junio-2026
07/06/2026;BAC43BF;BACKPACK FLEX;[BAC43BF] BACKPACK FLEX (Negro);Negro;�nica;1,00;Cerro Verde ;junio-2026
07/06/2026;CIT70CIB;CITYBAG;[CIT70CIB] CITYBAG (Vinotinto);Vinotinto;�nica;1,00;Tolon;junio-2026
07/06/2026;CIT166CIB;CITYBAG;[CIT166CIB] CITYBAG (Gris);Gris;�nica;1,00;Cerro Verde ;junio-2026
07/06/2026;PONKI35EQ;PONCHO KIDS;[PONKI35EQ] PONCHO KIDS (Magenta);Magenta;Kids;1,00;Cerro Verde ;junio-2026
07/06/2026;BAC43BF;BACKPACK FLEX;[BAC43BF] BACKPACK FLEX (Negro);Negro;�nica;1,00;Sambil Valencia;junio-2026
07/06/2026;BAC43BF;BACKPACK FLEX;[BAC43BF] BACKPACK FLEX (Negro);Negro;�nica;1,00;Cerro Verde ;junio-2026
07/06/2026;PONKI35EQ;PONCHO KIDS;[PONKI35EQ] PONCHO KIDS (Magenta);Magenta;Kids;1,00;Cerro Verde ;junio-2026
07/06/2026;CIT70CIB;CITYBAG;[CIT70CIB] CITYBAG (Vinotinto);Vinotinto;�nica;2,00;Cerro Verde ;junio-2026
07/06/2026;PONKI35EQ;PONCHO KIDS;[PONKI35EQ] PONCHO KIDS (Magenta);Magenta;Kids;1,00;Cerro Verde ;junio-2026
07/06/2026;PONKI30EQ;PONCHO KIDS;[PONKI30EQ] PONCHO KIDS (Gris Claro);Gris Claro;Kids;1,00;Cerro Verde ;junio-2026
08/06/2026;BAC13BF;BACKPACK FLEX;[BAC13BF] BACKPACK FLEX (Azul Rey);Azul Rey;�nica;1,00;La Grieta;junio-2026
08/06/2026;CIT70CIB;CITYBAG;[CIT70CIB] CITYBAG (Vinotinto);Vinotinto;�nica;1,00;La Grieta;junio-2026
08/06/2026;PONKI35EQ;PONCHO KIDS;[PONKI35EQ] PONCHO KIDS (Magenta);Magenta;Kids;1,00;La Grieta;junio-2026
08/06/2026;PONKI63EQ;PONCHO KIDS;[PONKI63EQ] PONCHO KIDS (Verde Agua);Verde Agua;Kids;1,00;La Grieta;junio-2026
08/06/2026;CIT166CIB;CITYBAG;[CIT166CIB] CITYBAG (Gris);Gris;�nica;1,00;WEB;junio-2026
08/06/2026;EC176UN;ECO BAG;[EC176UN] ECO BAG (Ondas/Verde);Verde;�nica;1,00;WEB;junio-2026
08/06/2026;CIT70CIB;CITYBAG;[CIT70CIB] CITYBAG (Vinotinto);Vinotinto;�nica;1,00;Sambil Chacao ;junio-2026
08/06/2026;CIT70CIB;CITYBAG;[CIT70CIB] CITYBAG (Vinotinto);Vinotinto;�nica;1,00;Cerro Verde ;junio-2026
08/06/2026;CIT70CIB;CITYBAG;[CIT70CIB] CITYBAG (Vinotinto);Vinotinto;�nica;1,00;Sambil Chacao ;junio-2026
08/06/2026;CAVAP15135L;CAVAPACK 35L;[CAVAP15135L] CAVAPACK 35L (Azul);Azul;35L;1,00;La Grieta;junio-2026
08/06/2026;BAC43BF;BACKPACK FLEX;[BAC43BF] BACKPACK FLEX (Negro);Negro;�nica;1,00;Sambil Chacao ;junio-2026
08/06/2026;CIT70CIB;CITYBAG;[CIT70CIB] CITYBAG (Vinotinto);Vinotinto;�nica;1,00;Tolon;junio-2026
08/06/2026;CIT152CIB;CITYBAG;[CIT152CIB] CITYBAG (Verde);Verde;�nica;1,00;Sambil Chacao ;junio-2026
08/06/2026;CIT166CIB;CITYBAG;[CIT166CIB] CITYBAG (Gris);Gris;�nica;1,00;Sambil Valencia;junio-2026
09/06/2026;CIT166CIB;CITYBAG;[CIT166CIB] CITYBAG (Gris);Gris;�nica;1,00;La Grieta;junio-2026
09/06/2026;CIT166CIB;CITYBAG;[CIT166CIB] CITYBAG (Gris);Gris;�nica;1,00;La Grieta;junio-2026
09/06/2026;PONC12EQ;PONCHO KIDS;[PONC12EQ] PONCHO KIDS (Azul Marino);Azul Marino;Kids;1,00;La Grieta;junio-2026
09/06/2026;CIT166CIB;CITYBAG;[CIT166CIB] CITYBAG (Gris);Gris;�nica;1,00;Sambil Chacao ;junio-2026
09/06/2026;PONC152EQ;PONCHO ADULTO;[PONC152EQ] PONCHO ADULTO (VERDE);Verde;Adulto;1,00;La Grieta;junio-2026
09/06/2026;BAC43BF;BACKPACK FLEX;[BAC43BF] BACKPACK FLEX (Negro);Negro;�nica;1,00;La Grieta;junio-2026
09/06/2026;CIT12CIB;CITYBAG;[CIT12CIB] CITYBAG (Azul Marino);Azul Marino;�nica;1,00;Cerro Verde ;junio-2026
09/06/2026;CIT152CIB;CITYBAG;[CIT152CIB] CITYBAG (Verde);Verde;�nica;1,00;Cerro Verde ;junio-2026
09/06/2026;CIT166CIB;CITYBAG;[CIT166CIB] CITYBAG (Gris);Gris;�nica;-1,00;La Grieta;junio-2026
09/06/2026;CIT166CIB;CITYBAG;[CIT166CIB] CITYBAG (Gris);Gris;�nica;1,00;La Grieta;junio-2026
09/06/2026;CIT70CIB;CITYBAG;[CIT70CIB] CITYBAG (Vinotinto);Vinotinto;�nica;1,00;Tolon;junio-2026
09/06/2026;CIT12CIB;CITYBAG;[CIT12CIB] CITYBAG (Azul Marino);Azul Marino;�nica;3,00;Cerro Verde ;junio-2026
09/06/2026;BAC13BF;BACKPACK FLEX;[BAC13BF] BACKPACK FLEX (Azul Rey);Azul Rey;�nica;1,00;Sambil Valencia;junio-2026
10/06/2026;EC173UN;ECO BAG;[EC173UN] ECO BAG (Palmeras/Azul);Azul;�nica;1,00;WEB;junio-2026
10/06/2026;CIT166CIB;CITYBAG;[CIT166CIB] CITYBAG (Gris);Gris;�nica;1,00;WEB;junio-2026
10/06/2026;CIT152CIB;CITYBAG;[CIT152CIB] CITYBAG (Verde);Verde;�nica;1,00;WEB;junio-2026
10/06/2026;CIT166CIB;CITYBAG;[CIT166CIB] CITYBAG (Gris);Gris;�nica;1,00;La Grieta;junio-2026
10/06/2026;PONKI35EQ;PONCHO KIDS;[PONKI35EQ] PONCHO KIDS (Magenta);Magenta;Kids;1,00;La Grieta;junio-2026
10/06/2026;CIT152CIB;CITYBAG;[CIT152CIB] CITYBAG (Verde);Verde;�nica;1,00;Cerro Verde ;junio-2026
10/06/2026;BAC43BF;BACKPACK FLEX;[BAC43BF] BACKPACK FLEX (Negro);Negro;�nica;1,00;Cerro Verde ;junio-2026
10/06/2026;CAVAP4335L;CAVAPACK 35L;[CAVAP4335L] CAVAPACK 35L (Negro);Negro;35L;1,00;Sambil Valencia;junio-2026
10/06/2026;PONKI35EQ;PONCHO KIDS;[PONKI35EQ] PONCHO KIDS (Magenta);Magenta;Kids;1,00;La Grieta;junio-2026
10/06/2026;CIT12CIB;CITYBAG;[CIT12CIB] CITYBAG (Azul Marino);Azul Marino;�nica;1,00;La Grieta;junio-2026
10/06/2026;PONKI35EQ;PONCHO KIDS;[PONKI35EQ] PONCHO KIDS (Magenta);Magenta;Kids;1,00;Cerro Verde ;junio-2026
10/06/2026;PONC01EQ;PONCHO ADULTO;[PONC01EQ] PONCHO ADULTO (AGUAMARINA);Aguamarina;Adulto;1,00;Cerro Verde ;junio-2026
10/06/2026;PONC151EQ;PONCHO ADULTO;[PONC151EQ] PONCHO ADULTO (AZUL);Azul;Adulto;1,00;Sambil Chacao ;junio-2026
10/06/2026;CIT70CIB;CITYBAG;[CIT70CIB] CITYBAG (Vinotinto);Vinotinto;�nica;1,00;Sambil Valencia;junio-2026
10/06/2026;PONC01EQ;PONCHO ADULTO;[PONC01EQ] PONCHO ADULTO (AGUAMARINA);Aguamarina;Adulto;1,00;Sambil Valencia;junio-2026
10/06/2026;CIT70CIB;CITYBAG;[CIT70CIB] CITYBAG (Vinotinto);Vinotinto;�nica;1,00;Sambil Valencia;junio-2026
11/06/2026;CIT166CIB;CITYBAG;[CIT166CIB] CITYBAG (Gris);Gris;�nica;1,00;La Grieta;junio-2026
11/06/2026;CAVAP15135L;CAVAPACK 35L;[CAVAP15135L] CAVAPACK 35L (Azul);Azul;35L;1,00;Sambil Valencia;junio-2026
11/06/2026;CAVAP15135L;CAVAPACK 35L;[CAVAP15135L] CAVAPACK 35L (Azul);Azul;35L;1,00;Sambil Valencia;junio-2026
11/06/2026;BAC43BF;BACKPACK FLEX;[BAC43BF] BACKPACK FLEX (Negro);Negro;�nica;1,00;Sambil Chacao ;junio-2026
11/06/2026;PONKI35EQ;PONCHO KIDS;[PONKI35EQ] PONCHO KIDS (Magenta);Magenta;Kids;2,00;Sambil Chacao ;junio-2026
11/06/2026;CAVAP15135L;CAVAPACK 35L;[CAVAP15135L] CAVAPACK 35L (Azul);Azul;35L;1,00;Tolon;junio-2026
11/06/2026;CIT70CIB;CITYBAG;[CIT70CIB] CITYBAG (Vinotinto);Vinotinto;�nica;1,00;Cerro Verde ;junio-2026
11/06/2026;CIT70CIB;CITYBAG;[CIT70CIB] CITYBAG (Vinotinto);Vinotinto;�nica;1,00;La Grieta;junio-2026
11/06/2026;CIT70CIB;CITYBAG;[CIT70CIB] CITYBAG (Vinotinto);Vinotinto;�nica;1,00;La Grieta;junio-2026
11/06/2026;CAVAP15135L;CAVAPACK 35L;[CAVAP15135L] CAVAPACK 35L (Azul);Azul;35L;1,00;Cerro Verde ;junio-2026
11/06/2026;CAVAP15135L;CAVAPACK 35L;[CAVAP15135L] CAVAPACK 35L (Azul);Azul;35L;-1,00;Cerro Verde ;junio-2026
11/06/2026;CAVAP15135L;CAVAPACK 35L;[CAVAP15135L] CAVAPACK 35L (Azul);Azul;35L;1,00;Cerro Verde ;junio-2026
11/06/2026;PONC151EQ;PONCHO ADULTO;[PONC151EQ] PONCHO ADULTO (AZUL);Azul;Adulto;2,00;Cerro Verde ;junio-2026
11/06/2026;PONKI63EQ;PONCHO KIDS;[PONKI63EQ] PONCHO KIDS (Verde Agua);Verde Agua;Kids;2,00;Cerro Verde ;junio-2026
11/06/2026;EC173UN;ECO BAG;[EC173UN] ECO BAG (Palmeras/Azul);Azul;�nica;1,00;Cerro Verde ;junio-2026
11/06/2026;CIT70CIB;CITYBAG;[CIT70CIB] CITYBAG (Vinotinto);Vinotinto;�nica;1,00;Tolon;junio-2026
11/06/2026;CIT70CIB;CITYBAG;[CIT70CIB] CITYBAG (Vinotinto);Vinotinto;�nica;1,00;Sambil Valencia;junio-2026
11/06/2026;CIT166CIB;CITYBAG;[CIT166CIB] CITYBAG (Gris);Gris;�nica;1,00;La Grieta;junio-2026
11/06/2026;EC176UN;ECO BAG;[EC176UN] ECO BAG (Ondas/Verde);Verde;�nica;1,00;Sambil Valencia;junio-2026
11/06/2026;CAVAP15135L;CAVAPACK 35L;[CAVAP15135L] CAVAPACK 35L (Azul);Azul;35L;1,00;Sambil Chacao ;junio-2026
11/06/2026;CAVAP4335L;CAVAPACK 35L;[CAVAP4335L] CAVAPACK 35L (Negro);Negro;35L;1,00;Sambil Chacao ;junio-2026
12/06/2026;CAVAP15135L;CAVAPACK 35L;[CAVAP15135L] CAVAPACK 35L (Azul);Azul;35L;1,00;La Grieta;junio-2026
12/06/2026;CAVAP4335L;CAVAPACK 35L;[CAVAP4335L] CAVAPACK 35L (Negro);Negro;35L;1,00;La Grieta;junio-2026
12/06/2026;CAVAP4335L;CAVAPACK 35L;[CAVAP4335L] CAVAPACK 35L (Negro);Negro;35L;1,00;La Grieta;junio-2026
12/06/2026;EC173UN;ECO BAG;[EC173UN] ECO BAG (Palmeras/Azul);Azul;�nica;1,00;La Grieta;junio-2026
12/06/2026;CIT166CIB;CITYBAG;[CIT166CIB] CITYBAG (Gris);Gris;�nica;1,00;La Grieta;junio-2026
12/06/2026;CIT70CIB;CITYBAG;[CIT70CIB] CITYBAG (Vinotinto);Vinotinto;�nica;1,00;La Grieta;junio-2026
12/06/2026;EC176UN;ECO BAG;[EC176UN] ECO BAG (Ondas/Verde);Verde;�nica;1,00;La Grieta;junio-2026
12/06/2026;CIT70CIB;CITYBAG;[CIT70CIB] CITYBAG (Vinotinto);Vinotinto;�nica;1,00;La Grieta;junio-2026
12/06/2026;BAC43BF;BACKPACK FLEX;[BAC43BF] BACKPACK FLEX (Negro);Negro;�nica;1,00;Cerro Verde ;junio-2026
12/06/2026;EC173UN;ECO BAG;[EC173UN] ECO BAG (Palmeras/Azul);Azul;�nica;1,00;Grandplaz ;junio-2026
12/06/2026;BAC33BF;BACKPACK FLEX;[BAC33BF] BACKPACK FLEX (Kaki);Kaki;�nica;1,00;La Grieta;junio-2026
12/06/2026;CIT70CIB;CITYBAG;[CIT70CIB] CITYBAG (Vinotinto);Vinotinto;�nica;1,00;La Grieta;junio-2026
12/06/2026;EC172UN;ECO BAG;[EC172UN] ECO BAG (Made in Venezuela/Verde);Verde;�nica;1,00;Sambil Chacao ;junio-2026
12/06/2026;EC172UN;ECO BAG;[EC172UN] ECO BAG (Made in Venezuela/Verde);Verde;�nica;1,00;Tolon;junio-2026
12/06/2026;EC176UN;ECO BAG;[EC176UN] ECO BAG (Ondas/Verde);Verde;�nica;1,00;La Grieta;junio-2026
12/06/2026;EC173UN;ECO BAG;[EC173UN] ECO BAG (Palmeras/Azul);Azul;�nica;1,00;La Grieta;junio-2026
12/06/2026;CIT70CIB;CITYBAG;[CIT70CIB] CITYBAG (Vinotinto);Vinotinto;�nica;1,00;La Grieta;junio-2026
12/06/2026;EC174UN;ECO BAG;[EC174UN] ECO BAG (Ovalo/Azul);Azul;�nica;1,00;La Grieta;junio-2026
12/06/2026;EC173UN;ECO BAG;[EC173UN] ECO BAG (Palmeras/Azul);Azul;�nica;1,00;La Grieta;junio-2026
12/06/2026;EC174UN;ECO BAG;[EC174UN] ECO BAG (Ovalo/Azul);Azul;�nica;1,00;Cerro Verde ;junio-2026
12/06/2026;EC174UN;ECO BAG;[EC174UN] ECO BAG (Ovalo/Azul);Azul;�nica;1,00;La Grieta;junio-2026
12/06/2026;EC172UN;ECO BAG;[EC172UN] ECO BAG (Made in Venezuela/Verde);Verde;�nica;1,00;Sambil Valencia;junio-2026
12/06/2026;CIT70CIB;CITYBAG;[CIT70CIB] CITYBAG (Vinotinto);Vinotinto;�nica;1,00;Sambil Valencia;junio-2026
12/06/2026;EC172UN;ECO BAG;[EC172UN] ECO BAG (Made in Venezuela/Verde);Verde;�nica;1,00;La Grieta;junio-2026
12/06/2026;EC176UN;ECO BAG;[EC176UN] ECO BAG (Ondas/Verde);Verde;�nica;1,00;La Grieta;junio-2026
12/06/2026;PONKI35EQ;PONCHO KIDS;[PONKI35EQ] PONCHO KIDS (Magenta);Magenta;Kids;1,00;Sambil Valencia;junio-2026
12/06/2026;CIT12CIB;CITYBAG;[CIT12CIB] CITYBAG (Azul Marino);Azul Marino;�nica;1,00;La Grieta;junio-2026
12/06/2026;CIT70CIB;CITYBAG;[CIT70CIB] CITYBAG (Vinotinto);Vinotinto;�nica;1,00;Sambil Valencia;junio-2026
12/06/2026;EC172UN;ECO BAG;[EC172UN] ECO BAG (Made in Venezuela/Verde);Verde;�nica;1,00;Sambil Valencia;junio-2026
12/06/2026;EC176UN;ECO BAG;[EC176UN] ECO BAG (Ondas/Verde);Verde;�nica;1,00;La Grieta;junio-2026
12/06/2026;EC172UN;ECO BAG;[EC172UN] ECO BAG (Made in Venezuela/Verde);Verde;�nica;1,00;WEB;junio-2026
12/06/2026;EC176UN;ECO BAG;[EC176UN] ECO BAG (Ondas/Verde);Verde;�nica;-1,00;La Grieta;junio-2026
12/06/2026;EC176UN;ECO BAG;[EC176UN] ECO BAG (Ondas/Verde);Verde;�nica;1,00;Sambil Valencia;junio-2026
12/06/2026;EC174UN;ECO BAG;[EC174UN] ECO BAG (Ovalo/Azul);Azul;�nica;1,00;La Grieta;junio-2026
12/06/2026;EC172UN;ECO BAG;[EC172UN] ECO BAG (Made in Venezuela/Verde);Verde;�nica;1,00;Cerro Verde ;junio-2026
12/06/2026;EC172UN;ECO BAG;[EC172UN] ECO BAG (Made in Venezuela/Verde);Verde;�nica;1,00;La Grieta;junio-2026
12/06/2026;EC176UN;ECO BAG;[EC176UN] ECO BAG (Ondas/Verde);Verde;�nica;1,00;La Grieta;junio-2026
12/06/2026;EC172UN;ECO BAG;[EC172UN] ECO BAG (Made in Venezuela/Verde);Verde;�nica;1,00;Sambil Valencia;junio-2026
12/06/2026;EC176UN;ECO BAG;[EC176UN] ECO BAG (Ondas/Verde);Verde;�nica;1,00;Sambil Valencia;junio-2026
12/06/2026;EC172UN;ECO BAG;[EC172UN] ECO BAG (Made in Venezuela/Verde);Verde;�nica;1,00;Sambil Valencia;junio-2026
13/06/2026;EC173UN;ECO BAG;[EC173UN] ECO BAG (Palmeras/Azul);Azul;�nica;1,00;Sambil Valencia;junio-2026
13/06/2026;EC172UN;ECO BAG;[EC172UN] ECO BAG (Made in Venezuela/Verde);Verde;�nica;1,00;La Grieta;junio-2026
13/06/2026;EC173UN;ECO BAG;[EC173UN] ECO BAG (Palmeras/Azul);Azul;�nica;1,00;La Grieta;junio-2026
13/06/2026;PONC12EQ;PONCHO KIDS;[PONC12EQ] PONCHO KIDS (Azul Marino);Azul Marino;Kids;1,00;Cerro Verde ;junio-2026
13/06/2026;PONKI35EQ;PONCHO KIDS;[PONKI35EQ] PONCHO KIDS (Magenta);Magenta;Kids;1,00;Cerro Verde ;junio-2026
13/06/2026;CIT166CIB;CITYBAG;[CIT166CIB] CITYBAG (Gris);Gris;�nica;1,00;Sambil Valencia;junio-2026
13/06/2026;EC172UN;ECO BAG;[EC172UN] ECO BAG (Made in Venezuela/Verde);Verde;�nica;1,00;La Grieta;junio-2026
13/06/2026;EC173UN;ECO BAG;[EC173UN] ECO BAG (Palmeras/Azul);Azul;�nica;1,00;Sambil Chacao ;junio-2026
13/06/2026;EC172UN;ECO BAG;[EC172UN] ECO BAG (Made in Venezuela/Verde);Verde;�nica;1,00;La Grieta;junio-2026
13/06/2026;EC172UN;ECO BAG;[EC172UN] ECO BAG (Made in Venezuela/Verde);Verde;�nica;1,00;Sambil Chacao ;junio-2026
13/06/2026;EC172UN;ECO BAG;[EC172UN] ECO BAG (Made in Venezuela/Verde);Verde;�nica;1,00;Sambil Valencia;junio-2026
13/06/2026;BAC13BF;BACKPACK FLEX;[BAC13BF] BACKPACK FLEX (Azul Rey);Azul Rey;�nica;1,00;Sambil Chacao ;junio-2026
13/06/2026;BAC43BF;BACKPACK FLEX;[BAC43BF] BACKPACK FLEX (Negro);Negro;�nica;1,00;Sambil Chacao ;junio-2026
13/06/2026;BAC33BF;BACKPACK FLEX;[BAC33BF] BACKPACK FLEX (Kaki);Kaki;�nica;1,00;Sambil Chacao ;junio-2026
13/06/2026;EC172UN;ECO BAG;[EC172UN] ECO BAG (Made in Venezuela/Verde);Verde;�nica;1,00;Sambil Chacao ;junio-2026
13/06/2026;EC172UN;ECO BAG;[EC172UN] ECO BAG (Made in Venezuela/Verde);Verde;�nica;1,00;Sambil Chacao ;junio-2026
13/06/2026;EC172UN;ECO BAG;[EC172UN] ECO BAG (Made in Venezuela/Verde);Verde;�nica;1,00;Sambil Valencia;junio-2026
13/06/2026;EC175UN;ECO BAG;[EC175UN] ECO BAG (Daily/Negro);Negro;�nica;1,00;Sambil Chacao ;junio-2026
13/06/2026;EC176UN;ECO BAG;[EC176UN] ECO BAG (Ondas/Verde);Verde;�nica;1,00;Grandplaz ;junio-2026
13/06/2026;EC175UN;ECO BAG;[EC175UN] ECO BAG (Daily/Negro);Negro;�nica;1,00;Sambil Chacao ;junio-2026
13/06/2026;CIT166CIB;CITYBAG;[CIT166CIB] CITYBAG (Gris);Gris;�nica;1,00;Cerro Verde ;junio-2026
13/06/2026;BAC33BF;BACKPACK FLEX;[BAC33BF] BACKPACK FLEX (Kaki);Kaki;�nica;1,00;Cerro Verde ;junio-2026
13/06/2026;EC175UN;ECO BAG;[EC175UN] ECO BAG (Daily/Negro);Negro;�nica;1,00;Sambil Chacao ;junio-2026
13/06/2026;CAVAP4335L;CAVAPACK 35L;[CAVAP4335L] CAVAPACK 35L (Negro);Negro;35L;1,00;La Grieta;junio-2026
13/06/2026;EC172UN;ECO BAG;[EC172UN] ECO BAG (Made in Venezuela/Verde);Verde;�nica;1,00;Cerro Verde ;junio-2026
13/06/2026;CAVAP4335L;CAVAPACK 35L;[CAVAP4335L] CAVAPACK 35L (Negro);Negro;35L;1,00;La Grieta;junio-2026
13/06/2026;EC176UN;ECO BAG;[EC176UN] ECO BAG (Ondas/Verde);Verde;�nica;1,00;Cerro Verde ;junio-2026
13/06/2026;PONKI63EQ;PONCHO KIDS;[PONKI63EQ] PONCHO KIDS (Verde Agua);Verde Agua;Kids;1,00;Sambil Valencia;junio-2026
13/06/2026;BAC33BF;BACKPACK FLEX;[BAC33BF] BACKPACK FLEX (Kaki);Kaki;�nica;1,00;Sambil Valencia;junio-2026
13/06/2026;EC173UN;ECO BAG;[EC173UN] ECO BAG (Palmeras/Azul);Azul;�nica;1,00;Sambil Valencia;junio-2026
13/06/2026;CIT152CIB;CITYBAG;[CIT152CIB] CITYBAG (Verde);Verde;�nica;1,00;Sambil Valencia;junio-2026
13/06/2026;EC175UN;ECO BAG;[EC175UN] ECO BAG (Daily/Negro);Negro;�nica;1,00;Sambil Chacao ;junio-2026
13/06/2026;CIT12CIB;CITYBAG;[CIT12CIB] CITYBAG (Azul Marino);Azul Marino;�nica;1,00;La Grieta;junio-2026
13/06/2026;EC172UN;ECO BAG;[EC172UN] ECO BAG (Made in Venezuela/Verde);Verde;�nica;1,00;La Grieta;junio-2026
13/06/2026;EC176UN;ECO BAG;[EC176UN] ECO BAG (Ondas/Verde);Verde;�nica;1,00;Sambil Chacao ;junio-2026
13/06/2026;EC173UN;ECO BAG;[EC173UN] ECO BAG (Palmeras/Azul);Azul;�nica;1,00;Sambil Chacao ;junio-2026
13/06/2026;PONKI35EQ;PONCHO KIDS;[PONKI35EQ] PONCHO KIDS (Magenta);Magenta;Kids;1,00;Sambil Chacao ;junio-2026
13/06/2026;EC173UN;ECO BAG;[EC173UN] ECO BAG (Palmeras/Azul);Azul;�nica;1,00;Cerro Verde ;junio-2026
13/06/2026;PONKI35EQ;PONCHO KIDS;[PONKI35EQ] PONCHO KIDS (Magenta);Magenta;Kids;1,00;Cerro Verde ;junio-2026
13/06/2026;EC173UN;ECO BAG;[EC173UN] ECO BAG (Palmeras/Azul);Azul;�nica;1,00;Cerro Verde ;junio-2026
13/06/2026;CIT12CIB;CITYBAG;[CIT12CIB] CITYBAG (Azul Marino);Azul Marino;�nica;1,00;Cerro Verde ;junio-2026
14/06/2026;CIT70CIB;CITYBAG;[CIT70CIB] CITYBAG (Vinotinto);Vinotinto;�nica;1,00;Sambil Valencia;junio-2026
14/06/2026;EC175UN;ECO BAG;[EC175UN] ECO BAG (Daily/Negro);Negro;�nica;1,00;Cerro Verde ;junio-2026
14/06/2026;EC176UN;ECO BAG;[EC176UN] ECO BAG (Ondas/Verde);Verde;�nica;1,00;Sambil Chacao ;junio-2026
14/06/2026;EC174UN;ECO BAG;[EC174UN] ECO BAG (Ovalo/Azul);Azul;�nica;1,00;Sambil Chacao ;junio-2026
14/06/2026;EC176UN;ECO BAG;[EC176UN] ECO BAG (Ondas/Verde);Verde;�nica;1,00;Sambil Chacao ;junio-2026
14/06/2026;EC176UN;ECO BAG;[EC176UN] ECO BAG (Ondas/Verde);Verde;�nica;1,00;Sambil Valencia;junio-2026
14/06/2026;EC176UN;ECO BAG;[EC176UN] ECO BAG (Ondas/Verde);Verde;�nica;1,00;Cerro Verde ;junio-2026
14/06/2026;CAVAP4335L;CAVAPACK 35L;[CAVAP4335L] CAVAPACK 35L (Negro);Negro;35L;1,00;Sambil Valencia;junio-2026
14/06/2026;EC176UN;ECO BAG;[EC176UN] ECO BAG (Ondas/Verde);Verde;�nica;1,00;Cerro Verde ;junio-2026
14/06/2026;PONC151EQ;PONCHO ADULTO;[PONC151EQ] PONCHO ADULTO (AZUL);Azul;Adulto;1,00;Cerro Verde ;junio-2026
14/06/2026;PONC01EQ;PONCHO ADULTO;[PONC01EQ] PONCHO ADULTO (AGUAMARINA);Aguamarina;Adulto;1,00;Cerro Verde ;junio-2026
14/06/2026;EC173UN;ECO BAG;[EC173UN] ECO BAG (Palmeras/Azul);Azul;�nica;1,00;La Grieta;junio-2026
14/06/2026;EC173UN;ECO BAG;[EC173UN] ECO BAG (Palmeras/Azul);Azul;�nica;1,00;La Grieta;junio-2026
14/06/2026;EC173UN;ECO BAG;[EC173UN] ECO BAG (Palmeras/Azul);Azul;�nica;-1,00;La Grieta;junio-2026
14/06/2026;EC173UN;ECO BAG;[EC173UN] ECO BAG (Palmeras/Azul);Azul;�nica;1,00;La Grieta;junio-2026
14/06/2026;CIT70CIB;CITYBAG;[CIT70CIB] CITYBAG (Vinotinto);Vinotinto;�nica;1,00;Sambil Valencia;junio-2026
14/06/2026;PONC151EQ;PONCHO ADULTO;[PONC151EQ] PONCHO ADULTO (AZUL);Azul;Adulto;1,00;Sambil Chacao ;junio-2026
14/06/2026;EC175UN;ECO BAG;[EC175UN] ECO BAG (Daily/Negro);Negro;�nica;1,00;Sambil Chacao ;junio-2026
14/06/2026;CIT166CIB;CITYBAG;[CIT166CIB] CITYBAG (Gris);Gris;�nica;1,00;Sambil Chacao ;junio-2026
14/06/2026;EC175UN;ECO BAG;[EC175UN] ECO BAG (Daily/Negro);Negro;�nica;1,00;Sambil Chacao ;junio-2026
14/06/2026;EC176UN;ECO BAG;[EC176UN] ECO BAG (Ondas/Verde);Verde;�nica;1,00;Sambil Chacao ;junio-2026
14/06/2026;EC174UN;ECO BAG;[EC174UN] ECO BAG (Ovalo/Azul);Azul;�nica;1,00;Sambil Chacao ;junio-2026
14/06/2026;CIT70CIB;CITYBAG;[CIT70CIB] CITYBAG (Vinotinto);Vinotinto;�nica;1,00;Sambil Valencia;junio-2026
14/06/2026;EC176UN;ECO BAG;[EC176UN] ECO BAG (Ondas/Verde);Verde;�nica;1,00;Sambil Valencia;junio-2026
14/06/2026;EC173UN;ECO BAG;[EC173UN] ECO BAG (Palmeras/Azul);Azul;�nica;1,00;Sambil Chacao ;junio-2026
15/06/2026;BAC43BF;BACKPACK FLEX;[BAC43BF] BACKPACK FLEX (Negro);Negro;�nica;50,00;Pedidos;junio-2026
15/06/2026;EC173UN;ECO BAG;[EC173UN] ECO BAG (Palmeras/Azul);Azul;�nica;1,00;Tolon;junio-2026
15/06/2026;CIT12CIB;CITYBAG;[CIT12CIB] CITYBAG (Azul Marino);Azul Marino;�nica;1,00;Grandplaz ;junio-2026
15/06/2026;CIT70CIB;CITYBAG;[CIT70CIB] CITYBAG (Vinotinto);Vinotinto;�nica;1,00;La Grieta;junio-2026
15/06/2026;EC175UN;ECO BAG;[EC175UN] ECO BAG (Daily/Negro);Negro;�nica;1,00;Sambil Chacao ;junio-2026
15/06/2026;EC176UN;ECO BAG;[EC176UN] ECO BAG (Ondas/Verde);Verde;�nica;1,00;Sambil Chacao ;junio-2026
15/06/2026;PONKI63EQ;PONCHO KIDS;[PONKI63EQ] PONCHO KIDS (Verde Agua);Verde Agua;Kids;1,00;Cerro Verde ;junio-2026
15/06/2026;EC173UN;ECO BAG;[EC173UN] ECO BAG (Palmeras/Azul);Azul;�nica;1,00;Sambil Chacao ;junio-2026
15/06/2026;CIT70CIB;CITYBAG;[CIT70CIB] CITYBAG (Vinotinto);Vinotinto;�nica;1,00;La Grieta;junio-2026
15/06/2026;EC172UN;ECO BAG;[EC172UN] ECO BAG (Made in Venezuela/Verde);Verde;�nica;1,00;Grandplaz ;junio-2026
15/06/2026;CIT70CIB;CITYBAG;[CIT70CIB] CITYBAG (Vinotinto);Vinotinto;�nica;1,00;WEB;junio-2026
15/06/2026;BAC43BF;BACKPACK FLEX;[BAC43BF] BACKPACK FLEX (Negro);Negro;�nica;1,00;WEB;junio-2026
15/06/2026;EC176UN;ECO BAG;[EC176UN] ECO BAG (Ondas/Verde);Verde;�nica;1,00;Sambil Chacao ;junio-2026
15/06/2026;CIT166CIB;CITYBAG;[CIT166CIB] CITYBAG (Gris);Gris;�nica;1,00;La Grieta;junio-2026
15/06/2026;EC174UN;ECO BAG;[EC174UN] ECO BAG (Ovalo/Azul);Azul;�nica;1,00;La Grieta;junio-2026
15/06/2026;EC176UN;ECO BAG;[EC176UN] ECO BAG (Ondas/Verde);Verde;�nica;1,00;La Grieta;junio-2026
15/06/2026;PONC152EQ;PONCHO ADULTO;[PONC152EQ] PONCHO ADULTO (VERDE);Verde;Adulto;1,00;Cerro Verde ;junio-2026
15/06/2026;EC176UN;ECO BAG;[EC176UN] ECO BAG (Ondas/Verde);Verde;�nica;1,00;La Grieta;junio-2026
15/06/2026;EC173UN;ECO BAG;[EC173UN] ECO BAG (Palmeras/Azul);Azul;�nica;1,00;Sambil Chacao ;junio-2026
15/06/2026;PONC151EQ;PONCHO ADULTO;[PONC151EQ] PONCHO ADULTO (AZUL);Azul;Adulto;1,00;Cerro Verde ;junio-2026
15/06/2026;EC175UN;ECO BAG;[EC175UN] ECO BAG (Daily/Negro);Negro;�nica;1,00;Cerro Verde ;junio-2026
15/06/2026;PONC152EQ;PONCHO ADULTO;[PONC152EQ] PONCHO ADULTO (VERDE);Verde;Adulto;1,00;Cerro Verde ;junio-2026
15/06/2026;PONKI35EQ;PONCHO KIDS;[PONKI35EQ] PONCHO KIDS (Magenta);Magenta;Kids;1,00;Cerro Verde ;junio-2026
15/06/2026;PONC01EQ;PONCHO ADULTO;[PONC01EQ] PONCHO ADULTO (AGUAMARINA);Aguamarina;Adulto;1,00;Cerro Verde ;junio-2026
15/06/2026;EC174UN;ECO BAG;[EC174UN] ECO BAG (Ovalo/Azul);Azul;�nica;1,00;Sambil Valencia;junio-2026
15/06/2026;EC174UN;ECO BAG;[EC174UN] ECO BAG (Ovalo/Azul);Azul;�nica;1,00;Sambil Valencia;junio-2026
15/06/2026;CIT70CIB;CITYBAG;[CIT70CIB] CITYBAG (Vinotinto);Vinotinto;�nica;1,00;Sambil Valencia;junio-2026
15/06/2026;EC176UN;ECO BAG;[EC176UN] ECO BAG (Ondas/Verde);Verde;�nica;1,00;Sambil Chacao ;junio-2026
15/06/2026;CIT152CIB;CITYBAG;[CIT152CIB] CITYBAG (Verde);Verde;�nica;1,00;Sambil Valencia;junio-2026
15/06/2026;EC174UN;ECO BAG;[EC174UN] ECO BAG (Ovalo/Azul);Azul;�nica;1,00;Sambil Chacao ;junio-2026
15/06/2026;PONC151EQ;PONCHO ADULTO;[PONC151EQ] PONCHO ADULTO (AZUL);Azul;Adulto;1,00;Sambil Chacao ;junio-2026
15/06/2026;PONC12EQ;PONCHO KIDS;[PONC12EQ] PONCHO KIDS (Azul Marino);Azul Marino;Kids;1,00;Sambil Chacao ;junio-2026
15/06/2026;EC176UN;ECO BAG;[EC176UN] ECO BAG (Ondas/Verde);Verde;�nica;0,00;Sambil Chacao ;junio-2026
16/06/2026;EC172UN;ECO BAG;[EC172UN] ECO BAG (Made in Venezuela/Verde);Verde;�nica;1,00;Tolon;junio-2026
16/06/2026;BAC43BF;BACKPACK FLEX;[BAC43BF] BACKPACK FLEX (Negro);Negro;�nica;1,00;Cerro Verde ;junio-2026
16/06/2026;CIT12CIB;CITYBAG;[CIT12CIB] CITYBAG (Azul Marino);Azul Marino;�nica;1,00;WEB;junio-2026
16/06/2026;EC174UN;ECO BAG;[EC174UN] ECO BAG (Ovalo/Azul);Azul;�nica;1,00;La Grieta;junio-2026
16/06/2026;PONC01EQ;PONCHO ADULTO;[PONC01EQ] PONCHO ADULTO (AGUAMARINA);Aguamarina;Adulto;1,00;La Grieta;junio-2026
16/06/2026;PONC152EQ;PONCHO ADULTO;[PONC152EQ] PONCHO ADULTO (VERDE);Verde;Adulto;1,00;La Grieta;junio-2026
16/06/2026;PONKI35EQ;PONCHO KIDS;[PONKI35EQ] PONCHO KIDS (Magenta);Magenta;Kids;1,00;La Grieta;junio-2026
16/06/2026;CAVAP15135L;CAVAPACK 35L;[CAVAP15135L] CAVAPACK 35L (Azul);Azul;35L;1,00;La Grieta;junio-2026
16/06/2026;EC174UN;ECO BAG;[EC174UN] ECO BAG (Ovalo/Azul);Azul;�nica;1,00;La Grieta;junio-2026
16/06/2026;EC175UN;ECO BAG;[EC175UN] ECO BAG (Daily/Negro);Negro;�nica;1,00;Cerro Verde ;junio-2026
16/06/2026;CIT166CIB;CITYBAG;[CIT166CIB] CITYBAG (Gris);Gris;�nica;1,00;La Grieta;junio-2026
16/06/2026;CIT70CIB;CITYBAG;[CIT70CIB] CITYBAG (Vinotinto);Vinotinto;�nica;1,00;Cerro Verde ;junio-2026
16/06/2026;EC172UN;ECO BAG;[EC172UN] ECO BAG (Made in Venezuela/Verde);Verde;�nica;1,00;La Grieta;junio-2026
16/06/2026;BAC43BF;BACKPACK FLEX;[BAC43BF] BACKPACK FLEX (Negro);Negro;�nica;1,00;Cerro Verde ;junio-2026
16/06/2026;CIT70CIB;CITYBAG;[CIT70CIB] CITYBAG (Vinotinto);Vinotinto;�nica;1,00;La Grieta;junio-2026
16/06/2026;EC174UN;ECO BAG;[EC174UN] ECO BAG (Ovalo/Azul);Azul;�nica;1,00;La Grieta;junio-2026
16/06/2026;EC173UN;ECO BAG;[EC173UN] ECO BAG (Palmeras/Azul);Azul;�nica;1,00;Sambil Chacao ;junio-2026
16/06/2026;EC176UN;ECO BAG;[EC176UN] ECO BAG (Ondas/Verde);Verde;�nica;1,00;Cerro Verde ;junio-2026
16/06/2026;CAVAP15135L;CAVAPACK 35L;[CAVAP15135L] CAVAPACK 35L (Azul);Azul;35L;1,00;Cerro Verde ;junio-2026
16/06/2026;CIT166CIB;CITYBAG;[CIT166CIB] CITYBAG (Gris);Gris;�nica;1,00;La Grieta;junio-2026
16/06/2026;CAVAP15135L;CAVAPACK 35L;[CAVAP15135L] CAVAPACK 35L (Azul);Azul;35L;1,00;Cerro Verde ;junio-2026
16/06/2026;BAC13BF;BACKPACK FLEX;[BAC13BF] BACKPACK FLEX (Azul Rey);Azul Rey;�nica;1,00;Sambil Chacao ;junio-2026
16/06/2026;CAVAP15135L;CAVAPACK 35L;[CAVAP15135L] CAVAPACK 35L (Azul);Azul;35L;1,00;Sambil Chacao ;junio-2026
16/06/2026;CIT12CIB;CITYBAG;[CIT12CIB] CITYBAG (Azul Marino);Azul Marino;�nica;1,00;La Grieta;junio-2026
16/06/2026;EC176UN;ECO BAG;[EC176UN] ECO BAG (Ondas/Verde);Verde;�nica;1,00;Cerro Verde ;junio-2026
16/06/2026;CIT12CIB;CITYBAG;[CIT12CIB] CITYBAG (Azul Marino);Azul Marino;�nica;1,00;Cerro Verde ;junio-2026
16/06/2026;CIT12CIB;CITYBAG;[CIT12CIB] CITYBAG (Azul Marino);Azul Marino;�nica;1,00;La Grieta;junio-2026
16/06/2026;EC173UN;ECO BAG;[EC173UN] ECO BAG (Palmeras/Azul);Azul;�nica;1,00;Cerro Verde ;junio-2026
16/06/2026;EC173UN;ECO BAG;[EC173UN] ECO BAG (Palmeras/Azul);Azul;�nica;1,00;Tolon;junio-2026
16/06/2026;CAVAP15135L;CAVAPACK 35L;[CAVAP15135L] CAVAPACK 35L (Azul);Azul;35L;1,00;Cerro Verde ;junio-2026
16/06/2026;EC175UN;ECO BAG;[EC175UN] ECO BAG (Daily/Negro);Negro;�nica;1,00;Cerro Verde ;junio-2026
16/06/2026;EC176UN;ECO BAG;[EC176UN] ECO BAG (Ondas/Verde);Verde;�nica;1,00;Cerro Verde ;junio-2026
16/06/2026;EC176UN;ECO BAG;[EC176UN] ECO BAG (Ondas/Verde);Verde;�nica;1,00;Cerro Verde ;junio-2026
16/06/2026;CIT70CIB;CITYBAG;[CIT70CIB] CITYBAG (Vinotinto);Vinotinto;�nica;1,00;Sambil Chacao ;junio-2026
17/06/2026;BAC33BF;BACKPACK FLEX;[BAC33BF] BACKPACK FLEX (Kaki);Kaki;�nica;1,00;La Grieta;junio-2026
17/06/2026;PONC152EQ;PONCHO ADULTO;[PONC152EQ] PONCHO ADULTO (VERDE);Verde;Adulto;1,00;Cerro Verde ;junio-2026
17/06/2026;EC176UN;ECO BAG;[EC176UN] ECO BAG (Ondas/Verde);Verde;�nica;1,00;La Grieta;junio-2026
17/06/2026;EC172UN;ECO BAG;[EC172UN] ECO BAG (Made in Venezuela/Verde);Verde;�nica;1,00;Tolon;junio-2026
17/06/2026;PONC12EQ;PONCHO KIDS;[PONC12EQ] PONCHO KIDS (Azul Marino);Azul Marino;Kids;2,00;Cerro Verde ;junio-2026
17/06/2026;EC176UN;ECO BAG;[EC176UN] ECO BAG (Ondas/Verde);Verde;�nica;1,00;Cerro Verde ;junio-2026
17/06/2026;PONKI09EQ;PONCHO KIDS;[PONKI09EQ] PONCHO KIDS (Azul Cielo);Azul Cielo;Kids;1,00;Cerro Verde ;junio-2026
17/06/2026;EC173UN;ECO BAG;[EC173UN] ECO BAG (Palmeras/Azul);Azul;�nica;1,00;Tolon;junio-2026
17/06/2026;EC173UN;ECO BAG;[EC173UN] ECO BAG (Palmeras/Azul);Azul;�nica;1,00;La Grieta;junio-2026
17/06/2026;EC173UN;ECO BAG;[EC173UN] ECO BAG (Palmeras/Azul);Azul;�nica;1,00;Tolon;junio-2026
17/06/2026;EC173UN;ECO BAG;[EC173UN] ECO BAG (Palmeras/Azul);Azul;�nica;1,00;Sambil Chacao ;junio-2026
17/06/2026;PONC43EQ;PONCHO KIDS;[PONC43EQ] PONCHO KIDS (Negro);Negro;Kids;1,00;Sambil Chacao ;junio-2026
17/06/2026;EC173UN;ECO BAG;[EC173UN] ECO BAG (Palmeras/Azul);Azul;�nica;1,00;Sambil Chacao ;junio-2026
17/06/2026;CAVAP4335L;CAVAPACK 35L;[CAVAP4335L] CAVAPACK 35L (Negro);Negro;35L;1,00;Sambil Valencia;junio-2026
17/06/2026;PONC12EQ;PONCHO KIDS;[PONC12EQ] PONCHO KIDS (Azul Marino);Azul Marino;Kids;1,00;La Grieta;junio-2026
17/06/2026;CAVAP4335L;CAVAPACK 35L;[CAVAP4335L] CAVAPACK 35L (Negro);Negro;35L;1,00;Sambil Valencia;junio-2026
17/06/2026;CIT152CIB;CITYBAG;[CIT152CIB] CITYBAG (Verde);Verde;�nica;1,00;Sambil Valencia;junio-2026
17/06/2026;CAVAP15135L;CAVAPACK 35L;[CAVAP15135L] CAVAPACK 35L (Azul);Azul;35L;1,00;La Grieta;junio-2026
17/06/2026;CIT152CIB;CITYBAG;[CIT152CIB] CITYBAG (Verde);Verde;�nica;1,00;Sambil Valencia;junio-2026
17/06/2026;CAVAP4335L;CAVAPACK 35L;[CAVAP4335L] CAVAPACK 35L (Negro);Negro;35L;1,00;La Grieta;junio-2026
17/06/2026;CIT152CIB;CITYBAG;[CIT152CIB] CITYBAG (Verde);Verde;�nica;1,00;Sambil Chacao ;junio-2026
17/06/2026;EC173UN;ECO BAG;[EC173UN] ECO BAG (Palmeras/Azul);Azul;�nica;1,00;Sambil Chacao ;junio-2026
17/06/2026;CIT152CIB;CITYBAG;[CIT152CIB] CITYBAG (Verde);Verde;�nica;1,00;La Grieta;junio-2026
17/06/2026;CIT70CIB;CITYBAG;[CIT70CIB] CITYBAG (Vinotinto);Vinotinto;�nica;1,00;La Grieta;junio-2026
17/06/2026;EC172UN;ECO BAG;[EC172UN] ECO BAG (Made in Venezuela/Verde);Verde;�nica;1,00;Grandplaz ;junio-2026
17/06/2026;EC175UN;ECO BAG;[EC175UN] ECO BAG (Daily/Negro);Negro;�nica;1,00;La Grieta;junio-2026
17/06/2026;EC172UN;ECO BAG;[EC172UN] ECO BAG (Made in Venezuela/Verde);Verde;�nica;1,00;Sambil Chacao ;junio-2026
17/06/2026;EC172UN;ECO BAG;[EC172UN] ECO BAG (Made in Venezuela/Verde);Verde;�nica;1,00;La Grieta;junio-2026
17/06/2026;CAVAP15135L;CAVAPACK 35L;[CAVAP15135L] CAVAPACK 35L (Azul);Azul;35L;1,00;Sambil Chacao ;junio-2026
17/06/2026;EC172UN;ECO BAG;[EC172UN] ECO BAG (Made in Venezuela/Verde);Verde;�nica;1,00;Sambil Chacao ;junio-2026
17/06/2026;CIT12CIB;CITYBAG;[CIT12CIB] CITYBAG (Azul Marino);Azul Marino;�nica;1,00;Sambil Chacao ;junio-2026
17/06/2026;PONC151EQ;PONCHO ADULTO;[PONC151EQ] PONCHO ADULTO (AZUL);Azul;Adulto;1,00;Sambil Chacao ;junio-2026
17/06/2026;PONC152EQ;PONCHO ADULTO;[PONC152EQ] PONCHO ADULTO (VERDE);Verde;Adulto;1,00;Cerro Verde ;junio-2026
17/06/2026;EC173UN;ECO BAG;[EC173UN] ECO BAG (Palmeras/Azul);Azul;�nica;1,00;Cerro Verde ;junio-2026
17/06/2026;EC173UN;ECO BAG;[EC173UN] ECO BAG (Palmeras/Azul);Azul;�nica;1,00;Tolon;junio-2026
17/06/2026;CIT152CIB;CITYBAG;[CIT152CIB] CITYBAG (Verde);Verde;�nica;1,00;Sambil Chacao ;junio-2026
18/06/2026;CIT152CIB;CITYBAG;[CIT152CIB] CITYBAG (Verde);Verde;�nica;1,00;La Grieta;junio-2026
18/06/2026;CAVAP15135L;CAVAPACK 35L;[CAVAP15135L] CAVAPACK 35L (Azul);Azul;35L;5,00;Pedidos;junio-2026
18/06/2026;EC173UN;ECO BAG;[EC173UN] ECO BAG (Palmeras/Azul);Azul;�nica;1,00;Cerro Verde ;junio-2026
18/06/2026;EC176UN;ECO BAG;[EC176UN] ECO BAG (Ondas/Verde);Verde;�nica;1,00;La Grieta;junio-2026
18/06/2026;EC176UN;ECO BAG;[EC176UN] ECO BAG (Ondas/Verde);Verde;�nica;1,00;Sambil Chacao ;junio-2026
18/06/2026;CIT166CIB;CITYBAG;[CIT166CIB] CITYBAG (Gris);Gris;�nica;1,00;La Grieta;junio-2026
18/06/2026;CIT12CIB;CITYBAG;[CIT12CIB] CITYBAG (Azul Marino);Azul Marino;�nica;1,00;La Grieta;junio-2026
18/06/2026;EC175UN;ECO BAG;[EC175UN] ECO BAG (Daily/Negro);Negro;�nica;1,00;La Grieta;junio-2026
18/06/2026;EC173UN;ECO BAG;[EC173UN] ECO BAG (Palmeras/Azul);Azul;�nica;1,00;Cerro Verde ;junio-2026
18/06/2026;EC175UN;ECO BAG;[EC175UN] ECO BAG (Daily/Negro);Negro;�nica;1,00;Sambil Chacao ;junio-2026
18/06/2026;BAC13BF;BACKPACK FLEX;[BAC13BF] BACKPACK FLEX (Azul Rey);Azul Rey;�nica;1,00;Cerro Verde ;junio-2026
18/06/2026;EC174UN;ECO BAG;[EC174UN] ECO BAG (Ovalo/Azul);Azul;�nica;1,00;Cerro Verde ;junio-2026
18/06/2026;BAC43BF;BACKPACK FLEX;[BAC43BF] BACKPACK FLEX (Negro);Negro;�nica;1,00;Cerro Verde ;junio-2026
18/06/2026;EC173UN;ECO BAG;[EC173UN] ECO BAG (Palmeras/Azul);Azul;�nica;1,00;Sambil Valencia;junio-2026
18/06/2026;BAC43BF;BACKPACK FLEX;[BAC43BF] BACKPACK FLEX (Negro);Negro;�nica;1,00;La Grieta;junio-2026
18/06/2026;CIT166CIB;CITYBAG;[CIT166CIB] CITYBAG (Gris);Gris;�nica;1,00;Sambil Chacao ;junio-2026
18/06/2026;EC176UN;ECO BAG;[EC176UN] ECO BAG (Ondas/Verde);Verde;�nica;1,00;La Grieta;junio-2026
18/06/2026;CAVAP4335L;CAVAPACK 35L;[CAVAP4335L] CAVAPACK 35L (Negro);Negro;35L;1,00;La Grieta;junio-2026
18/06/2026;CAVAP15135L;CAVAPACK 35L;[CAVAP15135L] CAVAPACK 35L (Azul);Azul;35L;1,00;Cerro Verde ;junio-2026
18/06/2026;CAVAP15135L;CAVAPACK 35L;[CAVAP15135L] CAVAPACK 35L (Azul);Azul;35L;1,00;Cerro Verde ;junio-2026
18/06/2026;EC173UN;ECO BAG;[EC173UN] ECO BAG (Palmeras/Azul);Azul;�nica;1,00;Sambil Chacao ;junio-2026
18/06/2026;CAVAP15135L;CAVAPACK 35L;[CAVAP15135L] CAVAPACK 35L (Azul);Azul;35L;1,00;Sambil Chacao ;junio-2026
18/06/2026;PONKI63EQ;PONCHO KIDS;[PONKI63EQ] PONCHO KIDS (Verde Agua);Verde Agua;Kids;1,00;Sambil Valencia;junio-2026
18/06/2026;CAVAP15135L;CAVAPACK 35L;[CAVAP15135L] CAVAPACK 35L (Azul);Azul;35L;1,00;Cerro Verde ;junio-2026
18/06/2026;BAC33BF;BACKPACK FLEX;[BAC33BF] BACKPACK FLEX (Kaki);Kaki;�nica;1,00;Cerro Verde ;junio-2026
18/06/2026;EC175UN;ECO BAG;[EC175UN] ECO BAG (Daily/Negro);Negro;�nica;1,00;Tolon;junio-2026
18/06/2026;EC173UN;ECO BAG;[EC173UN] ECO BAG (Palmeras/Azul);Azul;�nica;1,00;Tolon;junio-2026
18/06/2026;EC172UN;ECO BAG;[EC172UN] ECO BAG (Made in Venezuela/Verde);Verde;�nica;1,00;Cerro Verde ;junio-2026
18/06/2026;BAC43BF;BACKPACK FLEX;[BAC43BF] BACKPACK FLEX (Negro);Negro;�nica;1,00;Pedidos;junio-2026
18/06/2026;CAVAP4335L;CAVAPACK 35L;[CAVAP4335L] CAVAPACK 35L (Negro);Negro;35L;1,00;Tolon;junio-2026
18/06/2026;EC173UN;ECO BAG;[EC173UN] ECO BAG (Palmeras/Azul);Azul;�nica;1,00;Pedidos;junio-2026
18/06/2026;EC174UN;ECO BAG;[EC174UN] ECO BAG (Ovalo/Azul);Azul;�nica;1,00;Sambil Chacao ;junio-2026
18/06/2026;CIT70CIB;CITYBAG;[CIT70CIB] CITYBAG (Vinotinto);Vinotinto;�nica;1,00;Tolon;junio-2026
18/06/2026;EC172UN;ECO BAG;[EC172UN] ECO BAG (Made in Venezuela/Verde);Verde;�nica;1,00;Sambil Chacao ;junio-2026
18/06/2026;EC173UN;ECO BAG;[EC173UN] ECO BAG (Palmeras/Azul);Azul;�nica;1,00;Pedidos;junio-2026
18/06/2026;EC173UN;ECO BAG;[EC173UN] ECO BAG (Palmeras/Azul);Azul;�nica;1,00;Pedidos;junio-2026
18/06/2026;EC175UN;ECO BAG;[EC175UN] ECO BAG (Daily/Negro);Negro;�nica;1,00;Sambil Chacao ;junio-2026
18/06/2026;EC172UN;ECO BAG;[EC172UN] ECO BAG (Made in Venezuela/Verde);Verde;�nica;1,00;Tolon;junio-2026
18/06/2026;EC173UN;ECO BAG;[EC173UN] ECO BAG (Palmeras/Azul);Azul;�nica;1,00;Pedidos;junio-2026
18/06/2026;EC176UN;ECO BAG;[EC176UN] ECO BAG (Ondas/Verde);Verde;�nica;1,00;La Vela;junio-2026
18/06/2026;EC173UN;ECO BAG;[EC173UN] ECO BAG (Palmeras/Azul);Azul;�nica;1,00;Cerro Verde ;junio-2026
18/06/2026;EC172UN;ECO BAG;[EC172UN] ECO BAG (Made in Venezuela/Verde);Verde;�nica;1,00;Sambil Chacao ;junio-2026
18/06/2026;BAC13BF;BACKPACK FLEX;[BAC13BF] BACKPACK FLEX (Azul Rey);Azul Rey;�nica;1,00;Pedidos;junio-2026
18/06/2026;CAVAP15135L;CAVAPACK 35L;[CAVAP15135L] CAVAPACK 35L (Azul);Azul;35L;2,00;Pedidos;junio-2026
18/06/2026;BAC33BF;BACKPACK FLEX;[BAC33BF] BACKPACK FLEX (Kaki);Kaki;�nica;1,00;Pedidos;junio-2026
18/06/2026;CIT70CIB;CITYBAG;[CIT70CIB] CITYBAG (Vinotinto);Vinotinto;�nica;1,00;Sambil Valencia;junio-2026
18/06/2026;CIT70CIB;CITYBAG;[CIT70CIB] CITYBAG (Vinotinto);Vinotinto;�nica;1,00;La Vela;junio-2026
18/06/2026;EC173UN;ECO BAG;[EC173UN] ECO BAG (Palmeras/Azul);Azul;�nica;1,00;La Vela;junio-2026
19/06/2026;EC175UN;ECO BAG;[EC175UN] ECO BAG (Daily/Negro);Negro;�nica;1,00;Cerro Verde ;junio-2026
19/06/2026;EC173UN;ECO BAG;[EC173UN] ECO BAG (Palmeras/Azul);Azul;�nica;1,00;La Grieta;junio-2026
19/06/2026;CAVAP15135L;CAVAPACK 35L;[CAVAP15135L] CAVAPACK 35L (Azul);Azul;35L;1,00;Cerro Verde ;junio-2026
19/06/2026;CAVAP15135L;CAVAPACK 35L;[CAVAP15135L] CAVAPACK 35L (Azul);Azul;35L;1,00;Sambil Chacao ;junio-2026
19/06/2026;CAVAP15135L;CAVAPACK 35L;[CAVAP15135L] CAVAPACK 35L (Azul);Azul;35L;1,00;Sambil Chacao ;junio-2026
19/06/2026;BAC13BF;BACKPACK FLEX;[BAC13BF] BACKPACK FLEX (Azul Rey);Azul Rey;�nica;1,00;La Grieta;junio-2026
19/06/2026;EC174UN;ECO BAG;[EC174UN] ECO BAG (Ovalo/Azul);Azul;�nica;1,00;Sambil Chacao ;junio-2026
19/06/2026;EC175UN;ECO BAG;[EC175UN] ECO BAG (Daily/Negro);Negro;�nica;1,00;Grandplaz ;junio-2026
19/06/2026;EC175UN;ECO BAG;[EC175UN] ECO BAG (Daily/Negro);Negro;�nica;1,00;La Vela;junio-2026
19/06/2026;BAC13BF;BACKPACK FLEX;[BAC13BF] BACKPACK FLEX (Azul Rey);Azul Rey;�nica;1,00;Cerro Verde ;junio-2026
19/06/2026;BAC43BF;BACKPACK FLEX;[BAC43BF] BACKPACK FLEX (Negro);Negro;�nica;1,00;Sambil Chacao ;junio-2026
19/06/2026;EC175UN;ECO BAG;[EC175UN] ECO BAG (Daily/Negro);Negro;�nica;1,00;Cerro Verde ;junio-2026
19/06/2026;EC175UN;ECO BAG;[EC175UN] ECO BAG (Daily/Negro);Negro;�nica;1,00;Cerro Verde ;junio-2026
19/06/2026;EC172UN;ECO BAG;[EC172UN] ECO BAG (Made in Venezuela/Verde);Verde;�nica;1,00;Sambil Chacao ;junio-2026
19/06/2026;CIT12CIB;CITYBAG;[CIT12CIB] CITYBAG (Azul Marino);Azul Marino;�nica;1,00;La Vela;junio-2026
19/06/2026;PONKI35EQ;PONCHO KIDS;[PONKI35EQ] PONCHO KIDS (Magenta);Magenta;Kids;1,00;Cerro Verde ;junio-2026
19/06/2026;EC175UN;ECO BAG;[EC175UN] ECO BAG (Daily/Negro);Negro;�nica;1,00;Sambil Chacao ;junio-2026
19/06/2026;EC175UN;ECO BAG;[EC175UN] ECO BAG (Daily/Negro);Negro;�nica;1,00;Cerro Verde ;junio-2026
19/06/2026;EC173UN;ECO BAG;[EC173UN] ECO BAG (Palmeras/Azul);Azul;�nica;1,00;Sambil Chacao ;junio-2026
19/06/2026;PONC151EQ;PONCHO ADULTO;[PONC151EQ] PONCHO ADULTO (AZUL);Azul;Adulto;1,00;Cerro Verde ;junio-2026
19/06/2026;PONC152EQ;PONCHO ADULTO;[PONC152EQ] PONCHO ADULTO (VERDE);Verde;Adulto;1,00;La Grieta;junio-2026
19/06/2026;EC173UN;ECO BAG;[EC173UN] ECO BAG (Palmeras/Azul);Azul;�nica;1,00;Tolon;junio-2026
19/06/2026;EC172UN;ECO BAG;[EC172UN] ECO BAG (Made in Venezuela/Verde);Verde;�nica;1,00;La Grieta;junio-2026
19/06/2026;CIT12CIB;CITYBAG;[CIT12CIB] CITYBAG (Azul Marino);Azul Marino;�nica;1,00;Sambil Valencia;junio-2026
19/06/2026;CIT70CIB;CITYBAG;[CIT70CIB] CITYBAG (Vinotinto);Vinotinto;�nica;1,00;Sambil Valencia;junio-2026
19/06/2026;CIT152CIB;CITYBAG;[CIT152CIB] CITYBAG (Verde);Verde;�nica;1,00;WEB;junio-2026
19/06/2026;CIT12CIB;CITYBAG;[CIT12CIB] CITYBAG (Azul Marino);Azul Marino;�nica;1,00;Tolon;junio-2026
19/06/2026;EC173UN;ECO BAG;[EC173UN] ECO BAG (Palmeras/Azul);Azul;�nica;1,00;Tolon;junio-2026
19/06/2026;CAVAP15135L;CAVAPACK 35L;[CAVAP15135L] CAVAPACK 35L (Azul);Azul;35L;1,00;La Grieta;junio-2026
19/06/2026;EC172UN;ECO BAG;[EC172UN] ECO BAG (Made in Venezuela/Verde);Verde;�nica;1,00;La Grieta;junio-2026
19/06/2026;EC174UN;ECO BAG;[EC174UN] ECO BAG (Ovalo/Azul);Azul;�nica;1,00;Sambil Chacao ;junio-2026
19/06/2026;EC173UN;ECO BAG;[EC173UN] ECO BAG (Palmeras/Azul);Azul;�nica;1,00;La Grieta;junio-2026
19/06/2026;CIT12CIB;CITYBAG;[CIT12CIB] CITYBAG (Azul Marino);Azul Marino;�nica;1,00;La Grieta;junio-2026
19/06/2026;CIT12CIB;CITYBAG;[CIT12CIB] CITYBAG (Azul Marino);Azul Marino;�nica;1,00;Sambil Valencia;junio-2026
19/06/2026;EC173UN;ECO BAG;[EC173UN] ECO BAG (Palmeras/Azul);Azul;�nica;1,00;La Grieta;junio-2026
19/06/2026;EC175UN;ECO BAG;[EC175UN] ECO BAG (Daily/Negro);Negro;�nica;1,00;Grandplaz ;junio-2026
19/06/2026;EC176UN;ECO BAG;[EC176UN] ECO BAG (Ondas/Verde);Verde;�nica;1,00;La Vela;junio-2026
19/06/2026;BAC43BF;BACKPACK FLEX;[BAC43BF] BACKPACK FLEX (Negro);Negro;�nica;1,00;La Grieta;junio-2026
19/06/2026;EC174UN;ECO BAG;[EC174UN] ECO BAG (Ovalo/Azul);Azul;�nica;1,00;Cerro Verde ;junio-2026
19/06/2026;CIT152CIB;CITYBAG;[CIT152CIB] CITYBAG (Verde);Verde;�nica;1,00;Sambil Chacao ;junio-2026
19/06/2026;CAVAP15135L;CAVAPACK 35L;[CAVAP15135L] CAVAPACK 35L (Azul);Azul;35L;1,00;Tolon;junio-2026
19/06/2026;BAC43BF;BACKPACK FLEX;[BAC43BF] BACKPACK FLEX (Negro);Negro;�nica;1,00;Cerro Verde ;junio-2026
19/06/2026;EC175UN;ECO BAG;[EC175UN] ECO BAG (Daily/Negro);Negro;�nica;1,00;Sambil Chacao ;junio-2026
19/06/2026;PONC152EQ;PONCHO ADULTO;[PONC152EQ] PONCHO ADULTO (VERDE);Verde;Adulto;1,00;La Vela;junio-2026
19/06/2026;CAVAP15135L;CAVAPACK 35L;[CAVAP15135L] CAVAPACK 35L (Azul);Azul;35L;1,00;Sambil Valencia;junio-2026
19/06/2026;BAC43BF;BACKPACK FLEX;[BAC43BF] BACKPACK FLEX (Negro);Negro;�nica;1,00;La Vela;junio-2026
19/06/2026;EC174UN;ECO BAG;[EC174UN] ECO BAG (Ovalo/Azul);Azul;�nica;1,00;La Vela;junio-2026
19/06/2026;EC172UN;ECO BAG;[EC172UN] ECO BAG (Made in Venezuela/Verde);Verde;�nica;1,00;La Vela;junio-2026
20/06/2026;BAC43BF;BACKPACK FLEX;[BAC43BF] BACKPACK FLEX (Negro);Negro;�nica;1,00;Sambil Valencia;junio-2026
20/06/2026;EC173UN;ECO BAG;[EC173UN] ECO BAG (Palmeras/Azul);Azul;�nica;1,00;Sambil Valencia;junio-2026
20/06/2026;CAVAP15135L;CAVAPACK 35L;[CAVAP15135L] CAVAPACK 35L (Azul);Azul;35L;1,00;Cerro Verde ;junio-2026
20/06/2026;EC175UN;ECO BAG;[EC175UN] ECO BAG (Daily/Negro);Negro;�nica;1,00;La Grieta;junio-2026
20/06/2026;EC175UN;ECO BAG;[EC175UN] ECO BAG (Daily/Negro);Negro;�nica;1,00;La Grieta;junio-2026
20/06/2026;EC174UN;ECO BAG;[EC174UN] ECO BAG (Ovalo/Azul);Azul;�nica;1,00;La Vela;junio-2026
20/06/2026;EC173UN;ECO BAG;[EC173UN] ECO BAG (Palmeras/Azul);Azul;�nica;1,00;Sambil Valencia;junio-2026
20/06/2026;EC176UN;ECO BAG;[EC176UN] ECO BAG (Ondas/Verde);Verde;�nica;1,00;La Vela;junio-2026
20/06/2026;CIT70CIB;CITYBAG;[CIT70CIB] CITYBAG (Vinotinto);Vinotinto;�nica;1,00;La Vela;junio-2026
20/06/2026;EC175UN;ECO BAG;[EC175UN] ECO BAG (Daily/Negro);Negro;�nica;1,00;La Grieta;junio-2026
20/06/2026;EC172UN;ECO BAG;[EC172UN] ECO BAG (Made in Venezuela/Verde);Verde;�nica;1,00;Sambil Chacao ;junio-2026
20/06/2026;EC172UN;ECO BAG;[EC172UN] ECO BAG (Made in Venezuela/Verde);Verde;�nica;1,00;Sambil Chacao ;junio-2026
20/06/2026;EC173UN;ECO BAG;[EC173UN] ECO BAG (Palmeras/Azul);Azul;�nica;1,00;Sambil Chacao ;junio-2026
20/06/2026;PONC12EQ;PONCHO KIDS;[PONC12EQ] PONCHO KIDS (Azul Marino);Azul Marino;Kids;1,00;La Vela;junio-2026
20/06/2026;EC172UN;ECO BAG;[EC172UN] ECO BAG (Made in Venezuela/Verde);Verde;�nica;1,00;La Grieta;junio-2026
20/06/2026;CIT12CIB;CITYBAG;[CIT12CIB] CITYBAG (Azul Marino);Azul Marino;�nica;1,00;La Grieta;junio-2026
20/06/2026;CIT70CIB;CITYBAG;[CIT70CIB] CITYBAG (Vinotinto);Vinotinto;�nica;1,00;La Grieta;junio-2026
20/06/2026;EC176UN;ECO BAG;[EC176UN] ECO BAG (Ondas/Verde);Verde;�nica;1,00;La Vela;junio-2026
20/06/2026;EC173UN;ECO BAG;[EC173UN] ECO BAG (Palmeras/Azul);Azul;�nica;1,00;Sambil Chacao ;junio-2026
20/06/2026;EC172UN;ECO BAG;[EC172UN] ECO BAG (Made in Venezuela/Verde);Verde;�nica;1,00;Sambil Chacao ;junio-2026
20/06/2026;EC172UN;ECO BAG;[EC172UN] ECO BAG (Made in Venezuela/Verde);Verde;�nica;1,00;La Grieta;junio-2026
20/06/2026;CIT70CIB;CITYBAG;[CIT70CIB] CITYBAG (Vinotinto);Vinotinto;�nica;1,00;La Vela;junio-2026
20/06/2026;EC172UN;ECO BAG;[EC172UN] ECO BAG (Made in Venezuela/Verde);Verde;�nica;1,00;Tolon;junio-2026
20/06/2026;EC175UN;ECO BAG;[EC175UN] ECO BAG (Daily/Negro);Negro;�nica;1,00;Cerro Verde ;junio-2026
20/06/2026;EC176UN;ECO BAG;[EC176UN] ECO BAG (Ondas/Verde);Verde;�nica;1,00;La Grieta;junio-2026
20/06/2026;CAVAP15135L;CAVAPACK 35L;[CAVAP15135L] CAVAPACK 35L (Azul);Azul;35L;1,00;Cerro Verde ;junio-2026
20/06/2026;EC174UN;ECO BAG;[EC174UN] ECO BAG (Ovalo/Azul);Azul;�nica;1,00;Cerro Verde ;junio-2026
20/06/2026;CIT70CIB;CITYBAG;[CIT70CIB] CITYBAG (Vinotinto);Vinotinto;�nica;1,00;Tolon;junio-2026
20/06/2026;EC174UN;ECO BAG;[EC174UN] ECO BAG (Ovalo/Azul);Azul;�nica;1,00;La Grieta;junio-2026
20/06/2026;EC173UN;ECO BAG;[EC173UN] ECO BAG (Palmeras/Azul);Azul;�nica;1,00;La Grieta;junio-2026
20/06/2026;CAVAP15135L;CAVAPACK 35L;[CAVAP15135L] CAVAPACK 35L (Azul);Azul;35L;1,00;La Grieta;junio-2026
20/06/2026;CAVAP15135L;CAVAPACK 35L;[CAVAP15135L] CAVAPACK 35L (Azul);Azul;35L;1,00;La Vela;junio-2026
20/06/2026;BAC43BF;BACKPACK FLEX;[BAC43BF] BACKPACK FLEX (Negro);Negro;�nica;1,00;Cerro Verde ;junio-2026
20/06/2026;EC176UN;ECO BAG;[EC176UN] ECO BAG (Ondas/Verde);Verde;�nica;4,00;Cerro Verde ;junio-2026
20/06/2026;BAC33BF;BACKPACK FLEX;[BAC33BF] BACKPACK FLEX (Kaki);Kaki;�nica;1,00;Cerro Verde ;junio-2026
20/06/2026;BAC13BF;BACKPACK FLEX;[BAC13BF] BACKPACK FLEX (Azul Rey);Azul Rey;�nica;1,00;Cerro Verde ;junio-2026
20/06/2026;EC174UN;ECO BAG;[EC174UN] ECO BAG (Ovalo/Azul);Azul;�nica;1,00;La Grieta;junio-2026
20/06/2026;EC172UN;ECO BAG;[EC172UN] ECO BAG (Made in Venezuela/Verde);Verde;�nica;1,00;Tolon;junio-2026
20/06/2026;EC176UN;ECO BAG;[EC176UN] ECO BAG (Ondas/Verde);Verde;�nica;1,00;Cerro Verde ;junio-2026
20/06/2026;EC175UN;ECO BAG;[EC175UN] ECO BAG (Daily/Negro);Negro;�nica;1,00;Cerro Verde ;junio-2026
20/06/2026;PONKI30EQ;PONCHO KIDS;[PONKI30EQ] PONCHO KIDS (Gris Claro);Gris Claro;Kids;1,00;Cerro Verde ;junio-2026
20/06/2026;PONKI35EQ;PONCHO KIDS;[PONKI35EQ] PONCHO KIDS (Magenta);Magenta;Kids;1,00;Cerro Verde ;junio-2026
20/06/2026;PONC12EQ;PONCHO KIDS;[PONC12EQ] PONCHO KIDS (Azul Marino);Azul Marino;Kids;1,00;Cerro Verde ;junio-2026
20/06/2026;CIT152CIB;CITYBAG;[CIT152CIB] CITYBAG (Verde);Verde;�nica;1,00;Tolon;junio-2026
20/06/2026;CIT70CIB;CITYBAG;[CIT70CIB] CITYBAG (Vinotinto);Vinotinto;�nica;1,00;Grandplaz ;junio-2026
20/06/2026;CIT166CIB;CITYBAG;[CIT166CIB] CITYBAG (Gris);Gris;�nica;1,00;Sambil Chacao ;junio-2026
20/06/2026;EC176UN;ECO BAG;[EC176UN] ECO BAG (Ondas/Verde);Verde;�nica;1,00;Sambil Chacao ;junio-2026
20/06/2026;EC176UN;ECO BAG;[EC176UN] ECO BAG (Ondas/Verde);Verde;�nica;-2,00;Cerro Verde ;junio-2026
20/06/2026;CIT70CIB;CITYBAG;[CIT70CIB] CITYBAG (Vinotinto);Vinotinto;�nica;1,00;La Vela;junio-2026
20/06/2026;EC174UN;ECO BAG;[EC174UN] ECO BAG (Ovalo/Azul);Azul;�nica;1,00;La Vela;junio-2026
20/06/2026;PONKI30EQ;PONCHO KIDS;[PONKI30EQ] PONCHO KIDS (Gris Claro);Gris Claro;Kids;1,00;Tolon;junio-2026
20/06/2026;PONC01EQ;PONCHO ADULTO;[PONC01EQ] PONCHO ADULTO (AGUAMARINA);Aguamarina;Adulto;1,00;Tolon;junio-2026
20/06/2026;EC176UN;ECO BAG;[EC176UN] ECO BAG (Ondas/Verde);Verde;�nica;1,00;Tolon;junio-2026
20/06/2026;PONKI35EQ;PONCHO KIDS;[PONKI35EQ] PONCHO KIDS (Magenta);Magenta;Kids;1,00;Tolon;junio-2026
20/06/2026;EC175UN;ECO BAG;[EC175UN] ECO BAG (Daily/Negro);Negro;�nica;1,00;Tolon;junio-2026
20/06/2026;EC172UN;ECO BAG;[EC172UN] ECO BAG (Made in Venezuela/Verde);Verde;�nica;1,00;Tolon;junio-2026
20/06/2026;EC172UN;ECO BAG;[EC172UN] ECO BAG (Made in Venezuela/Verde);Verde;�nica;1,00;La Grieta;junio-2026
20/06/2026;EC176UN;ECO BAG;[EC176UN] ECO BAG (Ondas/Verde);Verde;�nica;1,00;La Vela;junio-2026
20/06/2026;EC172UN;ECO BAG;[EC172UN] ECO BAG (Made in Venezuela/Verde);Verde;�nica;1,00;La Vela;junio-2026
20/06/2026;EC172UN;ECO BAG;[EC172UN] ECO BAG (Made in Venezuela/Verde);Verde;�nica;1,00;Cerro Verde ;junio-2026
20/06/2026;PONKI35EQ;PONCHO KIDS;[PONKI35EQ] PONCHO KIDS (Magenta);Magenta;Kids;1,00;Tolon;junio-2026
20/06/2026;EC172UN;ECO BAG;[EC172UN] ECO BAG (Made in Venezuela/Verde);Verde;�nica;1,00;La Grieta;junio-2026
20/06/2026;PONC01EQ;PONCHO ADULTO;[PONC01EQ] PONCHO ADULTO (AGUAMARINA);Aguamarina;Adulto;1,00;La Vela;junio-2026
20/06/2026;EC176UN;ECO BAG;[EC176UN] ECO BAG (Ondas/Verde);Verde;�nica;1,00;La Vela;junio-2026
20/06/2026;PONC12EQ;PONCHO KIDS;[PONC12EQ] PONCHO KIDS (Azul Marino);Azul Marino;Kids;1,00;Cerro Verde ;junio-2026
20/06/2026;PONKI35EQ;PONCHO KIDS;[PONKI35EQ] PONCHO KIDS (Magenta);Magenta;Kids;1,00;Cerro Verde ;junio-2026
20/06/2026;PONKI09EQ;PONCHO KIDS;[PONKI09EQ] PONCHO KIDS (Azul Cielo);Azul Cielo;Kids;1,00;Cerro Verde ;junio-2026
20/06/2026;EC172UN;ECO BAG;[EC172UN] ECO BAG (Made in Venezuela/Verde);Verde;�nica;1,00;La Vela;junio-2026
20/06/2026;EC172UN;ECO BAG;[EC172UN] ECO BAG (Made in Venezuela/Verde);Verde;�nica;1,00;Tolon;junio-2026
20/06/2026;PONKI35EQ;PONCHO KIDS;[PONKI35EQ] PONCHO KIDS (Magenta);Magenta;Kids;1,00;Tolon;junio-2026
20/06/2026;CIT70CIB;CITYBAG;[CIT70CIB] CITYBAG (Vinotinto);Vinotinto;�nica;1,00;Tolon;junio-2026
20/06/2026;EC172UN;ECO BAG;[EC172UN] ECO BAG (Made in Venezuela/Verde);Verde;�nica;1,00;La Grieta;junio-2026
20/06/2026;EC174UN;ECO BAG;[EC174UN] ECO BAG (Ovalo/Azul);Azul;�nica;1,00;La Vela;junio-2026
20/06/2026;EC173UN;ECO BAG;[EC173UN] ECO BAG (Palmeras/Azul);Azul;�nica;1,00;Sambil Chacao ;junio-2026
20/06/2026;EC172UN;ECO BAG;[EC172UN] ECO BAG (Made in Venezuela/Verde);Verde;�nica;1,00;La Grieta;junio-2026
20/06/2026;EC172UN;ECO BAG;[EC172UN] ECO BAG (Made in Venezuela/Verde);Verde;�nica;-1,00;La Vela;junio-2026
20/06/2026;EC175UN;ECO BAG;[EC175UN] ECO BAG (Daily/Negro);Negro;�nica;1,00;Cerro Verde ;junio-2026
20/06/2026;CAVAP4335L;CAVAPACK 35L;[CAVAP4335L] CAVAPACK 35L (Negro);Negro;35L;1,00;La Grieta;junio-2026
20/06/2026;EC174UN;ECO BAG;[EC174UN] ECO BAG (Ovalo/Azul);Azul;�nica;1,00;Cerro Verde ;junio-2026
20/06/2026;EC174UN;ECO BAG;[EC174UN] ECO BAG (Ovalo/Azul);Azul;�nica;1,00;Cerro Verde ;junio-2026
20/06/2026;EC176UN;ECO BAG;[EC176UN] ECO BAG (Ondas/Verde);Verde;�nica;1,00;La Grieta;junio-2026
20/06/2026;CIT70CIB;CITYBAG;[CIT70CIB] CITYBAG (Vinotinto);Vinotinto;�nica;1,00;Cerro Verde ;junio-2026
20/06/2026;CIT152CIB;CITYBAG;[CIT152CIB] CITYBAG (Verde);Verde;�nica;1,00;Cerro Verde ;junio-2026
20/06/2026;PONC151EQ;PONCHO ADULTO;[PONC151EQ] PONCHO ADULTO (AZUL);Azul;Adulto;1,00;Tolon;junio-2026
20/06/2026;EC172UN;ECO BAG;[EC172UN] ECO BAG (Made in Venezuela/Verde);Verde;�nica;1,00;Tolon;junio-2026
20/06/2026;EC172UN;ECO BAG;[EC172UN] ECO BAG (Made in Venezuela/Verde);Verde;�nica;1,00;La Vela;junio-2026
20/06/2026;CIT70CIB;CITYBAG;[CIT70CIB] CITYBAG (Vinotinto);Vinotinto;�nica;1,00;Sambil Valencia;junio-2026
20/06/2026;EC174UN;ECO BAG;[EC174UN] ECO BAG (Ovalo/Azul);Azul;�nica;1,00;Cerro Verde ;junio-2026
20/06/2026;EC172UN;ECO BAG;[EC172UN] ECO BAG (Made in Venezuela/Verde);Verde;�nica;1,00;La Grieta;junio-2026
20/06/2026;EC172UN;ECO BAG;[EC172UN] ECO BAG (Made in Venezuela/Verde);Verde;�nica;1,00;Cerro Verde ;junio-2026
20/06/2026;CIT70CIB;CITYBAG;[CIT70CIB] CITYBAG (Vinotinto);Vinotinto;�nica;1,00;Tolon;junio-2026
20/06/2026;PONC152EQ;PONCHO ADULTO;[PONC152EQ] PONCHO ADULTO (VERDE);Verde;Adulto;1,00;Tolon;junio-2026
20/06/2026;BAC33BF;BACKPACK FLEX;[BAC33BF] BACKPACK FLEX (Kaki);Kaki;�nica;1,00;Sambil Valencia;junio-2026
20/06/2026;BAC43BF;BACKPACK FLEX;[BAC43BF] BACKPACK FLEX (Negro);Negro;�nica;1,00;Cerro Verde ;junio-2026
20/06/2026;CAVAP15135L;CAVAPACK 35L;[CAVAP15135L] CAVAPACK 35L (Azul);Azul;35L;1,00;Sambil Chacao ;junio-2026
20/06/2026;CIT166CIB;CITYBAG;[CIT166CIB] CITYBAG (Gris);Gris;�nica;1,00;Sambil Chacao ;junio-2026
21/06/2026;CAVAP15135L;CAVAPACK 35L;[CAVAP15135L] CAVAPACK 35L (Azul);Azul;35L;1,00;Cerro Verde ;junio-2026
21/06/2026;EC174UN;ECO BAG;[EC174UN] ECO BAG (Ovalo/Azul);Azul;�nica;1,00;Tolon;junio-2026
21/06/2026;BAC43BF;BACKPACK FLEX;[BAC43BF] BACKPACK FLEX (Negro);Negro;�nica;1,00;Sambil Valencia;junio-2026
21/06/2026;PONKI09EQ;PONCHO KIDS;[PONKI09EQ] PONCHO KIDS (Azul Cielo);Azul Cielo;Kids;1,00;Grandplaz ;junio-2026
21/06/2026;BAC43BF;BACKPACK FLEX;[BAC43BF] BACKPACK FLEX (Negro);Negro;�nica;1,00;Sambil Valencia;junio-2026
21/06/2026;EC175UN;ECO BAG;[EC175UN] ECO BAG (Daily/Negro);Negro;�nica;1,00;La Grieta;junio-2026
21/06/2026;PONC152EQ;PONCHO ADULTO;[PONC152EQ] PONCHO ADULTO (VERDE);Verde;Adulto;1,00;Sambil Chacao ;junio-2026
21/06/2026;EC175UN;ECO BAG;[EC175UN] ECO BAG (Daily/Negro);Negro;�nica;2,00;Cerro Verde ;junio-2026
21/06/2026;EC176UN;ECO BAG;[EC176UN] ECO BAG (Ondas/Verde);Verde;�nica;1,00;Grandplaz ;junio-2026
21/06/2026;EC176UN;ECO BAG;[EC176UN] ECO BAG (Ondas/Verde);Verde;�nica;1,00;La Grieta;junio-2026
21/06/2026;CIT152CIB;CITYBAG;[CIT152CIB] CITYBAG (Verde);Verde;�nica;1,00;Cerro Verde ;junio-2026
21/06/2026;EC173UN;ECO BAG;[EC173UN] ECO BAG (Palmeras/Azul);Azul;�nica;1,00;Tolon;junio-2026
21/06/2026;EC174UN;ECO BAG;[EC174UN] ECO BAG (Ovalo/Azul);Azul;�nica;1,00;Grandplaz ;junio-2026
21/06/2026;PONC151EQ;PONCHO ADULTO;[PONC151EQ] PONCHO ADULTO (AZUL);Azul;Adulto;1,00;La Vela;junio-2026
21/06/2026;PONC152EQ;PONCHO ADULTO;[PONC152EQ] PONCHO ADULTO (VERDE);Verde;Adulto;1,00;La Vela;junio-2026
21/06/2026;EC175UN;ECO BAG;[EC175UN] ECO BAG (Daily/Negro);Negro;�nica;1,00;La Vela;junio-2026
21/06/2026;PONC12EQ;PONCHO KIDS;[PONC12EQ] PONCHO KIDS (Azul Marino);Azul Marino;Kids;1,00;La Vela;junio-2026
21/06/2026;EC174UN;ECO BAG;[EC174UN] ECO BAG (Ovalo/Azul);Azul;�nica;1,00;Grandplaz ;junio-2026
21/06/2026;CIT166CIB;CITYBAG;[CIT166CIB] CITYBAG (Gris);Gris;�nica;1,00;La Grieta;junio-2026
21/06/2026;CIT70CIB;CITYBAG;[CIT70CIB] CITYBAG (Vinotinto);Vinotinto;�nica;1,00;La Grieta;junio-2026
21/06/2026;EC176UN;ECO BAG;[EC176UN] ECO BAG (Ondas/Verde);Verde;�nica;1,00;Cerro Verde ;junio-2026
21/06/2026;CIT12CIB;CITYBAG;[CIT12CIB] CITYBAG (Azul Marino);Azul Marino;�nica;1,00;La Vela;junio-2026
21/06/2026;CIT166CIB;CITYBAG;[CIT166CIB] CITYBAG (Gris);Gris;�nica;1,00;La Vela;junio-2026
21/06/2026;BAC43BF;BACKPACK FLEX;[BAC43BF] BACKPACK FLEX (Negro);Negro;�nica;1,00;Cerro Verde ;junio-2026
21/06/2026;EC175UN;ECO BAG;[EC175UN] ECO BAG (Daily/Negro);Negro;�nica;1,00;Cerro Verde ;junio-2026
21/06/2026;EC172UN;ECO BAG;[EC172UN] ECO BAG (Made in Venezuela/Verde);Verde;�nica;1,00;Cerro Verde ;junio-2026
21/06/2026;EC175UN;ECO BAG;[EC175UN] ECO BAG (Daily/Negro);Negro;�nica;1,00;La Vela;junio-2026
21/06/2026;CAVAP4335L;CAVAPACK 35L;[CAVAP4335L] CAVAPACK 35L (Negro);Negro;35L;1,00;Tolon;junio-2026
21/06/2026;PONC151EQ;PONCHO ADULTO;[PONC151EQ] PONCHO ADULTO (AZUL);Azul;Adulto;1,00;La Vela;junio-2026
21/06/2026;EC174UN;ECO BAG;[EC174UN] ECO BAG (Ovalo/Azul);Azul;�nica;1,00;Sambil Chacao ;junio-2026
21/06/2026;EC175UN;ECO BAG;[EC175UN] ECO BAG (Daily/Negro);Negro;�nica;-1,00;La Vela;junio-2026
21/06/2026;EC175UN;ECO BAG;[EC175UN] ECO BAG (Daily/Negro);Negro;�nica;1,00;La Vela;junio-2026
22/06/2026;EC175UN;ECO BAG;[EC175UN] ECO BAG (Daily/Negro);Negro;�nica;1,00;La Grieta;junio-2026
22/06/2026;CIT12CIB;CITYBAG;[CIT12CIB] CITYBAG (Azul Marino);Azul Marino;�nica;1,00;Sambil Valencia;junio-2026
22/06/2026;PONC01EQ;PONCHO ADULTO;[PONC01EQ] PONCHO ADULTO (AGUAMARINA);Aguamarina;Adulto;1,00;La Vela;junio-2026
22/06/2026;PONKI35EQ;PONCHO KIDS;[PONKI35EQ] PONCHO KIDS (Magenta);Magenta;Kids;1,00;La Vela;junio-2026
22/06/2026;EC172UN;ECO BAG;[EC172UN] ECO BAG (Made in Venezuela/Verde);Verde;�nica;1,00;Cerro Verde ;junio-2026
22/06/2026;BAC33BF;BACKPACK FLEX;[BAC33BF] BACKPACK FLEX (Kaki);Kaki;�nica;1,00;Cerro Verde ;junio-2026
22/06/2026;EC172UN;ECO BAG;[EC172UN] ECO BAG (Made in Venezuela/Verde);Verde;�nica;1,00;Sambil Chacao ;junio-2026
22/06/2026;PONKI30EQ;PONCHO KIDS;[PONKI30EQ] PONCHO KIDS (Gris Claro);Gris Claro;Kids;1,00;Sambil Chacao ;junio-2026
22/06/2026;PONKI09EQ;PONCHO KIDS;[PONKI09EQ] PONCHO KIDS (Azul Cielo);Azul Cielo;Kids;1,00;Sambil Chacao ;junio-2026
22/06/2026;PONKI63EQ;PONCHO KIDS;[PONKI63EQ] PONCHO KIDS (Verde Agua);Verde Agua;Kids;1,00;La Vela;junio-2026
22/06/2026;BAC43BF;BACKPACK FLEX;[BAC43BF] BACKPACK FLEX (Negro);Negro;�nica;1,00;Cerro Verde ;junio-2026
22/06/2026;EC173UN;ECO BAG;[EC173UN] ECO BAG (Palmeras/Azul);Azul;�nica;1,00;Sambil Chacao ;junio-2026
22/06/2026;EC174UN;ECO BAG;[EC174UN] ECO BAG (Ovalo/Azul);Azul;�nica;1,00;Sambil Chacao ;junio-2026
22/06/2026;EC173UN;ECO BAG;[EC173UN] ECO BAG (Palmeras/Azul);Azul;�nica;1,00;Sambil Chacao ;junio-2026
22/06/2026;EC176UN;ECO BAG;[EC176UN] ECO BAG (Ondas/Verde);Verde;�nica;1,00;Sambil Chacao ;junio-2026
22/06/2026;CIT166CIB;CITYBAG;[CIT166CIB] CITYBAG (Gris);Gris;�nica;1,00;Sambil Valencia;junio-2026
22/06/2026;EC176UN;ECO BAG;[EC176UN] ECO BAG (Ondas/Verde);Verde;�nica;1,00;Sambil Chacao ;junio-2026
22/06/2026;PONKI63EQ;PONCHO KIDS;[PONKI63EQ] PONCHO KIDS (Verde Agua);Verde Agua;Kids;1,00;La Grieta;junio-2026
22/06/2026;PONKI63EQ;PONCHO KIDS;[PONKI63EQ] PONCHO KIDS (Verde Agua);Verde Agua;Kids;1,00;La Grieta;junio-2026
22/06/2026;CIT152CIB;CITYBAG;[CIT152CIB] CITYBAG (Verde);Verde;�nica;1,00;Cerro Verde ;junio-2026
22/06/2026;BAC43BF;BACKPACK FLEX;[BAC43BF] BACKPACK FLEX (Negro);Negro;�nica;1,00;La Grieta;junio-2026
22/06/2026;CAVAP15135L;CAVAPACK 35L;[CAVAP15135L] CAVAPACK 35L (Azul);Azul;35L;1,00;WEB;junio-2026
22/06/2026;CIT152CIB;CITYBAG;[CIT152CIB] CITYBAG (Verde);Verde;�nica;1,00;Sambil Valencia;junio-2026
22/06/2026;CIT70CIB;CITYBAG;[CIT70CIB] CITYBAG (Vinotinto);Vinotinto;�nica;1,00;Sambil Valencia;junio-2026
22/06/2026;EC176UN;ECO BAG;[EC176UN] ECO BAG (Ondas/Verde);Verde;�nica;1,00;La Grieta;junio-2026
22/06/2026;CIT12CIB;CITYBAG;[CIT12CIB] CITYBAG (Azul Marino);Azul Marino;�nica;1,00;La Grieta;junio-2026
22/06/2026;CIT70CIB;CITYBAG;[CIT70CIB] CITYBAG (Vinotinto);Vinotinto;�nica;1,00;La Grieta;junio-2026
22/06/2026;CIT70CIB;CITYBAG;[CIT70CIB] CITYBAG (Vinotinto);Vinotinto;�nica;1,00;Sambil Chacao ;junio-2026
22/06/2026;CIT12CIB;CITYBAG;[CIT12CIB] CITYBAG (Azul Marino);Azul Marino;�nica;1,00;La Grieta;junio-2026
22/06/2026;EC176UN;ECO BAG;[EC176UN] ECO BAG (Ondas/Verde);Verde;�nica;1,00;Tolon;junio-2026
22/06/2026;CIT70CIB;CITYBAG;[CIT70CIB] CITYBAG (Vinotinto);Vinotinto;�nica;1,00;Sambil Chacao ;junio-2026
22/06/2026;CIT70CIB;CITYBAG;[CIT70CIB] CITYBAG (Vinotinto);Vinotinto;�nica;1,00;La Vela;junio-2026
22/06/2026;EC175UN;ECO BAG;[EC175UN] ECO BAG (Daily/Negro);Negro;�nica;1,00;La Grieta;junio-2026
22/06/2026;CIT166CIB;CITYBAG;[CIT166CIB] CITYBAG (Gris);Gris;�nica;1,00;La Vela;junio-2026
22/06/2026;EC175UN;ECO BAG;[EC175UN] ECO BAG (Daily/Negro);Negro;�nica;1,00;Tolon;junio-2026
23/06/2026;CIT70CIB;CITYBAG;[CIT70CIB] CITYBAG (Vinotinto);Vinotinto;�nica;1,00;La Grieta;junio-2026
23/06/2026;CIT12CIB;CITYBAG;[CIT12CIB] CITYBAG (Azul Marino);Azul Marino;�nica;1,00;La Grieta;junio-2026
23/06/2026;CIT12CIB;CITYBAG;[CIT12CIB] CITYBAG (Azul Marino);Azul Marino;�nica;1,00;La Grieta;junio-2026
23/06/2026;CIT70CIB;CITYBAG;[CIT70CIB] CITYBAG (Vinotinto);Vinotinto;�nica;1,00;La Grieta;junio-2026
23/06/2026;CIT70CIB;CITYBAG;[CIT70CIB] CITYBAG (Vinotinto);Vinotinto;�nica;1,00;Sambil Valencia;junio-2026
23/06/2026;EC176UN;ECO BAG;[EC176UN] ECO BAG (Ondas/Verde);Verde;�nica;1,00;WEB;junio-2026
23/06/2026;EC176UN;ECO BAG;[EC176UN] ECO BAG (Ondas/Verde);Verde;�nica;1,00;La Grieta;junio-2026
23/06/2026;CIT166CIB;CITYBAG;[CIT166CIB] CITYBAG (Gris);Gris;�nica;1,00;La Vela;junio-2026
23/06/2026;EC175UN;ECO BAG;[EC175UN] ECO BAG (Daily/Negro);Negro;�nica;1,00;Cerro Verde ;junio-2026
23/06/2026;EC176UN;ECO BAG;[EC176UN] ECO BAG (Ondas/Verde);Verde;�nica;1,00;Sambil Chacao ;junio-2026
23/06/2026;EC175UN;ECO BAG;[EC175UN] ECO BAG (Daily/Negro);Negro;�nica;1,00;Sambil Chacao ;junio-2026
23/06/2026;EC173UN;ECO BAG;[EC173UN] ECO BAG (Palmeras/Azul);Azul;�nica;1,00;La Grieta;junio-2026
23/06/2026;PONC152EQ;PONCHO ADULTO;[PONC152EQ] PONCHO ADULTO (VERDE);Verde;Adulto;1,00;Cerro Verde ;junio-2026
23/06/2026;PONC151EQ;PONCHO ADULTO;[PONC151EQ] PONCHO ADULTO (AZUL);Azul;Adulto;1,00;La Vela;junio-2026
23/06/2026;CIT12CIB;CITYBAG;[CIT12CIB] CITYBAG (Azul Marino);Azul Marino;�nica;1,00;WEB;junio-2026
23/06/2026;EC173UN;ECO BAG;[EC173UN] ECO BAG (Palmeras/Azul);Azul;�nica;1,00;WEB;junio-2026
23/06/2026;EC175UN;ECO BAG;[EC175UN] ECO BAG (Daily/Negro);Negro;�nica;1,00;Cerro Verde ;junio-2026
23/06/2026;EC172UN;ECO BAG;[EC172UN] ECO BAG (Made in Venezuela/Verde);Verde;�nica;1,00;Sambil Chacao ;junio-2026
23/06/2026;EC173UN;ECO BAG;[EC173UN] ECO BAG (Palmeras/Azul);Azul;�nica;1,00;La Grieta;junio-2026
23/06/2026;PONC12EQ;PONCHO KIDS;[PONC12EQ] PONCHO KIDS (Azul Marino);Azul Marino;Kids;1,00;La Vela;junio-2026
23/06/2026;EC173UN;ECO BAG;[EC173UN] ECO BAG (Palmeras/Azul);Azul;�nica;1,00;Grandplaz ;junio-2026
23/06/2026;CIT166CIB;CITYBAG;[CIT166CIB] CITYBAG (Gris);Gris;�nica;1,00;La Vela;junio-2026
23/06/2026;EC174UN;ECO BAG;[EC174UN] ECO BAG (Ovalo/Azul);Azul;�nica;1,00;Tolon;junio-2026
23/06/2026;CIT166CIB;CITYBAG;[CIT166CIB] CITYBAG (Gris);Gris;�nica;1,00;Sambil Chacao ;junio-2026
24/06/2026;EC172UN;ECO BAG;[EC172UN] ECO BAG (Made in Venezuela/Verde);Verde;�nica;1,00;Grandplaz ;junio-2026
24/06/2026;CIT70CIB;CITYBAG;[CIT70CIB] CITYBAG (Vinotinto);Vinotinto;�nica;1,00;La Grieta;junio-2026
24/06/2026;EC176UN;ECO BAG;[EC176UN] ECO BAG (Ondas/Verde);Verde;�nica;1,00;La Grieta;junio-2026
24/06/2026;BAC43BF;BACKPACK FLEX;[BAC43BF] BACKPACK FLEX (Negro);Negro;�nica;1,00;Cerro Verde ;junio-2026
24/06/2026;CIT166CIB;CITYBAG;[CIT166CIB] CITYBAG (Gris);Gris;�nica;1,00;Sambil Valencia;junio-2026
24/06/2026;CIT12CIB;CITYBAG;[CIT12CIB] CITYBAG (Azul Marino);Azul Marino;�nica;1,00;La Grieta;junio-2026
24/06/2026;CIT70CIB;CITYBAG;[CIT70CIB] CITYBAG (Vinotinto);Vinotinto;�nica;1,00;Cerro Verde ;junio-2026
24/06/2026;PONC01EQ;PONCHO ADULTO;[PONC01EQ] PONCHO ADULTO (AGUAMARINA);Aguamarina;Adulto;1,00;La Vela;junio-2026
24/06/2026;PONC152EQ;PONCHO ADULTO;[PONC152EQ] PONCHO ADULTO (VERDE);Verde;Adulto;1,00;La Vela;junio-2026
24/06/2026;PONC12EQ;PONCHO KIDS;[PONC12EQ] PONCHO KIDS (Azul Marino);Azul Marino;Kids;2,00;La Vela;junio-2026
24/06/2026;EC175UN;ECO BAG;[EC175UN] ECO BAG (Daily/Negro);Negro;�nica;1,00;La Grieta;junio-2026
24/06/2026;BAC33BF;BACKPACK FLEX;[BAC33BF] BACKPACK FLEX (Kaki);Kaki;�nica;1,00;La Vela;junio-2026
24/06/2026;CIT152CIB;CITYBAG;[CIT152CIB] CITYBAG (Verde);Verde;�nica;1,00;Sambil Chacao ;junio-2026
24/06/2026;CIT166CIB;CITYBAG;[CIT166CIB] CITYBAG (Gris);Gris;�nica;1,00;Sambil Valencia;junio-2026
24/06/2026;CIT152CIB;CITYBAG;[CIT152CIB] CITYBAG (Verde);Verde;�nica;1,00;La Vela;junio-2026
24/06/2026;EC174UN;ECO BAG;[EC174UN] ECO BAG (Ovalo/Azul);Azul;�nica;1,00;Tolon;junio-2026
24/06/2026;CIT70CIB;CITYBAG;[CIT70CIB] CITYBAG (Vinotinto);Vinotinto;�nica;1,00;Cerro Verde ;junio-2026
24/06/2026;CIT152CIB;CITYBAG;[CIT152CIB] CITYBAG (Verde);Verde;�nica;1,00;Sambil Chacao ;junio-2026
24/06/2026;CIT166CIB;CITYBAG;[CIT166CIB] CITYBAG (Gris);Gris;�nica;1,00;Tolon;junio-2026
24/06/2026;EC175UN;ECO BAG;[EC175UN] ECO BAG (Daily/Negro);Negro;�nica;1,00;Cerro Verde ;junio-2026
24/06/2026;EC176UN;ECO BAG;[EC176UN] ECO BAG (Ondas/Verde);Verde;�nica;1,00;Tolon;junio-2026
24/06/2026;EC176UN;ECO BAG;[EC176UN] ECO BAG (Ondas/Verde);Verde;�nica;1,00;Tolon;junio-2026
24/06/2026;EC172UN;ECO BAG;[EC172UN] ECO BAG (Made in Venezuela/Verde);Verde;�nica;1,00;Sambil Chacao ;junio-2026
24/06/2026;CIT12CIB;CITYBAG;[CIT12CIB] CITYBAG (Azul Marino);Azul Marino;�nica;1,00;Sambil Chacao ;junio-2026
24/06/2026;CIT70CIB;CITYBAG;[CIT70CIB] CITYBAG (Vinotinto);Vinotinto;�nica;1,00;Cerro Verde ;junio-2026
24/06/2026;EC173UN;ECO BAG;[EC173UN] ECO BAG (Palmeras/Azul);Azul;�nica;1,00;Sambil Chacao ;junio-2026
24/06/2026;CIT70CIB;CITYBAG;[CIT70CIB] CITYBAG (Vinotinto);Vinotinto;�nica;2,00;La Grieta;junio-2026
24/06/2026;EC172UN;ECO BAG;[EC172UN] ECO BAG (Made in Venezuela/Verde);Verde;�nica;1,00;Tolon;junio-2026
24/06/2026;EC173UN;ECO BAG;[EC173UN] ECO BAG (Palmeras/Azul);Azul;�nica;1,00;Sambil Chacao ;junio-2026
24/06/2026;EC175UN;ECO BAG;[EC175UN] ECO BAG (Daily/Negro);Negro;�nica;1,00;Tolon;junio-2026
24/06/2026;CIT166CIB;CITYBAG;[CIT166CIB] CITYBAG (Gris);Gris;�nica;1,00;Cerro Verde ;junio-2026
24/06/2026;CIT70CIB;CITYBAG;[CIT70CIB] CITYBAG (Vinotinto);Vinotinto;�nica;1,00;La Vela;junio-2026
24/06/2026;CIT70CIB;CITYBAG;[CIT70CIB] CITYBAG (Vinotinto);Vinotinto;�nica;1,00;La Vela;junio-2026
25/06/2026;CIT166CIB;CITYBAG;[CIT166CIB] CITYBAG (Gris);Gris;�nica;1,00;WEB;junio-2026
25/06/2026;CIT70CIB;CITYBAG;[CIT70CIB] CITYBAG (Vinotinto);Vinotinto;�nica;1,00;La Grieta;junio-2026
25/06/2026;CIT70CIB;CITYBAG;[CIT70CIB] CITYBAG (Vinotinto);Vinotinto;�nica;1,00;La Vela;junio-2026
25/06/2026;CAVAP15135L;CAVAPACK 35L;[CAVAP15135L] CAVAPACK 35L (Azul);Azul;35L;1,00;La Vela;junio-2026
25/06/2026;BAC43BF;BACKPACK FLEX;[BAC43BF] BACKPACK FLEX (Negro);Negro;�nica;1,00;La Grieta;junio-2026
26/06/2026;CIT70CIB;CITYBAG;[CIT70CIB] CITYBAG (Vinotinto);Vinotinto;�nica;1,00;La Grieta;junio-2026
26/06/2026;BAC43BF;BACKPACK FLEX;[BAC43BF] BACKPACK FLEX (Negro);Negro;�nica;1,00;WEB;junio-2026
26/06/2026;PONC151EQ;PONCHO ADULTO;[PONC151EQ] PONCHO ADULTO (AZUL);Azul;Adulto;1,00;La Grieta;junio-2026
26/06/2026;PONC01EQ;PONCHO ADULTO;[PONC01EQ] PONCHO ADULTO (AGUAMARINA);Aguamarina;Adulto;1,00;La Grieta;junio-2026
26/06/2026;EC173UN;ECO BAG;[EC173UN] ECO BAG (Palmeras/Azul);Azul;�nica;1,00;La Grieta;junio-2026
26/06/2026;EC176UN;ECO BAG;[EC176UN] ECO BAG (Ondas/Verde);Verde;�nica;1,00;La Grieta;junio-2026
27/06/2026;PONKI35EQ;PONCHO KIDS;[PONKI35EQ] PONCHO KIDS (Magenta);Magenta;Kids;2,00;La Vela;junio-2026
27/06/2026;PONC12EQ;PONCHO KIDS;[PONC12EQ] PONCHO KIDS (Azul Marino);Azul Marino;Kids;1,00;La Vela;junio-2026
27/06/2026;PONKI35EQ;PONCHO KIDS;[PONKI35EQ] PONCHO KIDS (Magenta);Magenta;Kids;1,00;Sambil Valencia;junio-2026
27/06/2026;CIT70CIB;CITYBAG;[CIT70CIB] CITYBAG (Vinotinto);Vinotinto;�nica;1,00;La Vela;junio-2026
28/06/2026;CAVAP4335L;CAVAPACK 35L;[CAVAP4335L] CAVAPACK 35L (Negro);Negro;35L;1,00;Cerro Verde ;junio-2026
28/06/2026;CIT70CIB;CITYBAG;[CIT70CIB] CITYBAG (Vinotinto);Vinotinto;�nica;1,00;Cerro Verde ;junio-2026
29/06/2026;EC172UN;ECO BAG;[EC172UN] ECO BAG (Made in Venezuela/Verde);Verde;�nica;1,00;Sambil Valencia;junio-2026
29/06/2026;CIT12CIB;CITYBAG;[CIT12CIB] CITYBAG (Azul Marino);Azul Marino;�nica;1,00;La Grieta;junio-2026
29/06/2026;CIT70CIB;CITYBAG;[CIT70CIB] CITYBAG (Vinotinto);Vinotinto;�nica;1,00;La Grieta;junio-2026
29/06/2026;EC175UN;ECO BAG;[EC175UN] ECO BAG (Daily/Negro);Negro;�nica;1,00;La Grieta;junio-2026
29/06/2026;CIT166CIB;CITYBAG;[CIT166CIB] CITYBAG (Gris);Gris;�nica;1,00;La Grieta;junio-2026
30/06/2026;CIT70CIB;CITYBAG;[CIT70CIB] CITYBAG (Vinotinto);Vinotinto;�nica;-1,00;La Grieta;junio-2026
30/06/2026;CIT12CIB;CITYBAG;[CIT12CIB] CITYBAG (Azul Marino);Azul Marino;�nica;1,00;La Grieta;junio-2026
30/06/2026;PONKI63EQ;PONCHO KIDS;[PONKI63EQ] PONCHO KIDS (Verde Agua);Verde Agua;Kids;1,00;Cerro Verde ;junio-2026
30/06/2026;BAC43BF;BACKPACK FLEX;[BAC43BF] BACKPACK FLEX (Negro);Negro;�nica;1,00;Cerro Verde ;junio-2026
30/06/2026;BAC43BF;BACKPACK FLEX;[BAC43BF] BACKPACK FLEX (Negro);Negro;�nica;1,00;Sambil Valencia;junio-2026
01/07/2026;EC174UN;ECO BAG;[EC174UN] ECO BAG (Ovalo/Azul);Azul;�nica;1,00;La Grieta;julio-2026
01/07/2026;CAVAP4335L;CAVAPACK 35L;[CAVAP4335L] CAVAPACK 35L (Negro);Negro;35L;1,00;La Grieta;julio-2026
01/07/2026;CIT12CIB;CITYBAG;[CIT12CIB] CITYBAG (Azul Marino);Azul Marino;�nica;1,00;La Grieta;julio-2026
01/07/2026;BAC33BF;BACKPACK FLEX;[BAC33BF] BACKPACK FLEX (Kaki);Kaki;�nica;1,00;La Grieta;julio-2026
01/07/2026;EC173UN;ECO BAG;[EC173UN] ECO BAG (Palmeras/Azul);Azul;�nica;1,00;La Grieta;julio-2026
01/07/2026;EC173UN;ECO BAG;[EC173UN] ECO BAG (Palmeras/Azul);Azul;�nica;1,00;La Grieta;julio-2026
01/07/2026;CAVAP15135L;CAVAPACK 35L;[CAVAP15135L] CAVAPACK 35L (Azul);Azul;35L;5,00;La Grieta;julio-2026
01/07/2026;CAVAP4335L;CAVAPACK 35L;[CAVAP4335L] CAVAPACK 35L (Negro);Negro;35L;5,00;La Grieta;julio-2026
01/07/2026;PONC01EQ;PONCHO ADULTO;[PONC01EQ] PONCHO ADULTO (AGUAMARINA);Aguamarina;Adulto;1,00;La Vela;julio-2026
01/07/2026;EC175UN;ECO BAG;[EC175UN] ECO BAG (Daily/Negro);Negro;�nica;1,00;La Grieta;julio-2026
01/07/2026;PONC151EQ;PONCHO ADULTO;[PONC151EQ] PONCHO ADULTO (AZUL);Azul;Adulto;1,00;La Vela;julio-2026
01/07/2026;CIT166CIB;CITYBAG;[CIT166CIB] CITYBAG (Gris);Gris;�nica;1,00;Sambil Valencia;julio-2026
01/07/2026;CIT70CIB;CITYBAG;[CIT70CIB] CITYBAG (Vinotinto);Vinotinto;�nica;1,00;Sambil Valencia;julio-2026
01/07/2026;CIT152CIB;CITYBAG;[CIT152CIB] CITYBAG (Verde);Verde;�nica;1,00;Sambil Chacao ;julio-2026
01/07/2026;PONC151EQ;PONCHO ADULTO;[PONC151EQ] PONCHO ADULTO (AZUL);Azul;Adulto;1,00;Cerro Verde ;julio-2026
01/07/2026;EC172UN;ECO BAG;[EC172UN] ECO BAG (Made in Venezuela/Verde);Verde;�nica;1,00;La Grieta;julio-2026
01/07/2026;EC172UN;ECO BAG;[EC172UN] ECO BAG (Made in Venezuela/Verde);Verde;�nica;-1,00;La Grieta;julio-2026
01/07/2026;EC172UN;ECO BAG;[EC172UN] ECO BAG (Made in Venezuela/Verde);Verde;�nica;1,00;La Grieta;julio-2026
01/07/2026;PONC151EQ;PONCHO ADULTO;[PONC151EQ] PONCHO ADULTO (AZUL);Azul;Adulto;-1,00;La Vela;julio-2026
01/07/2026;PONC151EQ;PONCHO ADULTO;[PONC151EQ] PONCHO ADULTO (AZUL);Azul;Adulto;1,00;La Vela;julio-2026
02/07/2026;CAVAP4335L;CAVAPACK 35L;[CAVAP4335L] CAVAPACK 35L (Negro);Negro;35L;3,00;La Grieta;julio-2026
02/07/2026;CAVAP15135L;CAVAPACK 35L;[CAVAP15135L] CAVAPACK 35L (Azul);Azul;35L;4,00;La Grieta;julio-2026
02/07/2026;EC172UN;ECO BAG;[EC172UN] ECO BAG (Made in Venezuela/Verde);Verde;�nica;1,00;La Grieta;julio-2026
02/07/2026;EC173UN;ECO BAG;[EC173UN] ECO BAG (Palmeras/Azul);Azul;�nica;1,00;La Grieta;julio-2026
02/07/2026;CAVAP15135L;CAVAPACK 35L;[CAVAP15135L] CAVAPACK 35L (Azul);Azul;35L;4,00;La Grieta;julio-2026
02/07/2026;CAVAP4335L;CAVAPACK 35L;[CAVAP4335L] CAVAPACK 35L (Negro);Negro;35L;3,00;La Grieta;julio-2026
02/07/2026;BAC33BF;BACKPACK FLEX;[BAC33BF] BACKPACK FLEX (Kaki);Kaki;�nica;1,00;Sambil Valencia;julio-2026
02/07/2026;EC175UN;ECO BAG;[EC175UN] ECO BAG (Daily/Negro);Negro;�nica;1,00;La Grieta;julio-2026
02/07/2026;CIT12CIB;CITYBAG;[CIT12CIB] CITYBAG (Azul Marino);Azul Marino;�nica;1,00;Cerro Verde ;julio-2026
02/07/2026;BAC43BF;BACKPACK FLEX;[BAC43BF] BACKPACK FLEX (Negro);Negro;�nica;1,00;La Vela;julio-2026
02/07/2026;BAC33BF;BACKPACK FLEX;[BAC33BF] BACKPACK FLEX (Kaki);Kaki;�nica;1,00;Sambil Valencia;julio-2026
03/07/2026;CIT166CIB;CITYBAG;[CIT166CIB] CITYBAG (Gris);Gris;�nica;1,00;La Grieta;julio-2026
03/07/2026;BAC43BF;BACKPACK FLEX;[BAC43BF] BACKPACK FLEX (Negro);Negro;�nica;1,00;Cerro Verde ;julio-2026
03/07/2026;BAC43BF;BACKPACK FLEX;[BAC43BF] BACKPACK FLEX (Negro);Negro;�nica;1,00;La Grieta;julio-2026
03/07/2026;PONC152EQ;PONCHO ADULTO;[PONC152EQ] PONCHO ADULTO (VERDE);Verde;Adulto;1,00;La Vela;julio-2026
03/07/2026;BAC43BF;BACKPACK FLEX;[BAC43BF] BACKPACK FLEX (Negro);Negro;�nica;1,00;WEB;julio-2026
03/07/2026;CAVAP4335L;CAVAPACK 35L;[CAVAP4335L] CAVAPACK 35L (Negro);Negro;35L;5,00;Pedidos;julio-2026
03/07/2026;BAC43BF;BACKPACK FLEX;[BAC43BF] BACKPACK FLEX (Negro);Negro;�nica;1,00;La Vela;julio-2026
03/07/2026;CIT70CIB;CITYBAG;[CIT70CIB] CITYBAG (Vinotinto);Vinotinto;�nica;1,00;WEB;julio-2026
04/07/2026;CAVAP15135L;CAVAPACK 35L;[CAVAP15135L] CAVAPACK 35L (Azul);Azul;35L;1,00;La Grieta;julio-2026
04/07/2026;CAVAP15135L;CAVAPACK 35L;[CAVAP15135L] CAVAPACK 35L (Azul);Azul;35L;1,00;La Grieta;julio-2026
04/07/2026;CIT166CIB;CITYBAG;[CIT166CIB] CITYBAG (Gris);Gris;�nica;1,00;Sambil Chacao ;julio-2026
04/07/2026;EC175UN;ECO BAG;[EC175UN] ECO BAG (Daily/Negro);Negro;�nica;1,00;Tolon;julio-2026
04/07/2026;EC176UN;ECO BAG;[EC176UN] ECO BAG (Ondas/Verde);Verde;�nica;1,00;Tolon;julio-2026
04/07/2026;CIT70CIB;CITYBAG;[CIT70CIB] CITYBAG (Vinotinto);Vinotinto;�nica;1,00;La Grieta;julio-2026
04/07/2026;CIT70CIB;CITYBAG;[CIT70CIB] CITYBAG (Vinotinto);Vinotinto;�nica;1,00;Sambil Chacao ;julio-2026
04/07/2026;EC175UN;ECO BAG;[EC175UN] ECO BAG (Daily/Negro);Negro;�nica;1,00;Tolon;julio-2026
04/07/2026;CAVAP15135L;CAVAPACK 35L;[CAVAP15135L] CAVAPACK 35L (Azul);Azul;35L;1,00;Sambil Valencia;julio-2026
04/07/2026;PONC01EQ;PONCHO ADULTO;[PONC01EQ] PONCHO ADULTO (AGUAMARINA);Aguamarina;Adulto;1,00;La Vela;julio-2026
04/07/2026;PONC01EQ;PONCHO ADULTO;[PONC01EQ] PONCHO ADULTO (AGUAMARINA);Aguamarina;Adulto;-1,00;La Vela;julio-2026
04/07/2026;PONC01EQ;PONCHO ADULTO;[PONC01EQ] PONCHO ADULTO (AGUAMARINA);Aguamarina;Adulto;1,00;La Vela;julio-2026
05/07/2026;BAC43BF;BACKPACK FLEX;[BAC43BF] BACKPACK FLEX (Negro);Negro;�nica;1,00;Cerro Verde ;julio-2026
05/07/2026;PONC12EQ;PONCHO KIDS;[PONC12EQ] PONCHO KIDS (Azul Marino);Azul Marino;Kids;1,00;Sambil Valencia;julio-2026
05/07/2026;PONC12EQ;PONCHO KIDS;[PONC12EQ] PONCHO KIDS (Azul Marino);Azul Marino;Kids;1,00;Sambil Valencia;julio-2026
05/07/2026;EC176UN;ECO BAG;[EC176UN] ECO BAG (Ondas/Verde);Verde;�nica;1,00;Cerro Verde ;julio-2026
05/07/2026;CIT166CIB;CITYBAG;[CIT166CIB] CITYBAG (Gris);Gris;�nica;1,00;La Grieta;julio-2026
05/07/2026;EC173UN;ECO BAG;[EC173UN] ECO BAG (Palmeras/Azul);Azul;�nica;1,00;Sambil Chacao ;julio-2026
05/07/2026;PONC151EQ;PONCHO ADULTO;[PONC151EQ] PONCHO ADULTO (AZUL);Azul;Adulto;1,00;Tolon;julio-2026
05/07/2026;BAC43BF;BACKPACK FLEX;[BAC43BF] BACKPACK FLEX (Negro);Negro;�nica;1,00;Sambil Chacao ;julio-2026
05/07/2026;CIT152CIB;CITYBAG;[CIT152CIB] CITYBAG (Verde);Verde;�nica;1,00;Sambil Valencia;julio-2026
05/07/2026;PONC151EQ;PONCHO ADULTO;[PONC151EQ] PONCHO ADULTO (AZUL);Azul;Adulto;1,00;La Vela;julio-2026
05/07/2026;PONC01EQ;PONCHO ADULTO;[PONC01EQ] PONCHO ADULTO (AGUAMARINA);Aguamarina;Adulto;1,00;La Vela;julio-2026
05/07/2026;EC175UN;ECO BAG;[EC175UN] ECO BAG (Daily/Negro);Negro;�nica;1,00;Tolon;julio-2026
05/07/2026;CIT166CIB;CITYBAG;[CIT166CIB] CITYBAG (Gris);Gris;�nica;1,00;La Vela;julio-2026
06/07/2026;CIT12CIB;CITYBAG;[CIT12CIB] CITYBAG (Azul Marino);Azul Marino;�nica;1,00;Sambil Chacao ;julio-2026
06/07/2026;CIT166CIB;CITYBAG;[CIT166CIB] CITYBAG (Gris);Gris;�nica;1,00;La Grieta;julio-2026
06/07/2026;PONKI30EQ;PONCHO KIDS;[PONKI30EQ] PONCHO KIDS (Gris Claro);Gris Claro;Kids;1,00;WEB;julio-2026
06/07/2026;CIT166CIB;CITYBAG;[CIT166CIB] CITYBAG (Gris);Gris;�nica;1,00;La Grieta;julio-2026
06/07/2026;EC173UN;ECO BAG;[EC173UN] ECO BAG (Palmeras/Azul);Azul;�nica;1,00;La Grieta;julio-2026
06/07/2026;CIT166CIB;CITYBAG;[CIT166CIB] CITYBAG (Gris);Gris;�nica;1,00;Sambil Valencia;julio-2026
06/07/2026;EC172UN;ECO BAG;[EC172UN] ECO BAG (Made in Venezuela/Verde);Verde;�nica;1,00;La Grieta;julio-2026
06/07/2026;CIT70CIB;CITYBAG;[CIT70CIB] CITYBAG (Vinotinto);Vinotinto;�nica;1,00;La Vela;julio-2026
06/07/2026;CIT70CIB;CITYBAG;[CIT70CIB] CITYBAG (Vinotinto);Vinotinto;�nica;-1,00;La Vela;julio-2026
06/07/2026;CIT70CIB;CITYBAG;[CIT70CIB] CITYBAG (Vinotinto);Vinotinto;�nica;1,00;La Vela;julio-2026
07/07/2026;EC173UN;ECO BAG;[EC173UN] ECO BAG (Palmeras/Azul);Azul;�nica;1,00;Sambil Valencia;julio-2026
07/07/2026;CIT12CIB;CITYBAG;[CIT12CIB] CITYBAG (Azul Marino);Azul Marino;�nica;1,00;La Grieta;julio-2026
07/07/2026;BAC43BF;BACKPACK FLEX;[BAC43BF] BACKPACK FLEX (Negro);Negro;�nica;1,00;Cerro Verde ;julio-2026
07/07/2026;EC173UN;ECO BAG;[EC173UN] ECO BAG (Palmeras/Azul);Azul;�nica;1,00;La Grieta;julio-2026
07/07/2026;PONKI30EQ;PONCHO KIDS;[PONKI30EQ] PONCHO KIDS (Gris Claro);Gris Claro;Kids;1,00;WEB;julio-2026
07/07/2026;EC173UN;ECO BAG;[EC173UN] ECO BAG (Palmeras/Azul);Azul;�nica;1,00;La Grieta;julio-2026
07/07/2026;EC172UN;ECO BAG;[EC172UN] ECO BAG (Made in Venezuela/Verde);Verde;�nica;1,00;La Grieta;julio-2026
07/07/2026;CIT12CIB;CITYBAG;[CIT12CIB] CITYBAG (Azul Marino);Azul Marino;�nica;1,00;Sambil Chacao ;julio-2026
07/07/2026;BAC33BF;BACKPACK FLEX;[BAC33BF] BACKPACK FLEX (Kaki);Kaki;�nica;1,00;Cerro Verde ;julio-2026
07/07/2026;CIT12CIB;CITYBAG;[CIT12CIB] CITYBAG (Azul Marino);Azul Marino;�nica;1,00;Cerro Verde ;julio-2026
07/07/2026;PONC151EQ;PONCHO ADULTO;[PONC151EQ] PONCHO ADULTO (AZUL);Azul;Adulto;1,00;La Vela;julio-2026
08/07/2026;CAVAP4335L;CAVAPACK 35L;[CAVAP4335L] CAVAPACK 35L (Negro);Negro;35L;5,00;Pedidos;julio-2026
08/07/2026;CIT166CIB;CITYBAG;[CIT166CIB] CITYBAG (Gris);Gris;�nica;1,00;La Grieta;julio-2026
08/07/2026;CAVAP4335L;CAVAPACK 35L;[CAVAP4335L] CAVAPACK 35L (Negro);Negro;35L;1,00;La Grieta;julio-2026
08/07/2026;CIT70CIB;CITYBAG;[CIT70CIB] CITYBAG (Vinotinto);Vinotinto;�nica;1,00;Sambil Valencia;julio-2026
08/07/2026;PONKI35EQ;PONCHO KIDS;[PONKI35EQ] PONCHO KIDS (Magenta);Magenta;Kids;1,00;Tolon;julio-2026
08/07/2026;CIT166CIB;CITYBAG;[CIT166CIB] CITYBAG (Gris);Gris;�nica;1,00;WEB;julio-2026
08/07/2026;CIT12CIB;CITYBAG;[CIT12CIB] CITYBAG (Azul Marino);Azul Marino;�nica;1,00;Cerro Verde ;julio-2026
08/07/2026;BAC43BF;BACKPACK FLEX;[BAC43BF] BACKPACK FLEX (Negro);Negro;�nica;1,00;La Grieta;julio-2026
08/07/2026;BAC43BF;BACKPACK FLEX;[BAC43BF] BACKPACK FLEX (Negro);Negro;�nica;1,00;WEB;julio-2026
08/07/2026;BAC33BF;BACKPACK FLEX;[BAC33BF] BACKPACK FLEX (Kaki);Kaki;�nica;1,00;La Grieta;julio-2026
08/07/2026;EC173UN;ECO BAG;[EC173UN] ECO BAG (Palmeras/Azul);Azul;�nica;1,00;Cerro Verde ;julio-2026
08/07/2026;CIT166CIB;CITYBAG;[CIT166CIB] CITYBAG (Gris);Gris;�nica;1,00;Tolon;julio-2026
08/07/2026;PONKI09EQ;PONCHO KIDS;[PONKI09EQ] PONCHO KIDS (Azul Cielo);Azul Cielo;Kids;1,00;Sambil Valencia;julio-2026
08/07/2026;CIT70CIB;CITYBAG;[CIT70CIB] CITYBAG (Vinotinto);Vinotinto;�nica;1,00;Sambil Valencia;julio-2026
09/07/2026;CIT152CIB;CITYBAG;[CIT152CIB] CITYBAG (Verde);Verde;�nica;1,00;La Grieta;julio-2026
09/07/2026;PONC152EQ;PONCHO ADULTO;[PONC152EQ] PONCHO ADULTO (VERDE);Verde;Adulto;1,00;La Grieta;julio-2026
09/07/2026;PONC01EQ;PONCHO ADULTO;[PONC01EQ] PONCHO ADULTO (AGUAMARINA);Aguamarina;Adulto;1,00;La Grieta;julio-2026
09/07/2026;CIT166CIB;CITYBAG;[CIT166CIB] CITYBAG (Gris);Gris;�nica;1,00;La Grieta;julio-2026
09/07/2026;CIT12CIB;CITYBAG;[CIT12CIB] CITYBAG (Azul Marino);Azul Marino;�nica;1,00;La Grieta;julio-2026
09/07/2026;PONC01EQ;PONCHO ADULTO;[PONC01EQ] PONCHO ADULTO (AGUAMARINA);Aguamarina;Adulto;1,00;La Grieta;julio-2026
09/07/2026;PONC152EQ;PONCHO ADULTO;[PONC152EQ] PONCHO ADULTO (VERDE);Verde;Adulto;1,00;La Grieta;julio-2026
09/07/2026;CIT152CIB;CITYBAG;[CIT152CIB] CITYBAG (Verde);Verde;�nica;1,00;La Grieta;julio-2026
09/07/2026;EC176UN;ECO BAG;[EC176UN] ECO BAG (Ondas/Verde);Verde;�nica;1,00;La Grieta;julio-2026
09/07/2026;EC175UN;ECO BAG;[EC175UN] ECO BAG (Daily/Negro);Negro;�nica;1,00;Grandplaz ;julio-2026
09/07/2026;EC172UN;ECO BAG;[EC172UN] ECO BAG (Made in Venezuela/Verde);Verde;�nica;1,00;Grandplaz ;julio-2026
09/07/2026;CIT70CIB;CITYBAG;[CIT70CIB] CITYBAG (Vinotinto);Vinotinto;�nica;1,00;Sambil Valencia;julio-2026
09/07/2026;CIT70CIB;CITYBAG;[CIT70CIB] CITYBAG (Vinotinto);Vinotinto;�nica;1,00;Grandplaz ;julio-2026
09/07/2026;CIT12CIB;CITYBAG;[CIT12CIB] CITYBAG (Azul Marino);Azul Marino;�nica;1,00;WEB;julio-2026
09/07/2026;EC174UN;ECO BAG;[EC174UN] ECO BAG (Ovalo/Azul);Azul;�nica;1,00;La Grieta;julio-2026
09/07/2026;BAC33BF;BACKPACK FLEX;[BAC33BF] BACKPACK FLEX (Kaki);Kaki;�nica;1,00;Cerro Verde ;julio-2026
10/07/2026;EC175UN;ECO BAG;[EC175UN] ECO BAG (Daily/Negro);Negro;�nica;1,00;La Grieta;julio-2026
10/07/2026;PONKI35EQ;PONCHO KIDS;[PONKI35EQ] PONCHO KIDS (Magenta);Magenta;Kids;1,00;La Grieta;julio-2026
10/07/2026;PONKI09EQ;PONCHO KIDS;[PONKI09EQ] PONCHO KIDS (Azul Cielo);Azul Cielo;Kids;1,00;La Grieta;julio-2026
10/07/2026;CIT12CIB;CITYBAG;[CIT12CIB] CITYBAG (Azul Marino);Azul Marino;�nica;2,00;La Grieta;julio-2026
10/07/2026;CIT12CIB;CITYBAG;[CIT12CIB] CITYBAG (Azul Marino);Azul Marino;�nica;1,00;Grandplaz ;julio-2026
10/07/2026;BAC33BF;BACKPACK FLEX;[BAC33BF] BACKPACK FLEX (Kaki);Kaki;�nica;1,00;WEB;julio-2026
10/07/2026;PONC151EQ;PONCHO ADULTO;[PONC151EQ] PONCHO ADULTO (AZUL);Azul;Adulto;1,00;La Grieta;julio-2026
10/07/2026;CIT70CIB;CITYBAG;[CIT70CIB] CITYBAG (Vinotinto);Vinotinto;�nica;1,00;Sambil Valencia;julio-2026
10/07/2026;EC176UN;ECO BAG;[EC176UN] ECO BAG (Ondas/Verde);Verde;�nica;1,00;Tolon;julio-2026
10/07/2026;CIT12CIB;CITYBAG;[CIT12CIB] CITYBAG (Azul Marino);Azul Marino;�nica;2,00;La Grieta;julio-2026
10/07/2026;EC175UN;ECO BAG;[EC175UN] ECO BAG (Daily/Negro);Negro;�nica;1,00;Cerro Verde ;julio-2026
10/07/2026;CIT12CIB;CITYBAG;[CIT12CIB] CITYBAG (Azul Marino);Azul Marino;�nica;1,00;Sambil Valencia;julio-2026
10/07/2026;EC173UN;ECO BAG;[EC173UN] ECO BAG (Palmeras/Azul);Azul;�nica;1,00;Sambil Chacao ;julio-2026
10/07/2026;CIT166CIB;CITYBAG;[CIT166CIB] CITYBAG (Gris);Gris;�nica;1,00;Sambil Chacao ;julio-2026
10/07/2026;EC176UN;ECO BAG;[EC176UN] ECO BAG (Ondas/Verde);Verde;�nica;1,00;Sambil Valencia;julio-2026
10/07/2026;EC176UN;ECO BAG;[EC176UN] ECO BAG (Ondas/Verde);Verde;�nica;-1,00;Sambil Valencia;julio-2026
10/07/2026;EC176UN;ECO BAG;[EC176UN] ECO BAG (Ondas/Verde);Verde;�nica;1,00;Sambil Valencia;julio-2026
10/07/2026;CIT70CIB;CITYBAG;[CIT70CIB] CITYBAG (Vinotinto);Vinotinto;�nica;1,00;Sambil Chacao ;julio-2026
10/07/2026;CIT152CIB;CITYBAG;[CIT152CIB] CITYBAG (Verde);Verde;�nica;1,00;Grandplaz ;julio-2026
10/07/2026;EC176UN;ECO BAG;[EC176UN] ECO BAG (Ondas/Verde);Verde;�nica;1,00;Sambil Chacao ;julio-2026
10/07/2026;EC174UN;ECO BAG;[EC174UN] ECO BAG (Ovalo/Azul);Azul;�nica;1,00;Cerro Verde ;julio-2026
10/07/2026;CIT70CIB;CITYBAG;[CIT70CIB] CITYBAG (Vinotinto);Vinotinto;�nica;1,00;La Vela;julio-2026
10/07/2026;EC173UN;ECO BAG;[EC173UN] ECO BAG (Palmeras/Azul);Azul;�nica;1,00;La Grieta;julio-2026
10/07/2026;EC175UN;ECO BAG;[EC175UN] ECO BAG (Daily/Negro);Negro;�nica;1,00;Cerro Verde ;julio-2026
10/07/2026;BAC33BF;BACKPACK FLEX;[BAC33BF] BACKPACK FLEX (Kaki);Kaki;�nica;1,00;La Vela;julio-2026
11/07/2026;PONKI63EQ;PONCHO KIDS;[PONKI63EQ] PONCHO KIDS (Verde Agua);Verde Agua;Kids;1,00;Cerro Verde ;julio-2026
11/07/2026;CIT152CIB;CITYBAG;[CIT152CIB] CITYBAG (Verde);Verde;�nica;1,00;Grandplaz ;julio-2026
11/07/2026;PONKI35EQ;PONCHO KIDS;[PONKI35EQ] PONCHO KIDS (Magenta);Magenta;Kids;1,00;La Grieta;julio-2026
11/07/2026;CIT12CIB;CITYBAG;[CIT12CIB] CITYBAG (Azul Marino);Azul Marino;�nica;-1,00;Grandplaz ;julio-2026
11/07/2026;CIT166CIB;CITYBAG;[CIT166CIB] CITYBAG (Gris);Gris;�nica;1,00;Grandplaz ;julio-2026
11/07/2026;CIT152CIB;CITYBAG;[CIT152CIB] CITYBAG (Verde);Verde;�nica;1,00;Sambil Chacao ;julio-2026
11/07/2026;BAC33BF;BACKPACK FLEX;[BAC33BF] BACKPACK FLEX (Kaki);Kaki;�nica;1,00;Sambil Chacao ;julio-2026
11/07/2026;BAC33BF;BACKPACK FLEX;[BAC33BF] BACKPACK FLEX (Kaki);Kaki;�nica;1,00;Cerro Verde ;julio-2026
11/07/2026;EC175UN;ECO BAG;[EC175UN] ECO BAG (Daily/Negro);Negro;�nica;1,00;Tolon;julio-2026
11/07/2026;CAVAP15135L;CAVAPACK 35L;[CAVAP15135L] CAVAPACK 35L (Azul);Azul;35L;1,00;Cerro Verde ;julio-2026
11/07/2026;EC176UN;ECO BAG;[EC176UN] ECO BAG (Ondas/Verde);Verde;�nica;1,00;Sambil Chacao ;julio-2026
11/07/2026;PONKI63EQ;PONCHO KIDS;[PONKI63EQ] PONCHO KIDS (Verde Agua);Verde Agua;Kids;2,00;Sambil Chacao ;julio-2026
11/07/2026;CIT166CIB;CITYBAG;[CIT166CIB] CITYBAG (Gris);Gris;�nica;1,00;Grandplaz ;julio-2026
11/07/2026;EC172UN;ECO BAG;[EC172UN] ECO BAG (Made in Venezuela/Verde);Verde;�nica;1,00;Sambil Valencia;julio-2026
11/07/2026;CIT166CIB;CITYBAG;[CIT166CIB] CITYBAG (Gris);Gris;�nica;1,00;Sambil Chacao ;julio-2026
11/07/2026;EC176UN;ECO BAG;[EC176UN] ECO BAG (Ondas/Verde);Verde;�nica;1,00;Sambil Chacao ;julio-2026
11/07/2026;CIT70CIB;CITYBAG;[CIT70CIB] CITYBAG (Vinotinto);Vinotinto;�nica;1,00;Cerro Verde ;julio-2026
11/07/2026;EC176UN;ECO BAG;[EC176UN] ECO BAG (Ondas/Verde);Verde;�nica;1,00;Sambil Chacao ;julio-2026
11/07/2026;EC175UN;ECO BAG;[EC175UN] ECO BAG (Daily/Negro);Negro;�nica;1,00;La Grieta;julio-2026
11/07/2026;PONKI35EQ;PONCHO KIDS;[PONKI35EQ] PONCHO KIDS (Magenta);Magenta;Kids;1,00;La Grieta;julio-2026
11/07/2026;EC175UN;ECO BAG;[EC175UN] ECO BAG (Daily/Negro);Negro;�nica;1,00;La Grieta;julio-2026
11/07/2026;CIT70CIB;CITYBAG;[CIT70CIB] CITYBAG (Vinotinto);Vinotinto;�nica;1,00;Sambil Valencia;julio-2026
11/07/2026;CIT166CIB;CITYBAG;[CIT166CIB] CITYBAG (Gris);Gris;�nica;1,00;Cerro Verde ;julio-2026
11/07/2026;CIT70CIB;CITYBAG;[CIT70CIB] CITYBAG (Vinotinto);Vinotinto;�nica;1,00;Sambil Valencia;julio-2026
12/07/2026;CIT70CIB;CITYBAG;[CIT70CIB] CITYBAG (Vinotinto);Vinotinto;�nica;1,00;Cerro Verde ;julio-2026
12/07/2026;EC174UN;ECO BAG;[EC174UN] ECO BAG (Ovalo/Azul);Azul;�nica;1,00;Sambil Chacao ;julio-2026
12/07/2026;EC174UN;ECO BAG;[EC174UN] ECO BAG (Ovalo/Azul);Azul;�nica;1,00;Tolon;julio-2026
12/07/2026;EC176UN;ECO BAG;[EC176UN] ECO BAG (Ondas/Verde);Verde;�nica;1,00;Tolon;julio-2026
12/07/2026;PONC01EQ;PONCHO ADULTO;[PONC01EQ] PONCHO ADULTO (AGUAMARINA);Aguamarina;Adulto;1,00;Cerro Verde ;julio-2026
12/07/2026;CIT70CIB;CITYBAG;[CIT70CIB] CITYBAG (Vinotinto);Vinotinto;�nica;1,00;Sambil Valencia;julio-2026
12/07/2026;EC174UN;ECO BAG;[EC174UN] ECO BAG (Ovalo/Azul);Azul;�nica;1,00;Tolon;julio-2026
12/07/2026;EC172UN;ECO BAG;[EC172UN] ECO BAG (Made in Venezuela/Verde);Verde;�nica;1,00;Sambil Chacao ;julio-2026
12/07/2026;CIT166CIB;CITYBAG;[CIT166CIB] CITYBAG (Gris);Gris;�nica;1,00;Cerro Verde ;julio-2026
12/07/2026;EC175UN;ECO BAG;[EC175UN] ECO BAG (Daily/Negro);Negro;�nica;1,00;Sambil Chacao ;julio-2026
12/07/2026;CAVAP15135L;CAVAPACK 35L;[CAVAP15135L] CAVAPACK 35L (Azul);Azul;35L;1,00;Cerro Verde ;julio-2026
12/07/2026;CIT70CIB;CITYBAG;[CIT70CIB] CITYBAG (Vinotinto);Vinotinto;�nica;1,00;La Vela;julio-2026
12/07/2026;CIT70CIB;CITYBAG;[CIT70CIB] CITYBAG (Vinotinto);Vinotinto;�nica;1,00;Sambil Chacao ;julio-2026
12/07/2026;CAVAP15135L;CAVAPACK 35L;[CAVAP15135L] CAVAPACK 35L (Azul);Azul;35L;-1,00;Cerro Verde ;julio-2026
12/07/2026;CAVAP15135L;CAVAPACK 35L;[CAVAP15135L] CAVAPACK 35L (Azul);Azul;35L;1,00;Cerro Verde ;julio-2026
13/07/2026;EC176UN;ECO BAG;[EC176UN] ECO BAG (Ondas/Verde);Verde;�nica;1,00;La Grieta;julio-2026
13/07/2026;BAC43BF;BACKPACK FLEX;[BAC43BF] BACKPACK FLEX (Negro);Negro;�nica;1,00;La Grieta;julio-2026
