Año;Mes;Producto;Variante del producto;SKU;GENERO;COLOR;TALLA;tienda / ubicación;Cant. ordenada
2025;DICIEMBRE;BASIC LINE PANT DAMA;[BAPCCDA43TM] BASIC LINE PANT DAMA (Black - 999, M);BAPCCDA43TM;DAMA;Negro;M;SAMBIL VALENCIA;1
2025;OCTUBRE;BASIC LINE CROP TEE DAMA;[BACCCDA158TM] BASIC LINE CROP TEE DAMA (Ivory - 005, M);BACCCDA158TM;DAMA;Ivory;M;CERRO VERDE;1
2025;OCTUBRE;BASIC LINE CROP TEE DAMA;[BACCCDA158TS] BASIC LINE CROP TEE DAMA (Ivory - 005, S);BACCCDA158TS;DAMA;Ivory;S;CERRO VERDE;1
2025;OCTUBRE;BASIC LINE SHORT DAMA;[BASCCDA38TS] BASIC LINE SHORT DAMA (Peanut - 749, S);BASCCDA38TS;DAMA;Peanut;S;WEB;1
2025;OCTUBRE;BASIC LINE CROP TEE DAMA;[BACCCDA158TS] BASIC LINE CROP TEE DAMA (Ivory - 005, S);BACCCDA158TS;DAMA;Ivory;S;WEB;1
2025;OCTUBRE;BASIC LINE PANT DAMA;[BAPCCDA43TS] BASIC LINE PANT DAMA (Black - 999, S);BAPCCDA43TS;DAMA;Negro;S;WEB;1
2025;OCTUBRE;BASIC LINE PANT DAMA;[BAPCCDA43TXS] BASIC LINE PANT DAMA (Black - 999, XS);BAPCCDA43TXS;DAMA;Negro;XS;WEB;1
2025;OCTUBRE;BASIC LINE CROP TEE DAMA;[BACCCDA158TXS] BASIC LINE CROP TEE DAMA (Ivory - 005, XS);BACCCDA158TXS;DAMA;Ivory;XS;WEB;1
2025;OCTUBRE;BASIC LINE SHORT DAMA;[BASCCDA38TXS] BASIC LINE SHORT DAMA (Peanut - 749, XS);BASCCDA38TXS;DAMA;Peanut;XS;WEB;1
2025;OCTUBRE;BASIC LINE CROP TEE DAMA;[BACCCDA38TM] BASIC LINE CROP TEE DAMA (Peanut - 749, M);BACCCDA38TM;DAMA;Peanut;M;WEB;1
2025;OCTUBRE;BASIC LINE PANT DAMA;[BAPCCDA43TM] BASIC LINE PANT DAMA (Black - 999, M);BAPCCDA43TM;DAMA;Negro;M;WEB;1
2025;OCTUBRE;BASIC LINE SHORT DAMA;[BASCCDA38TL] BASIC LINE SHORT DAMA (Peanut - 749, L);BASCCDA38TL;DAMA;Peanut;L;WEB;1
2025;OCTUBRE;BASIC LINE SHORT DAMA;[BASCCDA43TL] BASIC LINE SHORT DAMA (Black - 999, L);BASCCDA43TL;DAMA;Negro;L;WEB;1
2025;OCTUBRE;BASIC LINE CROP TEE DAMA;[BACCCDA38TM] BASIC LINE CROP TEE DAMA (Peanut - 749, M);BACCCDA38TM;DAMA;Peanut;M;WEB;1
2025;OCTUBRE;BASIC LINE CROP TEE DAMA;[BACCCDA43TM] BASIC LINE CROP TEE DAMA (Black - 999, M);BACCCDA43TM;DAMA;Negro;M;WEB;1
2025;OCTUBRE;BASIC LINE OVERSIZED CAB;BASIC LINE OVERSIZED CAB (Negro, 2XL);;CAB;Negro;2XL;WEB;1
2025;NOVIEMBRE;BASIC LINE CROP TEE DAMA;[BACCCDA38TXS] BASIC LINE CROP TEE DAMA (Peanut - 749, XS);BACCCDA38TXS;DAMA;Peanut;XS;CERRO VERDE;1
2025;NOVIEMBRE;BASIC LINE CROP TEE DAMA;[BACCCDA43TXS] BASIC LINE CROP TEE DAMA (Black - 999, XS);BACCCDA43TXS;DAMA;Negro;XS;CERRO VERDE;1
2025;NOVIEMBRE;BASIC LINE CROP TEE DAMA;[BACCCDA158TXS] BASIC LINE CROP TEE DAMA (Ivory - 005, XS);BACCCDA158TXS;DAMA;Ivory;XS;CERRO VERDE;1
2025;NOVIEMBRE;BASIC LINE OVERSIZED CAB;[BAOCCCA158TM] BASIC LINE OVERSIZED CAB (Ivory - 005, M);BAOCCCA158TM;CAB;Ivory;M;CERRO VERDE;1
2025;NOVIEMBRE;BASIC LINE OVERSIZED CAB;[BAOCCCA158TS] BASIC LINE OVERSIZED CAB (Ivory - 005, S);BAOCCCA158TS;CAB;Ivory;S;SAMBIL VALENCIA;1
2025;NOVIEMBRE;BASIC LINE SHORT DAMA;[BASCCDA43TXL] BASIC LINE SHORT DAMA (Black - 999, XL);BASCCDA43TXL;DAMA;Negro;XL;SAMBIL VALENCIA;1
2025;NOVIEMBRE;BASIC LINE OVERSIZED CAB;[BAOCCCA38TL] BASIC LINE OVERSIZED CAB (Peanut - 749, L);BAOCCCA38TL;CAB;Peanut;L;CERRO VERDE;1
2025;NOVIEMBRE;BASIC LINE CROP TEE DAMA;[BACCCDA43TS] BASIC LINE CROP TEE DAMA (Black - 999, S);BACCCDA43TS;DAMA;Negro;S;CERRO VERDE;1
2025;NOVIEMBRE;BASIC LINE PANT DAMA;[BAPCCDA43TM] BASIC LINE PANT DAMA (Black - 999, M);BAPCCDA43TM;DAMA;Negro;M;CERRO VERDE;1
2025;NOVIEMBRE;BASIC LINE CROP TEE DAMA;[BACCCDA158TS] BASIC LINE CROP TEE DAMA (Ivory - 005, S);BACCCDA158TS;DAMA;Ivory;S;SAMBIL VALENCIA;1
2025;NOVIEMBRE;BASIC LINE OVERSIZED CAB;[BAOCCCA158TM] BASIC LINE OVERSIZED CAB (Ivory - 005, M);BAOCCCA158TM;CAB;Ivory;M;CERRO VERDE;1
2025;NOVIEMBRE;BASIC LINE CROP TEE DAMA;[BACCCDA158TL] BASIC LINE CROP TEE DAMA (Ivory - 005, L);BACCCDA158TL;DAMA;Ivory;L;SAMBIL VALENCIA;1
2025;NOVIEMBRE;BASIC LINE CROP TEE DAMA;[BACCCDA38TS] BASIC LINE CROP TEE DAMA (Peanut - 749, S);BACCCDA38TS;DAMA;Peanut;S;GRIETA;1
2025;NOVIEMBRE;BASIC LINE OVERSIZED CAB;[BAOCCCA38TS] BASIC LINE OVERSIZED CAB (Peanut - 749, S);BAOCCCA38TS;CAB;Peanut;S;CERRO VERDE;1
2025;NOVIEMBRE;BASIC LINE OVERSIZED CAB;[BAOCCCA158TS] BASIC LINE OVERSIZED CAB (Ivory - 005, S);BAOCCCA158TS;CAB;Ivory;S;CERRO VERDE;1
2025;NOVIEMBRE;BASIC LINE OVERSIZED CAB;[BAOCCCA43TS] BASIC LINE OVERSIZED CAB (Black - 999, S);BAOCCCA43TS;CAB;Negro;S;CERRO VERDE;1
2025;NOVIEMBRE;BASIC LINE SHORT DAMA;[BASCCDA38TL] BASIC LINE SHORT DAMA (Peanut - 749, L);BASCCDA38TL;DAMA;Peanut;L;CERRO VERDE;1
2025;NOVIEMBRE;BASIC LINE SHORT DAMA;[BASCCDA43TS] BASIC LINE SHORT DAMA (Black - 999, S);BASCCDA43TS;DAMA;Negro;S;CERRO VERDE;1
2025;NOVIEMBRE;BASIC LINE CROP TEE DAMA;[BACCCDA43TL] BASIC LINE CROP TEE DAMA (Black - 999, L);BACCCDA43TL;DAMA;Negro;L;GRIETA;1
2025;NOVIEMBRE;BASIC LINE OVERSIZED CAB;[BAOCCCA43TL] BASIC LINE OVERSIZED CAB (Black - 999, L);BAOCCCA43TL;CAB;Negro;L;GRIETA;1
2025;NOVIEMBRE;BASIC LINE OVERSIZED CAB;[BAOCCCA158TM] BASIC LINE OVERSIZED CAB (Ivory - 005, M);BAOCCCA158TM;CAB;Ivory;M;CERRO VERDE;1
2025;NOVIEMBRE;BASIC LINE PANT DAMA;[BAPCCDA43TM] BASIC LINE PANT DAMA (Black - 999, M);BAPCCDA43TM;DAMA;Negro;M;GRIETA;1
2025;NOVIEMBRE;BASIC LINE OVERSIZED CAB;[BAOCCCA43TS] BASIC LINE OVERSIZED CAB (Black - 999, S);BAOCCCA43TS;CAB;Negro;S;SAMBIL VALENCIA;1
2025;NOVIEMBRE;BASIC LINE CROP TEE DAMA;[BACCCDA43TM] BASIC LINE CROP TEE DAMA (Black - 999, M);BACCCDA43TM;DAMA;Negro;M;GRIETA;1
2025;NOVIEMBRE;BASIC LINE SHORT DAMA;[BASCCDA43TM] BASIC LINE SHORT DAMA (Black - 999, M);BASCCDA43TM;DAMA;Negro;M;GRIETA;1
2025;NOVIEMBRE;BASIC LINE OVERSIZED CAB;[BAOCCCA158TM] BASIC LINE OVERSIZED CAB (Ivory - 005, M);BAOCCCA158TM;CAB;Ivory;M;SAMBIL VALENCIA;1
2025;NOVIEMBRE;BASIC LINE CROP TEE DAMA;[BACCCDA43TM] BASIC LINE CROP TEE DAMA (Black - 999, M);BACCCDA43TM;DAMA;Negro;M;GRIETA;1
2025;NOVIEMBRE;BASIC LINE SHORT DAMA;[BASCCDA38TXL] BASIC LINE SHORT DAMA (Peanut - 749, XL);BASCCDA38TXL;DAMA;Peanut;XL;SAMBIL VALENCIA;1
2025;NOVIEMBRE;BASIC LINE SHORT DAMA;[BASCCDA38TL] BASIC LINE SHORT DAMA (Peanut - 749, L);BASCCDA38TL;DAMA;Peanut;L;SAMBIL VALENCIA;1
2025;NOVIEMBRE;BASIC LINE OVERSIZED CAB;[BAOCCCA158TL] BASIC LINE OVERSIZED CAB (Ivory - 005, L);BAOCCCA158TL;CAB;Ivory;L;SAMBIL VALENCIA;1
2025;NOVIEMBRE;BASIC LINE CROP TEE DAMA;[BACCCDA158TS] BASIC LINE CROP TEE DAMA (Ivory - 005, S);BACCCDA158TS;DAMA;Ivory;S;SAMBIL VALENCIA;1
2025;NOVIEMBRE;BASIC LINE OVERSIZED CAB;[BAOCCCA38TM] BASIC LINE OVERSIZED CAB (Peanut - 749, M);BAOCCCA38TM;CAB;Peanut;M;SAMBIL CHACAO;1
2025;NOVIEMBRE;BASIC LINE CROP TEE DAMA;[BACCCDA43TL] BASIC LINE CROP TEE DAMA (Black - 999, L);BACCCDA43TL;DAMA;Negro;L;GRIETA;1
2025;NOVIEMBRE;BASIC LINE PANT DAMA;[BAPCCDA43TL] BASIC LINE PANT DAMA (Black - 999, L);BAPCCDA43TL;DAMA;Negro;L;GRIETA;1
2025;NOVIEMBRE;BASIC LINE CROP TEE DAMA;[BACCCDA43TXS] BASIC LINE CROP TEE DAMA (Black - 999, XS);BACCCDA43TXS;DAMA;Negro;XS;CERRO VERDE;2
2025;NOVIEMBRE;BASIC LINE OVERSIZED CAB;[BAOCCCA43TL] BASIC LINE OVERSIZED CAB (Black - 999, L);BAOCCCA43TL;CAB;Negro;L;CERRO VERDE;1
2025;NOVIEMBRE;BASIC LINE OVERSIZED CAB;[BAOCCCA158TL] BASIC LINE OVERSIZED CAB (Ivory - 005, L);BAOCCCA158TL;CAB;Ivory;L;GRIETA;1
2025;NOVIEMBRE;BASIC LINE PANT DAMA;[BAPCCDA43TM] BASIC LINE PANT DAMA (Black - 999, M);BAPCCDA43TM;DAMA;Negro;M;WEB;1
2025;NOVIEMBRE;BASIC LINE CROP TEE DAMA;[BACCCDA158TM] BASIC LINE CROP TEE DAMA (Ivory - 005, M);BACCCDA158TM;DAMA;Ivory;M;GRIETA;1
2025;NOVIEMBRE;BASIC LINE PANT DAMA;[BAPCCDA43TM] BASIC LINE PANT DAMA (Black - 999, M);BAPCCDA43TM;DAMA;Negro;M;GRIETA;1
2025;NOVIEMBRE;BASIC LINE OVERSIZED CAB;[BAOCCCA43TM] BASIC LINE OVERSIZED CAB (Black - 999, M);BAOCCCA43TM;CAB;Negro;M;GRIETA;1
2025;NOVIEMBRE;BASIC LINE OVERSIZED CAB;[BAOCCCA38TM] BASIC LINE OVERSIZED CAB (Peanut - 749, M);BAOCCCA38TM;CAB;Peanut;M;GRIETA;1
2025;NOVIEMBRE;BASIC LINE CROP TEE DAMA;[BACCCDA158TM] BASIC LINE CROP TEE DAMA (Ivory - 005, M);BACCCDA158TM;DAMA;Ivory;M;SAMBIL VALENCIA;1
2025;NOVIEMBRE;BASIC LINE CROP TEE DAMA;[BACCCDA43TM] BASIC LINE CROP TEE DAMA (Black - 999, M);BACCCDA43TM;DAMA;Negro;M;GRIETA;1
2025;NOVIEMBRE;BASIC LINE SHORT DAMA;[BASCCDA43TM] BASIC LINE SHORT DAMA (Black - 999, M);BASCCDA43TM;DAMA;Negro;M;GRIETA;1
2025;NOVIEMBRE;BASIC LINE OVERSIZED CAB;[BAOCCCA158TM] BASIC LINE OVERSIZED CAB (Ivory - 005, M);BAOCCCA158TM;CAB;Ivory;M;GRIETA;1
2025;NOVIEMBRE;BASIC LINE OVERSIZED CAB;[BAOCCCA38TXS] BASIC LINE OVERSIZED CAB (Peanut - 749, XS);BAOCCCA38TXS;CAB;Peanut;XS;GRIETA;1
2025;NOVIEMBRE;BASIC LINE CROP TEE DAMA;[BACCCDA158TM] BASIC LINE CROP TEE DAMA (Ivory - 005, M);BACCCDA158TM;DAMA;Ivory;M;GRIETA;1
2025;NOVIEMBRE;BASIC LINE OVERSIZED CAB;[BAOCCCA43TM] BASIC LINE OVERSIZED CAB (Black - 999, M);BAOCCCA43TM;CAB;Negro;M;GRIETA;1
2025;NOVIEMBRE;BASIC LINE CROP TEE DAMA;[BACCCDA43TXL] BASIC LINE CROP TEE DAMA (Black - 999, XL);BACCCDA43TXL;DAMA;Negro;XL;GRIETA;1
2025;NOVIEMBRE;BASIC LINE CROP TEE DAMA;[BACCCDA158TS] BASIC LINE CROP TEE DAMA (Ivory - 005, S);BACCCDA158TS;DAMA;Ivory;S;GRIETA;1
2025;NOVIEMBRE;BASIC LINE OVERSIZED CAB;[BAOCCCA158TXL] BASIC LINE OVERSIZED CAB (Ivory - 005, XL);BAOCCCA158TXL;CAB;Ivory;XL;SAMBIL VALENCIA;1
2025;NOVIEMBRE;BASIC LINE OVERSIZED CAB;[BAOCCCA43TXL] BASIC LINE OVERSIZED CAB (Black - 999, XL);BAOCCCA43TXL;CAB;Negro;XL;CERRO VERDE;1
2025;NOVIEMBRE;BASIC LINE OVERSIZED CAB;[BAOCCCA38TM] BASIC LINE OVERSIZED CAB (Peanut - 749, M);BAOCCCA38TM;CAB;Peanut;M;SAMBIL VALENCIA;1
2025;NOVIEMBRE;BASIC LINE OVERSIZED CAB;[BAOCCCA158TM] BASIC LINE OVERSIZED CAB (Ivory - 005, M);BAOCCCA158TM;CAB;Ivory;M;SAMBIL CHACAO;1
2025;NOVIEMBRE;BASIC LINE CROP TEE DAMA;[BACCCDA158TM] BASIC LINE CROP TEE DAMA (Ivory - 005, M);BACCCDA158TM;DAMA;Ivory;M;SAMBIL CHACAO;1
2025;NOVIEMBRE;BASIC LINE SHORT DAMA;[BASCCDA38TL] BASIC LINE SHORT DAMA (Peanut - 749, L);BASCCDA38TL;DAMA;Peanut;L;SAMBIL CHACAO;1
2025;NOVIEMBRE;BASIC LINE OVERSIZED CAB;[BAOCCCA43TM] BASIC LINE OVERSIZED CAB (Black - 999, M);BAOCCCA43TM;CAB;Negro;M;SAMBIL CHACAO;1
2025;NOVIEMBRE;BASIC LINE CROP TEE DAMA;[BACCCDA38TXS] BASIC LINE CROP TEE DAMA (Peanut - 749, XS);BACCCDA38TXS;DAMA;Peanut;XS;GRIETA;1
2025;NOVIEMBRE;BASIC LINE PANT DAMA;[BAPCCDA43TXS] BASIC LINE PANT DAMA (Black - 999, XS);BAPCCDA43TXS;DAMA;Negro;XS;GRIETA;1
2025;NOVIEMBRE;BASIC LINE CROP TEE DAMA;[BACCCDA158TL] BASIC LINE CROP TEE DAMA (Ivory - 005, L);BACCCDA158TL;DAMA;Ivory;L;GRIETA;1
2025;NOVIEMBRE;BASIC LINE SHORT DAMA;[BASCCDA38TL] BASIC LINE SHORT DAMA (Peanut - 749, L);BASCCDA38TL;DAMA;Peanut;L;GRIETA;1
2025;NOVIEMBRE;BASIC LINE CROP TEE DAMA;[BACCCDA43TM] BASIC LINE CROP TEE DAMA (Black - 999, M);BACCCDA43TM;DAMA;Negro;M;GRIETA;1
2025;NOVIEMBRE;BASIC LINE PANT DAMA;[BAPCCDA43TM] BASIC LINE PANT DAMA (Black - 999, M);BAPCCDA43TM;DAMA;Negro;M;GRIETA;1
2025;NOVIEMBRE;BASIC LINE CROP TEE DAMA;[BACCCDA38TXS] BASIC LINE CROP TEE DAMA (Peanut - 749, XS);BACCCDA38TXS;DAMA;Peanut;XS;GRIETA;1
2025;NOVIEMBRE;BASIC LINE SHORT DAMA;[BASCCDA43TM] BASIC LINE SHORT DAMA (Black - 999, M);BASCCDA43TM;DAMA;Negro;M;GRIETA;1
2025;NOVIEMBRE;BASIC LINE CROP TEE DAMA;[BACCCDA43TS] BASIC LINE CROP TEE DAMA (Black - 999, S);BACCCDA43TS;DAMA;Negro;S;GRIETA;1
2025;NOVIEMBRE;BASIC LINE OVERSIZED CAB;[BAOCCCA38TM] BASIC LINE OVERSIZED CAB (Peanut - 749, M);BAOCCCA38TM;CAB;Peanut;M;GRIETA;1
2025;NOVIEMBRE;BASIC LINE SHORT DAMA;[BASCCDA38TS] BASIC LINE SHORT DAMA (Peanut - 749, S);BASCCDA38TS;DAMA;Peanut;S;GRAND PLAZ;1
2025;NOVIEMBRE;BASIC LINE CROP TEE DAMA;[BACCCDA38TXS] BASIC LINE CROP TEE DAMA (Peanut - 749, XS);BACCCDA38TXS;DAMA;Peanut;XS;GRAND PLAZ;1
2025;NOVIEMBRE;BASIC LINE CROP TEE DAMA;[BACCCDA158TM] BASIC LINE CROP TEE DAMA (Ivory - 005, M);BACCCDA158TM;DAMA;Ivory;M;GRIETA;1
2025;NOVIEMBRE;BASIC LINE PANT DAMA;[BAPCCDA43TM] BASIC LINE PANT DAMA (Black - 999, M);BAPCCDA43TM;DAMA;Negro;M;GRIETA;1
2025;NOVIEMBRE;BASIC LINE CROP TEE DAMA;[BACCCDA158TM] BASIC LINE CROP TEE DAMA (Ivory - 005, M);BACCCDA158TM;DAMA;Ivory;M;GRIETA;1
2025;NOVIEMBRE;BASIC LINE PANT DAMA;[BAPCCDA43TL] BASIC LINE PANT DAMA (Black - 999, L);BAPCCDA43TL;DAMA;Negro;L;GRIETA;1
2025;NOVIEMBRE;BASIC LINE CROP TEE DAMA;[BACCCDA158TXS] BASIC LINE CROP TEE DAMA (Ivory - 005, XS);BACCCDA158TXS;DAMA;Ivory;XS;CERRO VERDE;1
2025;NOVIEMBRE;BASIC LINE OVERSIZED CAB;[BAOCCCA158TS] BASIC LINE OVERSIZED CAB (Ivory - 005, S);BAOCCCA158TS;CAB;Ivory;S;SAMBIL CHACAO;1
2025;NOVIEMBRE;BASIC LINE PANT DAMA;[BAPCCDA43TXS] BASIC LINE PANT DAMA (Black - 999, XS);BAPCCDA43TXS;DAMA;Negro;XS;GRIETA;1
2025;NOVIEMBRE;BASIC LINE PANT DAMA;[BAPCCDA43TM] BASIC LINE PANT DAMA (Black - 999, M);BAPCCDA43TM;DAMA;Negro;M;SAMBIL CHACAO;1
2025;NOVIEMBRE;BASIC LINE OVERSIZED CAB;[BAOCCCA38TS] BASIC LINE OVERSIZED CAB (Peanut - 749, S);BAOCCCA38TS;CAB;Peanut;S;GRIETA;1
2025;NOVIEMBRE;BASIC LINE OVERSIZED CAB;[BAOCCCA38TS] BASIC LINE OVERSIZED CAB (Peanut - 749, S);BAOCCCA38TS;CAB;Peanut;S;SAMBIL CHACAO;1
2025;NOVIEMBRE;BASIC LINE OVERSIZED CAB;[BAOCCCA38TXL] BASIC LINE OVERSIZED CAB (Peanut - 749, XL);BAOCCCA38TXL;CAB;Peanut;XL;SAMBIL VALENCIA;1
2025;NOVIEMBRE;BASIC LINE OVERSIZED CAB;[BAOCCCA43TXL] BASIC LINE OVERSIZED CAB (Black - 999, XL);BAOCCCA43TXL;CAB;Negro;XL;SAMBIL VALENCIA;1
2025;NOVIEMBRE;BASIC LINE CROP TEE DAMA;[BACCCDA38TXS] BASIC LINE CROP TEE DAMA (Peanut - 749, XS);BACCCDA38TXS;DAMA;Peanut;XS;CERRO VERDE;1
2025;NOVIEMBRE;BASIC LINE OVERSIZED CAB;[BAOCCCA158TS] BASIC LINE OVERSIZED CAB (Ivory - 005, S);BAOCCCA158TS;CAB;Ivory;S;CERRO VERDE;1
2025;NOVIEMBRE;BASIC LINE OVERSIZED CAB;[BAOCCCA43TL] BASIC LINE OVERSIZED CAB (Black - 999, L);BAOCCCA43TL;CAB;Negro;L;CERRO VERDE;1
2025;NOVIEMBRE;BASIC LINE OVERSIZED CAB;[BAOCCCA38TL] BASIC LINE OVERSIZED CAB (Peanut - 749, L);BAOCCCA38TL;CAB;Peanut;L;SAMBIL VALENCIA;1
2025;NOVIEMBRE;BASIC LINE OVERSIZED CAB;[BAOCCCA38TL] BASIC LINE OVERSIZED CAB (Peanut - 749, L);BAOCCCA38TL;CAB;Peanut;L;CERRO VERDE;1
2025;NOVIEMBRE;BASIC LINE CROP TEE DAMA;[BACCCDA158TXS] BASIC LINE CROP TEE DAMA (Ivory - 005, XS);BACCCDA158TXS;DAMA;Ivory;XS;SAMBIL VALENCIA;1
2025;NOVIEMBRE;BASIC LINE OVERSIZED CAB;[BAOCCCA158TXS] BASIC LINE OVERSIZED CAB (Ivory - 005, XS);BAOCCCA158TXS;CAB;Ivory;XS;SAMBIL CHACAO;1
2025;NOVIEMBRE;BASIC LINE CROP TEE DAMA;[BACCCDA43TL] BASIC LINE CROP TEE DAMA (Black - 999, L);BACCCDA43TL;DAMA;Negro;L;SAMBIL VALENCIA;1
2025;NOVIEMBRE;BASIC LINE PANT DAMA;[BAPCCDA43TXS] BASIC LINE PANT DAMA (Black - 999, XS);BAPCCDA43TXS;DAMA;Negro;XS;GRIETA;1
2025;NOVIEMBRE;BASIC LINE CROP TEE DAMA;[BACCCDA43TXS] BASIC LINE CROP TEE DAMA (Black - 999, XS);BACCCDA43TXS;DAMA;Negro;XS;GRIETA;1
2025;NOVIEMBRE;BASIC LINE SHORT DAMA;[BASCCDA43TXL] BASIC LINE SHORT DAMA (Black - 999, XL);BASCCDA43TXL;DAMA;Negro;XL;SAMBIL VALENCIA;1
2025;NOVIEMBRE;BASIC LINE OVERSIZED CAB;[BAOCCCA158TM] BASIC LINE OVERSIZED CAB (Ivory - 005, M);BAOCCCA158TM;CAB;Ivory;M;SAMBIL VALENCIA;1
2025;NOVIEMBRE;BASIC LINE OVERSIZED CAB;[BAOCCCA38TXL] BASIC LINE OVERSIZED CAB (Peanut - 749, XL);BAOCCCA38TXL;CAB;Peanut;XL;GRIETA;1
2025;NOVIEMBRE;BASIC LINE CROP TEE DAMA;[BACCCDA158TM] BASIC LINE CROP TEE DAMA (Ivory - 005, M);BACCCDA158TM;DAMA;Ivory;M;SAMBIL VALENCIA;1
2025;NOVIEMBRE;BASIC LINE CROP TEE DAMA;[BACCCDA158TXS] BASIC LINE CROP TEE DAMA (Ivory - 005, XS);BACCCDA158TXS;DAMA;Ivory;XS;SAMBIL CHACAO;1
2025;NOVIEMBRE;BASIC LINE OVERSIZED CAB;[BAOCCCA158TM] BASIC LINE OVERSIZED CAB (Ivory - 005, M);BAOCCCA158TM;CAB;Ivory;M;SAMBIL CHACAO;1
2025;NOVIEMBRE;BASIC LINE OVERSIZED CAB;[BAOCCCA43TS] BASIC LINE OVERSIZED CAB (Black - 999, S);BAOCCCA43TS;CAB;Negro;S;GRIETA;1
2025;NOVIEMBRE;BASIC LINE SHORT DAMA;[BASCCDA43TXS] BASIC LINE SHORT DAMA (Black - 999, XS);BASCCDA43TXS;DAMA;Negro;XS;CERRO VERDE;1
2025;NOVIEMBRE;BASIC LINE OVERSIZED CAB;[BAOCCCA43TXS] BASIC LINE OVERSIZED CAB (Black - 999, XS);BAOCCCA43TXS;CAB;Negro;XS;CERRO VERDE;1
2025;NOVIEMBRE;BASIC LINE OVERSIZED CAB;[BAOCCCA43TXL] BASIC LINE OVERSIZED CAB (Black - 999, XL);BAOCCCA43TXL;CAB;Negro;XL;GRIETA;1
2025;NOVIEMBRE;BASIC LINE OVERSIZED CAB;[BAOCCCA38T2XL] BASIC LINE OVERSIZED CAB (Peanut - 749, 2XL);BAOCCCA38T2XL;CAB;Peanut;2XL;SAMBIL VALENCIA;1
2025;DICIEMBRE;BASIC LINE CROP TEE DAMA;[BACCCDA43TS] BASIC LINE CROP TEE DAMA (Black - 999, S);BACCCDA43TS;DAMA;Negro;S;GRIETA;1
2025;DICIEMBRE;BASIC LINE CROP TEE DAMA;[BACCCDA38TL] BASIC LINE CROP TEE DAMA (Peanut - 749, L);BACCCDA38TL;DAMA;Peanut;L;GRIETA;1
2025;DICIEMBRE;BASIC LINE OVERSIZED CAB;[BAOCCCA38TS] BASIC LINE OVERSIZED CAB (Peanut - 749, S);BAOCCCA38TS;CAB;Peanut;S;CERRO VERDE;1
2025;DICIEMBRE;BASIC LINE OVERSIZED CAB;[BAOCCCA158TXL] BASIC LINE OVERSIZED CAB (Ivory - 005, XL);BAOCCCA158TXL;CAB;Ivory;XL;CERRO VERDE;1
2025;DICIEMBRE;BASIC LINE SHORT DAMA;[BASCCDA38TS] BASIC LINE SHORT DAMA (Peanut - 749, S);BASCCDA38TS;DAMA;Peanut;S;CERRO VERDE;1
2025;DICIEMBRE;BASIC LINE OVERSIZED CAB;[BAOCCCA158TXS] BASIC LINE OVERSIZED CAB (Ivory - 005, XS);BAOCCCA158TXS;CAB;Ivory;XS;CERRO VERDE;1
2025;DICIEMBRE;BASIC LINE CROP TEE DAMA;[BACCCDA158TS] BASIC LINE CROP TEE DAMA (Ivory - 005, S);BACCCDA158TS;DAMA;Ivory;S;GRIETA;1
2025;DICIEMBRE;BASIC LINE PANT DAMA;[BAPCCDA43TM] BASIC LINE PANT DAMA (Black - 999, M);BAPCCDA43TM;DAMA;Negro;M;GRIETA;1
2025;DICIEMBRE;BASIC LINE PANT DAMA;[BAPCCDA43TXS] BASIC LINE PANT DAMA (Black - 999, XS);BAPCCDA43TXS;DAMA;Negro;XS;SAMBIL VALENCIA;1
2025;DICIEMBRE;BASIC LINE CROP TEE DAMA;[BACCCDA43TXS] BASIC LINE CROP TEE DAMA (Black - 999, XS);BACCCDA43TXS;DAMA;Negro;XS;GRIETA;1
2025;DICIEMBRE;BASIC LINE PANT DAMA;[BAPCCDA43TXL] BASIC LINE PANT DAMA (Black - 999, XL);BAPCCDA43TXL;DAMA;Negro;XL;GRIETA;1
2025;DICIEMBRE;BASIC LINE OVERSIZED CAB;[BAOCCCA43TM] BASIC LINE OVERSIZED CAB (Black - 999, M);BAOCCCA43TM;CAB;Negro;M;GRIETA;1
2025;DICIEMBRE;BASIC LINE OVERSIZED CAB;[BAOCCCA158TM] BASIC LINE OVERSIZED CAB (Ivory - 005, M);BAOCCCA158TM;CAB;Ivory;M;GRIETA;1
2025;DICIEMBRE;BASIC LINE OVERSIZED CAB;[BAOCCCA158TL] BASIC LINE OVERSIZED CAB (Ivory - 005, L);BAOCCCA158TL;CAB;Ivory;L;CERRO VERDE;1
2025;DICIEMBRE;BASIC LINE OVERSIZED CAB;[BAOCCCA38TXL] BASIC LINE OVERSIZED CAB (Peanut - 749, XL);BAOCCCA38TXL;CAB;Peanut;XL;CERRO VERDE;1
2025;DICIEMBRE;BASIC LINE OVERSIZED CAB;[BAOCCCA158TXL] BASIC LINE OVERSIZED CAB (Ivory - 005, XL);BAOCCCA158TXL;CAB;Ivory;XL;CERRO VERDE;1
2025;DICIEMBRE;BASIC LINE SHORT DAMA;[BASCCDA38TL] BASIC LINE SHORT DAMA (Peanut - 749, L);BASCCDA38TL;DAMA;Peanut;L;CERRO VERDE;1
2025;DICIEMBRE;BASIC LINE CROP TEE DAMA;[BACCCDA158TXS] BASIC LINE CROP TEE DAMA (Ivory - 005, XS);BACCCDA158TXS;DAMA;Ivory;XS;GRIETA;1
2025;DICIEMBRE;BASIC LINE OVERSIZED CAB;[BAOCCCA38TL] BASIC LINE OVERSIZED CAB (Peanut - 749, L);BAOCCCA38TL;CAB;Peanut;L;SAMBIL CHACAO;1
2025;DICIEMBRE;BASIC LINE OVERSIZED CAB;[BAOCCCA43TS] BASIC LINE OVERSIZED CAB (Black - 999, S);BAOCCCA43TS;CAB;Negro;S;GRIETA;1
2025;DICIEMBRE;BASIC LINE CROP TEE DAMA;[BACCCDA43TXS] BASIC LINE CROP TEE DAMA (Black - 999, XS);BACCCDA43TXS;DAMA;Negro;XS;GRIETA;1
2025;DICIEMBRE;BASIC LINE PANT DAMA;[BAPCCDA43TXS] BASIC LINE PANT DAMA (Black - 999, XS);BAPCCDA43TXS;DAMA;Negro;XS;GRIETA;1
2025;DICIEMBRE;BASIC LINE OVERSIZED CAB;[BAOCCCA43TXS] BASIC LINE OVERSIZED CAB (Black - 999, XS);BAOCCCA43TXS;CAB;Negro;XS;GRAND PLAZ;1
2025;DICIEMBRE;BASIC LINE OVERSIZED CAB;[BAOCCCA158TM] BASIC LINE OVERSIZED CAB (Ivory - 005, M);BAOCCCA158TM;CAB;Ivory;M;GRAND PLAZ;1
2025;DICIEMBRE;BASIC LINE OVERSIZED CAB;[BAOCCCA158TL] BASIC LINE OVERSIZED CAB (Ivory - 005, L);BAOCCCA158TL;CAB;Ivory;L;SAMBIL CHACAO;1
2025;DICIEMBRE;BASIC LINE OVERSIZED CAB;[BAOCCCA43TXS] BASIC LINE OVERSIZED CAB (Black - 999, XS);BAOCCCA43TXS;CAB;Negro;XS;SAMBIL CHACAO;1
2025;DICIEMBRE;BASIC LINE OVERSIZED CAB;[BAOCCCA38TS] BASIC LINE OVERSIZED CAB (Peanut - 749, S);BAOCCCA38TS;CAB;Peanut;S;SAMBIL CHACAO;1
2025;DICIEMBRE;BASIC LINE CROP TEE DAMA;[BACCCDA158TXS] BASIC LINE CROP TEE DAMA (Ivory - 005, XS);BACCCDA158TXS;DAMA;Ivory;XS;GRIETA;1
2025;DICIEMBRE;BASIC LINE OVERSIZED CAB;[BAOCCCA38TXL] BASIC LINE OVERSIZED CAB (Peanut - 749, XL);BAOCCCA38TXL;CAB;Peanut;XL;GRIETA;1
2025;DICIEMBRE;BASIC LINE OVERSIZED CAB;[BAOCCCA158TXL] BASIC LINE OVERSIZED CAB (Ivory - 005, XL);BAOCCCA158TXL;CAB;Ivory;XL;GRIETA;1
2025;DICIEMBRE;BASIC LINE OVERSIZED CAB;[BAOCCCA158TS] BASIC LINE OVERSIZED CAB (Ivory - 005, S);BAOCCCA158TS;CAB;Ivory;S;CERRO VERDE;1
2025;DICIEMBRE;BASIC LINE CROP TEE DAMA;[BACCCDA158TS] BASIC LINE CROP TEE DAMA (Ivory - 005, S);BACCCDA158TS;DAMA;Ivory;S;GRIETA;1
2025;DICIEMBRE;BASIC LINE SHORT DAMA;[BASCCDA38TM] BASIC LINE SHORT DAMA (Peanut - 749, M);BASCCDA38TM;DAMA;Peanut;M;SAMBIL CHACAO;1
2025;DICIEMBRE;BASIC LINE CROP TEE DAMA;[BACCCDA38TS] BASIC LINE CROP TEE DAMA (Peanut - 749, S);BACCCDA38TS;DAMA;Peanut;S;SAMBIL CHACAO;1
2025;DICIEMBRE;BASIC LINE PANT DAMA;[BAPCCDA43TL] BASIC LINE PANT DAMA (Black - 999, L);BAPCCDA43TL;DAMA;Negro;L;GRIETA;-1
2025;DICIEMBRE;BASIC LINE CROP TEE DAMA;[BACCCDA43TL] BASIC LINE CROP TEE DAMA (Black - 999, L);BACCCDA43TL;DAMA;Negro;L;GRIETA;-1
2025;DICIEMBRE;BASIC LINE CROP TEE DAMA;[BACCCDA43TXL] BASIC LINE CROP TEE DAMA (Black - 999, XL);BACCCDA43TXL;DAMA;Negro;XL;GRIETA;1
2025;DICIEMBRE;BASIC LINE PANT DAMA;[BAPCCDA43TXL] BASIC LINE PANT DAMA (Black - 999, XL);BAPCCDA43TXL;DAMA;Negro;XL;GRIETA;1
2025;DICIEMBRE;BASIC LINE SHORT DAMA;[BASCCDA43TXS] BASIC LINE SHORT DAMA (Black - 999, XS);BASCCDA43TXS;DAMA;Negro;XS;GRIETA;1
2025;DICIEMBRE;BASIC LINE OVERSIZED CAB;[BAOCCCA158TS] BASIC LINE OVERSIZED CAB (Ivory - 005, S);BAOCCCA158TS;CAB;Ivory;S;GRIETA;1
2025;DICIEMBRE;BASIC LINE OVERSIZED CAB;[BAOCCCA38TM] BASIC LINE OVERSIZED CAB (Peanut - 749, M);BAOCCCA38TM;CAB;Peanut;M;CERRO VERDE;1
2025;DICIEMBRE;BASIC LINE OVERSIZED CAB;[BAOCCCA158TM] BASIC LINE OVERSIZED CAB (Ivory - 005, M);BAOCCCA158TM;CAB;Ivory;M;CERRO VERDE;1
2025;DICIEMBRE;BASIC LINE OVERSIZED CAB;[BAOCCCA38TL] BASIC LINE OVERSIZED CAB (Peanut - 749, L);BAOCCCA38TL;CAB;Peanut;L;GRIETA;1
2025;DICIEMBRE;BASIC LINE OVERSIZED CAB;[BAOCCCA158TXL] BASIC LINE OVERSIZED CAB (Ivory - 005, XL);BAOCCCA158TXL;CAB;Ivory;XL;SAMBIL CHACAO;1
2025;DICIEMBRE;BASIC LINE OVERSIZED CAB;[BAOCCCA43TXL] BASIC LINE OVERSIZED CAB (Black - 999, XL);BAOCCCA43TXL;CAB;Negro;XL;SAMBIL CHACAO;1
2025;DICIEMBRE;BASIC LINE OVERSIZED CAB;[BAOCCCA38TL] BASIC LINE OVERSIZED CAB (Peanut - 749, L);BAOCCCA38TL;CAB;Peanut;L;SAMBIL VALENCIA;1
2025;DICIEMBRE;BASIC LINE PANT DAMA;[BAPCCDA43TXS] BASIC LINE PANT DAMA (Black - 999, XS);BAPCCDA43TXS;DAMA;Negro;XS;WEB;1
2025;DICIEMBRE;BASIC LINE OVERSIZED CAB;[BAOCCCA158TM] BASIC LINE OVERSIZED CAB (Ivory - 005, M);BAOCCCA158TM;CAB;Ivory;M;SAMBIL VALENCIA;1
2025;DICIEMBRE;BASIC LINE PANT DAMA;[BAPCCDA43TS] BASIC LINE PANT DAMA (Black - 999, S);BAPCCDA43TS;DAMA;Negro;S;SAMBIL CHACAO;1
2025;DICIEMBRE;BASIC LINE CROP TEE DAMA;[BACCCDA158TL] BASIC LINE CROP TEE DAMA (Ivory - 005, L);BACCCDA158TL;DAMA;Ivory;L;GRIETA;1
2025;DICIEMBRE;BASIC LINE CROP TEE DAMA;[BACCCDA38TXS] BASIC LINE CROP TEE DAMA (Peanut - 749, XS);BACCCDA38TXS;DAMA;Peanut;XS;GRAND PLAZ;1
2025;DICIEMBRE;BASIC LINE CROP TEE DAMA;[BACCCDA158TXS] BASIC LINE CROP TEE DAMA (Ivory - 005, XS);BACCCDA158TXS;DAMA;Ivory;XS;GRAND PLAZ;1
2025;DICIEMBRE;BASIC LINE OVERSIZED CAB;[BAOCCCA158TM] BASIC LINE OVERSIZED CAB (Ivory - 005, M);BAOCCCA158TM;CAB;Ivory;M;GRAND PLAZ;1
2025;DICIEMBRE;BASIC LINE OVERSIZED CAB;[BAOCCCA158TS] BASIC LINE OVERSIZED CAB (Ivory - 005, S);BAOCCCA158TS;CAB;Ivory;S;SAMBIL VALENCIA;1
2025;DICIEMBRE;BASIC LINE CROP TEE DAMA;[BACCCDA43TL] BASIC LINE CROP TEE DAMA (Black - 999, L);BACCCDA43TL;DAMA;Negro;L;SAMBIL VALENCIA;1
2025;DICIEMBRE;BASIC LINE CROP TEE DAMA;[BACCCDA43TM] BASIC LINE CROP TEE DAMA (Black - 999, M);BACCCDA43TM;DAMA;Negro;M;SAMBIL VALENCIA;1
2025;DICIEMBRE;BASIC LINE OVERSIZED CAB;[BAOCCCA158TM] BASIC LINE OVERSIZED CAB (Ivory - 005, M);BAOCCCA158TM;CAB;Ivory;M;SAMBIL VALENCIA;1
2025;DICIEMBRE;BASIC LINE OVERSIZED CAB;[BAOCCCA43TM] BASIC LINE OVERSIZED CAB (Black - 999, M);BAOCCCA43TM;CAB;Negro;M;SAMBIL CHACAO;1
2025;DICIEMBRE;BASIC LINE SHORT DAMA;[BASCCDA43TM] BASIC LINE SHORT DAMA (Black - 999, M);BASCCDA43TM;DAMA;Negro;M;SAMBIL CHACAO;1
2025;DICIEMBRE;BASIC LINE PANT DAMA;[BAPCCDA43TXS] BASIC LINE PANT DAMA (Black - 999, XS);BAPCCDA43TXS;DAMA;Negro;XS;SAMBIL CHACAO;1
2025;DICIEMBRE;BASIC LINE OVERSIZED CAB;[BAOCCCA38TL] BASIC LINE OVERSIZED CAB (Peanut - 749, L);BAOCCCA38TL;CAB;Peanut;L;SAMBIL CHACAO;1
2025;DICIEMBRE;BASIC LINE OVERSIZED CAB;[BAOCCCA158TM] BASIC LINE OVERSIZED CAB (Ivory - 005, M);BAOCCCA158TM;CAB;Ivory;M;SAMBIL CHACAO;1
2025;DICIEMBRE;BASIC LINE CROP TEE DAMA;[BACCCDA158TL] BASIC LINE CROP TEE DAMA (Ivory - 005, L);BACCCDA158TL;DAMA;Ivory;L;SAMBIL VALENCIA;1
2025;DICIEMBRE;BASIC LINE OVERSIZED CAB;[BAOCCCA158TS] BASIC LINE OVERSIZED CAB (Ivory - 005, S);BAOCCCA158TS;CAB;Ivory;S;GRAND PLAZ;1
2025;DICIEMBRE;BASIC LINE SHORT DAMA;[BASCCDA38TM] BASIC LINE SHORT DAMA (Peanut - 749, M);BASCCDA38TM;DAMA;Peanut;M;GRAND PLAZ;1
2025;DICIEMBRE;BASIC LINE SHORT DAMA;[BASCCDA43TM] BASIC LINE SHORT DAMA (Black - 999, M);BASCCDA43TM;DAMA;Negro;M;GRAND PLAZ;1
2025;DICIEMBRE;BASIC LINE OVERSIZED CAB;[BAOCCCA158TL] BASIC LINE OVERSIZED CAB (Ivory - 005, L);BAOCCCA158TL;CAB;Ivory;L;CERRO VERDE;1
2025;DICIEMBRE;BASIC LINE OVERSIZED CAB;[BAOCCCA38TS] BASIC LINE OVERSIZED CAB (Peanut - 749, S);BAOCCCA38TS;CAB;Peanut;S;SAMBIL CHACAO;1
2025;DICIEMBRE;BASIC LINE OVERSIZED CAB;[BAOCCCA158TXS] BASIC LINE OVERSIZED CAB (Ivory - 005, XS);BAOCCCA158TXS;CAB;Ivory;XS;CERRO VERDE;1
2025;DICIEMBRE;BASIC LINE CROP TEE DAMA;[BACCCDA158TXS] BASIC LINE CROP TEE DAMA (Ivory - 005, XS);BACCCDA158TXS;DAMA;Ivory;XS;CERRO VERDE;1
2025;DICIEMBRE;BASIC LINE CROP TEE DAMA;[BACCCDA158TS] BASIC LINE CROP TEE DAMA (Ivory - 005, S);BACCCDA158TS;DAMA;Ivory;S;SAMBIL CHACAO;1
2025;DICIEMBRE;BASIC LINE PANT DAMA;[BAPCCDA43TM] BASIC LINE PANT DAMA (Black - 999, M);BAPCCDA43TM;DAMA;Negro;M;SAMBIL CHACAO;1
2025;DICIEMBRE;BASIC LINE OVERSIZED CAB;[BAOCCCA158TL] BASIC LINE OVERSIZED CAB (Ivory - 005, L);BAOCCCA158TL;CAB;Ivory;L;GRIETA;1
2025;DICIEMBRE;BASIC LINE OVERSIZED CAB;[BAOCCCA38TS] BASIC LINE OVERSIZED CAB (Peanut - 749, S);BAOCCCA38TS;CAB;Peanut;S;SAMBIL VALENCIA;1
2025;DICIEMBRE;BASIC LINE OVERSIZED CAB;[BAOCCCA38TS] BASIC LINE OVERSIZED CAB (Peanut - 749, S);BAOCCCA38TS;CAB;Peanut;S;SAMBIL VALENCIA;-1
2025;DICIEMBRE;BASIC LINE OVERSIZED CAB;[BAOCCCA38TS] BASIC LINE OVERSIZED CAB (Peanut - 749, S);BAOCCCA38TS;CAB;Peanut;S;SAMBIL VALENCIA;1
2025;DICIEMBRE;BASIC LINE CROP TEE DAMA;[BACCCDA158TXS] BASIC LINE CROP TEE DAMA (Ivory - 005, XS);BACCCDA158TXS;DAMA;Ivory;XS;GRIETA;1
2025;DICIEMBRE;BASIC LINE OVERSIZED CAB;[BAOCCCA158TL] BASIC LINE OVERSIZED CAB (Ivory - 005, L);BAOCCCA158TL;CAB;Ivory;L;SAMBIL CHACAO;1
2025;DICIEMBRE;BASIC LINE OVERSIZED CAB;[BAOCCCA158TXL] BASIC LINE OVERSIZED CAB (Ivory - 005, XL);BAOCCCA158TXL;CAB;Ivory;XL;SAMBIL CHACAO;1
2025;DICIEMBRE;BASIC LINE OVERSIZED CAB;[BAOCCCA38TXL] BASIC LINE OVERSIZED CAB (Peanut - 749, XL);BAOCCCA38TXL;CAB;Peanut;XL;SAMBIL CHACAO;1
2025;DICIEMBRE;BASIC LINE OVERSIZED CAB;[BAOCCCA158TM] BASIC LINE OVERSIZED CAB (Ivory - 005, M);BAOCCCA158TM;CAB;Ivory;M;CERRO VERDE;1
2025;DICIEMBRE;BASIC LINE OVERSIZED CAB;[BAOCCCA38TM] BASIC LINE OVERSIZED CAB (Peanut - 749, M);BAOCCCA38TM;CAB;Peanut;M;CERRO VERDE;1
2025;DICIEMBRE;BASIC LINE OVERSIZED CAB;[BAOCCCA43TM] BASIC LINE OVERSIZED CAB (Black - 999, M);BAOCCCA43TM;CAB;Negro;M;CERRO VERDE;1
2025;DICIEMBRE;BASIC LINE CROP TEE DAMA;[BACCCDA158TM] BASIC LINE CROP TEE DAMA (Ivory - 005, M);BACCCDA158TM;DAMA;Ivory;M;SAMBIL CHACAO;1
2025;DICIEMBRE;BASIC LINE OVERSIZED CAB;[BAOCCCA158TL] BASIC LINE OVERSIZED CAB (Ivory - 005, L);BAOCCCA158TL;CAB;Ivory;L;SAMBIL CHACAO;1
2025;DICIEMBRE;BASIC LINE OVERSIZED CAB;[BAOCCCA158TM] BASIC LINE OVERSIZED CAB (Ivory - 005, M);BAOCCCA158TM;CAB;Ivory;M;GRIETA;1
2025;DICIEMBRE;BASIC LINE OVERSIZED CAB;[BAOCCCA38TXL] BASIC LINE OVERSIZED CAB (Peanut - 749, XL);BAOCCCA38TXL;CAB;Peanut;XL;GRIETA;1
2025;DICIEMBRE;BASIC LINE OVERSIZED CAB;[BAOCCCA43TM] BASIC LINE OVERSIZED CAB (Black - 999, M);BAOCCCA43TM;CAB;Negro;M;SAMBIL VALENCIA;1
2025;DICIEMBRE;BASIC LINE CROP TEE DAMA;[BACCCDA158TXS] BASIC LINE CROP TEE DAMA (Ivory - 005, XS);BACCCDA158TXS;DAMA;Ivory;XS;SAMBIL VALENCIA;1
2025;DICIEMBRE;BASIC LINE CROP TEE DAMA;[BACCCDA43TS] BASIC LINE CROP TEE DAMA (Black - 999, S);BACCCDA43TS;DAMA;Negro;S;GRIETA;1
2025;DICIEMBRE;BASIC LINE PANT DAMA;[BAPCCDA43TS] BASIC LINE PANT DAMA (Black - 999, S);BAPCCDA43TS;DAMA;Negro;S;GRIETA;1
2025;DICIEMBRE;BASIC LINE OVERSIZED CAB;[BAOCCCA38TM] BASIC LINE OVERSIZED CAB (Peanut - 749, M);BAOCCCA38TM;CAB;Peanut;M;SAMBIL CHACAO;1
2025;DICIEMBRE;BASIC LINE OVERSIZED CAB;[BAOCCCA158TL] BASIC LINE OVERSIZED CAB (Ivory - 005, L);BAOCCCA158TL;CAB;Ivory;L;SAMBIL CHACAO;1
2025;DICIEMBRE;BASIC LINE CROP TEE DAMA;[BACCCDA158TS] BASIC LINE CROP TEE DAMA (Ivory - 005, S);BACCCDA158TS;DAMA;Ivory;S;SAMBIL CHACAO;1
2025;DICIEMBRE;BASIC LINE CROP TEE DAMA;[BACCCDA38TS] BASIC LINE CROP TEE DAMA (Peanut - 749, S);BACCCDA38TS;DAMA;Peanut;S;SAMBIL CHACAO;1
2025;DICIEMBRE;BASIC LINE PANT DAMA;[BAPCCDA43TXL] BASIC LINE PANT DAMA (Black - 999, XL);BAPCCDA43TXL;DAMA;Negro;XL;CERRO VERDE;1
2025;DICIEMBRE;BASIC LINE CROP TEE DAMA;[BACCCDA158TS] BASIC LINE CROP TEE DAMA (Ivory - 005, S);BACCCDA158TS;DAMA;Ivory;S;SAMBIL VALENCIA;1
2025;DICIEMBRE;BASIC LINE CROP TEE DAMA;[BACCCDA158TM] BASIC LINE CROP TEE DAMA (Ivory - 005, M);BACCCDA158TM;DAMA;Ivory;M;SAMBIL VALENCIA;1
2025;DICIEMBRE;BASIC LINE OVERSIZED CAB;[BAOCCCA38TXL] BASIC LINE OVERSIZED CAB (Peanut - 749, XL);BAOCCCA38TXL;CAB;Peanut;XL;CERRO VERDE;1
2025;DICIEMBRE;BASIC LINE OVERSIZED CAB;[BAOCCCA43TL] BASIC LINE OVERSIZED CAB (Black - 999, L);BAOCCCA43TL;CAB;Negro;L;SAMBIL VALENCIA;1
2025;DICIEMBRE;BASIC LINE OVERSIZED CAB;[BAOCCCA38TXL] BASIC LINE OVERSIZED CAB (Peanut - 749, XL);BAOCCCA38TXL;CAB;Peanut;XL;CERRO VERDE;-1
2025;DICIEMBRE;BASIC LINE OVERSIZED CAB;[BAOCCCA38TL] BASIC LINE OVERSIZED CAB (Peanut - 749, L);BAOCCCA38TL;CAB;Peanut;L;CERRO VERDE;1
2025;DICIEMBRE;BASIC LINE CROP TEE DAMA;[BACCCDA38TS] BASIC LINE CROP TEE DAMA (Peanut - 749, S);BACCCDA38TS;DAMA;Peanut;S;SAMBIL VALENCIA;1
2025;DICIEMBRE;BASIC LINE OVERSIZED CAB;[BAOCCCA38TL] BASIC LINE OVERSIZED CAB (Peanut - 749, L);BAOCCCA38TL;CAB;Peanut;L;SAMBIL VALENCIA;1
2025;DICIEMBRE;BASIC LINE OVERSIZED CAB;[BAOCCCA158TS] BASIC LINE OVERSIZED CAB (Ivory - 005, S);BAOCCCA158TS;CAB;Ivory;S;GRIETA;1
2025;DICIEMBRE;BASIC LINE OVERSIZED CAB;[BAOCCCA43TXL] BASIC LINE OVERSIZED CAB (Black - 999, XL);BAOCCCA43TXL;CAB;Negro;XL;CERRO VERDE;1
2025;DICIEMBRE;BASIC LINE PANT DAMA;[BAPCCDA43TXS] BASIC LINE PANT DAMA (Black - 999, XS);BAPCCDA43TXS;DAMA;Negro;XS;WEB;1
2025;DICIEMBRE;BASIC LINE CROP TEE DAMA;[BACCCDA43TXS] BASIC LINE CROP TEE DAMA (Black - 999, XS);BACCCDA43TXS;DAMA;Negro;XS;WEB;1
2025;DICIEMBRE;BASIC LINE PANT DAMA;[BAPCCDA43TM] BASIC LINE PANT DAMA (Black - 999, M);BAPCCDA43TM;DAMA;Negro;M;WEB;1
2025;DICIEMBRE;BASIC LINE CROP TEE DAMA;[BACCCDA43TS] BASIC LINE CROP TEE DAMA (Black - 999, S);BACCCDA43TS;DAMA;Negro;S;CERRO VERDE;1
2025;DICIEMBRE;BASIC LINE CROP TEE DAMA;[BACCCDA38TS] BASIC LINE CROP TEE DAMA (Peanut - 749, S);BACCCDA38TS;DAMA;Peanut;S;CERRO VERDE;1
2025;DICIEMBRE;BASIC LINE SHORT DAMA;[BASCCDA38TXS] BASIC LINE SHORT DAMA (Peanut - 749, XS);BASCCDA38TXS;DAMA;Peanut;XS;CERRO VERDE;1
2025;DICIEMBRE;BASIC LINE OVERSIZED CAB;[BAOCCCA38TM] BASIC LINE OVERSIZED CAB (Peanut - 749, M);BAOCCCA38TM;CAB;Peanut;M;SAMBIL CHACAO;1
2025;DICIEMBRE;BASIC LINE CROP TEE DAMA;[BACCCDA38TXS] BASIC LINE CROP TEE DAMA (Peanut - 749, XS);BACCCDA38TXS;DAMA;Peanut;XS;SAMBIL CHACAO;1
2025;DICIEMBRE;BASIC LINE SHORT DAMA;[BASCCDA38TXS] BASIC LINE SHORT DAMA (Peanut - 749, XS);BASCCDA38TXS;DAMA;Peanut;XS;SAMBIL CHACAO;1
2025;DICIEMBRE;BASIC LINE CROP TEE DAMA;[BACCCDA158TM] BASIC LINE CROP TEE DAMA (Ivory - 005, M);BACCCDA158TM;DAMA;Ivory;M;SAMBIL VALENCIA;1
2025;DICIEMBRE;BASIC LINE SHORT DAMA;[BASCCDA43TS] BASIC LINE SHORT DAMA (Black - 999, S);BASCCDA43TS;DAMA;Negro;S;GRIETA;1
2025;DICIEMBRE;BASIC LINE CROP TEE DAMA;[BACCCDA43TS] BASIC LINE CROP TEE DAMA (Black - 999, S);BACCCDA43TS;DAMA;Negro;S;GRIETA;1
2025;DICIEMBRE;BASIC LINE PANT DAMA;[BAPCCDA43TS] BASIC LINE PANT DAMA (Black - 999, S);BAPCCDA43TS;DAMA;Negro;S;CERRO VERDE;1
2025;DICIEMBRE;BASIC LINE SHORT DAMA;[BASCCDA38TXL] BASIC LINE SHORT DAMA (Peanut - 749, XL);BASCCDA38TXL;DAMA;Peanut;XL;SAMBIL CHACAO;1
2025;DICIEMBRE;BASIC LINE OVERSIZED CAB;[BAOCCCA158TXL] BASIC LINE OVERSIZED CAB (Ivory - 005, XL);BAOCCCA158TXL;CAB;Ivory;XL;SAMBIL CHACAO;1
2025;DICIEMBRE;BASIC LINE PANT DAMA;[BAPCCDA43TXL] BASIC LINE PANT DAMA (Black - 999, XL);BAPCCDA43TXL;DAMA;Negro;XL;GRIETA;1
2025;DICIEMBRE;BASIC LINE CROP TEE DAMA;[BACCCDA158TL] BASIC LINE CROP TEE DAMA (Ivory - 005, L);BACCCDA158TL;DAMA;Ivory;L;GRIETA;1
2025;DICIEMBRE;BASIC LINE CROP TEE DAMA;[BACCCDA158TL] BASIC LINE CROP TEE DAMA (Ivory - 005, L);BACCCDA158TL;DAMA;Ivory;L;GRIETA;-1
2025;DICIEMBRE;BASIC LINE CROP TEE DAMA;[BACCCDA158TL] BASIC LINE CROP TEE DAMA (Ivory - 005, L);BACCCDA158TL;DAMA;Ivory;L;GRIETA;1
2025;DICIEMBRE;BASIC LINE PANT DAMA;[BAPCCDA43TXS] BASIC LINE PANT DAMA (Black - 999, XS);BAPCCDA43TXS;DAMA;Negro;XS;GRIETA;1
2025;DICIEMBRE;BASIC LINE CROP TEE DAMA;[BACCCDA43TXS] BASIC LINE CROP TEE DAMA (Black - 999, XS);BACCCDA43TXS;DAMA;Negro;XS;GRIETA;1
2025;DICIEMBRE;BASIC LINE OVERSIZED CAB;[BAOCCCA38TS] BASIC LINE OVERSIZED CAB (Peanut - 749, S);BAOCCCA38TS;CAB;Peanut;S;CERRO VERDE;1
2025;DICIEMBRE;BASIC LINE SHORT DAMA;[BASCCDA43TS] BASIC LINE SHORT DAMA (Black - 999, S);BASCCDA43TS;DAMA;Negro;S;WEB;1
2025;DICIEMBRE;BASIC LINE CROP TEE DAMA;[BACCCDA43TS] BASIC LINE CROP TEE DAMA (Black - 999, S);BACCCDA43TS;DAMA;Negro;S;WEB;1
2025;DICIEMBRE;BASIC LINE OVERSIZED CAB;[BAOCCCA43TXL] BASIC LINE OVERSIZED CAB (Black - 999, XL);BAOCCCA43TXL;CAB;Negro;XL;SAMBIL CHACAO;1
2025;DICIEMBRE;BASIC LINE OVERSIZED CAB;[BAOCCCA43TXS] BASIC LINE OVERSIZED CAB (Black - 999, XS);BAOCCCA43TXS;CAB;Negro;XS;SAMBIL CHACAO;1
2025;DICIEMBRE;BASIC LINE OVERSIZED CAB;[BAOCCCA158TXL] BASIC LINE OVERSIZED CAB (Ivory - 005, XL);BAOCCCA158TXL;CAB;Ivory;XL;SAMBIL CHACAO;1
2025;DICIEMBRE;BASIC LINE OVERSIZED CAB;[BAOCCCA43TXL] BASIC LINE OVERSIZED CAB (Black - 999, XL);BAOCCCA43TXL;CAB;Negro;XL;SAMBIL CHACAO;2
2025;DICIEMBRE;BASIC LINE OVERSIZED CAB;[BAOCCCA158TL] BASIC LINE OVERSIZED CAB (Ivory - 005, L);BAOCCCA158TL;CAB;Ivory;L;SAMBIL VALENCIA;1
2025;DICIEMBRE;BASIC LINE CROP TEE DAMA;[BACCCDA158TS] BASIC LINE CROP TEE DAMA (Ivory - 005, S);BACCCDA158TS;DAMA;Ivory;S;SAMBIL VALENCIA;1
2025;DICIEMBRE;BASIC LINE PANT DAMA;[BAPCCDA43TM] BASIC LINE PANT DAMA (Black - 999, M);BAPCCDA43TM;DAMA;Negro;M;WEB;1
2025;DICIEMBRE;BASIC LINE CROP TEE DAMA;[BACCCDA38TM] BASIC LINE CROP TEE DAMA (Peanut - 749, M);BACCCDA38TM;DAMA;Peanut;M;WEB;1
2025;DICIEMBRE;BASIC LINE SHORT DAMA;[BASCCDA38TM] BASIC LINE SHORT DAMA (Peanut - 749, M);BASCCDA38TM;DAMA;Peanut;M;WEB;1
2025;DICIEMBRE;BASIC LINE OVERSIZED CAB;[BAOCCCA158TM] BASIC LINE OVERSIZED CAB (Ivory - 005, M);BAOCCCA158TM;CAB;Ivory;M;WEB;1
2025;DICIEMBRE;BASIC LINE OVERSIZED CAB;[BAOCCCA43TM] BASIC LINE OVERSIZED CAB (Black - 999, M);BAOCCCA43TM;CAB;Negro;M;WEB;1
2025;DICIEMBRE;BASIC LINE OVERSIZED CAB;[BAOCCCA158TM] BASIC LINE OVERSIZED CAB (Ivory - 005, M);BAOCCCA158TM;CAB;Ivory;M;GRIETA;1
2025;DICIEMBRE;BASIC LINE OVERSIZED CAB;[BAOCCCA43TM] BASIC LINE OVERSIZED CAB (Black - 999, M);BAOCCCA43TM;CAB;Negro;M;GRIETA;1
2025;DICIEMBRE;BASIC LINE OVERSIZED CAB;[BAOCCCA38TM] BASIC LINE OVERSIZED CAB (Peanut - 749, M);BAOCCCA38TM;CAB;Peanut;M;GRIETA;1
2025;DICIEMBRE;BASIC LINE OVERSIZED CAB;[BAOCCCA43TM] BASIC LINE OVERSIZED CAB (Black - 999, M);BAOCCCA43TM;CAB;Negro;M;SAMBIL CHACAO;1
2025;DICIEMBRE;BASIC LINE CROP TEE DAMA;[BACCCDA38TS] BASIC LINE CROP TEE DAMA (Peanut - 749, S);BACCCDA38TS;DAMA;Peanut;S;SAMBIL VALENCIA;1
2025;DICIEMBRE;BASIC LINE SHORT DAMA;[BASCCDA38TS] BASIC LINE SHORT DAMA (Peanut - 749, S);BASCCDA38TS;DAMA;Peanut;S;SAMBIL CHACAO;1
2025;DICIEMBRE;BASIC LINE CROP TEE DAMA;[BACCCDA38TL] BASIC LINE CROP TEE DAMA (Peanut - 749, L);BACCCDA38TL;DAMA;Peanut;L;SAMBIL CHACAO;1
2025;DICIEMBRE;BASIC LINE SHORT DAMA;[BASCCDA43TM] BASIC LINE SHORT DAMA (Black - 999, M);BASCCDA43TM;DAMA;Negro;M;SAMBIL CHACAO;1
2025;DICIEMBRE;BASIC LINE CROP TEE DAMA;[BACCCDA38TS] BASIC LINE CROP TEE DAMA (Peanut - 749, S);BACCCDA38TS;DAMA;Peanut;S;CERRO VERDE;1
2025;DICIEMBRE;BASIC LINE OVERSIZED CAB;[BAOCCCA158TL] BASIC LINE OVERSIZED CAB (Ivory - 005, L);BAOCCCA158TL;CAB;Ivory;L;WEB;1
2025;DICIEMBRE;BASIC LINE PANT DAMA;[BAPCCDA43TL] BASIC LINE PANT DAMA (Black - 999, L);BAPCCDA43TL;DAMA;Negro;L;SAMBIL VALENCIA;1
2025;DICIEMBRE;BASIC LINE SHORT DAMA;[BASCCDA38TM] BASIC LINE SHORT DAMA (Peanut - 749, M);BASCCDA38TM;DAMA;Peanut;M;SAMBIL VALENCIA;1
2025;DICIEMBRE;BASIC LINE OVERSIZED CAB;[BAOCCCA158TL] BASIC LINE OVERSIZED CAB (Ivory - 005, L);BAOCCCA158TL;CAB;Ivory;L;GRIETA;1
2025;DICIEMBRE;BASIC LINE OVERSIZED CAB;[BAOCCCA43TL] BASIC LINE OVERSIZED CAB (Black - 999, L);BAOCCCA43TL;CAB;Negro;L;GRIETA;1
2025;DICIEMBRE;BASIC LINE OVERSIZED CAB;[BAOCCCA43TS] BASIC LINE OVERSIZED CAB (Black - 999, S);BAOCCCA43TS;CAB;Negro;S;SAMBIL VALENCIA;1
2025;DICIEMBRE;BASIC LINE OVERSIZED CAB;[BAOCCCA158TL] BASIC LINE OVERSIZED CAB (Ivory - 005, L);BAOCCCA158TL;CAB;Ivory;L;SAMBIL CHACAO;1
2025;DICIEMBRE;BASIC LINE OVERSIZED CAB;[BAOCCCA43TL] BASIC LINE OVERSIZED CAB (Black - 999, L);BAOCCCA43TL;CAB;Negro;L;SAMBIL VALENCIA;1
2025;DICIEMBRE;BASIC LINE CROP TEE DAMA;[BACCCDA38TL] BASIC LINE CROP TEE DAMA (Peanut - 749, L);BACCCDA38TL;DAMA;Peanut;L;SAMBIL VALENCIA;1
2025;DICIEMBRE;BASIC LINE CROP TEE DAMA;[BACCCDA158TXS] BASIC LINE CROP TEE DAMA (Ivory - 005, XS);BACCCDA158TXS;DAMA;Ivory;XS;SAMBIL VALENCIA;1
2025;DICIEMBRE;BASIC LINE CROP TEE DAMA;[BACCCDA158TM] BASIC LINE CROP TEE DAMA (Ivory - 005, M);BACCCDA158TM;DAMA;Ivory;M;SAMBIL CHACAO;1
2025;DICIEMBRE;BASIC LINE OVERSIZED CAB;[BAOCCCA158TS] BASIC LINE OVERSIZED CAB (Ivory - 005, S);BAOCCCA158TS;CAB;Ivory;S;GRIETA;1
2025;DICIEMBRE;BASIC LINE OVERSIZED CAB;[BAOCCCA158TS] BASIC LINE OVERSIZED CAB (Ivory - 005, S);BAOCCCA158TS;CAB;Ivory;S;SAMBIL VALENCIA;1
2025;DICIEMBRE;BASIC LINE OVERSIZED CAB;[BAOCCCA158TS] BASIC LINE OVERSIZED CAB (Ivory - 005, S);BAOCCCA158TS;CAB;Ivory;S;SAMBIL CHACAO;1
2025;DICIEMBRE;BASIC LINE OVERSIZED CAB;[BAOCCCA158TS] BASIC LINE OVERSIZED CAB (Ivory - 005, S);BAOCCCA158TS;CAB;Ivory;S;SAMBIL CHACAO;-1
2025;DICIEMBRE;BASIC LINE OVERSIZED CAB;[BAOCCCA158TS] BASIC LINE OVERSIZED CAB (Ivory - 005, S);BAOCCCA158TS;CAB;Ivory;S;SAMBIL CHACAO;1
2025;DICIEMBRE;BASIC LINE SHORT DAMA;[BASCCDA43TL] BASIC LINE SHORT DAMA (Black - 999, L);BASCCDA43TL;DAMA;Negro;L;SAMBIL CHACAO;1
2025;DICIEMBRE;BASIC LINE OVERSIZED CAB;[BAOCCCA43TM] BASIC LINE OVERSIZED CAB (Black - 999, M);BAOCCCA43TM;CAB;Negro;M;SAMBIL CHACAO;1
2025;DICIEMBRE;BASIC LINE OVERSIZED CAB;[BAOCCCA43TXL] BASIC LINE OVERSIZED CAB (Black - 999, XL);BAOCCCA43TXL;CAB;Negro;XL;CERRO VERDE;1
2025;DICIEMBRE;BASIC LINE CROP TEE DAMA;[BACCCDA158TS] BASIC LINE CROP TEE DAMA (Ivory - 005, S);BACCCDA158TS;DAMA;Ivory;S;CERRO VERDE;1
2025;DICIEMBRE;BASIC LINE OVERSIZED CAB;[BAOCCCA158TS] BASIC LINE OVERSIZED CAB (Ivory - 005, S);BAOCCCA158TS;CAB;Ivory;S;SAMBIL CHACAO;-1
2025;DICIEMBRE;BASIC LINE OVERSIZED CAB;[BAOCCCA158TS] BASIC LINE OVERSIZED CAB (Ivory - 005, S);BAOCCCA158TS;CAB;Ivory;S;SAMBIL CHACAO;1
2025;DICIEMBRE;BASIC LINE OVERSIZED CAB;[BAOCCCA158TS] BASIC LINE OVERSIZED CAB (Ivory - 005, S);BAOCCCA158TS;CAB;Ivory;S;SAMBIL CHACAO;-1
2025;DICIEMBRE;BASIC LINE OVERSIZED CAB;[BAOCCCA158TS] BASIC LINE OVERSIZED CAB (Ivory - 005, S);BAOCCCA158TS;CAB;Ivory;S;SAMBIL CHACAO;1
2025;DICIEMBRE;BASIC LINE CROP TEE DAMA;[BACCCDA158TM] BASIC LINE CROP TEE DAMA (Ivory - 005, M);BACCCDA158TM;DAMA;Ivory;M;SAMBIL CHACAO;1
2025;DICIEMBRE;BASIC LINE OVERSIZED CAB;[BAOCCCA38T2XL] BASIC LINE OVERSIZED CAB (Peanut - 749, 2XL);BAOCCCA38T2XL;CAB;Peanut;2XL;SAMBIL CHACAO;1
2025;DICIEMBRE;BASIC LINE OVERSIZED CAB;[BAOCCCA158TXS] BASIC LINE OVERSIZED CAB (Ivory - 005, XS);BAOCCCA158TXS;CAB;Ivory;XS;SAMBIL VALENCIA;1
2025;DICIEMBRE;BASIC LINE OVERSIZED CAB;[BAOCCCA158TL] BASIC LINE OVERSIZED CAB (Ivory - 005, L);BAOCCCA158TL;CAB;Ivory;L;CERRO VERDE;1
2025;DICIEMBRE;BASIC LINE OVERSIZED CAB;[BAOCCCA158TL] BASIC LINE OVERSIZED CAB (Ivory - 005, L);BAOCCCA158TL;CAB;Ivory;L;CERRO VERDE;1
2025;DICIEMBRE;BASIC LINE OVERSIZED CAB;[BAOCCCA38TXL] BASIC LINE OVERSIZED CAB (Peanut - 749, XL);BAOCCCA38TXL;CAB;Peanut;XL;SAMBIL VALENCIA;1
2025;DICIEMBRE;BASIC LINE OVERSIZED CAB;[BAOCCCA38TM] BASIC LINE OVERSIZED CAB (Peanut - 749, M);BAOCCCA38TM;CAB;Peanut;M;SAMBIL VALENCIA;1
2025;DICIEMBRE;BASIC LINE OVERSIZED CAB;[BAOCCCA43TL] BASIC LINE OVERSIZED CAB (Black - 999, L);BAOCCCA43TL;CAB;Negro;L;SAMBIL VALENCIA;1
2025;DICIEMBRE;BASIC LINE CROP TEE DAMA;[BACCCDA38TL] BASIC LINE CROP TEE DAMA (Peanut - 749, L);BACCCDA38TL;DAMA;Peanut;L;SAMBIL VALENCIA;2
2025;DICIEMBRE;BASIC LINE CROP TEE DAMA;[BACCCDA43TM] BASIC LINE CROP TEE DAMA (Black - 999, M);BACCCDA43TM;DAMA;Negro;M;SAMBIL VALENCIA;1
2025;DICIEMBRE;BASIC LINE PANT DAMA;[BAPCCDA43TM] BASIC LINE PANT DAMA (Black - 999, M);BAPCCDA43TM;DAMA;Negro;M;SAMBIL VALENCIA;1
2025;DICIEMBRE;BASIC LINE OVERSIZED CAB;[BAOCCCA158TL] BASIC LINE OVERSIZED CAB (Ivory - 005, L);BAOCCCA158TL;CAB;Ivory;L;SAMBIL CHACAO;1
2025;DICIEMBRE;BASIC LINE OVERSIZED CAB;[BAOCCCA38T2XL] BASIC LINE OVERSIZED CAB (Peanut - 749, 2XL);BAOCCCA38T2XL;CAB;Peanut;2XL;SAMBIL CHACAO;1
2025;DICIEMBRE;BASIC LINE OVERSIZED CAB;[BAOCCCA38TXL] BASIC LINE OVERSIZED CAB (Peanut - 749, XL);BAOCCCA38TXL;CAB;Peanut;XL;CERRO VERDE;1
2025;DICIEMBRE;BASIC LINE OVERSIZED CAB;[BAOCCCA158TS] BASIC LINE OVERSIZED CAB (Ivory - 005, S);BAOCCCA158TS;CAB;Ivory;S;CERRO VERDE;1
2025;DICIEMBRE;BASIC LINE PANT DAMA;[BAPCCDA43TM] BASIC LINE PANT DAMA (Black - 999, M);BAPCCDA43TM;DAMA;Negro;M;CERRO VERDE;1
2025;DICIEMBRE;BASIC LINE CROP TEE DAMA;[BACCCDA38TS] BASIC LINE CROP TEE DAMA (Peanut - 749, S);BACCCDA38TS;DAMA;Peanut;S;CERRO VERDE;1
2025;DICIEMBRE;BASIC LINE OVERSIZED CAB;[BAOCCCA43TM] BASIC LINE OVERSIZED CAB (Black - 999, M);BAOCCCA43TM;CAB;Negro;M;SAMBIL VALENCIA;1
2025;DICIEMBRE;BASIC LINE OVERSIZED CAB;[BAOCCCA43TL] BASIC LINE OVERSIZED CAB (Black - 999, L);BAOCCCA43TL;CAB;Negro;L;GRIETA;1
2025;DICIEMBRE;BASIC LINE CROP TEE DAMA;[BACCCDA158TM] BASIC LINE CROP TEE DAMA (Ivory - 005, M);BACCCDA158TM;DAMA;Ivory;M;GRIETA;1
2025;DICIEMBRE;BASIC LINE CROP TEE DAMA;[BACCCDA43TM] BASIC LINE CROP TEE DAMA (Black - 999, M);BACCCDA43TM;DAMA;Negro;M;GRIETA;1
2025;DICIEMBRE;BASIC LINE PANT DAMA;[BAPCCDA43TS] BASIC LINE PANT DAMA (Black - 999, S);BAPCCDA43TS;DAMA;Negro;S;GRIETA;1
2025;DICIEMBRE;BASIC LINE PANT DAMA;[BAPCCDA184TM] BASIC LINE PANT DAMA (Peanut - 749, M);BAPCCDA184TM;DAMA;Peanut;M;WEB;1
2025;DICIEMBRE;BASIC LINE SHORT DAMA;[BASCCDA43TXL] BASIC LINE SHORT DAMA (Black - 999, XL);BASCCDA43TXL;DAMA;Negro;XL;SAMBIL VALENCIA;1
2025;DICIEMBRE;BASIC LINE SHORT DAMA;[BASCCDA43TL] BASIC LINE SHORT DAMA (Black - 999, L);BASCCDA43TL;DAMA;Negro;L;SAMBIL VALENCIA;1
2025;DICIEMBRE;BASIC LINE OVERSIZED CAB;[BAOCCCA43TM] BASIC LINE OVERSIZED CAB (Black - 999, M);BAOCCCA43TM;CAB;Negro;M;SAMBIL VALENCIA;1
2025;DICIEMBRE;BASIC LINE OVERSIZED CAB;[BAOCCCA158TM] BASIC LINE OVERSIZED CAB (Ivory - 005, M);BAOCCCA158TM;CAB;Ivory;M;WEB;1
2025;DICIEMBRE;BASIC LINE OVERSIZED CAB;[BAOCCCA38TL] BASIC LINE OVERSIZED CAB (Peanut - 749, L);BAOCCCA38TL;CAB;Peanut;L;GRIETA;1
2025;DICIEMBRE;BASIC LINE OVERSIZED CAB;[BAOCCCA158TXL] BASIC LINE OVERSIZED CAB (Ivory - 005, XL);BAOCCCA158TXL;CAB;Ivory;XL;GRIETA;1
2025;DICIEMBRE;BASIC LINE CROP TEE DAMA;[BACCCDA43TM] BASIC LINE CROP TEE DAMA (Black - 999, M);BACCCDA43TM;DAMA;Negro;M;SAMBIL CHACAO;1
2025;DICIEMBRE;BASIC LINE PANT DAMA;[BAPCCDA43TL] BASIC LINE PANT DAMA (Black - 999, L);BAPCCDA43TL;DAMA;Negro;L;SAMBIL CHACAO;1
2025;DICIEMBRE;BASIC LINE OVERSIZED CAB;[BAOCCCA158TM] BASIC LINE OVERSIZED CAB (Ivory - 005, M);BAOCCCA158TM;CAB;Ivory;M;GRIETA;1
2025;DICIEMBRE;BASIC LINE CROP TEE DAMA;[BACCCDA158TM] BASIC LINE CROP TEE DAMA (Ivory - 005, M);BACCCDA158TM;DAMA;Ivory;M;CERRO VERDE;1
2025;DICIEMBRE;BASIC LINE OVERSIZED CAB;[BAOCCCA38TL] BASIC LINE OVERSIZED CAB (Peanut - 749, L);BAOCCCA38TL;CAB;Peanut;L;GRIETA;1
2025;DICIEMBRE;BASIC LINE PANT DAMA;[BAPCCDA43TS] BASIC LINE PANT DAMA (Black - 999, S);BAPCCDA43TS;DAMA;Negro;S;CERRO VERDE;1
2025;DICIEMBRE;BASIC LINE CROP TEE DAMA;[BACCCDA43TS] BASIC LINE CROP TEE DAMA (Black - 999, S);BACCCDA43TS;DAMA;Negro;S;CERRO VERDE;1
2025;DICIEMBRE;BASIC LINE OVERSIZED CAB;[BAOCCCA43TM] BASIC LINE OVERSIZED CAB (Black - 999, M);BAOCCCA43TM;CAB;Negro;M;GRIETA;1
2025;DICIEMBRE;BASIC LINE OVERSIZED CAB;[BAOCCCA43TL] BASIC LINE OVERSIZED CAB (Black - 999, L);BAOCCCA43TL;CAB;Negro;L;GRIETA;1
2025;DICIEMBRE;BASIC LINE OVERSIZED CAB;[BAOCCCA43TL] BASIC LINE OVERSIZED CAB (Black - 999, L);BAOCCCA43TL;CAB;Negro;L;SAMBIL VALENCIA;1
2025;DICIEMBRE;BASIC LINE SHORT DAMA;[BASCCDA38TS] BASIC LINE SHORT DAMA (Peanut - 749, S);BASCCDA38TS;DAMA;Peanut;S;GRIETA;1
2025;DICIEMBRE;BASIC LINE CROP TEE DAMA;[BACCCDA38TL] BASIC LINE CROP TEE DAMA (Peanut - 749, L);BACCCDA38TL;DAMA;Peanut;L;GRIETA;1
2025;DICIEMBRE;BASIC LINE PANT DAMA;[BAPCCDA43TM] BASIC LINE PANT DAMA (Black - 999, M);BAPCCDA43TM;DAMA;Negro;M;CERRO VERDE;1
2025;DICIEMBRE;BASIC LINE CROP TEE DAMA;[BACCCDA43TM] BASIC LINE CROP TEE DAMA (Black - 999, M);BACCCDA43TM;DAMA;Negro;M;CERRO VERDE;1
2025;DICIEMBRE;BASIC LINE CROP TEE DAMA;[BACCCDA158TXS] BASIC LINE CROP TEE DAMA (Ivory - 005, XS);BACCCDA158TXS;DAMA;Ivory;XS;GRIETA;1
2025;DICIEMBRE;BASIC LINE CROP TEE DAMA;[BACCCDA38TXS] BASIC LINE CROP TEE DAMA (Peanut - 749, XS);BACCCDA38TXS;DAMA;Peanut;XS;GRIETA;1
2025;DICIEMBRE;BASIC LINE PANT DAMA;[BAPCCDA43TS] BASIC LINE PANT DAMA (Black - 999, S);BAPCCDA43TS;DAMA;Negro;S;SAMBIL VALENCIA;1
2025;DICIEMBRE;BASIC LINE CROP TEE DAMA;[BACCCDA38TXS] BASIC LINE CROP TEE DAMA (Peanut - 749, XS);BACCCDA38TXS;DAMA;Peanut;XS;SAMBIL VALENCIA;1
2025;DICIEMBRE;BASIC LINE SHORT DAMA;[BASCCDA38TXS] BASIC LINE SHORT DAMA (Peanut - 749, XS);BASCCDA38TXS;DAMA;Peanut;XS;SAMBIL VALENCIA;1
2025;DICIEMBRE;BASIC LINE OVERSIZED CAB;[BAOCCCA43TS] BASIC LINE OVERSIZED CAB (Black - 999, S);BAOCCCA43TS;CAB;Negro;S;SAMBIL VALENCIA;1
2025;DICIEMBRE;BASIC LINE SHORT DAMA;[BASCCDA43TL] BASIC LINE SHORT DAMA (Black - 999, L);BASCCDA43TL;DAMA;Negro;L;SAMBIL VALENCIA;1
2025;DICIEMBRE;BASIC LINE OVERSIZED CAB;[BAOCCCA158TXS] BASIC LINE OVERSIZED CAB (Ivory - 005, XS);BAOCCCA158TXS;CAB;Ivory;XS;SAMBIL VALENCIA;1
2025;DICIEMBRE;BASIC LINE OVERSIZED CAB;[BAOCCCA43TXL] BASIC LINE OVERSIZED CAB (Black - 999, XL);BAOCCCA43TXL;CAB;Negro;XL;CERRO VERDE;1
2025;DICIEMBRE;BASIC LINE OVERSIZED CAB;[BAOCCCA38TS] BASIC LINE OVERSIZED CAB (Peanut - 749, S);BAOCCCA38TS;CAB;Peanut;S;SAMBIL VALENCIA;1
2025;DICIEMBRE;BASIC LINE CROP TEE DAMA;[BACCCDA43TS] BASIC LINE CROP TEE DAMA (Black - 999, S);BACCCDA43TS;DAMA;Negro;S;WEB;1
2025;DICIEMBRE;BASIC LINE SHORT DAMA;[BASCCDA43TS] BASIC LINE SHORT DAMA (Black - 999, S);BASCCDA43TS;DAMA;Negro;S;WEB;1
2025;DICIEMBRE;BASIC LINE CROP TEE DAMA;[BACCCDA158TXS] BASIC LINE CROP TEE DAMA (Ivory - 005, XS);BACCCDA158TXS;DAMA;Ivory;XS;SAMBIL CHACAO;1
2025;DICIEMBRE;BASIC LINE CROP TEE DAMA;[BACCCDA158TS] BASIC LINE CROP TEE DAMA (Ivory - 005, S);BACCCDA158TS;DAMA;Ivory;S;SAMBIL CHACAO;1
2025;DICIEMBRE;BASIC LINE CROP TEE DAMA;[BACCCDA38TXS] BASIC LINE CROP TEE DAMA (Peanut - 749, XS);BACCCDA38TXS;DAMA;Peanut;XS;SAMBIL CHACAO;1
2025;DICIEMBRE;BASIC LINE OVERSIZED CAB;[BAOCCCA158TXS] BASIC LINE OVERSIZED CAB (Ivory - 005, XS);BAOCCCA158TXS;CAB;Ivory;XS;GRIETA;1
2025;DICIEMBRE;BASIC LINE PANT DAMA;[BAPCCDA184TS] BASIC LINE PANT DAMA (Peanut - 749, S);BAPCCDA184TS;DAMA;Peanut;S;WEB;1
2025;DICIEMBRE;BASIC LINE CROP TEE DAMA;[BACCCDA38TS] BASIC LINE CROP TEE DAMA (Peanut - 749, S);BACCCDA38TS;DAMA;Peanut;S;WEB;1
2025;DICIEMBRE;BASIC LINE SHORT DAMA;[BASCCDA38TS] BASIC LINE SHORT DAMA (Peanut - 749, S);BASCCDA38TS;DAMA;Peanut;S;WEB;1
2025;DICIEMBRE;BASIC LINE CROP TEE DAMA;[BACCCDA43TS] BASIC LINE CROP TEE DAMA (Black - 999, S);BACCCDA43TS;DAMA;Negro;S;WEB;1
2025;DICIEMBRE;BASIC LINE PANT DAMA;[BAPCCDA43TS] BASIC LINE PANT DAMA (Black - 999, S);BAPCCDA43TS;DAMA;Negro;S;WEB;1
2025;DICIEMBRE;BASIC LINE SHORT DAMA;[BASCCDA43TS] BASIC LINE SHORT DAMA (Black - 999, S);BASCCDA43TS;DAMA;Negro;S;WEB;1
2025;DICIEMBRE;BASIC LINE CROP TEE DAMA;[BACCCDA158TS] BASIC LINE CROP TEE DAMA (Ivory - 005, S);BACCCDA158TS;DAMA;Ivory;S;WEB;1
2025;DICIEMBRE;BASIC LINE OVERSIZED CAB;[BAOCCCA43TS] BASIC LINE OVERSIZED CAB (Black - 999, S);BAOCCCA43TS;CAB;Negro;S;CERRO VERDE;1
2025;DICIEMBRE;BASIC LINE SHORT DAMA;[BASCCDA38TL] BASIC LINE SHORT DAMA (Peanut - 749, L);BASCCDA38TL;DAMA;Peanut;L;CERRO VERDE;1
2025;DICIEMBRE;BASIC LINE PANT DAMA;[BAPCCDA43TM] BASIC LINE PANT DAMA (Black - 999, M);BAPCCDA43TM;DAMA;Negro;M;CERRO VERDE;1
2025;DICIEMBRE;BASIC LINE PANT DAMA;[BAPCCDA43TL] BASIC LINE PANT DAMA (Black - 999, L);BAPCCDA43TL;DAMA;Negro;L;CERRO VERDE;1
2025;DICIEMBRE;BASIC LINE CROP TEE DAMA;[BACCCDA158TM] BASIC LINE CROP TEE DAMA (Ivory - 005, M);BACCCDA158TM;DAMA;Ivory;M;CERRO VERDE;1
2025;DICIEMBRE;BASIC LINE CROP TEE DAMA;[BACCCDA43TL] BASIC LINE CROP TEE DAMA (Black - 999, L);BACCCDA43TL;DAMA;Negro;L;SAMBIL VALENCIA;1
2025;DICIEMBRE;BASIC LINE OVERSIZED CAB;[BAOCCCA38T2XL] BASIC LINE OVERSIZED CAB (Peanut - 749, 2XL);BAOCCCA38T2XL;CAB;Peanut;2XL;GRIETA;1
2025;DICIEMBRE;BASIC LINE SHORT DAMA;[BASCCDA43TL] BASIC LINE SHORT DAMA (Black - 999, L);BASCCDA43TL;DAMA;Negro;L;GRIETA;1
2025;DICIEMBRE;BASIC LINE PANT DAMA;[BAPCCDA43TXL] BASIC LINE PANT DAMA (Black - 999, XL);BAPCCDA43TXL;DAMA;Negro;XL;GRIETA;1
2025;DICIEMBRE;BASIC LINE CROP TEE DAMA;[BACCCDA158TXL] BASIC LINE CROP TEE DAMA (Ivory - 005, XL);BACCCDA158TXL;DAMA;Ivory;XL;GRIETA;1
2025;DICIEMBRE;BASIC LINE OVERSIZED CAB;[BAOCCCA158TXL] BASIC LINE OVERSIZED CAB (Ivory - 005, XL);BAOCCCA158TXL;CAB;Ivory;XL;GRIETA;1
2025;DICIEMBRE;BASIC LINE CROP TEE DAMA;[BACCCDA38TL] BASIC LINE CROP TEE DAMA (Peanut - 749, L);BACCCDA38TL;DAMA;Peanut;L;GRIETA;1
2025;DICIEMBRE;BASIC LINE CROP TEE DAMA;[BACCCDA38TXS] BASIC LINE CROP TEE DAMA (Peanut - 749, XS);BACCCDA38TXS;DAMA;Peanut;XS;GRIETA;1
2025;DICIEMBRE;BASIC LINE CROP TEE DAMA;[BACCCDA43TL] BASIC LINE CROP TEE DAMA (Black - 999, L);BACCCDA43TL;DAMA;Negro;L;GRIETA;1
2025;DICIEMBRE;BASIC LINE SHORT DAMA;[BASCCDA38TM] BASIC LINE SHORT DAMA (Peanut - 749, M);BASCCDA38TM;DAMA;Peanut;M;GRIETA;1
2025;DICIEMBRE;BASIC LINE SHORT DAMA;[BASCCDA38TS] BASIC LINE SHORT DAMA (Peanut - 749, S);BASCCDA38TS;DAMA;Peanut;S;GRIETA;1
2025;DICIEMBRE;BASIC LINE SHORT DAMA;[BASCCDA43TM] BASIC LINE SHORT DAMA (Black - 999, M);BASCCDA43TM;DAMA;Negro;M;GRIETA;1
2025;DICIEMBRE;BASIC LINE PANT DAMA;[BAPCCDA43TL] BASIC LINE PANT DAMA (Black - 999, L);BAPCCDA43TL;DAMA;Negro;L;GRIETA;1
2025;DICIEMBRE;BASIC LINE CROP TEE DAMA;[BACCCDA43TXS] BASIC LINE CROP TEE DAMA (Black - 999, XS);BACCCDA43TXS;DAMA;Negro;XS;GRIETA;1
2025;DICIEMBRE;BASIC LINE PANT DAMA;[BAPCCDA43TS] BASIC LINE PANT DAMA (Black - 999, S);BAPCCDA43TS;DAMA;Negro;S;GRIETA;1
2025;DICIEMBRE;BASIC LINE OVERSIZED CAB;[BAOCCCA43T2XL] BASIC LINE OVERSIZED CAB (Black - 999, 2XL);BAOCCCA43T2XL;CAB;Negro;2XL;SAMBIL VALENCIA;1
2025;DICIEMBRE;BASIC LINE PANT DAMA;[BAPCCDA43TS] BASIC LINE PANT DAMA (Black - 999, S);BAPCCDA43TS;DAMA;Negro;S;SAMBIL VALENCIA;1
2025;DICIEMBRE;BASIC LINE CROP TEE DAMA;[BACCCDA43TXS] BASIC LINE CROP TEE DAMA (Black - 999, XS);BACCCDA43TXS;DAMA;Negro;XS;SAMBIL VALENCIA;1
2025;DICIEMBRE;BASIC LINE SHORT DAMA;[BASCCDA38TXL] BASIC LINE SHORT DAMA (Peanut - 749, XL);BASCCDA38TXL;DAMA;Peanut;XL;GRIETA;1
2025;DICIEMBRE;BASIC LINE CROP TEE DAMA;[BACCCDA38TL] BASIC LINE CROP TEE DAMA (Peanut - 749, L);BACCCDA38TL;DAMA;Peanut;L;GRIETA;1
2025;DICIEMBRE;BASIC LINE CROP TEE DAMA;[BACCCDA158TL] BASIC LINE CROP TEE DAMA (Ivory - 005, L);BACCCDA158TL;DAMA;Ivory;L;GRIETA;1
2025;DICIEMBRE;BASIC LINE SHORT DAMA;[BASCCDA43TXL] BASIC LINE SHORT DAMA (Black - 999, XL);BASCCDA43TXL;DAMA;Negro;XL;GRIETA;1
2025;DICIEMBRE;BASIC LINE OVERSIZED CAB;[BAOCCCA158TM] BASIC LINE OVERSIZED CAB (Ivory - 005, M);BAOCCCA158TM;CAB;Ivory;M;CERRO VERDE;1
2025;DICIEMBRE;BASIC LINE PANT DAMA;[BAPCCDA43TL] BASIC LINE PANT DAMA (Black - 999, L);BAPCCDA43TL;DAMA;Negro;L;SAMBIL CHACAO;1
2025;DICIEMBRE;BASIC LINE CROP TEE DAMA;[BACCCDA38TM] BASIC LINE CROP TEE DAMA (Peanut - 749, M);BACCCDA38TM;DAMA;Peanut;M;SAMBIL CHACAO;1
2025;DICIEMBRE;BASIC LINE CROP TEE DAMA;[BACCCDA158TM] BASIC LINE CROP TEE DAMA (Ivory - 005, M);BACCCDA158TM;DAMA;Ivory;M;GRIETA;1
2025;DICIEMBRE;BASIC LINE SHORT DAMA;[BASCCDA38TL] BASIC LINE SHORT DAMA (Peanut - 749, L);BASCCDA38TL;DAMA;Peanut;L;SAMBIL VALENCIA;1
2025;DICIEMBRE;BASIC LINE CROP TEE DAMA;[BACCCDA38TS] BASIC LINE CROP TEE DAMA (Peanut - 749, S);BACCCDA38TS;DAMA;Peanut;S;SAMBIL VALENCIA;1
2025;DICIEMBRE;BASIC LINE CROP TEE DAMA;[BACCCDA158TS] BASIC LINE CROP TEE DAMA (Ivory - 005, S);BACCCDA158TS;DAMA;Ivory;S;SAMBIL CHACAO;1
2025;DICIEMBRE;BASIC LINE OVERSIZED CAB;[BAOCCCA158TM] BASIC LINE OVERSIZED CAB (Ivory - 005, M);BAOCCCA158TM;CAB;Ivory;M;SAMBIL CHACAO;1
2025;DICIEMBRE;BASIC LINE OVERSIZED CAB;[BAOCCCA158TM] BASIC LINE OVERSIZED CAB (Ivory - 005, M);BAOCCCA158TM;CAB;Ivory;M;SAMBIL CHACAO;1
2025;DICIEMBRE;BASIC LINE OVERSIZED CAB;[BAOCCCA158TXS] BASIC LINE OVERSIZED CAB (Ivory - 005, XS);BAOCCCA158TXS;CAB;Ivory;XS;SAMBIL CHACAO;1
2025;DICIEMBRE;BASIC LINE OVERSIZED CAB;[BAOCCCA158TS] BASIC LINE OVERSIZED CAB (Ivory - 005, S);BAOCCCA158TS;CAB;Ivory;S;SAMBIL CHACAO;1
2025;DICIEMBRE;BASIC LINE CROP TEE DAMA;[BACCCDA38TS] BASIC LINE CROP TEE DAMA (Peanut - 749, S);BACCCDA38TS;DAMA;Peanut;S;SAMBIL VALENCIA;1
2025;DICIEMBRE;BASIC LINE OVERSIZED CAB;[BAOCCCA38TXL] BASIC LINE OVERSIZED CAB (Peanut - 749, XL);BAOCCCA38TXL;CAB;Peanut;XL;SAMBIL VALENCIA;1
2025;DICIEMBRE;BASIC LINE SHORT DAMA;[BASCCDA38TXL] BASIC LINE SHORT DAMA (Peanut - 749, XL);BASCCDA38TXL;DAMA;Peanut;XL;SAMBIL VALENCIA;1
2025;DICIEMBRE;BASIC LINE PANT DAMA;[BAPCCDA43TM] BASIC LINE PANT DAMA (Black - 999, M);BAPCCDA43TM;DAMA;Negro;M;SAMBIL VALENCIA;1
2025;DICIEMBRE;BASIC LINE CROP TEE DAMA;[BACCCDA43TM] BASIC LINE CROP TEE DAMA (Black - 999, M);BACCCDA43TM;DAMA;Negro;M;SAMBIL VALENCIA;1
2025;DICIEMBRE;BASIC LINE OVERSIZED CAB;[BAOCCCA38TS] BASIC LINE OVERSIZED CAB (Peanut - 749, S);BAOCCCA38TS;CAB;Peanut;S;SAMBIL VALENCIA;1
2025;DICIEMBRE;BASIC LINE SHORT DAMA;[BASCCDA38TXS] BASIC LINE SHORT DAMA (Peanut - 749, XS);BASCCDA38TXS;DAMA;Peanut;XS;GRIETA;1
2025;DICIEMBRE;BASIC LINE CROP TEE DAMA;[BACCCDA38TXS] BASIC LINE CROP TEE DAMA (Peanut - 749, XS);BACCCDA38TXS;DAMA;Peanut;XS;GRIETA;1
2025;DICIEMBRE;BASIC LINE OVERSIZED CAB;[BAOCCCA158TM] BASIC LINE OVERSIZED CAB (Ivory - 005, M);BAOCCCA158TM;CAB;Ivory;M;GRIETA;1
2025;DICIEMBRE;BASIC LINE CROP TEE DAMA;[BACCCDA158TXS] BASIC LINE CROP TEE DAMA (Ivory - 005, XS);BACCCDA158TXS;DAMA;Ivory;XS;CERRO VERDE;1
2025;DICIEMBRE;BASIC LINE PANT DAMA;[BAPCCDA43TXS] BASIC LINE PANT DAMA (Black - 999, XS);BAPCCDA43TXS;DAMA;Negro;XS;CERRO VERDE;1
2025;DICIEMBRE;BASIC LINE OVERSIZED CAB;[BAOCCCA43TXS] BASIC LINE OVERSIZED CAB (Black - 999, XS);BAOCCCA43TXS;CAB;Negro;XS;CERRO VERDE;-1
2025;DICIEMBRE;BASIC LINE SHORT DAMA;[BASCCDA43TXS] BASIC LINE SHORT DAMA (Black - 999, XS);BASCCDA43TXS;DAMA;Negro;XS;CERRO VERDE;-1
2025;DICIEMBRE;BASIC LINE OVERSIZED CAB;[BAOCCCA43TS] BASIC LINE OVERSIZED CAB (Black - 999, S);BAOCCCA43TS;CAB;Negro;S;CERRO VERDE;1
2025;DICIEMBRE;BASIC LINE SHORT DAMA;[BASCCDA43TS] BASIC LINE SHORT DAMA (Black - 999, S);BASCCDA43TS;DAMA;Negro;S;CERRO VERDE;1
2025;DICIEMBRE;BASIC LINE OVERSIZED CAB;[BAOCCCA158TXS] BASIC LINE OVERSIZED CAB (Ivory - 005, XS);BAOCCCA158TXS;CAB;Ivory;XS;SAMBIL VALENCIA;1
2025;DICIEMBRE;BASIC LINE OVERSIZED CAB;[BAOCCCA158TM] BASIC LINE OVERSIZED CAB (Ivory - 005, M);BAOCCCA158TM;CAB;Ivory;M;SAMBIL CHACAO;1
2025;DICIEMBRE;BASIC LINE CROP TEE DAMA;[BACCCDA158TL] BASIC LINE CROP TEE DAMA (Ivory - 005, L);BACCCDA158TL;DAMA;Ivory;L;SAMBIL CHACAO;2
2025;DICIEMBRE;BASIC LINE CROP TEE DAMA;[BACCCDA38TL] BASIC LINE CROP TEE DAMA (Peanut - 749, L);BACCCDA38TL;DAMA;Peanut;L;SAMBIL CHACAO;1
2025;DICIEMBRE;BASIC LINE CROP TEE DAMA;[BACCCDA43TL] BASIC LINE CROP TEE DAMA (Black - 999, L);BACCCDA43TL;DAMA;Negro;L;SAMBIL CHACAO;1
2025;DICIEMBRE;BASIC LINE PANT DAMA;[BAPCCDA43TXL] BASIC LINE PANT DAMA (Black - 999, XL);BAPCCDA43TXL;DAMA;Negro;XL;SAMBIL CHACAO;1
2025;DICIEMBRE;BASIC LINE OVERSIZED CAB;[BAOCCCA158TXL] BASIC LINE OVERSIZED CAB (Ivory - 005, XL);BAOCCCA158TXL;CAB;Ivory;XL;SAMBIL CHACAO;1
2025;DICIEMBRE;BASIC LINE CROP TEE DAMA;[BACCCDA43TM] BASIC LINE CROP TEE DAMA (Black - 999, M);BACCCDA43TM;DAMA;Negro;M;CERRO VERDE;1
2025;DICIEMBRE;BASIC LINE CROP TEE DAMA;[BACCCDA43TXS] BASIC LINE CROP TEE DAMA (Black - 999, XS);BACCCDA43TXS;DAMA;Negro;XS;CERRO VERDE;1
2025;DICIEMBRE;BASIC LINE PANT DAMA;[BAPCCDA43TM] BASIC LINE PANT DAMA (Black - 999, M);BAPCCDA43TM;DAMA;Negro;M;CERRO VERDE;1
2025;DICIEMBRE;BASIC LINE PANT DAMA;[BAPCCDA43TS] BASIC LINE PANT DAMA (Black - 999, S);BAPCCDA43TS;DAMA;Negro;S;CERRO VERDE;1
2025;DICIEMBRE;BASIC LINE OVERSIZED CAB;[BAOCCCA38T2XL] BASIC LINE OVERSIZED CAB (Peanut - 749, 2XL);BAOCCCA38T2XL;CAB;Peanut;2XL;SAMBIL CHACAO;1
2025;DICIEMBRE;BASIC LINE PANT DAMA;[BAPCCDA184TM] BASIC LINE PANT DAMA (Peanut - 749, M);BAPCCDA184TM;DAMA;Peanut;M;PEDIDOS;1
2025;DICIEMBRE;BASIC LINE CROP TEE DAMA;[BACCCDA158TM] BASIC LINE CROP TEE DAMA (Ivory - 005, M);BACCCDA158TM;DAMA;Ivory;M;GRIETA;1
2025;DICIEMBRE;BASIC LINE CROP TEE DAMA;[BACCCDA158TS] BASIC LINE CROP TEE DAMA (Ivory - 005, S);BACCCDA158TS;DAMA;Ivory;S;WEB;1
2025;DICIEMBRE;BASIC LINE CROP TEE DAMA;[BACCCDA43TM] BASIC LINE CROP TEE DAMA (Black - 999, M);BACCCDA43TM;DAMA;Negro;M;WEB;1
2025;DICIEMBRE;BASIC LINE PANT DAMA;[BAPCCDA43TS] BASIC LINE PANT DAMA (Black - 999, S);BAPCCDA43TS;DAMA;Negro;S;GRIETA;1
2025;DICIEMBRE;BASIC LINE CROP TEE DAMA;[BACCCDA43TXS] BASIC LINE CROP TEE DAMA (Black - 999, XS);BACCCDA43TXS;DAMA;Negro;XS;GRIETA;1
2025;DICIEMBRE;BASIC LINE CROP TEE DAMA;[BACCCDA43TM] BASIC LINE CROP TEE DAMA (Black - 999, M);BACCCDA43TM;DAMA;Negro;M;GRIETA;1
2025;DICIEMBRE;BASIC LINE CROP TEE DAMA;[BACCCDA158TXS] BASIC LINE CROP TEE DAMA (Ivory - 005, XS);BACCCDA158TXS;DAMA;Ivory;XS;SAMBIL VALENCIA;1
2025;DICIEMBRE;BASIC LINE CROP TEE DAMA;[BACCCDA38TL] BASIC LINE CROP TEE DAMA (Peanut - 749, L);BACCCDA38TL;DAMA;Peanut;L;SAMBIL VALENCIA;1
2025;DICIEMBRE;BASIC LINE SHORT DAMA;[BASCCDA38TXL] BASIC LINE SHORT DAMA (Peanut - 749, XL);BASCCDA38TXL;DAMA;Peanut;XL;SAMBIL VALENCIA;1
2025;DICIEMBRE;BASIC LINE OVERSIZED CAB;[BAOCCCA158TM] BASIC LINE OVERSIZED CAB (Ivory - 005, M);BAOCCCA158TM;CAB;Ivory;M;GRAND PLAZ;1
2025;DICIEMBRE;BASIC LINE CROP TEE DAMA;[BACCCDA43TS] BASIC LINE CROP TEE DAMA (Black - 999, S);BACCCDA43TS;DAMA;Negro;S;GRIETA;1
2025;DICIEMBRE;BASIC LINE PANT DAMA;[BAPCCDA43TXS] BASIC LINE PANT DAMA (Black - 999, XS);BAPCCDA43TXS;DAMA;Negro;XS;GRIETA;1
2025;DICIEMBRE;BASIC LINE OVERSIZED CAB;[BAOCCCA158TS] BASIC LINE OVERSIZED CAB (Ivory - 005, S);BAOCCCA158TS;CAB;Ivory;S;SAMBIL VALENCIA;1
2025;DICIEMBRE;BASIC LINE PANT DAMA;[BAPCCDA43TS] BASIC LINE PANT DAMA (Black - 999, S);BAPCCDA43TS;DAMA;Negro;S;GRIETA;1
2025;DICIEMBRE;BASIC LINE OVERSIZED CAB;[BAOCCCA38T2XL] BASIC LINE OVERSIZED CAB (Peanut - 749, 2XL);BAOCCCA38T2XL;CAB;Peanut;2XL;GRIETA;1
2025;DICIEMBRE;BASIC LINE OVERSIZED CAB;[BAOCCCA158TXS] BASIC LINE OVERSIZED CAB (Ivory - 005, XS);BAOCCCA158TXS;CAB;Ivory;XS;GRIETA;1
2025;DICIEMBRE;BASIC LINE OVERSIZED CAB;[BAOCCCA38TS] BASIC LINE OVERSIZED CAB (Peanut - 749, S);BAOCCCA38TS;CAB;Peanut;S;GRIETA;1
2025;DICIEMBRE;BASIC LINE CROP TEE DAMA;[BACCCDA158TM] BASIC LINE CROP TEE DAMA (Ivory - 005, M);BACCCDA158TM;DAMA;Ivory;M;SAMBIL CHACAO;1
2025;DICIEMBRE;BASIC LINE CROP TEE DAMA;[BACCCDA158TXL] BASIC LINE CROP TEE DAMA (Ivory - 005, XL);BACCCDA158TXL;DAMA;Ivory;XL;SAMBIL CHACAO;1
2025;DICIEMBRE;BASIC LINE CROP TEE DAMA;[BACCCDA38TL] BASIC LINE CROP TEE DAMA (Peanut - 749, L);BACCCDA38TL;DAMA;Peanut;L;SAMBIL VALENCIA;1
2025;DICIEMBRE;BASIC LINE OVERSIZED CAB;[BAOCCCA38TM] BASIC LINE OVERSIZED CAB (Peanut - 749, M);BAOCCCA38TM;CAB;Peanut;M;SAMBIL VALENCIA;1
2025;DICIEMBRE;BASIC LINE PANT DAMA;[BAPCCDA184TM] BASIC LINE PANT DAMA (Peanut - 749, M);BAPCCDA184TM;DAMA;Peanut;M;SAMBIL VALENCIA;1
2025;DICIEMBRE;BASIC LINE OVERSIZED CAB;[BAOCCCA43TS] BASIC LINE OVERSIZED CAB (Black - 999, S);BAOCCCA43TS;CAB;Negro;S;GRIETA;1
2025;DICIEMBRE;BASIC LINE OVERSIZED CAB;[BAOCCCA43TXL] BASIC LINE OVERSIZED CAB (Black - 999, XL);BAOCCCA43TXL;CAB;Negro;XL;GRIETA;1
2025;DICIEMBRE;BASIC LINE CROP TEE DAMA;[BACCCDA43TXS] BASIC LINE CROP TEE DAMA (Black - 999, XS);BACCCDA43TXS;DAMA;Negro;XS;GRIETA;1
2025;DICIEMBRE;BASIC LINE OVERSIZED CAB;[BAOCCCA43TS] BASIC LINE OVERSIZED CAB (Black - 999, S);BAOCCCA43TS;CAB;Negro;S;GRIETA;1
2025;DICIEMBRE;BASIC LINE OVERSIZED CAB;[BAOCCCA158TM] BASIC LINE OVERSIZED CAB (Ivory - 005, M);BAOCCCA158TM;CAB;Ivory;M;GRIETA;1
2025;DICIEMBRE;BASIC LINE OVERSIZED CAB;[BAOCCCA43TS] BASIC LINE OVERSIZED CAB (Black - 999, S);BAOCCCA43TS;CAB;Negro;S;GRIETA;1
2025;DICIEMBRE;BASIC LINE OVERSIZED CAB;[BAOCCCA43TS] BASIC LINE OVERSIZED CAB (Black - 999, S);BAOCCCA43TS;CAB;Negro;S;GRIETA;-1
2025;DICIEMBRE;BASIC LINE PANT DAMA;[BAPCCDA43TM] BASIC LINE PANT DAMA (Black - 999, M);BAPCCDA43TM;DAMA;Negro;M;GRIETA;1
2025;DICIEMBRE;BASIC LINE CROP TEE DAMA;[BACCCDA158TXS] BASIC LINE CROP TEE DAMA (Ivory - 005, XS);BACCCDA158TXS;DAMA;Ivory;XS;GRIETA;1
2025;DICIEMBRE;BASIC LINE CROP TEE DAMA;[BACCCDA38TXS] BASIC LINE CROP TEE DAMA (Peanut - 749, XS);BACCCDA38TXS;DAMA;Peanut;XS;GRIETA;1
2025;DICIEMBRE;BASIC LINE OVERSIZED CAB;[BAOCCCA158TM] BASIC LINE OVERSIZED CAB (Ivory - 005, M);BAOCCCA158TM;CAB;Ivory;M;SAMBIL VALENCIA;1
2025;DICIEMBRE;BASIC LINE OVERSIZED CAB;[BAOCCCA43T2XL] BASIC LINE OVERSIZED CAB (Black - 999, 2XL);BAOCCCA43T2XL;CAB;Negro;2XL;GRIETA;1
2025;DICIEMBRE;BASIC LINE SHORT DAMA;[BASCCDA38TXL] BASIC LINE SHORT DAMA (Peanut - 749, XL);BASCCDA38TXL;DAMA;Peanut;XL;SAMBIL VALENCIA;1
2025;DICIEMBRE;BASIC LINE CROP TEE DAMA;[BACCCDA158TXS] BASIC LINE CROP TEE DAMA (Ivory - 005, XS);BACCCDA158TXS;DAMA;Ivory;XS;GRIETA;1
2025;DICIEMBRE;BASIC LINE OVERSIZED CAB;[BAOCCCA158TM] BASIC LINE OVERSIZED CAB (Ivory - 005, M);BAOCCCA158TM;CAB;Ivory;M;GRIETA;1
2025;DICIEMBRE;BASIC LINE CROP TEE DAMA;[BACCCDA158TL] BASIC LINE CROP TEE DAMA (Ivory - 005, L);BACCCDA158TL;DAMA;Ivory;L;GRIETA;1
2025;DICIEMBRE;BASIC LINE CROP TEE DAMA;[BACCCDA43TXL] BASIC LINE CROP TEE DAMA (Black - 999, XL);BACCCDA43TXL;DAMA;Negro;XL;GRIETA;1
2025;DICIEMBRE;BASIC LINE CROP TEE DAMA;[BACCCDA158TXL] BASIC LINE CROP TEE DAMA (Ivory - 005, XL);BACCCDA158TXL;DAMA;Ivory;XL;GRIETA;1
2025;DICIEMBRE;BASIC LINE CROP TEE DAMA;[BACCCDA158TM] BASIC LINE CROP TEE DAMA (Ivory - 005, M);BACCCDA158TM;DAMA;Ivory;M;SAMBIL VALENCIA;1
2025;DICIEMBRE;BASIC LINE CROP TEE DAMA;[BACCCDA43TXS] BASIC LINE CROP TEE DAMA (Black - 999, XS);BACCCDA43TXS;DAMA;Negro;XS;SAMBIL VALENCIA;1
2025;DICIEMBRE;BASIC LINE CROP TEE DAMA;[BACCCDA43TXS] BASIC LINE CROP TEE DAMA (Black - 999, XS);BACCCDA43TXS;DAMA;Negro;XS;SAMBIL VALENCIA;1
2025;DICIEMBRE;BASIC LINE SHORT DAMA;[BASCCDA43TXS] BASIC LINE SHORT DAMA (Black - 999, XS);BASCCDA43TXS;DAMA;Negro;XS;SAMBIL CHACAO;1
2025;DICIEMBRE;BASIC LINE CROP TEE DAMA;[BACCCDA158TXS] BASIC LINE CROP TEE DAMA (Ivory - 005, XS);BACCCDA158TXS;DAMA;Ivory;XS;SAMBIL CHACAO;1
2025;DICIEMBRE;BASIC LINE CROP TEE DAMA;[BACCCDA158TXL] BASIC LINE CROP TEE DAMA (Ivory - 005, XL);BACCCDA158TXL;DAMA;Ivory;XL;GRIETA;1
2025;DICIEMBRE;BASIC LINE CROP TEE DAMA;[BACCCDA43TL] BASIC LINE CROP TEE DAMA (Black - 999, L);BACCCDA43TL;DAMA;Negro;L;GRIETA;1
2025;DICIEMBRE;BASIC LINE SHORT DAMA;[BASCCDA38TM] BASIC LINE SHORT DAMA (Peanut - 749, M);BASCCDA38TM;DAMA;Peanut;M;CERRO VERDE;1
2025;DICIEMBRE;BASIC LINE CROP TEE DAMA;[BACCCDA38TM] BASIC LINE CROP TEE DAMA (Peanut - 749, M);BACCCDA38TM;DAMA;Peanut;M;CERRO VERDE;1
2025;DICIEMBRE;BASIC LINE OVERSIZED CAB;[BAOCCCA43TXS] BASIC LINE OVERSIZED CAB (Black - 999, XS);BAOCCCA43TXS;CAB;Negro;XS;CERRO VERDE;1
2025;DICIEMBRE;BASIC LINE SHORT DAMA;[BASCCDA43TM] BASIC LINE SHORT DAMA (Black - 999, M);BASCCDA43TM;DAMA;Negro;M;CERRO VERDE;1
2025;DICIEMBRE;BASIC LINE OVERSIZED CAB;[BAOCCCA158TXS] BASIC LINE OVERSIZED CAB (Ivory - 005, XS);BAOCCCA158TXS;CAB;Ivory;XS;CERRO VERDE;1
2025;DICIEMBRE;BASIC LINE PANT DAMA;[BAPCCDA43TS] BASIC LINE PANT DAMA (Black - 999, S);BAPCCDA43TS;DAMA;Negro;S;GRAND PLAZ;1
2025;DICIEMBRE;BASIC LINE SHORT DAMA;[BASCCDA38TS] BASIC LINE SHORT DAMA (Peanut - 749, S);BASCCDA38TS;DAMA;Peanut;S;GRAND PLAZ;1
2025;DICIEMBRE;BASIC LINE CROP TEE DAMA;[BACCCDA43TM] BASIC LINE CROP TEE DAMA (Black - 999, M);BACCCDA43TM;DAMA;Negro;M;GRAND PLAZ;1
2025;DICIEMBRE;BASIC LINE CROP TEE DAMA;[BACCCDA38TM] BASIC LINE CROP TEE DAMA (Peanut - 749, M);BACCCDA38TM;DAMA;Peanut;M;GRAND PLAZ;1
2025;DICIEMBRE;BASIC LINE CROP TEE DAMA;[BACCCDA158TS] BASIC LINE CROP TEE DAMA (Ivory - 005, S);BACCCDA158TS;DAMA;Ivory;S;GRIETA;1
2025;DICIEMBRE;BASIC LINE SHORT DAMA;[BASCCDA38TM] BASIC LINE SHORT DAMA (Peanut - 749, M);BASCCDA38TM;DAMA;Peanut;M;GRIETA;1
2025;DICIEMBRE;BASIC LINE OVERSIZED CAB;[BAOCCCA158TXS] BASIC LINE OVERSIZED CAB (Ivory - 005, XS);BAOCCCA158TXS;CAB;Ivory;XS;SAMBIL VALENCIA;1
2025;DICIEMBRE;BASIC LINE OVERSIZED CAB;[BAOCCCA38T2XL] BASIC LINE OVERSIZED CAB (Peanut - 749, 2XL);BAOCCCA38T2XL;CAB;Peanut;2XL;SAMBIL VALENCIA;1
2025;DICIEMBRE;BASIC LINE OVERSIZED CAB;[BAOCCCA43T2XL] BASIC LINE OVERSIZED CAB (Black - 999, 2XL);BAOCCCA43T2XL;CAB;Negro;2XL;SAMBIL VALENCIA;1
2025;DICIEMBRE;BASIC LINE CROP TEE DAMA;[BACCCDA43TXS] BASIC LINE CROP TEE DAMA (Black - 999, XS);BACCCDA43TXS;DAMA;Negro;XS;SAMBIL VALENCIA;1
2025;DICIEMBRE;BASIC LINE PANT DAMA;[BAPCCDA43TXS] BASIC LINE PANT DAMA (Black - 999, XS);BAPCCDA43TXS;DAMA;Negro;XS;SAMBIL VALENCIA;1
2025;DICIEMBRE;BASIC LINE CROP TEE DAMA;[BACCCDA158TXS] BASIC LINE CROP TEE DAMA (Ivory - 005, XS);BACCCDA158TXS;DAMA;Ivory;XS;SAMBIL VALENCIA;1
2025;DICIEMBRE;BASIC LINE PANT DAMA;[BAPCCDA43TL] BASIC LINE PANT DAMA (Black - 999, L);BAPCCDA43TL;DAMA;Negro;L;SAMBIL VALENCIA;1
2025;DICIEMBRE;BASIC LINE CROP TEE DAMA;[BACCCDA158TXS] BASIC LINE CROP TEE DAMA (Ivory - 005, XS);BACCCDA158TXS;DAMA;Ivory;XS;SAMBIL VALENCIA;1
2025;DICIEMBRE;BASIC LINE OVERSIZED CAB;[BAOCCCA158TXS] BASIC LINE OVERSIZED CAB (Ivory - 005, XS);BAOCCCA158TXS;CAB;Ivory;XS;SAMBIL VALENCIA;1
2025;DICIEMBRE;BASIC LINE CROP TEE DAMA;[BACCCDA158TXS] BASIC LINE CROP TEE DAMA (Ivory - 005, XS);BACCCDA158TXS;DAMA;Ivory;XS;SAMBIL VALENCIA;1
2025;DICIEMBRE;BASIC LINE OVERSIZED CAB;[BAOCCCA158TXS] BASIC LINE OVERSIZED CAB (Ivory - 005, XS);BAOCCCA158TXS;CAB;Ivory;XS;CERRO VERDE;1
2025;DICIEMBRE;BASIC LINE CROP TEE DAMA;[BACCCDA158TM] BASIC LINE CROP TEE DAMA (Ivory - 005, M);BACCCDA158TM;DAMA;Ivory;M;SAMBIL VALENCIA;1
2025;DICIEMBRE;BASIC LINE PANT DAMA;[BAPCCDA43TL] BASIC LINE PANT DAMA (Black - 999, L);BAPCCDA43TL;DAMA;Negro;L;SAMBIL VALENCIA;1
2025;DICIEMBRE;BASIC LINE CROP TEE DAMA;[BACCCDA38TM] BASIC LINE CROP TEE DAMA (Peanut - 749, M);BACCCDA38TM;DAMA;Peanut;M;SAMBIL CHACAO;1
2025;DICIEMBRE;BASIC LINE PANT DAMA;[BAPCCDA184TM] BASIC LINE PANT DAMA (Peanut - 749, M);BAPCCDA184TM;DAMA;Peanut;M;SAMBIL CHACAO;1
2025;DICIEMBRE;BASIC LINE PANT DAMA;[BAPCCDA43TM] BASIC LINE PANT DAMA (Black - 999, M);BAPCCDA43TM;DAMA;Negro;M;SAMBIL CHACAO;1
2025;DICIEMBRE;BASIC LINE CROP TEE DAMA;[BACCCDA43TXS] BASIC LINE CROP TEE DAMA (Black - 999, XS);BACCCDA43TXS;DAMA;Negro;XS;SAMBIL CHACAO;1
2025;DICIEMBRE;BASIC LINE OVERSIZED CAB;[BAOCCCA158TM] BASIC LINE OVERSIZED CAB (Ivory - 005, M);BAOCCCA158TM;CAB;Ivory;M;CERRO VERDE;1
2025;DICIEMBRE;BASIC LINE CROP TEE DAMA;[BACCCDA158TS] BASIC LINE CROP TEE DAMA (Ivory - 005, S);BACCCDA158TS;DAMA;Ivory;S;CERRO VERDE;1
2025;DICIEMBRE;BASIC LINE OVERSIZED CAB;[BAOCCCA38TS] BASIC LINE OVERSIZED CAB (Peanut - 749, S);BAOCCCA38TS;CAB;Peanut;S;SAMBIL VALENCIA;1
2025;DICIEMBRE;BASIC LINE OVERSIZED CAB;[BAOCCCA158TM] BASIC LINE OVERSIZED CAB (Ivory - 005, M);BAOCCCA158TM;CAB;Ivory;M;SAMBIL VALENCIA;1
2025;DICIEMBRE;BASIC LINE CROP TEE DAMA;[BACCCDA43TXS] BASIC LINE CROP TEE DAMA (Black - 999, XS);BACCCDA43TXS;DAMA;Negro;XS;GRIETA;1
2025;DICIEMBRE;BASIC LINE PANT DAMA;[BAPCCDA43TS] BASIC LINE PANT DAMA (Black - 999, S);BAPCCDA43TS;DAMA;Negro;S;GRIETA;1
2025;DICIEMBRE;BASIC LINE CROP TEE DAMA;[BACCCDA38TL] BASIC LINE CROP TEE DAMA (Peanut - 749, L);BACCCDA38TL;DAMA;Peanut;L;SAMBIL CHACAO;1
2025;DICIEMBRE;BASIC LINE CROP TEE DAMA;[BACCCDA43TM] BASIC LINE CROP TEE DAMA (Black - 999, M);BACCCDA43TM;DAMA;Negro;M;SAMBIL CHACAO;1
2025;DICIEMBRE;BASIC LINE CROP TEE DAMA;[BACCCDA43TM] BASIC LINE CROP TEE DAMA (Black - 999, M);BACCCDA43TM;DAMA;Negro;M;SAMBIL CHACAO;-1
2025;DICIEMBRE;BASIC LINE CROP TEE DAMA;[BACCCDA43TM] BASIC LINE CROP TEE DAMA (Black - 999, M);BACCCDA43TM;DAMA;Negro;M;SAMBIL CHACAO;1
2025;DICIEMBRE;BASIC LINE PANT DAMA;[BAPCCDA43TL] BASIC LINE PANT DAMA (Black - 999, L);BAPCCDA43TL;DAMA;Negro;L;CERRO VERDE;1
2025;DICIEMBRE;BASIC LINE OVERSIZED CAB;[BAOCCCA38TS] BASIC LINE OVERSIZED CAB (Peanut - 749, S);BAOCCCA38TS;CAB;Peanut;S;CERRO VERDE;1
2025;DICIEMBRE;BASIC LINE OVERSIZED CAB;[BAOCCCA43TS] BASIC LINE OVERSIZED CAB (Black - 999, S);BAOCCCA43TS;CAB;Negro;S;SAMBIL CHACAO;1
2025;DICIEMBRE;BASIC LINE CROP TEE DAMA;[BACCCDA38TXS] BASIC LINE CROP TEE DAMA (Peanut - 749, XS);BACCCDA38TXS;DAMA;Peanut;XS;SAMBIL VALENCIA;1
2025;DICIEMBRE;BASIC LINE CROP TEE DAMA;[BACCCDA158TM] BASIC LINE CROP TEE DAMA (Ivory - 005, M);BACCCDA158TM;DAMA;Ivory;M;SAMBIL VALENCIA;1
2025;DICIEMBRE;BASIC LINE OVERSIZED CAB;[BAOCCCA43TS] BASIC LINE OVERSIZED CAB (Black - 999, S);BAOCCCA43TS;CAB;Negro;S;GRIETA;1
2025;DICIEMBRE;BASIC LINE CROP TEE DAMA;[BACCCDA158TL] BASIC LINE CROP TEE DAMA (Ivory - 005, L);BACCCDA158TL;DAMA;Ivory;L;GRIETA;1
2025;DICIEMBRE;BASIC LINE OVERSIZED CAB;[BAOCCCA158TXL] BASIC LINE OVERSIZED CAB (Ivory - 005, XL);BAOCCCA158TXL;CAB;Ivory;XL;CERRO VERDE;1
2025;DICIEMBRE;BASIC LINE CROP TEE DAMA;[BACCCDA158TM] BASIC LINE CROP TEE DAMA (Ivory - 005, M);BACCCDA158TM;DAMA;Ivory;M;CERRO VERDE;1
2025;DICIEMBRE;BASIC LINE OVERSIZED CAB;[BAOCCCA158TXS] BASIC LINE OVERSIZED CAB (Ivory - 005, XS);BAOCCCA158TXS;CAB;Ivory;XS;GRIETA;1
2025;DICIEMBRE;BASIC LINE PANT DAMA;[BAPCCDA184TS] BASIC LINE PANT DAMA (Peanut - 749, S);BAPCCDA184TS;DAMA;Peanut;S;GRIETA;1
2025;DICIEMBRE;BASIC LINE CROP TEE DAMA;[BACCCDA38TXS] BASIC LINE CROP TEE DAMA (Peanut - 749, XS);BACCCDA38TXS;DAMA;Peanut;XS;GRIETA;1
2025;DICIEMBRE;BASIC LINE PANT DAMA;[BAPCCDA184TXL] BASIC LINE PANT DAMA (Peanut - 749, XL);BAPCCDA184TXL;DAMA;Peanut;XL;SAMBIL VALENCIA;1
2025;DICIEMBRE;BASIC LINE CROP TEE DAMA;[BACCCDA158TXL] BASIC LINE CROP TEE DAMA (Ivory - 005, XL);BACCCDA158TXL;DAMA;Ivory;XL;SAMBIL VALENCIA;1
2025;DICIEMBRE;BASIC LINE CROP TEE DAMA;[BACCCDA43TS] BASIC LINE CROP TEE DAMA (Black - 999, S);BACCCDA43TS;DAMA;Negro;S;SAMBIL CHACAO;1
2025;DICIEMBRE;BASIC LINE PANT DAMA;[BAPCCDA43TS] BASIC LINE PANT DAMA (Black - 999, S);BAPCCDA43TS;DAMA;Negro;S;SAMBIL CHACAO;1
2025;DICIEMBRE;BASIC LINE CROP TEE DAMA;[BACCCDA158TL] BASIC LINE CROP TEE DAMA (Ivory - 005, L);BACCCDA158TL;DAMA;Ivory;L;SAMBIL VALENCIA;1
2025;DICIEMBRE;BASIC LINE OVERSIZED CAB;[BAOCCCA43TXL] BASIC LINE OVERSIZED CAB (Black - 999, XL);BAOCCCA43TXL;CAB;Negro;XL;GRAND PLAZ;1
2025;DICIEMBRE;BASIC LINE OVERSIZED CAB;[BAOCCCA158TM] BASIC LINE OVERSIZED CAB (Ivory - 005, M);BAOCCCA158TM;CAB;Ivory;M;CERRO VERDE;1
2025;DICIEMBRE;BASIC LINE OVERSIZED CAB;[BAOCCCA43TM] BASIC LINE OVERSIZED CAB (Black - 999, M);BAOCCCA43TM;CAB;Negro;M;CERRO VERDE;1
2025;DICIEMBRE;BASIC LINE OVERSIZED CAB;[BAOCCCA158TS] BASIC LINE OVERSIZED CAB (Ivory - 005, S);BAOCCCA158TS;CAB;Ivory;S;CERRO VERDE;1
2025;DICIEMBRE;BASIC LINE OVERSIZED CAB;[BAOCCCA38TS] BASIC LINE OVERSIZED CAB (Peanut - 749, S);BAOCCCA38TS;CAB;Peanut;S;GRAND PLAZ;1
2025;DICIEMBRE;BASIC LINE OVERSIZED CAB;[BAOCCCA158TS] BASIC LINE OVERSIZED CAB (Ivory - 005, S);BAOCCCA158TS;CAB;Ivory;S;GRAND PLAZ;1
2025;DICIEMBRE;BASIC LINE SHORT DAMA;[BASCCDA38TL] BASIC LINE SHORT DAMA (Peanut - 749, L);BASCCDA38TL;DAMA;Peanut;L;GRIETA;1
2025;DICIEMBRE;BASIC LINE OVERSIZED CAB;[BAOCCCA38TXS] BASIC LINE OVERSIZED CAB (Peanut - 749, XS);BAOCCCA38TXS;CAB;Peanut;XS;GRIETA;1
2025;DICIEMBRE;BASIC LINE CROP TEE DAMA;[BACCCDA43TM] BASIC LINE CROP TEE DAMA (Black - 999, M);BACCCDA43TM;DAMA;Negro;M;CERRO VERDE;1
2025;DICIEMBRE;BASIC LINE PANT DAMA;[BAPCCDA43TM] BASIC LINE PANT DAMA (Black - 999, M);BAPCCDA43TM;DAMA;Negro;M;CERRO VERDE;1
2025;DICIEMBRE;BASIC LINE OVERSIZED CAB;[BAOCCCA38TS] BASIC LINE OVERSIZED CAB (Peanut - 749, S);BAOCCCA38TS;CAB;Peanut;S;SAMBIL CHACAO;1
2025;DICIEMBRE;BASIC LINE OVERSIZED CAB;[BAOCCCA158TXS] BASIC LINE OVERSIZED CAB (Ivory - 005, XS);BAOCCCA158TXS;CAB;Ivory;XS;GRAND PLAZ;1
2025;DICIEMBRE;BASIC LINE CROP TEE DAMA;[BACCCDA38TL] BASIC LINE CROP TEE DAMA (Peanut - 749, L);BACCCDA38TL;DAMA;Peanut;L;GRIETA;1
2025;DICIEMBRE;BASIC LINE OVERSIZED CAB;[BAOCCCA158TM] BASIC LINE OVERSIZED CAB (Ivory - 005, M);BAOCCCA158TM;CAB;Ivory;M;GRIETA;1
2025;DICIEMBRE;BASIC LINE OVERSIZED CAB;[BAOCCCA158TM] BASIC LINE OVERSIZED CAB (Ivory - 005, M);BAOCCCA158TM;CAB;Ivory;M;PEDIDOS;1
2025;DICIEMBRE;BASIC LINE PANT DAMA;[BAPCCDA43TL] BASIC LINE PANT DAMA (Black - 999, L);BAPCCDA43TL;DAMA;Negro;L;GRIETA;1
2025;DICIEMBRE;BASIC LINE CROP TEE DAMA;[BACCCDA43TL] BASIC LINE CROP TEE DAMA (Black - 999, L);BACCCDA43TL;DAMA;Negro;L;SAMBIL VALENCIA;1
2025;DICIEMBRE;BASIC LINE SHORT DAMA;[BASCCDA43TL] BASIC LINE SHORT DAMA (Black - 999, L);BASCCDA43TL;DAMA;Negro;L;SAMBIL VALENCIA;1
2025;DICIEMBRE;BASIC LINE CROP TEE DAMA;[BACCCDA158TM] BASIC LINE CROP TEE DAMA (Ivory - 005, M);BACCCDA158TM;DAMA;Ivory;M;GRIETA;1
2025;DICIEMBRE;BASIC LINE CROP TEE DAMA;[BACCCDA43TL] BASIC LINE CROP TEE DAMA (Black - 999, L);BACCCDA43TL;DAMA;Negro;L;GRIETA;1
2025;DICIEMBRE;BASIC LINE CROP TEE DAMA;[BACCCDA158TM] BASIC LINE CROP TEE DAMA (Ivory - 005, M);BACCCDA158TM;DAMA;Ivory;M;SAMBIL CHACAO;1
2025;DICIEMBRE;BASIC LINE SHORT DAMA;[BASCCDA38TM] BASIC LINE SHORT DAMA (Peanut - 749, M);BASCCDA38TM;DAMA;Peanut;M;SAMBIL CHACAO;1
2025;DICIEMBRE;BASIC LINE CROP TEE DAMA;[BACCCDA43TS] BASIC LINE CROP TEE DAMA (Black - 999, S);BACCCDA43TS;DAMA;Negro;S;CERRO VERDE;1
2025;DICIEMBRE;BASIC LINE OVERSIZED CAB;[BAOCCCA43TM] BASIC LINE OVERSIZED CAB (Black - 999, M);BAOCCCA43TM;CAB;Negro;M;CERRO VERDE;1
2025;DICIEMBRE;BASIC LINE OVERSIZED CAB;[BAOCCCA158TXL] BASIC LINE OVERSIZED CAB (Ivory - 005, XL);BAOCCCA158TXL;CAB;Ivory;XL;SAMBIL VALENCIA;1
2025;DICIEMBRE;BASIC LINE OVERSIZED CAB;[BAOCCCA158TS] BASIC LINE OVERSIZED CAB (Ivory - 005, S);BAOCCCA158TS;CAB;Ivory;S;CERRO VERDE;1
2025;DICIEMBRE;BASIC LINE OVERSIZED CAB;[BAOCCCA43TS] BASIC LINE OVERSIZED CAB (Black - 999, S);BAOCCCA43TS;CAB;Negro;S;SAMBIL VALENCIA;1
2025;DICIEMBRE;BASIC LINE CROP TEE DAMA;[BACCCDA158TM] BASIC LINE CROP TEE DAMA (Ivory - 005, M);BACCCDA158TM;DAMA;Ivory;M;CERRO VERDE;1
2025;DICIEMBRE;BASIC LINE CROP TEE DAMA;[BACCCDA38TXS] BASIC LINE CROP TEE DAMA (Peanut - 749, XS);BACCCDA38TXS;DAMA;Peanut;XS;SAMBIL CHACAO;1
2025;DICIEMBRE;BASIC LINE PANT DAMA;[BAPCCDA184TS] BASIC LINE PANT DAMA (Peanut - 749, S);BAPCCDA184TS;DAMA;Peanut;S;SAMBIL CHACAO;1
2025;DICIEMBRE;BASIC LINE OVERSIZED CAB;[BAOCCCA158TXS] BASIC LINE OVERSIZED CAB (Ivory - 005, XS);BAOCCCA158TXS;CAB;Ivory;XS;SAMBIL CHACAO;1
2025;DICIEMBRE;BASIC LINE CROP TEE DAMA;[BACCCDA38TXS] BASIC LINE CROP TEE DAMA (Peanut - 749, XS);BACCCDA38TXS;DAMA;Peanut;XS;SAMBIL CHACAO;1
2025;DICIEMBRE;BASIC LINE OVERSIZED CAB;[BAOCCCA43TXS] BASIC LINE OVERSIZED CAB (Black - 999, XS);BAOCCCA43TXS;CAB;Negro;XS;SAMBIL VALENCIA;1
2025;DICIEMBRE;BASIC LINE CROP TEE DAMA;[BACCCDA158TL] BASIC LINE CROP TEE DAMA (Ivory - 005, L);BACCCDA158TL;DAMA;Ivory;L;WEB;1
2025;DICIEMBRE;BASIC LINE PANT DAMA;[BAPCCDA43TL] BASIC LINE PANT DAMA (Black - 999, L);BAPCCDA43TL;DAMA;Negro;L;WEB;1
2025;DICIEMBRE;BASIC LINE CROP TEE DAMA;[BACCCDA38TXS] BASIC LINE CROP TEE DAMA (Peanut - 749, XS);BACCCDA38TXS;DAMA;Peanut;XS;GRIETA;1
2025;DICIEMBRE;BASIC LINE PANT DAMA;[BAPCCDA184TS] BASIC LINE PANT DAMA (Peanut - 749, S);BAPCCDA184TS;DAMA;Peanut;S;GRIETA;1
2025;DICIEMBRE;BASIC LINE SHORT DAMA;[BASCCDA38TM] BASIC LINE SHORT DAMA (Peanut - 749, M);BASCCDA38TM;DAMA;Peanut;M;CERRO VERDE;1
2025;DICIEMBRE;BASIC LINE SHORT DAMA;[BASCCDA38TL] BASIC LINE SHORT DAMA (Peanut - 749, L);BASCCDA38TL;DAMA;Peanut;L;CERRO VERDE;1
2025;DICIEMBRE;BASIC LINE CROP TEE DAMA;[BACCCDA38TM] BASIC LINE CROP TEE DAMA (Peanut - 749, M);BACCCDA38TM;DAMA;Peanut;M;CERRO VERDE;1
2025;DICIEMBRE;BASIC LINE CROP TEE DAMA;[BACCCDA38TL] BASIC LINE CROP TEE DAMA (Peanut - 749, L);BACCCDA38TL;DAMA;Peanut;L;CERRO VERDE;1
2025;DICIEMBRE;BASIC LINE OVERSIZED CAB;[BAOCCCA158TXS] BASIC LINE OVERSIZED CAB (Ivory - 005, XS);BAOCCCA158TXS;CAB;Ivory;XS;GRAND PLAZ;1
2025;DICIEMBRE;BASIC LINE PANT DAMA;[BAPCCDA43TXS] BASIC LINE PANT DAMA (Black - 999, XS);BAPCCDA43TXS;DAMA;Negro;XS;GRIETA;1
2025;DICIEMBRE;BASIC LINE PANT DAMA;[BAPCCDA43TM] BASIC LINE PANT DAMA (Black - 999, M);BAPCCDA43TM;DAMA;Negro;M;GRIETA;1
2025;DICIEMBRE;BASIC LINE OVERSIZED CAB;[BAOCCCA158TS] BASIC LINE OVERSIZED CAB (Ivory - 005, S);BAOCCCA158TS;CAB;Ivory;S;GRIETA;1
2025;DICIEMBRE;BASIC LINE OVERSIZED CAB;[BAOCCCA158T2XL] BASIC LINE OVERSIZED CAB (Ivory - 005, 2XL);BAOCCCA158T2XL;CAB;Ivory;2XL;SAMBIL CHACAO;1
2025;DICIEMBRE;BASIC LINE OVERSIZED CAB;[BAOCCCA43TL] BASIC LINE OVERSIZED CAB (Black - 999, L);BAOCCCA43TL;CAB;Negro;L;SAMBIL CHACAO;1
2025;DICIEMBRE;BASIC LINE CROP TEE DAMA;[BACCCDA158TM] BASIC LINE CROP TEE DAMA (Ivory - 005, M);BACCCDA158TM;DAMA;Ivory;M;SAMBIL CHACAO;1
2025;DICIEMBRE;BASIC LINE OVERSIZED CAB;[BAOCCCA158TS] BASIC LINE OVERSIZED CAB (Ivory - 005, S);BAOCCCA158TS;CAB;Ivory;S;CERRO VERDE;1
2025;DICIEMBRE;BASIC LINE OVERSIZED CAB;[BAOCCCA43TM] BASIC LINE OVERSIZED CAB (Black - 999, M);BAOCCCA43TM;CAB;Negro;M;SAMBIL VALENCIA;1
2025;DICIEMBRE;BASIC LINE OVERSIZED CAB;[BAOCCCA158TXS] BASIC LINE OVERSIZED CAB (Ivory - 005, XS);BAOCCCA158TXS;CAB;Ivory;XS;SAMBIL VALENCIA;1
2025;DICIEMBRE;BASIC LINE CROP TEE DAMA;[BACCCDA43TXS] BASIC LINE CROP TEE DAMA (Black - 999, XS);BACCCDA43TXS;DAMA;Negro;XS;GRIETA;1
2025;DICIEMBRE;BASIC LINE OVERSIZED CAB;[BAOCCCA158TL] BASIC LINE OVERSIZED CAB (Ivory - 005, L);BAOCCCA158TL;CAB;Ivory;L;WEB;1
2025;DICIEMBRE;BASIC LINE PANT DAMA;[BAPCCDA43TXS] BASIC LINE PANT DAMA (Black - 999, XS);BAPCCDA43TXS;DAMA;Negro;XS;SAMBIL VALENCIA;1
2025;DICIEMBRE;BASIC LINE CROP TEE DAMA;[BACCCDA158TM] BASIC LINE CROP TEE DAMA (Ivory - 005, M);BACCCDA158TM;DAMA;Ivory;M;GRIETA;1
2025;DICIEMBRE;BASIC LINE CROP TEE DAMA;[BACCCDA43TL] BASIC LINE CROP TEE DAMA (Black - 999, L);BACCCDA43TL;DAMA;Negro;L;SAMBIL VALENCIA;1
2025;DICIEMBRE;BASIC LINE OVERSIZED CAB;[BAOCCCA158TM] BASIC LINE OVERSIZED CAB (Ivory - 005, M);BAOCCCA158TM;CAB;Ivory;M;CERRO VERDE;1
2025;DICIEMBRE;BASIC LINE CROP TEE DAMA;[BACCCDA43TXS] BASIC LINE CROP TEE DAMA (Black - 999, XS);BACCCDA43TXS;DAMA;Negro;XS;SAMBIL VALENCIA;1
2025;DICIEMBRE;BASIC LINE OVERSIZED CAB;[BAOCCCA158TM] BASIC LINE OVERSIZED CAB (Ivory - 005, M);BAOCCCA158TM;CAB;Ivory;M;GRIETA;1
2025;DICIEMBRE;BASIC LINE OVERSIZED CAB;[BAOCCCA158TS] BASIC LINE OVERSIZED CAB (Ivory - 005, S);BAOCCCA158TS;CAB;Ivory;S;GRIETA;1
2025;DICIEMBRE;BASIC LINE OVERSIZED CAB;[BAOCCCA38T2XL] BASIC LINE OVERSIZED CAB (Peanut - 749, 2XL);BAOCCCA38T2XL;CAB;Peanut;2XL;CERRO VERDE;1
2025;DICIEMBRE;BASIC LINE PANT DAMA;[BAPCCDA43TL] BASIC LINE PANT DAMA (Black - 999, L);BAPCCDA43TL;DAMA;Negro;L;GRIETA;1
2025;DICIEMBRE;BASIC LINE CROP TEE DAMA;[BACCCDA158TXL] BASIC LINE CROP TEE DAMA (Ivory - 005, XL);BACCCDA158TXL;DAMA;Ivory;XL;GRIETA;1
2025;DICIEMBRE;BASIC LINE OVERSIZED CAB;[BAOCCCA158TXL] BASIC LINE OVERSIZED CAB (Ivory - 005, XL);BAOCCCA158TXL;CAB;Ivory;XL;SAMBIL VALENCIA;1
2025;DICIEMBRE;BASIC LINE OVERSIZED CAB;[BAOCCCA158TM] BASIC LINE OVERSIZED CAB (Ivory - 005, M);BAOCCCA158TM;CAB;Ivory;M;SAMBIL CHACAO;1
2025;DICIEMBRE;BASIC LINE PANT DAMA;[BAPCCDA184TS] BASIC LINE PANT DAMA (Peanut - 749, S);BAPCCDA184TS;DAMA;Peanut;S;GRIETA;1
2025;DICIEMBRE;BASIC LINE CROP TEE DAMA;[BACCCDA158TXS] BASIC LINE CROP TEE DAMA (Ivory - 005, XS);BACCCDA158TXS;DAMA;Ivory;XS;SAMBIL VALENCIA;1
2025;DICIEMBRE;BASIC LINE SHORT DAMA;[BASCCDA43TM] BASIC LINE SHORT DAMA (Black - 999, M);BASCCDA43TM;DAMA;Negro;M;SAMBIL VALENCIA;1
2025;DICIEMBRE;BASIC LINE CROP TEE DAMA;[BACCCDA158TS] BASIC LINE CROP TEE DAMA (Ivory - 005, S);BACCCDA158TS;DAMA;Ivory;S;SAMBIL VALENCIA;1
2025;DICIEMBRE;BASIC LINE OVERSIZED CAB;[BAOCCCA43TL] BASIC LINE OVERSIZED CAB (Black - 999, L);BAOCCCA43TL;CAB;Negro;L;CERRO VERDE;1
2025;DICIEMBRE;BASIC LINE SHORT DAMA;[BASCCDA43TL] BASIC LINE SHORT DAMA (Black - 999, L);BASCCDA43TL;DAMA;Negro;L;CERRO VERDE;1
2025;DICIEMBRE;BASIC LINE PANT DAMA;[BAPCCDA184TS] BASIC LINE PANT DAMA (Peanut - 749, S);BAPCCDA184TS;DAMA;Peanut;S;CERRO VERDE;1
2025;DICIEMBRE;BASIC LINE CROP TEE DAMA;[BACCCDA38TXS] BASIC LINE CROP TEE DAMA (Peanut - 749, XS);BACCCDA38TXS;DAMA;Peanut;XS;CERRO VERDE;1
2025;DICIEMBRE;BASIC LINE PANT DAMA;[BAPCCDA184TS] BASIC LINE PANT DAMA (Peanut - 749, S);BAPCCDA184TS;DAMA;Peanut;S;CERRO VERDE;-1
2025;DICIEMBRE;BASIC LINE CROP TEE DAMA;[BACCCDA38TXS] BASIC LINE CROP TEE DAMA (Peanut - 749, XS);BACCCDA38TXS;DAMA;Peanut;XS;CERRO VERDE;-1
2025;DICIEMBRE;BASIC LINE CROP TEE DAMA;[BACCCDA38TXS] BASIC LINE CROP TEE DAMA (Peanut - 749, XS);BACCCDA38TXS;DAMA;Peanut;XS;SAMBIL VALENCIA;1
2025;DICIEMBRE;BASIC LINE PANT DAMA;[BAPCCDA184TS] BASIC LINE PANT DAMA (Peanut - 749, S);BAPCCDA184TS;DAMA;Peanut;S;CERRO VERDE;1
2025;DICIEMBRE;BASIC LINE CROP TEE DAMA;[BACCCDA38TXS] BASIC LINE CROP TEE DAMA (Peanut - 749, XS);BACCCDA38TXS;DAMA;Peanut;XS;CERRO VERDE;1
2025;DICIEMBRE;BASIC LINE PANT DAMA;[BAPCCDA184TXL] BASIC LINE PANT DAMA (Peanut - 749, XL);BAPCCDA184TXL;DAMA;Peanut;XL;CERRO VERDE;1
2025;DICIEMBRE;BASIC LINE CROP TEE DAMA;[BACCCDA38TXL] BASIC LINE CROP TEE DAMA (Peanut - 749, XL);BACCCDA38TXL;DAMA;Peanut;XL;CERRO VERDE;1
2025;DICIEMBRE;BASIC LINE OVERSIZED CAB;[BAOCCCA38T2XL] BASIC LINE OVERSIZED CAB (Peanut - 749, 2XL);BAOCCCA38T2XL;CAB;Peanut;2XL;GRIETA;1
2025;DICIEMBRE;BASIC LINE OVERSIZED CAB;[BAOCCCA43TXL] BASIC LINE OVERSIZED CAB (Black - 999, XL);BAOCCCA43TXL;CAB;Negro;XL;GRIETA;1
2025;DICIEMBRE;BASIC LINE PANT DAMA;[BAPCCDA43TXL] BASIC LINE PANT DAMA (Black - 999, XL);BAPCCDA43TXL;DAMA;Negro;XL;SAMBIL CHACAO;1
2025;DICIEMBRE;BASIC LINE OVERSIZED CAB;[BAOCCCA43T2XL] BASIC LINE OVERSIZED CAB (Black - 999, 2XL);BAOCCCA43T2XL;CAB;Negro;2XL;SAMBIL VALENCIA;1
2025;DICIEMBRE;BASIC LINE CROP TEE DAMA;[BACCCDA158TL] BASIC LINE CROP TEE DAMA (Ivory - 005, L);BACCCDA158TL;DAMA;Ivory;L;SAMBIL VALENCIA;1
2025;DICIEMBRE;BASIC LINE SHORT DAMA;[BASCCDA43TL] BASIC LINE SHORT DAMA (Black - 999, L);BASCCDA43TL;DAMA;Negro;L;CERRO VERDE;1
2025;DICIEMBRE;BASIC LINE CROP TEE DAMA;[BACCCDA158TXS] BASIC LINE CROP TEE DAMA (Ivory - 005, XS);BACCCDA158TXS;DAMA;Ivory;XS;CERRO VERDE;1
2025;DICIEMBRE;BASIC LINE CROP TEE DAMA;[BACCCDA43TM] BASIC LINE CROP TEE DAMA (Black - 999, M);BACCCDA43TM;DAMA;Negro;M;SAMBIL CHACAO;1
2025;DICIEMBRE;BASIC LINE PANT DAMA;[BAPCCDA43TM] BASIC LINE PANT DAMA (Black - 999, M);BAPCCDA43TM;DAMA;Negro;M;SAMBIL CHACAO;1
2025;DICIEMBRE;BASIC LINE OVERSIZED CAB;[BAOCCCA43TM] BASIC LINE OVERSIZED CAB (Black - 999, M);BAOCCCA43TM;CAB;Negro;M;SAMBIL VALENCIA;1
2025;DICIEMBRE;BASIC LINE CROP TEE DAMA;[BACCCDA158TM] BASIC LINE CROP TEE DAMA (Ivory - 005, M);BACCCDA158TM;DAMA;Ivory;M;CERRO VERDE;1
2025;DICIEMBRE;BASIC LINE OVERSIZED CAB;[BAOCCCA43TXL] BASIC LINE OVERSIZED CAB (Black - 999, XL);BAOCCCA43TXL;CAB;Negro;XL;CERRO VERDE;1
2025;DICIEMBRE;BASIC LINE CROP TEE DAMA;[BACCCDA158TXS] BASIC LINE CROP TEE DAMA (Ivory - 005, XS);BACCCDA158TXS;DAMA;Ivory;XS;SAMBIL CHACAO;1
2025;DICIEMBRE;BASIC LINE OVERSIZED CAB;[BAOCCCA43TM] BASIC LINE OVERSIZED CAB (Black - 999, M);BAOCCCA43TM;CAB;Negro;M;CERRO VERDE;1
2025;DICIEMBRE;BASIC LINE CROP TEE DAMA;[BACCCDA158TXL] BASIC LINE CROP TEE DAMA (Ivory - 005, XL);BACCCDA158TXL;DAMA;Ivory;XL;CERRO VERDE;1
2025;DICIEMBRE;BASIC LINE OVERSIZED CAB;[BAOCCCA158TS] BASIC LINE OVERSIZED CAB (Ivory - 005, S);BAOCCCA158TS;CAB;Ivory;S;SAMBIL CHACAO;1
2025;DICIEMBRE;BASIC LINE OVERSIZED CAB;[BAOCCCA158TS] BASIC LINE OVERSIZED CAB (Ivory - 005, S);BAOCCCA158TS;CAB;Ivory;S;SAMBIL VALENCIA;1
2025;DICIEMBRE;BASIC LINE CROP TEE DAMA;[BACCCDA38TXS] BASIC LINE CROP TEE DAMA (Peanut - 749, XS);BACCCDA38TXS;DAMA;Peanut;XS;CERRO VERDE;1
2025;DICIEMBRE;BASIC LINE OVERSIZED CAB;[BAOCCCA38TXL] BASIC LINE OVERSIZED CAB (Peanut - 749, XL);BAOCCCA38TXL;CAB;Peanut;XL;CERRO VERDE;1
2025;DICIEMBRE;BASIC LINE OVERSIZED CAB;[BAOCCCA158TM] BASIC LINE OVERSIZED CAB (Ivory - 005, M);BAOCCCA158TM;CAB;Ivory;M;SAMBIL VALENCIA;1
2025;DICIEMBRE;BASIC LINE OVERSIZED CAB;[BAOCCCA43TM] BASIC LINE OVERSIZED CAB (Black - 999, M);BAOCCCA43TM;CAB;Negro;M;SAMBIL VALENCIA;1
2025;DICIEMBRE;BASIC LINE SHORT DAMA;[BASCCDA43TL] BASIC LINE SHORT DAMA (Black - 999, L);BASCCDA43TL;DAMA;Negro;L;SAMBIL VALENCIA;1
2025;DICIEMBRE;BASIC LINE CROP TEE DAMA;[BACCCDA158TM] BASIC LINE CROP TEE DAMA (Ivory - 005, M);BACCCDA158TM;DAMA;Ivory;M;SAMBIL VALENCIA;1
2025;DICIEMBRE;BASIC LINE OVERSIZED CAB;[BAOCCCA43TXL] BASIC LINE OVERSIZED CAB (Black - 999, XL);BAOCCCA43TXL;CAB;Negro;XL;CERRO VERDE;1
2025;DICIEMBRE;BASIC LINE CROP TEE DAMA;[BACCCDA158TL] BASIC LINE CROP TEE DAMA (Ivory - 005, L);BACCCDA158TL;DAMA;Ivory;L;SAMBIL CHACAO;1
2025;DICIEMBRE;BASIC LINE PANT DAMA;[BAPCCDA43TL] BASIC LINE PANT DAMA (Black - 999, L);BAPCCDA43TL;DAMA;Negro;L;SAMBIL CHACAO;1
2025;DICIEMBRE;BASIC LINE OVERSIZED CAB;[BAOCCCA43TL] BASIC LINE OVERSIZED CAB (Black - 999, L);BAOCCCA43TL;CAB;Negro;L;SAMBIL VALENCIA;1
2025;DICIEMBRE;BASIC LINE OVERSIZED CAB;[BAOCCCA158TXL] BASIC LINE OVERSIZED CAB (Ivory - 005, XL);BAOCCCA158TXL;CAB;Ivory;XL;SAMBIL VALENCIA;1
2025;DICIEMBRE;BASIC LINE OVERSIZED CAB;[BAOCCCA158TXS] BASIC LINE OVERSIZED CAB (Ivory - 005, XS);BAOCCCA158TXS;CAB;Ivory;XS;GRIETA;1
2025;DICIEMBRE;BASIC LINE OVERSIZED CAB;[BAOCCCA158TXL] BASIC LINE OVERSIZED CAB (Ivory - 005, XL);BAOCCCA158TXL;CAB;Ivory;XL;GRIETA;-1
2025;DICIEMBRE;BASIC LINE OVERSIZED CAB;[BAOCCCA158T2XL] BASIC LINE OVERSIZED CAB (Ivory - 005, 2XL);BAOCCCA158T2XL;CAB;Ivory;2XL;GRIETA;1
2025;DICIEMBRE;BASIC LINE OVERSIZED CAB;[BAOCCCA43TM] BASIC LINE OVERSIZED CAB (Black - 999, M);BAOCCCA43TM;CAB;Negro;M;CERRO VERDE;1
2025;DICIEMBRE;BASIC LINE PANT DAMA;[BAPCCDA184TM] BASIC LINE PANT DAMA (Peanut - 749, M);BAPCCDA184TM;DAMA;Peanut;M;GRIETA;1
2025;DICIEMBRE;BASIC LINE CROP TEE DAMA;[BACCCDA38TM] BASIC LINE CROP TEE DAMA (Peanut - 749, M);BACCCDA38TM;DAMA;Peanut;M;GRIETA;1
2025;DICIEMBRE;BASIC LINE OVERSIZED CAB;[BAOCCCA43TM] BASIC LINE OVERSIZED CAB (Black - 999, M);BAOCCCA43TM;CAB;Negro;M;GRIETA;1
2025;DICIEMBRE;BASIC LINE CROP TEE DAMA;[BACCCDA158TL] BASIC LINE CROP TEE DAMA (Ivory - 005, L);BACCCDA158TL;DAMA;Ivory;L;SAMBIL VALENCIA;1
2025;DICIEMBRE;BASIC LINE CROP TEE DAMA;[BACCCDA38TL] BASIC LINE CROP TEE DAMA (Peanut - 749, L);BACCCDA38TL;DAMA;Peanut;L;SAMBIL VALENCIA;1
2025;DICIEMBRE;BASIC LINE OVERSIZED CAB;[BAOCCCA158TM] BASIC LINE OVERSIZED CAB (Ivory - 005, M);BAOCCCA158TM;CAB;Ivory;M;CERRO VERDE;1
2025;DICIEMBRE;BASIC LINE CROP TEE DAMA;[BACCCDA158TXS] BASIC LINE CROP TEE DAMA (Ivory - 005, XS);BACCCDA158TXS;DAMA;Ivory;XS;CERRO VERDE;1
2025;DICIEMBRE;BASIC LINE OVERSIZED CAB;[BAOCCCA43TL] BASIC LINE OVERSIZED CAB (Black - 999, L);BAOCCCA43TL;CAB;Negro;L;GRIETA;1
2025;DICIEMBRE;BASIC LINE OVERSIZED CAB;[BAOCCCA38TS] BASIC LINE OVERSIZED CAB (Peanut - 749, S);BAOCCCA38TS;CAB;Peanut;S;GRIETA;1
2025;DICIEMBRE;BASIC LINE PANT DAMA;[BAPCCDA184TS] BASIC LINE PANT DAMA (Peanut - 749, S);BAPCCDA184TS;DAMA;Peanut;S;GRIETA;1
2025;DICIEMBRE;BASIC LINE CROP TEE DAMA;[BACCCDA38TXS] BASIC LINE CROP TEE DAMA (Peanut - 749, XS);BACCCDA38TXS;DAMA;Peanut;XS;GRIETA;1
2025;DICIEMBRE;BASIC LINE CROP TEE DAMA;[BACCCDA38TXS] BASIC LINE CROP TEE DAMA (Peanut - 749, XS);BACCCDA38TXS;DAMA;Peanut;XS;CERRO VERDE;1
2025;DICIEMBRE;BASIC LINE PANT DAMA;[BAPCCDA184TS] BASIC LINE PANT DAMA (Peanut - 749, S);BAPCCDA184TS;DAMA;Peanut;S;CERRO VERDE;1
2025;DICIEMBRE;BASIC LINE SHORT DAMA;[BASCCDA43TL] BASIC LINE SHORT DAMA (Black - 999, L);BASCCDA43TL;DAMA;Negro;L;SAMBIL VALENCIA;1
2025;DICIEMBRE;BASIC LINE OVERSIZED CAB;[BAOCCCA43TL] BASIC LINE OVERSIZED CAB (Black - 999, L);BAOCCCA43TL;CAB;Negro;L;SAMBIL VALENCIA;1
2025;DICIEMBRE;BASIC LINE OVERSIZED CAB;[BAOCCCA43TM] BASIC LINE OVERSIZED CAB (Black - 999, M);BAOCCCA43TM;CAB;Negro;M;CERRO VERDE;1
2025;DICIEMBRE;BASIC LINE CROP TEE DAMA;[BACCCDA43TXS] BASIC LINE CROP TEE DAMA (Black - 999, XS);BACCCDA43TXS;DAMA;Negro;XS;CERRO VERDE;1
2025;DICIEMBRE;BASIC LINE OVERSIZED CAB;[BAOCCCA43TL] BASIC LINE OVERSIZED CAB (Black - 999, L);BAOCCCA43TL;CAB;Negro;L;CERRO VERDE;1
2025;DICIEMBRE;BASIC LINE PANT DAMA;[BAPCCDA43TS] BASIC LINE PANT DAMA (Black - 999, S);BAPCCDA43TS;DAMA;Negro;S;SAMBIL CHACAO;1
2025;DICIEMBRE;BASIC LINE CROP TEE DAMA;[BACCCDA43TXS] BASIC LINE CROP TEE DAMA (Black - 999, XS);BACCCDA43TXS;DAMA;Negro;XS;SAMBIL CHACAO;1
2025;DICIEMBRE;BASIC LINE CROP TEE DAMA;[BACCCDA158TM] BASIC LINE CROP TEE DAMA (Ivory - 005, M);BACCCDA158TM;DAMA;Ivory;M;CERRO VERDE;1
2025;DICIEMBRE;BASIC LINE OVERSIZED CAB;[BAOCCCA43TM] BASIC LINE OVERSIZED CAB (Black - 999, M);BAOCCCA43TM;CAB;Negro;M;SAMBIL VALENCIA;1
2025;DICIEMBRE;BASIC LINE OVERSIZED CAB;[BAOCCCA38T2XL] BASIC LINE OVERSIZED CAB (Peanut - 749, 2XL);BAOCCCA38T2XL;CAB;Peanut;2XL;CERRO VERDE;1
2025;DICIEMBRE;BASIC LINE OVERSIZED CAB;[BAOCCCA43TXS] BASIC LINE OVERSIZED CAB (Black - 999, XS);BAOCCCA43TXS;CAB;Negro;XS;GRIETA;1
2025;DICIEMBRE;BASIC LINE CROP TEE DAMA;[BACCCDA158TXL] BASIC LINE CROP TEE DAMA (Ivory - 005, XL);BACCCDA158TXL;DAMA;Ivory;XL;GRIETA;1
2025;DICIEMBRE;BASIC LINE CROP TEE DAMA;[BACCCDA158TXS] BASIC LINE CROP TEE DAMA (Ivory - 005, XS);BACCCDA158TXS;DAMA;Ivory;XS;GRIETA;1
2025;DICIEMBRE;BASIC LINE OVERSIZED CAB;[BAOCCCA158TM] BASIC LINE OVERSIZED CAB (Ivory - 005, M);BAOCCCA158TM;CAB;Ivory;M;GRIETA;1
2025;DICIEMBRE;BASIC LINE CROP TEE DAMA;[BACCCDA38TXS] BASIC LINE CROP TEE DAMA (Peanut - 749, XS);BACCCDA38TXS;DAMA;Peanut;XS;GRIETA;1
2025;DICIEMBRE;BASIC LINE PANT DAMA;[BAPCCDA184TM] BASIC LINE PANT DAMA (Peanut - 749, M);BAPCCDA184TM;DAMA;Peanut;M;SAMBIL VALENCIA;1
2025;DICIEMBRE;BASIC LINE PANT DAMA;[BAPCCDA184TL] BASIC LINE PANT DAMA (Peanut - 749, L);BAPCCDA184TL;DAMA;Peanut;L;CERRO VERDE;1
2025;DICIEMBRE;BASIC LINE OVERSIZED CAB;[BAOCCCA158TM] BASIC LINE OVERSIZED CAB (Ivory - 005, M);BAOCCCA158TM;CAB;Ivory;M;SAMBIL VALENCIA;1
2025;DICIEMBRE;BASIC LINE CROP TEE DAMA;[BACCCDA38TM] BASIC LINE CROP TEE DAMA (Peanut - 749, M);BACCCDA38TM;DAMA;Peanut;M;CERRO VERDE;1
2025;DICIEMBRE;BASIC LINE PANT DAMA;[BAPCCDA184TL] BASIC LINE PANT DAMA (Peanut - 749, L);BAPCCDA184TL;DAMA;Peanut;L;CERRO VERDE;1
2025;DICIEMBRE;BASIC LINE PANT DAMA;[BAPCCDA43TM] BASIC LINE PANT DAMA (Black - 999, M);BAPCCDA43TM;DAMA;Negro;M;GRIETA;1
2025;DICIEMBRE;BASIC LINE OVERSIZED CAB;[BAOCCCA158TM] BASIC LINE OVERSIZED CAB (Ivory - 005, M);BAOCCCA158TM;CAB;Ivory;M;GRIETA;1
2025;DICIEMBRE;BASIC LINE OVERSIZED CAB;[BAOCCCA43TL] BASIC LINE OVERSIZED CAB (Black - 999, L);BAOCCCA43TL;CAB;Negro;L;GRIETA;1
2025;DICIEMBRE;BASIC LINE CROP TEE DAMA;[BACCCDA158TM] BASIC LINE CROP TEE DAMA (Ivory - 005, M);BACCCDA158TM;DAMA;Ivory;M;GRIETA;1
2025;DICIEMBRE;BASIC LINE OVERSIZED CAB;[BAOCCCA43TXL] BASIC LINE OVERSIZED CAB (Black - 999, XL);BAOCCCA43TXL;CAB;Negro;XL;CERRO VERDE;1
2025;DICIEMBRE;BASIC LINE OVERSIZED CAB;[BAOCCCA43TS] BASIC LINE OVERSIZED CAB (Black - 999, S);BAOCCCA43TS;CAB;Negro;S;CERRO VERDE;1
2025;DICIEMBRE;BASIC LINE CROP TEE DAMA;[BACCCDA43TM] BASIC LINE CROP TEE DAMA (Black - 999, M);BACCCDA43TM;DAMA;Negro;M;CERRO VERDE;1
2025;DICIEMBRE;BASIC LINE CROP TEE DAMA;[BACCCDA158TM] BASIC LINE CROP TEE DAMA (Ivory - 005, M);BACCCDA158TM;DAMA;Ivory;M;CERRO VERDE;1
2025;DICIEMBRE;BASIC LINE OVERSIZED CAB;[BAOCCCA158TXS] BASIC LINE OVERSIZED CAB (Ivory - 005, XS);BAOCCCA158TXS;CAB;Ivory;XS;GRIETA;-1
2025;DICIEMBRE;BASIC LINE OVERSIZED CAB;[BAOCCCA158TS] BASIC LINE OVERSIZED CAB (Ivory - 005, S);BAOCCCA158TS;CAB;Ivory;S;GRIETA;1
2025;DICIEMBRE;BASIC LINE OVERSIZED CAB;[BAOCCCA158TXS] BASIC LINE OVERSIZED CAB (Ivory - 005, XS);BAOCCCA158TXS;CAB;Ivory;XS;SAMBIL CHACAO;1
2025;DICIEMBRE;BASIC LINE OVERSIZED CAB;[BAOCCCA43TXS] BASIC LINE OVERSIZED CAB (Black - 999, XS);BAOCCCA43TXS;CAB;Negro;XS;SAMBIL CHACAO;1
2025;DICIEMBRE;BASIC LINE OVERSIZED CAB;[BAOCCCA38TM] BASIC LINE OVERSIZED CAB (Peanut - 749, M);BAOCCCA38TM;CAB;Peanut;M;WEB;1
2025;DICIEMBRE;BASIC LINE SHORT DAMA;[BASCCDA43TXS] BASIC LINE SHORT DAMA (Black - 999, XS);BASCCDA43TXS;DAMA;Negro;XS;GRIETA;1
2025;DICIEMBRE;BASIC LINE CROP TEE DAMA;[BACCCDA43TXS] BASIC LINE CROP TEE DAMA (Black - 999, XS);BACCCDA43TXS;DAMA;Negro;XS;SAMBIL VALENCIA;1
2025;DICIEMBRE;BASIC LINE CROP TEE DAMA;[BACCCDA158TM] BASIC LINE CROP TEE DAMA (Ivory - 005, M);BACCCDA158TM;DAMA;Ivory;M;SAMBIL VALENCIA;1
2025;DICIEMBRE;BASIC LINE PANT DAMA;[BAPCCDA184TM] BASIC LINE PANT DAMA (Peanut - 749, M);BAPCCDA184TM;DAMA;Peanut;M;GRIETA;1
2025;DICIEMBRE;BASIC LINE CROP TEE DAMA;[BACCCDA158TXS] BASIC LINE CROP TEE DAMA (Ivory - 005, XS);BACCCDA158TXS;DAMA;Ivory;XS;GRIETA;1
2025;DICIEMBRE;BASIC LINE OVERSIZED CAB;[BAOCCCA158T2XL] BASIC LINE OVERSIZED CAB (Ivory - 005, 2XL);BAOCCCA158T2XL;CAB;Ivory;2XL;GRIETA;1
2025;DICIEMBRE;BASIC LINE CROP TEE DAMA;[BACCCDA38TXS] BASIC LINE CROP TEE DAMA (Peanut - 749, XS);BACCCDA38TXS;DAMA;Peanut;XS;SAMBIL VALENCIA;1
2025;DICIEMBRE;BASIC LINE CROP TEE DAMA;[BACCCDA38TS] BASIC LINE CROP TEE DAMA (Peanut - 749, S);BACCCDA38TS;DAMA;Peanut;S;CERRO VERDE;1
2025;DICIEMBRE;BASIC LINE OVERSIZED CAB;[BAOCCCA43TL] BASIC LINE OVERSIZED CAB (Black - 999, L);BAOCCCA43TL;CAB;Negro;L;GRIETA;1
2025;DICIEMBRE;BASIC LINE OVERSIZED CAB;[BAOCCCA43TM] BASIC LINE OVERSIZED CAB (Black - 999, M);BAOCCCA43TM;CAB;Negro;M;GRIETA;-1
2025;DICIEMBRE;BASIC LINE OVERSIZED CAB;[BAOCCCA43TM] BASIC LINE OVERSIZED CAB (Black - 999, M);BAOCCCA43TM;CAB;Negro;M;SAMBIL CHACAO;-1
2025;DICIEMBRE;BASIC LINE OVERSIZED CAB;[BAOCCCA158TM] BASIC LINE OVERSIZED CAB (Ivory - 005, M);BAOCCCA158TM;CAB;Ivory;M;GRIETA;1
2025;DICIEMBRE;BASIC LINE OVERSIZED CAB;[BAOCCCA43TS] BASIC LINE OVERSIZED CAB (Black - 999, S);BAOCCCA43TS;CAB;Negro;S;SAMBIL CHACAO;1
2025;DICIEMBRE;BASIC LINE CROP TEE DAMA;[BACCCDA158TM] BASIC LINE CROP TEE DAMA (Ivory - 005, M);BACCCDA158TM;DAMA;Ivory;M;GRAND PLAZ;-1
2025;DICIEMBRE;BASIC LINE CROP TEE DAMA;[BACCCDA158TS] BASIC LINE CROP TEE DAMA (Ivory - 005, S);BACCCDA158TS;DAMA;Ivory;S;GRAND PLAZ;1
2025;DICIEMBRE;BASIC LINE OVERSIZED CAB;[BAOCCCA158TS] BASIC LINE OVERSIZED CAB (Ivory - 005, S);BAOCCCA158TS;CAB;Ivory;S;SAMBIL CHACAO;1
2025;DICIEMBRE;BASIC LINE CROP TEE DAMA;[BACCCDA158TM] BASIC LINE CROP TEE DAMA (Ivory - 005, M);BACCCDA158TM;DAMA;Ivory;M;SAMBIL VALENCIA;1
2025;DICIEMBRE;BASIC LINE SHORT DAMA;[BASCCDA38TM] BASIC LINE SHORT DAMA (Peanut - 749, M);BASCCDA38TM;DAMA;Peanut;M;SAMBIL VALENCIA;1
2025;DICIEMBRE;BASIC LINE SHORT DAMA;[BASCCDA38TM] BASIC LINE SHORT DAMA (Peanut - 749, M);BASCCDA38TM;DAMA;Peanut;M;SAMBIL VALENCIA;1
2025;DICIEMBRE;BASIC LINE OVERSIZED CAB;[BAOCCCA158TXL] BASIC LINE OVERSIZED CAB (Ivory - 005, XL);BAOCCCA158TXL;CAB;Ivory;XL;SAMBIL VALENCIA;1
2025;DICIEMBRE;BASIC LINE CROP TEE DAMA;[BACCCDA158TXS] BASIC LINE CROP TEE DAMA (Ivory - 005, XS);BACCCDA158TXS;DAMA;Ivory;XS;GRIETA;1
2025;DICIEMBRE;BASIC LINE OVERSIZED CAB;[BAOCCCA158TS] BASIC LINE OVERSIZED CAB (Ivory - 005, S);BAOCCCA158TS;CAB;Ivory;S;CERRO VERDE;1
2025;DICIEMBRE;BASIC LINE OVERSIZED CAB;[BAOCCCA43TM] BASIC LINE OVERSIZED CAB (Black - 999, M);BAOCCCA43TM;CAB;Negro;M;GRIETA;1
2025;DICIEMBRE;BASIC LINE SHORT DAMA;[BASCCDA43TXL] BASIC LINE SHORT DAMA (Black - 999, XL);BASCCDA43TXL;DAMA;Negro;XL;SAMBIL CHACAO;1
2025;DICIEMBRE;BASIC LINE OVERSIZED CAB;[BAOCCCA43TL] BASIC LINE OVERSIZED CAB (Black - 999, L);BAOCCCA43TL;CAB;Negro;L;SAMBIL CHACAO;1
2025;DICIEMBRE;BASIC LINE OVERSIZED CAB;[BAOCCCA43TXL] BASIC LINE OVERSIZED CAB (Black - 999, XL);BAOCCCA43TXL;CAB;Negro;XL;SAMBIL VALENCIA;1
2025;DICIEMBRE;BASIC LINE OVERSIZED CAB;[BAOCCCA43TL] BASIC LINE OVERSIZED CAB (Black - 999, L);BAOCCCA43TL;CAB;Negro;L;SAMBIL VALENCIA;1
2025;DICIEMBRE;BASIC LINE CROP TEE DAMA;[BACCCDA158TM] BASIC LINE CROP TEE DAMA (Ivory - 005, M);BACCCDA158TM;DAMA;Ivory;M;GRIETA;1
2025;DICIEMBRE;BASIC LINE CROP TEE DAMA;[BACCCDA38TM] BASIC LINE CROP TEE DAMA (Peanut - 749, M);BACCCDA38TM;DAMA;Peanut;M;GRIETA;1
2025;DICIEMBRE;BASIC LINE SHORT DAMA;[BASCCDA38TM] BASIC LINE SHORT DAMA (Peanut - 749, M);BASCCDA38TM;DAMA;Peanut;M;GRIETA;1
2025;DICIEMBRE;BASIC LINE SHORT DAMA;[BASCCDA38TM] BASIC LINE SHORT DAMA (Peanut - 749, M);BASCCDA38TM;DAMA;Peanut;M;GRAND PLAZ;1
2025;DICIEMBRE;BASIC LINE CROP TEE DAMA;[BACCCDA158TM] BASIC LINE CROP TEE DAMA (Ivory - 005, M);BACCCDA158TM;DAMA;Ivory;M;GRAND PLAZ;1
2025;DICIEMBRE;BASIC LINE CROP TEE DAMA;[BACCCDA38TM] BASIC LINE CROP TEE DAMA (Peanut - 749, M);BACCCDA38TM;DAMA;Peanut;M;GRAND PLAZ;1
2025;DICIEMBRE;BASIC LINE OVERSIZED CAB;[BAOCCCA158T2XL] BASIC LINE OVERSIZED CAB (Ivory - 005, 2XL);BAOCCCA158T2XL;CAB;Ivory;2XL;SAMBIL VALENCIA;1
2025;DICIEMBRE;BASIC LINE CROP TEE DAMA;[BACCCDA43TM] BASIC LINE CROP TEE DAMA (Black - 999, M);BACCCDA43TM;DAMA;Negro;M;SAMBIL CHACAO;1
2025;DICIEMBRE;BASIC LINE PANT DAMA;[BAPCCDA43TM] BASIC LINE PANT DAMA (Black - 999, M);BAPCCDA43TM;DAMA;Negro;M;SAMBIL CHACAO;1
2025;DICIEMBRE;BASIC LINE CROP TEE DAMA;[BACCCDA43TM] BASIC LINE CROP TEE DAMA (Black - 999, M);BACCCDA43TM;DAMA;Negro;M;SAMBIL VALENCIA;1
2025;DICIEMBRE;BASIC LINE PANT DAMA;[BAPCCDA43TL] BASIC LINE PANT DAMA (Black - 999, L);BAPCCDA43TL;DAMA;Negro;L;SAMBIL VALENCIA;1
2025;DICIEMBRE;BASIC LINE PANT DAMA;[BAPCCDA184TM] BASIC LINE PANT DAMA (Peanut - 749, M);BAPCCDA184TM;DAMA;Peanut;M;SAMBIL VALENCIA;1
2025;DICIEMBRE;BASIC LINE CROP TEE DAMA;[BACCCDA38TM] BASIC LINE CROP TEE DAMA (Peanut - 749, M);BACCCDA38TM;DAMA;Peanut;M;SAMBIL VALENCIA;1
2025;DICIEMBRE;BASIC LINE PANT DAMA;[BAPCCDA184TS] BASIC LINE PANT DAMA (Peanut - 749, S);BAPCCDA184TS;DAMA;Peanut;S;GRIETA;1
2025;DICIEMBRE;BASIC LINE CROP TEE DAMA;[BACCCDA158TXS] BASIC LINE CROP TEE DAMA (Ivory - 005, XS);BACCCDA158TXS;DAMA;Ivory;XS;GRIETA;1
2025;DICIEMBRE;BASIC LINE OVERSIZED CAB;[BAOCCCA158TXS] BASIC LINE OVERSIZED CAB (Ivory - 005, XS);BAOCCCA158TXS;CAB;Ivory;XS;GRIETA;1
2025;DICIEMBRE;BASIC LINE PANT DAMA;[BAPCCDA43TXS] BASIC LINE PANT DAMA (Black - 999, XS);BAPCCDA43TXS;DAMA;Negro;XS;GRIETA;1
2025;DICIEMBRE;BASIC LINE CROP TEE DAMA;[BACCCDA43TM] BASIC LINE CROP TEE DAMA (Black - 999, M);BACCCDA43TM;DAMA;Negro;M;SAMBIL VALENCIA;1
2025;DICIEMBRE;BASIC LINE CROP TEE DAMA;[BACCCDA38TM] BASIC LINE CROP TEE DAMA (Peanut - 749, M);BACCCDA38TM;DAMA;Peanut;M;GRIETA;1
2025;DICIEMBRE;BASIC LINE PANT DAMA;[BAPCCDA184TL] BASIC LINE PANT DAMA (Peanut - 749, L);BAPCCDA184TL;DAMA;Peanut;L;GRIETA;1
2025;DICIEMBRE;BASIC LINE OVERSIZED CAB;[BAOCCCA43TM] BASIC LINE OVERSIZED CAB (Black - 999, M);BAOCCCA43TM;CAB;Negro;M;SAMBIL CHACAO;1
2025;DICIEMBRE;BASIC LINE OVERSIZED CAB;[BAOCCCA158TM] BASIC LINE OVERSIZED CAB (Ivory - 005, M);BAOCCCA158TM;CAB;Ivory;M;SAMBIL VALENCIA;1
2025;DICIEMBRE;BASIC LINE CROP TEE DAMA;[BACCCDA43TM] BASIC LINE CROP TEE DAMA (Black - 999, M);BACCCDA43TM;DAMA;Negro;M;SAMBIL VALENCIA;1
2025;DICIEMBRE;BASIC LINE PANT DAMA;[BAPCCDA184TS] BASIC LINE PANT DAMA (Peanut - 749, S);BAPCCDA184TS;DAMA;Peanut;S;SAMBIL VALENCIA;1
2025;DICIEMBRE;BASIC LINE CROP TEE DAMA;[BACCCDA38TM] BASIC LINE CROP TEE DAMA (Peanut - 749, M);BACCCDA38TM;DAMA;Peanut;M;SAMBIL VALENCIA;1
2025;DICIEMBRE;BASIC LINE PANT DAMA;[BAPCCDA43TS] BASIC LINE PANT DAMA (Black - 999, S);BAPCCDA43TS;DAMA;Negro;S;SAMBIL VALENCIA;1
2025;DICIEMBRE;BASIC LINE CROP TEE DAMA;[BACCCDA158TS] BASIC LINE CROP TEE DAMA (Ivory - 005, S);BACCCDA158TS;DAMA;Ivory;S;WEB;1
2025;DICIEMBRE;BASIC LINE CROP TEE DAMA;[BACCCDA38TM] BASIC LINE CROP TEE DAMA (Peanut - 749, M);BACCCDA38TM;DAMA;Peanut;M;WEB;1
2025;DICIEMBRE;BASIC LINE CROP TEE DAMA;[BACCCDA43TL] BASIC LINE CROP TEE DAMA (Black - 999, L);BACCCDA43TL;DAMA;Negro;L;WEB;1
2025;DICIEMBRE;BASIC LINE SHORT DAMA;[BASCCDA38TM] BASIC LINE SHORT DAMA (Peanut - 749, M);BASCCDA38TM;DAMA;Peanut;M;WEB;1
2025;DICIEMBRE;BASIC LINE PANT DAMA;[BAPCCDA43TL] BASIC LINE PANT DAMA (Black - 999, L);BAPCCDA43TL;DAMA;Negro;L;WEB;1
2025;DICIEMBRE;BASIC LINE SHORT DAMA;[BASCCDA43TM] BASIC LINE SHORT DAMA (Black - 999, M);BASCCDA43TM;DAMA;Negro;M;WEB;1
2025;DICIEMBRE;BASIC LINE CROP TEE DAMA;[BACCCDA43TM] BASIC LINE CROP TEE DAMA (Black - 999, M);BACCCDA43TM;DAMA;Negro;M;WEB;1
2025;DICIEMBRE;BASIC LINE OVERSIZED CAB;[BAOCCCA43TM] BASIC LINE OVERSIZED CAB (Black - 999, M);BAOCCCA43TM;CAB;Negro;M;CERRO VERDE;1
2025;DICIEMBRE;BASIC LINE CROP TEE DAMA;[BACCCDA158TM] BASIC LINE CROP TEE DAMA (Ivory - 005, M);BACCCDA158TM;DAMA;Ivory;M;GRIETA;1
2025;DICIEMBRE;BASIC LINE PANT DAMA;[BAPCCDA184TM] BASIC LINE PANT DAMA (Peanut - 749, M);BAPCCDA184TM;DAMA;Peanut;M;GRIETA;1
2025;DICIEMBRE;BASIC LINE CROP TEE DAMA;[BACCCDA158TM] BASIC LINE CROP TEE DAMA (Ivory - 005, M);BACCCDA158TM;DAMA;Ivory;M;SAMBIL CHACAO;1
2025;DICIEMBRE;BASIC LINE OVERSIZED CAB;[BAOCCCA158TXS] BASIC LINE OVERSIZED CAB (Ivory - 005, XS);BAOCCCA158TXS;CAB;Ivory;XS;GRIETA;1
2025;DICIEMBRE;BASIC LINE CROP TEE DAMA;[BACCCDA38TXL] BASIC LINE CROP TEE DAMA (Peanut - 749, XL);BACCCDA38TXL;DAMA;Peanut;XL;GRIETA;1
2025;DICIEMBRE;BASIC LINE PANT DAMA;[BAPCCDA184TXL] BASIC LINE PANT DAMA (Peanut - 749, XL);BAPCCDA184TXL;DAMA;Peanut;XL;GRIETA;1
2025;DICIEMBRE;BASIC LINE OVERSIZED CAB;[BAOCCCA158TXS] BASIC LINE OVERSIZED CAB (Ivory - 005, XS);BAOCCCA158TXS;CAB;Ivory;XS;SAMBIL CHACAO;1
2025;DICIEMBRE;BASIC LINE CROP TEE DAMA;[BACCCDA38TM] BASIC LINE CROP TEE DAMA (Peanut - 749, M);BACCCDA38TM;DAMA;Peanut;M;SAMBIL VALENCIA;1
2025;DICIEMBRE;BASIC LINE OVERSIZED CAB;[BAOCCCA158TM] BASIC LINE OVERSIZED CAB (Ivory - 005, M);BAOCCCA158TM;CAB;Ivory;M;CERRO VERDE;1
2025;DICIEMBRE;BASIC LINE CROP TEE DAMA;[BACCCDA38TXS] BASIC LINE CROP TEE DAMA (Peanut - 749, XS);BACCCDA38TXS;DAMA;Peanut;XS;CERRO VERDE;1
2025;DICIEMBRE;BASIC LINE PANT DAMA;[BAPCCDA184TS] BASIC LINE PANT DAMA (Peanut - 749, S);BAPCCDA184TS;DAMA;Peanut;S;CERRO VERDE;1
2025;DICIEMBRE;BASIC LINE OVERSIZED CAB;[BAOCCCA158TXL] BASIC LINE OVERSIZED CAB (Ivory - 005, XL);BAOCCCA158TXL;CAB;Ivory;XL;GRAND PLAZ;1
2025;DICIEMBRE;BASIC LINE PANT DAMA;[BAPCCDA184TS] BASIC LINE PANT DAMA (Peanut - 749, S);BAPCCDA184TS;DAMA;Peanut;S;SAMBIL CHACAO;1
2025;DICIEMBRE;BASIC LINE CROP TEE DAMA;[BACCCDA158TXL] BASIC LINE CROP TEE DAMA (Ivory - 005, XL);BACCCDA158TXL;DAMA;Ivory;XL;SAMBIL VALENCIA;1
2025;DICIEMBRE;BASIC LINE PANT DAMA;[BAPCCDA43TL] BASIC LINE PANT DAMA (Black - 999, L);BAPCCDA43TL;DAMA;Negro;L;SAMBIL VALENCIA;-1
2025;DICIEMBRE;BASIC LINE OVERSIZED CAB;[BAOCCCA158TS] BASIC LINE OVERSIZED CAB (Ivory - 005, S);BAOCCCA158TS;CAB;Ivory;S;SAMBIL VALENCIA;1
2025;DICIEMBRE;BASIC LINE CROP TEE DAMA;[BACCCDA38TM] BASIC LINE CROP TEE DAMA (Peanut - 749, M);BACCCDA38TM;DAMA;Peanut;M;CERRO VERDE;1
2025;DICIEMBRE;BASIC LINE CROP TEE DAMA;[BACCCDA158TM] BASIC LINE CROP TEE DAMA (Ivory - 005, M);BACCCDA158TM;DAMA;Ivory;M;CERRO VERDE;1
2025;DICIEMBRE;BASIC LINE SHORT DAMA;[BASCCDA43TM] BASIC LINE SHORT DAMA (Black - 999, M);BASCCDA43TM;DAMA;Negro;M;GRIETA;-1
2025;DICIEMBRE;BASIC LINE CROP TEE DAMA;[BACCCDA43TM] BASIC LINE CROP TEE DAMA (Black - 999, M);BACCCDA43TM;DAMA;Negro;M;GRIETA;-1
2025;DICIEMBRE;BASIC LINE CROP TEE DAMA;[BACCCDA43TL] BASIC LINE CROP TEE DAMA (Black - 999, L);BACCCDA43TL;DAMA;Negro;L;GRIETA;1
2025;DICIEMBRE;BASIC LINE SHORT DAMA;[BASCCDA43TL] BASIC LINE SHORT DAMA (Black - 999, L);BASCCDA43TL;DAMA;Negro;L;GRIETA;1
2025;DICIEMBRE;BASIC LINE CROP TEE DAMA;[BACCCDA38TL] BASIC LINE CROP TEE DAMA (Peanut - 749, L);BACCCDA38TL;DAMA;Peanut;L;SAMBIL VALENCIA;1
2025;DICIEMBRE;BASIC LINE OVERSIZED CAB;[BAOCCCA158TM] BASIC LINE OVERSIZED CAB (Ivory - 005, M);BAOCCCA158TM;CAB;Ivory;M;SAMBIL VALENCIA;1
2025;DICIEMBRE;BASIC LINE OVERSIZED CAB;[BAOCCCA43TM] BASIC LINE OVERSIZED CAB (Black - 999, M);BAOCCCA43TM;CAB;Negro;M;CERRO VERDE;-1
2025;DICIEMBRE;BASIC LINE OVERSIZED CAB;[BAOCCCA38T2XL] BASIC LINE OVERSIZED CAB (Peanut - 749, 2XL);BAOCCCA38T2XL;CAB;Peanut;2XL;GRIETA;1
2025;DICIEMBRE;BASIC LINE OVERSIZED CAB;[BAOCCCA158TM] BASIC LINE OVERSIZED CAB (Ivory - 005, M);BAOCCCA158TM;CAB;Ivory;M;CERRO VERDE;1
2025;DICIEMBRE;BASIC LINE PANT DAMA;[BAPCCDA43TXL] BASIC LINE PANT DAMA (Black - 999, XL);BAPCCDA43TXL;DAMA;Negro;XL;CERRO VERDE;1
2025;DICIEMBRE;BASIC LINE OVERSIZED CAB;[BAOCCCA158T2XL] BASIC LINE OVERSIZED CAB (Ivory - 005, 2XL);BAOCCCA158T2XL;CAB;Ivory;2XL;SAMBIL CHACAO;1
2025;DICIEMBRE;BASIC LINE OVERSIZED CAB;[BAOCCCA43TXL] BASIC LINE OVERSIZED CAB (Black - 999, XL);BAOCCCA43TXL;CAB;Negro;XL;CERRO VERDE;1
2025;DICIEMBRE;BASIC LINE OVERSIZED CAB;[BAOCCCA158TM] BASIC LINE OVERSIZED CAB (Ivory - 005, M);BAOCCCA158TM;CAB;Ivory;M;SAMBIL CHACAO;1
2025;DICIEMBRE;BASIC LINE OVERSIZED CAB;[BAOCCCA43TL] BASIC LINE OVERSIZED CAB (Black - 999, L);BAOCCCA43TL;CAB;Negro;L;SAMBIL CHACAO;1
2025;DICIEMBRE;BASIC LINE PANT DAMA;[BAPCCDA43TXL] BASIC LINE PANT DAMA (Black - 999, XL);BAPCCDA43TXL;DAMA;Negro;XL;CERRO VERDE;1
2025;DICIEMBRE;BASIC LINE OVERSIZED CAB;[BAOCCCA158TM] BASIC LINE OVERSIZED CAB (Ivory - 005, M);BAOCCCA158TM;CAB;Ivory;M;SAMBIL CHACAO;1
2025;DICIEMBRE;BASIC LINE SHORT DAMA;[BASCCDA43TS] BASIC LINE SHORT DAMA (Black - 999, S);BASCCDA43TS;DAMA;Negro;S;SAMBIL CHACAO;1
2025;DICIEMBRE;BASIC LINE OVERSIZED CAB;[BAOCCCA158TXS] BASIC LINE OVERSIZED CAB (Ivory - 005, XS);BAOCCCA158TXS;CAB;Ivory;XS;SAMBIL CHACAO;1
2025;DICIEMBRE;BASIC LINE OVERSIZED CAB;[BAOCCCA158TXS] BASIC LINE OVERSIZED CAB (Ivory - 005, XS);BAOCCCA158TXS;CAB;Ivory;XS;SAMBIL CHACAO;1
2025;DICIEMBRE;BASIC LINE OVERSIZED CAB;[BAOCCCA158TXL] BASIC LINE OVERSIZED CAB (Ivory - 005, XL);BAOCCCA158TXL;CAB;Ivory;XL;GRIETA;1
2025;DICIEMBRE;BASIC LINE OVERSIZED CAB;[BAOCCCA43TXL] BASIC LINE OVERSIZED CAB (Black - 999, XL);BAOCCCA43TXL;CAB;Negro;XL;SAMBIL VALENCIA;1
2026;ENERO;BASIC LINE PANT DAMA;[BAPCCDA184TL] BASIC LINE PANT DAMA (Peanut - 749, L);BAPCCDA184TL;DAMA;Peanut;L;GRIETA;1
2026;ENERO;BASIC LINE CROP TEE DAMA;[BACCCDA38TL] BASIC LINE CROP TEE DAMA (Peanut - 749, L);BACCCDA38TL;DAMA;Peanut;L;GRIETA;1
2026;ENERO;BASIC LINE PANT DAMA;[BAPCCDA43TM] BASIC LINE PANT DAMA (Black - 999, M);BAPCCDA43TM;DAMA;Negro;M;GRIETA;1
2026;ENERO;BASIC LINE CROP TEE DAMA;[BACCCDA158TXS] BASIC LINE CROP TEE DAMA (Ivory - 005, XS);BACCCDA158TXS;DAMA;Ivory;XS;SAMBIL VALENCIA;1
2026;ENERO;BASIC LINE CROP TEE DAMA;[BACCCDA43TL] BASIC LINE CROP TEE DAMA (Black - 999, L);BACCCDA43TL;DAMA;Negro;L;SAMBIL CHACAO;2
2026;ENERO;BASIC LINE SHORT DAMA;[BASCCDA43TL] BASIC LINE SHORT DAMA (Black - 999, L);BASCCDA43TL;DAMA;Negro;L;SAMBIL CHACAO;1
2026;ENERO;BASIC LINE SHORT DAMA;[BASCCDA43TM] BASIC LINE SHORT DAMA (Black - 999, M);BASCCDA43TM;DAMA;Negro;M;SAMBIL CHACAO;1
2026;ENERO;BASIC LINE CROP TEE DAMA;[BACCCDA158TM] BASIC LINE CROP TEE DAMA (Ivory - 005, M);BACCCDA158TM;DAMA;Ivory;M;GRIETA;1
2026;ENERO;BASIC LINE PANT DAMA;[BAPCCDA43TM] BASIC LINE PANT DAMA (Black - 999, M);BAPCCDA43TM;DAMA;Negro;M;GRIETA;1
2026;ENERO;BASIC LINE SHORT DAMA;[BASCCDA43TM] BASIC LINE SHORT DAMA (Black - 999, M);BASCCDA43TM;DAMA;Negro;M;SAMBIL VALENCIA;1
2026;ENERO;BASIC LINE CROP TEE DAMA;[BACCCDA158TXS] BASIC LINE CROP TEE DAMA (Ivory - 005, XS);BACCCDA158TXS;DAMA;Ivory;XS;SAMBIL VALENCIA;2
2026;ENERO;BASIC LINE SHORT DAMA;[BASCCDA43TXS] BASIC LINE SHORT DAMA (Black - 999, XS);BASCCDA43TXS;DAMA;Negro;XS;SAMBIL VALENCIA;1
2026;ENERO;BASIC LINE SHORT DAMA;[BASCCDA43TM] BASIC LINE SHORT DAMA (Black - 999, M);BASCCDA43TM;DAMA;Negro;M;SAMBIL VALENCIA;-1
2026;ENERO;BASIC LINE SHORT DAMA;[BASCCDA43TS] BASIC LINE SHORT DAMA (Black - 999, S);BASCCDA43TS;DAMA;Negro;S;SAMBIL VALENCIA;1
2026;ENERO;BASIC LINE CROP TEE DAMA;[BACCCDA38TXS] BASIC LINE CROP TEE DAMA (Peanut - 749, XS);BACCCDA38TXS;DAMA;Peanut;XS;GRIETA;1
2026;ENERO;BASIC LINE OVERSIZED CAB;[BAOCCCA158TL] BASIC LINE OVERSIZED CAB (Ivory - 005, L);BAOCCCA158TL;CAB;Ivory;L;WEB;1
2026;ENERO;BASIC LINE OVERSIZED CAB;[BAOCCCA43TL] BASIC LINE OVERSIZED CAB (Black - 999, L);BAOCCCA43TL;CAB;Negro;L;WEB;1
2026;ENERO;BASIC LINE PANT DAMA;[BAPCCDA184TXS] BASIC LINE PANT DAMA (Peanut - 749, XS);BAPCCDA184TXS;DAMA;Peanut;XS;GRIETA;1
2026;ENERO;BASIC LINE PANT DAMA;[BAPCCDA43TL] BASIC LINE PANT DAMA (Black - 999, L);BAPCCDA43TL;DAMA;Negro;L;GRIETA;1
2026;ENERO;BASIC LINE CROP TEE DAMA;[BACCCDA43TM] BASIC LINE CROP TEE DAMA (Black - 999, M);BACCCDA43TM;DAMA;Negro;M;SAMBIL VALENCIA;1
2026;ENERO;BASIC LINE CROP TEE DAMA;[BACCCDA158TXS] BASIC LINE CROP TEE DAMA (Ivory - 005, XS);BACCCDA158TXS;DAMA;Ivory;XS;GRIETA;1
2026;ENERO;BASIC LINE CROP TEE DAMA;[BACCCDA158TL] BASIC LINE CROP TEE DAMA (Ivory - 005, L);BACCCDA158TL;DAMA;Ivory;L;GRIETA;1
2026;ENERO;BASIC LINE PANT DAMA;[BAPCCDA43TL] BASIC LINE PANT DAMA (Black - 999, L);BAPCCDA43TL;DAMA;Negro;L;GRIETA;1
2026;ENERO;BASIC LINE CROP TEE DAMA;[BACCCDA43TXL] BASIC LINE CROP TEE DAMA (Black - 999, XL);BACCCDA43TXL;DAMA;Negro;XL;GRIETA;1
2026;ENERO;BASIC LINE PANT DAMA;[BAPCCDA184TL] BASIC LINE PANT DAMA (Peanut - 749, L);BAPCCDA184TL;DAMA;Peanut;L;GRIETA;1
2026;ENERO;BASIC LINE CROP TEE DAMA;[BACCCDA38TXS] BASIC LINE CROP TEE DAMA (Peanut - 749, XS);BACCCDA38TXS;DAMA;Peanut;XS;GRIETA;1
2026;ENERO;BASIC LINE SHORT DAMA;[BASCCDA38TS] BASIC LINE SHORT DAMA (Peanut - 749, S);BASCCDA38TS;DAMA;Peanut;S;GRIETA;1
2026;ENERO;BASIC LINE PANT DAMA;[BAPCCDA184TM] BASIC LINE PANT DAMA (Peanut - 749, M);BAPCCDA184TM;DAMA;Peanut;M;GRIETA;1
2026;ENERO;BASIC LINE CROP TEE DAMA;[BACCCDA38TM] BASIC LINE CROP TEE DAMA (Peanut - 749, M);BACCCDA38TM;DAMA;Peanut;M;GRIETA;1
2026;ENERO;BASIC LINE CROP TEE DAMA;[BACCCDA38TXS] BASIC LINE CROP TEE DAMA (Peanut - 749, XS);BACCCDA38TXS;DAMA;Peanut;XS;GRIETA;1
2026;ENERO;BASIC LINE PANT DAMA;[BAPCCDA184TS] BASIC LINE PANT DAMA (Peanut - 749, S);BAPCCDA184TS;DAMA;Peanut;S;GRIETA;1
2026;ENERO;BASIC LINE CROP TEE DAMA;[BACCCDA38TXS] BASIC LINE CROP TEE DAMA (Peanut - 749, XS);BACCCDA38TXS;DAMA;Peanut;XS;GRIETA;1
2026;ENERO;BASIC LINE OVERSIZED CAB;[BAOCCCA43TXS] BASIC LINE OVERSIZED CAB (Black - 999, XS);BAOCCCA43TXS;CAB;Negro;XS;GRIETA;1
2026;ENERO;BASIC LINE OVERSIZED CAB;[BAOCCCA158T2XL] BASIC LINE OVERSIZED CAB (Ivory - 005, 2XL);BAOCCCA158T2XL;CAB;Ivory;2XL;SAMBIL VALENCIA;1
2026;ENERO;BASIC LINE OVERSIZED CAB;[BAOCCCA43T2XL] BASIC LINE OVERSIZED CAB (Black - 999, 2XL);BAOCCCA43T2XL;CAB;Negro;2XL;SAMBIL VALENCIA;1
2026;ENERO;BASIC LINE CROP TEE DAMA;[BACCCDA158TM] BASIC LINE CROP TEE DAMA (Ivory - 005, M);BACCCDA158TM;DAMA;Ivory;M;SAMBIL VALENCIA;1
2026;ENERO;BASIC LINE CROP TEE DAMA;[BACCCDA38TM] BASIC LINE CROP TEE DAMA (Peanut - 749, M);BACCCDA38TM;DAMA;Peanut;M;SAMBIL VALENCIA;1
2026;ENERO;BASIC LINE PANT DAMA;[BAPCCDA43TXL] BASIC LINE PANT DAMA (Black - 999, XL);BAPCCDA43TXL;DAMA;Negro;XL;SAMBIL VALENCIA;1
2026;ENERO;BASIC LINE CROP TEE DAMA;[BACCCDA158TL] BASIC LINE CROP TEE DAMA (Ivory - 005, L);BACCCDA158TL;DAMA;Ivory;L;GRIETA;1
2026;ENERO;BASIC LINE CROP TEE DAMA;[BACCCDA158TXS] BASIC LINE CROP TEE DAMA (Ivory - 005, XS);BACCCDA158TXS;DAMA;Ivory;XS;GRIETA;1
2026;ENERO;BASIC LINE SHORT DAMA;[BASCCDA43TXS] BASIC LINE SHORT DAMA (Black - 999, XS);BASCCDA43TXS;DAMA;Negro;XS;CERRO VERDE;1
2026;ENERO;BASIC LINE OVERSIZED CAB;[BAOCCCA158TM] BASIC LINE OVERSIZED CAB (Ivory - 005, M);BAOCCCA158TM;CAB;Ivory;M;SAMBIL VALENCIA;1
2026;ENERO;BASIC LINE CROP TEE DAMA;[BACCCDA158TM] BASIC LINE CROP TEE DAMA (Ivory - 005, M);BACCCDA158TM;DAMA;Ivory;M;SAMBIL VALENCIA;1
2026;ENERO;BASIC LINE CROP TEE DAMA;[BACCCDA158TS] BASIC LINE CROP TEE DAMA (Ivory - 005, S);BACCCDA158TS;DAMA;Ivory;S;GRAND PLAZ;1
2026;ENERO;BASIC LINE OVERSIZED CAB;[BAOCCCA158TS] BASIC LINE OVERSIZED CAB (Ivory - 005, S);BAOCCCA158TS;CAB;Ivory;S;GRIETA;1
2026;ENERO;BASIC LINE CROP TEE DAMA;[BACCCDA43TXS] BASIC LINE CROP TEE DAMA (Black - 999, XS);BACCCDA43TXS;DAMA;Negro;XS;GRIETA;1
2026;ENERO;BASIC LINE OVERSIZED CAB;[BAOCCCA43TM] BASIC LINE OVERSIZED CAB (Black - 999, M);BAOCCCA43TM;CAB;Negro;M;CERRO VERDE;1
2026;ENERO;BASIC LINE CROP TEE DAMA;[BACCCDA38TS] BASIC LINE CROP TEE DAMA (Peanut - 749, S);BACCCDA38TS;DAMA;Peanut;S;CERRO VERDE;1
2026;ENERO;BASIC LINE CROP TEE DAMA;[BACCCDA38TL] BASIC LINE CROP TEE DAMA (Peanut - 749, L);BACCCDA38TL;DAMA;Peanut;L;CERRO VERDE;1
2026;ENERO;BASIC LINE PANT DAMA;[BAPCCDA184TL] BASIC LINE PANT DAMA (Peanut - 749, L);BAPCCDA184TL;DAMA;Peanut;L;CERRO VERDE;1
2026;ENERO;BASIC LINE CROP TEE DAMA;[BACCCDA158TM] BASIC LINE CROP TEE DAMA (Ivory - 005, M);BACCCDA158TM;DAMA;Ivory;M;GRIETA;1
2026;ENERO;BASIC LINE CROP TEE DAMA;[BACCCDA38TM] BASIC LINE CROP TEE DAMA (Peanut - 749, M);BACCCDA38TM;DAMA;Peanut;M;GRIETA;1
2026;ENERO;BASIC LINE SHORT DAMA;[BASCCDA38TL] BASIC LINE SHORT DAMA (Peanut - 749, L);BASCCDA38TL;DAMA;Peanut;L;GRIETA;1
2026;ENERO;BASIC LINE PANT DAMA;[BAPCCDA43TL] BASIC LINE PANT DAMA (Black - 999, L);BAPCCDA43TL;DAMA;Negro;L;SAMBIL CHACAO;1
2026;ENERO;BASIC LINE OVERSIZED CAB;[BAOCCCA43TS] BASIC LINE OVERSIZED CAB (Black - 999, S);BAOCCCA43TS;CAB;Negro;S;CERRO VERDE;1
2026;ENERO;BASIC LINE OVERSIZED CAB;[BAOCCCA158TS] BASIC LINE OVERSIZED CAB (Ivory - 005, S);BAOCCCA158TS;CAB;Ivory;S;CERRO VERDE;1
2026;ENERO;BASIC LINE OVERSIZED CAB;[BAOCCCA158TM] BASIC LINE OVERSIZED CAB (Ivory - 005, M);BAOCCCA158TM;CAB;Ivory;M;SAMBIL CHACAO;2
2026;ENERO;BASIC LINE CROP TEE DAMA;[BACCCDA158TS] BASIC LINE CROP TEE DAMA (Ivory - 005, S);BACCCDA158TS;DAMA;Ivory;S;SAMBIL CHACAO;1
2026;ENERO;BASIC LINE CROP TEE DAMA;[BACCCDA38TXL] BASIC LINE CROP TEE DAMA (Peanut - 749, XL);BACCCDA38TXL;DAMA;Peanut;XL;GRIETA;1
2026;ENERO;BASIC LINE CROP TEE DAMA;[BACCCDA158TXS] BASIC LINE CROP TEE DAMA (Ivory - 005, XS);BACCCDA158TXS;DAMA;Ivory;XS;SAMBIL VALENCIA;1
2026;ENERO;BASIC LINE CROP TEE DAMA;[BACCCDA158TS] BASIC LINE CROP TEE DAMA (Ivory - 005, S);BACCCDA158TS;DAMA;Ivory;S;SAMBIL VALENCIA;1
2026;ENERO;BASIC LINE CROP TEE DAMA;[BACCCDA38TM] BASIC LINE CROP TEE DAMA (Peanut - 749, M);BACCCDA38TM;DAMA;Peanut;M;SAMBIL VALENCIA;1
2026;ENERO;BASIC LINE OVERSIZED CAB;[BAOCCCA43TM] BASIC LINE OVERSIZED CAB (Black - 999, M);BAOCCCA43TM;CAB;Negro;M;SAMBIL CHACAO;1
2026;ENERO;BASIC LINE PANT DAMA;[BAPCCDA43TS] BASIC LINE PANT DAMA (Black - 999, S);BAPCCDA43TS;DAMA;Negro;S;CERRO VERDE;1
2026;ENERO;BASIC LINE OVERSIZED CAB;[BAOCCCA158TL] BASIC LINE OVERSIZED CAB (Ivory - 005, L);BAOCCCA158TL;CAB;Ivory;L;WEB;1
2026;ENERO;BASIC LINE CROP TEE DAMA;[BACCCDA38TM] BASIC LINE CROP TEE DAMA (Peanut - 749, M);BACCCDA38TM;DAMA;Peanut;M;WEB;1
2026;ENERO;BASIC LINE OVERSIZED CAB;[BAOCCCA43TM] BASIC LINE OVERSIZED CAB (Black - 999, M);BAOCCCA43TM;CAB;Negro;M;SAMBIL VALENCIA;1
2026;ENERO;BASIC LINE OVERSIZED CAB;[BAOCCCA43TS] BASIC LINE OVERSIZED CAB (Black - 999, S);BAOCCCA43TS;CAB;Negro;S;GRIETA;1
2026;ENERO;BASIC LINE SHORT DAMA;[BASCCDA43TS] BASIC LINE SHORT DAMA (Black - 999, S);BASCCDA43TS;DAMA;Negro;S;GRIETA;1
2026;ENERO;BASIC LINE OVERSIZED CAB;[BAOCCCA38T2XL] BASIC LINE OVERSIZED CAB (Peanut - 749, 2XL);BAOCCCA38T2XL;CAB;Peanut;2XL;CERRO VERDE;1
2026;ENERO;BASIC LINE SHORT DAMA;[BASCCDA38TXL] BASIC LINE SHORT DAMA (Peanut - 749, XL);BASCCDA38TXL;DAMA;Peanut;XL;CERRO VERDE;1
2026;ENERO;BASIC LINE CROP TEE DAMA;[BACCCDA38TL] BASIC LINE CROP TEE DAMA (Peanut - 749, L);BACCCDA38TL;DAMA;Peanut;L;SAMBIL VALENCIA;1
2026;ENERO;BASIC LINE CROP TEE DAMA;[BACCCDA158TM] BASIC LINE CROP TEE DAMA (Ivory - 005, M);BACCCDA158TM;DAMA;Ivory;M;WEB;1
2026;ENERO;BASIC LINE CROP TEE DAMA;[BACCCDA43TM] BASIC LINE CROP TEE DAMA (Black - 999, M);BACCCDA43TM;DAMA;Negro;M;WEB;1
2026;ENERO;BASIC LINE SHORT DAMA;[BASCCDA43TL] BASIC LINE SHORT DAMA (Black - 999, L);BASCCDA43TL;DAMA;Negro;L;CERRO VERDE;1
2026;ENERO;BASIC LINE OVERSIZED CAB;[BAOCCCA43TM] BASIC LINE OVERSIZED CAB (Black - 999, M);BAOCCCA43TM;CAB;Negro;M;CERRO VERDE;1
2026;ENERO;BASIC LINE CROP TEE DAMA;[BACCCDA158TXS] BASIC LINE CROP TEE DAMA (Ivory - 005, XS);BACCCDA158TXS;DAMA;Ivory;XS;SAMBIL VALENCIA;1
2026;ENERO;BASIC LINE OVERSIZED CAB;[BAOCCCA43TS] BASIC LINE OVERSIZED CAB (Black - 999, S);BAOCCCA43TS;CAB;Negro;S;GRIETA;-1
2026;ENERO;BASIC LINE CROP TEE DAMA;[BACCCDA43TXL] BASIC LINE CROP TEE DAMA (Black - 999, XL);BACCCDA43TXL;DAMA;Negro;XL;GRIETA;1
2026;ENERO;BASIC LINE CROP TEE DAMA;[BACCCDA38TXL] BASIC LINE CROP TEE DAMA (Peanut - 749, XL);BACCCDA38TXL;DAMA;Peanut;XL;GRIETA;1
2026;ENERO;BASIC LINE OVERSIZED CAB;[BAOCCCA158TXS] BASIC LINE OVERSIZED CAB (Ivory - 005, XS);BAOCCCA158TXS;CAB;Ivory;XS;GRIETA;1
2026;ENERO;BASIC LINE PANT DAMA;[BAPCCDA184TS] BASIC LINE PANT DAMA (Peanut - 749, S);BAPCCDA184TS;DAMA;Peanut;S;CERRO VERDE;1
2026;ENERO;BASIC LINE OVERSIZED CAB;[BAOCCCA158TXS] BASIC LINE OVERSIZED CAB (Ivory - 005, XS);BAOCCCA158TXS;CAB;Ivory;XS;SAMBIL VALENCIA;1
2026;ENERO;BASIC LINE OVERSIZED CAB;[BAOCCCA158TS] BASIC LINE OVERSIZED CAB (Ivory - 005, S);BAOCCCA158TS;CAB;Ivory;S;SAMBIL VALENCIA;1
2026;ENERO;BASIC LINE OVERSIZED CAB;[BAOCCCA158TS] BASIC LINE OVERSIZED CAB (Ivory - 005, S);BAOCCCA158TS;CAB;Ivory;S;SAMBIL VALENCIA;-1
2026;ENERO;BASIC LINE OVERSIZED CAB;[BAOCCCA158TS] BASIC LINE OVERSIZED CAB (Ivory - 005, S);BAOCCCA158TS;CAB;Ivory;S;SAMBIL VALENCIA;1
2026;ENERO;BASIC LINE CROP TEE DAMA;[BACCCDA43TM] BASIC LINE CROP TEE DAMA (Black - 999, M);BACCCDA43TM;DAMA;Negro;M;SAMBIL VALENCIA;1
2026;ENERO;BASIC LINE PANT DAMA;[BAPCCDA43TXS] BASIC LINE PANT DAMA (Black - 999, XS);BAPCCDA43TXS;DAMA;Negro;XS;WEB;1
2026;ENERO;BASIC LINE CROP TEE DAMA;[BACCCDA43TXS] BASIC LINE CROP TEE DAMA (Black - 999, XS);BACCCDA43TXS;DAMA;Negro;XS;SAMBIL VALENCIA;1
2026;ENERO;BASIC LINE PANT DAMA;[BAPCCDA184TM] BASIC LINE PANT DAMA (Peanut - 749, M);BAPCCDA184TM;DAMA;Peanut;M;CERRO VERDE;1
2026;ENERO;BASIC LINE CROP TEE DAMA;[BACCCDA38TM] BASIC LINE CROP TEE DAMA (Peanut - 749, M);BACCCDA38TM;DAMA;Peanut;M;CERRO VERDE;1
2026;ENERO;BASIC LINE OVERSIZED CAB;[BAOCCCA158TS] BASIC LINE OVERSIZED CAB (Ivory - 005, S);BAOCCCA158TS;CAB;Ivory;S;SAMBIL VALENCIA;1
2026;ENERO;BASIC LINE OVERSIZED CAB;[BAOCCCA43TS] BASIC LINE OVERSIZED CAB (Black - 999, S);BAOCCCA43TS;CAB;Negro;S;SAMBIL CHACAO;1
2026;ENERO;BASIC LINE CROP TEE DAMA;[BACCCDA158TL] BASIC LINE CROP TEE DAMA (Ivory - 005, L);BACCCDA158TL;DAMA;Ivory;L;SAMBIL VALENCIA;1
2026;ENERO;BASIC LINE OVERSIZED CAB;[BAOCCCA43TL] BASIC LINE OVERSIZED CAB (Black - 999, L);BAOCCCA43TL;CAB;Negro;L;WEB;1
2026;ENERO;BASIC LINE OVERSIZED CAB;[BAOCCCA158TL] BASIC LINE OVERSIZED CAB (Ivory - 005, L);BAOCCCA158TL;CAB;Ivory;L;WEB;1
2026;ENERO;BASIC LINE OVERSIZED CAB;[BAOCCCA43TL] BASIC LINE OVERSIZED CAB (Black - 999, L);BAOCCCA43TL;CAB;Negro;L;CERRO VERDE;1
2026;ENERO;BASIC LINE OVERSIZED CAB;[BAOCCCA43TM] BASIC LINE OVERSIZED CAB (Black - 999, M);BAOCCCA43TM;CAB;Negro;M;GRAND PLAZ;1
2026;ENERO;BASIC LINE OVERSIZED CAB;[BAOCCCA38TS] BASIC LINE OVERSIZED CAB (Peanut - 749, S);BAOCCCA38TS;CAB;Peanut;S;WEB;1
2026;ENERO;BASIC LINE OVERSIZED CAB;[BAOCCCA158TS] BASIC LINE OVERSIZED CAB (Ivory - 005, S);BAOCCCA158TS;CAB;Ivory;S;WEB;1
2026;ENERO;BASIC LINE PANT DAMA;[BAPCCDA184TM] BASIC LINE PANT DAMA (Peanut - 749, M);BAPCCDA184TM;DAMA;Peanut;M;WEB;1
2026;ENERO;BASIC LINE OVERSIZED CAB;[BAOCCCA43TL] BASIC LINE OVERSIZED CAB (Black - 999, L);BAOCCCA43TL;CAB;Negro;L;WEB;1
2026;ENERO;BASIC LINE OVERSIZED CAB;[BAOCCCA43TS] BASIC LINE OVERSIZED CAB (Black - 999, S);BAOCCCA43TS;CAB;Negro;S;SAMBIL VALENCIA;1
2026;ENERO;BASIC LINE OVERSIZED CAB;[BAOCCCA158TM] BASIC LINE OVERSIZED CAB (Ivory - 005, M);BAOCCCA158TM;CAB;Ivory;M;SAMBIL CHACAO;-1
2026;ENERO;BASIC LINE OVERSIZED CAB;[BAOCCCA158TXS] BASIC LINE OVERSIZED CAB (Ivory - 005, XS);BAOCCCA158TXS;CAB;Ivory;XS;SAMBIL CHACAO;1
2026;ENERO;BASIC LINE OVERSIZED CAB;[BAOCCCA38TM] BASIC LINE OVERSIZED CAB (Peanut - 749, M);BAOCCCA38TM;CAB;Peanut;M;CERRO VERDE;1
2026;ENERO;BASIC LINE PANT DAMA;[BAPCCDA43TXS] BASIC LINE PANT DAMA (Black - 999, XS);BAPCCDA43TXS;DAMA;Negro;XS;GRIETA;1
2026;ENERO;BASIC LINE OVERSIZED CAB;[BAOCCCA158TM] BASIC LINE OVERSIZED CAB (Ivory - 005, M);BAOCCCA158TM;CAB;Ivory;M;GRIETA;-1
2026;ENERO;BASIC LINE OVERSIZED CAB;[BAOCCCA158TL] BASIC LINE OVERSIZED CAB (Ivory - 005, L);BAOCCCA158TL;CAB;Ivory;L;GRIETA;1
2026;ENERO;BASIC LINE PANT DAMA;[BAPCCDA43TXS] BASIC LINE PANT DAMA (Black - 999, XS);BAPCCDA43TXS;DAMA;Negro;XS;SAMBIL CHACAO;1
2026;ENERO;BASIC LINE PANT DAMA;[BAPCCDA184TS] BASIC LINE PANT DAMA (Peanut - 749, S);BAPCCDA184TS;DAMA;Peanut;S;CERRO VERDE;1
2026;ENERO;BASIC LINE OVERSIZED CAB;[BAOCCCA158TM] BASIC LINE OVERSIZED CAB (Ivory - 005, M);BAOCCCA158TM;CAB;Ivory;M;GRAND PLAZ;1
2026;ENERO;BASIC LINE CROP TEE DAMA;[BACCCDA158TS] BASIC LINE CROP TEE DAMA (Ivory - 005, S);BACCCDA158TS;DAMA;Ivory;S;SAMBIL VALENCIA;1
2026;ENERO;BASIC LINE CROP TEE DAMA;[BACCCDA158TXS] BASIC LINE CROP TEE DAMA (Ivory - 005, XS);BACCCDA158TXS;DAMA;Ivory;XS;SAMBIL VALENCIA;1
2026;ENERO;BASIC LINE CROP TEE DAMA;[BACCCDA158TS] BASIC LINE CROP TEE DAMA (Ivory - 005, S);BACCCDA158TS;DAMA;Ivory;S;PEDIDOS;1
2026;ENERO;BASIC LINE SHORT DAMA;[BASCCDA38TS] BASIC LINE SHORT DAMA (Peanut - 749, S);BASCCDA38TS;DAMA;Peanut;S;PEDIDOS;1
2026;ENERO;BASIC LINE OVERSIZED CAB;[BAOCCCA158TM] BASIC LINE OVERSIZED CAB (Ivory - 005, M);BAOCCCA158TM;CAB;Ivory;M;SAMBIL CHACAO;1
2026;ENERO;BASIC LINE PANT DAMA;[BAPCCDA184TS] BASIC LINE PANT DAMA (Peanut - 749, S);BAPCCDA184TS;DAMA;Peanut;S;SAMBIL CHACAO;1
2026;ENERO;BASIC LINE CROP TEE DAMA;[BACCCDA38TXS] BASIC LINE CROP TEE DAMA (Peanut - 749, XS);BACCCDA38TXS;DAMA;Peanut;XS;SAMBIL CHACAO;1
2026;ENERO;BASIC LINE CROP TEE DAMA;[BACCCDA43TM] BASIC LINE CROP TEE DAMA (Black - 999, M);BACCCDA43TM;DAMA;Negro;M;SAMBIL CHACAO;1
2026;ENERO;BASIC LINE OVERSIZED CAB;[BAOCCCA158TL] BASIC LINE OVERSIZED CAB (Ivory - 005, L);BAOCCCA158TL;CAB;Ivory;L;CERRO VERDE;1
2026;ENERO;BASIC LINE CROP TEE DAMA;[BACCCDA43TM] BASIC LINE CROP TEE DAMA (Black - 999, M);BACCCDA43TM;DAMA;Negro;M;CERRO VERDE;1
2026;ENERO;BASIC LINE CROP TEE DAMA;[BACCCDA158TXS] BASIC LINE CROP TEE DAMA (Ivory - 005, XS);BACCCDA158TXS;DAMA;Ivory;XS;SAMBIL CHACAO;1
2026;ENERO;BASIC LINE OVERSIZED CAB;[BAOCCCA158TXS] BASIC LINE OVERSIZED CAB (Ivory - 005, XS);BAOCCCA158TXS;CAB;Ivory;XS;SAMBIL CHACAO;1
2026;ENERO;BASIC LINE CROP TEE DAMA;[BACCCDA158TM] BASIC LINE CROP TEE DAMA (Ivory - 005, M);BACCCDA158TM;DAMA;Ivory;M;GRIETA;1
2026;ENERO;BASIC LINE CROP TEE DAMA;[BACCCDA43TS] BASIC LINE CROP TEE DAMA (Black - 999, S);BACCCDA43TS;DAMA;Negro;S;SAMBIL CHACAO;1
2026;ENERO;BASIC LINE CROP TEE DAMA;[BACCCDA158TM] BASIC LINE CROP TEE DAMA (Ivory - 005, M);BACCCDA158TM;DAMA;Ivory;M;SAMBIL CHACAO;1
2026;ENERO;BASIC LINE PANT DAMA;[BAPCCDA43TM] BASIC LINE PANT DAMA (Black - 999, M);BAPCCDA43TM;DAMA;Negro;M;SAMBIL CHACAO;1
2026;ENERO;BASIC LINE CROP TEE DAMA;[BACCCDA158TXS] BASIC LINE CROP TEE DAMA (Ivory - 005, XS);BACCCDA158TXS;DAMA;Ivory;XS;SAMBIL VALENCIA;1
2026;ENERO;BASIC LINE CROP TEE DAMA;[BACCCDA158TM] BASIC LINE CROP TEE DAMA (Ivory - 005, M);BACCCDA158TM;DAMA;Ivory;M;GRIETA;-1
2026;ENERO;BASIC LINE CROP TEE DAMA;[BACCCDA158TS] BASIC LINE CROP TEE DAMA (Ivory - 005, S);BACCCDA158TS;DAMA;Ivory;S;GRIETA;1
2026;ENERO;BASIC LINE CROP TEE DAMA;[BACCCDA38TXS] BASIC LINE CROP TEE DAMA (Peanut - 749, XS);BACCCDA38TXS;DAMA;Peanut;XS;GRAND PLAZ;1
2026;ENERO;BASIC LINE PANT DAMA;[BAPCCDA184TS] BASIC LINE PANT DAMA (Peanut - 749, S);BAPCCDA184TS;DAMA;Peanut;S;GRAND PLAZ;1
2026;ENERO;BASIC LINE OVERSIZED CAB;[BAOCCCA158TXS] BASIC LINE OVERSIZED CAB (Ivory - 005, XS);BAOCCCA158TXS;CAB;Ivory;XS;SAMBIL VALENCIA;1
2026;ENERO;BASIC LINE OVERSIZED CAB;[BAOCCCA38TL] BASIC LINE OVERSIZED CAB (Peanut - 749, L);BAOCCCA38TL;CAB;Peanut;L;CERRO VERDE;1
2026;ENERO;BASIC LINE OVERSIZED CAB;[BAOCCCA38TL] BASIC LINE OVERSIZED CAB (Peanut - 749, L);BAOCCCA38TL;CAB;Peanut;L;WEB;1
2026;ENERO;BASIC LINE CROP TEE DAMA;[BACCCDA38TXL] BASIC LINE CROP TEE DAMA (Peanut - 749, XL);BACCCDA38TXL;DAMA;Peanut;XL;CERRO VERDE;1
2026;ENERO;BASIC LINE CROP TEE DAMA;[BACCCDA158TXL] BASIC LINE CROP TEE DAMA (Ivory - 005, XL);BACCCDA158TXL;DAMA;Ivory;XL;CERRO VERDE;1
2026;ENERO;BASIC LINE CROP TEE DAMA;[BACCCDA158TS] BASIC LINE CROP TEE DAMA (Ivory - 005, S);BACCCDA158TS;DAMA;Ivory;S;SAMBIL VALENCIA;1
2026;ENERO;BASIC LINE SHORT DAMA;[BASCCDA43TS] BASIC LINE SHORT DAMA (Black - 999, S);BASCCDA43TS;DAMA;Negro;S;CERRO VERDE;1
2026;ENERO;BASIC LINE OVERSIZED CAB;[BAOCCCA158TS] BASIC LINE OVERSIZED CAB (Ivory - 005, S);BAOCCCA158TS;CAB;Ivory;S;SAMBIL VALENCIA;1
2026;ENERO;BASIC LINE CROP TEE DAMA;[BACCCDA38TM] BASIC LINE CROP TEE DAMA (Peanut - 749, M);BACCCDA38TM;DAMA;Peanut;M;GRIETA;1
2026;ENERO;BASIC LINE CROP TEE DAMA;[BACCCDA158TS] BASIC LINE CROP TEE DAMA (Ivory - 005, S);BACCCDA158TS;DAMA;Ivory;S;CERRO VERDE;1
2026;ENERO;BASIC LINE SHORT DAMA;[BASCCDA43TL] BASIC LINE SHORT DAMA (Black - 999, L);BASCCDA43TL;DAMA;Negro;L;CERRO VERDE;1
2026;ENERO;BASIC LINE OVERSIZED CAB;[BAOCCCA43TL] BASIC LINE OVERSIZED CAB (Black - 999, L);BAOCCCA43TL;CAB;Negro;L;CERRO VERDE;1
2026;ENERO;BASIC LINE OVERSIZED CAB;[BAOCCCA43TS] BASIC LINE OVERSIZED CAB (Black - 999, S);BAOCCCA43TS;CAB;Negro;S;CERRO VERDE;1
2026;ENERO;BASIC LINE CROP TEE DAMA;[BACCCDA158TS] BASIC LINE CROP TEE DAMA (Ivory - 005, S);BACCCDA158TS;DAMA;Ivory;S;GRIETA;1
2026;ENERO;BASIC LINE SHORT DAMA;[BASCCDA38TM] BASIC LINE SHORT DAMA (Peanut - 749, M);BASCCDA38TM;DAMA;Peanut;M;GRIETA;1
2026;ENERO;BASIC LINE PANT DAMA;[BAPCCDA43TM] BASIC LINE PANT DAMA (Black - 999, M);BAPCCDA43TM;DAMA;Negro;M;GRIETA;1
2026;ENERO;BASIC LINE SHORT DAMA;[BASCCDA38TS] BASIC LINE SHORT DAMA (Peanut - 749, S);BASCCDA38TS;DAMA;Peanut;S;CERRO VERDE;1
2026;ENERO;BASIC LINE PANT DAMA;[BAPCCDA43TL] BASIC LINE PANT DAMA (Black - 999, L);BAPCCDA43TL;DAMA;Negro;L;SAMBIL VALENCIA;1
2026;ENERO;BASIC LINE CROP TEE DAMA;[BACCCDA43TL] BASIC LINE CROP TEE DAMA (Black - 999, L);BACCCDA43TL;DAMA;Negro;L;GRIETA;1
2026;ENERO;BASIC LINE PANT DAMA;[BAPCCDA43TS] BASIC LINE PANT DAMA (Black - 999, S);BAPCCDA43TS;DAMA;Negro;S;CERRO VERDE;1
2026;FEBRERO;BASIC LINE CROP TEE DAMA;[BACCCDA158TXS] BASIC LINE CROP TEE DAMA (Ivory - 005, XS);BACCCDA158TXS;DAMA;Ivory;XS;CERRO VERDE;1
2026;FEBRERO;BASIC LINE CROP TEE DAMA;[BACCCDA43TM] BASIC LINE CROP TEE DAMA (Black - 999, M);BACCCDA43TM;DAMA;Negro;M;GRIETA;1
2026;FEBRERO;BASIC LINE OVERSIZED CAB;[BAOCCCA38T2XL] BASIC LINE OVERSIZED CAB (Peanut - 749, 2XL);BAOCCCA38T2XL;CAB;Peanut;2XL;SAMBIL CHACAO;1
2026;FEBRERO;BASIC LINE CROP TEE DAMA;[BACCCDA158TS] BASIC LINE CROP TEE DAMA (Ivory - 005, S);BACCCDA158TS;DAMA;Ivory;S;SAMBIL CHACAO;1
2026;FEBRERO;BASIC LINE OVERSIZED CAB;[BAOCCCA158TM] BASIC LINE OVERSIZED CAB (Ivory - 005, M);BAOCCCA158TM;CAB;Ivory;M;SAMBIL CHACAO;1
2026;FEBRERO;BASIC LINE PANT DAMA;[BAPCCDA184TXS] BASIC LINE PANT DAMA (Peanut - 749, XS);BAPCCDA184TXS;DAMA;Peanut;XS;GRIETA;1
2026;FEBRERO;BASIC LINE CROP TEE DAMA;[BACCCDA38TL] BASIC LINE CROP TEE DAMA (Peanut - 749, L);BACCCDA38TL;DAMA;Peanut;L;GRIETA;1
2026;FEBRERO;BASIC LINE OVERSIZED CAB;[BAOCCCA43TM] BASIC LINE OVERSIZED CAB (Black - 999, M);BAOCCCA43TM;CAB;Negro;M;GRIETA;1
2026;FEBRERO;BASIC LINE OVERSIZED CAB;[BAOCCCA158TL] BASIC LINE OVERSIZED CAB (Ivory - 005, L);BAOCCCA158TL;CAB;Ivory;L;SAMBIL CHACAO;1
2026;FEBRERO;BASIC LINE PANT DAMA;[BAPCCDA184TXS] BASIC LINE PANT DAMA (Peanut - 749, XS);BAPCCDA184TXS;DAMA;Peanut;XS;SAMBIL VALENCIA;1
2026;FEBRERO;BASIC LINE CROP TEE DAMA;[BACCCDA158TM] BASIC LINE CROP TEE DAMA (Ivory - 005, M);BACCCDA158TM;DAMA;Ivory;M;SAMBIL CHACAO;1
2026;FEBRERO;BASIC LINE CROP TEE DAMA;[BACCCDA43TXL] BASIC LINE CROP TEE DAMA (Black - 999, XL);BACCCDA43TXL;DAMA;Negro;XL;SAMBIL CHACAO;1
2026;FEBRERO;BASIC LINE OVERSIZED CAB;[BAOCCCA158TL] BASIC LINE OVERSIZED CAB (Ivory - 005, L);BAOCCCA158TL;CAB;Ivory;L;SAMBIL CHACAO;1
2026;FEBRERO;BASIC LINE OVERSIZED CAB;[BAOCCCA158TS] BASIC LINE OVERSIZED CAB (Ivory - 005, S);BAOCCCA158TS;CAB;Ivory;S;SAMBIL VALENCIA;1
2026;FEBRERO;BASIC LINE CROP TEE DAMA;[BACCCDA158TL] BASIC LINE CROP TEE DAMA (Ivory - 005, L);BACCCDA158TL;DAMA;Ivory;L;GRIETA;1
2026;FEBRERO;BASIC LINE CROP TEE DAMA;[BACCCDA38TL] BASIC LINE CROP TEE DAMA (Peanut - 749, L);BACCCDA38TL;DAMA;Peanut;L;GRIETA;1
2026;FEBRERO;BASIC LINE SHORT DAMA;[BASCCDA38TM] BASIC LINE SHORT DAMA (Peanut - 749, M);BASCCDA38TM;DAMA;Peanut;M;GRIETA;1
2026;FEBRERO;BASIC LINE OVERSIZED CAB;[BAOCCCA158TM] BASIC LINE OVERSIZED CAB (Ivory - 005, M);BAOCCCA158TM;CAB;Ivory;M;GRIETA;1
2026;FEBRERO;BASIC LINE OVERSIZED CAB;[BAOCCCA43TM] BASIC LINE OVERSIZED CAB (Black - 999, M);BAOCCCA43TM;CAB;Negro;M;GRIETA;1
2026;FEBRERO;BASIC LINE PANT DAMA;[BAPCCDA43TS] BASIC LINE PANT DAMA (Black - 999, S);BAPCCDA43TS;DAMA;Negro;S;GRIETA;1
2026;FEBRERO;BASIC LINE PANT DAMA;[BAPCCDA184TXS] BASIC LINE PANT DAMA (Peanut - 749, XS);BAPCCDA184TXS;DAMA;Peanut;XS;GRIETA;1
2026;FEBRERO;BASIC LINE PANT DAMA;[BAPCCDA184TM] BASIC LINE PANT DAMA (Peanut - 749, M);BAPCCDA184TM;DAMA;Peanut;M;CERRO VERDE;1
2026;FEBRERO;BASIC LINE PANT DAMA;[BAPCCDA184TS] BASIC LINE PANT DAMA (Peanut - 749, S);BAPCCDA184TS;DAMA;Peanut;S;CERRO VERDE;1
2026;FEBRERO;BASIC LINE OVERSIZED CAB;[BAOCCCA43TM] BASIC LINE OVERSIZED CAB (Black - 999, M);BAOCCCA43TM;CAB;Negro;M;GRIETA;1
2026;FEBRERO;BASIC LINE OVERSIZED CAB;[BAOCCCA38TL] BASIC LINE OVERSIZED CAB (Peanut - 749, L);BAOCCCA38TL;CAB;Peanut;L;SAMBIL VALENCIA;1
2026;FEBRERO;BASIC LINE PANT DAMA;[BAPCCDA43TL] BASIC LINE PANT DAMA (Black - 999, L);BAPCCDA43TL;DAMA;Negro;L;SAMBIL CHACAO;1
2026;FEBRERO;BASIC LINE OVERSIZED CAB;[BAOCCCA158TM] BASIC LINE OVERSIZED CAB (Ivory - 005, M);BAOCCCA158TM;CAB;Ivory;M;CERRO VERDE;1
2026;FEBRERO;BASIC LINE OVERSIZED CAB;[BAOCCCA43TL] BASIC LINE OVERSIZED CAB (Black - 999, L);BAOCCCA43TL;CAB;Negro;L;GRIETA;1
2026;FEBRERO;BASIC LINE PANT DAMA;[BAPCCDA43TM] BASIC LINE PANT DAMA (Black - 999, M);BAPCCDA43TM;DAMA;Negro;M;SAMBIL VALENCIA;1
2026;FEBRERO;BASIC LINE PANT DAMA;[BAPCCDA43TS] BASIC LINE PANT DAMA (Black - 999, S);BAPCCDA43TS;DAMA;Negro;S;SAMBIL CHACAO;1
2026;FEBRERO;BASIC LINE PANT DAMA;[BAPCCDA43TM] BASIC LINE PANT DAMA (Black - 999, M);BAPCCDA43TM;DAMA;Negro;M;SAMBIL VALENCIA;1
2026;FEBRERO;BASIC LINE OVERSIZED CAB;[BAOCCCA38TM] BASIC LINE OVERSIZED CAB (Peanut - 749, M);BAOCCCA38TM;CAB;Peanut;M;SAMBIL VALENCIA;1
2026;FEBRERO;BASIC LINE CROP TEE DAMA;[BACCCDA43TM] BASIC LINE CROP TEE DAMA (Black - 999, M);BACCCDA43TM;DAMA;Negro;M;SAMBIL VALENCIA;1
2026;FEBRERO;BASIC LINE CROP TEE DAMA;[BACCCDA43TM] BASIC LINE CROP TEE DAMA (Black - 999, M);BACCCDA43TM;DAMA;Negro;M;SAMBIL VALENCIA;1
2026;FEBRERO;BASIC LINE CROP TEE DAMA;[BACCCDA158TS] BASIC LINE CROP TEE DAMA (Ivory - 005, S);BACCCDA158TS;DAMA;Ivory;S;SAMBIL VALENCIA;1
2026;FEBRERO;BASIC LINE CROP TEE DAMA;[BACCCDA158TM] BASIC LINE CROP TEE DAMA (Ivory - 005, M);BACCCDA158TM;DAMA;Ivory;M;SAMBIL CHACAO;1
2026;FEBRERO;BASIC LINE OVERSIZED CAB;[BAOCCCA158TM] BASIC LINE OVERSIZED CAB (Ivory - 005, M);BAOCCCA158TM;CAB;Ivory;M;SAMBIL CHACAO;1
2026;FEBRERO;BASIC LINE OVERSIZED CAB;[BAOCCCA158TS] BASIC LINE OVERSIZED CAB (Ivory - 005, S);BAOCCCA158TS;CAB;Ivory;S;CERRO VERDE;1
2026;FEBRERO;BASIC LINE SHORT DAMA;[BASCCDA38TL] BASIC LINE SHORT DAMA (Peanut - 749, L);BASCCDA38TL;DAMA;Peanut;L;CERRO VERDE;1
2026;FEBRERO;BASIC LINE OVERSIZED CAB;[BAOCCCA38TXS] BASIC LINE OVERSIZED CAB (Peanut - 749, XS);BAOCCCA38TXS;CAB;Peanut;XS;GRIETA;1
2026;FEBRERO;BASIC LINE CROP TEE DAMA;[BACCCDA43TM] BASIC LINE CROP TEE DAMA (Black - 999, M);BACCCDA43TM;DAMA;Negro;M;SAMBIL VALENCIA;1
2026;FEBRERO;BASIC LINE CROP TEE DAMA;[BACCCDA158TL] BASIC LINE CROP TEE DAMA (Ivory - 005, L);BACCCDA158TL;DAMA;Ivory;L;SAMBIL VALENCIA;1
2026;FEBRERO;BASIC LINE CROP TEE DAMA;[BACCCDA158TXS] BASIC LINE CROP TEE DAMA (Ivory - 005, XS);BACCCDA158TXS;DAMA;Ivory;XS;SAMBIL CHACAO;1
2026;FEBRERO;BASIC LINE OVERSIZED CAB;[BAOCCCA38TS] BASIC LINE OVERSIZED CAB (Peanut - 749, S);BAOCCCA38TS;CAB;Peanut;S;SAMBIL CHACAO;1
2026;FEBRERO;BASIC LINE OVERSIZED CAB;[BAOCCCA158T2XL] BASIC LINE OVERSIZED CAB (Ivory - 005, 2XL);BAOCCCA158T2XL;CAB;Ivory;2XL;SAMBIL CHACAO;1
2026;FEBRERO;BASIC LINE OVERSIZED CAB;[BAOCCCA158TXL] BASIC LINE OVERSIZED CAB (Ivory - 005, XL);BAOCCCA158TXL;CAB;Ivory;XL;SAMBIL VALENCIA;1
2026;FEBRERO;BASIC LINE CROP TEE DAMA;[BACCCDA38TXS] BASIC LINE CROP TEE DAMA (Peanut - 749, XS);BACCCDA38TXS;DAMA;Peanut;XS;PEDIDOS;1
2026;FEBRERO;BASIC LINE CROP TEE DAMA;[BACCCDA43TXS] BASIC LINE CROP TEE DAMA (Black - 999, XS);BACCCDA43TXS;DAMA;Negro;XS;SAMBIL VALENCIA;1
2026;FEBRERO;BASIC LINE SHORT DAMA;[BASCCDA43TS] BASIC LINE SHORT DAMA (Black - 999, S);BASCCDA43TS;DAMA;Negro;S;SAMBIL VALENCIA;1
2026;FEBRERO;BASIC LINE CROP TEE DAMA;[BACCCDA43TXS] BASIC LINE CROP TEE DAMA (Black - 999, XS);BACCCDA43TXS;DAMA;Negro;XS;GRIETA;-1
2026;FEBRERO;BASIC LINE PANT DAMA;[BAPCCDA184TM] BASIC LINE PANT DAMA (Peanut - 749, M);BAPCCDA184TM;DAMA;Peanut;M;CERRO VERDE;1
2026;FEBRERO;BASIC LINE CROP TEE DAMA;[BACCCDA38TXS] BASIC LINE CROP TEE DAMA (Peanut - 749, XS);BACCCDA38TXS;DAMA;Peanut;XS;CERRO VERDE;1
2026;FEBRERO;BASIC LINE CROP TEE DAMA;[BACCCDA158TS] BASIC LINE CROP TEE DAMA (Ivory - 005, S);BACCCDA158TS;DAMA;Ivory;S;GRIETA;1
2026;FEBRERO;BASIC LINE CROP TEE DAMA;[BACCCDA43TS] BASIC LINE CROP TEE DAMA (Black - 999, S);BACCCDA43TS;DAMA;Negro;S;GRAND PLAZ;1
2026;FEBRERO;BASIC LINE CROP TEE DAMA;[BACCCDA158TS] BASIC LINE CROP TEE DAMA (Ivory - 005, S);BACCCDA158TS;DAMA;Ivory;S;SAMBIL CHACAO;1
2026;FEBRERO;BASIC LINE CROP TEE DAMA;[BACCCDA158TXS] BASIC LINE CROP TEE DAMA (Ivory - 005, XS);BACCCDA158TXS;DAMA;Ivory;XS;SAMBIL VALENCIA;1
2026;FEBRERO;BASIC LINE SHORT DAMA;[BASCCDA43TXS] BASIC LINE SHORT DAMA (Black - 999, XS);BASCCDA43TXS;DAMA;Negro;XS;SAMBIL VALENCIA;1
2026;FEBRERO;BASIC LINE OVERSIZED CAB;[BAOCCCA158TXL] BASIC LINE OVERSIZED CAB (Ivory - 005, XL);BAOCCCA158TXL;CAB;Ivory;XL;SAMBIL VALENCIA;1
2026;FEBRERO;BASIC LINE OVERSIZED CAB;[BAOCCCA38TM] BASIC LINE OVERSIZED CAB (Peanut - 749, M);BAOCCCA38TM;CAB;Peanut;M;GRIETA;0
2026;FEBRERO;BASIC LINE CROP TEE DAMA;[BACCCDA158TL] BASIC LINE CROP TEE DAMA (Ivory - 005, L);BACCCDA158TL;DAMA;Ivory;L;SAMBIL CHACAO;1
2026;FEBRERO;BASIC LINE OVERSIZED CAB;[BAOCCCA158TM] BASIC LINE OVERSIZED CAB (Ivory - 005, M);BAOCCCA158TM;CAB;Ivory;M;CERRO VERDE;1
2026;FEBRERO;BASIC LINE OVERSIZED CAB;[BAOCCCA158TL] BASIC LINE OVERSIZED CAB (Ivory - 005, L);BAOCCCA158TL;CAB;Ivory;L;SAMBIL VALENCIA;1
2026;FEBRERO;BASIC LINE CROP TEE DAMA;[BACCCDA158TS] BASIC LINE CROP TEE DAMA (Ivory - 005, S);BACCCDA158TS;DAMA;Ivory;S;SAMBIL VALENCIA;1
2026;FEBRERO;BASIC LINE SHORT DAMA;[BASCCDA43TL] BASIC LINE SHORT DAMA (Black - 999, L);BASCCDA43TL;DAMA;Negro;L;CERRO VERDE;1
2026;FEBRERO;BASIC LINE OVERSIZED CAB;[BAOCCCA43TL] BASIC LINE OVERSIZED CAB (Black - 999, L);BAOCCCA43TL;CAB;Negro;L;GRIETA;1
2026;FEBRERO;BASIC LINE OVERSIZED CAB;[BAOCCCA158TXL] BASIC LINE OVERSIZED CAB (Ivory - 005, XL);BAOCCCA158TXL;CAB;Ivory;XL;SAMBIL VALENCIA;1
2026;FEBRERO;BASIC LINE PANT DAMA;[BAPCCDA43TXS] BASIC LINE PANT DAMA (Black - 999, XS);BAPCCDA43TXS;DAMA;Negro;XS;SAMBIL VALENCIA;1
2026;FEBRERO;BASIC LINE CROP TEE DAMA;[BACCCDA158TL] BASIC LINE CROP TEE DAMA (Ivory - 005, L);BACCCDA158TL;DAMA;Ivory;L;SAMBIL VALENCIA;1
2026;FEBRERO;BASIC LINE OVERSIZED CAB;[BAOCCCA38TL] BASIC LINE OVERSIZED CAB (Peanut - 749, L);BAOCCCA38TL;CAB;Peanut;L;SAMBIL VALENCIA;1
2026;FEBRERO;BASIC LINE CROP TEE DAMA;[BACCCDA158TM] BASIC LINE CROP TEE DAMA (Ivory - 005, M);BACCCDA158TM;DAMA;Ivory;M;GRIETA;1
2026;FEBRERO;BASIC LINE PANT DAMA;[BAPCCDA43TS] BASIC LINE PANT DAMA (Black - 999, S);BAPCCDA43TS;DAMA;Negro;S;GRIETA;1
2026;FEBRERO;BASIC LINE OVERSIZED CAB;[BAOCCCA43TL] BASIC LINE OVERSIZED CAB (Black - 999, L);BAOCCCA43TL;CAB;Negro;L;GRIETA;1
2026;FEBRERO;BASIC LINE CROP TEE DAMA;[BACCCDA38TL] BASIC LINE CROP TEE DAMA (Peanut - 749, L);BACCCDA38TL;DAMA;Peanut;L;SAMBIL CHACAO;1
2026;FEBRERO;BASIC LINE PANT DAMA;[BAPCCDA184TM] BASIC LINE PANT DAMA (Peanut - 749, M);BAPCCDA184TM;DAMA;Peanut;M;SAMBIL CHACAO;1
2026;FEBRERO;BASIC LINE PANT DAMA;[BAPCCDA43TM] BASIC LINE PANT DAMA (Black - 999, M);BAPCCDA43TM;DAMA;Negro;M;GRIETA;1
2026;FEBRERO;BASIC LINE OVERSIZED CAB;[BAOCCCA158T2XL] BASIC LINE OVERSIZED CAB (Ivory - 005, 2XL);BAOCCCA158T2XL;CAB;Ivory;2XL;SAMBIL CHACAO;1
2026;FEBRERO;BASIC LINE OVERSIZED CAB;[BAOCCCA43TL] BASIC LINE OVERSIZED CAB (Black - 999, L);BAOCCCA43TL;CAB;Negro;L;SAMBIL VALENCIA;1
2026;FEBRERO;BASIC LINE OVERSIZED CAB;[BAOCCCA158TL] BASIC LINE OVERSIZED CAB (Ivory - 005, L);BAOCCCA158TL;CAB;Ivory;L;SAMBIL VALENCIA;1
2026;FEBRERO;BASIC LINE OVERSIZED CAB;[BAOCCCA158TL] BASIC LINE OVERSIZED CAB (Ivory - 005, L);BAOCCCA158TL;CAB;Ivory;L;SAMBIL VALENCIA;1
2026;FEBRERO;BASIC LINE SHORT DAMA;[BASCCDA38TL] BASIC LINE SHORT DAMA (Peanut - 749, L);BASCCDA38TL;DAMA;Peanut;L;GRIETA;1
2026;FEBRERO;BASIC LINE SHORT DAMA;[BASCCDA43TM] BASIC LINE SHORT DAMA (Black - 999, M);BASCCDA43TM;DAMA;Negro;M;GRIETA;1
2026;FEBRERO;BASIC LINE CROP TEE DAMA;[BACCCDA158TM] BASIC LINE CROP TEE DAMA (Ivory - 005, M);BACCCDA158TM;DAMA;Ivory;M;GRIETA;1
2026;FEBRERO;BASIC LINE CROP TEE DAMA;[BACCCDA38TL] BASIC LINE CROP TEE DAMA (Peanut - 749, L);BACCCDA38TL;DAMA;Peanut;L;GRIETA;1
2026;FEBRERO;BASIC LINE PANT DAMA;[BAPCCDA184TS] BASIC LINE PANT DAMA (Peanut - 749, S);BAPCCDA184TS;DAMA;Peanut;S;SAMBIL CHACAO;1
2026;FEBRERO;BASIC LINE CROP TEE DAMA;[BACCCDA158TS] BASIC LINE CROP TEE DAMA (Ivory - 005, S);BACCCDA158TS;DAMA;Ivory;S;SAMBIL CHACAO;1
2026;FEBRERO;BASIC LINE OVERSIZED CAB;[BAOCCCA158TXL] BASIC LINE OVERSIZED CAB (Ivory - 005, XL);BAOCCCA158TXL;CAB;Ivory;XL;SAMBIL VALENCIA;1
2026;FEBRERO;BASIC LINE CROP TEE DAMA;[BACCCDA158TM] BASIC LINE CROP TEE DAMA (Ivory - 005, M);BACCCDA158TM;DAMA;Ivory;M;SAMBIL VALENCIA;1
2026;FEBRERO;BASIC LINE CROP TEE DAMA;[BACCCDA38TL] BASIC LINE CROP TEE DAMA (Peanut - 749, L);BACCCDA38TL;DAMA;Peanut;L;SAMBIL VALENCIA;1
2026;FEBRERO;BASIC LINE PANT DAMA;[BAPCCDA184TL] BASIC LINE PANT DAMA (Peanut - 749, L);BAPCCDA184TL;DAMA;Peanut;L;SAMBIL VALENCIA;1
2026;FEBRERO;BASIC LINE PANT DAMA;[BAPCCDA184TS] BASIC LINE PANT DAMA (Peanut - 749, S);BAPCCDA184TS;DAMA;Peanut;S;SAMBIL CHACAO;-1
2026;FEBRERO;BASIC LINE CROP TEE DAMA;[BACCCDA158TS] BASIC LINE CROP TEE DAMA (Ivory - 005, S);BACCCDA158TS;DAMA;Ivory;S;SAMBIL CHACAO;-1
2026;FEBRERO;BASIC LINE PANT DAMA;[BAPCCDA184TS] BASIC LINE PANT DAMA (Peanut - 749, S);BAPCCDA184TS;DAMA;Peanut;S;SAMBIL CHACAO;1
2026;FEBRERO;BASIC LINE CROP TEE DAMA;[BACCCDA158TS] BASIC LINE CROP TEE DAMA (Ivory - 005, S);BACCCDA158TS;DAMA;Ivory;S;SAMBIL CHACAO;1
2026;FEBRERO;BASIC LINE OVERSIZED CAB;[BAOCCCA158T2XL] BASIC LINE OVERSIZED CAB (Ivory - 005, 2XL);BAOCCCA158T2XL;CAB;Ivory;2XL;SAMBIL VALENCIA;1
2026;FEBRERO;BASIC LINE OVERSIZED CAB;[BAOCCCA158TXS] BASIC LINE OVERSIZED CAB (Ivory - 005, XS);BAOCCCA158TXS;CAB;Ivory;XS;SAMBIL VALENCIA;1
2026;FEBRERO;BASIC LINE CROP TEE DAMA;[BACCCDA158TL] BASIC LINE CROP TEE DAMA (Ivory - 005, L);BACCCDA158TL;DAMA;Ivory;L;SAMBIL CHACAO;-1
2026;FEBRERO;BASIC LINE CROP TEE DAMA;[BACCCDA43TM] BASIC LINE CROP TEE DAMA (Black - 999, M);BACCCDA43TM;DAMA;Negro;M;GRIETA;1
2026;FEBRERO;BASIC LINE PANT DAMA;[BAPCCDA43TXS] BASIC LINE PANT DAMA (Black - 999, XS);BAPCCDA43TXS;DAMA;Negro;XS;GRAND PLAZ;1
2026;FEBRERO;BASIC LINE OVERSIZED CAB;[BAOCCCA158TL] BASIC LINE OVERSIZED CAB (Ivory - 005, L);BAOCCCA158TL;CAB;Ivory;L;CERRO VERDE;1
2026;FEBRERO;BASIC LINE OVERSIZED CAB;[BAOCCCA38TXL] BASIC LINE OVERSIZED CAB (Peanut - 749, XL);BAOCCCA38TXL;CAB;Peanut;XL;SAMBIL VALENCIA;1
2026;FEBRERO;BASIC LINE OVERSIZED CAB;[BAOCCCA43TXL] BASIC LINE OVERSIZED CAB (Black - 999, XL);BAOCCCA43TXL;CAB;Negro;XL;SAMBIL VALENCIA;1
2026;FEBRERO;BASIC LINE OVERSIZED CAB;[BAOCCCA158TXS] BASIC LINE OVERSIZED CAB (Ivory - 005, XS);BAOCCCA158TXS;CAB;Ivory;XS;GRIETA;1
2026;FEBRERO;BASIC LINE PANT DAMA;[BAPCCDA43TM] BASIC LINE PANT DAMA (Black - 999, M);BAPCCDA43TM;DAMA;Negro;M;SAMBIL VALENCIA;1
2026;FEBRERO;BASIC LINE CROP TEE DAMA;[BACCCDA43TM] BASIC LINE CROP TEE DAMA (Black - 999, M);BACCCDA43TM;DAMA;Negro;M;SAMBIL VALENCIA;1
2026;FEBRERO;BASIC LINE OVERSIZED CAB;[BAOCCCA38TXS] BASIC LINE OVERSIZED CAB (Peanut - 749, XS);BAOCCCA38TXS;CAB;Peanut;XS;SAMBIL VALENCIA;1
2026;FEBRERO;BASIC LINE OVERSIZED CAB;[BAOCCCA158TXS] BASIC LINE OVERSIZED CAB (Ivory - 005, XS);BAOCCCA158TXS;CAB;Ivory;XS;SAMBIL VALENCIA;1
2026;FEBRERO;BASIC LINE OVERSIZED CAB;[BAOCCCA43TXS] BASIC LINE OVERSIZED CAB (Black - 999, XS);BAOCCCA43TXS;CAB;Negro;XS;SAMBIL VALENCIA;1
2026;FEBRERO;BASIC LINE OVERSIZED CAB;[BAOCCCA38TXL] BASIC LINE OVERSIZED CAB (Peanut - 749, XL);BAOCCCA38TXL;CAB;Peanut;XL;SAMBIL VALENCIA;1
2026;FEBRERO;BASIC LINE OVERSIZED CAB;[BAOCCCA158TXL] BASIC LINE OVERSIZED CAB (Ivory - 005, XL);BAOCCCA158TXL;CAB;Ivory;XL;SAMBIL VALENCIA;1
2026;FEBRERO;BASIC LINE OVERSIZED CAB;[BAOCCCA38TM] BASIC LINE OVERSIZED CAB (Peanut - 749, M);BAOCCCA38TM;CAB;Peanut;M;SAMBIL CHACAO;1
2026;FEBRERO;BASIC LINE OVERSIZED CAB;[BAOCCCA158TM] BASIC LINE OVERSIZED CAB (Ivory - 005, M);BAOCCCA158TM;CAB;Ivory;M;SAMBIL CHACAO;1
2026;FEBRERO;BASIC LINE CROP TEE DAMA;[BACCCDA158TS] BASIC LINE CROP TEE DAMA (Ivory - 005, S);BACCCDA158TS;DAMA;Ivory;S;SAMBIL VALENCIA;1
2026;FEBRERO;BASIC LINE SHORT DAMA;[BASCCDA38TXS] BASIC LINE SHORT DAMA (Peanut - 749, XS);BASCCDA38TXS;DAMA;Peanut;XS;GRIETA;1
2026;FEBRERO;BASIC LINE CROP TEE DAMA;[BACCCDA38TXS] BASIC LINE CROP TEE DAMA (Peanut - 749, XS);BACCCDA38TXS;DAMA;Peanut;XS;GRIETA;1
2026;FEBRERO;BASIC LINE OVERSIZED CAB;[BAOCCCA38TM] BASIC LINE OVERSIZED CAB (Peanut - 749, M);BAOCCCA38TM;CAB;Peanut;M;SAMBIL CHACAO;1
2026;FEBRERO;BASIC LINE PANT DAMA;[BAPCCDA43TM] BASIC LINE PANT DAMA (Black - 999, M);BAPCCDA43TM;DAMA;Negro;M;CERRO VERDE;1
2026;FEBRERO;BASIC LINE CROP TEE DAMA;[BACCCDA43TXS] BASIC LINE CROP TEE DAMA (Black - 999, XS);BACCCDA43TXS;DAMA;Negro;XS;GRIETA;1
2026;FEBRERO;BASIC LINE OVERSIZED CAB;[BAOCCCA158TM] BASIC LINE OVERSIZED CAB (Ivory - 005, M);BAOCCCA158TM;CAB;Ivory;M;SAMBIL CHACAO;1
2026;FEBRERO;BASIC LINE OVERSIZED CAB;[BAOCCCA43TM] BASIC LINE OVERSIZED CAB (Black - 999, M);BAOCCCA43TM;CAB;Negro;M;SAMBIL CHACAO;1
2026;FEBRERO;BASIC LINE CROP TEE DAMA;[BACCCDA43TM] BASIC LINE CROP TEE DAMA (Black - 999, M);BACCCDA43TM;DAMA;Negro;M;SAMBIL CHACAO;1
2026;FEBRERO;BASIC LINE SHORT DAMA;[BASCCDA43TL] BASIC LINE SHORT DAMA (Black - 999, L);BASCCDA43TL;DAMA;Negro;L;SAMBIL CHACAO;1
2026;FEBRERO;BASIC LINE CROP TEE DAMA;[BACCCDA43TXS] BASIC LINE CROP TEE DAMA (Black - 999, XS);BACCCDA43TXS;DAMA;Negro;XS;SAMBIL CHACAO;1
2026;FEBRERO;BASIC LINE PANT DAMA;[BAPCCDA43TS] BASIC LINE PANT DAMA (Black - 999, S);BAPCCDA43TS;DAMA;Negro;S;SAMBIL CHACAO;1
2026;FEBRERO;BASIC LINE CROP TEE DAMA;[BACCCDA43TXS] BASIC LINE CROP TEE DAMA (Black - 999, XS);BACCCDA43TXS;DAMA;Negro;XS;SAMBIL CHACAO;-1
2026;FEBRERO;BASIC LINE PANT DAMA;[BAPCCDA43TS] BASIC LINE PANT DAMA (Black - 999, S);BAPCCDA43TS;DAMA;Negro;S;SAMBIL CHACAO;-1
2026;FEBRERO;BASIC LINE PANT DAMA;[BAPCCDA184TS] BASIC LINE PANT DAMA (Peanut - 749, S);BAPCCDA184TS;DAMA;Peanut;S;SAMBIL CHACAO;1
2026;FEBRERO;BASIC LINE CROP TEE DAMA;[BACCCDA38TXS] BASIC LINE CROP TEE DAMA (Peanut - 749, XS);BACCCDA38TXS;DAMA;Peanut;XS;SAMBIL CHACAO;1
2026;FEBRERO;BASIC LINE OVERSIZED CAB;[BAOCCCA38TL] BASIC LINE OVERSIZED CAB (Peanut - 749, L);BAOCCCA38TL;CAB;Peanut;L;CERRO VERDE;1
2026;FEBRERO;BASIC LINE OVERSIZED CAB;[BAOCCCA158TL] BASIC LINE OVERSIZED CAB (Ivory - 005, L);BAOCCCA158TL;CAB;Ivory;L;CERRO VERDE;1
2026;FEBRERO;BASIC LINE CROP TEE DAMA;[BACCCDA158TM] BASIC LINE CROP TEE DAMA (Ivory - 005, M);BACCCDA158TM;DAMA;Ivory;M;SAMBIL CHACAO;1
2026;FEBRERO;BASIC LINE CROP TEE DAMA;[BACCCDA43TXS] BASIC LINE CROP TEE DAMA (Black - 999, XS);BACCCDA43TXS;DAMA;Negro;XS;GRIETA;1
2026;FEBRERO;BASIC LINE CROP TEE DAMA;[BACCCDA158TM] BASIC LINE CROP TEE DAMA (Ivory - 005, M);BACCCDA158TM;DAMA;Ivory;M;SAMBIL VALENCIA;1
2026;FEBRERO;BASIC LINE SHORT DAMA;[BASCCDA38TL] BASIC LINE SHORT DAMA (Peanut - 749, L);BASCCDA38TL;DAMA;Peanut;L;GRIETA;1
2026;FEBRERO;BASIC LINE CROP TEE DAMA;[BACCCDA38TL] BASIC LINE CROP TEE DAMA (Peanut - 749, L);BACCCDA38TL;DAMA;Peanut;L;GRIETA;1
2026;FEBRERO;BASIC LINE CROP TEE DAMA;[BACCCDA43TM] BASIC LINE CROP TEE DAMA (Black - 999, M);BACCCDA43TM;DAMA;Negro;M;GRIETA;1
2026;FEBRERO;BASIC LINE SHORT DAMA;[BASCCDA43TM] BASIC LINE SHORT DAMA (Black - 999, M);BASCCDA43TM;DAMA;Negro;M;GRIETA;1
2026;FEBRERO;BASIC LINE PANT DAMA;[BAPCCDA43TL] BASIC LINE PANT DAMA (Black - 999, L);BAPCCDA43TL;DAMA;Negro;L;CERRO VERDE;1
2026;FEBRERO;BASIC LINE CROP TEE DAMA;[BACCCDA43TM] BASIC LINE CROP TEE DAMA (Black - 999, M);BACCCDA43TM;DAMA;Negro;M;CERRO VERDE;1
2026;FEBRERO;BASIC LINE OVERSIZED CAB;[BAOCCCA38TM] BASIC LINE OVERSIZED CAB (Peanut - 749, M);BAOCCCA38TM;CAB;Peanut;M;SAMBIL CHACAO;1
2026;FEBRERO;BASIC LINE CROP TEE DAMA;[BACCCDA38TS] BASIC LINE CROP TEE DAMA (Peanut - 749, S);BACCCDA38TS;DAMA;Peanut;S;SAMBIL VALENCIA;1
2026;FEBRERO;BASIC LINE OVERSIZED CAB;[BAOCCCA38TM] BASIC LINE OVERSIZED CAB (Peanut - 749, M);BAOCCCA38TM;CAB;Peanut;M;SAMBIL VALENCIA;1
2026;FEBRERO;BASIC LINE OVERSIZED CAB;[BAOCCCA43TXL] BASIC LINE OVERSIZED CAB (Black - 999, XL);BAOCCCA43TXL;CAB;Negro;XL;SAMBIL VALENCIA;1
2026;FEBRERO;BASIC LINE OVERSIZED CAB;[BAOCCCA38TS] BASIC LINE OVERSIZED CAB (Peanut - 749, S);BAOCCCA38TS;CAB;Peanut;S;WEB;1
2026;FEBRERO;BASIC LINE CROP TEE DAMA;[BACCCDA158TL] BASIC LINE CROP TEE DAMA (Ivory - 005, L);BACCCDA158TL;DAMA;Ivory;L;SAMBIL CHACAO;1
2026;FEBRERO;BASIC LINE SHORT DAMA;[BASCCDA43TM] BASIC LINE SHORT DAMA (Black - 999, M);BASCCDA43TM;DAMA;Negro;M;SAMBIL CHACAO;1
2026;FEBRERO;BASIC LINE CROP TEE DAMA;[BACCCDA158TL] BASIC LINE CROP TEE DAMA (Ivory - 005, L);BACCCDA158TL;DAMA;Ivory;L;SAMBIL CHACAO;1
2026;FEBRERO;BASIC LINE PANT DAMA;[BAPCCDA43TXL] BASIC LINE PANT DAMA (Black - 999, XL);BAPCCDA43TXL;DAMA;Negro;XL;GRIETA;1
2026;FEBRERO;BASIC LINE OVERSIZED CAB;[BAOCCCA158TL] BASIC LINE OVERSIZED CAB (Ivory - 005, L);BAOCCCA158TL;CAB;Ivory;L;SAMBIL CHACAO;1
2026;FEBRERO;BASIC LINE OVERSIZED CAB;[BAOCCCA158TL] BASIC LINE OVERSIZED CAB (Ivory - 005, L);BAOCCCA158TL;CAB;Ivory;L;GRAND PLAZ;1
2026;FEBRERO;BASIC LINE OVERSIZED CAB;[BAOCCCA43TXS] BASIC LINE OVERSIZED CAB (Black - 999, XS);BAOCCCA43TXS;CAB;Negro;XS;SAMBIL CHACAO;1
2026;FEBRERO;BASIC LINE OVERSIZED CAB;[BAOCCCA43TL] BASIC LINE OVERSIZED CAB (Black - 999, L);BAOCCCA43TL;CAB;Negro;L;SAMBIL VALENCIA;1
2026;FEBRERO;BASIC LINE CROP TEE DAMA;[BACCCDA158TXL] BASIC LINE CROP TEE DAMA (Ivory - 005, XL);BACCCDA158TXL;DAMA;Ivory;XL;SAMBIL VALENCIA;1
2026;FEBRERO;BASIC LINE OVERSIZED CAB;[BAOCCCA158TXL] BASIC LINE OVERSIZED CAB (Ivory - 005, XL);BAOCCCA158TXL;CAB;Ivory;XL;SAMBIL VALENCIA;1
2026;FEBRERO;BASIC LINE CROP TEE DAMA;[BACCCDA43TM] BASIC LINE CROP TEE DAMA (Black - 999, M);BACCCDA43TM;DAMA;Negro;M;GRIETA;1
2026;FEBRERO;BASIC LINE CROP TEE DAMA;[BACCCDA158TL] BASIC LINE CROP TEE DAMA (Ivory - 005, L);BACCCDA158TL;DAMA;Ivory;L;GRIETA;1
2026;FEBRERO;BASIC LINE CROP TEE DAMA;[BACCCDA158TS] BASIC LINE CROP TEE DAMA (Ivory - 005, S);BACCCDA158TS;DAMA;Ivory;S;GRIETA;1
2026;FEBRERO;BASIC LINE CROP TEE DAMA;[BACCCDA38TXL] BASIC LINE CROP TEE DAMA (Peanut - 749, XL);BACCCDA38TXL;DAMA;Peanut;XL;SAMBIL VALENCIA;1
2026;FEBRERO;BASIC LINE OVERSIZED CAB;[BAOCCCA43T2XL] BASIC LINE OVERSIZED CAB (Black - 999, 2XL);BAOCCCA43T2XL;CAB;Negro;2XL;CERRO VERDE;1
2026;FEBRERO;BASIC LINE OVERSIZED CAB;[BAOCCCA38TL] BASIC LINE OVERSIZED CAB (Peanut - 749, L);BAOCCCA38TL;CAB;Peanut;L;GRIETA;1
2026;FEBRERO;BASIC LINE OVERSIZED CAB;[BAOCCCA38TL] BASIC LINE OVERSIZED CAB (Peanut - 749, L);BAOCCCA38TL;CAB;Peanut;L;GRIETA;-1
2026;FEBRERO;BASIC LINE OVERSIZED CAB;[BAOCCCA38TL] BASIC LINE OVERSIZED CAB (Peanut - 749, L);BAOCCCA38TL;CAB;Peanut;L;GRIETA;1
2026;FEBRERO;BASIC LINE CROP TEE DAMA;[BACCCDA158TXS] BASIC LINE CROP TEE DAMA (Ivory - 005, XS);BACCCDA158TXS;DAMA;Ivory;XS;SAMBIL VALENCIA;1
2026;FEBRERO;BASIC LINE OVERSIZED CAB;[BAOCCCA43TL] BASIC LINE OVERSIZED CAB (Black - 999, L);BAOCCCA43TL;CAB;Negro;L;CERRO VERDE;1
2026;FEBRERO;BASIC LINE PANT DAMA;[BAPCCDA184TXL] BASIC LINE PANT DAMA (Peanut - 749, XL);BAPCCDA184TXL;DAMA;Peanut;XL;CERRO VERDE;1
2026;FEBRERO;BASIC LINE OVERSIZED CAB;[BAOCCCA38TL] BASIC LINE OVERSIZED CAB (Peanut - 749, L);BAOCCCA38TL;CAB;Peanut;L;CERRO VERDE;1
2026;FEBRERO;BASIC LINE SHORT DAMA;[BASCCDA43TXL] BASIC LINE SHORT DAMA (Black - 999, XL);BASCCDA43TXL;DAMA;Negro;XL;CERRO VERDE;1
2026;FEBRERO;BASIC LINE PANT DAMA;[BAPCCDA184TL] BASIC LINE PANT DAMA (Peanut - 749, L);BAPCCDA184TL;DAMA;Peanut;L;SAMBIL VALENCIA;1
2026;MARZO;BASIC LINE OVERSIZED CAB;[BAOCCCA38T2XL] BASIC LINE OVERSIZED CAB (Peanut - 749, 2XL);BAOCCCA38T2XL;CAB;Peanut;2XL;SAMBIL VALENCIA;1
2026;MARZO;BASIC LINE OVERSIZED CAB;[BAOCCCA43TXL] BASIC LINE OVERSIZED CAB (Black - 999, XL);BAOCCCA43TXL;CAB;Negro;XL;GRIETA;1
2026;MARZO;BASIC LINE OVERSIZED CAB;[BAOCCCA43TL] BASIC LINE OVERSIZED CAB (Black - 999, L);BAOCCCA43TL;CAB;Negro;L;GRIETA;1
2026;MARZO;BASIC LINE CROP TEE DAMA;[BACCCDA43TXS] BASIC LINE CROP TEE DAMA (Black - 999, XS);BACCCDA43TXS;DAMA;Negro;XS;SAMBIL VALENCIA;1
2026;MARZO;BASIC LINE PANT DAMA;[BAPCCDA43TS] BASIC LINE PANT DAMA (Black - 999, S);BAPCCDA43TS;DAMA;Negro;S;SAMBIL VALENCIA;1
2026;MARZO;BASIC LINE OVERSIZED CAB;[BAOCCCA38TM] BASIC LINE OVERSIZED CAB (Peanut - 749, M);BAOCCCA38TM;CAB;Peanut;M;CERRO VERDE;1
2026;MARZO;BASIC LINE OVERSIZED CAB;[BAOCCCA43TS] BASIC LINE OVERSIZED CAB (Black - 999, S);BAOCCCA43TS;CAB;Negro;S;CERRO VERDE;1
2026;MARZO;BASIC LINE OVERSIZED CAB;[BAOCCCA38TS] BASIC LINE OVERSIZED CAB (Peanut - 749, S);BAOCCCA38TS;CAB;Peanut;S;CERRO VERDE;1
2026;MARZO;BASIC LINE SHORT DAMA;[BASCCDA38TXS] BASIC LINE SHORT DAMA (Peanut - 749, XS);BASCCDA38TXS;DAMA;Peanut;XS;SAMBIL VALENCIA;1
2026;MARZO;BASIC LINE CROP TEE DAMA;[BACCCDA38TXS] BASIC LINE CROP TEE DAMA (Peanut - 749, XS);BACCCDA38TXS;DAMA;Peanut;XS;SAMBIL VALENCIA;1
2026;MARZO;BASIC LINE CROP TEE DAMA;[BACCCDA38TXL] BASIC LINE CROP TEE DAMA (Peanut - 749, XL);BACCCDA38TXL;DAMA;Peanut;XL;SAMBIL CHACAO;1
2026;MARZO;BASIC LINE CROP TEE DAMA;[BACCCDA158TL] BASIC LINE CROP TEE DAMA (Ivory - 005, L);BACCCDA158TL;DAMA;Ivory;L;SAMBIL CHACAO;1
2026;MARZO;BASIC LINE OVERSIZED CAB;[BAOCCCA158TL] BASIC LINE OVERSIZED CAB (Ivory - 005, L);BAOCCCA158TL;CAB;Ivory;L;SAMBIL CHACAO;1
2026;MARZO;BASIC LINE CROP TEE DAMA;[BACCCDA158TXS] BASIC LINE CROP TEE DAMA (Ivory - 005, XS);BACCCDA158TXS;DAMA;Ivory;XS;SAMBIL CHACAO;1
2026;MARZO;BASIC LINE PANT DAMA;[BAPCCDA43TL] BASIC LINE PANT DAMA (Black - 999, L);BAPCCDA43TL;DAMA;Negro;L;GRIETA;1
2026;MARZO;BASIC LINE PANT DAMA;[BAPCCDA184TM] BASIC LINE PANT DAMA (Peanut - 749, M);BAPCCDA184TM;DAMA;Peanut;M;WEB;1
2026;MARZO;BASIC LINE CROP TEE DAMA;[BACCCDA158TS] BASIC LINE CROP TEE DAMA (Ivory - 005, S);BACCCDA158TS;DAMA;Ivory;S;GRIETA;1
2026;MARZO;BASIC LINE CROP TEE DAMA;[BACCCDA38TXS] BASIC LINE CROP TEE DAMA (Peanut - 749, XS);BACCCDA38TXS;DAMA;Peanut;XS;GRIETA;1
2026;MARZO;BASIC LINE CROP TEE DAMA;[BACCCDA43TXS] BASIC LINE CROP TEE DAMA (Black - 999, XS);BACCCDA43TXS;DAMA;Negro;XS;CERRO VERDE;1
2026;MARZO;BASIC LINE CROP TEE DAMA;[BACCCDA38TL] BASIC LINE CROP TEE DAMA (Peanut - 749, L);BACCCDA38TL;DAMA;Peanut;L;GRIETA;1
2026;MARZO;BASIC LINE CROP TEE DAMA;[BACCCDA158TXS] BASIC LINE CROP TEE DAMA (Ivory - 005, XS);BACCCDA158TXS;DAMA;Ivory;XS;GRIETA;1
2026;MARZO;BASIC LINE OVERSIZED CAB;[BAOCCCA43T2XL] BASIC LINE OVERSIZED CAB (Black - 999, 2XL);BAOCCCA43T2XL;CAB;Negro;2XL;CERRO VERDE;1
2026;MARZO;BASIC LINE OVERSIZED CAB;[BAOCCCA43T2XL] BASIC LINE OVERSIZED CAB (Black - 999, 2XL);BAOCCCA43T2XL;CAB;Negro;2XL;SAMBIL VALENCIA;1
2026;MARZO;BASIC LINE SHORT DAMA;[BASCCDA43TS] BASIC LINE SHORT DAMA (Black - 999, S);BASCCDA43TS;DAMA;Negro;S;CERRO VERDE;1
2026;MARZO;BASIC LINE CROP TEE DAMA;[BACCCDA38TM] BASIC LINE CROP TEE DAMA (Peanut - 749, M);BACCCDA38TM;DAMA;Peanut;M;SAMBIL CHACAO;1
2026;MARZO;BASIC LINE PANT DAMA;[BAPCCDA43TL] BASIC LINE PANT DAMA (Black - 999, L);BAPCCDA43TL;DAMA;Negro;L;CERRO VERDE;1
2026;MARZO;BASIC LINE OVERSIZED CAB;[BAOCCCA43TL] BASIC LINE OVERSIZED CAB (Black - 999, L);BAOCCCA43TL;CAB;Negro;L;SAMBIL CHACAO;1
2026;MARZO;BASIC LINE OVERSIZED CAB;[BAOCCCA38TL] BASIC LINE OVERSIZED CAB (Peanut - 749, L);BAOCCCA38TL;CAB;Peanut;L;SAMBIL CHACAO;1
2026;MARZO;BASIC LINE CROP TEE DAMA;[BACCCDA38TM] BASIC LINE CROP TEE DAMA (Peanut - 749, M);BACCCDA38TM;DAMA;Peanut;M;WEB;1
2026;MARZO;BASIC LINE OVERSIZED CAB;[BAOCCCA38TXS] BASIC LINE OVERSIZED CAB (Peanut - 749, XS);BAOCCCA38TXS;CAB;Peanut;XS;GRIETA;1
2026;MARZO;BASIC LINE CROP TEE DAMA;[BACCCDA38TXS] BASIC LINE CROP TEE DAMA (Peanut - 749, XS);BACCCDA38TXS;DAMA;Peanut;XS;GRIETA;1
2026;MARZO;BASIC LINE SHORT DAMA;[BASCCDA43TM] BASIC LINE SHORT DAMA (Black - 999, M);BASCCDA43TM;DAMA;Negro;M;GRIETA;-1
2026;MARZO;BASIC LINE SHORT DAMA;[BASCCDA38TM] BASIC LINE SHORT DAMA (Peanut - 749, M);BASCCDA38TM;DAMA;Peanut;M;WEB;1
2026;MARZO;BASIC LINE OVERSIZED CAB;[BAOCCCA158TS] BASIC LINE OVERSIZED CAB (Ivory - 005, S);BAOCCCA158TS;CAB;Ivory;S;SAMBIL CHACAO;1
2026;MARZO;BASIC LINE CROP TEE DAMA;[BACCCDA43TL] BASIC LINE CROP TEE DAMA (Black - 999, L);BACCCDA43TL;DAMA;Negro;L;GRIETA;1
2026;MARZO;BASIC LINE OVERSIZED CAB;[BAOCCCA38TL] BASIC LINE OVERSIZED CAB (Peanut - 749, L);BAOCCCA38TL;CAB;Peanut;L;CERRO VERDE;1
2026;MARZO;BASIC LINE OVERSIZED CAB;[BAOCCCA43TL] BASIC LINE OVERSIZED CAB (Black - 999, L);BAOCCCA43TL;CAB;Negro;L;CERRO VERDE;1
2026;MARZO;BASIC LINE OVERSIZED CAB;[BAOCCCA38TXS] BASIC LINE OVERSIZED CAB (Peanut - 749, XS);BAOCCCA38TXS;CAB;Peanut;XS;GRIETA;1
2026;MARZO;BASIC LINE OVERSIZED CAB;[BAOCCCA158TM] BASIC LINE OVERSIZED CAB (Ivory - 005, M);BAOCCCA158TM;CAB;Ivory;M;GRIETA;1
2026;MARZO;BASIC LINE CROP TEE DAMA;[BACCCDA158TS] BASIC LINE CROP TEE DAMA (Ivory - 005, S);BACCCDA158TS;DAMA;Ivory;S;WEB;1
2026;MARZO;BASIC LINE PANT DAMA;[BAPCCDA184TM] BASIC LINE PANT DAMA (Peanut - 749, M);BAPCCDA184TM;DAMA;Peanut;M;GRIETA;1
2026;MARZO;BASIC LINE CROP TEE DAMA;[BACCCDA38TL] BASIC LINE CROP TEE DAMA (Peanut - 749, L);BACCCDA38TL;DAMA;Peanut;L;GRIETA;1
2026;MARZO;BASIC LINE CROP TEE DAMA;[BACCCDA38TXS] BASIC LINE CROP TEE DAMA (Peanut - 749, XS);BACCCDA38TXS;DAMA;Peanut;XS;SAMBIL VALENCIA;1
2026;MARZO;BASIC LINE PANT DAMA;[BAPCCDA43TS] BASIC LINE PANT DAMA (Black - 999, S);BAPCCDA43TS;DAMA;Negro;S;GRIETA;1
2026;MARZO;BASIC LINE SHORT DAMA;[BASCCDA43TM] BASIC LINE SHORT DAMA (Black - 999, M);BASCCDA43TM;DAMA;Negro;M;SAMBIL VALENCIA;1
2026;MARZO;BASIC LINE OVERSIZED CAB;[BAOCCCA38TL] BASIC LINE OVERSIZED CAB (Peanut - 749, L);BAOCCCA38TL;CAB;Peanut;L;GRAND PLAZ;1
2026;MARZO;BASIC LINE PANT DAMA;[BAPCCDA43TS] BASIC LINE PANT DAMA (Black - 999, S);BAPCCDA43TS;DAMA;Negro;S;SAMBIL CHACAO;1
2026;MARZO;BASIC LINE OVERSIZED CAB;[BAOCCCA43TXS] BASIC LINE OVERSIZED CAB (Black - 999, XS);BAOCCCA43TXS;CAB;Negro;XS;SAMBIL VALENCIA;1
2026;MARZO;BASIC LINE PANT DAMA;[BAPCCDA43TXL] BASIC LINE PANT DAMA (Black - 999, XL);BAPCCDA43TXL;DAMA;Negro;XL;SAMBIL CHACAO;1
2026;MARZO;BASIC LINE OVERSIZED CAB;[BAOCCCA158TL] BASIC LINE OVERSIZED CAB (Ivory - 005, L);BAOCCCA158TL;CAB;Ivory;L;GRIETA;1
2026;MARZO;BASIC LINE OVERSIZED CAB;[BAOCCCA38TXL] BASIC LINE OVERSIZED CAB (Peanut - 749, XL);BAOCCCA38TXL;CAB;Peanut;XL;CERRO VERDE;1
2026;MARZO;BASIC LINE CROP TEE DAMA;[BACCCDA43TL] BASIC LINE CROP TEE DAMA (Black - 999, L);BACCCDA43TL;DAMA;Negro;L;GRIETA;-1
2026;MARZO;BASIC LINE SHORT DAMA;[BASCCDA43TL] BASIC LINE SHORT DAMA (Black - 999, L);BASCCDA43TL;DAMA;Negro;L;GRIETA;-1
2026;MARZO;BASIC LINE CROP TEE DAMA;[BACCCDA43TXL] BASIC LINE CROP TEE DAMA (Black - 999, XL);BACCCDA43TXL;DAMA;Negro;XL;GRIETA;1
2026;MARZO;BASIC LINE PANT DAMA;[BAPCCDA43TL] BASIC LINE PANT DAMA (Black - 999, L);BAPCCDA43TL;DAMA;Negro;L;GRIETA;1
2026;MARZO;BASIC LINE CROP TEE DAMA;[BACCCDA158TXS] BASIC LINE CROP TEE DAMA (Ivory - 005, XS);BACCCDA158TXS;DAMA;Ivory;XS;CERRO VERDE;1
2026;MARZO;BASIC LINE OVERSIZED CAB;[BAOCCCA158TS] BASIC LINE OVERSIZED CAB (Ivory - 005, S);BAOCCCA158TS;CAB;Ivory;S;SAMBIL CHACAO;1
2026;MARZO;BASIC LINE OVERSIZED CAB;[BAOCCCA43TM] BASIC LINE OVERSIZED CAB (Black - 999, M);BAOCCCA43TM;CAB;Negro;M;CERRO VERDE;1
2026;MARZO;BASIC LINE CROP TEE DAMA;[BACCCDA158TS] BASIC LINE CROP TEE DAMA (Ivory - 005, S);BACCCDA158TS;DAMA;Ivory;S;CERRO VERDE;1
2026;MARZO;BASIC LINE PANT DAMA;[BAPCCDA43TS] BASIC LINE PANT DAMA (Black - 999, S);BAPCCDA43TS;DAMA;Negro;S;CERRO VERDE;1
2026;MARZO;BASIC LINE OVERSIZED CAB;[BAOCCCA158TL] BASIC LINE OVERSIZED CAB (Ivory - 005, L);BAOCCCA158TL;CAB;Ivory;L;WEB;1
2026;MARZO;BASIC LINE OVERSIZED CAB;[BAOCCCA38TL] BASIC LINE OVERSIZED CAB (Peanut - 749, L);BAOCCCA38TL;CAB;Peanut;L;WEB;1
2026;MARZO;BASIC LINE OVERSIZED CAB;[BAOCCCA43TL] BASIC LINE OVERSIZED CAB (Black - 999, L);BAOCCCA43TL;CAB;Negro;L;WEB;1
2026;MARZO;BASIC LINE CROP TEE DAMA;[BACCCDA38TL] BASIC LINE CROP TEE DAMA (Peanut - 749, L);BACCCDA38TL;DAMA;Peanut;L;SAMBIL CHACAO;1
2026;MARZO;BASIC LINE PANT DAMA;[BAPCCDA184TL] BASIC LINE PANT DAMA (Peanut - 749, L);BAPCCDA184TL;DAMA;Peanut;L;SAMBIL CHACAO;1
2026;MARZO;BASIC LINE OVERSIZED CAB;[BAOCCCA43TM] BASIC LINE OVERSIZED CAB (Black - 999, M);BAOCCCA43TM;CAB;Negro;M;CERRO VERDE;-1
2026;MARZO;BASIC LINE OVERSIZED CAB;[BAOCCCA43TS] BASIC LINE OVERSIZED CAB (Black - 999, S);BAOCCCA43TS;CAB;Negro;S;CERRO VERDE;1
2026;MARZO;BASIC LINE SHORT DAMA;[BASCCDA38TL] BASIC LINE SHORT DAMA (Peanut - 749, L);BASCCDA38TL;DAMA;Peanut;L;SAMBIL CHACAO;1
2026;MARZO;BASIC LINE CROP TEE DAMA;[BACCCDA38TL] BASIC LINE CROP TEE DAMA (Peanut - 749, L);BACCCDA38TL;DAMA;Peanut;L;SAMBIL CHACAO;1
2026;MARZO;BASIC LINE OVERSIZED CAB;[BAOCCCA38TL] BASIC LINE OVERSIZED CAB (Peanut - 749, L);BAOCCCA38TL;CAB;Peanut;L;SAMBIL VALENCIA;1
2026;MARZO;BASIC LINE OVERSIZED CAB;[BAOCCCA43TL] BASIC LINE OVERSIZED CAB (Black - 999, L);BAOCCCA43TL;CAB;Negro;L;SAMBIL VALENCIA;1
2026;MARZO;BASIC LINE OVERSIZED CAB;[BAOCCCA43TS] BASIC LINE OVERSIZED CAB (Black - 999, S);BAOCCCA43TS;CAB;Negro;S;CERRO VERDE;1
2026;MARZO;BASIC LINE CROP TEE DAMA;[BACCCDA158TM] BASIC LINE CROP TEE DAMA (Ivory - 005, M);BACCCDA158TM;DAMA;Ivory;M;CERRO VERDE;1
2026;MARZO;BASIC LINE CROP TEE DAMA;[BACCCDA43TS] BASIC LINE CROP TEE DAMA (Black - 999, S);BACCCDA43TS;DAMA;Negro;S;SAMBIL VALENCIA;1
2026;MARZO;BASIC LINE SHORT DAMA;[BASCCDA38TL] BASIC LINE SHORT DAMA (Peanut - 749, L);BASCCDA38TL;DAMA;Peanut;L;SAMBIL CHACAO;-1
2026;MARZO;BASIC LINE CROP TEE DAMA;[BACCCDA38TL] BASIC LINE CROP TEE DAMA (Peanut - 749, L);BACCCDA38TL;DAMA;Peanut;L;SAMBIL CHACAO;-1
2026;MARZO;BASIC LINE CROP TEE DAMA;[BACCCDA43TXL] BASIC LINE CROP TEE DAMA (Black - 999, XL);BACCCDA43TXL;DAMA;Negro;XL;SAMBIL CHACAO;1
2026;MARZO;BASIC LINE SHORT DAMA;[BASCCDA43TXL] BASIC LINE SHORT DAMA (Black - 999, XL);BASCCDA43TXL;DAMA;Negro;XL;SAMBIL CHACAO;1
2026;MARZO;BASIC LINE PANT DAMA;[BAPCCDA43TM] BASIC LINE PANT DAMA (Black - 999, M);BAPCCDA43TM;DAMA;Negro;M;SAMBIL VALENCIA;1
2026;MARZO;BASIC LINE OVERSIZED CAB;[BAOCCCA43TS] BASIC LINE OVERSIZED CAB (Black - 999, S);BAOCCCA43TS;CAB;Negro;S;CERRO VERDE;1
2026;MARZO;BASIC LINE CROP TEE DAMA;[BACCCDA43TM] BASIC LINE CROP TEE DAMA (Black - 999, M);BACCCDA43TM;DAMA;Negro;M;SAMBIL CHACAO;1
2026;MARZO;BASIC LINE CROP TEE DAMA;[BACCCDA38TM] BASIC LINE CROP TEE DAMA (Peanut - 749, M);BACCCDA38TM;DAMA;Peanut;M;SAMBIL CHACAO;1
2026;MARZO;BASIC LINE PANT DAMA;[BAPCCDA43TM] BASIC LINE PANT DAMA (Black - 999, M);BAPCCDA43TM;DAMA;Negro;M;CERRO VERDE;1
2026;MARZO;BASIC LINE PANT DAMA;[BAPCCDA43TM] BASIC LINE PANT DAMA (Black - 999, M);BAPCCDA43TM;DAMA;Negro;M;SAMBIL CHACAO;1
2026;MARZO;BASIC LINE CROP TEE DAMA;[BACCCDA158TXS] BASIC LINE CROP TEE DAMA (Ivory - 005, XS);BACCCDA158TXS;DAMA;Ivory;XS;SAMBIL CHACAO;1
2026;MARZO;BASIC LINE PANT DAMA;[BAPCCDA184TM] BASIC LINE PANT DAMA (Peanut - 749, M);BAPCCDA184TM;DAMA;Peanut;M;SAMBIL CHACAO;1
2026;MARZO;BASIC LINE CROP TEE DAMA;[BACCCDA38TXS] BASIC LINE CROP TEE DAMA (Peanut - 749, XS);BACCCDA38TXS;DAMA;Peanut;XS;SAMBIL VALENCIA;1
2026;MARZO;BASIC LINE CROP TEE DAMA;[BACCCDA158TL] BASIC LINE CROP TEE DAMA (Ivory - 005, L);BACCCDA158TL;DAMA;Ivory;L;CERRO VERDE;1
2026;MARZO;BASIC LINE OVERSIZED CAB;[BAOCCCA38TL] BASIC LINE OVERSIZED CAB (Peanut - 749, L);BAOCCCA38TL;CAB;Peanut;L;GRIETA;1
2026;MARZO;BASIC LINE OVERSIZED CAB;[BAOCCCA158TL] BASIC LINE OVERSIZED CAB (Ivory - 005, L);BAOCCCA158TL;CAB;Ivory;L;GRIETA;1
2026;MARZO;BASIC LINE SHORT DAMA;[BASCCDA38TS] BASIC LINE SHORT DAMA (Peanut - 749, S);BASCCDA38TS;DAMA;Peanut;S;CERRO VERDE;1
2026;MARZO;BASIC LINE PANT DAMA;[BAPCCDA43TXL] BASIC LINE PANT DAMA (Black - 999, XL);BAPCCDA43TXL;DAMA;Negro;XL;GRIETA;1
2026;MARZO;BASIC LINE PANT DAMA;[BAPCCDA184TS] BASIC LINE PANT DAMA (Peanut - 749, S);BAPCCDA184TS;DAMA;Peanut;S;CERRO VERDE;1
2026;MARZO;BASIC LINE CROP TEE DAMA;[BACCCDA158TS] BASIC LINE CROP TEE DAMA (Ivory - 005, S);BACCCDA158TS;DAMA;Ivory;S;WEB;1
2026;MARZO;BASIC LINE CROP TEE DAMA;[BACCCDA38TS] BASIC LINE CROP TEE DAMA (Peanut - 749, S);BACCCDA38TS;DAMA;Peanut;S;WEB;1
2026;MARZO;BASIC LINE OVERSIZED CAB;[BAOCCCA43TXL] BASIC LINE OVERSIZED CAB (Black - 999, XL);BAOCCCA43TXL;CAB;Negro;XL;SAMBIL VALENCIA;1
2026;MARZO;BASIC LINE OVERSIZED CAB;[BAOCCCA158TM] BASIC LINE OVERSIZED CAB (Ivory - 005, M);BAOCCCA158TM;CAB;Ivory;M;GRIETA;1
2026;MARZO;BASIC LINE CROP TEE DAMA;[BACCCDA158TXS] BASIC LINE CROP TEE DAMA (Ivory - 005, XS);BACCCDA158TXS;DAMA;Ivory;XS;GRIETA;1
2026;MARZO;BASIC LINE CROP TEE DAMA;[BACCCDA158TM] BASIC LINE CROP TEE DAMA (Ivory - 005, M);BACCCDA158TM;DAMA;Ivory;M;GRIETA;1
2026;MARZO;BASIC LINE PANT DAMA;[BAPCCDA184TS] BASIC LINE PANT DAMA (Peanut - 749, S);BAPCCDA184TS;DAMA;Peanut;S;SAMBIL VALENCIA;1
2026;MARZO;BASIC LINE CROP TEE DAMA;[BACCCDA38TXS] BASIC LINE CROP TEE DAMA (Peanut - 749, XS);BACCCDA38TXS;DAMA;Peanut;XS;SAMBIL VALENCIA;1
2026;MARZO;BASIC LINE OVERSIZED CAB;[BAOCCCA158TM] BASIC LINE OVERSIZED CAB (Ivory - 005, M);BAOCCCA158TM;CAB;Ivory;M;SAMBIL VALENCIA;1
2026;MARZO;BASIC LINE SHORT DAMA;[BASCCDA43TM] BASIC LINE SHORT DAMA (Black - 999, M);BASCCDA43TM;DAMA;Negro;M;GRIETA;1
2026;MARZO;BASIC LINE CROP TEE DAMA;[BACCCDA43TM] BASIC LINE CROP TEE DAMA (Black - 999, M);BACCCDA43TM;DAMA;Negro;M;GRIETA;1
2026;MARZO;BASIC LINE CROP TEE DAMA;[BACCCDA158TS] BASIC LINE CROP TEE DAMA (Ivory - 005, S);BACCCDA158TS;DAMA;Ivory;S;GRIETA;1
2026;MARZO;BASIC LINE OVERSIZED CAB;[BAOCCCA43TL] BASIC LINE OVERSIZED CAB (Black - 999, L);BAOCCCA43TL;CAB;Negro;L;SAMBIL CHACAO;1
2026;MARZO;BASIC LINE OVERSIZED CAB;[BAOCCCA158TL] BASIC LINE OVERSIZED CAB (Ivory - 005, L);BAOCCCA158TL;CAB;Ivory;L;SAMBIL CHACAO;1
2026;MARZO;BASIC LINE PANT DAMA;[BAPCCDA184TM] BASIC LINE PANT DAMA (Peanut - 749, M);BAPCCDA184TM;DAMA;Peanut;M;GRIETA;1
2026;MARZO;BASIC LINE CROP TEE DAMA;[BACCCDA38TXS] BASIC LINE CROP TEE DAMA (Peanut - 749, XS);BACCCDA38TXS;DAMA;Peanut;XS;GRIETA;1
2026;MARZO;BASIC LINE PANT DAMA;[BAPCCDA43TL] BASIC LINE PANT DAMA (Black - 999, L);BAPCCDA43TL;DAMA;Negro;L;GRIETA;1
2026;MARZO;BASIC LINE PANT DAMA;[BAPCCDA43TM] BASIC LINE PANT DAMA (Black - 999, M);BAPCCDA43TM;DAMA;Negro;M;GRIETA;1
2026;MARZO;BASIC LINE PANT DAMA;[BAPCCDA184TM] BASIC LINE PANT DAMA (Peanut - 749, M);BAPCCDA184TM;DAMA;Peanut;M;WEB;1
2026;MARZO;BASIC LINE OVERSIZED CAB;[BAOCCCA43TXS] BASIC LINE OVERSIZED CAB (Black - 999, XS);BAOCCCA43TXS;CAB;Negro;XS;CERRO VERDE;1
2026;MARZO;BASIC LINE SHORT DAMA;[BASCCDA43TL] BASIC LINE SHORT DAMA (Black - 999, L);BASCCDA43TL;DAMA;Negro;L;CERRO VERDE;1
2026;MARZO;BASIC LINE PANT DAMA;[BAPCCDA184TS] BASIC LINE PANT DAMA (Peanut - 749, S);BAPCCDA184TS;DAMA;Peanut;S;SAMBIL CHACAO;1
2026;MARZO;BASIC LINE CROP TEE DAMA;[BACCCDA158TM] BASIC LINE CROP TEE DAMA (Ivory - 005, M);BACCCDA158TM;DAMA;Ivory;M;SAMBIL CHACAO;1
2026;MARZO;BASIC LINE CROP TEE DAMA;[BACCCDA38TM] BASIC LINE CROP TEE DAMA (Peanut - 749, M);BACCCDA38TM;DAMA;Peanut;M;SAMBIL CHACAO;1
2026;MARZO;BASIC LINE CROP TEE DAMA;[BACCCDA43TM] BASIC LINE CROP TEE DAMA (Black - 999, M);BACCCDA43TM;DAMA;Negro;M;SAMBIL CHACAO;1
2026;MARZO;BASIC LINE PANT DAMA;[BAPCCDA43TS] BASIC LINE PANT DAMA (Black - 999, S);BAPCCDA43TS;DAMA;Negro;S;SAMBIL CHACAO;1
2026;MARZO;BASIC LINE CROP TEE DAMA;[BACCCDA158TXS] BASIC LINE CROP TEE DAMA (Ivory - 005, XS);BACCCDA158TXS;DAMA;Ivory;XS;GRIETA;1
2026;MARZO;BASIC LINE OVERSIZED CAB;[BAOCCCA43TXL] BASIC LINE OVERSIZED CAB (Black - 999, XL);BAOCCCA43TXL;CAB;Negro;XL;GRIETA;1
2026;MARZO;BASIC LINE OVERSIZED CAB;[BAOCCCA38TXL] BASIC LINE OVERSIZED CAB (Peanut - 749, XL);BAOCCCA38TXL;CAB;Peanut;XL;GRIETA;1
2026;MARZO;BASIC LINE OVERSIZED CAB;[BAOCCCA158TXL] BASIC LINE OVERSIZED CAB (Ivory - 005, XL);BAOCCCA158TXL;CAB;Ivory;XL;GRIETA;1
2026;MARZO;BASIC LINE OVERSIZED CAB;[BAOCCCA43TXL] BASIC LINE OVERSIZED CAB (Black - 999, XL);BAOCCCA43TXL;CAB;Negro;XL;GRIETA;1
2026;MARZO;BASIC LINE CROP TEE DAMA;[BACCCDA43TM] BASIC LINE CROP TEE DAMA (Black - 999, M);BACCCDA43TM;DAMA;Negro;M;GRIETA;1
2026;MARZO;BASIC LINE CROP TEE DAMA;[BACCCDA158TM] BASIC LINE CROP TEE DAMA (Ivory - 005, M);BACCCDA158TM;DAMA;Ivory;M;GRIETA;1
2026;MARZO;BASIC LINE SHORT DAMA;[BASCCDA38TL] BASIC LINE SHORT DAMA (Peanut - 749, L);BASCCDA38TL;DAMA;Peanut;L;GRIETA;1
2026;MARZO;BASIC LINE PANT DAMA;[BAPCCDA43TM] BASIC LINE PANT DAMA (Black - 999, M);BAPCCDA43TM;DAMA;Negro;M;GRIETA;1
2026;MARZO;BASIC LINE OVERSIZED CAB;[BAOCCCA43TM] BASIC LINE OVERSIZED CAB (Black - 999, M);BAOCCCA43TM;CAB;Negro;M;CERRO VERDE;1
2026;MARZO;BASIC LINE OVERSIZED CAB;[BAOCCCA158TL] BASIC LINE OVERSIZED CAB (Ivory - 005, L);BAOCCCA158TL;CAB;Ivory;L;SAMBIL CHACAO;1
2026;MARZO;BASIC LINE OVERSIZED CAB;[BAOCCCA43TM] BASIC LINE OVERSIZED CAB (Black - 999, M);BAOCCCA43TM;CAB;Negro;M;SAMBIL CHACAO;1
2026;MARZO;BASIC LINE OVERSIZED CAB;[BAOCCCA158TM] BASIC LINE OVERSIZED CAB (Ivory - 005, M);BAOCCCA158TM;CAB;Ivory;M;SAMBIL CHACAO;1
2026;MARZO;BASIC LINE OVERSIZED CAB;[BAOCCCA43T2XL] BASIC LINE OVERSIZED CAB (Black - 999, 2XL);BAOCCCA43T2XL;CAB;Negro;2XL;GRIETA;1
2026;MARZO;BASIC LINE OVERSIZED CAB;[BAOCCCA38T2XL] BASIC LINE OVERSIZED CAB (Peanut - 749, 2XL);BAOCCCA38T2XL;CAB;Peanut;2XL;GRIETA;1
2026;MARZO;BASIC LINE PANT DAMA;[BAPCCDA43TXL] BASIC LINE PANT DAMA (Black - 999, XL);BAPCCDA43TXL;DAMA;Negro;XL;CERRO VERDE;1
2026;MARZO;BASIC LINE SHORT DAMA;[BASCCDA43TL] BASIC LINE SHORT DAMA (Black - 999, L);BASCCDA43TL;DAMA;Negro;L;SAMBIL VALENCIA;1
2026;MARZO;BASIC LINE CROP TEE DAMA;[BACCCDA43TM] BASIC LINE CROP TEE DAMA (Black - 999, M);BACCCDA43TM;DAMA;Negro;M;SAMBIL VALENCIA;1
2026;MARZO;BASIC LINE OVERSIZED CAB;[BAOCCCA38TL] BASIC LINE OVERSIZED CAB (Peanut - 749, L);BAOCCCA38TL;CAB;Peanut;L;SAMBIL VALENCIA;1
2026;MARZO;BASIC LINE OVERSIZED CAB;[BAOCCCA158TXL] BASIC LINE OVERSIZED CAB (Ivory - 005, XL);BAOCCCA158TXL;CAB;Ivory;XL;GRIETA;1
2026;MARZO;BASIC LINE CROP TEE DAMA;[BACCCDA158TM] BASIC LINE CROP TEE DAMA (Ivory - 005, M);BACCCDA158TM;DAMA;Ivory;M;CERRO VERDE;1
2026;MARZO;BASIC LINE CROP TEE DAMA;[BACCCDA43TXS] BASIC LINE CROP TEE DAMA (Black - 999, XS);BACCCDA43TXS;DAMA;Negro;XS;GRIETA;1
2026;MARZO;BASIC LINE OVERSIZED CAB;[BAOCCCA43TXS] BASIC LINE OVERSIZED CAB (Black - 999, XS);BAOCCCA43TXS;CAB;Negro;XS;GRIETA;1
2026;MARZO;BASIC LINE SHORT DAMA;[BASCCDA38TM] BASIC LINE SHORT DAMA (Peanut - 749, M);BASCCDA38TM;DAMA;Peanut;M;CERRO VERDE;1
2026;MARZO;BASIC LINE SHORT DAMA;[BASCCDA43TM] BASIC LINE SHORT DAMA (Black - 999, M);BASCCDA43TM;DAMA;Negro;M;CERRO VERDE;1
2026;MARZO;BASIC LINE CROP TEE DAMA;[BACCCDA43TM] BASIC LINE CROP TEE DAMA (Black - 999, M);BACCCDA43TM;DAMA;Negro;M;CERRO VERDE;1
2026;MARZO;BASIC LINE CROP TEE DAMA;[BACCCDA38TM] BASIC LINE CROP TEE DAMA (Peanut - 749, M);BACCCDA38TM;DAMA;Peanut;M;CERRO VERDE;1
2026;MARZO;BASIC LINE SHORT DAMA;[BASCCDA43TS] BASIC LINE SHORT DAMA (Black - 999, S);BASCCDA43TS;DAMA;Negro;S;SAMBIL VALENCIA;1
2026;MARZO;BASIC LINE PANT DAMA;[BAPCCDA43TS] BASIC LINE PANT DAMA (Black - 999, S);BAPCCDA43TS;DAMA;Negro;S;SAMBIL VALENCIA;1
2026;MARZO;BASIC LINE PANT DAMA;[BAPCCDA184TXS] BASIC LINE PANT DAMA (Peanut - 749, XS);BAPCCDA184TXS;DAMA;Peanut;XS;GRIETA;1
2026;MARZO;BASIC LINE PANT DAMA;[BAPCCDA43TXS] BASIC LINE PANT DAMA (Black - 999, XS);BAPCCDA43TXS;DAMA;Negro;XS;GRIETA;1
2026;MARZO;BASIC LINE PANT DAMA;[BAPCCDA184TM] BASIC LINE PANT DAMA (Peanut - 749, M);BAPCCDA184TM;DAMA;Peanut;M;GRIETA;1
2026;MARZO;BASIC LINE CROP TEE DAMA;[BACCCDA38TL] BASIC LINE CROP TEE DAMA (Peanut - 749, L);BACCCDA38TL;DAMA;Peanut;L;GRIETA;1
2026;MARZO;BASIC LINE PANT DAMA;[BAPCCDA184TL] BASIC LINE PANT DAMA (Peanut - 749, L);BAPCCDA184TL;DAMA;Peanut;L;CERRO VERDE;1
2026;MARZO;BASIC LINE PANT DAMA;[BAPCCDA184TS] BASIC LINE PANT DAMA (Peanut - 749, S);BAPCCDA184TS;DAMA;Peanut;S;CERRO VERDE;1
2026;MARZO;BASIC LINE OVERSIZED CAB;[BAOCCCA158TM] BASIC LINE OVERSIZED CAB (Ivory - 005, M);BAOCCCA158TM;CAB;Ivory;M;CERRO VERDE;1
2026;MARZO;BASIC LINE CROP TEE DAMA;[BACCCDA158TL] BASIC LINE CROP TEE DAMA (Ivory - 005, L);BACCCDA158TL;DAMA;Ivory;L;CERRO VERDE;1
2026;MARZO;BASIC LINE CROP TEE DAMA;[BACCCDA158TS] BASIC LINE CROP TEE DAMA (Ivory - 005, S);BACCCDA158TS;DAMA;Ivory;S;GRIETA;1
2026;MARZO;BASIC LINE SHORT DAMA;[BASCCDA38TXL] BASIC LINE SHORT DAMA (Peanut - 749, XL);BASCCDA38TXL;DAMA;Peanut;XL;GRIETA;1
2026;MARZO;BASIC LINE CROP TEE DAMA;[BACCCDA158TXL] BASIC LINE CROP TEE DAMA (Ivory - 005, XL);BACCCDA158TXL;DAMA;Ivory;XL;SAMBIL CHACAO;1
2026;MARZO;BASIC LINE PANT DAMA;[BAPCCDA43TM] BASIC LINE PANT DAMA (Black - 999, M);BAPCCDA43TM;DAMA;Negro;M;SAMBIL CHACAO;1
2026;ABRIL;BASIC LINE PANT DAMA;[BAPCCDA184TM] BASIC LINE PANT DAMA (Peanut - 749, M);BAPCCDA184TM;DAMA;Peanut;M;GRIETA;1
2026;ABRIL;BASIC LINE OVERSIZED CAB;[BAOCCCA38TL] BASIC LINE OVERSIZED CAB (Peanut - 749, L);BAOCCCA38TL;CAB;Peanut;L;SAMBIL CHACAO;1
2026;ABRIL;BASIC LINE OVERSIZED CAB;[BAOCCCA158TL] BASIC LINE OVERSIZED CAB (Ivory - 005, L);BAOCCCA158TL;CAB;Ivory;L;SAMBIL CHACAO;1
2026;ABRIL;BASIC LINE CROP TEE DAMA;[BACCCDA158TM] BASIC LINE CROP TEE DAMA (Ivory - 005, M);BACCCDA158TM;DAMA;Ivory;M;GRIETA;1
2026;ABRIL;BASIC LINE PANT DAMA;[BAPCCDA43TXL] BASIC LINE PANT DAMA (Black - 999, XL);BAPCCDA43TXL;DAMA;Negro;XL;GRIETA;1
2026;ABRIL;BASIC LINE OVERSIZED CAB;[BAOCCCA43TM] BASIC LINE OVERSIZED CAB (Black - 999, M);BAOCCCA43TM;CAB;Negro;M;GRIETA;1
2026;ABRIL;BASIC LINE OVERSIZED CAB;[BAOCCCA43TXL] BASIC LINE OVERSIZED CAB (Black - 999, XL);BAOCCCA43TXL;CAB;Negro;XL;GRIETA;1
2026;ABRIL;BASIC LINE CROP TEE DAMA;[BACCCDA43TL] BASIC LINE CROP TEE DAMA (Black - 999, L);BACCCDA43TL;DAMA;Negro;L;GRIETA;1
2026;ABRIL;BASIC LINE SHORT DAMA;[BASCCDA43TL] BASIC LINE SHORT DAMA (Black - 999, L);BASCCDA43TL;DAMA;Negro;L;GRIETA;1
2026;ABRIL;BASIC LINE OVERSIZED CAB;[BAOCCCA158TXS] BASIC LINE OVERSIZED CAB (Ivory - 005, XS);BAOCCCA158TXS;CAB;Ivory;XS;CERRO VERDE;1
2026;ABRIL;BASIC LINE OVERSIZED CAB;[BAOCCCA38TXL] BASIC LINE OVERSIZED CAB (Peanut - 749, XL);BAOCCCA38TXL;CAB;Peanut;XL;SAMBIL CHACAO;1
2026;ABRIL;BASIC LINE OVERSIZED CAB;[BAOCCCA43TXL] BASIC LINE OVERSIZED CAB (Black - 999, XL);BAOCCCA43TXL;CAB;Negro;XL;SAMBIL CHACAO;1
2026;ABRIL;BASIC LINE CROP TEE DAMA;[BACCCDA158TXL] BASIC LINE CROP TEE DAMA (Ivory - 005, XL);BACCCDA158TXL;DAMA;Ivory;XL;SAMBIL VALENCIA;1
2026;ABRIL;BASIC LINE PANT DAMA;[BAPCCDA184TXS] BASIC LINE PANT DAMA (Peanut - 749, XS);BAPCCDA184TXS;DAMA;Peanut;XS;SAMBIL CHACAO;1
2026;ABRIL;BASIC LINE OVERSIZED CAB;[BAOCCCA38TL] BASIC LINE OVERSIZED CAB (Peanut - 749, L);BAOCCCA38TL;CAB;Peanut;L;SAMBIL CHACAO;1
2026;ABRIL;BASIC LINE OVERSIZED CAB;[BAOCCCA158TM] BASIC LINE OVERSIZED CAB (Ivory - 005, M);BAOCCCA158TM;CAB;Ivory;M;SAMBIL VALENCIA;1
2026;ABRIL;BASIC LINE OVERSIZED CAB;[BAOCCCA38TS] BASIC LINE OVERSIZED CAB (Peanut - 749, S);BAOCCCA38TS;CAB;Peanut;S;GRAND PLAZ;1
2026;ABRIL;BASIC LINE OVERSIZED CAB;[BAOCCCA158TS] BASIC LINE OVERSIZED CAB (Ivory - 005, S);BAOCCCA158TS;CAB;Ivory;S;GRAND PLAZ;1
2026;ABRIL;BASIC LINE OVERSIZED CAB;[BAOCCCA43TM] BASIC LINE OVERSIZED CAB (Black - 999, M);BAOCCCA43TM;CAB;Negro;M;GRAND PLAZ;1
2026;ABRIL;BASIC LINE OVERSIZED CAB;[BAOCCCA43TS] BASIC LINE OVERSIZED CAB (Black - 999, S);BAOCCCA43TS;CAB;Negro;S;GRAND PLAZ;1
2026;ABRIL;BASIC LINE CROP TEE DAMA;[BACCCDA158TS] BASIC LINE CROP TEE DAMA (Ivory - 005, S);BACCCDA158TS;DAMA;Ivory;S;GRAND PLAZ;1
2026;ABRIL;BASIC LINE CROP TEE DAMA;[BACCCDA38TXS] BASIC LINE CROP TEE DAMA (Peanut - 749, XS);BACCCDA38TXS;DAMA;Peanut;XS;GRIETA;1
2026;ABRIL;BASIC LINE OVERSIZED CAB;[BAOCCCA158TXS] BASIC LINE OVERSIZED CAB (Ivory - 005, XS);BAOCCCA158TXS;CAB;Ivory;XS;GRIETA;1
2026;ABRIL;BASIC LINE PANT DAMA;[BAPCCDA184TXS] BASIC LINE PANT DAMA (Peanut - 749, XS);BAPCCDA184TXS;DAMA;Peanut;XS;GRIETA;1
2026;ABRIL;BASIC LINE CROP TEE DAMA;[BACCCDA158TXS] BASIC LINE CROP TEE DAMA (Ivory - 005, XS);BACCCDA158TXS;DAMA;Ivory;XS;CERRO VERDE;1
2026;ABRIL;BASIC LINE PANT DAMA;[BAPCCDA43TM] BASIC LINE PANT DAMA (Black - 999, M);BAPCCDA43TM;DAMA;Negro;M;GRIETA;1
2026;ABRIL;BASIC LINE CROP TEE DAMA;[BACCCDA43TS] BASIC LINE CROP TEE DAMA (Black - 999, S);BACCCDA43TS;DAMA;Negro;S;GRIETA;1
2026;ABRIL;BASIC LINE CROP TEE DAMA;[BACCCDA158TXS] BASIC LINE CROP TEE DAMA (Ivory - 005, XS);BACCCDA158TXS;DAMA;Ivory;XS;CERRO VERDE;1
2026;ABRIL;BASIC LINE CROP TEE DAMA;[BACCCDA38TM] BASIC LINE CROP TEE DAMA (Peanut - 749, M);BACCCDA38TM;DAMA;Peanut;M;SAMBIL CHACAO;1
2026;ABRIL;BASIC LINE PANT DAMA;[BAPCCDA184TM] BASIC LINE PANT DAMA (Peanut - 749, M);BAPCCDA184TM;DAMA;Peanut;M;SAMBIL CHACAO;1
2026;ABRIL;BASIC LINE OVERSIZED CAB;[BAOCCCA38TL] BASIC LINE OVERSIZED CAB (Peanut - 749, L);BAOCCCA38TL;CAB;Peanut;L;SAMBIL CHACAO;1
2026;ABRIL;BASIC LINE OVERSIZED CAB;[BAOCCCA158TL] BASIC LINE OVERSIZED CAB (Ivory - 005, L);BAOCCCA158TL;CAB;Ivory;L;SAMBIL CHACAO;1
2026;ABRIL;BASIC LINE PANT DAMA;[BAPCCDA43TS] BASIC LINE PANT DAMA (Black - 999, S);BAPCCDA43TS;DAMA;Negro;S;SAMBIL CHACAO;1
2026;ABRIL;BASIC LINE CROP TEE DAMA;[BACCCDA158TS] BASIC LINE CROP TEE DAMA (Ivory - 005, S);BACCCDA158TS;DAMA;Ivory;S;SAMBIL CHACAO;1
2026;ABRIL;BASIC LINE OVERSIZED CAB;[BAOCCCA158TM] BASIC LINE OVERSIZED CAB (Ivory - 005, M);BAOCCCA158TM;CAB;Ivory;M;GRIETA;1
2026;ABRIL;BASIC LINE OVERSIZED CAB;[BAOCCCA43TL] BASIC LINE OVERSIZED CAB (Black - 999, L);BAOCCCA43TL;CAB;Negro;L;CERRO VERDE;1
2026;ABRIL;BASIC LINE CROP TEE DAMA;[BACCCDA158TXS] BASIC LINE CROP TEE DAMA (Ivory - 005, XS);BACCCDA158TXS;DAMA;Ivory;XS;GRIETA;1
2026;ABRIL;BASIC LINE SHORT DAMA;[BASCCDA38TXS] BASIC LINE SHORT DAMA (Peanut - 749, XS);BASCCDA38TXS;DAMA;Peanut;XS;GRIETA;1
2026;ABRIL;BASIC LINE SHORT DAMA;[BASCCDA38TS] BASIC LINE SHORT DAMA (Peanut - 749, S);BASCCDA38TS;DAMA;Peanut;S;GRIETA;1
2026;ABRIL;BASIC LINE CROP TEE DAMA;[BACCCDA158TS] BASIC LINE CROP TEE DAMA (Ivory - 005, S);BACCCDA158TS;DAMA;Ivory;S;GRIETA;1
2026;ABRIL;BASIC LINE CROP TEE DAMA;[BACCCDA158TS] BASIC LINE CROP TEE DAMA (Ivory - 005, S);BACCCDA158TS;DAMA;Ivory;S;GRIETA;-1
2026;ABRIL;BASIC LINE SHORT DAMA;[BASCCDA38TS] BASIC LINE SHORT DAMA (Peanut - 749, S);BASCCDA38TS;DAMA;Peanut;S;GRIETA;-1
2026;ABRIL;BASIC LINE CROP TEE DAMA;[BACCCDA158TS] BASIC LINE CROP TEE DAMA (Ivory - 005, S);BACCCDA158TS;DAMA;Ivory;S;GRIETA;1
2026;ABRIL;BASIC LINE SHORT DAMA;[BASCCDA38TS] BASIC LINE SHORT DAMA (Peanut - 749, S);BASCCDA38TS;DAMA;Peanut;S;GRIETA;1
2026;ABRIL;BASIC LINE CROP TEE DAMA;[BACCCDA158TXL] BASIC LINE CROP TEE DAMA (Ivory - 005, XL);BACCCDA158TXL;DAMA;Ivory;XL;CERRO VERDE;1
2026;ABRIL;BASIC LINE CROP TEE DAMA;[BACCCDA158TL] BASIC LINE CROP TEE DAMA (Ivory - 005, L);BACCCDA158TL;DAMA;Ivory;L;CERRO VERDE;1
2026;ABRIL;BASIC LINE PANT DAMA;[BAPCCDA43TXS] BASIC LINE PANT DAMA (Black - 999, XS);BAPCCDA43TXS;DAMA;Negro;XS;GRIETA;1
2026;ABRIL;BASIC LINE SHORT DAMA;[BASCCDA43TXL] BASIC LINE SHORT DAMA (Black - 999, XL);BASCCDA43TXL;DAMA;Negro;XL;SAMBIL VALENCIA;1
2026;ABRIL;BASIC LINE OVERSIZED CAB;[BAOCCCA38TXL] BASIC LINE OVERSIZED CAB (Peanut - 749, XL);BAOCCCA38TXL;CAB;Peanut;XL;SAMBIL CHACAO;1
2026;ABRIL;BASIC LINE CROP TEE DAMA;[BACCCDA38TXS] BASIC LINE CROP TEE DAMA (Peanut - 749, XS);BACCCDA38TXS;DAMA;Peanut;XS;SAMBIL CHACAO;1
2026;ABRIL;BASIC LINE SHORT DAMA;[BASCCDA38TXL] BASIC LINE SHORT DAMA (Peanut - 749, XL);BASCCDA38TXL;DAMA;Peanut;XL;SAMBIL CHACAO;1
2026;ABRIL;BASIC LINE SHORT DAMA;[BASCCDA38TXS] BASIC LINE SHORT DAMA (Peanut - 749, XS);BASCCDA38TXS;DAMA;Peanut;XS;SAMBIL CHACAO;1
2026;ABRIL;BASIC LINE OVERSIZED CAB;[BAOCCCA158TXS] BASIC LINE OVERSIZED CAB (Ivory - 005, XS);BAOCCCA158TXS;CAB;Ivory;XS;SAMBIL VALENCIA;1
2026;ABRIL;BASIC LINE CROP TEE DAMA;[BACCCDA43TM] BASIC LINE CROP TEE DAMA (Black - 999, M);BACCCDA43TM;DAMA;Negro;M;CERRO VERDE;1
2026;ABRIL;BASIC LINE CROP TEE DAMA;[BACCCDA43TXS] BASIC LINE CROP TEE DAMA (Black - 999, XS);BACCCDA43TXS;DAMA;Negro;XS;SAMBIL VALENCIA;1
2026;ABRIL;BASIC LINE PANT DAMA;[BAPCCDA43TM] BASIC LINE PANT DAMA (Black - 999, M);BAPCCDA43TM;DAMA;Negro;M;SAMBIL VALENCIA;1
2026;ABRIL;BASIC LINE PANT DAMA;[BAPCCDA43TM] BASIC LINE PANT DAMA (Black - 999, M);BAPCCDA43TM;DAMA;Negro;M;CERRO VERDE;1
2026;ABRIL;BASIC LINE CROP TEE DAMA;[BACCCDA38TL] BASIC LINE CROP TEE DAMA (Peanut - 749, L);BACCCDA38TL;DAMA;Peanut;L;WEB;1
2026;ABRIL;BASIC LINE CROP TEE DAMA;[BACCCDA158TM] BASIC LINE CROP TEE DAMA (Ivory - 005, M);BACCCDA158TM;DAMA;Ivory;M;SAMBIL CHACAO;1
2026;ABRIL;BASIC LINE PANT DAMA;[BAPCCDA43TS] BASIC LINE PANT DAMA (Black - 999, S);BAPCCDA43TS;DAMA;Negro;S;SAMBIL VALENCIA;1
2026;ABRIL;BASIC LINE OVERSIZED CAB;[BAOCCCA43T2XL] BASIC LINE OVERSIZED CAB (Black - 999, 2XL);BAOCCCA43T2XL;CAB;Negro;2XL;SAMBIL CHACAO;1
2026;ABRIL;BASIC LINE OVERSIZED CAB;[BAOCCCA43TXL] BASIC LINE OVERSIZED CAB (Black - 999, XL);BAOCCCA43TXL;CAB;Negro;XL;SAMBIL VALENCIA;1
2026;ABRIL;BASIC LINE CROP TEE DAMA;[BACCCDA158TS] BASIC LINE CROP TEE DAMA (Ivory - 005, S);BACCCDA158TS;DAMA;Ivory;S;CERRO VERDE;1
2026;ABRIL;BASIC LINE OVERSIZED CAB;[BAOCCCA158TM] BASIC LINE OVERSIZED CAB (Ivory - 005, M);BAOCCCA158TM;CAB;Ivory;M;GRIETA;1
2026;ABRIL;BASIC LINE SHORT DAMA;[BASCCDA38TS] BASIC LINE SHORT DAMA (Peanut - 749, S);BASCCDA38TS;DAMA;Peanut;S;GRIETA;1
2026;ABRIL;BASIC LINE PANT DAMA;[BAPCCDA43TS] BASIC LINE PANT DAMA (Black - 999, S);BAPCCDA43TS;DAMA;Negro;S;GRIETA;1
2026;ABRIL;BASIC LINE PANT DAMA;[BAPCCDA184TXL] BASIC LINE PANT DAMA (Peanut - 749, XL);BAPCCDA184TXL;DAMA;Peanut;XL;GRIETA;1
2026;ABRIL;BASIC LINE OVERSIZED CAB;[BAOCCCA158TL] BASIC LINE OVERSIZED CAB (Ivory - 005, L);BAOCCCA158TL;CAB;Ivory;L;GRIETA;1
2026;ABRIL;BASIC LINE PANT DAMA;[BAPCCDA184TS] BASIC LINE PANT DAMA (Peanut - 749, S);BAPCCDA184TS;DAMA;Peanut;S;SAMBIL VALENCIA;1
2026;ABRIL;BASIC LINE CROP TEE DAMA;[BACCCDA38TXS] BASIC LINE CROP TEE DAMA (Peanut - 749, XS);BACCCDA38TXS;DAMA;Peanut;XS;SAMBIL VALENCIA;1
2026;ABRIL;BASIC LINE SHORT DAMA;[BASCCDA38TS] BASIC LINE SHORT DAMA (Peanut - 749, S);BASCCDA38TS;DAMA;Peanut;S;SAMBIL VALENCIA;1
2026;ABRIL;BASIC LINE CROP TEE DAMA;[BACCCDA158TS] BASIC LINE CROP TEE DAMA (Ivory - 005, S);BACCCDA158TS;DAMA;Ivory;S;SAMBIL VALENCIA;1
2026;ABRIL;BASIC LINE CROP TEE DAMA;[BACCCDA158TL] BASIC LINE CROP TEE DAMA (Ivory - 005, L);BACCCDA158TL;DAMA;Ivory;L;SAMBIL VALENCIA;1
2026;ABRIL;BASIC LINE CROP TEE DAMA;[BACCCDA158TL] BASIC LINE CROP TEE DAMA (Ivory - 005, L);BACCCDA158TL;DAMA;Ivory;L;SAMBIL VALENCIA;-1
2026;ABRIL;BASIC LINE CROP TEE DAMA;[BACCCDA158TL] BASIC LINE CROP TEE DAMA (Ivory - 005, L);BACCCDA158TL;DAMA;Ivory;L;SAMBIL VALENCIA;1
2026;ABRIL;BASIC LINE OVERSIZED CAB;[BAOCCCA158T2XL] BASIC LINE OVERSIZED CAB (Ivory - 005, 2XL);BAOCCCA158T2XL;CAB;Ivory;2XL;CERRO VERDE;1
2026;ABRIL;BASIC LINE PANT DAMA;[BAPCCDA43TS] BASIC LINE PANT DAMA (Black - 999, S);BAPCCDA43TS;DAMA;Negro;S;CERRO VERDE;1
2026;ABRIL;BASIC LINE OVERSIZED CAB;[BAOCCCA43TM] BASIC LINE OVERSIZED CAB (Black - 999, M);BAOCCCA43TM;CAB;Negro;M;CERRO VERDE;1
2026;ABRIL;BASIC LINE CROP TEE DAMA;[BACCCDA158TXS] BASIC LINE CROP TEE DAMA (Ivory - 005, XS);BACCCDA158TXS;DAMA;Ivory;XS;SAMBIL VALENCIA;1
2026;ABRIL;BASIC LINE CROP TEE DAMA;[BACCCDA158TM] BASIC LINE CROP TEE DAMA (Ivory - 005, M);BACCCDA158TM;DAMA;Ivory;M;CERRO VERDE;1
2026;ABRIL;BASIC LINE OVERSIZED CAB;[BAOCCCA43TM] BASIC LINE OVERSIZED CAB (Black - 999, M);BAOCCCA43TM;CAB;Negro;M;SAMBIL CHACAO;1
2026;ABRIL;BASIC LINE CROP TEE DAMA;[BACCCDA158TS] BASIC LINE CROP TEE DAMA (Ivory - 005, S);BACCCDA158TS;DAMA;Ivory;S;SAMBIL CHACAO;1
2026;ABRIL;BASIC LINE CROP TEE DAMA;[BACCCDA38TM] BASIC LINE CROP TEE DAMA (Peanut - 749, M);BACCCDA38TM;DAMA;Peanut;M;SAMBIL CHACAO;1
2026;ABRIL;BASIC LINE CROP TEE DAMA;[BACCCDA43TS] BASIC LINE CROP TEE DAMA (Black - 999, S);BACCCDA43TS;DAMA;Negro;S;SAMBIL CHACAO;1
2026;ABRIL;BASIC LINE OVERSIZED CAB;[BAOCCCA38T2XL] BASIC LINE OVERSIZED CAB (Peanut - 749, 2XL);BAOCCCA38T2XL;CAB;Peanut;2XL;GRIETA;1
2026;ABRIL;BASIC LINE OVERSIZED CAB;[BAOCCCA158TXS] BASIC LINE OVERSIZED CAB (Ivory - 005, XS);BAOCCCA158TXS;CAB;Ivory;XS;CERRO VERDE;1
2026;ABRIL;BASIC LINE SHORT DAMA;[BASCCDA43TM] BASIC LINE SHORT DAMA (Black - 999, M);BASCCDA43TM;DAMA;Negro;M;SAMBIL CHACAO;1
2026;ABRIL;BASIC LINE SHORT DAMA;[BASCCDA38TM] BASIC LINE SHORT DAMA (Peanut - 749, M);BASCCDA38TM;DAMA;Peanut;M;SAMBIL CHACAO;1
2026;ABRIL;BASIC LINE CROP TEE DAMA;[BACCCDA38TM] BASIC LINE CROP TEE DAMA (Peanut - 749, M);BACCCDA38TM;DAMA;Peanut;M;WEB;1
2026;ABRIL;BASIC LINE OVERSIZED CAB;[BAOCCCA158TL] BASIC LINE OVERSIZED CAB (Ivory - 005, L);BAOCCCA158TL;CAB;Ivory;L;GRIETA;1
2026;ABRIL;BASIC LINE CROP TEE DAMA;[BACCCDA38TS] BASIC LINE CROP TEE DAMA (Peanut - 749, S);BACCCDA38TS;DAMA;Peanut;S;WEB;1
2026;ABRIL;BASIC LINE CROP TEE DAMA;[BACCCDA158TS] BASIC LINE CROP TEE DAMA (Ivory - 005, S);BACCCDA158TS;DAMA;Ivory;S;WEB;1
2026;ABRIL;BASIC LINE CROP TEE DAMA;[BACCCDA43TXS] BASIC LINE CROP TEE DAMA (Black - 999, XS);BACCCDA43TXS;DAMA;Negro;XS;SAMBIL VALENCIA;1
2026;ABRIL;BASIC LINE PANT DAMA;[BAPCCDA43TS] BASIC LINE PANT DAMA (Black - 999, S);BAPCCDA43TS;DAMA;Negro;S;SAMBIL VALENCIA;1
2026;ABRIL;BASIC LINE OVERSIZED CAB;[BAOCCCA38TXL] BASIC LINE OVERSIZED CAB (Peanut - 749, XL);BAOCCCA38TXL;CAB;Peanut;XL;SAMBIL VALENCIA;1
2026;ABRIL;BASIC LINE PANT DAMA;[BAPCCDA43TM] BASIC LINE PANT DAMA (Black - 999, M);BAPCCDA43TM;DAMA;Negro;M;GRIETA;1
2026;ABRIL;BASIC LINE OVERSIZED CAB;[BAOCCCA158T2XL] BASIC LINE OVERSIZED CAB (Ivory - 005, 2XL);BAOCCCA158T2XL;CAB;Ivory;2XL;SAMBIL VALENCIA;1
2026;ABRIL;BASIC LINE OVERSIZED CAB;[BAOCCCA38TL] BASIC LINE OVERSIZED CAB (Peanut - 749, L);BAOCCCA38TL;CAB;Peanut;L;SAMBIL VALENCIA;1
2026;ABRIL;BASIC LINE CROP TEE DAMA;[BACCCDA38TL] BASIC LINE CROP TEE DAMA (Peanut - 749, L);BACCCDA38TL;DAMA;Peanut;L;SAMBIL VALENCIA;1
2026;ABRIL;BASIC LINE CROP TEE DAMA;[BACCCDA38TXS] BASIC LINE CROP TEE DAMA (Peanut - 749, XS);BACCCDA38TXS;DAMA;Peanut;XS;SAMBIL VALENCIA;1
2026;ABRIL;BASIC LINE SHORT DAMA;[BASCCDA38TS] BASIC LINE SHORT DAMA (Peanut - 749, S);BASCCDA38TS;DAMA;Peanut;S;SAMBIL VALENCIA;1
2026;ABRIL;BASIC LINE OVERSIZED CAB;[BAOCCCA158TM] BASIC LINE OVERSIZED CAB (Ivory - 005, M);BAOCCCA158TM;CAB;Ivory;M;GRIETA;1
2026;ABRIL;BASIC LINE PANT DAMA;[BAPCCDA184TS] BASIC LINE PANT DAMA (Peanut - 749, S);BAPCCDA184TS;DAMA;Peanut;S;WEB;1
2026;ABRIL;BASIC LINE OVERSIZED CAB;[BAOCCCA38TL] BASIC LINE OVERSIZED CAB (Peanut - 749, L);BAOCCCA38TL;CAB;Peanut;L;SAMBIL VALENCIA;1
2026;ABRIL;BASIC LINE OVERSIZED CAB;[BAOCCCA43TM] BASIC LINE OVERSIZED CAB (Black - 999, M);BAOCCCA43TM;CAB;Negro;M;CERRO VERDE;1
2026;ABRIL;BASIC LINE CROP TEE DAMA;[BACCCDA38TXS] BASIC LINE CROP TEE DAMA (Peanut - 749, XS);BACCCDA38TXS;DAMA;Peanut;XS;SAMBIL CHACAO;1
2026;ABRIL;BASIC LINE PANT DAMA;[BAPCCDA184TXS] BASIC LINE PANT DAMA (Peanut - 749, XS);BAPCCDA184TXS;DAMA;Peanut;XS;SAMBIL CHACAO;1
2026;ABRIL;BASIC LINE OVERSIZED CAB;[BAOCCCA158TXL] BASIC LINE OVERSIZED CAB (Ivory - 005, XL);BAOCCCA158TXL;CAB;Ivory;XL;SAMBIL CHACAO;1
2026;ABRIL;BASIC LINE OVERSIZED CAB;[BAOCCCA38TXL] BASIC LINE OVERSIZED CAB (Peanut - 749, XL);BAOCCCA38TXL;CAB;Peanut;XL;SAMBIL CHACAO;1
2026;ABRIL;BASIC LINE OVERSIZED CAB;[BAOCCCA43TXL] BASIC LINE OVERSIZED CAB (Black - 999, XL);BAOCCCA43TXL;CAB;Negro;XL;SAMBIL CHACAO;1
2026;ABRIL;BASIC LINE OVERSIZED CAB;[BAOCCCA43T2XL] BASIC LINE OVERSIZED CAB (Black - 999, 2XL);BAOCCCA43T2XL;CAB;Negro;2XL;CERRO VERDE;1
2026;ABRIL;BASIC LINE OVERSIZED CAB;[BAOCCCA158TM] BASIC LINE OVERSIZED CAB (Ivory - 005, M);BAOCCCA158TM;CAB;Ivory;M;SAMBIL CHACAO;1
2026;ABRIL;BASIC LINE CROP TEE DAMA;[BACCCDA38TXL] BASIC LINE CROP TEE DAMA (Peanut - 749, XL);BACCCDA38TXL;DAMA;Peanut;XL;CERRO VERDE;1
2026;ABRIL;BASIC LINE PANT DAMA;[BAPCCDA184TXL] BASIC LINE PANT DAMA (Peanut - 749, XL);BAPCCDA184TXL;DAMA;Peanut;XL;GRIETA;1
2026;ABRIL;BASIC LINE CROP TEE DAMA;[BACCCDA43TS] BASIC LINE CROP TEE DAMA (Black - 999, S);BACCCDA43TS;DAMA;Negro;S;WEB;1
2026;ABRIL;BASIC LINE PANT DAMA;[BAPCCDA184TM] BASIC LINE PANT DAMA (Peanut - 749, M);BAPCCDA184TM;DAMA;Peanut;M;GRAND PLAZ;1
2026;ABRIL;BASIC LINE CROP TEE DAMA;[BACCCDA38TL] BASIC LINE CROP TEE DAMA (Peanut - 749, L);BACCCDA38TL;DAMA;Peanut;L;CERRO VERDE;1
2026;ABRIL;BASIC LINE CROP TEE DAMA;[BACCCDA43TL] BASIC LINE CROP TEE DAMA (Black - 999, L);BACCCDA43TL;DAMA;Negro;L;CERRO VERDE;1
2026;ABRIL;BASIC LINE SHORT DAMA;[BASCCDA38TXL] BASIC LINE SHORT DAMA (Peanut - 749, XL);BASCCDA38TXL;DAMA;Peanut;XL;CERRO VERDE;1
2026;ABRIL;BASIC LINE SHORT DAMA;[BASCCDA43TXL] BASIC LINE SHORT DAMA (Black - 999, XL);BASCCDA43TXL;DAMA;Negro;XL;CERRO VERDE;1
2026;ABRIL;BASIC LINE OVERSIZED CAB;[BAOCCCA43TM] BASIC LINE OVERSIZED CAB (Black - 999, M);BAOCCCA43TM;CAB;Negro;M;SAMBIL VALENCIA;1
2026;ABRIL;BASIC LINE CROP TEE DAMA;[BACCCDA158TS] BASIC LINE CROP TEE DAMA (Ivory - 005, S);BACCCDA158TS;DAMA;Ivory;S;WEB;1
2026;ABRIL;BASIC LINE PANT DAMA;[BAPCCDA184TXL] BASIC LINE PANT DAMA (Peanut - 749, XL);BAPCCDA184TXL;DAMA;Peanut;XL;GRIETA;1
2026;ABRIL;BASIC LINE PANT DAMA;[BAPCCDA43TS] BASIC LINE PANT DAMA (Black - 999, S);BAPCCDA43TS;DAMA;Negro;S;WEB;1
2026;ABRIL;BASIC LINE OVERSIZED CAB;[BAOCCCA158TL] BASIC LINE OVERSIZED CAB (Ivory - 005, L);BAOCCCA158TL;CAB;Ivory;L;CERRO VERDE;1
2026;ABRIL;BASIC LINE OVERSIZED CAB;[BAOCCCA158TXL] BASIC LINE OVERSIZED CAB (Ivory - 005, XL);BAOCCCA158TXL;CAB;Ivory;XL;GRAND PLAZ;1
2026;ABRIL;BASIC LINE CROP TEE DAMA;[BACCCDA158TM] BASIC LINE CROP TEE DAMA (Ivory - 005, M);BACCCDA158TM;DAMA;Ivory;M;TOLON;1
2026;ABRIL;BASIC LINE CROP TEE DAMA;[BACCCDA158TM] BASIC LINE CROP TEE DAMA (Ivory - 005, M);BACCCDA158TM;DAMA;Ivory;M;GRIETA;1
2026;ABRIL;BASIC LINE CROP TEE DAMA;[BACCCDA158TXS] BASIC LINE CROP TEE DAMA (Ivory - 005, XS);BACCCDA158TXS;DAMA;Ivory;XS;TOLON;1
2026;ABRIL;BASIC LINE CROP TEE DAMA;[BACCCDA43TS] BASIC LINE CROP TEE DAMA (Black - 999, S);BACCCDA43TS;DAMA;Negro;S;SAMBIL VALENCIA;1
2026;ABRIL;BASIC LINE OVERSIZED CAB;[BAOCCCA43TS] BASIC LINE OVERSIZED CAB (Black - 999, S);BAOCCCA43TS;CAB;Negro;S;SAMBIL VALENCIA;1
2026;ABRIL;BASIC LINE PANT DAMA;[BAPCCDA43TS] BASIC LINE PANT DAMA (Black - 999, S);BAPCCDA43TS;DAMA;Negro;S;SAMBIL VALENCIA;1
2026;ABRIL;BASIC LINE SHORT DAMA;[BASCCDA43TXL] BASIC LINE SHORT DAMA (Black - 999, XL);BASCCDA43TXL;DAMA;Negro;XL;CERRO VERDE;1
2026;ABRIL;BASIC LINE OVERSIZED CAB;[BAOCCCA158TM] BASIC LINE OVERSIZED CAB (Ivory - 005, M);BAOCCCA158TM;CAB;Ivory;M;CERRO VERDE;1
2026;ABRIL;BASIC LINE OVERSIZED CAB;[BAOCCCA38TM] BASIC LINE OVERSIZED CAB (Peanut - 749, M);BAOCCCA38TM;CAB;Peanut;M;CERRO VERDE;1
2026;ABRIL;BASIC LINE CROP TEE DAMA;[BACCCDA158TS] BASIC LINE CROP TEE DAMA (Ivory - 005, S);BACCCDA158TS;DAMA;Ivory;S;CERRO VERDE;1
2026;ABRIL;BASIC LINE PANT DAMA;[BAPCCDA184TM] BASIC LINE PANT DAMA (Peanut - 749, M);BAPCCDA184TM;DAMA;Peanut;M;CERRO VERDE;1
2026;ABRIL;BASIC LINE OVERSIZED CAB;[BAOCCCA158T2XL] BASIC LINE OVERSIZED CAB (Ivory - 005, 2XL);BAOCCCA158T2XL;CAB;Ivory;2XL;CERRO VERDE;1
2026;ABRIL;BASIC LINE CROP TEE DAMA;[BACCCDA158TM] BASIC LINE CROP TEE DAMA (Ivory - 005, M);BACCCDA158TM;DAMA;Ivory;M;PEDIDOS;1
2026;ABRIL;BASIC LINE CROP TEE DAMA;[BACCCDA158TM] BASIC LINE CROP TEE DAMA (Ivory - 005, M);BACCCDA158TM;DAMA;Ivory;M;GRIETA;1
2026;ABRIL;BASIC LINE CROP TEE DAMA;[BACCCDA158TXS] BASIC LINE CROP TEE DAMA (Ivory - 005, XS);BACCCDA158TXS;DAMA;Ivory;XS;GRAND PLAZ;1
2026;ABRIL;BASIC LINE OVERSIZED CAB;[BAOCCCA38TXS] BASIC LINE OVERSIZED CAB (Peanut - 749, XS);BAOCCCA38TXS;CAB;Peanut;XS;SAMBIL CHACAO;1
2026;ABRIL;BASIC LINE PANT DAMA;[BAPCCDA43TM] BASIC LINE PANT DAMA (Black - 999, M);BAPCCDA43TM;DAMA;Negro;M;SAMBIL CHACAO;1
2026;MAYO;BASIC LINE OVERSIZED CAB;[BAOCCCA158TL] BASIC LINE OVERSIZED CAB (Ivory - 005, L);BAOCCCA158TL;CAB;Ivory;L;TOLON;1
2026;MAYO;BASIC LINE CROP TEE DAMA;[BACCCDA158TM] BASIC LINE CROP TEE DAMA (Ivory - 005, M);BACCCDA158TM;DAMA;Ivory;M;TOLON;1
2026;MAYO;BASIC LINE CROP TEE DAMA;[BACCCDA158TXS] BASIC LINE CROP TEE DAMA (Ivory - 005, XS);BACCCDA158TXS;DAMA;Ivory;XS;GRIETA;1
2026;MAYO;BASIC LINE PANT DAMA;[BAPCCDA184TXS] BASIC LINE PANT DAMA (Peanut - 749, XS);BAPCCDA184TXS;DAMA;Peanut;XS;SAMBIL CHACAO;1
2026;MAYO;BASIC LINE CROP TEE DAMA;[BACCCDA38TXS] BASIC LINE CROP TEE DAMA (Peanut - 749, XS);BACCCDA38TXS;DAMA;Peanut;XS;SAMBIL CHACAO;1
2026;MAYO;BASIC LINE CROP TEE DAMA;[BACCCDA158TXL] BASIC LINE CROP TEE DAMA (Ivory - 005, XL);BACCCDA158TXL;DAMA;Ivory;XL;GRIETA;1
2026;MAYO;BASIC LINE OVERSIZED CAB;[BAOCCCA158TL] BASIC LINE OVERSIZED CAB (Ivory - 005, L);BAOCCCA158TL;CAB;Ivory;L;CERRO VERDE;1
2026;MAYO;BASIC LINE CROP TEE DAMA;[BACCCDA43TS] BASIC LINE CROP TEE DAMA (Black - 999, S);BACCCDA43TS;DAMA;Negro;S;CERRO VERDE;1
2026;MAYO;BASIC LINE PANT DAMA;[BAPCCDA43TM] BASIC LINE PANT DAMA (Black - 999, M);BAPCCDA43TM;DAMA;Negro;M;CERRO VERDE;1
2026;MAYO;BASIC LINE CROP TEE DAMA;[BACCCDA158TS] BASIC LINE CROP TEE DAMA (Ivory - 005, S);BACCCDA158TS;DAMA;Ivory;S;GRIETA;1
2026;MAYO;BASIC LINE CROP TEE DAMA;[BACCCDA158TM] BASIC LINE CROP TEE DAMA (Ivory - 005, M);BACCCDA158TM;DAMA;Ivory;M;TOLON;1
2026;MAYO;BASIC LINE OVERSIZED CAB;[BAOCCCA158TS] BASIC LINE OVERSIZED CAB (Ivory - 005, S);BAOCCCA158TS;CAB;Ivory;S;GRIETA;1
2026;MAYO;BASIC LINE OVERSIZED CAB;[BAOCCCA38TS] BASIC LINE OVERSIZED CAB (Peanut - 749, S);BAOCCCA38TS;CAB;Peanut;S;GRIETA;1
2026;MAYO;BASIC LINE CROP TEE DAMA;[BACCCDA38TXS] BASIC LINE CROP TEE DAMA (Peanut - 749, XS);BACCCDA38TXS;DAMA;Peanut;XS;GRIETA;1
2026;MAYO;BASIC LINE OVERSIZED CAB;[BAOCCCA158TM] BASIC LINE OVERSIZED CAB (Ivory - 005, M);BAOCCCA158TM;CAB;Ivory;M;SAMBIL VALENCIA;1
2026;MAYO;BASIC LINE OVERSIZED CAB;[BAOCCCA38TL] BASIC LINE OVERSIZED CAB (Peanut - 749, L);BAOCCCA38TL;CAB;Peanut;L;GRIETA;1
2026;MAYO;BASIC LINE OVERSIZED CAB;[BAOCCCA158TL] BASIC LINE OVERSIZED CAB (Ivory - 005, L);BAOCCCA158TL;CAB;Ivory;L;CERRO VERDE;1
2026;MAYO;BASIC LINE PANT DAMA;[BAPCCDA43TL] BASIC LINE PANT DAMA (Black - 999, L);BAPCCDA43TL;DAMA;Negro;L;CERRO VERDE;1
2026;MAYO;BASIC LINE CROP TEE DAMA;[BACCCDA43TM] BASIC LINE CROP TEE DAMA (Black - 999, M);BACCCDA43TM;DAMA;Negro;M;SAMBIL CHACAO;1
2026;MAYO;BASIC LINE PANT DAMA;[BAPCCDA43TL] BASIC LINE PANT DAMA (Black - 999, L);BAPCCDA43TL;DAMA;Negro;L;SAMBIL CHACAO;1
2026;MAYO;BASIC LINE OVERSIZED CAB;[BAOCCCA43TXL] BASIC LINE OVERSIZED CAB (Black - 999, XL);BAOCCCA43TXL;CAB;Negro;XL;CERRO VERDE;1
2026;MAYO;BASIC LINE CROP TEE DAMA;[BACCCDA38TL] BASIC LINE CROP TEE DAMA (Peanut - 749, L);BACCCDA38TL;DAMA;Peanut;L;GRAND PLAZ;1
2026;MAYO;BASIC LINE PANT DAMA;[BAPCCDA43TM] BASIC LINE PANT DAMA (Black - 999, M);BAPCCDA43TM;DAMA;Negro;M;GRAND PLAZ;1
2026;MAYO;BASIC LINE OVERSIZED CAB;[BAOCCCA158TM] BASIC LINE OVERSIZED CAB (Ivory - 005, M);BAOCCCA158TM;CAB;Ivory;M;SAMBIL CHACAO;1
2026;MAYO;BASIC LINE CROP TEE DAMA;[BACCCDA158TS] BASIC LINE CROP TEE DAMA (Ivory - 005, S);BACCCDA158TS;DAMA;Ivory;S;SAMBIL VALENCIA;1
2026;MAYO;BASIC LINE CROP TEE DAMA;[BACCCDA158TS] BASIC LINE CROP TEE DAMA (Ivory - 005, S);BACCCDA158TS;DAMA;Ivory;S;SAMBIL VALENCIA;1
2026;MAYO;BASIC LINE CROP TEE DAMA;[BACCCDA158TS] BASIC LINE CROP TEE DAMA (Ivory - 005, S);BACCCDA158TS;DAMA;Ivory;S;SAMBIL VALENCIA;-1
2026;MAYO;BASIC LINE OVERSIZED CAB;[BAOCCCA158TL] BASIC LINE OVERSIZED CAB (Ivory - 005, L);BAOCCCA158TL;CAB;Ivory;L;CERRO VERDE;1
2026;MAYO;BASIC LINE CROP TEE DAMA;[BACCCDA158TS] BASIC LINE CROP TEE DAMA (Ivory - 005, S);BACCCDA158TS;DAMA;Ivory;S;CERRO VERDE;1
2026;MAYO;BASIC LINE CROP TEE DAMA;[BACCCDA158TXS] BASIC LINE CROP TEE DAMA (Ivory - 005, XS);BACCCDA158TXS;DAMA;Ivory;XS;GRIETA;1
2026;MAYO;BASIC LINE OVERSIZED CAB;[BAOCCCA158TS] BASIC LINE OVERSIZED CAB (Ivory - 005, S);BAOCCCA158TS;CAB;Ivory;S;SAMBIL CHACAO;1
2026;MAYO;BASIC LINE CROP TEE DAMA;[BACCCDA43TM] BASIC LINE CROP TEE DAMA (Black - 999, M);BACCCDA43TM;DAMA;Negro;M;SAMBIL VALENCIA;1
2026;MAYO;BASIC LINE PANT DAMA;[BAPCCDA43TXL] BASIC LINE PANT DAMA (Black - 999, XL);BAPCCDA43TXL;DAMA;Negro;XL;SAMBIL VALENCIA;1
2026;MAYO;BASIC LINE CROP TEE DAMA;[BACCCDA43TM] BASIC LINE CROP TEE DAMA (Black - 999, M);BACCCDA43TM;DAMA;Negro;M;GRIETA;1
2026;MAYO;BASIC LINE CROP TEE DAMA;[BACCCDA158TM] BASIC LINE CROP TEE DAMA (Ivory - 005, M);BACCCDA158TM;DAMA;Ivory;M;CERRO VERDE;1
2026;MAYO;BASIC LINE PANT DAMA;[BAPCCDA43TM] BASIC LINE PANT DAMA (Black - 999, M);BAPCCDA43TM;DAMA;Negro;M;GRIETA;1
2026;MAYO;BASIC LINE CROP TEE DAMA;[BACCCDA43TXS] BASIC LINE CROP TEE DAMA (Black - 999, XS);BACCCDA43TXS;DAMA;Negro;XS;SAMBIL VALENCIA;1
2026;MAYO;BASIC LINE CROP TEE DAMA;[BACCCDA38TXS] BASIC LINE CROP TEE DAMA (Peanut - 749, XS);BACCCDA38TXS;DAMA;Peanut;XS;SAMBIL VALENCIA;1
2026;MAYO;BASIC LINE PANT DAMA;[BAPCCDA184TL] BASIC LINE PANT DAMA (Peanut - 749, L);BAPCCDA184TL;DAMA;Peanut;L;CERRO VERDE;1
2026;MAYO;BASIC LINE CROP TEE DAMA;[BACCCDA158TXL] BASIC LINE CROP TEE DAMA (Ivory - 005, XL);BACCCDA158TXL;DAMA;Ivory;XL;CERRO VERDE;1
2026;MAYO;BASIC LINE OVERSIZED CAB;[BAOCCCA158TL] BASIC LINE OVERSIZED CAB (Ivory - 005, L);BAOCCCA158TL;CAB;Ivory;L;CERRO VERDE;1
2026;MAYO;BASIC LINE CROP TEE DAMA;[BACCCDA158TXS] BASIC LINE CROP TEE DAMA (Ivory - 005, XS);BACCCDA158TXS;DAMA;Ivory;XS;CERRO VERDE;1
2026;MAYO;BASIC LINE PANT DAMA;[BAPCCDA43TS] BASIC LINE PANT DAMA (Black - 999, S);BAPCCDA43TS;DAMA;Negro;S;CERRO VERDE;1
2026;MAYO;BASIC LINE SHORT DAMA;[BASCCDA38TL] BASIC LINE SHORT DAMA (Peanut - 749, L);BASCCDA38TL;DAMA;Peanut;L;GRIETA;1
2026;MAYO;BASIC LINE SHORT DAMA;[BASCCDA43TL] BASIC LINE SHORT DAMA (Black - 999, L);BASCCDA43TL;DAMA;Negro;L;GRIETA;1
2026;MAYO;BASIC LINE PANT DAMA;[BAPCCDA43TL] BASIC LINE PANT DAMA (Black - 999, L);BAPCCDA43TL;DAMA;Negro;L;GRIETA;1
2026;MAYO;BASIC LINE PANT DAMA;[BAPCCDA184TL] BASIC LINE PANT DAMA (Peanut - 749, L);BAPCCDA184TL;DAMA;Peanut;L;GRIETA;1
2026;MAYO;BASIC LINE PANT DAMA;[BAPCCDA43TXL] BASIC LINE PANT DAMA (Black - 999, XL);BAPCCDA43TXL;DAMA;Negro;XL;GRIETA;1
2026;MAYO;BASIC LINE OVERSIZED CAB;[BAOCCCA38TS] BASIC LINE OVERSIZED CAB (Peanut - 749, S);BAOCCCA38TS;CAB;Peanut;S;CERRO VERDE;1
2026;MAYO;BASIC LINE CROP TEE DAMA;[BACCCDA43TXS] BASIC LINE CROP TEE DAMA (Black - 999, XS);BACCCDA43TXS;DAMA;Negro;XS;WEB;1
2026;MAYO;BASIC LINE CROP TEE DAMA;[BACCCDA43TXS] BASIC LINE CROP TEE DAMA (Black - 999, XS);BACCCDA43TXS;DAMA;Negro;XS;SAMBIL VALENCIA;1
2026;MAYO;BASIC LINE CROP TEE DAMA;[BACCCDA158TM] BASIC LINE CROP TEE DAMA (Ivory - 005, M);BACCCDA158TM;DAMA;Ivory;M;WEB;1
2026;MAYO;BASIC LINE CROP TEE DAMA;[BACCCDA38TL] BASIC LINE CROP TEE DAMA (Peanut - 749, L);BACCCDA38TL;DAMA;Peanut;L;SAMBIL VALENCIA;1
2026;MAYO;BASIC LINE PANT DAMA;[BAPCCDA184TXL] BASIC LINE PANT DAMA (Peanut - 749, XL);BAPCCDA184TXL;DAMA;Peanut;XL;SAMBIL VALENCIA;1
2026;MAYO;BASIC LINE CROP TEE DAMA;[BACCCDA158TM] BASIC LINE CROP TEE DAMA (Ivory - 005, M);BACCCDA158TM;DAMA;Ivory;M;SAMBIL VALENCIA;1
2026;MAYO;BASIC LINE CROP TEE DAMA;[BACCCDA38TXS] BASIC LINE CROP TEE DAMA (Peanut - 749, XS);BACCCDA38TXS;DAMA;Peanut;XS;GRIETA;1
2026;MAYO;BASIC LINE SHORT DAMA;[BASCCDA38TXL] BASIC LINE SHORT DAMA (Peanut - 749, XL);BASCCDA38TXL;DAMA;Peanut;XL;CERRO VERDE;1
2026;MAYO;BASIC LINE OVERSIZED CAB;[BAOCCCA38TS] BASIC LINE OVERSIZED CAB (Peanut - 749, S);BAOCCCA38TS;CAB;Peanut;S;CERRO VERDE;1
2026;MAYO;BASIC LINE PANT DAMA;[BAPCCDA43TM] BASIC LINE PANT DAMA (Black - 999, M);BAPCCDA43TM;DAMA;Negro;M;GRIETA;1
2026;MAYO;BASIC LINE OVERSIZED CAB;[BAOCCCA158TXL] BASIC LINE OVERSIZED CAB (Ivory - 005, XL);BAOCCCA158TXL;CAB;Ivory;XL;SAMBIL CHACAO;1
2026;MAYO;BASIC LINE CROP TEE DAMA;[BACCCDA12TL] BASIC LINE CROP TEE DAMA (Azul Marino - T11362-575, L);BACCCDA12TL;DAMA;Azul Marino;L;CERRO VERDE;1
2026;MAYO;BASIC LINE CROP TEE DAMA;[BACCCDA158TM] BASIC LINE CROP TEE DAMA (Ivory - 005, M);BACCCDA158TM;DAMA;Ivory;M;CERRO VERDE;1
2026;MAYO;BASIC LINE CROP TEE DAMA;[BACCCDA158TM] BASIC LINE CROP TEE DAMA (Ivory - 005, M);BACCCDA158TM;DAMA;Ivory;M;CERRO VERDE;1
2026;MAYO;BASIC LINE OVERSIZED CAB;[BAOCCCA43TS] BASIC LINE OVERSIZED CAB (Black - 999, S);BAOCCCA43TS;CAB;Negro;S;SAMBIL VALENCIA;1
2026;MAYO;BASIC LINE OVERSIZED CAB;[BAOCCCA38TXS] BASIC LINE OVERSIZED CAB (Peanut - 749, XS);BAOCCCA38TXS;CAB;Peanut;XS;SAMBIL VALENCIA;1
2026;MAYO;BASIC LINE OVERSIZED CAB;[BAOCCCA43TXS] BASIC LINE OVERSIZED CAB (Black - 999, XS);BAOCCCA43TXS;CAB;Negro;XS;SAMBIL VALENCIA;1
2026;MAYO;BASIC LINE OVERSIZED CAB;[BAOCCCA38TS] BASIC LINE OVERSIZED CAB (Peanut - 749, S);BAOCCCA38TS;CAB;Peanut;S;SAMBIL VALENCIA;1
2026;MAYO;BASIC LINE OVERSIZED CAB;[BAOCCCA158TL] BASIC LINE OVERSIZED CAB (Ivory - 005, L);BAOCCCA158TL;CAB;Ivory;L;SAMBIL VALENCIA;1
2026;MAYO;BASIC LINE OVERSIZED CAB;[BAOCCCA158TS] BASIC LINE OVERSIZED CAB (Ivory - 005, S);BAOCCCA158TS;CAB;Ivory;S;SAMBIL VALENCIA;2
2026;MAYO;BASIC LINE CROP TEE DAMA;[BACCCDA38TXS] BASIC LINE CROP TEE DAMA (Peanut - 749, XS);BACCCDA38TXS;DAMA;Peanut;XS;CERRO VERDE;1
2026;MAYO;BASIC LINE OVERSIZED CAB;[BAOCCCA158TXL] BASIC LINE OVERSIZED CAB (Ivory - 005, XL);BAOCCCA158TXL;CAB;Ivory;XL;CERRO VERDE;1
2026;MAYO;BASIC LINE OVERSIZED CAB;[BAOCCCA38TXL] BASIC LINE OVERSIZED CAB (Peanut - 749, XL);BAOCCCA38TXL;CAB;Peanut;XL;CERRO VERDE;1
2026;MAYO;BASIC LINE CROP TEE DAMA;[BACCCDA158TM] BASIC LINE CROP TEE DAMA (Ivory - 005, M);BACCCDA158TM;DAMA;Ivory;M;GRIETA;1
2026;MAYO;BASIC LINE PANT DAMA;[BAPCCDA184TL] BASIC LINE PANT DAMA (Peanut - 749, L);BAPCCDA184TL;DAMA;Peanut;L;SAMBIL CHACAO;1
2026;MAYO;BASIC LINE CROP TEE DAMA;[BACCCDA43TM] BASIC LINE CROP TEE DAMA (Black - 999, M);BACCCDA43TM;DAMA;Negro;M;CERRO VERDE;1
2026;MAYO;BASIC LINE PANT DAMA;[BAPCCDA43TM] BASIC LINE PANT DAMA (Black - 999, M);BAPCCDA43TM;DAMA;Negro;M;CERRO VERDE;1
2026;MAYO;BASIC LINE PANT DAMA;[BAPCCDA184TL] BASIC LINE PANT DAMA (Peanut - 749, L);BAPCCDA184TL;DAMA;Peanut;L;SAMBIL CHACAO;-1
2026;MAYO;BASIC LINE PANT DAMA;[BAPCCDA184TL] BASIC LINE PANT DAMA (Peanut - 749, L);BAPCCDA184TL;DAMA;Peanut;L;SAMBIL CHACAO;1
2026;MAYO;BASIC LINE CROP TEE DAMA;[BACCCDA43TXS] BASIC LINE CROP TEE DAMA (Black - 999, XS);BACCCDA43TXS;DAMA;Negro;XS;GRIETA;1
2026;MAYO;BASIC LINE SHORT DAMA;[BASCCDA38TXS] BASIC LINE SHORT DAMA (Peanut - 749, XS);BASCCDA38TXS;DAMA;Peanut;XS;SAMBIL VALENCIA;1
2026;MAYO;BASIC LINE CROP TEE DAMA;[BACCCDA38TXS] BASIC LINE CROP TEE DAMA (Peanut - 749, XS);BACCCDA38TXS;DAMA;Peanut;XS;SAMBIL VALENCIA;1
2026;MAYO;BASIC LINE OVERSIZED CAB;[BAOCCCA43TXL] BASIC LINE OVERSIZED CAB (Black - 999, XL);BAOCCCA43TXL;CAB;Negro;XL;GRIETA;1
2026;MAYO;BASIC LINE OVERSIZED CAB;[BAOCCCA43TM] BASIC LINE OVERSIZED CAB (Black - 999, M);BAOCCCA43TM;CAB;Negro;M;CERRO VERDE;1
2026;MAYO;BASIC LINE OVERSIZED CAB;[BAOCCCA158TM] BASIC LINE OVERSIZED CAB (Ivory - 005, M);BAOCCCA158TM;CAB;Ivory;M;CERRO VERDE;1
2026;MAYO;BASIC LINE CROP TEE DAMA;[BACCCDA158TM] BASIC LINE CROP TEE DAMA (Ivory - 005, M);BACCCDA158TM;DAMA;Ivory;M;GRIETA;1
2026;MAYO;BASIC LINE OVERSIZED CAB;[BAOCCCA38T2XL] BASIC LINE OVERSIZED CAB (Peanut - 749, 2XL);BAOCCCA38T2XL;CAB;Peanut;2XL;TOLON;1
2026;MAYO;BASIC LINE OVERSIZED CAB;[BAOCCCA158T2XL] BASIC LINE OVERSIZED CAB (Ivory - 005, 2XL);BAOCCCA158T2XL;CAB;Ivory;2XL;TOLON;1
2026;MAYO;BASIC LINE CROP TEE DAMA;[BACCCDA158TXS] BASIC LINE CROP TEE DAMA (Ivory - 005, XS);BACCCDA158TXS;DAMA;Ivory;XS;SAMBIL CHACAO;1
2026;MAYO;BASIC LINE OVERSIZED CAB;[BAOCCCA158TL] BASIC LINE OVERSIZED CAB (Ivory - 005, L);BAOCCCA158TL;CAB;Ivory;L;SAMBIL CHACAO;1
2026;MAYO;BASIC LINE OVERSIZED CAB;[BAOCCCA38TM] BASIC LINE OVERSIZED CAB (Peanut - 749, M);BAOCCCA38TM;CAB;Peanut;M;SAMBIL CHACAO;1
2026;MAYO;BASIC LINE OVERSIZED CAB;[BAOCCCA43TM] BASIC LINE OVERSIZED CAB (Black - 999, M);BAOCCCA43TM;CAB;Negro;M;SAMBIL CHACAO;1
2026;MAYO;BASIC LINE CROP TEE DAMA;[BACCCDA158TXL] BASIC LINE CROP TEE DAMA (Ivory - 005, XL);BACCCDA158TXL;DAMA;Ivory;XL;SAMBIL CHACAO;1
2026;MAYO;BASIC LINE OVERSIZED CAB;[BAOCCCA158TXL] BASIC LINE OVERSIZED CAB (Ivory - 005, XL);BAOCCCA158TXL;CAB;Ivory;XL;SAMBIL CHACAO;1
2026;MAYO;BASIC LINE OVERSIZED CAB;[BAOCCCA158TXL] BASIC LINE OVERSIZED CAB (Ivory - 005, XL);BAOCCCA158TXL;CAB;Ivory;XL;GRIETA;1
2026;MAYO;BASIC LINE CROP TEE DAMA;[BACCCDA43TS] BASIC LINE CROP TEE DAMA (Black - 999, S);BACCCDA43TS;DAMA;Negro;S;CORPORATIVO;1
2026;MAYO;BASIC LINE OVERSIZED CAB;[BAOCCCA43TS] BASIC LINE OVERSIZED CAB (Black - 999, S);BAOCCCA43TS;CAB;Negro;S;TOLON;1
2026;MAYO;BASIC LINE OVERSIZED CAB;[BAOCCCA158TS] BASIC LINE OVERSIZED CAB (Ivory - 005, S);BAOCCCA158TS;CAB;Ivory;S;TOLON;1
2026;MAYO;BASIC LINE OVERSIZED CAB;[BAOCCCA158TXL] BASIC LINE OVERSIZED CAB (Ivory - 005, XL);BAOCCCA158TXL;CAB;Ivory;XL;GRIETA;1
2026;MAYO;BASIC LINE OVERSIZED CAB;[BAOCCCA158TXL] BASIC LINE OVERSIZED CAB (Ivory - 005, XL);BAOCCCA158TXL;CAB;Ivory;XL;GRIETA;-1
2026;MAYO;BASIC LINE OVERSIZED CAB;[BAOCCCA158TXL] BASIC LINE OVERSIZED CAB (Ivory - 005, XL);BAOCCCA158TXL;CAB;Ivory;XL;GRIETA;1
2026;MAYO;BASIC LINE OVERSIZED CAB;[BAOCCCA38TM] BASIC LINE OVERSIZED CAB (Peanut - 749, M);BAOCCCA38TM;CAB;Peanut;M;GRIETA;1
2026;MAYO;BASIC LINE CROP TEE DAMA;[BACCCDA158TS] BASIC LINE CROP TEE DAMA (Ivory - 005, S);BACCCDA158TS;DAMA;Ivory;S;SAMBIL CHACAO;1
2026;MAYO;BASIC LINE CROP TEE DAMA;[BACCCDA158TXS] BASIC LINE CROP TEE DAMA (Ivory - 005, XS);BACCCDA158TXS;DAMA;Ivory;XS;CERRO VERDE;1
2026;MAYO;BASIC LINE CROP TEE DAMA;[BACCCDA158TM] BASIC LINE CROP TEE DAMA (Ivory - 005, M);BACCCDA158TM;DAMA;Ivory;M;SAMBIL CHACAO;1
2026;MAYO;BASIC LINE PANT DAMA;[BAPCCDA184TM] BASIC LINE PANT DAMA (Peanut - 749, M);BAPCCDA184TM;DAMA;Peanut;M;SAMBIL CHACAO;1
2026;MAYO;BASIC LINE OVERSIZED CAB;[BAOCCCA38TXS] BASIC LINE OVERSIZED CAB (Peanut - 749, XS);BAOCCCA38TXS;CAB;Peanut;XS;CERRO VERDE;1
2026;MAYO;BASIC LINE SHORT DAMA;[BASCCDA38TXS] BASIC LINE SHORT DAMA (Peanut - 749, XS);BASCCDA38TXS;DAMA;Peanut;XS;CERRO VERDE;1
2026;MAYO;BASIC LINE OVERSIZED CAB;[BAOCCCA158TL] BASIC LINE OVERSIZED CAB (Ivory - 005, L);BAOCCCA158TL;CAB;Ivory;L;SAMBIL VALENCIA;1
2026;MAYO;BASIC LINE CROP TEE DAMA;[BACCCDA158TM] BASIC LINE CROP TEE DAMA (Ivory - 005, M);BACCCDA158TM;DAMA;Ivory;M;GRIETA;1
2026;MAYO;BASIC LINE CROP TEE DAMA;[BACCCDA158TM] BASIC LINE CROP TEE DAMA (Ivory - 005, M);BACCCDA158TM;DAMA;Ivory;M;GRIETA;1
2026;MAYO;BASIC LINE CROP TEE DAMA;[BACCCDA158TXL] BASIC LINE CROP TEE DAMA (Ivory - 005, XL);BACCCDA158TXL;DAMA;Ivory;XL;GRIETA;1
2026;MAYO;BASIC LINE OVERSIZED CAB;[BAOCCCA38T2XL] BASIC LINE OVERSIZED CAB (Peanut - 749, 2XL);BAOCCCA38T2XL;CAB;Peanut;2XL;SAMBIL VALENCIA;1
2026;MAYO;BASIC LINE CROP TEE DAMA;[BACCCDA43TL] BASIC LINE CROP TEE DAMA (Black - 999, L);BACCCDA43TL;DAMA;Negro;L;CERRO VERDE;1
2026;MAYO;BASIC LINE PANT DAMA;[BAPCCDA184TXL] BASIC LINE PANT DAMA (Peanut - 749, XL);BAPCCDA184TXL;DAMA;Peanut;XL;SAMBIL VALENCIA;1
2026;MAYO;BASIC LINE CROP TEE DAMA;[BACCCDA38TL] BASIC LINE CROP TEE DAMA (Peanut - 749, L);BACCCDA38TL;DAMA;Peanut;L;SAMBIL VALENCIA;1
2026;MAYO;BASIC LINE OVERSIZED CAB;[BAOCCCA158TXL] BASIC LINE OVERSIZED CAB (Ivory - 005, XL);BAOCCCA158TXL;CAB;Ivory;XL;SAMBIL CHACAO;2
2026;MAYO;BASIC LINE SHORT DAMA;[BASCCDA38TXL] BASIC LINE SHORT DAMA (Peanut - 749, XL);BASCCDA38TXL;DAMA;Peanut;XL;SAMBIL CHACAO;1
2026;MAYO;BASIC LINE SHORT DAMA;[BASCCDA43TXL] BASIC LINE SHORT DAMA (Black - 999, XL);BASCCDA43TXL;DAMA;Negro;XL;SAMBIL CHACAO;1
2026;MAYO;BASIC LINE OVERSIZED CAB;[BAOCCCA158TS] BASIC LINE OVERSIZED CAB (Ivory - 005, S);BAOCCCA158TS;CAB;Ivory;S;CERRO VERDE;1
2026;MAYO;BASIC LINE OVERSIZED CAB;[BAOCCCA158TL] BASIC LINE OVERSIZED CAB (Ivory - 005, L);BAOCCCA158TL;CAB;Ivory;L;GRIETA;1
2026;MAYO;BASIC LINE OVERSIZED CAB;[BAOCCCA38TM] BASIC LINE OVERSIZED CAB (Peanut - 749, M);BAOCCCA38TM;CAB;Peanut;M;CERRO VERDE;1
2026;MAYO;BASIC LINE OVERSIZED CAB;[BAOCCCA158TXL] BASIC LINE OVERSIZED CAB (Ivory - 005, XL);BAOCCCA158TXL;CAB;Ivory;XL;CERRO VERDE;1
2026;MAYO;BASIC LINE OVERSIZED CAB;[BAOCCCA43TL] BASIC LINE OVERSIZED CAB (Black - 999, L);BAOCCCA43TL;CAB;Negro;L;WEB;1
2026;MAYO;BASIC LINE OVERSIZED CAB;[BAOCCCA38TL] BASIC LINE OVERSIZED CAB (Peanut - 749, L);BAOCCCA38TL;CAB;Peanut;L;WEB;1
2026;MAYO;BASIC LINE SHORT DAMA;[BASCCDA38TS] BASIC LINE SHORT DAMA (Peanut - 749, S);BASCCDA38TS;DAMA;Peanut;S;WEB;1
2026;MAYO;BASIC LINE PANT DAMA;[BAPCCDA43TXS] BASIC LINE PANT DAMA (Black - 999, XS);BAPCCDA43TXS;DAMA;Negro;XS;WEB;1
2026;MAYO;BASIC LINE OVERSIZED CAB;[BAOCCCA158TL] BASIC LINE OVERSIZED CAB (Ivory - 005, L);BAOCCCA158TL;CAB;Ivory;L;WEB;1
2026;MAYO;BASIC LINE PANT DAMA;[BAPCCDA184TS] BASIC LINE PANT DAMA (Peanut - 749, S);BAPCCDA184TS;DAMA;Peanut;S;GRIETA;1
2026;MAYO;BASIC LINE CROP TEE DAMA;[BACCCDA43TM] BASIC LINE CROP TEE DAMA (Black - 999, M);BACCCDA43TM;DAMA;Negro;M;SAMBIL CHACAO;1
2026;MAYO;BASIC LINE CROP TEE DAMA;[BACCCDA43TM] BASIC LINE CROP TEE DAMA (Black - 999, M);BACCCDA43TM;DAMA;Negro;M;GRIETA;1
2026;MAYO;BASIC LINE OVERSIZED CAB;[BAOCCCA43TM] BASIC LINE OVERSIZED CAB (Black - 999, M);BAOCCCA43TM;CAB;Negro;M;TOLON;1
2026;MAYO;BASIC LINE SHORT DAMA;[BASCCDA43TXL] BASIC LINE SHORT DAMA (Black - 999, XL);BASCCDA43TXL;DAMA;Negro;XL;SAMBIL VALENCIA;1
2026;MAYO;BASIC LINE OVERSIZED CAB;[BAOCCCA43TM] BASIC LINE OVERSIZED CAB (Black - 999, M);BAOCCCA43TM;CAB;Negro;M;GRIETA;1
2026;MAYO;BASIC LINE PANT DAMA;[BAPCCDA43TXL] BASIC LINE PANT DAMA (Black - 999, XL);BAPCCDA43TXL;DAMA;Negro;XL;GRIETA;1
2026;MAYO;BASIC LINE CROP TEE DAMA;[BACCCDA43TXL] BASIC LINE CROP TEE DAMA (Black - 999, XL);BACCCDA43TXL;DAMA;Negro;XL;CERRO VERDE;1
2026;MAYO;BASIC LINE CROP TEE DAMA;[BACCCDA158TXL] BASIC LINE CROP TEE DAMA (Ivory - 005, XL);BACCCDA158TXL;DAMA;Ivory;XL;CERRO VERDE;1
2026;MAYO;BASIC LINE PANT DAMA;[BAPCCDA184TL] BASIC LINE PANT DAMA (Peanut - 749, L);BAPCCDA184TL;DAMA;Peanut;L;GRAND PLAZ;1
2026;MAYO;BASIC LINE SHORT DAMA;[BASCCDA43TS] BASIC LINE SHORT DAMA (Black - 999, S);BASCCDA43TS;DAMA;Negro;S;CERRO VERDE;1
2026;MAYO;BASIC LINE CROP TEE DAMA;[BACCCDA43TM] BASIC LINE CROP TEE DAMA (Black - 999, M);BACCCDA43TM;DAMA;Negro;M;CERRO VERDE;1
2026;MAYO;BASIC LINE OVERSIZED CAB;[BAOCCCA38TL] BASIC LINE OVERSIZED CAB (Peanut - 749, L);BAOCCCA38TL;CAB;Peanut;L;CERRO VERDE;1
2026;MAYO;BASIC LINE OVERSIZED CAB;[BAOCCCA158TM] BASIC LINE OVERSIZED CAB (Ivory - 005, M);BAOCCCA158TM;CAB;Ivory;M;SAMBIL CHACAO;1
2026;MAYO;BASIC LINE CROP TEE DAMA;[BACCCDA12TL] BASIC LINE CROP TEE DAMA (Azul Marino - T11362-575, L);BACCCDA12TL;DAMA;Azul Marino;L;CERRO VERDE;-1
2026;MAYO;BASIC LINE CROP TEE DAMA;[BACCCDA158TM] BASIC LINE CROP TEE DAMA (Ivory - 005, M);BACCCDA158TM;DAMA;Ivory;M;CERRO VERDE;1
2026;MAYO;BASIC LINE PANT DAMA;[BAPCCDA184TXL] BASIC LINE PANT DAMA (Peanut - 749, XL);BAPCCDA184TXL;DAMA;Peanut;XL;SAMBIL VALENCIA;1
2026;MAYO;BASIC LINE CROP TEE DAMA;[BACCCDA158TXS] BASIC LINE CROP TEE DAMA (Ivory - 005, XS);BACCCDA158TXS;DAMA;Ivory;XS;SAMBIL VALENCIA;1
2026;MAYO;BASIC LINE OVERSIZED CAB;[BAOCCCA158TL] BASIC LINE OVERSIZED CAB (Ivory - 005, L);BAOCCCA158TL;CAB;Ivory;L;SAMBIL VALENCIA;1
2026;MAYO;BASIC LINE CROP TEE DAMA;[BACCCDA158TL] BASIC LINE CROP TEE DAMA (Ivory - 005, L);BACCCDA158TL;DAMA;Ivory;L;SAMBIL VALENCIA;1
2026;MAYO;BASIC LINE PANT DAMA;[BAPCCDA43TXL] BASIC LINE PANT DAMA (Black - 999, XL);BAPCCDA43TXL;DAMA;Negro;XL;GRIETA;1
2026;MAYO;BASIC LINE PANT DAMA;[BAPCCDA43TS] BASIC LINE PANT DAMA (Black - 999, S);BAPCCDA43TS;DAMA;Negro;S;GRAND PLAZ;1
2026;MAYO;BASIC LINE CROP TEE DAMA;[BACCCDA158TS] BASIC LINE CROP TEE DAMA (Ivory - 005, S);BACCCDA158TS;DAMA;Ivory;S;GRIETA;1
2026;MAYO;BASIC LINE SHORT DAMA;[BASCCDA38TXS] BASIC LINE SHORT DAMA (Peanut - 749, XS);BASCCDA38TXS;DAMA;Peanut;XS;GRIETA;1
2026;MAYO;BASIC LINE OVERSIZED CAB;[BAOCCCA158TL] BASIC LINE OVERSIZED CAB (Ivory - 005, L);BAOCCCA158TL;CAB;Ivory;L;SAMBIL VALENCIA;1
2026;MAYO;BASIC LINE OVERSIZED CAB;[BAOCCCA158TS] BASIC LINE OVERSIZED CAB (Ivory - 005, S);BAOCCCA158TS;CAB;Ivory;S;CERRO VERDE;1
2026;MAYO;BASIC LINE PANT DAMA;[BAPCCDA184TL] BASIC LINE PANT DAMA (Peanut - 749, L);BAPCCDA184TL;DAMA;Peanut;L;TOLON;1
2026;MAYO;BASIC LINE CROP TEE DAMA;[BACCCDA158TM] BASIC LINE CROP TEE DAMA (Ivory - 005, M);BACCCDA158TM;DAMA;Ivory;M;TOLON;1
2026;MAYO;BASIC LINE OVERSIZED CAB;[BAOCCCA158T2XL] BASIC LINE OVERSIZED CAB (Ivory - 005, 2XL);BAOCCCA158T2XL;CAB;Ivory;2XL;GRIETA;1
2026;MAYO;BASIC LINE OVERSIZED CAB;[BAOCCCA43TM] BASIC LINE OVERSIZED CAB (Black - 999, M);BAOCCCA43TM;CAB;Negro;M;GRIETA;1
2026;MAYO;BASIC LINE PANT DAMA;[BAPCCDA184TL] BASIC LINE PANT DAMA (Peanut - 749, L);BAPCCDA184TL;DAMA;Peanut;L;TOLON;1
2026;MAYO;BASIC LINE CROP TEE DAMA;[BACCCDA38TL] BASIC LINE CROP TEE DAMA (Peanut - 749, L);BACCCDA38TL;DAMA;Peanut;L;TOLON;1
2026;MAYO;BASIC LINE CROP TEE DAMA;[BACCCDA158TL] BASIC LINE CROP TEE DAMA (Ivory - 005, L);BACCCDA158TL;DAMA;Ivory;L;TOLON;1
2026;MAYO;BASIC LINE OVERSIZED CAB;[BAOCCCA158TXL] BASIC LINE OVERSIZED CAB (Ivory - 005, XL);BAOCCCA158TXL;CAB;Ivory;XL;SAMBIL VALENCIA;1
2026;MAYO;BASIC LINE OVERSIZED CAB;[BAOCCCA158TM] BASIC LINE OVERSIZED CAB (Ivory - 005, M);BAOCCCA158TM;CAB;Ivory;M;CERRO VERDE;1
2026;MAYO;BASIC LINE CROP TEE DAMA;[BACCCDA38TL] BASIC LINE CROP TEE DAMA (Peanut - 749, L);BACCCDA38TL;DAMA;Peanut;L;GRIETA;1
2026;MAYO;BASIC LINE SHORT DAMA;[BASCCDA38TL] BASIC LINE SHORT DAMA (Peanut - 749, L);BASCCDA38TL;DAMA;Peanut;L;GRIETA;1
2026;MAYO;BASIC LINE OVERSIZED CAB;[BAOCCCA43T2XL] BASIC LINE OVERSIZED CAB (Black - 999, 2XL);BAOCCCA43T2XL;CAB;Negro;2XL;SAMBIL VALENCIA;1
2026;MAYO;BASIC LINE SHORT DAMA;[BASCCDA38TL] BASIC LINE SHORT DAMA (Peanut - 749, L);BASCCDA38TL;DAMA;Peanut;L;CERRO VERDE;1
2026;JUNIO;BASIC LINE OVERSIZED CAB;[BAOCCCA158TM] BASIC LINE OVERSIZED CAB (Ivory, M);BAOCCCA158TM;CAB;Ivory;M;GRIETA;1
2026;JUNIO;BASIC LINE SHORT DAMA;[BASCCDA38TXS] BASIC LINE SHORT DAMA (Peanut, XS);BASCCDA38TXS;DAMA;Peanut;XS;CERRO VERDE;1
2026;JUNIO;BASIC LINE CROP TEE DAMA;[BACCCDA158TXS] BASIC LINE CROP TEE DAMA (Ivory, XS);BACCCDA158TXS;DAMA;Ivory;XS;CERRO VERDE;1
2026;JUNIO;BASIC LINE OVERSIZED CAB;[BAOCCCA158T2XL] BASIC LINE OVERSIZED CAB (Ivory, 2XL);BAOCCCA158T2XL;CAB;Ivory;2XL;SAMBIL CHACAO;1
2026;JUNIO;BASIC LINE CROP TEE DAMA;[BACCCDA38TXS] BASIC LINE CROP TEE DAMA (Peanut, XS);BACCCDA38TXS;DAMA;Peanut;XS;SAMBIL CHACAO;1
2026;JUNIO;BASIC LINE OVERSIZED CAB;[BAOCCCA158TM] BASIC LINE OVERSIZED CAB (Ivory, M);BAOCCCA158TM;CAB;Ivory;M;SAMBIL CHACAO;1
2026;JUNIO;BASIC LINE OVERSIZED CAB;[BAOCCCA38TM] BASIC LINE OVERSIZED CAB (Peanut, M);BAOCCCA38TM;CAB;Peanut;M;SAMBIL CHACAO;1
2026;JUNIO;BASIC LINE OVERSIZED CAB;[BAOCCCA158TL] BASIC LINE OVERSIZED CAB (Ivory, L);BAOCCCA158TL;CAB;Ivory;L;SAMBIL CHACAO;1
2026;JUNIO;BASIC LINE CROP TEE DAMA;[BACCCDA158TXS] BASIC LINE CROP TEE DAMA (Ivory, XS);BACCCDA158TXS;DAMA;Ivory;XS;CERRO VERDE;1
2026;JUNIO;BASIC LINE SHORT DAMA;[BASCCDA38TL] BASIC LINE SHORT DAMA (Peanut, L);BASCCDA38TL;DAMA;Peanut;L;CERRO VERDE;1
2026;JUNIO;BASIC LINE OVERSIZED CAB;[BAOCCCA158TM] BASIC LINE OVERSIZED CAB (Ivory, M);BAOCCCA158TM;CAB;Ivory;M;GRIETA;1
2026;JUNIO;BASIC LINE CROP TEE DAMA;[BACCCDA38TXS] BASIC LINE CROP TEE DAMA (Peanut, XS);BACCCDA38TXS;DAMA;Peanut;XS;SAMBIL VALENCIA;1
2026;JUNIO;BASIC LINE OVERSIZED CAB;[BAOCCCA158TM] BASIC LINE OVERSIZED CAB (Ivory, M);BAOCCCA158TM;CAB;Ivory;M;TOLON;1
2026;JUNIO;BASIC LINE OVERSIZED CAB;[BAOCCCA158TS] BASIC LINE OVERSIZED CAB (Ivory, S);BAOCCCA158TS;CAB;Ivory;S;GRIETA;1
2026;JUNIO;BASIC LINE SHORT DAMA;[BASCCDA38TXS] BASIC LINE SHORT DAMA (Peanut, XS);BASCCDA38TXS;DAMA;Peanut;XS;GRIETA;1
2026;JUNIO;BASIC LINE CROP TEE DAMA;[BACCCDA38TXL] BASIC LINE CROP TEE DAMA (Peanut, XL);BACCCDA38TXL;DAMA;Peanut;XL;GRIETA;1
2026;JUNIO;BASIC LINE CROP TEE DAMA;[BACCCDA158TXS] BASIC LINE CROP TEE DAMA (Ivory, XS);BACCCDA158TXS;DAMA;Ivory;XS;GRIETA;1
2026;JUNIO;BASIC LINE PANT DAMA;[BAPCCDA184TM] BASIC LINE PANT DAMA (Peanut, M);BAPCCDA184TM;DAMA;Peanut;M;CERRO VERDE;1
2026;JUNIO;BASIC LINE OVERSIZED CAB;[BAOCCCA43T2XL] BASIC LINE OVERSIZED CAB (Black, 2XL);BAOCCCA43T2XL;CAB;Negro;2XL;CERRO VERDE;1
2026;JUNIO;BASIC LINE OVERSIZED CAB;[BAOCCCA158T2XL] BASIC LINE OVERSIZED CAB (Ivory, 2XL);BAOCCCA158T2XL;CAB;Ivory;2XL;CERRO VERDE;1
2026;JUNIO;BASIC LINE OVERSIZED CAB;[BAOCCCA38T2XL] BASIC LINE OVERSIZED CAB (Peanut, 2XL);BAOCCCA38T2XL;CAB;Peanut;2XL;CERRO VERDE;1
2026;JUNIO;BASIC LINE OVERSIZED CAB;[BAOCCCA158TL] BASIC LINE OVERSIZED CAB (Ivory, L);BAOCCCA158TL;CAB;Ivory;L;GRIETA;1
2026;JUNIO;BASIC LINE OVERSIZED CAB;[BAOCCCA43TS] BASIC LINE OVERSIZED CAB (Black, S);BAOCCCA43TS;CAB;Negro;S;TOLON;1
2026;JUNIO;BASIC LINE CROP TEE DAMA;[BACCCDA158TL] BASIC LINE CROP TEE DAMA (Ivory, L);BACCCDA158TL;DAMA;Ivory;L;GRIETA;1
2026;JUNIO;BASIC LINE OVERSIZED CAB;[BAOCCCA158TXS] BASIC LINE OVERSIZED CAB (Ivory, XS);BAOCCCA158TXS;CAB;Ivory;XS;TOLON;1
2026;JUNIO;BASIC LINE CROP TEE DAMA;[BACCCDA38TXS] BASIC LINE CROP TEE DAMA (Peanut, XS);BACCCDA38TXS;DAMA;Peanut;XS;CERRO VERDE;1
2026;JUNIO;BASIC LINE CROP TEE DAMA;[BACCCDA38TL] BASIC LINE CROP TEE DAMA (Peanut, L);BACCCDA38TL;DAMA;Peanut;L;SAMBIL VALENCIA;1
2026;JUNIO;BASIC LINE PANT DAMA;[BAPCCDA184TL] BASIC LINE PANT DAMA (Peanut, L);BAPCCDA184TL;DAMA;Peanut;L;SAMBIL VALENCIA;1
2026;JUNIO;BASIC LINE SHORT DAMA;[BASCCDA38TXS] BASIC LINE SHORT DAMA (Peanut, XS);BASCCDA38TXS;DAMA;Peanut;XS;SAMBIL VALENCIA;1
2026;JUNIO;BASIC LINE CROP TEE DAMA;[BACCCDA38TXS] BASIC LINE CROP TEE DAMA (Peanut, XS);BACCCDA38TXS;DAMA;Peanut;XS;SAMBIL VALENCIA;1
2026;JUNIO;BASIC LINE OVERSIZED CAB;[BAOCCCA158TM] BASIC LINE OVERSIZED CAB (Ivory, M);BAOCCCA158TM;CAB;Ivory;M;CERRO VERDE;1
2026;JUNIO;BASIC LINE OVERSIZED CAB;[BAOCCCA38TM] BASIC LINE OVERSIZED CAB (Peanut, M);BAOCCCA38TM;CAB;Peanut;M;CERRO VERDE;1
2026;JUNIO;BASIC LINE OVERSIZED CAB;[BAOCCCA158T2XL] BASIC LINE OVERSIZED CAB (Ivory, 2XL);BAOCCCA158T2XL;CAB;Ivory;2XL;SAMBIL VALENCIA;1
2026;JUNIO;BASIC LINE OVERSIZED CAB;[BAOCCCA158TS] BASIC LINE OVERSIZED CAB (Ivory, S);BAOCCCA158TS;CAB;Ivory;S;SAMBIL VALENCIA;1
2026;JUNIO;BASIC LINE OVERSIZED CAB;[BAOCCCA38TM] BASIC LINE OVERSIZED CAB (Peanut, M);BAOCCCA38TM;CAB;Peanut;M;SAMBIL CHACAO;1
2026;JUNIO;BASIC LINE PANT DAMA;[BAPCCDA184TM] BASIC LINE PANT DAMA (Peanut, M);BAPCCDA184TM;DAMA;Peanut;M;CERRO VERDE;1
2026;JUNIO;BASIC LINE CROP TEE DAMA;[BACCCDA158TXS] BASIC LINE CROP TEE DAMA (Ivory, XS);BACCCDA158TXS;DAMA;Ivory;XS;SAMBIL VALENCIA;1
2026;JUNIO;BASIC LINE OVERSIZED CAB;[BAOCCCA38TS] BASIC LINE OVERSIZED CAB (Peanut, S);BAOCCCA38TS;CAB;Peanut;S;TOLON;1
2026;JUNIO;BASIC LINE OVERSIZED CAB;[BAOCCCA158TL] BASIC LINE OVERSIZED CAB (Ivory, L);BAOCCCA158TL;CAB;Ivory;L;GRIETA;1
2026;JUNIO;BASIC LINE OVERSIZED CAB;[BAOCCCA38TXS] BASIC LINE OVERSIZED CAB (Peanut, XS);BAOCCCA38TXS;CAB;Peanut;XS;SAMBIL CHACAO;1
2026;JUNIO;BASIC LINE OVERSIZED CAB;[BAOCCCA43TM] BASIC LINE OVERSIZED CAB (Black, M);BAOCCCA43TM;CAB;Negro;M;CERRO VERDE;1
2026;JUNIO;BASIC LINE OVERSIZED CAB;[BAOCCCA158T2XL] BASIC LINE OVERSIZED CAB (Ivory, 2XL);BAOCCCA158T2XL;CAB;Ivory;2XL;CERRO VERDE;1
2026;JUNIO;BASIC LINE OVERSIZED CAB;[BAOCCCA38TM] BASIC LINE OVERSIZED CAB (Peanut, M);BAOCCCA38TM;CAB;Peanut;M;SAMBIL CHACAO;1
2026;JUNIO;BASIC LINE OVERSIZED CAB;[BAOCCCA158TM] BASIC LINE OVERSIZED CAB (Ivory, M);BAOCCCA158TM;CAB;Ivory;M;WEB;1
2026;JUNIO;BASIC LINE PANT DAMA;[BAPCCDA184TS] BASIC LINE PANT DAMA (Peanut, S);BAPCCDA184TS;DAMA;Peanut;S;WEB;1
2026;JUNIO;BASIC LINE OVERSIZED CAB;[BAOCCCA43TL] BASIC LINE OVERSIZED CAB (Black, L);BAOCCCA43TL;CAB;Negro;L;GRIETA;1
2026;JUNIO;BASIC LINE OVERSIZED CAB;[BAOCCCA43TS] BASIC LINE OVERSIZED CAB (Black, S);BAOCCCA43TS;CAB;Negro;S;GRIETA;1
2026;JUNIO;BASIC LINE OVERSIZED CAB;[BAOCCCA158TXL] BASIC LINE OVERSIZED CAB (Ivory, XL);BAOCCCA158TXL;CAB;Ivory;XL;SAMBIL VALENCIA;1
2026;JUNIO;BASIC LINE CROP TEE DAMA;[BACCCDA158TM] BASIC LINE CROP TEE DAMA (Ivory, M);BACCCDA158TM;DAMA;Ivory;M;WEB;1
2026;JUNIO;BASIC LINE OVERSIZED CAB;[BAOCCCA158TL] BASIC LINE OVERSIZED CAB (Ivory, L);BAOCCCA158TL;CAB;Ivory;L;GRIETA;1
2026;JUNIO;BASIC LINE PANT DAMA;[BAPCCDA43TL] BASIC LINE PANT DAMA (Black, L);BAPCCDA43TL;DAMA;Negro;L;TOLON;1
2026;JUNIO;BASIC LINE CROP TEE DAMA;[BACCCDA158TXS] BASIC LINE CROP TEE DAMA (Ivory, XS);BACCCDA158TXS;DAMA;Ivory;XS;TOLON;1
2026;JUNIO;BASIC LINE PANT DAMA;[BAPCCDA43TS] BASIC LINE PANT DAMA (Black, S);BAPCCDA43TS;DAMA;Negro;S;GRIETA;1
2026;JUNIO;BASIC LINE CROP TEE DAMA;[BACCCDA43TS] BASIC LINE CROP TEE DAMA (Black, S);BACCCDA43TS;DAMA;Negro;S;GRIETA;1
2026;JUNIO;BASIC LINE CROP TEE DAMA;[BACCCDA158TL] BASIC LINE CROP TEE DAMA (Ivory, L);BACCCDA158TL;DAMA;Ivory;L;GRIETA;1
2026;JUNIO;BASIC LINE CROP TEE DAMA;[BACCCDA38TL] BASIC LINE CROP TEE DAMA (Peanut, L);BACCCDA38TL;DAMA;Peanut;L;GRIETA;1
2026;JUNIO;BASIC LINE OVERSIZED CAB;[BAOCCCA38TL] BASIC LINE OVERSIZED CAB (Peanut, L);BAOCCCA38TL;CAB;Peanut;L;SAMBIL CHACAO;1
2026;JUNIO;BASIC LINE OVERSIZED CAB;[BAOCCCA43TXL] BASIC LINE OVERSIZED CAB (Black, XL);BAOCCCA43TXL;CAB;Negro;XL;SAMBIL VALENCIA;1
2026;JUNIO;BASIC LINE CROP TEE DAMA;[BACCCDA38TXS] BASIC LINE CROP TEE DAMA (Peanut, XS);BACCCDA38TXS;DAMA;Peanut;XS;GRIETA;1
2026;JUNIO;BASIC LINE OVERSIZED CAB;[BAOCCCA158TM] BASIC LINE OVERSIZED CAB (Ivory, M);BAOCCCA158TM;CAB;Ivory;M;GRIETA;1
2026;JUNIO;BASIC LINE CROP TEE DAMA;[BACCCDA158TL] BASIC LINE CROP TEE DAMA (Ivory, L);BACCCDA158TL;DAMA;Ivory;L;CERRO VERDE;1
2026;JUNIO;BASIC LINE OVERSIZED CAB;[BAOCCCA158TXL] BASIC LINE OVERSIZED CAB (Ivory, XL);BAOCCCA158TXL;CAB;Ivory;XL;CERRO VERDE;1
2026;JUNIO;BASIC LINE OVERSIZED CAB;[BAOCCCA38TS] BASIC LINE OVERSIZED CAB (Peanut, S);BAOCCCA38TS;CAB;Peanut;S;GRIETA;1
2026;JUNIO;BASIC LINE CROP TEE DAMA;[BACCCDA43TS] BASIC LINE CROP TEE DAMA (Black, S);BACCCDA43TS;DAMA;Negro;S;SAMBIL CHACAO;1
2026;JUNIO;BASIC LINE OVERSIZED CAB;[BAOCCCA158TM] BASIC LINE OVERSIZED CAB (Ivory, M);BAOCCCA158TM;CAB;Ivory;M;SAMBIL CHACAO;1
2026;JUNIO;BASIC LINE OVERSIZED CAB;[BAOCCCA158TS] BASIC LINE OVERSIZED CAB (Ivory, S);BAOCCCA158TS;CAB;Ivory;S;SAMBIL CHACAO;1
2026;JUNIO;BASIC LINE OVERSIZED CAB;[BAOCCCA38TM] BASIC LINE OVERSIZED CAB (Peanut, M);BAOCCCA38TM;CAB;Peanut;M;SAMBIL CHACAO;1
2026;JUNIO;BASIC LINE OVERSIZED CAB;[BAOCCCA158TM] BASIC LINE OVERSIZED CAB (Ivory, M);BAOCCCA158TM;CAB;Ivory;M;TOLON;1
2026;JUNIO;BASIC LINE OVERSIZED CAB;[BAOCCCA43TXL] BASIC LINE OVERSIZED CAB (Black, XL);BAOCCCA43TXL;CAB;Negro;XL;SAMBIL CHACAO;1
2026;JUNIO;BASIC LINE PANT DAMA;[BAPCCDA184TS] BASIC LINE PANT DAMA (Peanut, S);BAPCCDA184TS;DAMA;Peanut;S;GRIETA;1
2026;JUNIO;BASIC LINE CROP TEE DAMA;[BACCCDA158TS] BASIC LINE CROP TEE DAMA (Ivory, S);BACCCDA158TS;DAMA;Ivory;S;GRIETA;1
2026;JUNIO;BASIC LINE OVERSIZED CAB;[BAOCCCA158TM] BASIC LINE OVERSIZED CAB (Ivory, M);BAOCCCA158TM;CAB;Ivory;M;WEB;1
2026;JUNIO;BASIC LINE OVERSIZED CAB;[BAOCCCA158TL] BASIC LINE OVERSIZED CAB (Ivory, L);BAOCCCA158TL;CAB;Ivory;L;GRIETA;1
2026;JUNIO;BASIC LINE OVERSIZED CAB;[BAOCCCA158TM] BASIC LINE OVERSIZED CAB (Ivory, M);BAOCCCA158TM;CAB;Ivory;M;WEB;1
2026;JUNIO;BASIC LINE OVERSIZED CAB;[BAOCCCA38TL] BASIC LINE OVERSIZED CAB (Peanut, L);BAOCCCA38TL;CAB;Peanut;L;GRIETA;1
2026;JUNIO;BASIC LINE CROP TEE DAMA;[BACCCDA158TXS] BASIC LINE CROP TEE DAMA (Ivory, XS);BACCCDA158TXS;DAMA;Ivory;XS;WEB;1
2026;JUNIO;BASIC LINE CROP TEE DAMA;[BACCCDA158TXS] BASIC LINE CROP TEE DAMA (Ivory, XS);BACCCDA158TXS;DAMA;Ivory;XS;CERRO VERDE;1
2026;JUNIO;BASIC LINE OVERSIZED CAB;[BAOCCCA158TL] BASIC LINE OVERSIZED CAB (Ivory, L);BAOCCCA158TL;CAB;Ivory;L;TOLON;1
2026;JUNIO;BASIC LINE SHORT DAMA;[BASCCDA38TXL] BASIC LINE SHORT DAMA (Peanut, XL);BASCCDA38TXL;DAMA;Peanut;XL;TOLON;1
2026;JUNIO;BASIC LINE PANT DAMA;[BAPCCDA43TXL] BASIC LINE PANT DAMA (Black, XL);BAPCCDA43TXL;DAMA;Negro;XL;SAMBIL VALENCIA;1
2026;JUNIO;BASIC LINE PANT DAMA;[BAPCCDA184TS] BASIC LINE PANT DAMA (Peanut, S);BAPCCDA184TS;DAMA;Peanut;S;CERRO VERDE;1
2026;JUNIO;BASIC LINE PANT DAMA;[BAPCCDA43TS] BASIC LINE PANT DAMA (Black, S);BAPCCDA43TS;DAMA;Negro;S;CERRO VERDE;1
2026;JUNIO;BASIC LINE CROP TEE DAMA;[BACCCDA43TS] BASIC LINE CROP TEE DAMA (Black, S);BACCCDA43TS;DAMA;Negro;S;CERRO VERDE;1
2026;JUNIO;BASIC LINE CROP TEE DAMA;[BACCCDA38TS] BASIC LINE CROP TEE DAMA (Peanut, S);BACCCDA38TS;DAMA;Peanut;S;CERRO VERDE;1
2026;JUNIO;BASIC LINE OVERSIZED CAB;[BAOCCCA38T2XL] BASIC LINE OVERSIZED CAB (Peanut, 2XL);BAOCCCA38T2XL;CAB;Peanut;2XL;TOLON;1
2026;JUNIO;BASIC LINE OVERSIZED CAB;[BAOCCCA38TL] BASIC LINE OVERSIZED CAB (Peanut, L);BAOCCCA38TL;CAB;Peanut;L;GRIETA;1
2026;JUNIO;BASIC LINE OVERSIZED CAB;[BAOCCCA158TL] BASIC LINE OVERSIZED CAB (Ivory, L);BAOCCCA158TL;CAB;Ivory;L;GRIETA;1
2026;JUNIO;BASIC LINE OVERSIZED CAB;[BAOCCCA158TS] BASIC LINE OVERSIZED CAB (Ivory, S);BAOCCCA158TS;CAB;Ivory;S;CERRO VERDE;1
2026;JUNIO;BASIC LINE CROP TEE DAMA;[BACCCDA158TXS] BASIC LINE CROP TEE DAMA (Ivory, XS);BACCCDA158TXS;DAMA;Ivory;XS;LA VELA;1
2026;JUNIO;BASIC LINE OVERSIZED CAB;[BAOCCCA158TL] BASIC LINE OVERSIZED CAB (Ivory, L);BAOCCCA158TL;CAB;Ivory;L;LA VELA;1
2026;JUNIO;BASIC LINE OVERSIZED CAB;[BAOCCCA158TM] BASIC LINE OVERSIZED CAB (Ivory, M);BAOCCCA158TM;CAB;Ivory;M;LA VELA;1
2026;JUNIO;BASIC LINE CROP TEE DAMA;[BACCCDA43TL] BASIC LINE CROP TEE DAMA (Black, L);BACCCDA43TL;DAMA;Negro;L;LA VELA;1
2026;JUNIO;BASIC LINE PANT DAMA;[BAPCCDA43TL] BASIC LINE PANT DAMA (Black, L);BAPCCDA43TL;DAMA;Negro;L;LA VELA;1
2026;JUNIO;BASIC LINE OVERSIZED CAB;[BAOCCCA38TXL] BASIC LINE OVERSIZED CAB (Peanut, XL);BAOCCCA38TXL;CAB;Peanut;XL;CERRO VERDE;1
2026;JUNIO;BASIC LINE OVERSIZED CAB;[BAOCCCA158TL] BASIC LINE OVERSIZED CAB (Ivory, L);BAOCCCA158TL;CAB;Ivory;L;PEDIDOS;1
2026;JUNIO;BASIC LINE OVERSIZED CAB;[BAOCCCA43TXL] BASIC LINE OVERSIZED CAB (Black, XL);BAOCCCA43TXL;CAB;Negro;XL;WEB;1
2026;JUNIO;BASIC LINE OVERSIZED CAB;[BAOCCCA158T2XL] BASIC LINE OVERSIZED CAB (Ivory, 2XL);BAOCCCA158T2XL;CAB;Ivory;2XL;SAMBIL VALENCIA;1
2026;JUNIO;BASIC LINE OVERSIZED CAB;[BAOCCCA43TM] BASIC LINE OVERSIZED CAB (Black, M);BAOCCCA43TM;CAB;Negro;M;GRIETA;1
2026;JUNIO;BASIC LINE OVERSIZED CAB;[BAOCCCA158TXL] BASIC LINE OVERSIZED CAB (Ivory, XL);BAOCCCA158TXL;CAB;Ivory;XL;GRIETA;1
2026;JUNIO;BASIC LINE OVERSIZED CAB;[BAOCCCA38TM] BASIC LINE OVERSIZED CAB (Peanut, M);BAOCCCA38TM;CAB;Peanut;M;GRIETA;1
2026;JUNIO;BASIC LINE PANT DAMA;[BAPCCDA184TXS] BASIC LINE PANT DAMA (Peanut, XS);BAPCCDA184TXS;DAMA;Peanut;XS;SAMBIL VALENCIA;1
2026;JUNIO;BASIC LINE CROP TEE DAMA;[BACCCDA38TXS] BASIC LINE CROP TEE DAMA (Peanut, XS);BACCCDA38TXS;DAMA;Peanut;XS;SAMBIL VALENCIA;1
2026;JUNIO;BASIC LINE OVERSIZED CAB;[BAOCCCA38TM] BASIC LINE OVERSIZED CAB (Peanut, M);BAOCCCA38TM;CAB;Peanut;M;LA VELA;1
2026;JUNIO;BASIC LINE OVERSIZED CAB;[BAOCCCA158TS] BASIC LINE OVERSIZED CAB (Ivory, S);BAOCCCA158TS;CAB;Ivory;S;LA VELA;1
2026;JUNIO;BASIC LINE SHORT DAMA;[BASCCDA38TM] BASIC LINE SHORT DAMA (Peanut, M);BASCCDA38TM;DAMA;Peanut;M;CERRO VERDE;1
2026;JUNIO;BASIC LINE OVERSIZED CAB;[BAOCCCA38TM] BASIC LINE OVERSIZED CAB (Peanut, M);BAOCCCA38TM;CAB;Peanut;M;CERRO VERDE;1
2026;JUNIO;BASIC LINE OVERSIZED CAB;[BAOCCCA38TXL] BASIC LINE OVERSIZED CAB (Peanut, XL);BAOCCCA38TXL;CAB;Peanut;XL;GRIETA;1
2026;JUNIO;BASIC LINE OVERSIZED CAB;[BAOCCCA158TXS] BASIC LINE OVERSIZED CAB (Ivory, XS);BAOCCCA158TXS;CAB;Ivory;XS;GRIETA;1
2026;JUNIO;BASIC LINE CROP TEE DAMA;[BACCCDA158TXS] BASIC LINE CROP TEE DAMA (Ivory, XS);BACCCDA158TXS;DAMA;Ivory;XS;LA VELA;1
2026;JUNIO;BASIC LINE SHORT DAMA;[BASCCDA38TS] BASIC LINE SHORT DAMA (Peanut, S);BASCCDA38TS;DAMA;Peanut;S;LA VELA;1
2026;JUNIO;BASIC LINE OVERSIZED CAB;[BAOCCCA38T2XL] BASIC LINE OVERSIZED CAB (Peanut, 2XL);BAOCCCA38T2XL;CAB;Peanut;2XL;GRIETA;1
2026;JUNIO;BASIC LINE OVERSIZED CAB;[BAOCCCA43T2XL] BASIC LINE OVERSIZED CAB (Black, 2XL);BAOCCCA43T2XL;CAB;Negro;2XL;GRIETA;1
2026;JUNIO;BASIC LINE OVERSIZED CAB;[BAOCCCA38TS] BASIC LINE OVERSIZED CAB (Peanut, S);BAOCCCA38TS;CAB;Peanut;S;SAMBIL CHACAO;1
2026;JUNIO;BASIC LINE PANT DAMA;[BAPCCDA43TL] BASIC LINE PANT DAMA (Black, L);BAPCCDA43TL;DAMA;Negro;L;SAMBIL CHACAO;1
2026;JUNIO;BASIC LINE OVERSIZED CAB;[BAOCCCA38TXS] BASIC LINE OVERSIZED CAB (Peanut, XS);BAOCCCA38TXS;CAB;Peanut;XS;LA VELA;1
2026;JUNIO;BASIC LINE OVERSIZED CAB;[BAOCCCA158TM] BASIC LINE OVERSIZED CAB (Ivory, M);BAOCCCA158TM;CAB;Ivory;M;GRIETA;1
2026;JUNIO;BASIC LINE OVERSIZED CAB;[BAOCCCA158TS] BASIC LINE OVERSIZED CAB (Ivory, S);BAOCCCA158TS;CAB;Ivory;S;GRIETA;1
2026;JUNIO;BASIC LINE OVERSIZED CAB;[BAOCCCA38TM] BASIC LINE OVERSIZED CAB (Peanut, M);BAOCCCA38TM;CAB;Peanut;M;SAMBIL CHACAO;1
2026;JUNIO;BASIC LINE PANT DAMA;[BAPCCDA43TS] BASIC LINE PANT DAMA (Black, S);BAPCCDA43TS;DAMA;Negro;S;LA VELA;1
2026;JUNIO;BASIC LINE OVERSIZED CAB;[BAOCCCA158TS] BASIC LINE OVERSIZED CAB (Ivory, S);BAOCCCA158TS;CAB;Ivory;S;LA VELA;1
2026;JUNIO;BASIC LINE CROP TEE DAMA;[BACCCDA43TS] BASIC LINE CROP TEE DAMA (Black, S);BACCCDA43TS;DAMA;Negro;S;LA VELA;1
2026;JUNIO;BASIC LINE OVERSIZED CAB;[BAOCCCA43TS] BASIC LINE OVERSIZED CAB (Black, S);BAOCCCA43TS;CAB;Negro;S;GRIETA;1
2026;JUNIO;BASIC LINE OVERSIZED CAB;[BAOCCCA38TS] BASIC LINE OVERSIZED CAB (Peanut, S);BAOCCCA38TS;CAB;Peanut;S;TOLON;1
2026;JUNIO;BASIC LINE OVERSIZED CAB;[BAOCCCA43TXL] BASIC LINE OVERSIZED CAB (Black, XL);BAOCCCA43TXL;CAB;Negro;XL;LA VELA;1
2026;JUNIO;BASIC LINE OVERSIZED CAB;[BAOCCCA38TXS] BASIC LINE OVERSIZED CAB (Peanut, XS);BAOCCCA38TXS;CAB;Peanut;XS;TOLON;1
2026;JUNIO;BASIC LINE SHORT DAMA;[BASCCDA38TM] BASIC LINE SHORT DAMA (Peanut, M);BASCCDA38TM;DAMA;Peanut;M;TOLON;1
2026;JUNIO;BASIC LINE SHORT DAMA;[BASCCDA38TXL] BASIC LINE SHORT DAMA (Peanut, XL);BASCCDA38TXL;DAMA;Peanut;XL;TOLON;1
2026;JUNIO;BASIC LINE OVERSIZED CAB;[BAOCCCA38TM] BASIC LINE OVERSIZED CAB (Peanut, M);BAOCCCA38TM;CAB;Peanut;M;TOLON;1
2026;JUNIO;BASIC LINE OVERSIZED CAB;[BAOCCCA158TM] BASIC LINE OVERSIZED CAB (Ivory, M);BAOCCCA158TM;CAB;Ivory;M;LA VELA;1
2026;JUNIO;BASIC LINE OVERSIZED CAB;[BAOCCCA158TM] BASIC LINE OVERSIZED CAB (Ivory, M);BAOCCCA158TM;CAB;Ivory;M;LA VELA;-1
2026;JUNIO;BASIC LINE OVERSIZED CAB;[BAOCCCA158TM] BASIC LINE OVERSIZED CAB (Ivory, M);BAOCCCA158TM;CAB;Ivory;M;LA VELA;1
2026;JUNIO;BASIC LINE PANT DAMA;[BAPCCDA184TXL] BASIC LINE PANT DAMA (Peanut, XL);BAPCCDA184TXL;DAMA;Peanut;XL;LA VELA;1
2026;JUNIO;BASIC LINE CROP TEE DAMA;[BACCCDA158TM] BASIC LINE CROP TEE DAMA (Ivory, M);BACCCDA158TM;DAMA;Ivory;M;LA VELA;1
2026;JUNIO;BASIC LINE CROP TEE DAMA;[BACCCDA43TXL] BASIC LINE CROP TEE DAMA (Black, XL);BACCCDA43TXL;DAMA;Negro;XL;CERRO VERDE;1
2026;JUNIO;BASIC LINE PANT DAMA;[BAPCCDA43TXL] BASIC LINE PANT DAMA (Black, XL);BAPCCDA43TXL;DAMA;Negro;XL;CERRO VERDE;1
2026;JUNIO;BASIC LINE OVERSIZED CAB;[BAOCCCA158TM] BASIC LINE OVERSIZED CAB (Ivory, M);BAOCCCA158TM;CAB;Ivory;M;SAMBIL CHACAO;1
2026;JUNIO;BASIC LINE OVERSIZED CAB;[BAOCCCA158TXL] BASIC LINE OVERSIZED CAB (Ivory, XL);BAOCCCA158TXL;CAB;Ivory;XL;LA VELA;1
2026;JUNIO;BASIC LINE OVERSIZED CAB;[BAOCCCA43TM] BASIC LINE OVERSIZED CAB (Black, M);BAOCCCA43TM;CAB;Negro;M;CERRO VERDE;1
2026;JUNIO;BASIC LINE OVERSIZED CAB;[BAOCCCA43TXL] BASIC LINE OVERSIZED CAB (Black, XL);BAOCCCA43TXL;CAB;Negro;XL;SAMBIL CHACAO;1
2026;JUNIO;BASIC LINE CROP TEE DAMA;[BACCCDA43TM] BASIC LINE CROP TEE DAMA (Black, M);BACCCDA43TM;DAMA;Negro;M;LA VELA;1
2026;JUNIO;BASIC LINE PANT DAMA;[BAPCCDA184TM] BASIC LINE PANT DAMA (Peanut, M);BAPCCDA184TM;DAMA;Peanut;M;LA VELA;1
2026;JUNIO;BASIC LINE PANT DAMA;[BAPCCDA43TM] BASIC LINE PANT DAMA (Black, M);BAPCCDA43TM;DAMA;Negro;M;LA VELA;1
2026;JUNIO;BASIC LINE OVERSIZED CAB;[BAOCCCA38TXS] BASIC LINE OVERSIZED CAB (Peanut, XS);BAOCCCA38TXS;CAB;Peanut;XS;LA VELA;1
2026;JUNIO;BASIC LINE OVERSIZED CAB;[BAOCCCA158TXS] BASIC LINE OVERSIZED CAB (Ivory, XS);BAOCCCA158TXS;CAB;Ivory;XS;LA VELA;1
2026;JUNIO;BASIC LINE OVERSIZED CAB;[BAOCCCA158TXS] BASIC LINE OVERSIZED CAB (Ivory, XS);BAOCCCA158TXS;CAB;Ivory;XS;GRIETA;1
2026;JUNIO;BASIC LINE SHORT DAMA;[BASCCDA38TL] BASIC LINE SHORT DAMA (Peanut, L);BASCCDA38TL;DAMA;Peanut;L;CERRO VERDE;1
2026;JUNIO;BASIC LINE OVERSIZED CAB;[BAOCCCA38TM] BASIC LINE OVERSIZED CAB (Peanut, M);BAOCCCA38TM;CAB;Peanut;M;CERRO VERDE;1
2026;JUNIO;BASIC LINE CROP TEE DAMA;[BACCCDA158TXS] BASIC LINE CROP TEE DAMA (Ivory, XS);BACCCDA158TXS;DAMA;Ivory;XS;TOLON;1
2026;JUNIO;BASIC LINE SHORT DAMA;[BASCCDA38TM] BASIC LINE SHORT DAMA (Peanut, M);BASCCDA38TM;DAMA;Peanut;M;CERRO VERDE;-1
2026;JUNIO;BASIC LINE OVERSIZED CAB;[BAOCCCA158TM] BASIC LINE OVERSIZED CAB (Ivory, M);BAOCCCA158TM;CAB;Ivory;M;CERRO VERDE;1
2026;JUNIO;BASIC LINE OVERSIZED CAB;[BAOCCCA158TXS] BASIC LINE OVERSIZED CAB (Ivory, XS);BAOCCCA158TXS;CAB;Ivory;XS;LA VELA;1
2026;JUNIO;BASIC LINE CROP TEE DAMA;[BACCCDA43TL] BASIC LINE CROP TEE DAMA (Black, L);BACCCDA43TL;DAMA;Negro;L;GRIETA;1
2026;JUNIO;BASIC LINE OVERSIZED CAB;[BAOCCCA38TL] BASIC LINE OVERSIZED CAB (Peanut, L);BAOCCCA38TL;CAB;Peanut;L;GRIETA;1
2026;JUNIO;BASIC LINE PANT DAMA;[BAPCCDA43TL] BASIC LINE PANT DAMA (Black, L);BAPCCDA43TL;DAMA;Negro;L;GRIETA;1
2026;JUNIO;BASIC LINE SHORT DAMA;[BASCCDA38TM] BASIC LINE SHORT DAMA (Peanut, M);BASCCDA38TM;DAMA;Peanut;M;LA VELA;1
2026;JUNIO;BASIC LINE PANT DAMA;[BAPCCDA184TM] BASIC LINE PANT DAMA (Peanut, M);BAPCCDA184TM;DAMA;Peanut;M;LA VELA;1
2026;JUNIO;BASIC LINE CROP TEE DAMA;[BACCCDA158TXS] BASIC LINE CROP TEE DAMA (Ivory, XS);BACCCDA158TXS;DAMA;Ivory;XS;LA VELA;1
2026;JUNIO;BASIC LINE CROP TEE DAMA;[BACCCDA43TS] BASIC LINE CROP TEE DAMA (Black, S);BACCCDA43TS;DAMA;Negro;S;LA VELA;1
2026;JUNIO;BASIC LINE OVERSIZED CAB;[BAOCCCA158TM] BASIC LINE OVERSIZED CAB (Ivory, M);BAOCCCA158TM;CAB;Ivory;M;CERRO VERDE;1
2026;JUNIO;BASIC LINE CROP TEE DAMA;[BACCCDA38TL] BASIC LINE CROP TEE DAMA (Peanut, L);BACCCDA38TL;DAMA;Peanut;L;SAMBIL VALENCIA;1
2026;JUNIO;BASIC LINE PANT DAMA;[BAPCCDA184TM] BASIC LINE PANT DAMA (Peanut, M);BAPCCDA184TM;DAMA;Peanut;M;SAMBIL VALENCIA;1
2026;JUNIO;BASIC LINE PANT DAMA;[BAPCCDA43TM] BASIC LINE PANT DAMA (Black, M);BAPCCDA43TM;DAMA;Negro;M;SAMBIL VALENCIA;1
2026;JUNIO;BASIC LINE CROP TEE DAMA;[BACCCDA43TS] BASIC LINE CROP TEE DAMA (Black, S);BACCCDA43TS;DAMA;Negro;S;SAMBIL VALENCIA;1
2026;JUNIO;BASIC LINE SHORT DAMA;[BASCCDA38TM] BASIC LINE SHORT DAMA (Peanut, M);BASCCDA38TM;DAMA;Peanut;M;LA VELA;1
2026;JUNIO;BASIC LINE CROP TEE DAMA;[BACCCDA38TL] BASIC LINE CROP TEE DAMA (Peanut, L);BACCCDA38TL;DAMA;Peanut;L;LA VELA;1
2026;JUNIO;BASIC LINE OVERSIZED CAB;[BAOCCCA43TM] BASIC LINE OVERSIZED CAB (Black, M);BAOCCCA43TM;CAB;Negro;M;LA VELA;1
2026;JUNIO;BASIC LINE OVERSIZED CAB;[BAOCCCA158T2XL] BASIC LINE OVERSIZED CAB (Ivory, 2XL);BAOCCCA158T2XL;CAB;Ivory;2XL;LA VELA;1
2026;JUNIO;BASIC LINE OVERSIZED CAB;[BAOCCCA158TM] BASIC LINE OVERSIZED CAB (Ivory, M);BAOCCCA158TM;CAB;Ivory;M;SAMBIL VALENCIA;1
2026;JUNIO;BASIC LINE CROP TEE DAMA;[BACCCDA158TL] BASIC LINE CROP TEE DAMA (Ivory, L);BACCCDA158TL;DAMA;Ivory;L;LA VELA;1
2026;JUNIO;BASIC LINE PANT DAMA;[BAPCCDA184TS] BASIC LINE PANT DAMA (Peanut, S);BAPCCDA184TS;DAMA;Peanut;S;SAMBIL VALENCIA;1
2026;JUNIO;BASIC LINE CROP TEE DAMA;[BACCCDA38TS] BASIC LINE CROP TEE DAMA (Peanut, S);BACCCDA38TS;DAMA;Peanut;S;SAMBIL VALENCIA;1
2026;JUNIO;BASIC LINE OVERSIZED CAB;[BAOCCCA43TM] BASIC LINE OVERSIZED CAB (Black, M);BAOCCCA43TM;CAB;Negro;M;LA VELA;1
2026;JUNIO;BASIC LINE CROP TEE DAMA;[BACCCDA43TXS] BASIC LINE CROP TEE DAMA (Black, XS);BACCCDA43TXS;DAMA;Negro;XS;GRIETA;1
2026;JUNIO;BASIC LINE OVERSIZED CAB;[BAOCCCA158TM] BASIC LINE OVERSIZED CAB (Ivory, M);BAOCCCA158TM;CAB;Ivory;M;GRIETA;-1
2026;JUNIO;BASIC LINE OVERSIZED CAB;[BAOCCCA43TM] BASIC LINE OVERSIZED CAB (Black, M);BAOCCCA43TM;CAB;Negro;M;GRIETA;1
2026;SEPTIEMBRE;BASIC LINE PANT;[BAPCCDA184TM] BASIC LINE PANT DAMA (Peanut, M);BAPCCDA184TM;DAMA;Peanut;M;Sambil Valencia;1
2026;SEPTIEMBRE;BASIC LINE CROP TEE;[BACCCDA158TM] BASIC LINE CROP TEE DAMA (Ivory, M);BACCCDA158TM;DAMA;Ivory;M;La Vela;1
2026;SEPTIEMBRE;BASIC LINE CROP TEE;[BACCCDA43TXL] BASIC LINE CROP TEE DAMA (Black, XL);BACCCDA43TXL;DAMA;Black;XL;La Vela;1
2026;SEPTIEMBRE;BASIC LINE CROP TEE;[BACCCDA43TXS] BASIC LINE CROP TEE DAMA (Black, XS);BACCCDA43TXS;DAMA;Black;XS;Sambil Valencia;1
2026;SEPTIEMBRE;BASIC LINE SHORT;[BASCCDA43TM] BASIC LINE SHORT DAMA (Black, M);BASCCDA43TM;DAMA;Black;M;La Grieta;1
2026;SEPTIEMBRE;BASIC LINE CROP TEE;[BACCCDA158TM] BASIC LINE CROP TEE DAMA (Ivory, M);BACCCDA158TM;DAMA;Ivory;M;La Grieta;1
2026;SEPTIEMBRE;BASIC LINE OVERSIZED;[BAOCCCA38TXL] BASIC LINE OVERSIZED CAB (Peanut, XL);BAOCCCA38TXL;CAB;Peanut;XL;La Vela;1
2026;SEPTIEMBRE;BASIC LINE OVERSIZED;[BAOCCCA43TM] BASIC LINE OVERSIZED CAB (Black, M);BAOCCCA43TM;CAB;Black;M;La Vela;1
2026;SEPTIEMBRE;BASIC LINE CROP TEE;[BACCCDA38TXS] BASIC LINE CROP TEE DAMA (Peanut, XS);BACCCDA38TXS;DAMA;Peanut;XS;Sambil Valencia;1
2026;SEPTIEMBRE;BASIC LINE PANT;[BAPCCDA43TM] BASIC LINE PANT DAMA (Black, M);BAPCCDA43TM;DAMA;Black;M;Sambil Valencia;1
2026;SEPTIEMBRE;BASIC LINE CROP TEE;[BACCCDA43TM] BASIC LINE CROP TEE DAMA (Black, M);BACCCDA43TM;DAMA;Black;M;Sambil Valencia;1
2026;SEPTIEMBRE;BASIC LINE OVERSIZED;[BAOCCCA158TS] BASIC LINE OVERSIZED CAB (Ivory, S);BAOCCCA158TS;CAB;Ivory;S;La Grieta;1
2026;SEPTIEMBRE;BASIC LINE CROP TEE;[BACCCDA158TM] BASIC LINE CROP TEE DAMA (Ivory, M);BACCCDA158TM;DAMA;Ivory;M;Sambil Valencia;1
2026;SEPTIEMBRE;BASIC LINE OVERSIZED;[BAOCCCA43TL] BASIC LINE OVERSIZED CAB (Black, L);BAOCCCA43TL;CAB;Black;L;La Grieta;1
2026;SEPTIEMBRE;BASIC LINE OVERSIZED;[BAOCCCA38TS] BASIC LINE OVERSIZED CAB (Peanut, S);BAOCCCA38TS;CAB;Peanut;S;Pedidos;1
2026;SEPTIEMBRE;BASIC LINE CROP TEE;[BACCCDA158TL] BASIC LINE CROP TEE DAMA (Ivory, L);BACCCDA158TL;DAMA;Ivory;L;Pedidos;1
2026;SEPTIEMBRE;BASIC LINE PANT;[BAPCCDA43TXL] BASIC LINE PANT DAMA (Black, XL);BAPCCDA43TXL;DAMA;Black;XL;Sambil Valencia;1
2026;AGOSTO;BASIC LINE OVERSIZED;[BAOCCCA43TXL] BASIC LINE OVERSIZED CAB (Black, XL);BAOCCCA43TXL;CAB;Black;XL;Sambil Chacao ;1
2026;AGOSTO;BASIC LINE OVERSIZED;[BAOCCCA158TXL] BASIC LINE OVERSIZED CAB (Ivory, XL);BAOCCCA158TXL;CAB;Ivory;XL;Cerro Verde ;1
2026;AGOSTO;BASIC LINE OVERSIZED;[BAOCCCA38TM] BASIC LINE OVERSIZED CAB (Peanut, M);BAOCCCA38TM;CAB;Peanut;M;La Grieta;1
2026;AGOSTO;BASIC LINE PANT;[BAPCCDA184TS] BASIC LINE PANT DAMA (Peanut, S);BAPCCDA184TS;DAMA;Peanut;S;La Grieta;1
2026;AGOSTO;BASIC LINE CROP TEE;[BACCCDA38TM] BASIC LINE CROP TEE DAMA (Peanut, M);BACCCDA38TM;DAMA;Peanut;M;La Grieta;1
2026;AGOSTO;BASIC LINE OVERSIZED;[BAOCCCA158T2XL] BASIC LINE OVERSIZED CAB (Ivory, 2XL);BAOCCCA158T2XL;CAB;Ivory;2XL;La Grieta;1
2026;AGOSTO;BASIC LINE CROP TEE;[BACCCDA158TL] BASIC LINE CROP TEE DAMA (Ivory, L);BACCCDA158TL;DAMA;Ivory;L;La Grieta;1
2026;AGOSTO;BASIC LINE OVERSIZED;[BAOCCCA158TXS] BASIC LINE OVERSIZED CAB (Ivory, XS);BAOCCCA158TXS;CAB;Ivory;XS;La Grieta;1
2026;AGOSTO;BASIC LINE OVERSIZED;[BAOCCCA38TL] BASIC LINE OVERSIZED CAB (Peanut, L);BAOCCCA38TL;CAB;Peanut;L;La Grieta;1
2026;AGOSTO;BASIC LINE CROP TEE;[BACCCDA158TS] BASIC LINE CROP TEE DAMA (Ivory, S);BACCCDA158TS;DAMA;Ivory;S;Sambil Chacao ;1
2026;AGOSTO;BASIC LINE OVERSIZED;[BAOCCCA158TL] BASIC LINE OVERSIZED CAB (Ivory, L);BAOCCCA158TL;CAB;Ivory;L;Sambil Chacao ;1
2026;AGOSTO;BASIC LINE OVERSIZED;[BAOCCCA38TL] BASIC LINE OVERSIZED CAB (Peanut, L);BAOCCCA38TL;CAB;Peanut;L;Sambil Chacao ;1
2026;AGOSTO;BASIC LINE CROP TEE;[BACCCDA158TM] BASIC LINE CROP TEE DAMA (Ivory, M);BACCCDA158TM;DAMA;Ivory;M;Cerro Verde ;1
2026;AGOSTO;BASIC LINE OVERSIZED;[BAOCCCA43TM] BASIC LINE OVERSIZED CAB (Black, M);BAOCCCA43TM;CAB;Black;M;La Vela;1
2026;AGOSTO;BASIC LINE PANT;[BAPCCDA184TXS] BASIC LINE PANT DAMA (Peanut, XS);BAPCCDA184TXS;DAMA;Peanut;XS;Cerro Verde ;1
2026;AGOSTO;BASIC LINE CROP TEE;[BACCCDA38TXS] BASIC LINE CROP TEE DAMA (Peanut, XS);BACCCDA38TXS;DAMA;Peanut;XS;Cerro Verde ;1
2026;AGOSTO;BASIC LINE CROP TEE;[BACCCDA43TS] BASIC LINE CROP TEE DAMA (Black, S);BACCCDA43TS;DAMA;Black;S;Cerro Verde ;1
2026;AGOSTO;BASIC LINE CROP TEE;[BACCCDA38TXL] BASIC LINE CROP TEE DAMA (Peanut, XL);BACCCDA38TXL;DAMA;Peanut;XL;La Vela;1
2026;AGOSTO;BASIC LINE PANT;[BAPCCDA184TXL] BASIC LINE PANT DAMA (Peanut, XL);BAPCCDA184TXL;DAMA;Peanut;XL;La Vela;1
2026;AGOSTO;BASIC LINE OVERSIZED;[BAOCCCA158TS] BASIC LINE OVERSIZED CAB (Ivory, S);BAOCCCA158TS;CAB;Ivory;S;La Vela;1
2026;AGOSTO;BASIC LINE OVERSIZED;[BAOCCCA43TS] BASIC LINE OVERSIZED CAB (Black, S);BAOCCCA43TS;CAB;Black;S;La Vela;1
2026;AGOSTO;BASIC LINE CROP TEE;[BACCCDA43TS] BASIC LINE CROP TEE DAMA (Black, S);BACCCDA43TS;DAMA;Black;S;La Vela;1
2026;AGOSTO;BASIC LINE CROP TEE;[BACCCDA158TXS] BASIC LINE CROP TEE DAMA (Ivory, XS);BACCCDA158TXS;DAMA;Ivory;XS;La Vela;1
2026;AGOSTO;BASIC LINE CROP TEE;[BACCCDA158TM] BASIC LINE CROP TEE DAMA (Ivory, M);BACCCDA158TM;DAMA;Ivory;M;Sambil Valencia;1
2026;AGOSTO;BASIC LINE SHORT;[BASCCDA43TM] BASIC LINE SHORT DAMA (Black, M);BASCCDA43TM;DAMA;Black;M;Sambil Chacao ;1
2026;AGOSTO;BASIC LINE SHORT;[BASCCDA38TM] BASIC LINE SHORT DAMA (Peanut, M);BASCCDA38TM;DAMA;Peanut;M;Sambil Chacao ;1
2026;AGOSTO;BASIC LINE OVERSIZED;[BAOCCCA38TXS] BASIC LINE OVERSIZED CAB (Peanut, XS);BAOCCCA38TXS;CAB;Peanut;XS;Sambil Chacao ;1
2026;AGOSTO;BASIC LINE OVERSIZED;[BAOCCCA43TXS] BASIC LINE OVERSIZED CAB (Black, XS);BAOCCCA43TXS;CAB;Black;XS;Sambil Chacao ;1
2026;AGOSTO;BASIC LINE OVERSIZED;[BAOCCCA43TS] BASIC LINE OVERSIZED CAB (Black, S);BAOCCCA43TS;CAB;Black;S;Sambil Chacao ;1
2026;AGOSTO;BASIC LINE OVERSIZED;[BAOCCCA43TXS] BASIC LINE OVERSIZED CAB (Black, XS);BAOCCCA43TXS;CAB;Black;XS;La Vela;1
2026;AGOSTO;BASIC LINE OVERSIZED;[BAOCCCA38TM] BASIC LINE OVERSIZED CAB (Peanut, M);BAOCCCA38TM;CAB;Peanut;M;La Grieta;1
2026;AGOSTO;BASIC LINE OVERSIZED;[BAOCCCA158TXL] BASIC LINE OVERSIZED CAB (Ivory, XL);BAOCCCA158TXL;CAB;Ivory;XL;La Grieta;1
2026;AGOSTO;BASIC LINE CROP TEE;[BACCCDA158TXL] BASIC LINE CROP TEE DAMA (Ivory, XL);BACCCDA158TXL;DAMA;Ivory;XL;Sambil Chacao ;1
2026;AGOSTO;BASIC LINE CROP TEE;[BACCCDA158TXS] BASIC LINE CROP TEE DAMA (Ivory, XS);BACCCDA158TXS;DAMA;Ivory;XS;Sambil Valencia;1
2026;AGOSTO;BASIC LINE PANT;[BAPCCDA43TS] BASIC LINE PANT DAMA (Black, S);BAPCCDA43TS;DAMA;Black;S;La Grieta;1
2026;AGOSTO;BASIC LINE CROP TEE;[BACCCDA43TS] BASIC LINE CROP TEE DAMA (Black, S);BACCCDA43TS;DAMA;Black;S;La Grieta;1
2026;AGOSTO;BASIC LINE CROP TEE;[BACCCDA38TXL] BASIC LINE CROP TEE DAMA (Peanut, XL);BACCCDA38TXL;DAMA;Peanut;XL;La Vela;1
2026;AGOSTO;BASIC LINE CROP TEE;[BACCCDA158TXL] BASIC LINE CROP TEE DAMA (Ivory, XL);BACCCDA158TXL;DAMA;Ivory;XL;La Vela;1
2026;AGOSTO;BASIC LINE CROP TEE;[BACCCDA158TM] BASIC LINE CROP TEE DAMA (Ivory, M);BACCCDA158TM;DAMA;Ivory;M;La Vela;1
2026;AGOSTO;BASIC LINE OVERSIZED;[BAOCCCA158TS] BASIC LINE OVERSIZED CAB (Ivory, S);BAOCCCA158TS;CAB;Ivory;S;La Grieta;1
2026;AGOSTO;BASIC LINE OVERSIZED;[BAOCCCA43TS] BASIC LINE OVERSIZED CAB (Black, S);BAOCCCA43TS;CAB;Black;S;La Grieta;1
2026;AGOSTO;BASIC LINE CROP TEE;[BACCCDA38TM] BASIC LINE CROP TEE DAMA (Peanut, M);BACCCDA38TM;DAMA;Peanut;M;Cerro Verde ;1
2026;AGOSTO;BASIC LINE PANT;[BAPCCDA184TL] BASIC LINE PANT DAMA (Peanut, L);BAPCCDA184TL;DAMA;Peanut;L;Cerro Verde ;1
2026;AGOSTO;BASIC LINE OVERSIZED;[BAOCCCA43TL] BASIC LINE OVERSIZED CAB (Black, L);BAOCCCA43TL;CAB;Black;L;Cerro Verde ;1
2026;AGOSTO;BASIC LINE CROP TEE;[BACCCDA158TM] BASIC LINE CROP TEE DAMA (Ivory, M);BACCCDA158TM;DAMA;Ivory;M;La Vela;1
2026;AGOSTO;BASIC LINE CROP TEE;[BACCCDA158TS] BASIC LINE CROP TEE DAMA (Ivory, S);BACCCDA158TS;DAMA;Ivory;S;La Vela;1
2026;AGOSTO;BASIC LINE OVERSIZED;[BAOCCCA158TM] BASIC LINE OVERSIZED CAB (Ivory, M);BAOCCCA158TM;CAB;Ivory;M;Cerro Verde ;1
2026;AGOSTO;BASIC LINE CROP TEE;[BACCCDA158TL] BASIC LINE CROP TEE DAMA (Ivory, L);BACCCDA158TL;DAMA;Ivory;L;Sambil Valencia;1
2026;AGOSTO;BASIC LINE SHORT;[BASCCDA38TL] BASIC LINE SHORT DAMA (Peanut, L);BASCCDA38TL;DAMA;Peanut;L;Cerro Verde ;1
2026;AGOSTO;BASIC LINE OVERSIZED;[BAOCCCA38TL] BASIC LINE OVERSIZED CAB (Peanut, L);BAOCCCA38TL;CAB;Peanut;L;Cerro Verde ;1
2026;AGOSTO;BASIC LINE CROP TEE;[BACCCDA38TXS] BASIC LINE CROP TEE DAMA (Peanut, XS);BACCCDA38TXS;DAMA;Peanut;XS;La Grieta;1
2026;AGOSTO;BASIC LINE CROP TEE;[BACCCDA158TL] BASIC LINE CROP TEE DAMA (Ivory, L);BACCCDA158TL;DAMA;Ivory;L;Sambil Valencia;1
2026;AGOSTO;BASIC LINE OVERSIZED;[BAOCCCA38TL] BASIC LINE OVERSIZED CAB (Peanut, L);BAOCCCA38TL;CAB;Peanut;L;La Vela;1
2026;AGOSTO;BASIC LINE OVERSIZED;[BAOCCCA43TL] BASIC LINE OVERSIZED CAB (Black, L);BAOCCCA43TL;CAB;Black;L;Tolon;1
2026;AGOSTO;BASIC LINE OVERSIZED;[BAOCCCA38TS] BASIC LINE OVERSIZED CAB (Peanut, S);BAOCCCA38TS;CAB;Peanut;S;La Vela;1
2026;AGOSTO;BASIC LINE OVERSIZED;[BAOCCCA43TL] BASIC LINE OVERSIZED CAB (Black, L);BAOCCCA43TL;CAB;Black;L;Grandplaz ;1
2026;AGOSTO;BASIC LINE PANT;[BAPCCDA43TXS] BASIC LINE PANT DAMA (Black, XS);BAPCCDA43TXS;DAMA;Black;XS;La Grieta;1
2026;AGOSTO;BASIC LINE CROP TEE;[BACCCDA158TXS] BASIC LINE CROP TEE DAMA (Ivory, XS);BACCCDA158TXS;DAMA;Ivory;XS;La Grieta;1
2026;AGOSTO;BASIC LINE CROP TEE;[BACCCDA43TXS] BASIC LINE CROP TEE DAMA (Black, XS);BACCCDA43TXS;DAMA;Black;XS;Pedidos;1
2026;AGOSTO;BASIC LINE PANT;[BAPCCDA43TXS] BASIC LINE PANT DAMA (Black, XS);BAPCCDA43TXS;DAMA;Black;XS;Pedidos;1
2026;AGOSTO;BASIC LINE CROP TEE;[BACCCDA38TM] BASIC LINE CROP TEE DAMA (Peanut, M);BACCCDA38TM;DAMA;Peanut;M;Cerro Verde ;1
2026;AGOSTO;BASIC LINE CROP TEE;[BACCCDA158TS] BASIC LINE CROP TEE DAMA (Ivory, S);BACCCDA158TS;DAMA;Ivory;S;La Vela;1
2026;AGOSTO;BASIC LINE OVERSIZED;[BAOCCCA158TL] BASIC LINE OVERSIZED CAB (Ivory, L);BAOCCCA158TL;CAB;Ivory;L;La Vela;1
2026;AGOSTO;BASIC LINE OVERSIZED;[BAOCCCA38TXL] BASIC LINE OVERSIZED CAB (Peanut, XL);BAOCCCA38TXL;CAB;Peanut;XL;Sambil Valencia;1
2026;AGOSTO;BASIC LINE OVERSIZED;[BAOCCCA158TXL] BASIC LINE OVERSIZED CAB (Ivory, XL);BAOCCCA158TXL;CAB;Ivory;XL;Sambil Valencia;1
2026;AGOSTO;BASIC LINE OVERSIZED;[BAOCCCA43TL] BASIC LINE OVERSIZED CAB (Black, L);BAOCCCA43TL;CAB;Black;L;Cerro Verde ;1
2026;AGOSTO;BASIC LINE OVERSIZED;[BAOCCCA43T2XL] BASIC LINE OVERSIZED CAB (Black, 2XL);BAOCCCA43T2XL;CAB;Black;2XL;Sambil Valencia;1
2026;AGOSTO;BASIC LINE OVERSIZED;[BAOCCCA38TXS] BASIC LINE OVERSIZED CAB (Peanut, XS);BAOCCCA38TXS;CAB;Peanut;XS;La Vela;1
2026;AGOSTO;BASIC LINE CROP TEE;[BACCCDA158TS] BASIC LINE CROP TEE DAMA (Ivory, S);BACCCDA158TS;DAMA;Ivory;S;Sambil Valencia;1
2026;AGOSTO;BASIC LINE OVERSIZED;[BAOCCCA158T2XL] BASIC LINE OVERSIZED CAB (Ivory, 2XL);BAOCCCA158T2XL;CAB;Ivory;2XL;La Vela;1
2026;AGOSTO;BASIC LINE OVERSIZED;[BAOCCCA158T2XL] BASIC LINE OVERSIZED CAB (Ivory, 2XL);BAOCCCA158T2XL;CAB;Ivory;2XL;La Vela;-1
2026;AGOSTO;BASIC LINE OVERSIZED;[BAOCCCA158T2XL] BASIC LINE OVERSIZED CAB (Ivory, 2XL);BAOCCCA158T2XL;CAB;Ivory;2XL;La Vela;1
2026;AGOSTO;BASIC LINE OVERSIZED;[BAOCCCA158T2XL] BASIC LINE OVERSIZED CAB (Ivory, 2XL);BAOCCCA158T2XL;CAB;Ivory;2XL;Cerro Verde ;1
2026;AGOSTO;BASIC LINE OVERSIZED;[BAOCCCA43T2XL] BASIC LINE OVERSIZED CAB (Black, 2XL);BAOCCCA43T2XL;CAB;Black;2XL;La Vela;1
2026;AGOSTO;BASIC LINE PANT;[BAPCCDA43TL] BASIC LINE PANT DAMA (Black, L);BAPCCDA43TL;DAMA;Black;L;Sambil Valencia;1
2026;AGOSTO;BASIC LINE OVERSIZED;[BAOCCCA43T2XL] BASIC LINE OVERSIZED CAB (Black, 2XL);BAOCCCA43T2XL;CAB;Black;2XL;La Grieta;1
2026;AGOSTO;BASIC LINE CROP TEE;[BACCCDA43TXS] BASIC LINE CROP TEE DAMA (Black, XS);BACCCDA43TXS;DAMA;Black;XS;Sambil Chacao ;1
2026;AGOSTO;BASIC LINE SHORT;[BASCCDA43TM] BASIC LINE SHORT DAMA (Black, M);BASCCDA43TM;DAMA;Black;M;Sambil Chacao ;1
2026;AGOSTO;BASIC LINE OVERSIZED;[BAOCCCA158TXS] BASIC LINE OVERSIZED CAB (Ivory, XS);BAOCCCA158TXS;CAB;Ivory;XS;La Vela;1
2026;AGOSTO;BASIC LINE OVERSIZED;[BAOCCCA38TXL] BASIC LINE OVERSIZED CAB (Peanut, XL);BAOCCCA38TXL;CAB;Peanut;XL;Sambil Valencia;1
2026;AGOSTO;BASIC LINE PANT;[BAPCCDA43TM] BASIC LINE PANT DAMA (Black, M);BAPCCDA43TM;DAMA;Black;M;Cerro Verde ;1
2026;AGOSTO;BASIC LINE CROP TEE;[BACCCDA43TS] BASIC LINE CROP TEE DAMA (Black, S);BACCCDA43TS;DAMA;Black;S;Cerro Verde ;1
2026;AGOSTO;BASIC LINE OVERSIZED;[BAOCCCA43TL] BASIC LINE OVERSIZED CAB (Black, L);BAOCCCA43TL;CAB;Black;L;Sambil Valencia;1
2026;AGOSTO;BASIC LINE OVERSIZED;[BAOCCCA38TM] BASIC LINE OVERSIZED CAB (Peanut, M);BAOCCCA38TM;CAB;Peanut;M;Sambil Valencia;1
2026;AGOSTO;BASIC LINE OVERSIZED;[BAOCCCA158TM] BASIC LINE OVERSIZED CAB (Ivory, M);BAOCCCA158TM;CAB;Ivory;M;Sambil Valencia;1
2026;AGOSTO;BASIC LINE SHORT;[BASCCDA38TM] BASIC LINE SHORT DAMA (Peanut, M);BASCCDA38TM;DAMA;Peanut;M;Sambil Valencia;1
2026;AGOSTO;BASIC LINE CROP TEE;[BACCCDA158TXS] BASIC LINE CROP TEE DAMA (Ivory, XS);BACCCDA158TXS;DAMA;Ivory;XS;Sambil Valencia;1
2026;AGOSTO;BASIC LINE OVERSIZED;[BAOCCCA38TXL] BASIC LINE OVERSIZED CAB (Peanut, XL);BAOCCCA38TXL;CAB;Peanut;XL;La Vela;1
2026;AGOSTO;BASIC LINE CROP TEE;[BACCCDA158TXL] BASIC LINE CROP TEE DAMA (Ivory, XL);BACCCDA158TXL;DAMA;Ivory;XL;Sambil Chacao ;1
2026;AGOSTO;BASIC LINE PANT;[BAPCCDA43TL] BASIC LINE PANT DAMA (Black, L);BAPCCDA43TL;DAMA;Black;L;Sambil Chacao ;1
2026;AGOSTO;BASIC LINE OVERSIZED;[BAOCCCA38TM] BASIC LINE OVERSIZED CAB (Peanut, M);BAOCCCA38TM;CAB;Peanut;M;La Vela;1
2026;AGOSTO;BASIC LINE CROP TEE;[BACCCDA158TXL] BASIC LINE CROP TEE DAMA (Ivory, XL);BACCCDA158TXL;DAMA;Ivory;XL;La Vela;1
2026;AGOSTO;BASIC LINE CROP TEE;[BACCCDA158TXS] BASIC LINE CROP TEE DAMA (Ivory, XS);BACCCDA158TXS;DAMA;Ivory;XS;La Grieta;1
2026;AGOSTO;BASIC LINE OVERSIZED;[BAOCCCA38TXL] BASIC LINE OVERSIZED CAB (Peanut, XL);BAOCCCA38TXL;CAB;Peanut;XL;La Vela;1
2026;AGOSTO;BASIC LINE OVERSIZED;[BAOCCCA38TM] BASIC LINE OVERSIZED CAB (Peanut, M);BAOCCCA38TM;CAB;Peanut;M;La Vela;1
2026;AGOSTO;BASIC LINE OVERSIZED;[BAOCCCA38TL] BASIC LINE OVERSIZED CAB (Peanut, L);BAOCCCA38TL;CAB;Peanut;L;Sambil Valencia;1
2026;AGOSTO;BASIC LINE OVERSIZED;[BAOCCCA158TL] BASIC LINE OVERSIZED CAB (Ivory, L);BAOCCCA158TL;CAB;Ivory;L;Sambil Valencia;1
2026;AGOSTO;BASIC LINE OVERSIZED;[BAOCCCA158TL] BASIC LINE OVERSIZED CAB (Ivory, L);BAOCCCA158TL;CAB;Ivory;L;Sambil Valencia;-1
2026;AGOSTO;BASIC LINE CROP TEE;[BACCCDA43TXL] BASIC LINE CROP TEE DAMA (Black, XL);BACCCDA43TXL;DAMA;Black;XL;Sambil Valencia;1
2026;AGOSTO;BASIC LINE OVERSIZED;[BAOCCCA158TL] BASIC LINE OVERSIZED CAB (Ivory, L);BAOCCCA158TL;CAB;Ivory;L;Sambil Valencia;1
2026;AGOSTO;BASIC LINE CROP TEE;[BACCCDA158TS] BASIC LINE CROP TEE DAMA (Ivory, S);BACCCDA158TS;DAMA;Ivory;S;Sambil Valencia;1
2026;AGOSTO;BASIC LINE CROP TEE;[BACCCDA158TS] BASIC LINE CROP TEE DAMA (Ivory, S);BACCCDA158TS;DAMA;Ivory;S;Sambil Valencia;1
2026;AGOSTO;BASIC LINE OVERSIZED;[BAOCCCA43TM] BASIC LINE OVERSIZED CAB (Black, M);BAOCCCA43TM;CAB;Black;M;La Vela;1
2026;AGOSTO;BASIC LINE OVERSIZED;[BAOCCCA158TXL] BASIC LINE OVERSIZED CAB (Ivory, XL);BAOCCCA158TXL;CAB;Ivory;XL;La Vela;1
2026;AGOSTO;BASIC LINE SHORT;[BASCCDA43TXL] BASIC LINE SHORT DAMA (Black, XL);BASCCDA43TXL;DAMA;Black;XL;La Grieta;2
2026;AGOSTO;BASIC LINE SHORT;[BASCCDA38TXL] BASIC LINE SHORT DAMA (Peanut, XL);BASCCDA38TXL;DAMA;Peanut;XL;La Grieta;1
2026;AGOSTO;BASIC LINE OVERSIZED;[BAOCCCA158TL] BASIC LINE OVERSIZED CAB (Ivory, L);BAOCCCA158TL;CAB;Ivory;L;La Vela;1
2026;AGOSTO;BASIC LINE OVERSIZED;[BAOCCCA158TM] BASIC LINE OVERSIZED CAB (Ivory, M);BAOCCCA158TM;CAB;Ivory;M;Cerro Verde ;1
2026;AGOSTO;BASIC LINE OVERSIZED;[BAOCCCA43TM] BASIC LINE OVERSIZED CAB (Black, M);BAOCCCA43TM;CAB;Black;M;La Vela;1
2026;AGOSTO;BASIC LINE OVERSIZED;[BAOCCCA38TXL] BASIC LINE OVERSIZED CAB (Peanut, XL);BAOCCCA38TXL;CAB;Peanut;XL;La Grieta;1
2026;AGOSTO;BASIC LINE SHORT;[BASCCDA38TXL] BASIC LINE SHORT DAMA (Peanut, XL);BASCCDA38TXL;DAMA;Peanut;XL;La Grieta;1
2026;AGOSTO;BASIC LINE CROP TEE;[BACCCDA43TS] BASIC LINE CROP TEE DAMA (Black, S);BACCCDA43TS;DAMA;Black;S;La Vela;1
2026;AGOSTO;BASIC LINE CROP TEE;[BACCCDA38TM] BASIC LINE CROP TEE DAMA (Peanut, M);BACCCDA38TM;DAMA;Peanut;M;Sambil Valencia;1
2026;AGOSTO;BASIC LINE CROP TEE;[BACCCDA158TL] BASIC LINE CROP TEE DAMA (Ivory, L);BACCCDA158TL;DAMA;Ivory;L;Tolon;1
2026;AGOSTO;BASIC LINE OVERSIZED;[BAOCCCA158TXS] BASIC LINE OVERSIZED CAB (Ivory, XS);BAOCCCA158TXS;CAB;Ivory;XS;Tolon;1
2026;AGOSTO;BASIC LINE CROP TEE;[BACCCDA43TL] BASIC LINE CROP TEE DAMA (Black, L);BACCCDA43TL;DAMA;Black;L;La Vela;1
2026;AGOSTO;BASIC LINE OVERSIZED;[BAOCCCA38TXL] BASIC LINE OVERSIZED CAB (Peanut, XL);BAOCCCA38TXL;CAB;Peanut;XL;Cerro Verde ;1
2026;AGOSTO;BASIC LINE OVERSIZED;[BAOCCCA38TL] BASIC LINE OVERSIZED CAB (Peanut, L);BAOCCCA38TL;CAB;Peanut;L;La Grieta;1
2026;AGOSTO;BASIC LINE OVERSIZED;[BAOCCCA43TL] BASIC LINE OVERSIZED CAB (Black, L);BAOCCCA43TL;CAB;Black;L;La Grieta;2
2026;AGOSTO;BASIC LINE OVERSIZED;[BAOCCCA158TL] BASIC LINE OVERSIZED CAB (Ivory, L);BAOCCCA158TL;CAB;Ivory;L;La Grieta;1
2026;AGOSTO;BASIC LINE CROP TEE;[BACCCDA38TM] BASIC LINE CROP TEE DAMA (Peanut, M);BACCCDA38TM;DAMA;Peanut;M;La Grieta;1
2026;AGOSTO;BASIC LINE PANT;[BAPCCDA184TM] BASIC LINE PANT DAMA (Peanut, M);BAPCCDA184TM;DAMA;Peanut;M;La Grieta;1
2026;AGOSTO;BASIC LINE OVERSIZED;[BAOCCCA43TL] BASIC LINE OVERSIZED CAB (Black, L);BAOCCCA43TL;CAB;Black;L;Tolon;1
2026;AGOSTO;BASIC LINE OVERSIZED;[BAOCCCA38TXS] BASIC LINE OVERSIZED CAB (Peanut, XS);BAOCCCA38TXS;CAB;Peanut;XS;Sambil Chacao ;1
2026;AGOSTO;BASIC LINE OVERSIZED;[BAOCCCA38TXS] BASIC LINE OVERSIZED CAB (Peanut, XS);BAOCCCA38TXS;CAB;Peanut;XS;Cerro Verde ;1
2026;AGOSTO;BASIC LINE SHORT;[BASCCDA38TXL] BASIC LINE SHORT DAMA (Peanut, XL);BASCCDA38TXL;DAMA;Peanut;XL;Cerro Verde ;1
2026;AGOSTO;BASIC LINE CROP TEE;[BACCCDA158TXL] BASIC LINE CROP TEE DAMA (Ivory, XL);BACCCDA158TXL;DAMA;Ivory;XL;Cerro Verde ;2
2026;AGOSTO;BASIC LINE OVERSIZED;[BAOCCCA158TXL] BASIC LINE OVERSIZED CAB (Ivory, XL);BAOCCCA158TXL;CAB;Ivory;XL;Cerro Verde ;1
2026;AGOSTO;BASIC LINE OVERSIZED;[BAOCCCA43TM] BASIC LINE OVERSIZED CAB (Black, M);BAOCCCA43TM;CAB;Black;M;Tolon;1
2026;AGOSTO;BASIC LINE CROP TEE;[BACCCDA38TXS] BASIC LINE CROP TEE DAMA (Peanut, XS);BACCCDA38TXS;DAMA;Peanut;XS;Sambil Valencia;1
2026;AGOSTO;BASIC LINE PANT;[BAPCCDA184TM] BASIC LINE PANT DAMA (Peanut, M);BAPCCDA184TM;DAMA;Peanut;M;Sambil Valencia;1
2026;AGOSTO;BASIC LINE CROP TEE;[BACCCDA43TM] BASIC LINE CROP TEE DAMA (Black, M);BACCCDA43TM;DAMA;Black;M;Sambil Chacao ;1
2026;AGOSTO;BASIC LINE CROP TEE;[BACCCDA43TS] BASIC LINE CROP TEE DAMA (Black, S);BACCCDA43TS;DAMA;Black;S;La Vela;1
2026;AGOSTO;BASIC LINE PANT;[BAPCCDA43TS] BASIC LINE PANT DAMA (Black, S);BAPCCDA43TS;DAMA;Black;S;La Vela;1
2026;AGOSTO;BASIC LINE CROP TEE;[BACCCDA38TL] BASIC LINE CROP TEE DAMA (Peanut, L);BACCCDA38TL;DAMA;Peanut;L;La Vela;1
2026;AGOSTO;BASIC LINE OVERSIZED;[BAOCCCA38TS] BASIC LINE OVERSIZED CAB (Peanut, S);BAOCCCA38TS;CAB;Peanut;S;La Vela;1
2026;AGOSTO;BASIC LINE PANT;[BAPCCDA184TL] BASIC LINE PANT DAMA (Peanut, L);BAPCCDA184TL;DAMA;Peanut;L;Tolon;1
2026;AGOSTO;BASIC LINE PANT;[BAPCCDA184TXS] BASIC LINE PANT DAMA (Peanut, XS);BAPCCDA184TXS;DAMA;Peanut;XS;Cerro Verde ;1
2026;AGOSTO;BASIC LINE CROP TEE;[BACCCDA38TXS] BASIC LINE CROP TEE DAMA (Peanut, XS);BACCCDA38TXS;DAMA;Peanut;XS;Cerro Verde ;1
2026;AGOSTO;BASIC LINE PANT;[BAPCCDA184TS] BASIC LINE PANT DAMA (Peanut, S);BAPCCDA184TS;DAMA;Peanut;S;Sambil Valencia;1
2026;AGOSTO;BASIC LINE OVERSIZED;[BAOCCCA158TM] BASIC LINE OVERSIZED CAB (Ivory, M);BAOCCCA158TM;CAB;Ivory;M;Cerro Verde ;1
2026;AGOSTO;BASIC LINE CROP TEE;[BACCCDA158TM] BASIC LINE CROP TEE DAMA (Ivory, M);BACCCDA158TM;DAMA;Ivory;M;Cerro Verde ;1
2026;AGOSTO;BASIC LINE CROP TEE;[BACCCDA158TL] BASIC LINE CROP TEE DAMA (Ivory, L);BACCCDA158TL;DAMA;Ivory;L;Cerro Verde ;1
2026;AGOSTO;BASIC LINE OVERSIZED;[BAOCCCA158TM] BASIC LINE OVERSIZED CAB (Ivory, M);BAOCCCA158TM;CAB;Ivory;M;Sambil Valencia;1
2026;AGOSTO;BASIC LINE CROP TEE;[BACCCDA43TXS] BASIC LINE CROP TEE DAMA (Black, XS);BACCCDA43TXS;DAMA;Black;XS;Tolon;1
2026;AGOSTO;BASIC LINE PANT;[BAPCCDA43TS] BASIC LINE PANT DAMA (Black, S);BAPCCDA43TS;DAMA;Black;S;Tolon;1
2026;AGOSTO;BASIC LINE OVERSIZED;[BAOCCCA38TM] BASIC LINE OVERSIZED CAB (Peanut, M);BAOCCCA38TM;CAB;Peanut;M;Sambil Valencia;1
2026;AGOSTO;BASIC LINE OVERSIZED;[BAOCCCA158T2XL] BASIC LINE OVERSIZED CAB (Ivory, 2XL);BAOCCCA158T2XL;CAB;Ivory;2XL;Sambil Valencia;1
2026;AGOSTO;BASIC LINE OVERSIZED;[BAOCCCA158TS] BASIC LINE OVERSIZED CAB (Ivory, S);BAOCCCA158TS;CAB;Ivory;S;Sambil Valencia;1
2026;AGOSTO;BASIC LINE OVERSIZED;[BAOCCCA38TS] BASIC LINE OVERSIZED CAB (Peanut, S);BAOCCCA38TS;CAB;Peanut;S;Sambil Valencia;1
2026;AGOSTO;BASIC LINE CROP TEE;[BACCCDA38TS] BASIC LINE CROP TEE DAMA (Peanut, S);BACCCDA38TS;DAMA;Peanut;S;La Vela;1
2026;AGOSTO;BASIC LINE CROP TEE;[BACCCDA43TS] BASIC LINE CROP TEE DAMA (Black, S);BACCCDA43TS;DAMA;Black;S;La Vela;1
2026;AGOSTO;BASIC LINE PANT;[BAPCCDA43TL] BASIC LINE PANT DAMA (Black, L);BAPCCDA43TL;DAMA;Black;L;La Vela;1
2026;AGOSTO;BASIC LINE CROP TEE;[BACCCDA43TL] BASIC LINE CROP TEE DAMA (Black, L);BACCCDA43TL;DAMA;Black;L;La Vela;1
2026;AGOSTO;BASIC LINE CROP TEE;[BACCCDA158TXS] BASIC LINE CROP TEE DAMA (Ivory, XS);BACCCDA158TXS;DAMA;Ivory;XS;Sambil Chacao ;1
2026;AGOSTO;BASIC LINE PANT;[BAPCCDA43TL] BASIC LINE PANT DAMA (Black, L);BAPCCDA43TL;DAMA;Black;L;Cerro Verde ;1
2026;AGOSTO;BASIC LINE CROP TEE;[BACCCDA43TM] BASIC LINE CROP TEE DAMA (Black, M);BACCCDA43TM;DAMA;Black;M;Cerro Verde ;1
2026;AGOSTO;BASIC LINE PANT;[BAPCCDA184TXS] BASIC LINE PANT DAMA (Peanut, XS);BAPCCDA184TXS;DAMA;Peanut;XS;La Grieta;1
2026;AGOSTO;BASIC LINE CROP TEE;[BACCCDA43TS] BASIC LINE CROP TEE DAMA (Black, S);BACCCDA43TS;DAMA;Black;S;La Grieta;1
2026;AGOSTO;BASIC LINE PANT;[BAPCCDA43TS] BASIC LINE PANT DAMA (Black, S);BAPCCDA43TS;DAMA;Black;S;La Vela;1
2026;AGOSTO;BASIC LINE CROP TEE;[BACCCDA43TS] BASIC LINE CROP TEE DAMA (Black, S);BACCCDA43TS;DAMA;Black;S;La Vela;1
2026;AGOSTO;BASIC LINE OVERSIZED;[BAOCCCA43T2XL] BASIC LINE OVERSIZED CAB (Black, 2XL);BAOCCCA43T2XL;CAB;Black;2XL;Cerro Verde ;1
2026;AGOSTO;BASIC LINE OVERSIZED;[BAOCCCA38TXL] BASIC LINE OVERSIZED CAB (Peanut, XL);BAOCCCA38TXL;CAB;Peanut;XL;Sambil Valencia;1
2026;AGOSTO;BASIC LINE OVERSIZED;[BAOCCCA38TL] BASIC LINE OVERSIZED CAB (Peanut, L);BAOCCCA38TL;CAB;Peanut;L;La Grieta;1
2026;AGOSTO;BASIC LINE OVERSIZED;[BAOCCCA38TXS] BASIC LINE OVERSIZED CAB (Peanut, XS);BAOCCCA38TXS;CAB;Peanut;XS;La Grieta;1
2026;AGOSTO;BASIC LINE OVERSIZED;[BAOCCCA38TM] BASIC LINE OVERSIZED CAB (Peanut, M);BAOCCCA38TM;CAB;Peanut;M;La Grieta;1
2026;AGOSTO;BASIC LINE SHORT;[BASCCDA43TXL] BASIC LINE SHORT DAMA (Black, XL);BASCCDA43TXL;DAMA;Black;XL;Cerro Verde ;1
2026;AGOSTO;BASIC LINE SHORT;[BASCCDA38TXL] BASIC LINE SHORT DAMA (Peanut, XL);BASCCDA38TXL;DAMA;Peanut;XL;Cerro Verde ;1
2026;AGOSTO;BASIC LINE OVERSIZED;[BAOCCCA43TXS] BASIC LINE OVERSIZED CAB (Black, XS);BAOCCCA43TXS;CAB;Black;XS;Sambil Chacao ;1
2026;AGOSTO;BASIC LINE SHORT;[BASCCDA38TL] BASIC LINE SHORT DAMA (Peanut, L);BASCCDA38TL;DAMA;Peanut;L;Sambil Chacao ;1
2026;AGOSTO;BASIC LINE SHORT;[BASCCDA43TM] BASIC LINE SHORT DAMA (Black, M);BASCCDA43TM;DAMA;Black;M;Sambil Chacao ;1
2026;AGOSTO;BASIC LINE CROP TEE;[BACCCDA43TM] BASIC LINE CROP TEE DAMA (Black, M);BACCCDA43TM;DAMA;Black;M;Sambil Chacao ;1
2026;AGOSTO;BASIC LINE OVERSIZED;[BAOCCCA43TL] BASIC LINE OVERSIZED CAB (Black, L);BAOCCCA43TL;CAB;Black;L;Sambil Chacao ;1
2026;AGOSTO;BASIC LINE CROP TEE;[BACCCDA43TL] BASIC LINE CROP TEE DAMA (Black, L);BACCCDA43TL;DAMA;Black;L;Sambil Chacao ;1
2026;AGOSTO;BASIC LINE CROP TEE;[BACCCDA158TL] BASIC LINE CROP TEE DAMA (Ivory, L);BACCCDA158TL;DAMA;Ivory;L;Sambil Chacao ;1
2026;AGOSTO;BASIC LINE OVERSIZED;[BAOCCCA43TL] BASIC LINE OVERSIZED CAB (Black, L);BAOCCCA43TL;CAB;Black;L;Sambil Valencia;1
2026;AGOSTO;BASIC LINE CROP TEE;[BACCCDA158TXS] BASIC LINE CROP TEE DAMA (Ivory, XS);BACCCDA158TXS;DAMA;Ivory;XS;La Vela;1
2026;AGOSTO;BASIC LINE CROP TEE;[BACCCDA43TS] BASIC LINE CROP TEE DAMA (Black, S);BACCCDA43TS;DAMA;Black;S;La Vela;1
2026;AGOSTO;BASIC LINE OVERSIZED;[BAOCCCA158TL] BASIC LINE OVERSIZED CAB (Ivory, L);BAOCCCA158TL;CAB;Ivory;L;Cerro Verde ;1
2026;AGOSTO;BASIC LINE CROP TEE;[BACCCDA158TXS] BASIC LINE CROP TEE DAMA (Ivory, XS);BACCCDA158TXS;DAMA;Ivory;XS;Sambil Chacao ;1
2026;AGOSTO;BASIC LINE CROP TEE;[BACCCDA158TM] BASIC LINE CROP TEE DAMA (Ivory, M);BACCCDA158TM;DAMA;Ivory;M;Sambil Chacao ;1
2026;AGOSTO;BASIC LINE SHORT;[BASCCDA43TXL] BASIC LINE SHORT DAMA (Black, XL);BASCCDA43TXL;DAMA;Black;XL;Sambil Valencia;1
2026;AGOSTO;BASIC LINE PANT;[BAPCCDA43TXS] BASIC LINE PANT DAMA (Black, XS);BAPCCDA43TXS;DAMA;Black;XS;Tolon;1
2026;AGOSTO;BASIC LINE PANT;[BAPCCDA184TXS] BASIC LINE PANT DAMA (Peanut, XS);BAPCCDA184TXS;DAMA;Peanut;XS;Sambil Chacao ;1
2026;AGOSTO;BASIC LINE CROP TEE;[BACCCDA38TXS] BASIC LINE CROP TEE DAMA (Peanut, XS);BACCCDA38TXS;DAMA;Peanut;XS;Sambil Chacao ;1
2026;AGOSTO;BASIC LINE CROP TEE;[BACCCDA158TM] BASIC LINE CROP TEE DAMA (Ivory, M);BACCCDA158TM;DAMA;Ivory;M;Cerro Verde ;1
2026;AGOSTO;BASIC LINE OVERSIZED;[BAOCCCA158TL] BASIC LINE OVERSIZED CAB (Ivory, L);BAOCCCA158TL;CAB;Ivory;L;Sambil Chacao ;1
2026;AGOSTO;BASIC LINE CROP TEE;[BACCCDA43TM] BASIC LINE CROP TEE DAMA (Black, M);BACCCDA43TM;DAMA;Black;M;Cerro Verde ;1
2026;AGOSTO;BASIC LINE CROP TEE;[BACCCDA43TM] BASIC LINE CROP TEE DAMA (Black, M);BACCCDA43TM;DAMA;Black;M;Tolon;1
2026;AGOSTO;BASIC LINE OVERSIZED;[BAOCCCA158TM] BASIC LINE OVERSIZED CAB (Ivory, M);BAOCCCA158TM;CAB;Ivory;M;La Grieta;1
2026;AGOSTO;BASIC LINE CROP TEE;[BACCCDA43TL] BASIC LINE CROP TEE DAMA (Black, L);BACCCDA43TL;DAMA;Black;L;La Grieta;1
2026;AGOSTO;BASIC LINE OVERSIZED;[BAOCCCA43TL] BASIC LINE OVERSIZED CAB (Black, L);BAOCCCA43TL;CAB;Black;L;Sambil Valencia;1
2026;AGOSTO;BASIC LINE OVERSIZED;[BAOCCCA158TM] BASIC LINE OVERSIZED CAB (Ivory, M);BAOCCCA158TM;CAB;Ivory;M;La Grieta;1
2026;AGOSTO;BASIC LINE PANT;[BAPCCDA184TM] BASIC LINE PANT DAMA (Peanut, M);BAPCCDA184TM;DAMA;Peanut;M;Sambil Chacao ;1
2026;AGOSTO;BASIC LINE PANT;[BAPCCDA184TM] BASIC LINE PANT DAMA (Peanut, M);BAPCCDA184TM;DAMA;Peanut;M;Cerro Verde ;1
2026;AGOSTO;BASIC LINE CROP TEE;[BACCCDA158TL] BASIC LINE CROP TEE DAMA (Ivory, L);BACCCDA158TL;DAMA;Ivory;L;Cerro Verde ;1
2026;AGOSTO;BASIC LINE SHORT;[BASCCDA43TXL] BASIC LINE SHORT DAMA (Black, XL);BASCCDA43TXL;DAMA;Black;XL;Cerro Verde ;-1
2026;AGOSTO;BASIC LINE PANT;[BAPCCDA184TL] BASIC LINE PANT DAMA (Peanut, L);BAPCCDA184TL;DAMA;Peanut;L;Cerro Verde ;1
2026;AGOSTO;BASIC LINE CROP TEE;[BACCCDA38TL] BASIC LINE CROP TEE DAMA (Peanut, L);BACCCDA38TL;DAMA;Peanut;L;Cerro Verde ;1
2026;AGOSTO;BASIC LINE OVERSIZED;[BAOCCCA43TM] BASIC LINE OVERSIZED CAB (Black, M);BAOCCCA43TM;CAB;Black;M;Cerro Verde ;1
2026;AGOSTO;BASIC LINE OVERSIZED;[BAOCCCA158TS] BASIC LINE OVERSIZED CAB (Ivory, S);BAOCCCA158TS;CAB;Ivory;S;Sambil Valencia;1
2026;AGOSTO;BASIC LINE OVERSIZED;[BAOCCCA158TM] BASIC LINE OVERSIZED CAB (Ivory, M);BAOCCCA158TM;CAB;Ivory;M;Cerro Verde ;1
2026;AGOSTO;BASIC LINE OVERSIZED;[BAOCCCA38TL] BASIC LINE OVERSIZED CAB (Peanut, L);BAOCCCA38TL;CAB;Peanut;L;Sambil Valencia;1
2026;AGOSTO;BASIC LINE OVERSIZED;[BAOCCCA38TXS] BASIC LINE OVERSIZED CAB (Peanut, XS);BAOCCCA38TXS;CAB;Peanut;XS;La Grieta;1
2026;AGOSTO;BASIC LINE OVERSIZED;[BAOCCCA38TXL] BASIC LINE OVERSIZED CAB (Peanut, XL);BAOCCCA38TXL;CAB;Peanut;XL;Grandplaz ;1
2026;AGOSTO;BASIC LINE CROP TEE;[BACCCDA43TS] BASIC LINE CROP TEE DAMA (Black, S);BACCCDA43TS;DAMA;Black;S;Tolon;1
2026;AGOSTO;BASIC LINE CROP TEE;[BACCCDA158TL] BASIC LINE CROP TEE DAMA (Ivory, L);BACCCDA158TL;DAMA;Ivory;L;Sambil Chacao ;1
2026;AGOSTO;BASIC LINE OVERSIZED;[BAOCCCA38T2XL] BASIC LINE OVERSIZED CAB (Peanut, 2XL);BAOCCCA38T2XL;CAB;Peanut;2XL;Sambil Chacao ;1
2026;AGOSTO;BASIC LINE OVERSIZED;[BAOCCCA43TS] BASIC LINE OVERSIZED CAB (Black, S);BAOCCCA43TS;CAB;Black;S;La Vela;1
2026;AGOSTO;BASIC LINE CROP TEE;[BACCCDA158TL] BASIC LINE CROP TEE DAMA (Ivory, L);BACCCDA158TL;DAMA;Ivory;L;La Vela;1
2026;AGOSTO;BASIC LINE PANT;[BAPCCDA43TXL] BASIC LINE PANT DAMA (Black, XL);BAPCCDA43TXL;DAMA;Black;XL;Cerro Verde ;1
2026;AGOSTO;BASIC LINE CROP TEE;[BACCCDA43TXL] BASIC LINE CROP TEE DAMA (Black, XL);BACCCDA43TXL;DAMA;Black;XL;Cerro Verde ;1
2026;AGOSTO;BASIC LINE CROP TEE;[BACCCDA38TM] BASIC LINE CROP TEE DAMA (Peanut, M);BACCCDA38TM;DAMA;Peanut;M;Sambil Valencia;1
2026;AGOSTO;BASIC LINE OVERSIZED;[BAOCCCA38TM] BASIC LINE OVERSIZED CAB (Peanut, M);BAOCCCA38TM;CAB;Peanut;M;Sambil Valencia;1
2026;AGOSTO;BASIC LINE OVERSIZED;[BAOCCCA158TM] BASIC LINE OVERSIZED CAB (Ivory, M);BAOCCCA158TM;CAB;Ivory;M;Sambil Valencia;1
2026;AGOSTO;BASIC LINE CROP TEE;[BACCCDA158TXS] BASIC LINE CROP TEE DAMA (Ivory, XS);BACCCDA158TXS;DAMA;Ivory;XS;Tolon;1
2026;AGOSTO;BASIC LINE CROP TEE;[BACCCDA43TS] BASIC LINE CROP TEE DAMA (Black, S);BACCCDA43TS;DAMA;Black;S;Tolon;1
2026;AGOSTO;BASIC LINE OVERSIZED;[BAOCCCA43TS] BASIC LINE OVERSIZED CAB (Black, S);BAOCCCA43TS;CAB;Black;S;La Grieta;1
2026;AGOSTO;BASIC LINE CROP TEE;[BACCCDA43TL] BASIC LINE CROP TEE DAMA (Black, L);BACCCDA43TL;DAMA;Black;L;La Vela;1
2026;AGOSTO;BASIC LINE PANT;[BAPCCDA43TL] BASIC LINE PANT DAMA (Black, L);BAPCCDA43TL;DAMA;Black;L;La Vela;1
2026;AGOSTO;BASIC LINE OVERSIZED;[BAOCCCA43TXL] BASIC LINE OVERSIZED CAB (Black, XL);BAOCCCA43TXL;CAB;Black;XL;Sambil Chacao ;1
2026;AGOSTO;BASIC LINE OVERSIZED;[BAOCCCA158TL] BASIC LINE OVERSIZED CAB (Ivory, L);BAOCCCA158TL;CAB;Ivory;L;La Vela;1
2026;AGOSTO;BASIC LINE OVERSIZED;[BAOCCCA38TM] BASIC LINE OVERSIZED CAB (Peanut, M);BAOCCCA38TM;CAB;Peanut;M;Sambil Valencia;1
2026;AGOSTO;BASIC LINE SHORT;[BASCCDA43TXL] BASIC LINE SHORT DAMA (Black, XL);BASCCDA43TXL;DAMA;Black;XL;Sambil Chacao ;1
2026;AGOSTO;BASIC LINE CROP TEE;[BACCCDA38TS] BASIC LINE CROP TEE DAMA (Peanut, S);BACCCDA38TS;DAMA;Peanut;S;Sambil Valencia;1
2026;AGOSTO;BASIC LINE OVERSIZED;[BAOCCCA158TS] BASIC LINE OVERSIZED CAB (Ivory, S);BAOCCCA158TS;CAB;Ivory;S;Sambil Chacao ;1
2026;AGOSTO;BASIC LINE OVERSIZED;[BAOCCCA43TS] BASIC LINE OVERSIZED CAB (Black, S);BAOCCCA43TS;CAB;Black;S;Sambil Chacao ;1
2026;AGOSTO;BASIC LINE SHORT;[BASCCDA43TS] BASIC LINE SHORT DAMA (Black, S);BASCCDA43TS;DAMA;Black;S;Cerro Verde ;1
2026;AGOSTO;BASIC LINE OVERSIZED;[BAOCCCA158TXL] BASIC LINE OVERSIZED CAB (Ivory, XL);BAOCCCA158TXL;CAB;Ivory;XL;Cerro Verde ;1
2026;AGOSTO;BASIC LINE OVERSIZED;[BAOCCCA158TXL] BASIC LINE OVERSIZED CAB (Ivory, XL);BAOCCCA158TXL;CAB;Ivory;XL;La Vela;1
2026;AGOSTO;BASIC LINE PANT;[BAPCCDA43TL] BASIC LINE PANT DAMA (Black, L);BAPCCDA43TL;DAMA;Black;L;Sambil Valencia;1
2026;AGOSTO;BASIC LINE OVERSIZED;[BAOCCCA158TS] BASIC LINE OVERSIZED CAB (Ivory, S);BAOCCCA158TS;CAB;Ivory;S;Sambil Valencia;1
2026;AGOSTO;BASIC LINE CROP TEE;[BACCCDA158TXS] BASIC LINE CROP TEE DAMA (Ivory, XS);BACCCDA158TXS;DAMA;Ivory;XS;La Vela;1
2026;AGOSTO;BASIC LINE SHORT;[BASCCDA38TM] BASIC LINE SHORT DAMA (Peanut, M);BASCCDA38TM;DAMA;Peanut;M;La Vela;1
2026;AGOSTO;BASIC LINE OVERSIZED;[BAOCCCA158TM] BASIC LINE OVERSIZED CAB (Ivory, M);BAOCCCA158TM;CAB;Ivory;M;Cerro Verde ;1
2026;AGOSTO;BASIC LINE OVERSIZED;[BAOCCCA38TS] BASIC LINE OVERSIZED CAB (Peanut, S);BAOCCCA38TS;CAB;Peanut;S;Sambil Chacao ;1
2026;AGOSTO;BASIC LINE SHORT;[BASCCDA43TM] BASIC LINE SHORT DAMA (Black, M);BASCCDA43TM;DAMA;Black;M;Grandplaz ;1
2026;AGOSTO;BASIC LINE OVERSIZED;[BAOCCCA158TM] BASIC LINE OVERSIZED CAB (Ivory, M);BAOCCCA158TM;CAB;Ivory;M;Grandplaz ;1
2026;AGOSTO;BASIC LINE CROP TEE;[BACCCDA43TS] BASIC LINE CROP TEE DAMA (Black, S);BACCCDA43TS;DAMA;Black;S;Sambil Chacao ;1
2026;AGOSTO;BASIC LINE PANT;[BAPCCDA184TM] BASIC LINE PANT DAMA (Peanut, M);BAPCCDA184TM;DAMA;Peanut;M;Sambil Chacao ;1
2026;AGOSTO;BASIC LINE CROP TEE;[BACCCDA158TS] BASIC LINE CROP TEE DAMA (Ivory, S);BACCCDA158TS;DAMA;Ivory;S;Sambil Chacao ;1
2026;AGOSTO;BASIC LINE CROP TEE;[BACCCDA38TS] BASIC LINE CROP TEE DAMA (Peanut, S);BACCCDA38TS;DAMA;Peanut;S;Sambil Chacao ;1
2026;AGOSTO;BASIC LINE CROP TEE;[BACCCDA158TL] BASIC LINE CROP TEE DAMA (Ivory, L);BACCCDA158TL;DAMA;Ivory;L;Sambil Chacao ;1
2026;AGOSTO;BASIC LINE CROP TEE;[BACCCDA43TL] BASIC LINE CROP TEE DAMA (Black, L);BACCCDA43TL;DAMA;Black;L;Sambil Chacao ;1
2026;AGOSTO;BASIC LINE OVERSIZED;[BAOCCCA158TXL] BASIC LINE OVERSIZED CAB (Ivory, XL);BAOCCCA158TXL;CAB;Ivory;XL;Sambil Valencia;1
2026;AGOSTO;BASIC LINE OVERSIZED;[BAOCCCA43TM] BASIC LINE OVERSIZED CAB (Black, M);BAOCCCA43TM;CAB;Black;M;La Vela;1
2026;AGOSTO;BASIC LINE CROP TEE;[BACCCDA43TM] BASIC LINE CROP TEE DAMA (Black, M);BACCCDA43TM;DAMA;Black;M;La Vela;1
2026;JULIO;BASIC LINE PANT;[BAPCCDA43TL] BASIC LINE PANT DAMA (Black, L);BAPCCDA43TL;DAMA;Black;L;Sambil Valencia;1
2026;JULIO;BASIC LINE CROP TEE;[BACCCDA43TL] BASIC LINE CROP TEE DAMA (Black, L);BACCCDA43TL;DAMA;Black;L;Sambil Valencia;1
2026;JULIO;BASIC LINE OVERSIZED;[BAOCCCA158TM] BASIC LINE OVERSIZED CAB (Ivory, M);BAOCCCA158TM;CAB;Ivory;M;La Grieta;1
2026;JULIO;BASIC LINE OVERSIZED;[BAOCCCA158TM] BASIC LINE OVERSIZED CAB (Ivory, M);BAOCCCA158TM;CAB;Ivory;M;Sambil Valencia;1
2026;JULIO;BASIC LINE CROP TEE;[BACCCDA158TM] BASIC LINE CROP TEE DAMA (Ivory, M);BACCCDA158TM;DAMA;Ivory;M;Sambil Valencia;2
2026;JULIO;BASIC LINE OVERSIZED;[BAOCCCA158TXL] BASIC LINE OVERSIZED CAB (Ivory, XL);BAOCCCA158TXL;CAB;Ivory;XL;Tolon;1
2026;JULIO;BASIC LINE OVERSIZED;[BAOCCCA43TL] BASIC LINE OVERSIZED CAB (Black, L);BAOCCCA43TL;CAB;Black;L;Sambil Valencia;1
2026;JULIO;BASIC LINE CROP TEE;[BACCCDA158TS] BASIC LINE CROP TEE DAMA (Ivory, S);BACCCDA158TS;DAMA;Ivory;S;Sambil Valencia;1
2026;JULIO;BASIC LINE CROP TEE;[BACCCDA43TL] BASIC LINE CROP TEE DAMA (Black, L);BACCCDA43TL;DAMA;Black;L;La Vela;1
2026;JULIO;BASIC LINE SHORT;[BASCCDA43TM] BASIC LINE SHORT DAMA (Black, M);BASCCDA43TM;DAMA;Black;M;La Vela;1
2026;JULIO;BASIC LINE PANT;[BAPCCDA184TM] BASIC LINE PANT DAMA (Peanut, M);BAPCCDA184TM;DAMA;Peanut;M;La Vela;1
2026;JULIO;BASIC LINE CROP TEE;[BACCCDA38TS] BASIC LINE CROP TEE DAMA (Peanut, S);BACCCDA38TS;DAMA;Peanut;S;La Vela;2
2026;JULIO;BASIC LINE CROP TEE;[BACCCDA158TL] BASIC LINE CROP TEE DAMA (Ivory, L);BACCCDA158TL;DAMA;Ivory;L;La Vela;1
2026;JULIO;BASIC LINE OVERSIZED;[BAOCCCA158TL] BASIC LINE OVERSIZED CAB (Ivory, L);BAOCCCA158TL;CAB;Ivory;L;La Vela;1
2026;JULIO;BASIC LINE PANT;[BAPCCDA43TS] BASIC LINE PANT DAMA (Black, S);BAPCCDA43TS;DAMA;Black;S;Tolon;1
2026;JULIO;BASIC LINE OVERSIZED;[BAOCCCA38TS] BASIC LINE OVERSIZED CAB (Peanut, S);BAOCCCA38TS;CAB;Peanut;S;Sambil Valencia;1
2026;JULIO;BASIC LINE OVERSIZED;[BAOCCCA38TS] BASIC LINE OVERSIZED CAB (Peanut, S);BAOCCCA38TS;CAB;Peanut;S;Sambil Valencia;-1
2026;JULIO;BASIC LINE OVERSIZED;[BAOCCCA43TM] BASIC LINE OVERSIZED CAB (Black, M);BAOCCCA43TM;CAB;Black;M;Sambil Valencia;1
2026;JULIO;BASIC LINE OVERSIZED;[BAOCCCA43TM] BASIC LINE OVERSIZED CAB (Black, M);BAOCCCA43TM;CAB;Black;M;Sambil Valencia;-1
2026;JULIO;BASIC LINE CROP TEE;[BACCCDA38TM] BASIC LINE CROP TEE DAMA (Peanut, M);BACCCDA38TM;DAMA;Peanut;M;Cerro Verde ;1
2026;JULIO;BASIC LINE OVERSIZED;[BAOCCCA38TS] BASIC LINE OVERSIZED CAB (Peanut, S);BAOCCCA38TS;CAB;Peanut;S;Sambil Valencia;1
2026;JULIO;BASIC LINE PANT;[BAPCCDA184TXL] BASIC LINE PANT DAMA (Peanut, XL);BAPCCDA184TXL;DAMA;Peanut;XL;La Grieta;1
2026;JULIO;BASIC LINE CROP TEE;[BACCCDA158TL] BASIC LINE CROP TEE DAMA (Ivory, L);BACCCDA158TL;DAMA;Ivory;L;Cerro Verde ;1
2026;JULIO;BASIC LINE OVERSIZED;[BAOCCCA158TL] BASIC LINE OVERSIZED CAB (Ivory, L);BAOCCCA158TL;CAB;Ivory;L;Sambil Chacao ;1
2026;JULIO;BASIC LINE CROP TEE;[BACCCDA158TM] BASIC LINE CROP TEE DAMA (Ivory, M);BACCCDA158TM;DAMA;Ivory;M;Sambil Chacao ;1
2026;JULIO;BASIC LINE OVERSIZED;[BAOCCCA43TM] BASIC LINE OVERSIZED CAB (Black, M);BAOCCCA43TM;CAB;Black;M;Sambil Valencia;1
2026;JULIO;BASIC LINE CROP TEE;[BACCCDA158TXS] BASIC LINE CROP TEE DAMA (Ivory, XS);BACCCDA158TXS;DAMA;Ivory;XS;Sambil Chacao ;1
2026;JULIO;BASIC LINE OVERSIZED;[BAOCCCA43TM] BASIC LINE OVERSIZED CAB (Black, M);BAOCCCA43TM;CAB;Black;M;Sambil Chacao ;1
2026;JULIO;BASIC LINE OVERSIZED;[BAOCCCA43TXS] BASIC LINE OVERSIZED CAB (Black, XS);BAOCCCA43TXS;CAB;Black;XS;Sambil Chacao ;1
2026;JULIO;BASIC LINE OVERSIZED;[BAOCCCA38TXS] BASIC LINE OVERSIZED CAB (Peanut, XS);BAOCCCA38TXS;CAB;Peanut;XS;Sambil Valencia;1
2026;JULIO;BASIC LINE OVERSIZED;[BAOCCCA158TS] BASIC LINE OVERSIZED CAB (Ivory, S);BAOCCCA158TS;CAB;Ivory;S;Sambil Valencia;1
2026;JULIO;BASIC LINE CROP TEE;[BACCCDA38TXS] BASIC LINE CROP TEE DAMA (Peanut, XS);BACCCDA38TXS;DAMA;Peanut;XS;Grandplaz ;1
2026;JULIO;BASIC LINE CROP TEE;[BACCCDA158TXS] BASIC LINE CROP TEE DAMA (Ivory, XS);BACCCDA158TXS;DAMA;Ivory;XS;Sambil Valencia;1
2026;JULIO;BASIC LINE OVERSIZED;[BAOCCCA43TS] BASIC LINE OVERSIZED CAB (Black, S);BAOCCCA43TS;CAB;Black;S;La Vela;1
2026;JULIO;BASIC LINE OVERSIZED;[BAOCCCA43TXS] BASIC LINE OVERSIZED CAB (Black, XS);BAOCCCA43TXS;CAB;Black;XS;Sambil Chacao ;1
2026;JULIO;BASIC LINE OVERSIZED;[BAOCCCA43TM] BASIC LINE OVERSIZED CAB (Black, M);BAOCCCA43TM;CAB;Black;M;La Grieta;1
2026;JULIO;BASIC LINE OVERSIZED;[BAOCCCA43TXL] BASIC LINE OVERSIZED CAB (Black, XL);BAOCCCA43TXL;CAB;Black;XL;Sambil Valencia;1
2026;JULIO;BASIC LINE SHORT;[BASCCDA43TXL] BASIC LINE SHORT DAMA (Black, XL);BASCCDA43TXL;DAMA;Black;XL;Cerro Verde ;1
2026;JULIO;BASIC LINE OVERSIZED;[BAOCCCA43TM] BASIC LINE OVERSIZED CAB (Black, M);BAOCCCA43TM;CAB;Black;M;Cerro Verde ;1
2026;JULIO;BASIC LINE OVERSIZED;[BAOCCCA158TM] BASIC LINE OVERSIZED CAB (Ivory, M);BAOCCCA158TM;CAB;Ivory;M;Cerro Verde ;1
2026;JULIO;BASIC LINE OVERSIZED;[BAOCCCA43TL] BASIC LINE OVERSIZED CAB (Black, L);BAOCCCA43TL;CAB;Black;L;Cerro Verde ;1
2026;JULIO;BASIC LINE OVERSIZED;[BAOCCCA158TL] BASIC LINE OVERSIZED CAB (Ivory, L);BAOCCCA158TL;CAB;Ivory;L;Cerro Verde ;1
2026;JULIO;BASIC LINE CROP TEE;[BACCCDA43TXS] BASIC LINE CROP TEE DAMA (Black, XS);BACCCDA43TXS;DAMA;Black;XS;Sambil Valencia;1
2026;JULIO;BASIC LINE PANT;[BAPCCDA43TS] BASIC LINE PANT DAMA (Black, S);BAPCCDA43TS;DAMA;Black;S;La Grieta;1
2026;JULIO;BASIC LINE CROP TEE;[BACCCDA43TS] BASIC LINE CROP TEE DAMA (Black, S);BACCCDA43TS;DAMA;Black;S;La Grieta;1
2026;JULIO;BASIC LINE OVERSIZED;[BAOCCCA43TM] BASIC LINE OVERSIZED CAB (Black, M);BAOCCCA43TM;CAB;Black;M;Sambil Chacao ;1
2026;JULIO;BASIC LINE CROP TEE;[BACCCDA38TS] BASIC LINE CROP TEE DAMA (Peanut, S);BACCCDA38TS;DAMA;Peanut;S;Sambil Chacao ;1
2026;JULIO;BASIC LINE PANT;[BAPCCDA184TM] BASIC LINE PANT DAMA (Peanut, M);BAPCCDA184TM;DAMA;Peanut;M;Sambil Chacao ;1
2026;JULIO;BASIC LINE OVERSIZED;[BAOCCCA43T2XL] BASIC LINE OVERSIZED CAB (Black, 2XL);BAOCCCA43T2XL;CAB;Black;2XL;La Grieta;1
2026;JULIO;BASIC LINE OVERSIZED;[BAOCCCA38T2XL] BASIC LINE OVERSIZED CAB (Peanut, 2XL);BAOCCCA38T2XL;CAB;Peanut;2XL;La Grieta;1
2026;JULIO;BASIC LINE CROP TEE;[BACCCDA158TXS] BASIC LINE CROP TEE DAMA (Ivory, XS);BACCCDA158TXS;DAMA;Ivory;XS;La Grieta;1
2026;JULIO;BASIC LINE OVERSIZED;[BAOCCCA158TL] BASIC LINE OVERSIZED CAB (Ivory, L);BAOCCCA158TL;CAB;Ivory;L;Sambil Valencia;1
2026;JULIO;BASIC LINE OVERSIZED;[BAOCCCA43TM] BASIC LINE OVERSIZED CAB (Black, M);BAOCCCA43TM;CAB;Black;M;Sambil Chacao ;1
2026;JULIO;BASIC LINE OVERSIZED;[BAOCCCA158TL] BASIC LINE OVERSIZED CAB (Ivory, L);BAOCCCA158TL;CAB;Ivory;L;Sambil Chacao ;1
2026;JULIO;BASIC LINE SHORT;[BASCCDA43TXL] BASIC LINE SHORT DAMA (Black, XL);BASCCDA43TXL;DAMA;Black;XL;Cerro Verde ;1
2026;JULIO;BASIC LINE OVERSIZED;[BAOCCCA38TM] BASIC LINE OVERSIZED CAB (Peanut, M);BAOCCCA38TM;CAB;Peanut;M;Cerro Verde ;1
2026;JULIO;BASIC LINE SHORT;[BASCCDA38TXL] BASIC LINE SHORT DAMA (Peanut, XL);BASCCDA38TXL;DAMA;Peanut;XL;Cerro Verde ;1
2026;JULIO;BASIC LINE CROP TEE;[BACCCDA158TM] BASIC LINE CROP TEE DAMA (Ivory, M);BACCCDA158TM;DAMA;Ivory;M;Tolon;1
2026;JULIO;BASIC LINE OVERSIZED;[BAOCCCA158T2XL] BASIC LINE OVERSIZED CAB (Ivory, 2XL);BAOCCCA158T2XL;CAB;Ivory;2XL;La Grieta;1
2026;JULIO;BASIC LINE CROP TEE;[BACCCDA38TXS] BASIC LINE CROP TEE DAMA (Peanut, XS);BACCCDA38TXS;DAMA;Peanut;XS;Sambil Valencia;1
2026;JULIO;BASIC LINE CROP TEE;[BACCCDA158TXS] BASIC LINE CROP TEE DAMA (Ivory, XS);BACCCDA158TXS;DAMA;Ivory;XS;Sambil Valencia;2
2026;JULIO;BASIC LINE OVERSIZED;[BAOCCCA158TXL] BASIC LINE OVERSIZED CAB (Ivory, XL);BAOCCCA158TXL;CAB;Ivory;XL;Sambil Valencia;1
2026;JULIO;BASIC LINE OVERSIZED;[BAOCCCA158TL] BASIC LINE OVERSIZED CAB (Ivory, L);BAOCCCA158TL;CAB;Ivory;L;Grandplaz ;1
2026;JULIO;BASIC LINE OVERSIZED;[BAOCCCA43TL] BASIC LINE OVERSIZED CAB (Black, L);BAOCCCA43TL;CAB;Black;L;Cerro Verde ;1
2026;JULIO;BASIC LINE OVERSIZED;[BAOCCCA43TM] BASIC LINE OVERSIZED CAB (Black, M);BAOCCCA43TM;CAB;Black;M;Cerro Verde ;1
2026;JULIO;BASIC LINE PANT;[BAPCCDA43TL] BASIC LINE PANT DAMA (Black, L);BAPCCDA43TL;DAMA;Black;L;La Grieta;1
2026;JULIO;BASIC LINE CROP TEE;[BACCCDA43TL] BASIC LINE CROP TEE DAMA (Black, L);BACCCDA43TL;DAMA;Black;L;La Grieta;1
2026;JULIO;BASIC LINE OVERSIZED;[BAOCCCA43TXS] BASIC LINE OVERSIZED CAB (Black, XS);BAOCCCA43TXS;CAB;Black;XS;Sambil Chacao ;1
2026;JULIO;BASIC LINE CROP TEE;[BACCCDA38TL] BASIC LINE CROP TEE DAMA (Peanut, L);BACCCDA38TL;DAMA;Peanut;L;Sambil Valencia;1
2026;JULIO;BASIC LINE OVERSIZED;[BAOCCCA43TXL] BASIC LINE OVERSIZED CAB (Black, XL);BAOCCCA43TXL;CAB;Black;XL;La Vela;1
2026;JULIO;BASIC LINE OVERSIZED;[BAOCCCA38TM] BASIC LINE OVERSIZED CAB (Peanut, M);BAOCCCA38TM;CAB;Peanut;M;La Grieta;1
2026;JULIO;BASIC LINE OVERSIZED;[BAOCCCA158TM] BASIC LINE OVERSIZED CAB (Ivory, M);BAOCCCA158TM;CAB;Ivory;M;La Grieta;1
2026;JULIO;BASIC LINE CROP TEE;[BACCCDA38TL] BASIC LINE CROP TEE DAMA (Peanut, L);BACCCDA38TL;DAMA;Peanut;L;Sambil Valencia;1
2026;JULIO;BASIC LINE PANT;[BAPCCDA184TXL] BASIC LINE PANT DAMA (Peanut, XL);BAPCCDA184TXL;DAMA;Peanut;XL;Sambil Valencia;1
2026;JULIO;BASIC LINE CROP TEE;[BACCCDA43TXL] BASIC LINE CROP TEE DAMA (Black, XL);BACCCDA43TXL;DAMA;Black;XL;Sambil Valencia;1
2026;JULIO;BASIC LINE PANT;[BAPCCDA43TXL] BASIC LINE PANT DAMA (Black, XL);BAPCCDA43TXL;DAMA;Black;XL;Sambil Valencia;1
2026;JULIO;BASIC LINE OVERSIZED;[BAOCCCA158TXS] BASIC LINE OVERSIZED CAB (Ivory, XS);BAOCCCA158TXS;CAB;Ivory;XS;Tolon;1
2026;JULIO;BASIC LINE OVERSIZED;[BAOCCCA38TS] BASIC LINE OVERSIZED CAB (Peanut, S);BAOCCCA38TS;CAB;Peanut;S;La Grieta;1
2026;JULIO;BASIC LINE OVERSIZED;[BAOCCCA43TM] BASIC LINE OVERSIZED CAB (Black, M);BAOCCCA43TM;CAB;Black;M;Sambil Chacao ;1
2026;JULIO;BASIC LINE OVERSIZED;[BAOCCCA43TL] BASIC LINE OVERSIZED CAB (Black, L);BAOCCCA43TL;CAB;Black;L;Cerro Verde ;1
2026;JULIO;BASIC LINE CROP TEE;[BACCCDA158TS] BASIC LINE CROP TEE DAMA (Ivory, S);BACCCDA158TS;DAMA;Ivory;S;La Grieta;1
2026;JULIO;BASIC LINE CROP TEE;[BACCCDA158TXS] BASIC LINE CROP TEE DAMA (Ivory, XS);BACCCDA158TXS;DAMA;Ivory;XS;La Grieta;1
2026;JULIO;BASIC LINE CROP TEE;[BACCCDA43TS] BASIC LINE CROP TEE DAMA (Black, S);BACCCDA43TS;DAMA;Black;S;La Grieta;1
2026;JULIO;BASIC LINE CROP TEE;[BACCCDA158TL] BASIC LINE CROP TEE DAMA (Ivory, L);BACCCDA158TL;DAMA;Ivory;L;La Grieta;1
2026;JULIO;BASIC LINE OVERSIZED;[BAOCCCA158TM] BASIC LINE OVERSIZED CAB (Ivory, M);BAOCCCA158TM;CAB;Ivory;M;La Grieta;1
2026;JULIO;BASIC LINE CROP TEE;[BACCCDA38TM] BASIC LINE CROP TEE DAMA (Peanut, M);BACCCDA38TM;DAMA;Peanut;M;Pedidos;1
2026;JULIO;BASIC LINE PANT;[BAPCCDA43TM] BASIC LINE PANT DAMA (Black, M);BAPCCDA43TM;DAMA;Black;M;Cerro Verde ;1
2026;JULIO;BASIC LINE CROP TEE;[BACCCDA158TXS] BASIC LINE CROP TEE DAMA (Ivory, XS);BACCCDA158TXS;DAMA;Ivory;XS;La Vela;1
2026;JULIO;BASIC LINE OVERSIZED;[BAOCCCA158TL] BASIC LINE OVERSIZED CAB (Ivory, L);BAOCCCA158TL;CAB;Ivory;L;La Vela;1
2026;JULIO;BASIC LINE OVERSIZED;[BAOCCCA38TM] BASIC LINE OVERSIZED CAB (Peanut, M);BAOCCCA38TM;CAB;Peanut;M;Sambil Valencia;1
2026;JULIO;BASIC LINE OVERSIZED;[BAOCCCA158TXL] BASIC LINE OVERSIZED CAB (Ivory, XL);BAOCCCA158TXL;CAB;Ivory;XL;Cerro Verde ;1
2026;JULIO;BASIC LINE PANT;[BAPCCDA184TL] BASIC LINE PANT DAMA (Peanut, L);BAPCCDA184TL;DAMA;Peanut;L;Cerro Verde ;1
2026;JULIO;BASIC LINE OVERSIZED;[BAOCCCA43TM] BASIC LINE OVERSIZED CAB (Black, M);BAOCCCA43TM;CAB;Black;M;Cerro Verde ;1
2026;JULIO;BASIC LINE CROP TEE;[BACCCDA158TL] BASIC LINE CROP TEE DAMA (Ivory, L);BACCCDA158TL;DAMA;Ivory;L;Cerro Verde ;1
2026;JULIO;BASIC LINE CROP TEE;[BACCCDA38TL] BASIC LINE CROP TEE DAMA (Peanut, L);BACCCDA38TL;DAMA;Peanut;L;Cerro Verde ;1
2026;JULIO;BASIC LINE CROP TEE;[BACCCDA43TM] BASIC LINE CROP TEE DAMA (Black, M);BACCCDA43TM;DAMA;Black;M;Sambil Chacao ;1
2026;JULIO;BASIC LINE OVERSIZED;[BAOCCCA158TS] BASIC LINE OVERSIZED CAB (Ivory, S);BAOCCCA158TS;CAB;Ivory;S;Cerro Verde ;1
2026;JULIO;BASIC LINE CROP TEE;[BACCCDA43TS] BASIC LINE CROP TEE DAMA (Black, S);BACCCDA43TS;DAMA;Black;S;Sambil Valencia;1
2026;JULIO;BASIC LINE OVERSIZED;[BAOCCCA158TS] BASIC LINE OVERSIZED CAB (Ivory, S);BAOCCCA158TS;CAB;Ivory;S;Sambil Valencia;1
2026;JULIO;BASIC LINE CROP TEE;[BACCCDA158TS] BASIC LINE CROP TEE DAMA (Ivory, S);BACCCDA158TS;DAMA;Ivory;S;La Grieta;1
2026;JULIO;BASIC LINE OVERSIZED;[BAOCCCA158TM] BASIC LINE OVERSIZED CAB (Ivory, M);BAOCCCA158TM;CAB;Ivory;M;Sambil Valencia;1
2026;JULIO;BASIC LINE CROP TEE;[BACCCDA158TXS] BASIC LINE CROP TEE DAMA (Ivory, XS);BACCCDA158TXS;DAMA;Ivory;XS;Sambil Valencia;1
2026;JULIO;BASIC LINE CROP TEE;[BACCCDA43TXS] BASIC LINE CROP TEE DAMA (Black, XS);BACCCDA43TXS;DAMA;Black;XS;La Vela;1
2026;JULIO;BASIC LINE PANT;[BAPCCDA43TM] BASIC LINE PANT DAMA (Black, M);BAPCCDA43TM;DAMA;Black;M;La Vela;1
2026;JULIO;BASIC LINE CROP TEE;[BACCCDA38TS] BASIC LINE CROP TEE DAMA (Peanut, S);BACCCDA38TS;DAMA;Peanut;S;Tolon;1
2026;JULIO;BASIC LINE CROP TEE;[BACCCDA158TS] BASIC LINE CROP TEE DAMA (Ivory, S);BACCCDA158TS;DAMA;Ivory;S;Tolon;1
2026;JULIO;BASIC LINE CROP TEE;[BACCCDA158TXS] BASIC LINE CROP TEE DAMA (Ivory, XS);BACCCDA158TXS;DAMA;Ivory;XS;Tolon;-1
2026;JULIO;BASIC LINE CROP TEE;[BACCCDA38TXS] BASIC LINE CROP TEE DAMA (Peanut, XS);BACCCDA38TXS;DAMA;Peanut;XS;Tolon;-1
2026;JULIO;BASIC LINE CROP TEE;[BACCCDA43TL] BASIC LINE CROP TEE DAMA (Black, L);BACCCDA43TL;DAMA;Black;L;Grandplaz ;1
2026;JULIO;BASIC LINE SHORT;[BASCCDA38TL] BASIC LINE SHORT DAMA (Peanut, L);BASCCDA38TL;DAMA;Peanut;L;Grandplaz ;1
2026;JULIO;BASIC LINE CROP TEE;[BACCCDA38TL] BASIC LINE CROP TEE DAMA (Peanut, L);BACCCDA38TL;DAMA;Peanut;L;Grandplaz ;1
2026;JULIO;BASIC LINE SHORT;[BASCCDA43TL] BASIC LINE SHORT DAMA (Black, L);BASCCDA43TL;DAMA;Black;L;Grandplaz ;1
2026;JULIO;BASIC LINE OVERSIZED;[BAOCCCA43TS] BASIC LINE OVERSIZED CAB (Black, S);BAOCCCA43TS;CAB;Black;S;Sambil Valencia;1
2026;JULIO;BASIC LINE OVERSIZED;[BAOCCCA43T2XL] BASIC LINE OVERSIZED CAB (Black, 2XL);BAOCCCA43T2XL;CAB;Black;2XL;La Vela;1
2026;JULIO;BASIC LINE OVERSIZED;[BAOCCCA43TM] BASIC LINE OVERSIZED CAB (Black, M);BAOCCCA43TM;CAB;Black;M;Cerro Verde ;1
2026;JULIO;BASIC LINE OVERSIZED;[BAOCCCA43TL] BASIC LINE OVERSIZED CAB (Black, L);BAOCCCA43TL;CAB;Black;L;Cerro Verde ;-1
2026;JULIO;BASIC LINE CROP TEE;[BACCCDA43TXS] BASIC LINE CROP TEE DAMA (Black, XS);BACCCDA43TXS;DAMA;Black;XS;La Grieta;1
2026;JULIO;BASIC LINE CROP TEE;[BACCCDA43TXL] BASIC LINE CROP TEE DAMA (Black, XL);BACCCDA43TXL;DAMA;Black;XL;La Grieta;-1
2026;JULIO;BASIC LINE PANT;[BAPCCDA43TS] BASIC LINE PANT DAMA (Black, S);BAPCCDA43TS;DAMA;Black;S;Sambil Chacao ;1
2026;JULIO;BASIC LINE PANT;[BAPCCDA43TM] BASIC LINE PANT DAMA (Black, M);BAPCCDA43TM;DAMA;Black;M;La Grieta;1
2026;JULIO;BASIC LINE CROP TEE;[BACCCDA43TXL] BASIC LINE CROP TEE DAMA (Black, XL);BACCCDA43TXL;DAMA;Black;XL;La Grieta;1
2026;JULIO;BASIC LINE OVERSIZED;[BAOCCCA43TL] BASIC LINE OVERSIZED CAB (Black, L);BAOCCCA43TL;CAB;Black;L;Sambil Valencia;1
2026;JULIO;BASIC LINE OVERSIZED;[BAOCCCA43TL] BASIC LINE OVERSIZED CAB (Black, L);BAOCCCA43TL;CAB;Black;L;Sambil Valencia;-1
2026;JULIO;BASIC LINE OVERSIZED;[BAOCCCA43TL] BASIC LINE OVERSIZED CAB (Black, L);BAOCCCA43TL;CAB;Black;L;Sambil Valencia;1
2026;JULIO;BASIC LINE OVERSIZED;[BAOCCCA158TXS] BASIC LINE OVERSIZED CAB (Ivory, XS);BAOCCCA158TXS;CAB;Ivory;XS;La Vela;1
2026;JULIO;BASIC LINE CROP TEE;[BACCCDA158TL] BASIC LINE CROP TEE DAMA (Ivory, L);BACCCDA158TL;DAMA;Ivory;L;La Vela;1
2026;JULIO;BASIC LINE PANT;[BAPCCDA43TXS] BASIC LINE PANT DAMA (Black, XS);BAPCCDA43TXS;DAMA;Black;XS;Pedidos;1
2026;JULIO;BASIC LINE OVERSIZED;[BAOCCCA43TS] BASIC LINE OVERSIZED CAB (Black, S);BAOCCCA43TS;CAB;Black;S;La Grieta;1
2026;JULIO;BASIC LINE SHORT;[BASCCDA43TXL] BASIC LINE SHORT DAMA (Black, XL);BASCCDA43TXL;DAMA;Black;XL;La Grieta;1
2026;JULIO;BASIC LINE PANT;[BAPCCDA43TXL] BASIC LINE PANT DAMA (Black, XL);BAPCCDA43TXL;DAMA;Black;XL;Cerro Verde ;1
2026;JULIO;BASIC LINE OVERSIZED;[BAOCCCA43TL] BASIC LINE OVERSIZED CAB (Black, L);BAOCCCA43TL;CAB;Black;L;Cerro Verde ;1
2026;JULIO;BASIC LINE CROP TEE;[BACCCDA43TM] BASIC LINE CROP TEE DAMA (Black, M);BACCCDA43TM;DAMA;Black;M;Cerro Verde ;1
2026;JULIO;BASIC LINE OVERSIZED;[BAOCCCA43TS] BASIC LINE OVERSIZED CAB (Black, S);BAOCCCA43TS;CAB;Black;S;Pedidos;1
2026;JULIO;BASIC LINE OVERSIZED;[BAOCCCA158TXL] BASIC LINE OVERSIZED CAB (Ivory, XL);BAOCCCA158TXL;CAB;Ivory;XL;La Vela;1
2026;JULIO;BASIC LINE CROP TEE;[BACCCDA158TL] BASIC LINE CROP TEE DAMA (Ivory, L);BACCCDA158TL;DAMA;Ivory;L;La Vela;1
2026;JULIO;BASIC LINE OVERSIZED;[BAOCCCA43TL] BASIC LINE OVERSIZED CAB (Black, L);BAOCCCA43TL;CAB;Black;L;Sambil Valencia;1
2026;JULIO;BASIC LINE OVERSIZED;[BAOCCCA158TXL] BASIC LINE OVERSIZED CAB (Ivory, XL);BAOCCCA158TXL;CAB;Ivory;XL;Sambil Valencia;1
2026;JULIO;BASIC LINE OVERSIZED;[BAOCCCA158TL] BASIC LINE OVERSIZED CAB (Ivory, L);BAOCCCA158TL;CAB;Ivory;L;Cerro Verde ;1
2026;JULIO;BASIC LINE OVERSIZED;[BAOCCCA158TL] BASIC LINE OVERSIZED CAB (Ivory, L);BAOCCCA158TL;CAB;Ivory;L;Pedidos;1
2026;JULIO;BASIC LINE OVERSIZED;[BAOCCCA158TS] BASIC LINE OVERSIZED CAB (Ivory, S);BAOCCCA158TS;CAB;Ivory;S;La Grieta;1
2026;JULIO;BASIC LINE CROP TEE;[BACCCDA38TL] BASIC LINE CROP TEE DAMA (Peanut, L);BACCCDA38TL;DAMA;Peanut;L;La Grieta;1
2026;JULIO;BASIC LINE OVERSIZED;[BAOCCCA38TL] BASIC LINE OVERSIZED CAB (Peanut, L);BAOCCCA38TL;CAB;Peanut;L;Sambil Valencia;1
2026;JULIO;BASIC LINE PANT;[BAPCCDA43TXS] BASIC LINE PANT DAMA (Black, XS);BAPCCDA43TXS;DAMA;Black;XS;La Vela;1
2026;JULIO;BASIC LINE CROP TEE;[BACCCDA158TL] BASIC LINE CROP TEE DAMA (Ivory, L);BACCCDA158TL;DAMA;Ivory;L;Tolon;1
2026;JULIO;BASIC LINE PANT;[BAPCCDA43TS] BASIC LINE PANT DAMA (Black, S);BAPCCDA43TS;DAMA;Black;S;Tolon;1
2026;JULIO;BASIC LINE CROP TEE;[BACCCDA158TXS] BASIC LINE CROP TEE DAMA (Ivory, XS);BACCCDA158TXS;DAMA;Ivory;XS;Tolon;1
2026;JULIO;BASIC LINE OVERSIZED;[BAOCCCA43TXS] BASIC LINE OVERSIZED CAB (Black, XS);BAOCCCA43TXS;CAB;Black;XS;La Vela;1
2026;JULIO;BASIC LINE OVERSIZED;[BAOCCCA158TS] BASIC LINE OVERSIZED CAB (Ivory, S);BAOCCCA158TS;CAB;Ivory;S;Sambil Chacao ;1
2026;JULIO;BASIC LINE OVERSIZED;[BAOCCCA158TM] BASIC LINE OVERSIZED CAB (Ivory, M);BAOCCCA158TM;CAB;Ivory;M;Tolon;1
2026;JULIO;BASIC LINE PANT;[BAPCCDA184TL] BASIC LINE PANT DAMA (Peanut, L);BAPCCDA184TL;DAMA;Peanut;L;Sambil Chacao ;1
2026;JULIO;BASIC LINE CROP TEE;[BACCCDA38TL] BASIC LINE CROP TEE DAMA (Peanut, L);BACCCDA38TL;DAMA;Peanut;L;Sambil Chacao ;1
2026;JULIO;BASIC LINE OVERSIZED;[BAOCCCA38TL] BASIC LINE OVERSIZED CAB (Peanut, L);BAOCCCA38TL;CAB;Peanut;L;La Grieta;1
2026;JULIO;BASIC LINE OVERSIZED;[BAOCCCA38TXL] BASIC LINE OVERSIZED CAB (Peanut, XL);BAOCCCA38TXL;CAB;Peanut;XL;Sambil Valencia;1
2026;JULIO;BASIC LINE OVERSIZED;[BAOCCCA38TL] BASIC LINE OVERSIZED CAB (Peanut, L);BAOCCCA38TL;CAB;Peanut;L;Tolon;1
2026;JULIO;BASIC LINE OVERSIZED;[BAOCCCA158TXL] BASIC LINE OVERSIZED CAB (Ivory, XL);BAOCCCA158TXL;CAB;Ivory;XL;Tolon;1
2026;JULIO;BASIC LINE OVERSIZED;[BAOCCCA43T2XL] BASIC LINE OVERSIZED CAB (Black, 2XL);BAOCCCA43T2XL;CAB;Black;2XL;La Vela;1
2026;JULIO;BASIC LINE CROP TEE;[BACCCDA158TL] BASIC LINE CROP TEE DAMA (Ivory, L);BACCCDA158TL;DAMA;Ivory;L;La Vela;1
2026;JULIO;BASIC LINE OVERSIZED;[BAOCCCA38TM] BASIC LINE OVERSIZED CAB (Peanut, M);BAOCCCA38TM;CAB;Peanut;M;La Grieta;1
2026;JULIO;BASIC LINE PANT;[BAPCCDA184TM] BASIC LINE PANT DAMA (Peanut, M);BAPCCDA184TM;DAMA;Peanut;M;La Grieta;1
2026;JULIO;BASIC LINE CROP TEE;[BACCCDA38TL] BASIC LINE CROP TEE DAMA (Peanut, L);BACCCDA38TL;DAMA;Peanut;L;La Grieta;1
2026;JULIO;BASIC LINE CROP TEE;[BACCCDA158TXS] BASIC LINE CROP TEE DAMA (Ivory, XS);BACCCDA158TXS;DAMA;Ivory;XS;La Vela;1
2026;JULIO;BASIC LINE OVERSIZED;[BAOCCCA43TS] BASIC LINE OVERSIZED CAB (Black, S);BAOCCCA43TS;CAB;Black;S;La Vela;1
2026;JULIO;BASIC LINE CROP TEE;[BACCCDA43TXS] BASIC LINE CROP TEE DAMA (Black, XS);BACCCDA43TXS;DAMA;Black;XS;La Vela;1
2026;JULIO;BASIC LINE CROP TEE;[BACCCDA38TXS] BASIC LINE CROP TEE DAMA (Peanut, XS);BACCCDA38TXS;DAMA;Peanut;XS;La Vela;1
2026;JULIO;BASIC LINE PANT;[BAPCCDA43TXS] BASIC LINE PANT DAMA (Black, XS);BAPCCDA43TXS;DAMA;Black;XS;La Vela;1
2026;JULIO;BASIC LINE CROP TEE;[BACCCDA158TXS] BASIC LINE CROP TEE DAMA (Ivory, XS);BACCCDA158TXS;DAMA;Ivory;XS;Sambil Valencia;1
2026;JULIO;BASIC LINE CROP TEE;[BACCCDA43TL] BASIC LINE CROP TEE DAMA (Black, L);BACCCDA43TL;DAMA;Black;L;Sambil Chacao ;1
2026;JULIO;BASIC LINE CROP TEE;[BACCCDA43TXS] BASIC LINE CROP TEE DAMA (Black, XS);BACCCDA43TXS;DAMA;Black;XS;Sambil Chacao ;-1
2026;JULIO;BASIC LINE CROP TEE;[BACCCDA158TS] BASIC LINE CROP TEE DAMA (Ivory, S);BACCCDA158TS;DAMA;Ivory;S;Sambil Chacao ;1
2026;JULIO;BASIC LINE PANT;[BAPCCDA43TS] BASIC LINE PANT DAMA (Black, S);BAPCCDA43TS;DAMA;Black;S;Cerro Verde ;1
2026;JULIO;BASIC LINE CROP TEE;[BACCCDA43TS] BASIC LINE CROP TEE DAMA (Black, S);BACCCDA43TS;DAMA;Black;S;Cerro Verde ;1
2026;JULIO;BASIC LINE OVERSIZED;[BAOCCCA158TS] BASIC LINE OVERSIZED CAB (Ivory, S);BAOCCCA158TS;CAB;Ivory;S;La Grieta;1
2026;JULIO;BASIC LINE OVERSIZED;[BAOCCCA38TS] BASIC LINE OVERSIZED CAB (Peanut, S);BAOCCCA38TS;CAB;Peanut;S;La Grieta;1
2026;JULIO;BASIC LINE OVERSIZED;[BAOCCCA43TL] BASIC LINE OVERSIZED CAB (Black, L);BAOCCCA43TL;CAB;Black;L;La Grieta;1
2026;JULIO;BASIC LINE SHORT;[BASCCDA43TXS] BASIC LINE SHORT DAMA (Black, XS);BASCCDA43TXS;DAMA;Black;XS;Sambil Chacao ;1
2026;JULIO;BASIC LINE CROP TEE;[BACCCDA43TXS] BASIC LINE CROP TEE DAMA (Black, XS);BACCCDA43TXS;DAMA;Black;XS;Sambil Chacao ;1
2026;JULIO;BASIC LINE CROP TEE;[BACCCDA158TL] BASIC LINE CROP TEE DAMA (Ivory, L);BACCCDA158TL;DAMA;Ivory;L;La Vela;1
2026;JULIO;BASIC LINE CROP TEE;[BACCCDA43TXS] BASIC LINE CROP TEE DAMA (Black, XS);BACCCDA43TXS;DAMA;Black;XS;Sambil Chacao ;1
2026;JULIO;BASIC LINE CROP TEE;[BACCCDA158TXS] BASIC LINE CROP TEE DAMA (Ivory, XS);BACCCDA158TXS;DAMA;Ivory;XS;Sambil Chacao ;1
2026;JULIO;BASIC LINE OVERSIZED;[BAOCCCA43TL] BASIC LINE OVERSIZED CAB (Black, L);BAOCCCA43TL;CAB;Black;L;Sambil Chacao ;1
2026;JULIO;BASIC LINE OVERSIZED;[BAOCCCA38TS] BASIC LINE OVERSIZED CAB (Peanut, S);BAOCCCA38TS;CAB;Peanut;S;Sambil Valencia;1
2026;JULIO;BASIC LINE CROP TEE;[BACCCDA158TXS] BASIC LINE CROP TEE DAMA (Ivory, XS);BACCCDA158TXS;DAMA;Ivory;XS;La Vela;1
2026;JULIO;BASIC LINE CROP TEE;[BACCCDA158TXS] BASIC LINE CROP TEE DAMA (Ivory, XS);BACCCDA158TXS;DAMA;Ivory;XS;Tolon;1
2026;JULIO;BASIC LINE CROP TEE;[BACCCDA38TXS] BASIC LINE CROP TEE DAMA (Peanut, XS);BACCCDA38TXS;DAMA;Peanut;XS;Tolon;1
2026;JULIO;BASIC LINE PANT;[BAPCCDA184TL] BASIC LINE PANT DAMA (Peanut, L);BAPCCDA184TL;DAMA;Peanut;L;Cerro Verde ;1
2026;JULIO;BASIC LINE OVERSIZED;[BAOCCCA43TL] BASIC LINE OVERSIZED CAB (Black, L);BAOCCCA43TL;CAB;Black;L;La Grieta;1
2026;JULIO;BASIC LINE OVERSIZED;[BAOCCCA43TS] BASIC LINE OVERSIZED CAB (Black, S);BAOCCCA43TS;CAB;Black;S;La Grieta;-1
2026;JULIO;BASIC LINE OVERSIZED;[BAOCCCA158TL] BASIC LINE OVERSIZED CAB (Ivory, L);BAOCCCA158TL;CAB;Ivory;L;Tolon;1
2026;JULIO;BASIC LINE PANT;[BAPCCDA43TXS] BASIC LINE PANT DAMA (Black, XS);BAPCCDA43TXS;DAMA;Black;XS;La Grieta;1
2026;JULIO;BASIC LINE PANT;[BAPCCDA43TL] BASIC LINE PANT DAMA (Black, L);BAPCCDA43TL;DAMA;Black;L;La Grieta;1
2026;JULIO;BASIC LINE PANT;[BAPCCDA43TM] BASIC LINE PANT DAMA (Black, M);BAPCCDA43TM;DAMA;Black;M;La Grieta;-1
2026;JULIO;BASIC LINE PANT;[BAPCCDA43TM] BASIC LINE PANT DAMA (Black, M);BAPCCDA43TM;DAMA;Black;M;La Grieta;1
2026;JULIO;BASIC LINE CROP TEE;[BACCCDA158TM] BASIC LINE CROP TEE DAMA (Ivory, M);BACCCDA158TM;DAMA;Ivory;M;La Vela;1
2026;JULIO;BASIC LINE CROP TEE;[BACCCDA38TS] BASIC LINE CROP TEE DAMA (Peanut, S);BACCCDA38TS;DAMA;Peanut;S;Sambil Valencia;1
2026;JULIO;BASIC LINE OVERSIZED;[BAOCCCA38TM] BASIC LINE OVERSIZED CAB (Peanut, M);BAOCCCA38TM;CAB;Peanut;M;La Vela;1
2026;JULIO;BASIC LINE PANT;[BAPCCDA43TM] BASIC LINE PANT DAMA (Black, M);BAPCCDA43TM;DAMA;Black;M;La Grieta;1
2026;JULIO;BASIC LINE CROP TEE;[BACCCDA43TS] BASIC LINE CROP TEE DAMA (Black, S);BACCCDA43TS;DAMA;Black;S;La Grieta;1
