trans;SKU;Variante del producto;Modelo;Genero;Talla;Color;Cant. ordenada;Ubicación;Fecha
02/06/2025;PANNTDA30TM;[PANNTDA30TM] EXPLORE PANTS DAMA (M, Gris Claro - 9734);EXPLORE PANTS;DAMA;M;Gris Claro;1,00;La Grieta;junio-2025
02/06/2025;PANNTDA66TL;[PANNTDA66TL] EXPLORE PANTS DAMA (L, Verde Militar - 60620);EXPLORE PANTS;DAMA;L;Verde Militar;1,00;La Grieta;junio-2025
02/06/2025;PANNTCA43TM;[PANNTCA43TM] EXPLORE PANTS CAB (M, Negro - 10);EXPLORE PANTS;CAB;M;Negro;1,00;La Grieta;junio-2025
03/06/2025;PANNTCA12TXL;[PANNTCA12TXL] EXPLORE PANTS CAB (XL, Azul Marino - 5102);EXPLORE PANTS;CAB;XL;Azul Marino;1,00;La Grieta;junio-2025
03/06/2025;PANNTDA30TS;[PANNTDA30TS] EXPLORE PANTS DAMA (S, Gris Claro - 9734);EXPLORE PANTS;DAMA;S;Gris Claro;1,00;La Grieta;junio-2025
04/06/2025;PANNTDA30TXL;[PANNTDA30TXL] EXPLORE PANTS DAMA (XL, Gris Claro - 9734);EXPLORE PANTS;DAMA;XL;Gris Claro;1,00;La Grieta;junio-2025
04/06/2025;PANNTCA43TS;[PANNTCA43TS] EXPLORE PANTS CAB (S, Negro - 10);EXPLORE PANTS;CAB;S;Negro;1,00;La Grieta;junio-2025
04/06/2025;PANNTCA12TS;[PANNTCA12TS] EXPLORE PANTS CAB (S, Azul Marino - 5102);EXPLORE PANTS;CAB;S;Azul Marino;1,00;La Grieta;junio-2025
04/06/2025;PANNTCA12TS;[PANNTCA12TS] EXPLORE PANTS CAB (S, Azul Marino - 5102);EXPLORE PANTS;CAB;S;Azul Marino;1,00;La Grieta;junio-2025
04/06/2025;PANNTKI12T4;[PANNTKI12T4] EXPLORE PANTS KIDS (4, Azul Marino - 5102);EXPLORE PANTS;KIDS;4;Azul Marino;1,00;La Grieta;junio-2025
05/06/2025;PANNTKI12T10;[PANNTKI12T10] EXPLORE PANTS KIDS (10, Azul Marino - 5102);EXPLORE PANTS;KIDS;10;Azul Marino;1,00;La Grieta;junio-2025
06/06/2025;PANNTDA30TL;[PANNTDA30TL] EXPLORE PANTS DAMA (L, Gris Claro - 9734);EXPLORE PANTS;DAMA;L;Gris Claro;1,00;La Grieta;junio-2025
06/06/2025;PANNTDA66TS;[PANNTDA66TS] EXPLORE PANTS DAMA (S, Verde Militar - 60620);EXPLORE PANTS;DAMA;S;Verde Militar;1,00;La Grieta;junio-2025
06/06/2025;PANNTDA30TM;[PANNTDA30TM] EXPLORE PANTS DAMA (M, Gris Claro - 9734);EXPLORE PANTS;DAMA;M;Gris Claro;1,00;La Grieta;junio-2025
07/06/2025;PANNTKI43T10;[PANNTKI43T10] EXPLORE PANTS KIDS (10, Negro - 10);EXPLORE PANTS;KIDS;10;Negro;1,00;La Grieta;junio-2025
07/06/2025;PANNTDA33TS;[PANNTDA33TS] EXPLORE PANTS DAMA (S, Kaki - 80279);EXPLORE PANTS;DAMA;S;Kaki;1,00;La Grieta;junio-2025
07/06/2025;PANNTDA33TL;[PANNTDA33TL] EXPLORE PANTS DAMA (L, Kaki - 80279);EXPLORE PANTS;DAMA;L;Kaki;1,00;La Grieta;junio-2025
07/06/2025;PANNTDA12TM;[PANNTDA12TM] EXPLORE PANTS DAMA (M, Azul Marino - 5102);EXPLORE PANTS;DAMA;M;Azul Marino;1,00;La Grieta;junio-2025
07/06/2025;PANNTDA33TM;[PANNTDA33TM] EXPLORE PANTS DAMA (M, Kaki - 80279);EXPLORE PANTS;DAMA;M;Kaki;1,00;La Grieta;junio-2025
08/06/2025;PANNTCA12TM;[PANNTCA12TM] EXPLORE PANTS CAB (M, Azul Marino - 5102);EXPLORE PANTS;CAB;M;Azul Marino;1,00;La Grieta;junio-2025
08/06/2025;PANNTDA33TM;[PANNTDA33TM] EXPLORE PANTS DAMA (M, Kaki - 80279);EXPLORE PANTS;DAMA;M;Kaki;1,00;La Grieta;junio-2025
08/06/2025;PANNTDA12TXS;[PANNTDA12TXS] EXPLORE PANTS DAMA (XS, Azul Marino - 5102);EXPLORE PANTS;DAMA;XS;Azul Marino;1,00;La Grieta;junio-2025
09/06/2025;PANNTKI30T10;[PANNTKI30T10] EXPLORE PANTS KIDS (10, Gris Claro - 9734);EXPLORE PANTS;KIDS;10;Gris Claro;1,00;La Grieta;junio-2025
09/06/2025;PANNTKI66T8;[PANNTKI66T8] EXPLORE PANTS KIDS (8, Verde Militar - 60620);EXPLORE PANTS;KIDS;8;Verde Militar;1,00;La Grieta;junio-2025
09/06/2025;PANNTCA33TXL;[PANNTCA33TXL] EXPLORE PANTS CAB (XL, Kaki - 80279);EXPLORE PANTS;CAB;XL;Kaki;1,00;La Grieta;junio-2025
09/06/2025;PANNTCA12TXL;[PANNTCA12TXL] EXPLORE PANTS CAB (XL, Azul Marino - 5102);EXPLORE PANTS;CAB;XL;Azul Marino;1,00;La Grieta;junio-2025
10/06/2025;PANNTDA30TS;[PANNTDA30TS] EXPLORE PANTS DAMA (S, Gris Claro - 9734);EXPLORE PANTS;DAMA;S;Gris Claro;1,00;La Grieta;junio-2025
10/06/2025;PANNTDA33TL;[PANNTDA33TL] EXPLORE PANTS DAMA (L, Kaki - 80279);EXPLORE PANTS;DAMA;L;Kaki;1,00;La Grieta;junio-2025
10/06/2025;PANNTKI12T6;[PANNTKI12T6] EXPLORE PANTS KIDS (6, Azul Marino - 5102);EXPLORE PANTS;KIDS;6;Azul Marino;1,00;La Grieta;junio-2025
10/06/2025;PANNTKI12T6;[PANNTKI12T6] EXPLORE PANTS KIDS (6, Azul Marino - 5102);EXPLORE PANTS;KIDS;6;Azul Marino;1,00;La Grieta;junio-2025
10/06/2025;PANNTKI43T10;[PANNTKI43T10] EXPLORE PANTS KIDS (10, Negro - 10);EXPLORE PANTS;KIDS;10;Negro;1,00;La Grieta;junio-2025
10/06/2025;PANNTCA12TL;[PANNTCA12TL] EXPLORE PANTS CAB (L, Azul Marino - 5102);EXPLORE PANTS;CAB;L;Azul Marino;1,00;La Grieta;junio-2025
10/06/2025;PANNTCA33TXL;[PANNTCA33TXL] EXPLORE PANTS CAB (XL, Kaki - 80279);EXPLORE PANTS;CAB;XL;Kaki;1,00;La Grieta;junio-2025
11/06/2025;PANNTCA12TL;[PANNTCA12TL] EXPLORE PANTS CAB (L, Azul Marino - 5102);EXPLORE PANTS;CAB;L;Azul Marino;1,00;La Grieta;junio-2025
12/06/2025;PANNTCA12TM;[PANNTCA12TM] EXPLORE PANTS CAB (M, Azul Marino - 5102);EXPLORE PANTS;CAB;M;Azul Marino;1,00;La Grieta;junio-2025
12/06/2025;PANNTDA33TM;[PANNTDA33TM] EXPLORE PANTS DAMA (M, Kaki - 80279);EXPLORE PANTS;DAMA;M;Kaki;1,00;La Grieta;junio-2025
12/06/2025;PANNTCA33TXL;[PANNTCA33TXL] EXPLORE PANTS CAB (XL, Kaki - 80279);EXPLORE PANTS;CAB;XL;Kaki;1,00;La Grieta;junio-2025
12/06/2025;PANNTDA43TM;[PANNTDA43TM] EXPLORE PANTS DAMA (M, Negro - 10);EXPLORE PANTS;DAMA;M;Negro;1,00;La Grieta;junio-2025
12/06/2025;PANNTCA12TL;[PANNTCA12TL] EXPLORE PANTS CAB (L, Azul Marino - 5102);EXPLORE PANTS;CAB;L;Azul Marino;1,00;La Grieta;junio-2025
12/06/2025;PANNTCA30TM;[PANNTCA30TM] EXPLORE PANTS CAB (M, Gris Claro - 9734);EXPLORE PANTS;CAB;M;Gris Claro;1,00;La Grieta;junio-2025
13/06/2025;PANNTDA43TS;[PANNTDA43TS] EXPLORE PANTS DAMA (S, Negro - 10);EXPLORE PANTS;DAMA;S;Negro;1,00;La Grieta;junio-2025
13/06/2025;PANNTCA30TL;[PANNTCA30TL] EXPLORE PANTS CAB (L, Gris Claro - 9734);EXPLORE PANTS;CAB;L;Gris Claro;1,00;La Grieta;junio-2025
13/06/2025;PANNTCA33TXL;[PANNTCA33TXL] EXPLORE PANTS CAB (XL, Kaki - 80279);EXPLORE PANTS;CAB;XL;Kaki;1,00;La Grieta;junio-2025
13/06/2025;PANNTCA33TS;[PANNTCA33TS] EXPLORE PANTS CAB (S, Kaki - 80279);EXPLORE PANTS;CAB;S;Kaki;1,00;La Grieta;junio-2025
13/06/2025;PANNTCA33TS;[PANNTCA33TS] EXPLORE PANTS CAB (S, Kaki - 80279);EXPLORE PANTS;CAB;S;Kaki;1,00;La Grieta;junio-2025
13/06/2025;PANNTCA43TL;[PANNTCA43TL] EXPLORE PANTS CAB (L, Negro - 10);EXPLORE PANTS;CAB;L;Negro;1,00;La Grieta;junio-2025
13/06/2025;PANNTDA33TL;[PANNTDA33TL] EXPLORE PANTS DAMA (L, Kaki - 80279);EXPLORE PANTS;DAMA;L;Kaki;1,00;La Grieta;junio-2025
13/06/2025;PANNTDA33TXS;[PANNTDA33TXS] EXPLORE PANTS DAMA (XS, Kaki - 80279);EXPLORE PANTS;DAMA;XS;Kaki;1,00;La Grieta;junio-2025
13/06/2025;PANNTKI30T12;[PANNTKI30T12] EXPLORE PANTS KIDS (12, Gris Claro - 9734);EXPLORE PANTS;KIDS;12;Gris Claro;1,00;La Grieta;junio-2025
13/06/2025;PANNTCA12TM;[PANNTCA12TM] EXPLORE PANTS CAB (M, Azul Marino - 5102);EXPLORE PANTS;CAB;M;Azul Marino;1,00;La Grieta;junio-2025
13/06/2025;PANNTCA43TM;[PANNTCA43TM] EXPLORE PANTS CAB (M, Negro - 10);EXPLORE PANTS;CAB;M;Negro;1,00;La Grieta;junio-2025
13/06/2025;PANNTCA66TL;[PANNTCA66TL] EXPLORE PANTS CAB (L, Verde Militar - 60620);EXPLORE PANTS;CAB;L;Verde Militar;1,00;La Grieta;junio-2025
13/06/2025;PANNTCA66TL;[PANNTCA66TL] EXPLORE PANTS CAB (L, Verde Militar - 60620);EXPLORE PANTS;CAB;L;Verde Militar;1,00;La Grieta;junio-2025
13/06/2025;PANNTCA12TS;[PANNTCA12TS] EXPLORE PANTS CAB (S, Azul Marino - 5102);EXPLORE PANTS;CAB;S;Azul Marino;1,00;La Grieta;junio-2025
13/06/2025;PANNTCA33TXL;[PANNTCA33TXL] EXPLORE PANTS CAB (XL, Kaki - 80279);EXPLORE PANTS;CAB;XL;Kaki;1,00;La Grieta;junio-2025
13/06/2025;PANNTCA33TL;[PANNTCA33TL] EXPLORE PANTS CAB (L, Kaki - 80279);EXPLORE PANTS;CAB;L;Kaki;1,00;La Grieta;junio-2025
13/06/2025;PANNTCA66TM;[PANNTCA66TM] EXPLORE PANTS CAB (M, Verde Militar - 60620);EXPLORE PANTS;CAB;M;Verde Militar;1,00;La Grieta;junio-2025
14/06/2025;PANNTCA66TL;[PANNTCA66TL] EXPLORE PANTS CAB (L, Verde Militar - 60620);EXPLORE PANTS;CAB;L;Verde Militar;1,00;La Grieta;junio-2025
14/06/2025;PANNTCA33TL;[PANNTCA33TL] EXPLORE PANTS CAB (L, Kaki - 80279);EXPLORE PANTS;CAB;L;Kaki;1,00;La Grieta;junio-2025
14/06/2025;PANNTCA12TS;[PANNTCA12TS] EXPLORE PANTS CAB (S, Azul Marino - 5102);EXPLORE PANTS;CAB;S;Azul Marino;1,00;La Grieta;junio-2025
14/06/2025;PANNTCA12TL;[PANNTCA12TL] EXPLORE PANTS CAB (L, Azul Marino - 5102);EXPLORE PANTS;CAB;L;Azul Marino;1,00;La Grieta;junio-2025
14/06/2025;PANNTCA33TL;[PANNTCA33TL] EXPLORE PANTS CAB (L, Kaki - 80279);EXPLORE PANTS;CAB;L;Kaki;1,00;La Grieta;junio-2025
14/06/2025;PANNTCA30TL;[PANNTCA30TL] EXPLORE PANTS CAB (L, Gris Claro - 9734);EXPLORE PANTS;CAB;L;Gris Claro;1,00;La Grieta;junio-2025
14/06/2025;PANNTCA43TL;[PANNTCA43TL] EXPLORE PANTS CAB (L, Negro - 10);EXPLORE PANTS;CAB;L;Negro;1,00;La Grieta;junio-2025
14/06/2025;PANNTCA43TL;[PANNTCA43TL] EXPLORE PANTS CAB (L, Negro - 10);EXPLORE PANTS;CAB;L;Negro;1,00;La Grieta;junio-2025
14/06/2025;PANNTDA30TL;[PANNTDA30TL] EXPLORE PANTS DAMA (L, Gris Claro - 9734);EXPLORE PANTS;DAMA;L;Gris Claro;1,00;La Grieta;junio-2025
14/06/2025;PANNTCA33TM;[PANNTCA33TM] EXPLORE PANTS CAB (M, Kaki - 80279);EXPLORE PANTS;CAB;M;Kaki;1,00;La Grieta;junio-2025
14/06/2025;PANNTCA30TL;[PANNTCA30TL] EXPLORE PANTS CAB (L, Gris Claro - 9734);EXPLORE PANTS;CAB;L;Gris Claro;1,00;La Grieta;junio-2025
14/06/2025;PANNTDA33TXL;[PANNTDA33TXL] EXPLORE PANTS DAMA (XL, Kaki - 80279);EXPLORE PANTS;DAMA;XL;Kaki;1,00;La Grieta;junio-2025
14/06/2025;PANNTCA33TL;[PANNTCA33TL] EXPLORE PANTS CAB (L, Kaki - 80279);EXPLORE PANTS;CAB;L;Kaki;1,00;La Grieta;junio-2025
14/06/2025;PANNTCA66TXL;[PANNTCA66TXL] EXPLORE PANTS CAB (XL, Verde Militar - 60620);EXPLORE PANTS;CAB;XL;Verde Militar;1,00;La Grieta;junio-2025
14/06/2025;PANNTDA66TXL;[PANNTDA66TXL] EXPLORE PANTS DAMA (XL, Verde Militar - 60620);EXPLORE PANTS;DAMA;XL;Verde Militar;1,00;La Grieta;junio-2025
14/06/2025;PANNTCA12TM;[PANNTCA12TM] EXPLORE PANTS CAB (M, Azul Marino - 5102);EXPLORE PANTS;CAB;M;Azul Marino;1,00;La Grieta;junio-2025
14/06/2025;PANNTCA66TM;[PANNTCA66TM] EXPLORE PANTS CAB (M, Verde Militar - 60620);EXPLORE PANTS;CAB;M;Verde Militar;1,00;La Grieta;junio-2025
14/06/2025;PANNTCA43TM;[PANNTCA43TM] EXPLORE PANTS CAB (M, Negro - 10);EXPLORE PANTS;CAB;M;Negro;1,00;La Grieta;junio-2025
14/06/2025;PANNTKI43T8;[PANNTKI43T8] EXPLORE PANTS KIDS (8, Negro - 10);EXPLORE PANTS;KIDS;8;Negro;1,00;La Grieta;junio-2025
14/06/2025;PANNTCA33TS;[PANNTCA33TS] EXPLORE PANTS CAB (S, Kaki - 80279);EXPLORE PANTS;CAB;S;Kaki;1,00;La Grieta;junio-2025
15/06/2025;PANNTCA33TS;[PANNTCA33TS] EXPLORE PANTS CAB (S, Kaki - 80279);EXPLORE PANTS;CAB;S;Kaki;1,00;La Grieta;junio-2025
15/06/2025;PANNTCA12TL;[PANNTCA12TL] EXPLORE PANTS CAB (L, Azul Marino - 5102);EXPLORE PANTS;CAB;L;Azul Marino;1,00;La Grieta;junio-2025
16/06/2025;PANNTDA66TS;[PANNTDA66TS] EXPLORE PANTS DAMA (S, Verde Militar - 60620);EXPLORE PANTS;DAMA;S;Verde Militar;-1,00;La Grieta;junio-2025
16/06/2025;PANNTDA66TM;[PANNTDA66TM] EXPLORE PANTS DAMA (M, Verde Militar - 60620);EXPLORE PANTS;DAMA;M;Verde Militar;1,00;La Grieta;junio-2025
16/06/2025;PANNTKI12T12;[PANNTKI12T12] EXPLORE PANTS KIDS (12, Azul Marino - 5102);EXPLORE PANTS;KIDS;12;Azul Marino;1,00;La Grieta;junio-2025
16/06/2025;PANNTDA43TXS;[PANNTDA43TXS] EXPLORE PANTS DAMA (XS, Negro - 10);EXPLORE PANTS;DAMA;XS;Negro;1,00;La Grieta;junio-2025
16/06/2025;PANNTCA12TM;[PANNTCA12TM] EXPLORE PANTS CAB (M, Azul Marino - 5102);EXPLORE PANTS;CAB;M;Azul Marino;1,00;La Grieta;junio-2025
17/06/2025;PANNTCA12TM;[PANNTCA12TM] EXPLORE PANTS CAB (M, Azul Marino - 5102);EXPLORE PANTS;CAB;M;Azul Marino;1,00;La Grieta;junio-2025
18/06/2025;PANNTDA43TXS;[PANNTDA43TXS] EXPLORE PANTS DAMA (XS, Negro - 10);EXPLORE PANTS;DAMA;XS;Negro;1,00;La Grieta;junio-2025
19/06/2025;PANNTDA33TS;[PANNTDA33TS] EXPLORE PANTS DAMA (S, Kaki - 80279);EXPLORE PANTS;DAMA;S;Kaki;1,00;La Grieta;junio-2025
19/06/2025;PANNTDA33TXS;[PANNTDA33TXS] EXPLORE PANTS DAMA (XS, Kaki - 80279);EXPLORE PANTS;DAMA;XS;Kaki;1,00;La Grieta;junio-2025
19/06/2025;PANNTDA33TL;[PANNTDA33TL] EXPLORE PANTS DAMA (L, Kaki - 80279);EXPLORE PANTS;DAMA;L;Kaki;1,00;La Grieta;junio-2025
19/06/2025;PANNTDA43TXS;[PANNTDA43TXS] EXPLORE PANTS DAMA (XS, Negro - 10);EXPLORE PANTS;DAMA;XS;Negro;-1,00;La Grieta;junio-2025
19/06/2025;PANNTDA43TS;[PANNTDA43TS] EXPLORE PANTS DAMA (S, Negro - 10);EXPLORE PANTS;DAMA;S;Negro;1,00;La Grieta;junio-2025
19/06/2025;PANNTDA30TL;[PANNTDA30TL] EXPLORE PANTS DAMA (L, Gris Claro - 9734);EXPLORE PANTS;DAMA;L;Gris Claro;1,00;La Grieta;junio-2025
20/06/2025;PANNTCA33TM;[PANNTCA33TM] EXPLORE PANTS CAB (M, Kaki - 80279);EXPLORE PANTS;CAB;M;Kaki;1,00;La Grieta;junio-2025
21/06/2025;PANNTDA33TL;[PANNTDA33TL] EXPLORE PANTS DAMA (L, Kaki - 80279);EXPLORE PANTS;DAMA;L;Kaki;1,00;La Grieta;junio-2025
21/06/2025;PANNTDA12TM;[PANNTDA12TM] EXPLORE PANTS DAMA (M, Azul Marino - 5102);EXPLORE PANTS;DAMA;M;Azul Marino;1,00;La Grieta;junio-2025
22/06/2025;PANNTDA12TXL;[PANNTDA12TXL] EXPLORE PANTS DAMA (XL, Azul Marino - 5102);EXPLORE PANTS;DAMA;XL;Azul Marino;1,00;La Grieta;junio-2025
23/06/2025;PANNTCA33TM;[PANNTCA33TM] EXPLORE PANTS CAB (M, Kaki - 80279);EXPLORE PANTS;CAB;M;Kaki;1,00;La Grieta;junio-2025
23/06/2025;PANNTCA33TS;[PANNTCA33TS] EXPLORE PANTS CAB (S, Kaki - 80279);EXPLORE PANTS;CAB;S;Kaki;-1,00;La Grieta;junio-2025
24/06/2025;PANNTDA43TS;[PANNTDA43TS] EXPLORE PANTS DAMA (S, Negro - 10);EXPLORE PANTS;DAMA;S;Negro;1,00;La Grieta;junio-2025
24/06/2025;PANNTDA43TM;[PANNTDA43TM] EXPLORE PANTS DAMA (M, Negro - 10);EXPLORE PANTS;DAMA;M;Negro;1,00;La Grieta;junio-2025
24/06/2025;PANNTCA33TL;[PANNTCA33TL] EXPLORE PANTS CAB (L, Kaki - 80279);EXPLORE PANTS;CAB;L;Kaki;1,00;La Grieta;junio-2025
24/06/2025;PANNTDA43TXS;[PANNTDA43TXS] EXPLORE PANTS DAMA (XS, Negro - 10);EXPLORE PANTS;DAMA;XS;Negro;-1,00;La Grieta;junio-2025
24/06/2025;PANNTDA43TS;[PANNTDA43TS] EXPLORE PANTS DAMA (S, Negro - 10);EXPLORE PANTS;DAMA;S;Negro;1,00;La Grieta;junio-2025
25/06/2025;PANNTCA33TXL;[PANNTCA33TXL] EXPLORE PANTS CAB (XL, Kaki - 80279);EXPLORE PANTS;CAB;XL;Kaki;1,00;La Grieta;junio-2025
25/06/2025;PANNTDA33TM;[PANNTDA33TM] EXPLORE PANTS DAMA (M, Kaki - 80279);EXPLORE PANTS;DAMA;M;Kaki;1,00;La Grieta;junio-2025
25/06/2025;PANNTDA33TS;[PANNTDA33TS] EXPLORE PANTS DAMA (S, Kaki - 80279);EXPLORE PANTS;DAMA;S;Kaki;1,00;La Grieta;junio-2025
25/06/2025;PANNTCA33TL;[PANNTCA33TL] EXPLORE PANTS CAB (L, Kaki - 80279);EXPLORE PANTS;CAB;L;Kaki;1,00;La Grieta;junio-2025
25/06/2025;PANNTCA12TL;[PANNTCA12TL] EXPLORE PANTS CAB (L, Azul Marino - 5102);EXPLORE PANTS;CAB;L;Azul Marino;1,00;La Grieta;junio-2025
25/06/2025;PANNTCA66TXL;[PANNTCA66TXL] EXPLORE PANTS CAB (XL, Verde Militar - 60620);EXPLORE PANTS;CAB;XL;Verde Militar;1,00;La Grieta;junio-2025
25/06/2025;PANNTDA66TXL;[PANNTDA66TXL] EXPLORE PANTS DAMA (XL, Verde Militar - 60620);EXPLORE PANTS;DAMA;XL;Verde Militar;1,00;La Grieta;junio-2025
25/06/2025;PANNTCA66TS;[PANNTCA66TS] EXPLORE PANTS CAB (S, Verde Militar - 60620);EXPLORE PANTS;CAB;S;Verde Militar;1,00;La Grieta;junio-2025
25/06/2025;PANNTCA33TL;[PANNTCA33TL] EXPLORE PANTS CAB (L, Kaki - 80279);EXPLORE PANTS;CAB;L;Kaki;1,00;La Grieta;junio-2025
25/06/2025;PANNTDA33TXS;[PANNTDA33TXS] EXPLORE PANTS DAMA (XS, Kaki - 80279);EXPLORE PANTS;DAMA;XS;Kaki;1,00;La Grieta;junio-2025
25/06/2025;PANNTCA33TM;[PANNTCA33TM] EXPLORE PANTS CAB (M, Kaki - 80279);EXPLORE PANTS;CAB;M;Kaki;1,00;La Grieta;junio-2025
25/06/2025;PANNTKI12T8;[PANNTKI12T8] EXPLORE PANTS KIDS (8, Azul Marino - 5102);EXPLORE PANTS;KIDS;8;Azul Marino;1,00;La Grieta;junio-2025
25/06/2025;PANNTKI66T8;[PANNTKI66T8] EXPLORE PANTS KIDS (8, Verde Militar - 60620);EXPLORE PANTS;KIDS;8;Verde Militar;1,00;La Grieta;junio-2025
25/06/2025;PANNTKI30T8;[PANNTKI30T8] EXPLORE PANTS KIDS (8, Gris Claro - 9734);EXPLORE PANTS;KIDS;8;Gris Claro;1,00;La Grieta;junio-2025
25/06/2025;PANNTKI43T8;[PANNTKI43T8] EXPLORE PANTS KIDS (8, Negro - 10);EXPLORE PANTS;KIDS;8;Negro;1,00;La Grieta;junio-2025
25/06/2025;PANNTDA66TM;[PANNTDA66TM] EXPLORE PANTS DAMA (M, Verde Militar - 60620);EXPLORE PANTS;DAMA;M;Verde Militar;1,00;La Grieta;junio-2025
25/06/2025;PANNTDA30TM;[PANNTDA30TM] EXPLORE PANTS DAMA (M, Gris Claro - 9734);EXPLORE PANTS;DAMA;M;Gris Claro;1,00;La Grieta;junio-2025
25/06/2025;PANNTDA43TM;[PANNTDA43TM] EXPLORE PANTS DAMA (M, Negro - 10);EXPLORE PANTS;DAMA;M;Negro;2,00;La Grieta;junio-2025
25/06/2025;PANNTDA66TXS;[PANNTDA66TXS] EXPLORE PANTS DAMA (XS, Verde Militar - 60620);EXPLORE PANTS;DAMA;XS;Verde Militar;1,00;La Grieta;junio-2025
25/06/2025;PANNTDA43TXS;[PANNTDA43TXS] EXPLORE PANTS DAMA (XS, Negro - 10);EXPLORE PANTS;DAMA;XS;Negro;1,00;La Grieta;junio-2025
25/06/2025;PANNTCA43TM;[PANNTCA43TM] EXPLORE PANTS CAB (M, Negro - 10);EXPLORE PANTS;CAB;M;Negro;1,00;La Grieta;junio-2025
26/06/2025;PANNTKI43T12;[PANNTKI43T12] EXPLORE PANTS KIDS (12, Negro - 10);EXPLORE PANTS;KIDS;12;Negro;1,00;La Grieta;junio-2025
26/06/2025;PANNTCA66TM;[PANNTCA66TM] EXPLORE PANTS CAB (M, Verde Militar - 60620);EXPLORE PANTS;CAB;M;Verde Militar;1,00;La Grieta;junio-2025
26/06/2025;PANNTCA33TM;[PANNTCA33TM] EXPLORE PANTS CAB (M, Kaki - 80279);EXPLORE PANTS;CAB;M;Kaki;1,00;La Grieta;junio-2025
26/06/2025;PANNTCA33TM;[PANNTCA33TM] EXPLORE PANTS CAB (M, Kaki - 80279);EXPLORE PANTS;CAB;M;Kaki;1,00;La Grieta;junio-2025
27/06/2025;PANNTDA43TM;[PANNTDA43TM] EXPLORE PANTS DAMA (M, Negro - 10);EXPLORE PANTS;DAMA;M;Negro;1,00;La Grieta;junio-2025
27/06/2025;PANNTDA66TM;[PANNTDA66TM] EXPLORE PANTS DAMA (M, Verde Militar - 60620);EXPLORE PANTS;DAMA;M;Verde Militar;1,00;La Grieta;junio-2025
27/06/2025;PANNTDA33TM;[PANNTDA33TM] EXPLORE PANTS DAMA (M, Kaki - 80279);EXPLORE PANTS;DAMA;M;Kaki;1,00;La Grieta;junio-2025
28/06/2025;PANNTKI12T12;[PANNTKI12T12] EXPLORE PANTS KIDS (12, Azul Marino - 5102);EXPLORE PANTS;KIDS;12;Azul Marino;1,00;La Grieta;junio-2025
28/06/2025;PANNTCA30TL;[PANNTCA30TL] EXPLORE PANTS CAB (L, Gris Claro - 9734);EXPLORE PANTS;CAB;L;Gris Claro;1,00;La Grieta;junio-2025
28/06/2025;PANNTDA33TS;[PANNTDA33TS] EXPLORE PANTS DAMA (S, Kaki - 80279);EXPLORE PANTS;DAMA;S;Kaki;1,00;La Grieta;junio-2025
28/06/2025;PANNTKI66T2;[PANNTKI66T2] EXPLORE PANTS KIDS (2, Verde Militar - 60620);EXPLORE PANTS;KIDS;2;Verde Militar;1,00;La Grieta;junio-2025
28/06/2025;PANNTKI30T8;[PANNTKI30T8] EXPLORE PANTS KIDS (8, Gris Claro - 9734);EXPLORE PANTS;KIDS;8;Gris Claro;1,00;La Grieta;junio-2025
28/06/2025;PANNTCA33TL;[PANNTCA33TL] EXPLORE PANTS CAB (L, Kaki - 80279);EXPLORE PANTS;CAB;L;Kaki;1,00;La Grieta;junio-2025
28/06/2025;PANNTDA66TXS;[PANNTDA66TXS] EXPLORE PANTS DAMA (XS, Verde Militar - 60620);EXPLORE PANTS;DAMA;XS;Verde Militar;1,00;La Grieta;junio-2025
28/06/2025;PANNTDA33TS;[PANNTDA33TS] EXPLORE PANTS DAMA (S, Kaki - 80279);EXPLORE PANTS;DAMA;S;Kaki;1,00;La Grieta;junio-2025
30/06/2025;PANNTDA30TM;[PANNTDA30TM] EXPLORE PANTS DAMA (M, Gris Claro - 9734);EXPLORE PANTS;DAMA;M;Gris Claro;1,00;La Grieta;junio-2025
30/06/2025;PANNTDA43TM;[PANNTDA43TM] EXPLORE PANTS DAMA (M, Negro - 10);EXPLORE PANTS;DAMA;M;Negro;1,00;La Grieta;junio-2025
30/06/2025;PANNTDA33TM;[PANNTDA33TM] EXPLORE PANTS DAMA (M, Kaki - 80279);EXPLORE PANTS;DAMA;M;Kaki;1,00;La Grieta;junio-2025
30/06/2025;PANNTDA33TXS;[PANNTDA33TXS] EXPLORE PANTS DAMA (XS, Kaki - 80279);EXPLORE PANTS;DAMA;XS;Kaki;1,00;La Grieta;junio-2025
30/06/2025;PANNTDA43TXL;[PANNTDA43TXL] EXPLORE PANTS DAMA (XL, Negro - 10);EXPLORE PANTS;DAMA;XL;Negro;1,00;La Grieta;junio-2025
30/06/2025;PANNTDA30TM;[PANNTDA30TM] EXPLORE PANTS DAMA (M, Gris Claro - 9734);EXPLORE PANTS;DAMA;M;Gris Claro;1,00;La Grieta;junio-2025
01/07/2025;PANNTDA12TXL;[PANNTDA12TXL] EXPLORE PANTS DAMA (XL, Azul Marino - 5102);EXPLORE PANTS;DAMA;XL;Azul Marino;1,00;La Grieta;julio-2025
01/07/2025;PANNTKI30T10;[PANNTKI30T10] EXPLORE PANTS KIDS (10, Gris Claro - 9734);EXPLORE PANTS;KIDS;10;Gris Claro;1,00;La Grieta;julio-2025
01/07/2025;PANNTDA33TS;[PANNTDA33TS] EXPLORE PANTS DAMA (S, Kaki - 80279);EXPLORE PANTS;DAMA;S;Kaki;1,00;La Grieta;julio-2025
01/07/2025;PANNTDA12TM;[PANNTDA12TM] EXPLORE PANTS DAMA (M, Azul Marino - 5102);EXPLORE PANTS;DAMA;M;Azul Marino;1,00;La Grieta;julio-2025
02/07/2025;PANNTDA30TL;[PANNTDA30TL] EXPLORE PANTS DAMA (L, Gris Claro - 9734);EXPLORE PANTS;DAMA;L;Gris Claro;1,00;La Grieta;julio-2025
02/07/2025;PANNTDA30TXL;[PANNTDA30TXL] EXPLORE PANTS DAMA (XL, Gris Claro - 9734);EXPLORE PANTS;DAMA;XL;Gris Claro;1,00;La Grieta;julio-2025
02/07/2025;PANNTDA12TXL;[PANNTDA12TXL] EXPLORE PANTS DAMA (XL, Azul Marino - 5102);EXPLORE PANTS;DAMA;XL;Azul Marino;1,00;La Grieta;julio-2025
02/07/2025;PANNTDA33TXL;[PANNTDA33TXL] EXPLORE PANTS DAMA (XL, Kaki - 80279);EXPLORE PANTS;DAMA;XL;Kaki;1,00;La Grieta;julio-2025
03/07/2025;PANNTCA33TL;[PANNTCA33TL] EXPLORE PANTS CAB (L, Kaki - 80279);EXPLORE PANTS;CAB;L;Kaki;1,00;La Grieta;julio-2025
03/07/2025;PANNTDA66TL;[PANNTDA66TL] EXPLORE PANTS DAMA (L, Verde Militar - 60620);EXPLORE PANTS;DAMA;L;Verde Militar;6,00;La Grieta;julio-2025
03/07/2025;PANNTDA43TL;[PANNTDA43TL] EXPLORE PANTS DAMA (L, Negro - 10);EXPLORE PANTS;DAMA;L;Negro;6,00;La Grieta;julio-2025
03/07/2025;PANNTDA66TS;[PANNTDA66TS] EXPLORE PANTS DAMA (S, Verde Militar - 60620);EXPLORE PANTS;DAMA;S;Verde Militar;3,00;La Grieta;julio-2025
03/07/2025;PANNTDA43TS;[PANNTDA43TS] EXPLORE PANTS DAMA (S, Negro - 10);EXPLORE PANTS;DAMA;S;Negro;3,00;La Grieta;julio-2025
03/07/2025;PANNTCA33TL;[PANNTCA33TL] EXPLORE PANTS CAB (L, Kaki - 80279);EXPLORE PANTS;CAB;L;Kaki;-1,00;La Grieta;julio-2025
03/07/2025;PANNTCA33TL;[PANNTCA33TL] EXPLORE PANTS CAB (L, Kaki - 80279);EXPLORE PANTS;CAB;L;Kaki;1,00;La Grieta;julio-2025
04/07/2025;PANNTDA33TXS;[PANNTDA33TXS] EXPLORE PANTS DAMA (XS, Kaki - 80279);EXPLORE PANTS;DAMA;XS;Kaki;1,00;La Grieta;julio-2025
04/07/2025;PANNTCA66TXL;[PANNTCA66TXL] EXPLORE PANTS CAB (XL, Verde Militar - 60620);EXPLORE PANTS;CAB;XL;Verde Militar;1,00;La Grieta;julio-2025
04/07/2025;PANNTCA33TL;[PANNTCA33TL] EXPLORE PANTS CAB (L, Kaki - 80279);EXPLORE PANTS;CAB;L;Kaki;1,00;La Grieta;julio-2025
04/07/2025;PANNTKI30T8;[PANNTKI30T8] EXPLORE PANTS KIDS (8, Gris Claro - 9734);EXPLORE PANTS;KIDS;8;Gris Claro;1,00;La Grieta;julio-2025
04/07/2025;PANNTDA33TM;[PANNTDA33TM] EXPLORE PANTS DAMA (M, Kaki - 80279);EXPLORE PANTS;DAMA;M;Kaki;1,00;La Grieta;julio-2025
05/07/2025;PANNTDA33TS;[PANNTDA33TS] EXPLORE PANTS DAMA (S, Kaki - 80279);EXPLORE PANTS;DAMA;S;Kaki;1,00;La Grieta;julio-2025
07/07/2025;PANNTKI30T10;[PANNTKI30T10] EXPLORE PANTS KIDS (10, Gris Claro - 9734);EXPLORE PANTS;KIDS;10;Gris Claro;1,00;La Grieta;julio-2025
07/07/2025;PANNTDA30TM;[PANNTDA30TM] EXPLORE PANTS DAMA (M, Gris Claro - 9734);EXPLORE PANTS;DAMA;M;Gris Claro;1,00;La Grieta;julio-2025
07/07/2025;PANNTDA12TM;[PANNTDA12TM] EXPLORE PANTS DAMA (M, Azul Marino - 5102);EXPLORE PANTS;DAMA;M;Azul Marino;1,00;La Grieta;julio-2025
07/07/2025;PANNTDA43TXS;[PANNTDA43TXS] EXPLORE PANTS DAMA (XS, Negro - 10);EXPLORE PANTS;DAMA;XS;Negro;1,00;La Grieta;julio-2025
07/07/2025;PANNTDA33TM;[PANNTDA33TM] EXPLORE PANTS DAMA (M, Kaki - 80279);EXPLORE PANTS;DAMA;M;Kaki;1,00;La Grieta;julio-2025
08/07/2025;PANNTCA30TXL;[PANNTCA30TXL] EXPLORE PANTS CAB (XL, Gris Claro - 9734);EXPLORE PANTS;CAB;XL;Gris Claro;1,00;La Grieta;julio-2025
08/07/2025;PANNTDA43TS;[PANNTDA43TS] EXPLORE PANTS DAMA (S, Negro - 10);EXPLORE PANTS;DAMA;S;Negro;1,00;La Grieta;julio-2025
09/07/2025;PANNTKI30T12;[PANNTKI30T12] EXPLORE PANTS KIDS (12, Gris Claro - 9734);EXPLORE PANTS;KIDS;12;Gris Claro;1,00;La Grieta;julio-2025
09/07/2025;PANNTKI43T12;[PANNTKI43T12] EXPLORE PANTS KIDS (12, Negro - 10);EXPLORE PANTS;KIDS;12;Negro;1,00;La Grieta;julio-2025
09/07/2025;PANNTCA66TL;[PANNTCA66TL] EXPLORE PANTS CAB (L, Verde Militar - 60620);EXPLORE PANTS;CAB;L;Verde Militar;1,00;La Grieta;julio-2025
09/07/2025;PANNTDA33TM;[PANNTDA33TM] EXPLORE PANTS DAMA (M, Kaki - 80279);EXPLORE PANTS;DAMA;M;Kaki;1,00;La Grieta;julio-2025
09/07/2025;PANNTDA12TM;[PANNTDA12TM] EXPLORE PANTS DAMA (M, Azul Marino - 5102);EXPLORE PANTS;DAMA;M;Azul Marino;1,00;La Grieta;julio-2025
09/07/2025;PANNTKI66T12;[PANNTKI66T12] EXPLORE PANTS KIDS (12, Verde Militar - 60620);EXPLORE PANTS;KIDS;12;Verde Militar;1,00;La Grieta;julio-2025
09/07/2025;PANNTDA12TXL;[PANNTDA12TXL] EXPLORE PANTS DAMA (XL, Azul Marino - 5102);EXPLORE PANTS;DAMA;XL;Azul Marino;1,00;La Grieta;julio-2025
09/07/2025;PANNTDA33TXL;[PANNTDA33TXL] EXPLORE PANTS DAMA (XL, Kaki - 80279);EXPLORE PANTS;DAMA;XL;Kaki;1,00;La Grieta;julio-2025
10/07/2025;PANNTDA12TXL;[PANNTDA12TXL] EXPLORE PANTS DAMA (XL, Azul Marino - 5102);EXPLORE PANTS;DAMA;XL;Azul Marino;1,00;La Grieta;julio-2025
10/07/2025;PANNTDA66TXL;[PANNTDA66TXL] EXPLORE PANTS DAMA (XL, Verde Militar - 60620);EXPLORE PANTS;DAMA;XL;Verde Militar;1,00;La Grieta;julio-2025
10/07/2025;PANNTDA66TXS;[PANNTDA66TXS] EXPLORE PANTS DAMA (XS, Verde Militar - 60620);EXPLORE PANTS;DAMA;XS;Verde Militar;1,00;La Grieta;julio-2025
10/07/2025;PANNTDA43TXS;[PANNTDA43TXS] EXPLORE PANTS DAMA (XS, Negro - 10);EXPLORE PANTS;DAMA;XS;Negro;1,00;La Grieta;julio-2025
10/07/2025;PANNTDA33TM;[PANNTDA33TM] EXPLORE PANTS DAMA (M, Kaki - 80279);EXPLORE PANTS;DAMA;M;Kaki;-1,00;La Grieta;julio-2025
10/07/2025;PANNTDA12TM;[PANNTDA12TM] EXPLORE PANTS DAMA (M, Azul Marino - 5102);EXPLORE PANTS;DAMA;M;Azul Marino;-1,00;La Grieta;julio-2025
10/07/2025;PANNTDA12TL;[PANNTDA12TL] EXPLORE PANTS DAMA (L, Azul Marino - 5102);EXPLORE PANTS;DAMA;L;Azul Marino;1,00;La Grieta;julio-2025
10/07/2025;PANNTCA66TM;[PANNTCA66TM] EXPLORE PANTS CAB (M, Verde Militar - 60620);EXPLORE PANTS;CAB;M;Verde Militar;1,00;La Grieta;julio-2025
10/07/2025;PANNTCA30TS;[PANNTCA30TS] EXPLORE PANTS CAB (S, Gris Claro - 9734);EXPLORE PANTS;CAB;S;Gris Claro;1,00;Sambil Valencia;julio-2025
11/07/2025;PANNTKI43T2;[PANNTKI43T2] EXPLORE PANTS KIDS (2, Negro - 10);EXPLORE PANTS;KIDS;2;Negro;1,00;La Grieta;julio-2025
11/07/2025;PANNTDA43TXS;[PANNTDA43TXS] EXPLORE PANTS DAMA (XS, Negro - 10);EXPLORE PANTS;DAMA;XS;Negro;1,00;La Grieta;julio-2025
11/07/2025;PANNTDA12TM;[PANNTDA12TM] EXPLORE PANTS DAMA (M, Azul Marino - 5102);EXPLORE PANTS;DAMA;M;Azul Marino;1,00;Sambil Valencia;julio-2025
12/07/2025;PANNTDA33TS;[PANNTDA33TS] EXPLORE PANTS DAMA (S, Kaki - 80279);EXPLORE PANTS;DAMA;S;Kaki;1,00;Sambil Valencia;julio-2025
12/07/2025;PANNTDA33TXL;[PANNTDA33TXL] EXPLORE PANTS DAMA (XL, Kaki - 80279);EXPLORE PANTS;DAMA;XL;Kaki;1,00;La Grieta;julio-2025
12/07/2025;PANNTDA33TM;[PANNTDA33TM] EXPLORE PANTS DAMA (M, Kaki - 80279);EXPLORE PANTS;DAMA;M;Kaki;1,00;Sambil Valencia;julio-2025
12/07/2025;PANNTCA33TM;[PANNTCA33TM] EXPLORE PANTS CAB (M, Kaki - 80279);EXPLORE PANTS;CAB;M;Kaki;1,00;Sambil Valencia;julio-2025
13/07/2025;PANNTDA33TM;[PANNTDA33TM] EXPLORE PANTS DAMA (M, Kaki - 80279);EXPLORE PANTS;DAMA;M;Kaki;1,00;Sambil Valencia;julio-2025
13/07/2025;PANNTKI43T2;[PANNTKI43T2] EXPLORE PANTS KIDS (2, Negro - 10);EXPLORE PANTS;KIDS;2;Negro;1,00;La Grieta;julio-2025
13/07/2025;PANNTKI43T6;[PANNTKI43T6] EXPLORE PANTS KIDS (6, Negro - 10);EXPLORE PANTS;KIDS;6;Negro;1,00;La Grieta;julio-2025
13/07/2025;PANNTDA33TXS;[PANNTDA33TXS] EXPLORE PANTS DAMA (XS, Kaki - 80279);EXPLORE PANTS;DAMA;XS;Kaki;1,00;Sambil Valencia;julio-2025
14/07/2025;PANNTCA12TM;[PANNTCA12TM] EXPLORE PANTS CAB (M, Azul Marino - 5102);EXPLORE PANTS;CAB;M;Azul Marino;1,00;Sambil Valencia;julio-2025
14/07/2025;PANNTCA33TM;[PANNTCA33TM] EXPLORE PANTS CAB (M, Kaki - 80279);EXPLORE PANTS;CAB;M;Kaki;1,00;Sambil Valencia;julio-2025
14/07/2025;PANNTDA66TS;[PANNTDA66TS] EXPLORE PANTS DAMA (S, Verde Militar - 60620);EXPLORE PANTS;DAMA;S;Verde Militar;1,00;Sambil Valencia;julio-2025
14/07/2025;PANNTKI43T4;[PANNTKI43T4] EXPLORE PANTS KIDS (4, Negro - 10);EXPLORE PANTS;KIDS;4;Negro;1,00;Sambil Valencia;julio-2025
14/07/2025;PANNTDA30TXL;[PANNTDA30TXL] EXPLORE PANTS DAMA (XL, Gris Claro - 9734);EXPLORE PANTS;DAMA;XL;Gris Claro;1,00;Sambil Valencia;julio-2025
14/07/2025;PANNTKI30T10;[PANNTKI30T10] EXPLORE PANTS KIDS (10, Gris Claro - 9734);EXPLORE PANTS;KIDS;10;Gris Claro;1,00;Sambil Valencia;julio-2025
15/07/2025;PANNTCA33TM;[PANNTCA33TM] EXPLORE PANTS CAB (M, Kaki - 80279);EXPLORE PANTS;CAB;M;Kaki;1,00;Sambil Valencia;julio-2025
15/07/2025;PANNTDA33TM;[PANNTDA33TM] EXPLORE PANTS DAMA (M, Kaki - 80279);EXPLORE PANTS;DAMA;M;Kaki;1,00;Sambil Valencia;julio-2025
15/07/2025;PANNTCA66TL;[PANNTCA66TL] EXPLORE PANTS CAB (L, Verde Militar - 60620);EXPLORE PANTS;CAB;L;Verde Militar;1,00;Sambil Valencia;julio-2025
15/07/2025;PANNTCA30TL;[PANNTCA30TL] EXPLORE PANTS CAB (L, Gris Claro - 9734);EXPLORE PANTS;CAB;L;Gris Claro;1,00;Sambil Valencia;julio-2025
16/07/2025;PANNTDA43TM;[PANNTDA43TM] EXPLORE PANTS DAMA (M, Negro - 10);EXPLORE PANTS;DAMA;M;Negro;1,00;La Grieta;julio-2025
16/07/2025;PANNTDA43TM;[PANNTDA43TM] EXPLORE PANTS DAMA (M, Negro - 10);EXPLORE PANTS;DAMA;M;Negro;-1,00;La Grieta;julio-2025
16/07/2025;PANNTDA33TXL;[PANNTDA33TXL] EXPLORE PANTS DAMA (XL, Kaki - 80279);EXPLORE PANTS;DAMA;XL;Kaki;1,00;La Grieta;julio-2025
16/07/2025;PANNTDA30TXL;[PANNTDA30TXL] EXPLORE PANTS DAMA (XL, Gris Claro - 9734);EXPLORE PANTS;DAMA;XL;Gris Claro;1,00;La Grieta;julio-2025
16/07/2025;PANNTCA12TM;[PANNTCA12TM] EXPLORE PANTS CAB (M, Azul Marino - 5102);EXPLORE PANTS;CAB;M;Azul Marino;1,00;Sambil Valencia;julio-2025
16/07/2025;PANNTCA33TL;[PANNTCA33TL] EXPLORE PANTS CAB (L, Kaki - 80279);EXPLORE PANTS;CAB;L;Kaki;1,00;Sambil Valencia;julio-2025
16/07/2025;PANNTCA12TL;[PANNTCA12TL] EXPLORE PANTS CAB (L, Azul Marino - 5102);EXPLORE PANTS;CAB;L;Azul Marino;1,00;Sambil Valencia;julio-2025
17/07/2025;PANNTDA30TXL;[PANNTDA30TXL] EXPLORE PANTS DAMA (XL, Gris Claro - 9734);EXPLORE PANTS;DAMA;XL;Gris Claro;1,00;La Grieta;julio-2025
17/07/2025;PANNTDA30TS;[PANNTDA30TS] EXPLORE PANTS DAMA (S, Gris Claro - 9734);EXPLORE PANTS;DAMA;S;Gris Claro;1,00;Cerro Verde ;julio-2025
17/07/2025;PANNTDA12TS;[PANNTDA12TS] EXPLORE PANTS DAMA (S, Azul Marino - 5102);EXPLORE PANTS;DAMA;S;Azul Marino;1,00;Cerro Verde ;julio-2025
17/07/2025;PANNTDA66TXL;[PANNTDA66TXL] EXPLORE PANTS DAMA (XL, Verde Militar - 60620);EXPLORE PANTS;DAMA;XL;Verde Militar;1,00;Cerro Verde ;julio-2025
17/07/2025;PANNTCA33TM;[PANNTCA33TM] EXPLORE PANTS CAB (M, Kaki - 80279);EXPLORE PANTS;CAB;M;Kaki;1,00;Sambil Valencia;julio-2025
17/07/2025;PANNTKI30T12;[PANNTKI30T12] EXPLORE PANTS KIDS (12, Gris Claro - 9734);EXPLORE PANTS;KIDS;12;Gris Claro;1,00;Cerro Verde ;julio-2025
18/07/2025;PANNTKI66T12;[PANNTKI66T12] EXPLORE PANTS KIDS (12, Verde Militar - 60620);EXPLORE PANTS;KIDS;12;Verde Militar;1,00;Cerro Verde ;julio-2025
18/07/2025;PANNTKI66T8;[PANNTKI66T8] EXPLORE PANTS KIDS (8, Verde Militar - 60620);EXPLORE PANTS;KIDS;8;Verde Militar;1,00;Sambil Valencia;julio-2025
18/07/2025;PANNTKI43T8;[PANNTKI43T8] EXPLORE PANTS KIDS (8, Negro - 10);EXPLORE PANTS;KIDS;8;Negro;1,00;Sambil Valencia;julio-2025
18/07/2025;PANNTDA33TS;[PANNTDA33TS] EXPLORE PANTS DAMA (S, Kaki - 80279);EXPLORE PANTS;DAMA;S;Kaki;1,00;Sambil Valencia;julio-2025
18/07/2025;PANNTDA66TXS;[PANNTDA66TXS] EXPLORE PANTS DAMA (XS, Verde Militar - 60620);EXPLORE PANTS;DAMA;XS;Verde Militar;1,00;Cerro Verde ;julio-2025
18/07/2025;PANNTCA33TM;[PANNTCA33TM] EXPLORE PANTS CAB (M, Kaki - 80279);EXPLORE PANTS;CAB;M;Kaki;1,00;Cerro Verde ;julio-2025
18/07/2025;PANNTCA66TM;[PANNTCA66TM] EXPLORE PANTS CAB (M, Verde Militar - 60620);EXPLORE PANTS;CAB;M;Verde Militar;1,00;Cerro Verde ;julio-2025
19/07/2025;PANNTDA30TS;[PANNTDA30TS] EXPLORE PANTS DAMA (S, Gris Claro - 9734);EXPLORE PANTS;DAMA;S;Gris Claro;1,00;Cerro Verde ;julio-2025
19/07/2025;PANNTKI66T8;[PANNTKI66T8] EXPLORE PANTS KIDS (8, Verde Militar - 60620);EXPLORE PANTS;KIDS;8;Verde Militar;1,00;Cerro Verde ;julio-2025
19/07/2025;PANNTCA66TM;[PANNTCA66TM] EXPLORE PANTS CAB (M, Verde Militar - 60620);EXPLORE PANTS;CAB;M;Verde Militar;1,00;La Grieta;julio-2025
19/07/2025;PANNTCA33TL;[PANNTCA33TL] EXPLORE PANTS CAB (L, Kaki - 80279);EXPLORE PANTS;CAB;L;Kaki;1,00;Sambil Valencia;julio-2025
19/07/2025;PANNTDA30TM;[PANNTDA30TM] EXPLORE PANTS DAMA (M, Gris Claro - 9734);EXPLORE PANTS;DAMA;M;Gris Claro;1,00;Cerro Verde ;julio-2025
19/07/2025;PANNTDA33TM;[PANNTDA33TM] EXPLORE PANTS DAMA (M, Kaki - 80279);EXPLORE PANTS;DAMA;M;Kaki;1,00;Cerro Verde ;julio-2025
19/07/2025;PANNTDA33TS;[PANNTDA33TS] EXPLORE PANTS DAMA (S, Kaki - 80279);EXPLORE PANTS;DAMA;S;Kaki;1,00;Sambil Valencia;julio-2025
19/07/2025;PANNTCA66TM;[PANNTCA66TM] EXPLORE PANTS CAB (M, Verde Militar - 60620);EXPLORE PANTS;CAB;M;Verde Militar;1,00;Sambil Valencia;julio-2025
19/07/2025;PANNTDA12TM;[PANNTDA12TM] EXPLORE PANTS DAMA (M, Azul Marino - 5102);EXPLORE PANTS;DAMA;M;Azul Marino;1,00;Sambil Valencia;julio-2025
19/07/2025;PANNTCA66TL;[PANNTCA66TL] EXPLORE PANTS CAB (L, Verde Militar - 60620);EXPLORE PANTS;CAB;L;Verde Militar;1,00;Cerro Verde ;julio-2025
19/07/2025;PANNTDA33TM;[PANNTDA33TM] EXPLORE PANTS DAMA (M, Kaki - 80279);EXPLORE PANTS;DAMA;M;Kaki;1,00;La Grieta;julio-2025
19/07/2025;PANNTDA43TS;[PANNTDA43TS] EXPLORE PANTS DAMA (S, Negro - 10);EXPLORE PANTS;DAMA;S;Negro;1,00;La Grieta;julio-2025
19/07/2025;PANNTDA43TS;[PANNTDA43TS] EXPLORE PANTS DAMA (S, Negro - 10);EXPLORE PANTS;DAMA;S;Negro;1,00;Cerro Verde ;julio-2025
19/07/2025;PANNTDA33TS;[PANNTDA33TS] EXPLORE PANTS DAMA (S, Kaki - 80279);EXPLORE PANTS;DAMA;S;Kaki;1,00;Cerro Verde ;julio-2025
20/07/2025;PANNTCA30TM;[PANNTCA30TM] EXPLORE PANTS CAB (M, Gris Claro - 9734);EXPLORE PANTS;CAB;M;Gris Claro;1,00;Cerro Verde ;julio-2025
20/07/2025;PANNTDA43TS;[PANNTDA43TS] EXPLORE PANTS DAMA (S, Negro - 10);EXPLORE PANTS;DAMA;S;Negro;1,00;Sambil Valencia;julio-2025
20/07/2025;PANNTKI66T10;[PANNTKI66T10] EXPLORE PANTS KIDS (10, Verde Militar - 60620);EXPLORE PANTS;KIDS;10;Verde Militar;1,00;La Grieta;julio-2025
20/07/2025;PANNTKI43T12;[PANNTKI43T12] EXPLORE PANTS KIDS (12, Negro - 10);EXPLORE PANTS;KIDS;12;Negro;1,00;La Grieta;julio-2025
20/07/2025;PANNTDA30TXL;[PANNTDA30TXL] EXPLORE PANTS DAMA (XL, Gris Claro - 9734);EXPLORE PANTS;DAMA;XL;Gris Claro;1,00;La Grieta;julio-2025
20/07/2025;PANNTKI66T10;[PANNTKI66T10] EXPLORE PANTS KIDS (10, Verde Militar - 60620);EXPLORE PANTS;KIDS;10;Verde Militar;1,00;Sambil Valencia;julio-2025
20/07/2025;PANNTKI66T6;[PANNTKI66T6] EXPLORE PANTS KIDS (6, Verde Militar - 60620);EXPLORE PANTS;KIDS;6;Verde Militar;1,00;Sambil Valencia;julio-2025
20/07/2025;PANNTCA66TS;[PANNTCA66TS] EXPLORE PANTS CAB (S, Verde Militar - 60620);EXPLORE PANTS;CAB;S;Verde Militar;1,00;Sambil Valencia;julio-2025
20/07/2025;PANNTDA30TS;[PANNTDA30TS] EXPLORE PANTS DAMA (S, Gris Claro - 9734);EXPLORE PANTS;DAMA;S;Gris Claro;1,00;Sambil Valencia;julio-2025
20/07/2025;PANNTDA43TXS;[PANNTDA43TXS] EXPLORE PANTS DAMA (XS, Negro - 10);EXPLORE PANTS;DAMA;XS;Negro;1,00;Cerro Verde ;julio-2025
20/07/2025;PANNTKI30T8;[PANNTKI30T8] EXPLORE PANTS KIDS (8, Gris Claro - 9734);EXPLORE PANTS;KIDS;8;Gris Claro;1,00;Cerro Verde ;julio-2025
20/07/2025;PANNTKI12T12;[PANNTKI12T12] EXPLORE PANTS KIDS (12, Azul Marino - 5102);EXPLORE PANTS;KIDS;12;Azul Marino;1,00;Cerro Verde ;julio-2025
20/07/2025;PANNTKI30T12;[PANNTKI30T12] EXPLORE PANTS KIDS (12, Gris Claro - 9734);EXPLORE PANTS;KIDS;12;Gris Claro;1,00;Cerro Verde ;julio-2025
20/07/2025;PANNTCA66TXL;[PANNTCA66TXL] EXPLORE PANTS CAB (XL, Verde Militar - 60620);EXPLORE PANTS;CAB;XL;Verde Militar;1,00;Cerro Verde ;julio-2025
20/07/2025;PANNTCA12TM;[PANNTCA12TM] EXPLORE PANTS CAB (M, Azul Marino - 5102);EXPLORE PANTS;CAB;M;Azul Marino;1,00;Sambil Valencia;julio-2025
20/07/2025;PANNTCA33TM;[PANNTCA33TM] EXPLORE PANTS CAB (M, Kaki - 80279);EXPLORE PANTS;CAB;M;Kaki;1,00;Cerro Verde ;julio-2025
21/07/2025;PANNTCA30TS;[PANNTCA30TS] EXPLORE PANTS CAB (S, Gris Claro - 9734);EXPLORE PANTS;CAB;S;Gris Claro;1,00;Cerro Verde ;julio-2025
21/07/2025;PANNTDA12TXL;[PANNTDA12TXL] EXPLORE PANTS DAMA (XL, Azul Marino - 5102);EXPLORE PANTS;DAMA;XL;Azul Marino;1,00;Cerro Verde ;julio-2025
21/07/2025;PANNTDA66TXS;[PANNTDA66TXS] EXPLORE PANTS DAMA (XS, Verde Militar - 60620);EXPLORE PANTS;DAMA;XS;Verde Militar;1,00;La Grieta;julio-2025
21/07/2025;PANNTKI66T6;[PANNTKI66T6] EXPLORE PANTS KIDS (6, Verde Militar - 60620);EXPLORE PANTS;KIDS;6;Verde Militar;1,00;La Grieta;julio-2025
21/07/2025;PANNTKI66T10;[PANNTKI66T10] EXPLORE PANTS KIDS (10, Verde Militar - 60620);EXPLORE PANTS;KIDS;10;Verde Militar;1,00;La Grieta;julio-2025
21/07/2025;PANNTDA66TXS;[PANNTDA66TXS] EXPLORE PANTS DAMA (XS, Verde Militar - 60620);EXPLORE PANTS;DAMA;XS;Verde Militar;-1,00;La Grieta;julio-2025
21/07/2025;PANNTDA43TS;[PANNTDA43TS] EXPLORE PANTS DAMA (S, Negro - 10);EXPLORE PANTS;DAMA;S;Negro;1,00;La Grieta;julio-2025
21/07/2025;PANNTDA33TS;[PANNTDA33TS] EXPLORE PANTS DAMA (S, Kaki - 80279);EXPLORE PANTS;DAMA;S;Kaki;1,00;Cerro Verde ;julio-2025
21/07/2025;PANNTCA30TS;[PANNTCA30TS] EXPLORE PANTS CAB (S, Gris Claro - 9734);EXPLORE PANTS;CAB;S;Gris Claro;1,00;La Grieta;julio-2025
21/07/2025;PANNTDA33TS;[PANNTDA33TS] EXPLORE PANTS DAMA (S, Kaki - 80279);EXPLORE PANTS;DAMA;S;Kaki;1,00;Cerro Verde ;julio-2025
21/07/2025;PANNTDA12TM;[PANNTDA12TM] EXPLORE PANTS DAMA (M, Azul Marino - 5102);EXPLORE PANTS;DAMA;M;Azul Marino;1,00;Sambil Valencia;julio-2025
22/07/2025;PANNTDA43TS;[PANNTDA43TS] EXPLORE PANTS DAMA (S, Negro - 10);EXPLORE PANTS;DAMA;S;Negro;1,00;La Grieta;julio-2025
22/07/2025;PANNTDA12TXL;[PANNTDA12TXL] EXPLORE PANTS DAMA (XL, Azul Marino - 5102);EXPLORE PANTS;DAMA;XL;Azul Marino;1,00;Cerro Verde ;julio-2025
22/07/2025;PANNTDA30TS;[PANNTDA30TS] EXPLORE PANTS DAMA (S, Gris Claro - 9734);EXPLORE PANTS;DAMA;S;Gris Claro;1,00;La Grieta;julio-2025
22/07/2025;PANNTCA30TM;[PANNTCA30TM] EXPLORE PANTS CAB (M, Gris Claro - 9734);EXPLORE PANTS;CAB;M;Gris Claro;1,00;Cerro Verde ;julio-2025
22/07/2025;PANNTCA66TM;[PANNTCA66TM] EXPLORE PANTS CAB (M, Verde Militar - 60620);EXPLORE PANTS;CAB;M;Verde Militar;1,00;Sambil Valencia;julio-2025
22/07/2025;PANNTDA33TXL;[PANNTDA33TXL] EXPLORE PANTS DAMA (XL, Kaki - 80279);EXPLORE PANTS;DAMA;XL;Kaki;1,00;Sambil Valencia;julio-2025
23/07/2025;PANNTDA43TM;[PANNTDA43TM] EXPLORE PANTS DAMA (M, Negro - 10);EXPLORE PANTS;DAMA;M;Negro;1,00;Cerro Verde ;julio-2025
23/07/2025;PANNTDA30TM;[PANNTDA30TM] EXPLORE PANTS DAMA (M, Gris Claro - 9734);EXPLORE PANTS;DAMA;M;Gris Claro;1,00;Cerro Verde ;julio-2025
23/07/2025;PANNTCA43TS;[PANNTCA43TS] EXPLORE PANTS CAB (S, Negro - 10);EXPLORE PANTS;CAB;S;Negro;1,00;La Grieta;julio-2025
23/07/2025;PANNTDA66TS;[PANNTDA66TS] EXPLORE PANTS DAMA (S, Verde Militar - 60620);EXPLORE PANTS;DAMA;S;Verde Militar;1,00;Cerro Verde ;julio-2025
23/07/2025;PANNTKI30T6;[PANNTKI30T6] EXPLORE PANTS KIDS (6, Gris Claro - 9734);EXPLORE PANTS;KIDS;6;Gris Claro;1,00;Cerro Verde ;julio-2025
23/07/2025;PANNTDA30TM;[PANNTDA30TM] EXPLORE PANTS DAMA (M, Gris Claro - 9734);EXPLORE PANTS;DAMA;M;Gris Claro;1,00;Cerro Verde ;julio-2025
23/07/2025;PANNTDA66TL;[PANNTDA66TL] EXPLORE PANTS DAMA (L, Verde Militar - 60620);EXPLORE PANTS;DAMA;L;Verde Militar;1,00;Cerro Verde ;julio-2025
23/07/2025;PANNTCA33TL;[PANNTCA33TL] EXPLORE PANTS CAB (L, Kaki - 80279);EXPLORE PANTS;CAB;L;Kaki;1,00;Sambil Valencia;julio-2025
23/07/2025;PANNTCA33TS;[PANNTCA33TS] EXPLORE PANTS CAB (S, Kaki - 80279);EXPLORE PANTS;CAB;S;Kaki;1,00;La Grieta;julio-2025
23/07/2025;PANNTDA33TM;[PANNTDA33TM] EXPLORE PANTS DAMA (M, Kaki - 80279);EXPLORE PANTS;DAMA;M;Kaki;1,00;La Grieta;julio-2025
23/07/2025;PANNTCA12TM;[PANNTCA12TM] EXPLORE PANTS CAB (M, Azul Marino - 5102);EXPLORE PANTS;CAB;M;Azul Marino;1,00;Sambil Valencia;julio-2025
23/07/2025;PANNTKI12T8;[PANNTKI12T8] EXPLORE PANTS KIDS (8, Azul Marino - 5102);EXPLORE PANTS;KIDS;8;Azul Marino;1,00;Sambil Valencia;julio-2025
23/07/2025;PANNTDA12TM;[PANNTDA12TM] EXPLORE PANTS DAMA (M, Azul Marino - 5102);EXPLORE PANTS;DAMA;M;Azul Marino;1,00;Cerro Verde ;julio-2025
23/07/2025;PANNTCA12TM;[PANNTCA12TM] EXPLORE PANTS CAB (M, Azul Marino - 5102);EXPLORE PANTS;CAB;M;Azul Marino;1,00;Cerro Verde ;julio-2025
23/07/2025;PANNTDA30TM;[PANNTDA30TM] EXPLORE PANTS DAMA (M, Gris Claro - 9734);EXPLORE PANTS;DAMA;M;Gris Claro;1,00;Cerro Verde ;julio-2025
23/07/2025;PANNTCA30TM;[PANNTCA30TM] EXPLORE PANTS CAB (M, Gris Claro - 9734);EXPLORE PANTS;CAB;M;Gris Claro;1,00;Cerro Verde ;julio-2025
24/07/2025;PANNTKI30T8;[PANNTKI30T8] EXPLORE PANTS KIDS (8, Gris Claro - 9734);EXPLORE PANTS;KIDS;8;Gris Claro;1,00;Sambil Chacao ;julio-2025
24/07/2025;PANNTKI43T8;[PANNTKI43T8] EXPLORE PANTS KIDS (8, Negro - 10);EXPLORE PANTS;KIDS;8;Negro;1,00;Sambil Chacao ;julio-2025
24/07/2025;PANNTCA43TS;[PANNTCA43TS] EXPLORE PANTS CAB (S, Negro - 10);EXPLORE PANTS;CAB;S;Negro;1,00;Cerro Verde ;julio-2025
24/07/2025;PANNTDA30TXL;[PANNTDA30TXL] EXPLORE PANTS DAMA (XL, Gris Claro - 9734);EXPLORE PANTS;DAMA;XL;Gris Claro;1,00;Cerro Verde ;julio-2025
24/07/2025;PANNTDA66TS;[PANNTDA66TS] EXPLORE PANTS DAMA (S, Verde Militar - 60620);EXPLORE PANTS;DAMA;S;Verde Militar;1,00;Cerro Verde ;julio-2025
24/07/2025;PANNTDA43TS;[PANNTDA43TS] EXPLORE PANTS DAMA (S, Negro - 10);EXPLORE PANTS;DAMA;S;Negro;1,00;Cerro Verde ;julio-2025
24/07/2025;PANNTDA12TXL;[PANNTDA12TXL] EXPLORE PANTS DAMA (XL, Azul Marino - 5102);EXPLORE PANTS;DAMA;XL;Azul Marino;1,00;Cerro Verde ;julio-2025
24/07/2025;PANNTDA33TXL;[PANNTDA33TXL] EXPLORE PANTS DAMA (XL, Kaki - 80279);EXPLORE PANTS;DAMA;XL;Kaki;1,00;Grandplaz ;julio-2025
24/07/2025;PANNTCA12TM;[PANNTCA12TM] EXPLORE PANTS CAB (M, Azul Marino - 5102);EXPLORE PANTS;CAB;M;Azul Marino;2,00;La Grieta;julio-2025
24/07/2025;PANNTDA33TS;[PANNTDA33TS] EXPLORE PANTS DAMA (S, Kaki - 80279);EXPLORE PANTS;DAMA;S;Kaki;1,00;Grandplaz ;julio-2025
24/07/2025;PANNTCA12TM;[PANNTCA12TM] EXPLORE PANTS CAB (M, Azul Marino - 5102);EXPLORE PANTS;CAB;M;Azul Marino;1,00;Sambil Chacao ;julio-2025
24/07/2025;PANNTDA43TM;[PANNTDA43TM] EXPLORE PANTS DAMA (M, Negro - 10);EXPLORE PANTS;DAMA;M;Negro;1,00;Cerro Verde ;julio-2025
25/07/2025;PANNTDA30TS;[PANNTDA30TS] EXPLORE PANTS DAMA (S, Gris Claro - 9734);EXPLORE PANTS;DAMA;S;Gris Claro;-2,00;La Grieta;julio-2025
25/07/2025;PANNTDA43TXL;[PANNTDA43TXL] EXPLORE PANTS DAMA (XL, Negro - 10);EXPLORE PANTS;DAMA;XL;Negro;-2,00;La Grieta;julio-2025
25/07/2025;PANNTDA30TL;[PANNTDA30TL] EXPLORE PANTS DAMA (L, Gris Claro - 9734);EXPLORE PANTS;DAMA;L;Gris Claro;-4,00;La Grieta;julio-2025
25/07/2025;PANNTDA30TM;[PANNTDA30TM] EXPLORE PANTS DAMA (M, Gris Claro - 9734);EXPLORE PANTS;DAMA;M;Gris Claro;-4,00;La Grieta;julio-2025
25/07/2025;PANNTCA12TS;[PANNTCA12TS] EXPLORE PANTS CAB (S, Azul Marino - 5102);EXPLORE PANTS;CAB;S;Azul Marino;1,00;Cerro Verde ;julio-2025
25/07/2025;PANNTDA30TM;[PANNTDA30TM] EXPLORE PANTS DAMA (M, Gris Claro - 9734);EXPLORE PANTS;DAMA;M;Gris Claro;1,00;Grandplaz ;julio-2025
25/07/2025;PANNTCA30TM;[PANNTCA30TM] EXPLORE PANTS CAB (M, Gris Claro - 9734);EXPLORE PANTS;CAB;M;Gris Claro;1,00;Grandplaz ;julio-2025
25/07/2025;PANNTDA30TXL;[PANNTDA30TXL] EXPLORE PANTS DAMA (XL, Gris Claro - 9734);EXPLORE PANTS;DAMA;XL;Gris Claro;2,00;Sambil Chacao ;julio-2025
25/07/2025;PANNTDA30TL;[PANNTDA30TL] EXPLORE PANTS DAMA (L, Gris Claro - 9734);EXPLORE PANTS;DAMA;L;Gris Claro;2,00;Sambil Chacao ;julio-2025
25/07/2025;PANNTDA30TS;[PANNTDA30TS] EXPLORE PANTS DAMA (S, Gris Claro - 9734);EXPLORE PANTS;DAMA;S;Gris Claro;4,00;Sambil Chacao ;julio-2025
25/07/2025;PANNTDA30TXS;[PANNTDA30TXS] EXPLORE PANTS DAMA (XS, Gris Claro - 9734);EXPLORE PANTS;DAMA;XS;Gris Claro;4,00;Sambil Chacao ;julio-2025
25/07/2025;PANNTDA43TXS;[PANNTDA43TXS] EXPLORE PANTS DAMA (XS, Negro - 10);EXPLORE PANTS;DAMA;XS;Negro;2,00;Sambil Chacao ;julio-2025
25/07/2025;PANNTCA30TXL;[PANNTCA30TXL] EXPLORE PANTS CAB (XL, Gris Claro - 9734);EXPLORE PANTS;CAB;XL;Gris Claro;2,00;Sambil Chacao ;julio-2025
25/07/2025;PANNTCA30TM;[PANNTCA30TM] EXPLORE PANTS CAB (M, Gris Claro - 9734);EXPLORE PANTS;CAB;M;Gris Claro;8,00;Sambil Chacao ;julio-2025
25/07/2025;PANNTDA43TS;[PANNTDA43TS] EXPLORE PANTS DAMA (S, Negro - 10);EXPLORE PANTS;DAMA;S;Negro;1,00;Cerro Verde ;julio-2025
25/07/2025;PANNTDA43TS;[PANNTDA43TS] EXPLORE PANTS DAMA (S, Negro - 10);EXPLORE PANTS;DAMA;S;Negro;1,00;Grandplaz ;julio-2025
25/07/2025;PANNTKI43T10;[PANNTKI43T10] EXPLORE PANTS KIDS (10, Negro - 10);EXPLORE PANTS;KIDS;10;Negro;1,00;Sambil Chacao ;julio-2025
25/07/2025;PANNTDA12TXL;[PANNTDA12TXL] EXPLORE PANTS DAMA (XL, Azul Marino - 5102);EXPLORE PANTS;DAMA;XL;Azul Marino;1,00;Cerro Verde ;julio-2025
25/07/2025;PANNTDA66TM;[PANNTDA66TM] EXPLORE PANTS DAMA (M, Verde Militar - 60620);EXPLORE PANTS;DAMA;M;Verde Militar;1,00;Sambil Chacao ;julio-2025
26/07/2025;PANNTKI66T12;[PANNTKI66T12] EXPLORE PANTS KIDS (12, Verde Militar - 60620);EXPLORE PANTS;KIDS;12;Verde Militar;1,00;Sambil Chacao ;julio-2025
26/07/2025;PANNTDA43TXS;[PANNTDA43TXS] EXPLORE PANTS DAMA (XS, Negro - 10);EXPLORE PANTS;DAMA;XS;Negro;1,00;La Grieta;julio-2025
26/07/2025;PANNTDA30TL;[PANNTDA30TL] EXPLORE PANTS DAMA (L, Gris Claro - 9734);EXPLORE PANTS;DAMA;L;Gris Claro;-2,00;Sambil Chacao ;julio-2025
26/07/2025;PANNTDA30TS;[PANNTDA30TS] EXPLORE PANTS DAMA (S, Gris Claro - 9734);EXPLORE PANTS;DAMA;S;Gris Claro;-4,00;Sambil Chacao ;julio-2025
26/07/2025;PANNTDA30TXS;[PANNTDA30TXS] EXPLORE PANTS DAMA (XS, Gris Claro - 9734);EXPLORE PANTS;DAMA;XS;Gris Claro;-4,00;Sambil Chacao ;julio-2025
26/07/2025;PANNTDA43TXS;[PANNTDA43TXS] EXPLORE PANTS DAMA (XS, Negro - 10);EXPLORE PANTS;DAMA;XS;Negro;-2,00;Sambil Chacao ;julio-2025
26/07/2025;PANNTCA30TXL;[PANNTCA30TXL] EXPLORE PANTS CAB (XL, Gris Claro - 9734);EXPLORE PANTS;CAB;XL;Gris Claro;-2,00;Sambil Chacao ;julio-2025
26/07/2025;PANNTCA30TM;[PANNTCA30TM] EXPLORE PANTS CAB (M, Gris Claro - 9734);EXPLORE PANTS;CAB;M;Gris Claro;-8,00;Sambil Chacao ;julio-2025
26/07/2025;PANNTDA30TXL;[PANNTDA30TXL] EXPLORE PANTS DAMA (XL, Gris Claro - 9734);EXPLORE PANTS;DAMA;XL;Gris Claro;-2,00;Sambil Chacao ;julio-2025
26/07/2025;PANNTDA30TS;[PANNTDA30TS] EXPLORE PANTS DAMA (S, Gris Claro - 9734);EXPLORE PANTS;DAMA;S;Gris Claro;1,00;Grandplaz ;julio-2025
26/07/2025;PANNTDA33TS;[PANNTDA33TS] EXPLORE PANTS DAMA (S, Kaki - 80279);EXPLORE PANTS;DAMA;S;Kaki;1,00;Grandplaz ;julio-2025
26/07/2025;PANNTDA12TM;[PANNTDA12TM] EXPLORE PANTS DAMA (M, Azul Marino - 5102);EXPLORE PANTS;DAMA;M;Azul Marino;1,00;Sambil Chacao ;julio-2025
26/07/2025;PANNTDA43TXL;[PANNTDA43TXL] EXPLORE PANTS DAMA (XL, Negro - 10);EXPLORE PANTS;DAMA;XL;Negro;1,00;Sambil Chacao ;julio-2025
26/07/2025;PANNTDA30TXL;[PANNTDA30TXL] EXPLORE PANTS DAMA (XL, Gris Claro - 9734);EXPLORE PANTS;DAMA;XL;Gris Claro;1,00;Sambil Chacao ;julio-2025
26/07/2025;PANNTDA66TXL;[PANNTDA66TXL] EXPLORE PANTS DAMA (XL, Verde Militar - 60620);EXPLORE PANTS;DAMA;XL;Verde Militar;1,00;Sambil Chacao ;julio-2025
26/07/2025;PANNTDA30TM;[PANNTDA30TM] EXPLORE PANTS DAMA (M, Gris Claro - 9734);EXPLORE PANTS;DAMA;M;Gris Claro;1,00;Sambil Chacao ;julio-2025
26/07/2025;PANNTCA33TL;[PANNTCA33TL] EXPLORE PANTS CAB (L, Kaki - 80279);EXPLORE PANTS;CAB;L;Kaki;1,00;Grandplaz ;julio-2025
26/07/2025;PANNTCA66TL;[PANNTCA66TL] EXPLORE PANTS CAB (L, Verde Militar - 60620);EXPLORE PANTS;CAB;L;Verde Militar;1,00;Grandplaz ;julio-2025
26/07/2025;PANNTKI43T2;[PANNTKI43T2] EXPLORE PANTS KIDS (2, Negro - 10);EXPLORE PANTS;KIDS;2;Negro;1,00;Sambil Valencia;julio-2025
26/07/2025;PANNTKI43T2;[PANNTKI43T2] EXPLORE PANTS KIDS (2, Negro - 10);EXPLORE PANTS;KIDS;2;Negro;1,00;Sambil Chacao ;julio-2025
26/07/2025;PANNTCA33TS;[PANNTCA33TS] EXPLORE PANTS CAB (S, Kaki - 80279);EXPLORE PANTS;CAB;S;Kaki;1,00;Cerro Verde ;julio-2025
26/07/2025;PANNTDA43TXS;[PANNTDA43TXS] EXPLORE PANTS DAMA (XS, Negro - 10);EXPLORE PANTS;DAMA;XS;Negro;1,00;Sambil Chacao ;julio-2025
26/07/2025;PANNTDA30TS;[PANNTDA30TS] EXPLORE PANTS DAMA (S, Gris Claro - 9734);EXPLORE PANTS;DAMA;S;Gris Claro;1,00;Cerro Verde ;julio-2025
26/07/2025;PANNTDA33TM;[PANNTDA33TM] EXPLORE PANTS DAMA (M, Kaki - 80279);EXPLORE PANTS;DAMA;M;Kaki;1,00;Cerro Verde ;julio-2025
27/07/2025;PANNTDA33TM;[PANNTDA33TM] EXPLORE PANTS DAMA (M, Kaki - 80279);EXPLORE PANTS;DAMA;M;Kaki;1,00;La Grieta;julio-2025
27/07/2025;PANNTDA12TM;[PANNTDA12TM] EXPLORE PANTS DAMA (M, Azul Marino - 5102);EXPLORE PANTS;DAMA;M;Azul Marino;1,00;Cerro Verde ;julio-2025
27/07/2025;PANNTDA43TM;[PANNTDA43TM] EXPLORE PANTS DAMA (M, Negro - 10);EXPLORE PANTS;DAMA;M;Negro;1,00;Grandplaz ;julio-2025
28/07/2025;PANNTCA12TM;[PANNTCA12TM] EXPLORE PANTS CAB (M, Azul Marino - 5102);EXPLORE PANTS;CAB;M;Azul Marino;1,00;La Grieta;julio-2025
28/07/2025;PANNTDA43TS;[PANNTDA43TS] EXPLORE PANTS DAMA (S, Negro - 10);EXPLORE PANTS;DAMA;S;Negro;1,00;La Grieta;julio-2025
28/07/2025;PANNTCA66TXL;[PANNTCA66TXL] EXPLORE PANTS CAB (XL, Verde Militar - 60620);EXPLORE PANTS;CAB;XL;Verde Militar;1,00;Cerro Verde ;julio-2025
28/07/2025;PANNTCA12TM;[PANNTCA12TM] EXPLORE PANTS CAB (M, Azul Marino - 5102);EXPLORE PANTS;CAB;M;Azul Marino;1,00;Cerro Verde ;julio-2025
28/07/2025;PANNTCA30TXL;[PANNTCA30TXL] EXPLORE PANTS CAB (XL, Gris Claro - 9734);EXPLORE PANTS;CAB;XL;Gris Claro;1,00;Cerro Verde ;julio-2025
28/07/2025;PANNTCA66TM;[PANNTCA66TM] EXPLORE PANTS CAB (M, Verde Militar - 60620);EXPLORE PANTS;CAB;M;Verde Militar;1,00;Cerro Verde ;julio-2025
29/07/2025;PANNTKI66T12;[PANNTKI66T12] EXPLORE PANTS KIDS (12, Verde Militar - 60620);EXPLORE PANTS;KIDS;12;Verde Militar;1,00;La Grieta;julio-2025
29/07/2025;PANNTCA30TL;[PANNTCA30TL] EXPLORE PANTS CAB (L, Gris Claro - 9734);EXPLORE PANTS;CAB;L;Gris Claro;2,00;Cerro Verde ;julio-2025
29/07/2025;PANNTDA30TS;[PANNTDA30TS] EXPLORE PANTS DAMA (S, Gris Claro - 9734);EXPLORE PANTS;DAMA;S;Gris Claro;4,00;Cerro Verde ;julio-2025
29/07/2025;PANNTCA43TS;[PANNTCA43TS] EXPLORE PANTS CAB (S, Negro - 10);EXPLORE PANTS;CAB;S;Negro;1,00;Cerro Verde ;julio-2025
29/07/2025;PANNTDA30TM;[PANNTDA30TM] EXPLORE PANTS DAMA (M, Gris Claro - 9734);EXPLORE PANTS;DAMA;M;Gris Claro;4,00;Cerro Verde ;julio-2025
29/07/2025;PANNTCA30TS;[PANNTCA30TS] EXPLORE PANTS CAB (S, Gris Claro - 9734);EXPLORE PANTS;CAB;S;Gris Claro;4,00;Cerro Verde ;julio-2025
29/07/2025;PANNTDA30TXS;[PANNTDA30TXS] EXPLORE PANTS DAMA (XS, Gris Claro - 9734);EXPLORE PANTS;DAMA;XS;Gris Claro;4,00;Cerro Verde ;julio-2025
29/07/2025;PANNTCA33TL;[PANNTCA33TL] EXPLORE PANTS CAB (L, Kaki - 80279);EXPLORE PANTS;CAB;L;Kaki;1,00;Grandplaz ;julio-2025
29/07/2025;PANNTDA43TL;[PANNTDA43TL] EXPLORE PANTS DAMA (L, Negro - 10);EXPLORE PANTS;DAMA;L;Negro;1,00;Grandplaz ;julio-2025
29/07/2025;PANNTKI66T4;[PANNTKI66T4] EXPLORE PANTS KIDS (4, Verde Militar - 60620);EXPLORE PANTS;KIDS;4;Verde Militar;1,00;La Grieta;julio-2025
29/07/2025;PANNTDA43TS;[PANNTDA43TS] EXPLORE PANTS DAMA (S, Negro - 10);EXPLORE PANTS;DAMA;S;Negro;1,00;Sambil Chacao ;julio-2025
29/07/2025;PANNTDA66TXS;[PANNTDA66TXS] EXPLORE PANTS DAMA (XS, Verde Militar - 60620);EXPLORE PANTS;DAMA;XS;Verde Militar;1,00;Cerro Verde ;julio-2025
30/07/2025;PANNTDA43TXS;[PANNTDA43TXS] EXPLORE PANTS DAMA (XS, Negro - 10);EXPLORE PANTS;DAMA;XS;Negro;2,00;Sambil Chacao ;julio-2025
30/07/2025;PANNTDA30TXS;[PANNTDA30TXS] EXPLORE PANTS DAMA (XS, Gris Claro - 9734);EXPLORE PANTS;DAMA;XS;Gris Claro;4,00;Sambil Chacao ;julio-2025
30/07/2025;PANNTDA30TXL;[PANNTDA30TXL] EXPLORE PANTS DAMA (XL, Gris Claro - 9734);EXPLORE PANTS;DAMA;XL;Gris Claro;2,00;Sambil Chacao ;julio-2025
30/07/2025;PANNTDA30TS;[PANNTDA30TS] EXPLORE PANTS DAMA (S, Gris Claro - 9734);EXPLORE PANTS;DAMA;S;Gris Claro;4,00;Sambil Chacao ;julio-2025
30/07/2025;PANNTDA30TL;[PANNTDA30TL] EXPLORE PANTS DAMA (L, Gris Claro - 9734);EXPLORE PANTS;DAMA;L;Gris Claro;2,00;Sambil Chacao ;julio-2025
30/07/2025;PANNTCA30TM;[PANNTCA30TM] EXPLORE PANTS CAB (M, Gris Claro - 9734);EXPLORE PANTS;CAB;M;Gris Claro;8,00;Sambil Chacao ;julio-2025
30/07/2025;PANNTCA30TXL;[PANNTCA30TXL] EXPLORE PANTS CAB (XL, Gris Claro - 9734);EXPLORE PANTS;CAB;XL;Gris Claro;2,00;Sambil Chacao ;julio-2025
30/07/2025;PANNTCA66TM;[PANNTCA66TM] EXPLORE PANTS CAB (M, Verde Militar - 60620);EXPLORE PANTS;CAB;M;Verde Militar;1,00;La Grieta;julio-2025
30/07/2025;PANNTDA30TM;[PANNTDA30TM] EXPLORE PANTS DAMA (M, Gris Claro - 9734);EXPLORE PANTS;DAMA;M;Gris Claro;1,00;Cerro Verde ;julio-2025
30/07/2025;PANNTCA33TL;[PANNTCA33TL] EXPLORE PANTS CAB (L, Kaki - 80279);EXPLORE PANTS;CAB;L;Kaki;1,00;Sambil Valencia;julio-2025
30/07/2025;PANNTCA43TS;[PANNTCA43TS] EXPLORE PANTS CAB (S, Negro - 10);EXPLORE PANTS;CAB;S;Negro;1,00;Cerro Verde ;julio-2025
30/07/2025;PANNTCA66TL;[PANNTCA66TL] EXPLORE PANTS CAB (L, Verde Militar - 60620);EXPLORE PANTS;CAB;L;Verde Militar;1,00;Cerro Verde ;julio-2025
30/07/2025;PANNTDA12TM;[PANNTDA12TM] EXPLORE PANTS DAMA (M, Azul Marino - 5102);EXPLORE PANTS;DAMA;M;Azul Marino;1,00;Cerro Verde ;julio-2025
30/07/2025;PANNTDA33TXL;[PANNTDA33TXL] EXPLORE PANTS DAMA (XL, Kaki - 80279);EXPLORE PANTS;DAMA;XL;Kaki;1,00;Sambil Valencia;julio-2025
30/07/2025;PANNTCA30TL;[PANNTCA30TL] EXPLORE PANTS CAB (L, Gris Claro - 9734);EXPLORE PANTS;CAB;L;Gris Claro;1,00;Grandplaz ;julio-2025
30/07/2025;PANNTDA30TM;[PANNTDA30TM] EXPLORE PANTS DAMA (M, Gris Claro - 9734);EXPLORE PANTS;DAMA;M;Gris Claro;1,00;Grandplaz ;julio-2025
30/07/2025;PANNTKI30T12;[PANNTKI30T12] EXPLORE PANTS KIDS (12, Gris Claro - 9734);EXPLORE PANTS;KIDS;12;Gris Claro;1,00;La Grieta;julio-2025
30/07/2025;PANNTCA12TS;[PANNTCA12TS] EXPLORE PANTS CAB (S, Azul Marino - 5102);EXPLORE PANTS;CAB;S;Azul Marino;1,00;La Grieta;julio-2025
30/07/2025;PANNTKI66T4;[PANNTKI66T4] EXPLORE PANTS KIDS (4, Verde Militar - 60620);EXPLORE PANTS;KIDS;4;Verde Militar;1,00;Cerro Verde ;julio-2025
30/07/2025;PANNTKI30T4;[PANNTKI30T4] EXPLORE PANTS KIDS (4, Gris Claro - 9734);EXPLORE PANTS;KIDS;4;Gris Claro;1,00;Cerro Verde ;julio-2025
30/07/2025;PANNTDA33TM;[PANNTDA33TM] EXPLORE PANTS DAMA (M, Kaki - 80279);EXPLORE PANTS;DAMA;M;Kaki;1,00;Sambil Chacao ;julio-2025
30/07/2025;PANNTDA33TS;[PANNTDA33TS] EXPLORE PANTS DAMA (S, Kaki - 80279);EXPLORE PANTS;DAMA;S;Kaki;1,00;Sambil Valencia;julio-2025
31/07/2025;PANNTKI12T10;[PANNTKI12T10] EXPLORE PANTS KIDS (10, Azul Marino - 5102);EXPLORE PANTS;KIDS;10;Azul Marino;1,00;Sambil Chacao ;julio-2025
31/07/2025;PANNTKI66T4;[PANNTKI66T4] EXPLORE PANTS KIDS (4, Verde Militar - 60620);EXPLORE PANTS;KIDS;4;Verde Militar;1,00;La Grieta;julio-2025
31/07/2025;PANNTKI66T6;[PANNTKI66T6] EXPLORE PANTS KIDS (6, Verde Militar - 60620);EXPLORE PANTS;KIDS;6;Verde Militar;1,00;La Grieta;julio-2025
31/07/2025;PANNTCA33TS;[PANNTCA33TS] EXPLORE PANTS CAB (S, Kaki - 80279);EXPLORE PANTS;CAB;S;Kaki;1,00;Cerro Verde ;julio-2025
31/07/2025;PANNTKI12T10;[PANNTKI12T10] EXPLORE PANTS KIDS (10, Azul Marino - 5102);EXPLORE PANTS;KIDS;10;Azul Marino;1,00;Sambil Chacao ;julio-2025
31/07/2025;PANNTKI43T10;[PANNTKI43T10] EXPLORE PANTS KIDS (10, Negro - 10);EXPLORE PANTS;KIDS;10;Negro;1,00;Sambil Chacao ;julio-2025
31/07/2025;PANNTCA30TXL;[PANNTCA30TXL] EXPLORE PANTS CAB (XL, Gris Claro - 9734);EXPLORE PANTS;CAB;XL;Gris Claro;1,00;Cerro Verde ;julio-2025
31/07/2025;PANNTCA66TXL;[PANNTCA66TXL] EXPLORE PANTS CAB (XL, Verde Militar - 60620);EXPLORE PANTS;CAB;XL;Verde Militar;1,00;Cerro Verde ;julio-2025
31/07/2025;PANNTDA66TS;[PANNTDA66TS] EXPLORE PANTS DAMA (S, Verde Militar - 60620);EXPLORE PANTS;DAMA;S;Verde Militar;1,00;Cerro Verde ;julio-2025
31/07/2025;PANNTCA12TM;[PANNTCA12TM] EXPLORE PANTS CAB (M, Azul Marino - 5102);EXPLORE PANTS;CAB;M;Azul Marino;1,00;La Grieta;julio-2025
31/07/2025;PANNTDA12TM;[PANNTDA12TM] EXPLORE PANTS DAMA (M, Azul Marino - 5102);EXPLORE PANTS;DAMA;M;Azul Marino;1,00;La Grieta;julio-2025
01/08/2025;;EXPLORE PANTS DAMA (M, Azul Marino - 586);EXPLORE PANTS;DAMA;M;Azul Marino;1,00;La Grieta;agosto-2025
01/08/2025;PANNTKI30T4;[PANNTKI30T4] EXPLORE PANTS KIDS (4, Gris Claro - 9734);EXPLORE PANTS;KIDS;4;Gris Claro;1,00;La Grieta;agosto-2025
01/08/2025;PANNTCA30TS;[PANNTCA30TS] EXPLORE PANTS CAB (S, Gris Claro - 9734);EXPLORE PANTS;CAB;S;Gris Claro;1,00;La Grieta;agosto-2025
01/08/2025;PANNTCA43TS;[PANNTCA43TS] EXPLORE PANTS CAB (S, Negro - 10);EXPLORE PANTS;CAB;S;Negro;-1,00;Cerro Verde ;agosto-2025
01/08/2025;PANNTCA33TM;[PANNTCA33TM] EXPLORE PANTS CAB (M, Kaki - 80279);EXPLORE PANTS;CAB;M;Kaki;1,00;Cerro Verde ;agosto-2025
01/08/2025;PANNTCA12TM;[PANNTCA12TM] EXPLORE PANTS CAB (M, Azul Marino - 5102);EXPLORE PANTS;CAB;M;Azul Marino;1,00;Cerro Verde ;agosto-2025
01/08/2025;PANNTDA33TXS;[PANNTDA33TXS] EXPLORE PANTS DAMA (XS, Kaki - 80279);EXPLORE PANTS;DAMA;XS;Kaki;1,00;Sambil Chacao ;agosto-2025
01/08/2025;PANNTDA33TXL;[PANNTDA33TXL] EXPLORE PANTS DAMA (XL, Kaki - 80279);EXPLORE PANTS;DAMA;XL;Kaki;-1,00;La Grieta;agosto-2025
01/08/2025;PANNTDA33TS;[PANNTDA33TS] EXPLORE PANTS DAMA (S, Kaki - 80279);EXPLORE PANTS;DAMA;S;Kaki;1,00;La Grieta;agosto-2025
01/08/2025;PANNTCA33TS;[PANNTCA33TS] EXPLORE PANTS CAB (S, Kaki - 80279);EXPLORE PANTS;CAB;S;Kaki;1,00;Sambil Chacao ;agosto-2025
01/08/2025;PANNTDA66TS;[PANNTDA66TS] EXPLORE PANTS DAMA (S, Verde Militar - 60620);EXPLORE PANTS;DAMA;S;Verde Militar;1,00;WEB;agosto-2025
01/08/2025;PANNTDA12TXS;[PANNTDA12TXS] EXPLORE PANTS DAMA (XS, Azul Marino - 5102);EXPLORE PANTS;DAMA;XS;Azul Marino;1,00;La Grieta;agosto-2025
01/08/2025;PANNTDA30TXS;[PANNTDA30TXS] EXPLORE PANTS DAMA (XS, Gris Claro - 9734);EXPLORE PANTS;DAMA;XS;Gris Claro;1,00;La Grieta;agosto-2025
01/08/2025;PANNTDA43TXS;[PANNTDA43TXS] EXPLORE PANTS DAMA (XS, Negro - 10);EXPLORE PANTS;DAMA;XS;Negro;1,00;La Grieta;agosto-2025
01/08/2025;PANNTCA12TM;[PANNTCA12TM] EXPLORE PANTS CAB (M, Azul Marino - 5102);EXPLORE PANTS;CAB;M;Azul Marino;1,00;La Grieta;agosto-2025
01/08/2025;PANNTCA30TL;[PANNTCA30TL] EXPLORE PANTS CAB (L, Gris Claro - 9734);EXPLORE PANTS;CAB;L;Gris Claro;1,00;La Grieta;agosto-2025
01/08/2025;;EXPLORE PANTS DAMA (S, Verde Militar - 60804);EXPLORE PANTS;DAMA;S;Verde Militar;1,00;La Grieta;agosto-2025
01/08/2025;PANNTDA33TXL;[PANNTDA33TXL] EXPLORE PANTS DAMA (XL, Kaki - 80279);EXPLORE PANTS;DAMA;XL;Kaki;1,00;La Grieta;agosto-2025
01/08/2025;PANNTDA30TS;[PANNTDA30TS] EXPLORE PANTS DAMA (S, Gris Claro - 9734);EXPLORE PANTS;DAMA;S;Gris Claro;1,00;Cerro Verde ;agosto-2025
01/08/2025;PANNTCA33TS;[PANNTCA33TS] EXPLORE PANTS CAB (S, Kaki - 80279);EXPLORE PANTS;CAB;S;Kaki;-1,00;Sambil Chacao ;agosto-2025
01/08/2025;;EXPLORE PANTS DAMA (S, Gris - 9672);EXPLORE PANTS;DAMA;S;Gris;4,00;Sambil Valencia;agosto-2025
01/08/2025;;EXPLORE PANTS DAMA (M, Gris - 9672);EXPLORE PANTS;DAMA;M;Gris;3,00;Sambil Valencia;agosto-2025
01/08/2025;;EXPLORE PANTS DAMA (L, Gris - 9672);EXPLORE PANTS;DAMA;L;Gris;5,00;Sambil Valencia;agosto-2025
01/08/2025;PANNTDA43TM;[PANNTDA43TM] EXPLORE PANTS DAMA (M, Negro - 10);EXPLORE PANTS;DAMA;M;Negro;2,00;Sambil Valencia;agosto-2025
01/08/2025;PANNTDA30TL;[PANNTDA30TL] EXPLORE PANTS DAMA (L, Gris Claro - 9734);EXPLORE PANTS;DAMA;L;Gris Claro;2,00;Sambil Valencia;agosto-2025
01/08/2025;PANNTCA33TS;[PANNTCA33TS] EXPLORE PANTS CAB (S, Kaki - 80279);EXPLORE PANTS;CAB;S;Kaki;1,00;Sambil Chacao ;agosto-2025
02/08/2025;PANNTCA43TL;[PANNTCA43TL] EXPLORE PANTS CAB (L, Negro - 10);EXPLORE PANTS;CAB;L;Negro;1,00;Pedidos;agosto-2025
02/08/2025;PANNTDA43TS;[PANNTDA43TS] EXPLORE PANTS DAMA (S, Negro - 10);EXPLORE PANTS;DAMA;S;Negro;1,00;La Grieta;agosto-2025
02/08/2025;PANNTKI30T10;[PANNTKI30T10] EXPLORE PANTS KIDS (10, Gris Claro - 9734);EXPLORE PANTS;KIDS;10;Gris Claro;1,00;La Grieta;agosto-2025
02/08/2025;PANNTCA12TM;[PANNTCA12TM] EXPLORE PANTS CAB (M, Azul Marino - 5102);EXPLORE PANTS;CAB;M;Azul Marino;1,00;Sambil Chacao ;agosto-2025
02/08/2025;PANNTCA12TM;[PANNTCA12TM] EXPLORE PANTS CAB (M, Azul Marino - 5102);EXPLORE PANTS;CAB;M;Azul Marino;1,00;Sambil Chacao ;agosto-2025
02/08/2025;PANNTDA30TS;[PANNTDA30TS] EXPLORE PANTS DAMA (S, Gris Claro - 9734);EXPLORE PANTS;DAMA;S;Gris Claro;1,00;Sambil Valencia;agosto-2025
02/08/2025;PANNTKI43T8;[PANNTKI43T8] EXPLORE PANTS KIDS (8, Negro - 10);EXPLORE PANTS;KIDS;8;Negro;1,00;Cerro Verde ;agosto-2025
02/08/2025;PANNTCA66TL;[PANNTCA66TL] EXPLORE PANTS CAB (L, Verde Militar - 60620);EXPLORE PANTS;CAB;L;Verde Militar;1,00;Cerro Verde ;agosto-2025
02/08/2025;PANNTDA33TXS;[PANNTDA33TXS] EXPLORE PANTS DAMA (XS, Kaki - 80279);EXPLORE PANTS;DAMA;XS;Kaki;1,00;Sambil Valencia;agosto-2025
02/08/2025;PANNTKI43T2;[PANNTKI43T2] EXPLORE PANTS KIDS (2, Negro - 10);EXPLORE PANTS;KIDS;2;Negro;1,00;La Grieta;agosto-2025
02/08/2025;PANNTCA33TM;[PANNTCA33TM] EXPLORE PANTS CAB (M, Kaki - 80279);EXPLORE PANTS;CAB;M;Kaki;1,00;Cerro Verde ;agosto-2025
02/08/2025;PANNTCA66TM;[PANNTCA66TM] EXPLORE PANTS CAB (M, Verde Militar - 60620);EXPLORE PANTS;CAB;M;Verde Militar;1,00;Cerro Verde ;agosto-2025
02/08/2025;PANNTKI12T8;[PANNTKI12T8] EXPLORE PANTS KIDS (8, Azul Marino - 5102);EXPLORE PANTS;KIDS;8;Azul Marino;1,00;Cerro Verde ;agosto-2025
02/08/2025;PANNTCA66TM;[PANNTCA66TM] EXPLORE PANTS CAB (M, Verde Militar - 60620);EXPLORE PANTS;CAB;M;Verde Militar;1,00;Cerro Verde ;agosto-2025
02/08/2025;PANNTCA12TS;[PANNTCA12TS] EXPLORE PANTS CAB (S, Azul Marino - 5102);EXPLORE PANTS;CAB;S;Azul Marino;1,00;Cerro Verde ;agosto-2025
03/08/2025;PANNTDA66TS;[PANNTDA66TS] EXPLORE PANTS DAMA (S, Verde Militar - 60620);EXPLORE PANTS;DAMA;S;Verde Militar;1,00;Pedidos;agosto-2025
03/08/2025;PANNTDA30TXL;[PANNTDA30TXL] EXPLORE PANTS DAMA (XL, Gris Claro - 9734);EXPLORE PANTS;DAMA;XL;Gris Claro;1,00;Sambil Valencia;agosto-2025
03/08/2025;PANNTDA33TS;[PANNTDA33TS] EXPLORE PANTS DAMA (S, Kaki - 80279);EXPLORE PANTS;DAMA;S;Kaki;1,00;Sambil Chacao ;agosto-2025
03/08/2025;PANNTCA66TL;[PANNTCA66TL] EXPLORE PANTS CAB (L, Verde Militar - 60620);EXPLORE PANTS;CAB;L;Verde Militar;1,00;Sambil Valencia;agosto-2025
03/08/2025;PANNTDA43TXS;[PANNTDA43TXS] EXPLORE PANTS DAMA (XS, Negro - 10);EXPLORE PANTS;DAMA;XS;Negro;1,00;Sambil Valencia;agosto-2025
03/08/2025;PANNTCA66TM;[PANNTCA66TM] EXPLORE PANTS CAB (M, Verde Militar - 60620);EXPLORE PANTS;CAB;M;Verde Militar;1,00;Cerro Verde ;agosto-2025
03/08/2025;PANNTKI12T6;[PANNTKI12T6] EXPLORE PANTS KIDS (6, Azul Marino - 5102);EXPLORE PANTS;KIDS;6;Azul Marino;1,00;Cerro Verde ;agosto-2025
03/08/2025;PANNTKI66T6;[PANNTKI66T6] EXPLORE PANTS KIDS (6, Verde Militar - 60620);EXPLORE PANTS;KIDS;6;Verde Militar;1,00;Cerro Verde ;agosto-2025
03/08/2025;PANNTDA12TL;[PANNTDA12TL] EXPLORE PANTS DAMA (L, Azul Marino - 5102);EXPLORE PANTS;DAMA;L;Azul Marino;1,00;Cerro Verde ;agosto-2025
04/08/2025;PANNTDA30TXS;[PANNTDA30TXS] EXPLORE PANTS DAMA (XS, Gris Claro - 9734);EXPLORE PANTS;DAMA;XS;Gris Claro;2,00;La Grieta;agosto-2025
04/08/2025;PANNTDA43TM;[PANNTDA43TM] EXPLORE PANTS DAMA (M, Negro - 10);EXPLORE PANTS;DAMA;M;Negro;1,00;Pedidos;agosto-2025
04/08/2025;PANNTKI30T8;[PANNTKI30T8] EXPLORE PANTS KIDS (8, Gris Claro - 9734);EXPLORE PANTS;KIDS;8;Gris Claro;1,00;Sambil Valencia;agosto-2025
04/08/2025;PANNTKI66T8;[PANNTKI66T8] EXPLORE PANTS KIDS (8, Verde Militar - 60620);EXPLORE PANTS;KIDS;8;Verde Militar;1,00;Sambil Valencia;agosto-2025
04/08/2025;PANNTDA43TS;[PANNTDA43TS] EXPLORE PANTS DAMA (S, Negro - 10);EXPLORE PANTS;DAMA;S;Negro;1,00;Sambil Chacao ;agosto-2025
04/08/2025;PANNTKI43T10;[PANNTKI43T10] EXPLORE PANTS KIDS (10, Negro - 10);EXPLORE PANTS;KIDS;10;Negro;1,00;La Grieta;agosto-2025
04/08/2025;PANNTDA43TXS;[PANNTDA43TXS] EXPLORE PANTS DAMA (XS, Negro - 10);EXPLORE PANTS;DAMA;XS;Negro;1,00;La Grieta;agosto-2025
04/08/2025;PANNTCA30TXL;[PANNTCA30TXL] EXPLORE PANTS CAB (XL, Gris Claro - 9734);EXPLORE PANTS;CAB;XL;Gris Claro;1,00;Cerro Verde ;agosto-2025
04/08/2025;PANNTCA66TXL;[PANNTCA66TXL] EXPLORE PANTS CAB (XL, Verde Militar - 60620);EXPLORE PANTS;CAB;XL;Verde Militar;1,00;Cerro Verde ;agosto-2025
04/08/2025;PANNTCA12TL;[PANNTCA12TL] EXPLORE PANTS CAB (L, Azul Marino - 5102);EXPLORE PANTS;CAB;L;Azul Marino;1,00;Sambil Valencia;agosto-2025
04/08/2025;PANNTCA66TL;[PANNTCA66TL] EXPLORE PANTS CAB (L, Verde Militar - 60620);EXPLORE PANTS;CAB;L;Verde Militar;1,00;Cerro Verde ;agosto-2025
05/08/2025;PANNTKI43T10;[PANNTKI43T10] EXPLORE PANTS KIDS (10, Negro - 10);EXPLORE PANTS;KIDS;10;Negro;1,00;Sambil Chacao ;agosto-2025
05/08/2025;PANNTDA43TL;[PANNTDA43TL] EXPLORE PANTS DAMA (L, Negro - 10);EXPLORE PANTS;DAMA;L;Negro;1,00;WEB;agosto-2025
05/08/2025;PANNTDA30TXS;[PANNTDA30TXS] EXPLORE PANTS DAMA (XS, Gris Claro - 9734);EXPLORE PANTS;DAMA;XS;Gris Claro;-2,00;La Grieta;agosto-2025
05/08/2025;PANNTCA12TM;[PANNTCA12TM] EXPLORE PANTS CAB (M, Azul Marino - 5102);EXPLORE PANTS;CAB;M;Azul Marino;1,00;Cerro Verde ;agosto-2025
05/08/2025;PANNTCA66TL;[PANNTCA66TL] EXPLORE PANTS CAB (L, Verde Militar - 60620);EXPLORE PANTS;CAB;L;Verde Militar;1,00;Cerro Verde ;agosto-2025
05/08/2025;PANNTCA30TS;[PANNTCA30TS] EXPLORE PANTS CAB (S, Gris Claro - 9734);EXPLORE PANTS;CAB;S;Gris Claro;1,00;Pedidos;agosto-2025
05/08/2025;PANNTCA12TS;[PANNTCA12TS] EXPLORE PANTS CAB (S, Azul Marino - 5102);EXPLORE PANTS;CAB;S;Azul Marino;1,00;Pedidos;agosto-2025
05/08/2025;PANNTCA33TS;[PANNTCA33TS] EXPLORE PANTS CAB (S, Kaki - 80279);EXPLORE PANTS;CAB;S;Kaki;1,00;Pedidos;agosto-2025
05/08/2025;PANNTCA12TM;[PANNTCA12TM] EXPLORE PANTS CAB (M, Azul Marino - 5102);EXPLORE PANTS;CAB;M;Azul Marino;1,00;Cerro Verde ;agosto-2025
05/08/2025;PANNTCA66TS;[PANNTCA66TS] EXPLORE PANTS CAB (S, Verde Militar - 60620);EXPLORE PANTS;CAB;S;Verde Militar;1,00;Cerro Verde ;agosto-2025
05/08/2025;PANNTDA12TM;[PANNTDA12TM] EXPLORE PANTS DAMA (M, Azul Marino - 5102);EXPLORE PANTS;DAMA;M;Azul Marino;1,00;Cerro Verde ;agosto-2025
05/08/2025;PANNTCA43TM;[PANNTCA43TM] EXPLORE PANTS CAB (M, Negro - 10);EXPLORE PANTS;CAB;M;Negro;1,00;Pedidos;agosto-2025
05/08/2025;PANNTDA33TM;[PANNTDA33TM] EXPLORE PANTS DAMA (M, Kaki - 80279);EXPLORE PANTS;DAMA;M;Kaki;1,00;Sambil Chacao ;agosto-2025
05/08/2025;PANNTDA33TS;[PANNTDA33TS] EXPLORE PANTS DAMA (S, Kaki - 80279);EXPLORE PANTS;DAMA;S;Kaki;1,00;Sambil Chacao ;agosto-2025
05/08/2025;PANNTDA66TXS;[PANNTDA66TXS] EXPLORE PANTS DAMA (XS, Verde Militar - 60620);EXPLORE PANTS;DAMA;XS;Verde Militar;1,00;Sambil Chacao ;agosto-2025
05/08/2025;PANNTDA43TXS;[PANNTDA43TXS] EXPLORE PANTS DAMA (XS, Negro - 10);EXPLORE PANTS;DAMA;XS;Negro;1,00;Sambil Chacao ;agosto-2025
06/08/2025;PANNTKI12T6;[PANNTKI12T6] EXPLORE PANTS KIDS (6, Azul Marino - 5102);EXPLORE PANTS;KIDS;6;Azul Marino;1,00;La Grieta;agosto-2025
06/08/2025;PANNTCA30TS;[PANNTCA30TS] EXPLORE PANTS CAB (S, Gris Claro - 9734);EXPLORE PANTS;CAB;S;Gris Claro;1,00;Cerro Verde ;agosto-2025
06/08/2025;PANNTDA43TS;[PANNTDA43TS] EXPLORE PANTS DAMA (S, Negro - 10);EXPLORE PANTS;DAMA;S;Negro;1,00;Sambil Chacao ;agosto-2025
06/08/2025;PANNTDA12TS;[PANNTDA12TS] EXPLORE PANTS DAMA (S, Azul Marino - 5102);EXPLORE PANTS;DAMA;S;Azul Marino;1,00;Cerro Verde ;agosto-2025
06/08/2025;PANNTCA33TS;[PANNTCA33TS] EXPLORE PANTS CAB (S, Kaki - 80279);EXPLORE PANTS;CAB;S;Kaki;1,00;Cerro Verde ;agosto-2025
06/08/2025;PANNTDA43TXS;[PANNTDA43TXS] EXPLORE PANTS DAMA (XS, Negro - 10);EXPLORE PANTS;DAMA;XS;Negro;1,00;La Grieta;agosto-2025
06/08/2025;PANNTDA66TXS;[PANNTDA66TXS] EXPLORE PANTS DAMA (XS, Verde Militar - 60620);EXPLORE PANTS;DAMA;XS;Verde Militar;-1,00;Sambil Chacao ;agosto-2025
06/08/2025;PANNTDA43TXS;[PANNTDA43TXS] EXPLORE PANTS DAMA (XS, Negro - 10);EXPLORE PANTS;DAMA;XS;Negro;-1,00;Sambil Chacao ;agosto-2025
06/08/2025;PANNTDA66TS;[PANNTDA66TS] EXPLORE PANTS DAMA (S, Verde Militar - 60620);EXPLORE PANTS;DAMA;S;Verde Militar;1,00;Sambil Chacao ;agosto-2025
06/08/2025;PANNTDA43TS;[PANNTDA43TS] EXPLORE PANTS DAMA (S, Negro - 10);EXPLORE PANTS;DAMA;S;Negro;1,00;Sambil Chacao ;agosto-2025
06/08/2025;PANNTDA12TM;[PANNTDA12TM] EXPLORE PANTS DAMA (M, Azul Marino - 5102);EXPLORE PANTS;DAMA;M;Azul Marino;1,00;Sambil Chacao ;agosto-2025
06/08/2025;PANNTKI43T6;[PANNTKI43T6] EXPLORE PANTS KIDS (6, Negro - 10);EXPLORE PANTS;KIDS;6;Negro;1,00;La Grieta;agosto-2025
06/08/2025;PANNTKI12T6;[PANNTKI12T6] EXPLORE PANTS KIDS (6, Azul Marino - 5102);EXPLORE PANTS;KIDS;6;Azul Marino;2,00;Sambil Valencia;agosto-2025
06/08/2025;PANNTKI12T4;[PANNTKI12T4] EXPLORE PANTS KIDS (4, Azul Marino - 5102);EXPLORE PANTS;KIDS;4;Azul Marino;2,00;Sambil Valencia;agosto-2025
06/08/2025;PANNTDA30TS;[PANNTDA30TS] EXPLORE PANTS DAMA (S, Gris Claro - 9734);EXPLORE PANTS;DAMA;S;Gris Claro;1,00;Cerro Verde ;agosto-2025
06/08/2025;PANNTDA66TS;[PANNTDA66TS] EXPLORE PANTS DAMA (S, Verde Militar - 60620);EXPLORE PANTS;DAMA;S;Verde Militar;1,00;Cerro Verde ;agosto-2025
07/08/2025;PANNTKI43T10;[PANNTKI43T10] EXPLORE PANTS KIDS (10, Negro - 10);EXPLORE PANTS;KIDS;10;Negro;1,00;Sambil Valencia;agosto-2025
07/08/2025;PANNTDA33TS;[PANNTDA33TS] EXPLORE PANTS DAMA (S, Kaki - 80279);EXPLORE PANTS;DAMA;S;Kaki;1,00;Sambil Valencia;agosto-2025
07/08/2025;PANNTKI66T12;[PANNTKI66T12] EXPLORE PANTS KIDS (12, Verde Militar - 60620);EXPLORE PANTS;KIDS;12;Verde Militar;1,00;Sambil Valencia;agosto-2025
07/08/2025;PANNTDA66TS;[PANNTDA66TS] EXPLORE PANTS DAMA (S, Verde Militar - 60620);EXPLORE PANTS;DAMA;S;Verde Militar;1,00;Sambil Valencia;agosto-2025
07/08/2025;PANNTKI43T10;[PANNTKI43T10] EXPLORE PANTS KIDS (10, Negro - 10);EXPLORE PANTS;KIDS;10;Negro;-1,00;Sambil Valencia;agosto-2025
07/08/2025;PANNTCA12TM;[PANNTCA12TM] EXPLORE PANTS CAB (M, Azul Marino - 5102);EXPLORE PANTS;CAB;M;Azul Marino;1,00;Cerro Verde ;agosto-2025
08/08/2025;PANNTDA43TM;[PANNTDA43TM] EXPLORE PANTS DAMA (M, Negro - 10);EXPLORE PANTS;DAMA;M;Negro;1,00;Sambil Chacao ;agosto-2025
08/08/2025;PANNTKI66T6;[PANNTKI66T6] EXPLORE PANTS KIDS (6, Verde Militar - 60620);EXPLORE PANTS;KIDS;6;Verde Militar;1,00;Cerro Verde ;agosto-2025
08/08/2025;PANNTKI12T6;[PANNTKI12T6] EXPLORE PANTS KIDS (6, Azul Marino - 5102);EXPLORE PANTS;KIDS;6;Azul Marino;1,00;Cerro Verde ;agosto-2025
08/08/2025;PANNTDA12TS;[PANNTDA12TS] EXPLORE PANTS DAMA (S, Azul Marino - 5102);EXPLORE PANTS;DAMA;S;Azul Marino;1,00;Grandplaz ;agosto-2025
08/08/2025;PANNTDA30TS;[PANNTDA30TS] EXPLORE PANTS DAMA (S, Gris Claro - 9734);EXPLORE PANTS;DAMA;S;Gris Claro;1,00;Grandplaz ;agosto-2025
08/08/2025;PANNTDA30TS;[PANNTDA30TS] EXPLORE PANTS DAMA (S, Gris Claro - 9734);EXPLORE PANTS;DAMA;S;Gris Claro;1,00;Sambil Valencia;agosto-2025
08/08/2025;PANNTDA43TXS;[PANNTDA43TXS] EXPLORE PANTS DAMA (XS, Negro - 10);EXPLORE PANTS;DAMA;XS;Negro;1,00;Cerro Verde ;agosto-2025
08/08/2025;PANNTDA43TS;[PANNTDA43TS] EXPLORE PANTS DAMA (S, Negro - 10);EXPLORE PANTS;DAMA;S;Negro;1,00;Sambil Chacao ;agosto-2025
09/08/2025;PANNTDA30TS;[PANNTDA30TS] EXPLORE PANTS DAMA (S, Gris Claro - 9734);EXPLORE PANTS;DAMA;S;Gris Claro;1,00;Cerro Verde ;agosto-2025
09/08/2025;PANNTCA66TL;[PANNTCA66TL] EXPLORE PANTS CAB (L, Verde Militar - 60620);EXPLORE PANTS;CAB;L;Verde Militar;1,00;Grandplaz ;agosto-2025
09/08/2025;PANNTDA66TXS;[PANNTDA66TXS] EXPLORE PANTS DAMA (XS, Verde Militar - 60620);EXPLORE PANTS;DAMA;XS;Verde Militar;1,00;Grandplaz ;agosto-2025
09/08/2025;PANNTDA30TXL;[PANNTDA30TXL] EXPLORE PANTS DAMA (XL, Gris Claro - 9734);EXPLORE PANTS;DAMA;XL;Gris Claro;1,00;Grandplaz ;agosto-2025
09/08/2025;PANNTCA33TM;[PANNTCA33TM] EXPLORE PANTS CAB (M, Kaki - 80279);EXPLORE PANTS;CAB;M;Kaki;1,00;Cerro Verde ;agosto-2025
09/08/2025;PANNTDA33TS;[PANNTDA33TS] EXPLORE PANTS DAMA (S, Kaki - 80279);EXPLORE PANTS;DAMA;S;Kaki;1,00;Sambil Chacao ;agosto-2025
09/08/2025;PANNTDA43TM;[PANNTDA43TM] EXPLORE PANTS DAMA (M, Negro - 10);EXPLORE PANTS;DAMA;M;Negro;1,00;Cerro Verde ;agosto-2025
09/08/2025;PANNTDA43TXS;[PANNTDA43TXS] EXPLORE PANTS DAMA (XS, Negro - 10);EXPLORE PANTS;DAMA;XS;Negro;1,00;Cerro Verde ;agosto-2025
09/08/2025;PANNTDA12TM;[PANNTDA12TM] EXPLORE PANTS DAMA (M, Azul Marino - 5102);EXPLORE PANTS;DAMA;M;Azul Marino;1,00;Sambil Valencia;agosto-2025
09/08/2025;PANNTCA66TL;[PANNTCA66TL] EXPLORE PANTS CAB (L, Verde Militar - 60620);EXPLORE PANTS;CAB;L;Verde Militar;1,00;Cerro Verde ;agosto-2025
09/08/2025;PANNTDA30TS;[PANNTDA30TS] EXPLORE PANTS DAMA (S, Gris Claro - 9734);EXPLORE PANTS;DAMA;S;Gris Claro;1,00;Cerro Verde ;agosto-2025
09/08/2025;PANNTCA30TS;[PANNTCA30TS] EXPLORE PANTS CAB (S, Gris Claro - 9734);EXPLORE PANTS;CAB;S;Gris Claro;1,00;Cerro Verde ;agosto-2025
09/08/2025;PANNTDA43TM;[PANNTDA43TM] EXPLORE PANTS DAMA (M, Negro - 10);EXPLORE PANTS;DAMA;M;Negro;1,00;Sambil Chacao ;agosto-2025
09/08/2025;PANNTCA66TL;[PANNTCA66TL] EXPLORE PANTS CAB (L, Verde Militar - 60620);EXPLORE PANTS;CAB;L;Verde Militar;1,00;Cerro Verde ;agosto-2025
09/08/2025;PANNTDA43TM;[PANNTDA43TM] EXPLORE PANTS DAMA (M, Negro - 10);EXPLORE PANTS;DAMA;M;Negro;1,00;Cerro Verde ;agosto-2025
09/08/2025;PANNTDA12TXL;[PANNTDA12TXL] EXPLORE PANTS DAMA (XL, Azul Marino - 5102);EXPLORE PANTS;DAMA;XL;Azul Marino;1,00;Cerro Verde ;agosto-2025
09/08/2025;PANNTCA30TS;[PANNTCA30TS] EXPLORE PANTS CAB (S, Gris Claro - 9734);EXPLORE PANTS;CAB;S;Gris Claro;1,00;Cerro Verde ;agosto-2025
09/08/2025;PANNTCA66TM;[PANNTCA66TM] EXPLORE PANTS CAB (M, Verde Militar - 60620);EXPLORE PANTS;CAB;M;Verde Militar;1,00;Sambil Valencia;agosto-2025
10/08/2025;PANNTDA33TM;[PANNTDA33TM] EXPLORE PANTS DAMA (M, Kaki - 80279);EXPLORE PANTS;DAMA;M;Kaki;1,00;Sambil Chacao ;agosto-2025
10/08/2025;PANNTDA12TXS;[PANNTDA12TXS] EXPLORE PANTS DAMA (XS, Azul Marino - 5102);EXPLORE PANTS;DAMA;XS;Azul Marino;1,00;Cerro Verde ;agosto-2025
10/08/2025;PANNTDA43TM;[PANNTDA43TM] EXPLORE PANTS DAMA (M, Negro - 10);EXPLORE PANTS;DAMA;M;Negro;-1,00;Sambil Chacao ;agosto-2025
10/08/2025;PANNTCA66TS;[PANNTCA66TS] EXPLORE PANTS CAB (S, Verde Militar - 60620);EXPLORE PANTS;CAB;S;Verde Militar;1,00;Sambil Valencia;agosto-2025
10/08/2025;PANNTCA12TS;[PANNTCA12TS] EXPLORE PANTS CAB (S, Azul Marino - 5102);EXPLORE PANTS;CAB;S;Azul Marino;1,00;Cerro Verde ;agosto-2025
11/08/2025;PANNTCA12TL;[PANNTCA12TL] EXPLORE PANTS CAB (L, Azul Marino - 5102);EXPLORE PANTS;CAB;L;Azul Marino;1,00;Sambil Valencia;agosto-2025
12/08/2025;PANNTCA66TL;[PANNTCA66TL] EXPLORE PANTS CAB (L, Verde Militar - 60620);EXPLORE PANTS;CAB;L;Verde Militar;1,00;Cerro Verde ;agosto-2025
12/08/2025;PANNTDA43TS;[PANNTDA43TS] EXPLORE PANTS DAMA (S, Negro - 10);EXPLORE PANTS;DAMA;S;Negro;1,00;Sambil Chacao ;agosto-2025
12/08/2025;PANNTCA66TM;[PANNTCA66TM] EXPLORE PANTS CAB (M, Verde Militar - 60620);EXPLORE PANTS;CAB;M;Verde Militar;1,00;Sambil Valencia;agosto-2025
12/08/2025;PANNTDA12TM;[PANNTDA12TM] EXPLORE PANTS DAMA (M, Azul Marino - 5102);EXPLORE PANTS;DAMA;M;Azul Marino;1,00;Sambil Valencia;agosto-2025
12/08/2025;PANNTDA43TXS;[PANNTDA43TXS] EXPLORE PANTS DAMA (XS, Negro - 10);EXPLORE PANTS;DAMA;XS;Negro;1,00;La Grieta;agosto-2025
12/08/2025;PANNTCA43TS;[PANNTCA43TS] EXPLORE PANTS CAB (S, Negro - 10);EXPLORE PANTS;CAB;S;Negro;1,00;Grandplaz ;agosto-2025
12/08/2025;PANNTCA43TS;[PANNTCA43TS] EXPLORE PANTS CAB (S, Negro - 10);EXPLORE PANTS;CAB;S;Negro;-1,00;Grandplaz ;agosto-2025
12/08/2025;PANNTDA43TS;[PANNTDA43TS] EXPLORE PANTS DAMA (S, Negro - 10);EXPLORE PANTS;DAMA;S;Negro;1,00;Grandplaz ;agosto-2025
12/08/2025;PANNTDA43TXS;[PANNTDA43TXS] EXPLORE PANTS DAMA (XS, Negro - 10);EXPLORE PANTS;DAMA;XS;Negro;1,00;WEB;agosto-2025
12/08/2025;PANNTDA66TS;[PANNTDA66TS] EXPLORE PANTS DAMA (S, Verde Militar - 60620);EXPLORE PANTS;DAMA;S;Verde Militar;1,00;WEB;agosto-2025
12/08/2025;PANNTDA12TS;[PANNTDA12TS] EXPLORE PANTS DAMA (S, Azul Marino - 5102);EXPLORE PANTS;DAMA;S;Azul Marino;1,00;WEB;agosto-2025
12/08/2025;PANNTCA12TM;[PANNTCA12TM] EXPLORE PANTS CAB (M, Azul Marino - 5102);EXPLORE PANTS;CAB;M;Azul Marino;1,00;Sambil Valencia;agosto-2025
13/08/2025;PANNTDA43TM;[PANNTDA43TM] EXPLORE PANTS DAMA (M, Negro - 10);EXPLORE PANTS;DAMA;M;Negro;1,00;Cerro Verde ;agosto-2025
13/08/2025;PANNTKI66T8;[PANNTKI66T8] EXPLORE PANTS KIDS (8, Verde Militar - 60620);EXPLORE PANTS;KIDS;8;Verde Militar;1,00;La Grieta;agosto-2025
13/08/2025;PANNTDA12TS;[PANNTDA12TS] EXPLORE PANTS DAMA (S, Azul Marino - 5102);EXPLORE PANTS;DAMA;S;Azul Marino;1,00;Cerro Verde ;agosto-2025
13/08/2025;PANNTDA43TS;[PANNTDA43TS] EXPLORE PANTS DAMA (S, Negro - 10);EXPLORE PANTS;DAMA;S;Negro;1,00;Cerro Verde ;agosto-2025
13/08/2025;PANNTDA43TS;[PANNTDA43TS] EXPLORE PANTS DAMA (S, Negro - 10);EXPLORE PANTS;DAMA;S;Negro;-1,00;Grandplaz ;agosto-2025
13/08/2025;PANNTDA43TM;[PANNTDA43TM] EXPLORE PANTS DAMA (M, Negro - 10);EXPLORE PANTS;DAMA;M;Negro;1,00;Grandplaz ;agosto-2025
13/08/2025;PANNTDA30TS;[PANNTDA30TS] EXPLORE PANTS DAMA (S, Gris Claro - 9734);EXPLORE PANTS;DAMA;S;Gris Claro;1,00;Grandplaz ;agosto-2025
13/08/2025;PANNTDA43TS;[PANNTDA43TS] EXPLORE PANTS DAMA (S, Negro - 10);EXPLORE PANTS;DAMA;S;Negro;2,00;Grandplaz ;agosto-2025
13/08/2025;PANNTDA66TS;[PANNTDA66TS] EXPLORE PANTS DAMA (S, Verde Militar - 60620);EXPLORE PANTS;DAMA;S;Verde Militar;1,00;Grandplaz ;agosto-2025
13/08/2025;PANNTDA12TS;[PANNTDA12TS] EXPLORE PANTS DAMA (S, Azul Marino - 5102);EXPLORE PANTS;DAMA;S;Azul Marino;1,00;Sambil Chacao ;agosto-2025
13/08/2025;PANNTDA30TS;[PANNTDA30TS] EXPLORE PANTS DAMA (S, Gris Claro - 9734);EXPLORE PANTS;DAMA;S;Gris Claro;-1,00;Cerro Verde ;agosto-2025
13/08/2025;PANNTDA12TM;[PANNTDA12TM] EXPLORE PANTS DAMA (M, Azul Marino - 5102);EXPLORE PANTS;DAMA;M;Azul Marino;1,00;Cerro Verde ;agosto-2025
13/08/2025;PANNTCA30TS;[PANNTCA30TS] EXPLORE PANTS CAB (S, Gris Claro - 9734);EXPLORE PANTS;CAB;S;Gris Claro;1,00;Cerro Verde ;agosto-2025
13/08/2025;PANNTCA12TM;[PANNTCA12TM] EXPLORE PANTS CAB (M, Azul Marino - 5102);EXPLORE PANTS;CAB;M;Azul Marino;1,00;Grandplaz ;agosto-2025
13/08/2025;PANNTCA43TM;[PANNTCA43TM] EXPLORE PANTS CAB (M, Negro - 10);EXPLORE PANTS;CAB;M;Negro;1,00;Grandplaz ;agosto-2025
13/08/2025;PANNTDA12TL;[PANNTDA12TL] EXPLORE PANTS DAMA (L, Azul Marino - 5102);EXPLORE PANTS;DAMA;L;Azul Marino;1,00;Cerro Verde ;agosto-2025
13/08/2025;PANNTCA66TS;[PANNTCA66TS] EXPLORE PANTS CAB (S, Verde Militar - 60620);EXPLORE PANTS;CAB;S;Verde Militar;1,00;Cerro Verde ;agosto-2025
13/08/2025;PANNTDA43TS;[PANNTDA43TS] EXPLORE PANTS DAMA (S, Negro - 10);EXPLORE PANTS;DAMA;S;Negro;1,00;Sambil Valencia;agosto-2025
14/08/2025;PANNTCA43TM;[PANNTCA43TM] EXPLORE PANTS CAB (M, Negro - 10);EXPLORE PANTS;CAB;M;Negro;1,00;WEB;agosto-2025
14/08/2025;PANNTDA12TM;[PANNTDA12TM] EXPLORE PANTS DAMA (M, Azul Marino - 5102);EXPLORE PANTS;DAMA;M;Azul Marino;1,00;La Grieta;agosto-2025
14/08/2025;PANNTCA12TL;[PANNTCA12TL] EXPLORE PANTS CAB (L, Azul Marino - 5102);EXPLORE PANTS;CAB;L;Azul Marino;1,00;Sambil Valencia;agosto-2025
14/08/2025;PANNTDA12TM;[PANNTDA12TM] EXPLORE PANTS DAMA (M, Azul Marino - 5102);EXPLORE PANTS;DAMA;M;Azul Marino;1,00;Sambil Valencia;agosto-2025
14/08/2025;PANNTDA43TM;[PANNTDA43TM] EXPLORE PANTS DAMA (M, Negro - 10);EXPLORE PANTS;DAMA;M;Negro;1,00;Sambil Chacao ;agosto-2025
14/08/2025;PANNTCA12TM;[PANNTCA12TM] EXPLORE PANTS CAB (M, Azul Marino - 5102);EXPLORE PANTS;CAB;M;Azul Marino;1,00;Sambil Valencia;agosto-2025
14/08/2025;PANNTDA30TXL;[PANNTDA30TXL] EXPLORE PANTS DAMA (XL, Gris Claro - 9734);EXPLORE PANTS;DAMA;XL;Gris Claro;1,00;Sambil Valencia;agosto-2025
14/08/2025;PANNTCA12TXL;[PANNTCA12TXL] EXPLORE PANTS CAB (XL, Azul Marino - 5102);EXPLORE PANTS;CAB;XL;Azul Marino;1,00;Grandplaz ;agosto-2025
14/08/2025;PANNTCA30TL;[PANNTCA30TL] EXPLORE PANTS CAB (L, Gris Claro - 9734);EXPLORE PANTS;CAB;L;Gris Claro;1,00;Grandplaz ;agosto-2025
14/08/2025;PANNTDA43TXS;[PANNTDA43TXS] EXPLORE PANTS DAMA (XS, Negro - 10);EXPLORE PANTS;DAMA;XS;Negro;1,00;Sambil Valencia;agosto-2025
14/08/2025;PANNTDA30TXS;[PANNTDA30TXS] EXPLORE PANTS DAMA (XS, Gris Claro - 9734);EXPLORE PANTS;DAMA;XS;Gris Claro;1,00;Sambil Valencia;agosto-2025
15/08/2025;PANNTDA43TS;[PANNTDA43TS] EXPLORE PANTS DAMA (S, Negro - 10);EXPLORE PANTS;DAMA;S;Negro;1,00;WEB;agosto-2025
15/08/2025;PANNTDA43TM;[PANNTDA43TM] EXPLORE PANTS DAMA (M, Negro - 10);EXPLORE PANTS;DAMA;M;Negro;2,00;WEB;agosto-2025
15/08/2025;PANNTCA12TL;[PANNTCA12TL] EXPLORE PANTS CAB (L, Azul Marino - 5102);EXPLORE PANTS;CAB;L;Azul Marino;1,00;Grandplaz ;agosto-2025
15/08/2025;PANNTDA43TS;[PANNTDA43TS] EXPLORE PANTS DAMA (S, Negro - 10);EXPLORE PANTS;DAMA;S;Negro;1,00;Cerro Verde ;agosto-2025
15/08/2025;PANNTKI66T6;[PANNTKI66T6] EXPLORE PANTS KIDS (6, Verde Militar - 60620);EXPLORE PANTS;KIDS;6;Verde Militar;1,00;Cerro Verde ;agosto-2025
15/08/2025;PANNTDA43TXL;[PANNTDA43TXL] EXPLORE PANTS DAMA (XL, Negro - 10);EXPLORE PANTS;DAMA;XL;Negro;1,00;Cerro Verde ;agosto-2025
15/08/2025;PANNTDA43TXL;[PANNTDA43TXL] EXPLORE PANTS DAMA (XL, Negro - 10);EXPLORE PANTS;DAMA;XL;Negro;1,00;Cerro Verde ;agosto-2025
15/08/2025;PANNTKI43T10;[PANNTKI43T10] EXPLORE PANTS KIDS (10, Negro - 10);EXPLORE PANTS;KIDS;10;Negro;1,00;Sambil Valencia;agosto-2025
15/08/2025;PANNTDA66TM;[PANNTDA66TM] EXPLORE PANTS DAMA (M, Verde Militar - 60620);EXPLORE PANTS;DAMA;M;Verde Militar;1,00;Cerro Verde ;agosto-2025
16/08/2025;PANNTDA12TM;[PANNTDA12TM] EXPLORE PANTS DAMA (M, Azul Marino - 5102);EXPLORE PANTS;DAMA;M;Azul Marino;1,00;Cerro Verde ;agosto-2025
16/08/2025;PANNTKI43T10;[PANNTKI43T10] EXPLORE PANTS KIDS (10, Negro - 10);EXPLORE PANTS;KIDS;10;Negro;1,00;Cerro Verde ;agosto-2025
16/08/2025;PANNTDA12TS;[PANNTDA12TS] EXPLORE PANTS DAMA (S, Azul Marino - 5102);EXPLORE PANTS;DAMA;S;Azul Marino;1,00;Sambil Valencia;agosto-2025
16/08/2025;PANNTDA43TS;[PANNTDA43TS] EXPLORE PANTS DAMA (S, Negro - 10);EXPLORE PANTS;DAMA;S;Negro;1,00;Sambil Valencia;agosto-2025
16/08/2025;PANNTCA43TL;[PANNTCA43TL] EXPLORE PANTS CAB (L, Negro - 10);EXPLORE PANTS;CAB;L;Negro;1,00;La Grieta;agosto-2025
16/08/2025;PANNTCA43TL;[PANNTCA43TL] EXPLORE PANTS CAB (L, Negro - 10);EXPLORE PANTS;CAB;L;Negro;1,00;Grandplaz ;agosto-2025
16/08/2025;PANNTCA30TS;[PANNTCA30TS] EXPLORE PANTS CAB (S, Gris Claro - 9734);EXPLORE PANTS;CAB;S;Gris Claro;1,00;La Grieta;agosto-2025
16/08/2025;PANNTDA66TS;[PANNTDA66TS] EXPLORE PANTS DAMA (S, Verde Militar - 60620);EXPLORE PANTS;DAMA;S;Verde Militar;1,00;Sambil Chacao ;agosto-2025
16/08/2025;PANNTCA30TS;[PANNTCA30TS] EXPLORE PANTS CAB (S, Gris Claro - 9734);EXPLORE PANTS;CAB;S;Gris Claro;1,00;Grandplaz ;agosto-2025
16/08/2025;PANNTDA33TXS;[PANNTDA33TXS] EXPLORE PANTS DAMA (XS, Kaki - 80279);EXPLORE PANTS;DAMA;XS;Kaki;1,00;Sambil Valencia;agosto-2025
16/08/2025;PANNTDA43TXS;[PANNTDA43TXS] EXPLORE PANTS DAMA (XS, Negro - 10);EXPLORE PANTS;DAMA;XS;Negro;1,00;Sambil Valencia;agosto-2025
16/08/2025;PANNTDA30TS;[PANNTDA30TS] EXPLORE PANTS DAMA (S, Gris Claro - 9734);EXPLORE PANTS;DAMA;S;Gris Claro;1,00;Cerro Verde ;agosto-2025
16/08/2025;PANNTDA43TS;[PANNTDA43TS] EXPLORE PANTS DAMA (S, Negro - 10);EXPLORE PANTS;DAMA;S;Negro;1,00;Cerro Verde ;agosto-2025
16/08/2025;PANNTCA66TS;[PANNTCA66TS] EXPLORE PANTS CAB (S, Verde Militar - 60620);EXPLORE PANTS;CAB;S;Verde Militar;1,00;Cerro Verde ;agosto-2025
16/08/2025;PANNTCA43TS;[PANNTCA43TS] EXPLORE PANTS CAB (S, Negro - 10);EXPLORE PANTS;CAB;S;Negro;1,00;Cerro Verde ;agosto-2025
17/08/2025;PANNTKI66T12;[PANNTKI66T12] EXPLORE PANTS KIDS (12, Verde Militar - 60620);EXPLORE PANTS;KIDS;12;Verde Militar;1,00;La Grieta;agosto-2025
17/08/2025;PANNTDA30TXL;[PANNTDA30TXL] EXPLORE PANTS DAMA (XL, Gris Claro - 9734);EXPLORE PANTS;DAMA;XL;Gris Claro;1,00;Sambil Valencia;agosto-2025
17/08/2025;PANNTKI30T4;[PANNTKI30T4] EXPLORE PANTS KIDS (4, Gris Claro - 9734);EXPLORE PANTS;KIDS;4;Gris Claro;1,00;Grandplaz ;agosto-2025
17/08/2025;PANNTDA43TXL;[PANNTDA43TXL] EXPLORE PANTS DAMA (XL, Negro - 10);EXPLORE PANTS;DAMA;XL;Negro;1,00;Cerro Verde ;agosto-2025
17/08/2025;PANNTCA30TXL;[PANNTCA30TXL] EXPLORE PANTS CAB (XL, Gris Claro - 9734);EXPLORE PANTS;CAB;XL;Gris Claro;1,00;Cerro Verde ;agosto-2025
17/08/2025;PANNTDA66TM;[PANNTDA66TM] EXPLORE PANTS DAMA (M, Verde Militar - 60620);EXPLORE PANTS;DAMA;M;Verde Militar;1,00;Grandplaz ;agosto-2025
17/08/2025;PANNTKI43T12;[PANNTKI43T12] EXPLORE PANTS KIDS (12, Negro - 10);EXPLORE PANTS;KIDS;12;Negro;1,00;Grandplaz ;agosto-2025
17/08/2025;PANNTDA43TS;[PANNTDA43TS] EXPLORE PANTS DAMA (S, Negro - 10);EXPLORE PANTS;DAMA;S;Negro;1,00;Grandplaz ;agosto-2025
17/08/2025;PANNTDA43TM;[PANNTDA43TM] EXPLORE PANTS DAMA (M, Negro - 10);EXPLORE PANTS;DAMA;M;Negro;2,00;Cerro Verde ;agosto-2025
18/08/2025;PANNTDA12TS;[PANNTDA12TS] EXPLORE PANTS DAMA (S, Azul Marino - 5102);EXPLORE PANTS;DAMA;S;Azul Marino;1,00;La Grieta;agosto-2025
18/08/2025;PANNTDA66TM;[PANNTDA66TM] EXPLORE PANTS DAMA (M, Verde Militar - 60620);EXPLORE PANTS;DAMA;M;Verde Militar;1,00;La Grieta;agosto-2025
18/08/2025;PANNTCA66TS;[PANNTCA66TS] EXPLORE PANTS CAB (S, Verde Militar - 60620);EXPLORE PANTS;CAB;S;Verde Militar;-1,00;Cerro Verde ;agosto-2025
18/08/2025;PANNTCA12TS;[PANNTCA12TS] EXPLORE PANTS CAB (S, Azul Marino - 5102);EXPLORE PANTS;CAB;S;Azul Marino;1,00;Cerro Verde ;agosto-2025
18/08/2025;PANNTDA66TS;[PANNTDA66TS] EXPLORE PANTS DAMA (S, Verde Militar - 60620);EXPLORE PANTS;DAMA;S;Verde Militar;1,00;Sambil Valencia;agosto-2025
18/08/2025;PANNTDA43TS;[PANNTDA43TS] EXPLORE PANTS DAMA (S, Negro - 10);EXPLORE PANTS;DAMA;S;Negro;1,00;Sambil Valencia;agosto-2025
18/08/2025;PANNTKI66T10;[PANNTKI66T10] EXPLORE PANTS KIDS (10, Verde Militar - 60620);EXPLORE PANTS;KIDS;10;Verde Militar;1,00;Sambil Valencia;agosto-2025
18/08/2025;PANNTDA30TS;[PANNTDA30TS] EXPLORE PANTS DAMA (S, Gris Claro - 9734);EXPLORE PANTS;DAMA;S;Gris Claro;1,00;Cerro Verde ;agosto-2025
18/08/2025;PANNTCA66TS;[PANNTCA66TS] EXPLORE PANTS CAB (S, Verde Militar - 60620);EXPLORE PANTS;CAB;S;Verde Militar;1,00;WEB;agosto-2025
19/08/2025;PANNTCA66TM;[PANNTCA66TM] EXPLORE PANTS CAB (M, Verde Militar - 60620);EXPLORE PANTS;CAB;M;Verde Militar;2,00;WEB;agosto-2025
19/08/2025;PANNTCA43TM;[PANNTCA43TM] EXPLORE PANTS CAB (M, Negro - 10);EXPLORE PANTS;CAB;M;Negro;2,00;WEB;agosto-2025
19/08/2025;PANNTCA30TM;[PANNTCA30TM] EXPLORE PANTS CAB (M, Gris Claro - 9734);EXPLORE PANTS;CAB;M;Gris Claro;2,00;WEB;agosto-2025
19/08/2025;PANNTCA30TL;[PANNTCA30TL] EXPLORE PANTS CAB (L, Gris Claro - 9734);EXPLORE PANTS;CAB;L;Gris Claro;2,00;WEB;agosto-2025
19/08/2025;PANNTDA12TM;[PANNTDA12TM] EXPLORE PANTS DAMA (M, Azul Marino - 5102);EXPLORE PANTS;DAMA;M;Azul Marino;2,00;Sambil Valencia;agosto-2025
19/08/2025;PANNTDA30TS;[PANNTDA30TS] EXPLORE PANTS DAMA (S, Gris Claro - 9734);EXPLORE PANTS;DAMA;S;Gris Claro;1,00;Grandplaz ;agosto-2025
19/08/2025;PANNTDA43TM;[PANNTDA43TM] EXPLORE PANTS DAMA (M, Negro - 10);EXPLORE PANTS;DAMA;M;Negro;1,00;Sambil Valencia;agosto-2025
19/08/2025;PANNTDA43TXL;[PANNTDA43TXL] EXPLORE PANTS DAMA (XL, Negro - 10);EXPLORE PANTS;DAMA;XL;Negro;1,00;Sambil Valencia;agosto-2025
19/08/2025;PANNTDA43TL;[PANNTDA43TL] EXPLORE PANTS DAMA (L, Negro - 10);EXPLORE PANTS;DAMA;L;Negro;1,00;Sambil Valencia;agosto-2025
20/08/2025;PANNTDA66TM;[PANNTDA66TM] EXPLORE PANTS DAMA (M, Verde Militar - 60620);EXPLORE PANTS;DAMA;M;Verde Militar;2,00;La Grieta;agosto-2025
20/08/2025;PANNTCA43TM;[PANNTCA43TM] EXPLORE PANTS CAB (M, Negro - 10);EXPLORE PANTS;CAB;M;Negro;1,00;La Grieta;agosto-2025
20/08/2025;PANNTCA43TL;[PANNTCA43TL] EXPLORE PANTS CAB (L, Negro - 10);EXPLORE PANTS;CAB;L;Negro;1,00;La Grieta;agosto-2025
20/08/2025;PANNTKI12T12;[PANNTKI12T12] EXPLORE PANTS KIDS (12, Azul Marino - 5102);EXPLORE PANTS;KIDS;12;Azul Marino;1,00;La Grieta;agosto-2025
20/08/2025;PANNTKI66T12;[PANNTKI66T12] EXPLORE PANTS KIDS (12, Verde Militar - 60620);EXPLORE PANTS;KIDS;12;Verde Militar;1,00;La Grieta;agosto-2025
20/08/2025;PANNTKI66T2;[PANNTKI66T2] EXPLORE PANTS KIDS (2, Verde Militar - 60620);EXPLORE PANTS;KIDS;2;Verde Militar;1,00;La Grieta;agosto-2025
20/08/2025;PANNTDA30TS;[PANNTDA30TS] EXPLORE PANTS DAMA (S, Gris Claro - 9734);EXPLORE PANTS;DAMA;S;Gris Claro;1,00;La Grieta;agosto-2025
20/08/2025;PANNTDA12TM;[PANNTDA12TM] EXPLORE PANTS DAMA (M, Azul Marino - 5102);EXPLORE PANTS;DAMA;M;Azul Marino;1,00;La Grieta;agosto-2025
20/08/2025;PANNTKI43T2;[PANNTKI43T2] EXPLORE PANTS KIDS (2, Negro - 10);EXPLORE PANTS;KIDS;2;Negro;1,00;Sambil Valencia;agosto-2025
20/08/2025;PANNTDA43TL;[PANNTDA43TL] EXPLORE PANTS DAMA (L, Negro - 10);EXPLORE PANTS;DAMA;L;Negro;1,00;Sambil Valencia;agosto-2025
20/08/2025;PANNTCA43TXL;[PANNTCA43TXL] EXPLORE PANTS CAB (XL, Negro - 10);EXPLORE PANTS;CAB;XL;Negro;1,00;La Grieta;agosto-2025
20/08/2025;PANNTDA66TS;[PANNTDA66TS] EXPLORE PANTS DAMA (S, Verde Militar - 60620);EXPLORE PANTS;DAMA;S;Verde Militar;1,00;Sambil Chacao ;agosto-2025
20/08/2025;PANNTDA30TXL;[PANNTDA30TXL] EXPLORE PANTS DAMA (XL, Gris Claro - 9734);EXPLORE PANTS;DAMA;XL;Gris Claro;1,00;Grandplaz ;agosto-2025
20/08/2025;PANNTCA66TL;[PANNTCA66TL] EXPLORE PANTS CAB (L, Verde Militar - 60620);EXPLORE PANTS;CAB;L;Verde Militar;1,00;Sambil Valencia;agosto-2025
20/08/2025;PANNTCA12TL;[PANNTCA12TL] EXPLORE PANTS CAB (L, Azul Marino - 5102);EXPLORE PANTS;CAB;L;Azul Marino;1,00;Sambil Valencia;agosto-2025
20/08/2025;PANNTCA43TL;[PANNTCA43TL] EXPLORE PANTS CAB (L, Negro - 10);EXPLORE PANTS;CAB;L;Negro;1,00;La Grieta;agosto-2025
20/08/2025;PANNTCA30TL;[PANNTCA30TL] EXPLORE PANTS CAB (L, Gris Claro - 9734);EXPLORE PANTS;CAB;L;Gris Claro;1,00;La Grieta;agosto-2025
20/08/2025;PANNTKI66T12;[PANNTKI66T12] EXPLORE PANTS KIDS (12, Verde Militar - 60620);EXPLORE PANTS;KIDS;12;Verde Militar;1,00;Cerro Verde ;agosto-2025
20/08/2025;PANNTKI66T6;[PANNTKI66T6] EXPLORE PANTS KIDS (6, Verde Militar - 60620);EXPLORE PANTS;KIDS;6;Verde Militar;1,00;Cerro Verde ;agosto-2025
20/08/2025;PANNTDA43TS;[PANNTDA43TS] EXPLORE PANTS DAMA (S, Negro - 10);EXPLORE PANTS;DAMA;S;Negro;1,00;Sambil Chacao ;agosto-2025
20/08/2025;PANNTKI43T12;[PANNTKI43T12] EXPLORE PANTS KIDS (12, Negro - 10);EXPLORE PANTS;KIDS;12;Negro;1,00;Sambil Chacao ;agosto-2025
20/08/2025;PANNTDA12TS;[PANNTDA12TS] EXPLORE PANTS DAMA (S, Azul Marino - 5102);EXPLORE PANTS;DAMA;S;Azul Marino;1,00;Cerro Verde ;agosto-2025
21/08/2025;PANNTKI12T12;[PANNTKI12T12] EXPLORE PANTS KIDS (12, Azul Marino - 5102);EXPLORE PANTS;KIDS;12;Azul Marino;1,00;La Grieta;agosto-2025
21/08/2025;PANNTKI12T8;[PANNTKI12T8] EXPLORE PANTS KIDS (8, Azul Marino - 5102);EXPLORE PANTS;KIDS;8;Azul Marino;1,00;La Grieta;agosto-2025
21/08/2025;PANNTCA30TM;[PANNTCA30TM] EXPLORE PANTS CAB (M, Gris Claro - 9734);EXPLORE PANTS;CAB;M;Gris Claro;1,00;La Grieta;agosto-2025
21/08/2025;PANNTCA43TM;[PANNTCA43TM] EXPLORE PANTS CAB (M, Negro - 10);EXPLORE PANTS;CAB;M;Negro;1,00;Sambil Chacao ;agosto-2025
21/08/2025;PANNTDA12TL;[PANNTDA12TL] EXPLORE PANTS DAMA (L, Azul Marino - 5102);EXPLORE PANTS;DAMA;L;Azul Marino;1,00;Sambil Valencia;agosto-2025
21/08/2025;PANNTCA12TL;[PANNTCA12TL] EXPLORE PANTS CAB (L, Azul Marino - 5102);EXPLORE PANTS;CAB;L;Azul Marino;1,00;Sambil Valencia;agosto-2025
21/08/2025;PANNTCA12TM;[PANNTCA12TM] EXPLORE PANTS CAB (M, Azul Marino - 5102);EXPLORE PANTS;CAB;M;Azul Marino;1,00;Cerro Verde ;agosto-2025
21/08/2025;PANNTCA30TS;[PANNTCA30TS] EXPLORE PANTS CAB (S, Gris Claro - 9734);EXPLORE PANTS;CAB;S;Gris Claro;1,00;Sambil Chacao ;agosto-2025
21/08/2025;PANNTCA43TM;[PANNTCA43TM] EXPLORE PANTS CAB (M, Negro - 10);EXPLORE PANTS;CAB;M;Negro;1,00;La Grieta;agosto-2025
21/08/2025;PANNTCA12TM;[PANNTCA12TM] EXPLORE PANTS CAB (M, Azul Marino - 5102);EXPLORE PANTS;CAB;M;Azul Marino;1,00;La Grieta;agosto-2025
21/08/2025;PANNTDA43TXL;[PANNTDA43TXL] EXPLORE PANTS DAMA (XL, Negro - 10);EXPLORE PANTS;DAMA;XL;Negro;1,00;Sambil Valencia;agosto-2025
21/08/2025;PANNTCA12TM;[PANNTCA12TM] EXPLORE PANTS CAB (M, Azul Marino - 5102);EXPLORE PANTS;CAB;M;Azul Marino;1,00;Cerro Verde ;agosto-2025
21/08/2025;PANNTDA43TXL;[PANNTDA43TXL] EXPLORE PANTS DAMA (XL, Negro - 10);EXPLORE PANTS;DAMA;XL;Negro;1,00;Cerro Verde ;agosto-2025
21/08/2025;PANNTCA66TM;[PANNTCA66TM] EXPLORE PANTS CAB (M, Verde Militar - 60620);EXPLORE PANTS;CAB;M;Verde Militar;1,00;Sambil Valencia;agosto-2025
21/08/2025;PANNTDA43TM;[PANNTDA43TM] EXPLORE PANTS DAMA (M, Negro - 10);EXPLORE PANTS;DAMA;M;Negro;1,00;Sambil Valencia;agosto-2025
22/08/2025;PANNTCA12TL;[PANNTCA12TL] EXPLORE PANTS CAB (L, Azul Marino - 5102);EXPLORE PANTS;CAB;L;Azul Marino;1,00;La Grieta;agosto-2025
22/08/2025;PANNTCA66TL;[PANNTCA66TL] EXPLORE PANTS CAB (L, Verde Militar - 60620);EXPLORE PANTS;CAB;L;Verde Militar;1,00;La Grieta;agosto-2025
22/08/2025;PANNTKI30T8;[PANNTKI30T8] EXPLORE PANTS KIDS (8, Gris Claro - 9734);EXPLORE PANTS;KIDS;8;Gris Claro;1,00;La Grieta;agosto-2025
22/08/2025;PANNTDA66TS;[PANNTDA66TS] EXPLORE PANTS DAMA (S, Verde Militar - 60620);EXPLORE PANTS;DAMA;S;Verde Militar;1,00;La Grieta;agosto-2025
22/08/2025;PANNTCA12TL;[PANNTCA12TL] EXPLORE PANTS CAB (L, Azul Marino - 5102);EXPLORE PANTS;CAB;L;Azul Marino;1,00;Sambil Valencia;agosto-2025
22/08/2025;PANNTDA12TL;[PANNTDA12TL] EXPLORE PANTS DAMA (L, Azul Marino - 5102);EXPLORE PANTS;DAMA;L;Azul Marino;1,00;Sambil Valencia;agosto-2025
22/08/2025;PANNTDA43TL;[PANNTDA43TL] EXPLORE PANTS DAMA (L, Negro - 10);EXPLORE PANTS;DAMA;L;Negro;1,00;Sambil Valencia;agosto-2025
22/08/2025;PANNTCA66TS;[PANNTCA66TS] EXPLORE PANTS CAB (S, Verde Militar - 60620);EXPLORE PANTS;CAB;S;Verde Militar;1,00;La Grieta;agosto-2025
22/08/2025;PANNTCA43TS;[PANNTCA43TS] EXPLORE PANTS CAB (S, Negro - 10);EXPLORE PANTS;CAB;S;Negro;1,00;La Grieta;agosto-2025
22/08/2025;PANNTCA30TS;[PANNTCA30TS] EXPLORE PANTS CAB (S, Gris Claro - 9734);EXPLORE PANTS;CAB;S;Gris Claro;1,00;La Grieta;agosto-2025
22/08/2025;PANNTCA66TL;[PANNTCA66TL] EXPLORE PANTS CAB (L, Verde Militar - 60620);EXPLORE PANTS;CAB;L;Verde Militar;1,00;La Grieta;agosto-2025
22/08/2025;PANNTDA43TS;[PANNTDA43TS] EXPLORE PANTS DAMA (S, Negro - 10);EXPLORE PANTS;DAMA;S;Negro;1,00;Cerro Verde ;agosto-2025
22/08/2025;PANNTDA30TXS;[PANNTDA30TXS] EXPLORE PANTS DAMA (XS, Gris Claro - 9734);EXPLORE PANTS;DAMA;XS;Gris Claro;1,00;Sambil Valencia;agosto-2025
23/08/2025;PANNTDA43TM;[PANNTDA43TM] EXPLORE PANTS DAMA (M, Negro - 10);EXPLORE PANTS;DAMA;M;Negro;1,00;La Grieta;agosto-2025
23/08/2025;PANNTCA30TXL;[PANNTCA30TXL] EXPLORE PANTS CAB (XL, Gris Claro - 9734);EXPLORE PANTS;CAB;XL;Gris Claro;1,00;La Grieta;agosto-2025
23/08/2025;PANNTDA43TXL;[PANNTDA43TXL] EXPLORE PANTS DAMA (XL, Negro - 10);EXPLORE PANTS;DAMA;XL;Negro;1,00;Sambil Valencia;agosto-2025
23/08/2025;PANNTDA66TM;[PANNTDA66TM] EXPLORE PANTS DAMA (M, Verde Militar - 60620);EXPLORE PANTS;DAMA;M;Verde Militar;-1,00;Cerro Verde ;agosto-2025
23/08/2025;PANNTCA66TM;[PANNTCA66TM] EXPLORE PANTS CAB (M, Verde Militar - 60620);EXPLORE PANTS;CAB;M;Verde Militar;1,00;Sambil Valencia;agosto-2025
23/08/2025;PANNTCA12TM;[PANNTCA12TM] EXPLORE PANTS CAB (M, Azul Marino - 5102);EXPLORE PANTS;CAB;M;Azul Marino;1,00;Sambil Chacao ;agosto-2025
23/08/2025;PANNTDA30TS;[PANNTDA30TS] EXPLORE PANTS DAMA (S, Gris Claro - 9734);EXPLORE PANTS;DAMA;S;Gris Claro;1,00;Sambil Chacao ;agosto-2025
23/08/2025;PANNTDA43TXS;[PANNTDA43TXS] EXPLORE PANTS DAMA (XS, Negro - 10);EXPLORE PANTS;DAMA;XS;Negro;1,00;Sambil Valencia;agosto-2025
23/08/2025;PANNTDA43TS;[PANNTDA43TS] EXPLORE PANTS DAMA (S, Negro - 10);EXPLORE PANTS;DAMA;S;Negro;1,00;Cerro Verde ;agosto-2025
23/08/2025;PANNTDA66TXL;[PANNTDA66TXL] EXPLORE PANTS DAMA (XL, Verde Militar - 60620);EXPLORE PANTS;DAMA;XL;Verde Militar;1,00;Sambil Valencia;agosto-2025
23/08/2025;PANNTCA12TM;[PANNTCA12TM] EXPLORE PANTS CAB (M, Azul Marino - 5102);EXPLORE PANTS;CAB;M;Azul Marino;1,00;Cerro Verde ;agosto-2025
23/08/2025;PANNTCA43TM;[PANNTCA43TM] EXPLORE PANTS CAB (M, Negro - 10);EXPLORE PANTS;CAB;M;Negro;1,00;La Grieta;agosto-2025
23/08/2025;PANNTDA12TM;[PANNTDA12TM] EXPLORE PANTS DAMA (M, Azul Marino - 5102);EXPLORE PANTS;DAMA;M;Azul Marino;1,00;Sambil Chacao ;agosto-2025
23/08/2025;PANNTDA43TM;[PANNTDA43TM] EXPLORE PANTS DAMA (M, Negro - 10);EXPLORE PANTS;DAMA;M;Negro;1,00;Sambil Chacao ;agosto-2025
23/08/2025;PANNTCA12TM;[PANNTCA12TM] EXPLORE PANTS CAB (M, Azul Marino - 5102);EXPLORE PANTS;CAB;M;Azul Marino;1,00;Sambil Chacao ;agosto-2025
23/08/2025;PANNTCA43TM;[PANNTCA43TM] EXPLORE PANTS CAB (M, Negro - 10);EXPLORE PANTS;CAB;M;Negro;1,00;Sambil Chacao ;agosto-2025
23/08/2025;PANNTCA43TM;[PANNTCA43TM] EXPLORE PANTS CAB (M, Negro - 10);EXPLORE PANTS;CAB;M;Negro;1,00;Sambil Chacao ;agosto-2025
24/08/2025;PANNTDA12TM;[PANNTDA12TM] EXPLORE PANTS DAMA (M, Azul Marino - 5102);EXPLORE PANTS;DAMA;M;Azul Marino;1,00;Cerro Verde ;agosto-2025
24/08/2025;PANNTDA12TXS;[PANNTDA12TXS] EXPLORE PANTS DAMA (XS, Azul Marino - 5102);EXPLORE PANTS;DAMA;XS;Azul Marino;1,00;Cerro Verde ;agosto-2025
24/08/2025;PANNTCA66TM;[PANNTCA66TM] EXPLORE PANTS CAB (M, Verde Militar - 60620);EXPLORE PANTS;CAB;M;Verde Militar;1,00;Sambil Chacao ;agosto-2025
24/08/2025;PANNTDA30TS;[PANNTDA30TS] EXPLORE PANTS DAMA (S, Gris Claro - 9734);EXPLORE PANTS;DAMA;S;Gris Claro;1,00;La Grieta;agosto-2025
24/08/2025;PANNTDA43TS;[PANNTDA43TS] EXPLORE PANTS DAMA (S, Negro - 10);EXPLORE PANTS;DAMA;S;Negro;1,00;La Grieta;agosto-2025
24/08/2025;PANNTDA43TM;[PANNTDA43TM] EXPLORE PANTS DAMA (M, Negro - 10);EXPLORE PANTS;DAMA;M;Negro;1,00;La Grieta;agosto-2025
24/08/2025;PANNTCA43TL;[PANNTCA43TL] EXPLORE PANTS CAB (L, Negro - 10);EXPLORE PANTS;CAB;L;Negro;1,00;Sambil Chacao ;agosto-2025
24/08/2025;PANNTDA12TXL;[PANNTDA12TXL] EXPLORE PANTS DAMA (XL, Azul Marino - 5102);EXPLORE PANTS;DAMA;XL;Azul Marino;1,00;Sambil Valencia;agosto-2025
24/08/2025;PANNTDA43TM;[PANNTDA43TM] EXPLORE PANTS DAMA (M, Negro - 10);EXPLORE PANTS;DAMA;M;Negro;1,00;Sambil Chacao ;agosto-2025
25/08/2025;PANNTCA30TXL;[PANNTCA30TXL] EXPLORE PANTS CAB (XL, Gris Claro - 9734);EXPLORE PANTS;CAB;XL;Gris Claro;1,00;La Grieta;agosto-2025
25/08/2025;PANNTCA66TL;[PANNTCA66TL] EXPLORE PANTS CAB (L, Verde Militar - 60620);EXPLORE PANTS;CAB;L;Verde Militar;1,00;Grandplaz ;agosto-2025
25/08/2025;PANNTDA66TM;[PANNTDA66TM] EXPLORE PANTS DAMA (M, Verde Militar - 60620);EXPLORE PANTS;DAMA;M;Verde Militar;1,00;Cerro Verde ;agosto-2025
25/08/2025;PANNTDA12TS;[PANNTDA12TS] EXPLORE PANTS DAMA (S, Azul Marino - 5102);EXPLORE PANTS;DAMA;S;Azul Marino;1,00;Sambil Chacao ;agosto-2025
25/08/2025;PANNTCA43TM;[PANNTCA43TM] EXPLORE PANTS CAB (M, Negro - 10);EXPLORE PANTS;CAB;M;Negro;1,00;La Grieta;agosto-2025
25/08/2025;PANNTCA30TL;[PANNTCA30TL] EXPLORE PANTS CAB (L, Gris Claro - 9734);EXPLORE PANTS;CAB;L;Gris Claro;1,00;La Grieta;agosto-2025
25/08/2025;PANNTCA30TS;[PANNTCA30TS] EXPLORE PANTS CAB (S, Gris Claro - 9734);EXPLORE PANTS;CAB;S;Gris Claro;1,00;Cerro Verde ;agosto-2025
25/08/2025;PANNTCA66TL;[PANNTCA66TL] EXPLORE PANTS CAB (L, Verde Militar - 60620);EXPLORE PANTS;CAB;L;Verde Militar;1,00;Sambil Chacao ;agosto-2025
27/08/2025;PANNTCA43TL;[PANNTCA43TL] EXPLORE PANTS CAB (L, Negro - 10);EXPLORE PANTS;CAB;L;Negro;1,00;La Grieta;agosto-2025
27/08/2025;PANNTCA43TL;[PANNTCA43TL] EXPLORE PANTS CAB (L, Negro - 10);EXPLORE PANTS;CAB;L;Negro;1,00;Sambil Chacao ;agosto-2025
27/08/2025;PANNTCA12TL;[PANNTCA12TL] EXPLORE PANTS CAB (L, Azul Marino - 5102);EXPLORE PANTS;CAB;L;Azul Marino;1,00;La Grieta;agosto-2025
27/08/2025;PANNTCA12TS;[PANNTCA12TS] EXPLORE PANTS CAB (S, Azul Marino - 5102);EXPLORE PANTS;CAB;S;Azul Marino;1,00;La Grieta;agosto-2025
27/08/2025;PANNTDA43TM;[PANNTDA43TM] EXPLORE PANTS DAMA (M, Negro - 10);EXPLORE PANTS;DAMA;M;Negro;1,00;Sambil Chacao ;agosto-2025
27/08/2025;PANNTDA30TXS;[PANNTDA30TXS] EXPLORE PANTS DAMA (XS, Gris Claro - 9734);EXPLORE PANTS;DAMA;XS;Gris Claro;1,00;Sambil Chacao ;agosto-2025
27/08/2025;PANNTDA43TS;[PANNTDA43TS] EXPLORE PANTS DAMA (S, Negro - 10);EXPLORE PANTS;DAMA;S;Negro;1,00;La Grieta;agosto-2025
27/08/2025;PANNTDA43TS;[PANNTDA43TS] EXPLORE PANTS DAMA (S, Negro - 10);EXPLORE PANTS;DAMA;S;Negro;1,00;Sambil Valencia;agosto-2025
27/08/2025;PANNTDA43TXS;[PANNTDA43TXS] EXPLORE PANTS DAMA (XS, Negro - 10);EXPLORE PANTS;DAMA;XS;Negro;1,00;Sambil Chacao ;agosto-2025
27/08/2025;PANNTDA43TXS;[PANNTDA43TXS] EXPLORE PANTS DAMA (XS, Negro - 10);EXPLORE PANTS;DAMA;XS;Negro;1,00;Cerro Verde ;agosto-2025
27/08/2025;PANNTDA43TM;[PANNTDA43TM] EXPLORE PANTS DAMA (M, Negro - 10);EXPLORE PANTS;DAMA;M;Negro;1,00;Sambil Valencia;agosto-2025
27/08/2025;PANNTDA66TXL;[PANNTDA66TXL] EXPLORE PANTS DAMA (XL, Verde Militar - 60620);EXPLORE PANTS;DAMA;XL;Verde Militar;1,00;Cerro Verde ;agosto-2025
27/08/2025;PANNTKI30T12;[PANNTKI30T12] EXPLORE PANTS KIDS (12, Gris Claro - 9734);EXPLORE PANTS;KIDS;12;Gris Claro;1,00;Cerro Verde ;agosto-2025
27/08/2025;PANNTCA43TL;[PANNTCA43TL] EXPLORE PANTS CAB (L, Negro - 10);EXPLORE PANTS;CAB;L;Negro;1,00;Sambil Chacao ;agosto-2025
27/08/2025;PANNTDA12TS;[PANNTDA12TS] EXPLORE PANTS DAMA (S, Azul Marino - 5102);EXPLORE PANTS;DAMA;S;Azul Marino;1,00;Cerro Verde ;agosto-2025
27/08/2025;PANNTDA43TS;[PANNTDA43TS] EXPLORE PANTS DAMA (S, Negro - 10);EXPLORE PANTS;DAMA;S;Negro;1,00;Cerro Verde ;agosto-2025
27/08/2025;PANNTDA43TS;[PANNTDA43TS] EXPLORE PANTS DAMA (S, Negro - 10);EXPLORE PANTS;DAMA;S;Negro;1,00;Sambil Chacao ;agosto-2025
27/08/2025;PANNTDA30TS;[PANNTDA30TS] EXPLORE PANTS DAMA (S, Gris Claro - 9734);EXPLORE PANTS;DAMA;S;Gris Claro;1,00;Sambil Chacao ;agosto-2025
28/08/2025;PANNTDA43TM;[PANNTDA43TM] EXPLORE PANTS DAMA (M, Negro - 10);EXPLORE PANTS;DAMA;M;Negro;1,00;Sambil Chacao ;agosto-2025
28/08/2025;PANNTKI30T12;[PANNTKI30T12] EXPLORE PANTS KIDS (12, Gris Claro - 9734);EXPLORE PANTS;KIDS;12;Gris Claro;-1,00;Cerro Verde ;agosto-2025
28/08/2025;PANNTDA30TXS;[PANNTDA30TXS] EXPLORE PANTS DAMA (XS, Gris Claro - 9734);EXPLORE PANTS;DAMA;XS;Gris Claro;1,00;Cerro Verde ;agosto-2025
28/08/2025;PANNTKI12T4;[PANNTKI12T4] EXPLORE PANTS KIDS (4, Azul Marino - 5102);EXPLORE PANTS;KIDS;4;Azul Marino;1,00;Cerro Verde ;agosto-2025
28/08/2025;PANNTKI12T2;[PANNTKI12T2] EXPLORE PANTS KIDS (2, Azul Marino - 5102);EXPLORE PANTS;KIDS;2;Azul Marino;2,00;Cerro Verde ;agosto-2025
28/08/2025;PANNTDA12TM;[PANNTDA12TM] EXPLORE PANTS DAMA (M, Azul Marino - 5102);EXPLORE PANTS;DAMA;M;Azul Marino;1,00;Cerro Verde ;agosto-2025
28/08/2025;PANNTDA12TM;[PANNTDA12TM] EXPLORE PANTS DAMA (M, Azul Marino - 5102);EXPLORE PANTS;DAMA;M;Azul Marino;1,00;Sambil Chacao ;agosto-2025
28/08/2025;PANNTCA12TM;[PANNTCA12TM] EXPLORE PANTS CAB (M, Azul Marino - 5102);EXPLORE PANTS;CAB;M;Azul Marino;1,00;Sambil Valencia;agosto-2025
29/08/2025;PANNTCA12TM;[PANNTCA12TM] EXPLORE PANTS CAB (M, Azul Marino - 5102);EXPLORE PANTS;CAB;M;Azul Marino;1,00;Cerro Verde ;agosto-2025
29/08/2025;PANNTDA66TM;[PANNTDA66TM] EXPLORE PANTS DAMA (M, Verde Militar - 60620);EXPLORE PANTS;DAMA;M;Verde Militar;1,00;Cerro Verde ;agosto-2025
29/08/2025;PANNTCA66TL;[PANNTCA66TL] EXPLORE PANTS CAB (L, Verde Militar - 60620);EXPLORE PANTS;CAB;L;Verde Militar;1,00;Sambil Valencia;agosto-2025
29/08/2025;PANNTCA66TL;[PANNTCA66TL] EXPLORE PANTS CAB (L, Verde Militar - 60620);EXPLORE PANTS;CAB;L;Verde Militar;-1,00;Sambil Valencia;agosto-2025
29/08/2025;PANNTCA66TL;[PANNTCA66TL] EXPLORE PANTS CAB (L, Verde Militar - 60620);EXPLORE PANTS;CAB;L;Verde Militar;1,00;Sambil Valencia;agosto-2025
30/08/2025;PANNTDA12TM;[PANNTDA12TM] EXPLORE PANTS DAMA (M, Azul Marino - 5102);EXPLORE PANTS;DAMA;M;Azul Marino;1,00;La Grieta;agosto-2025
30/08/2025;PANNTCA43TXL;[PANNTCA43TXL] EXPLORE PANTS CAB (XL, Negro - 10);EXPLORE PANTS;CAB;XL;Negro;1,00;La Grieta;agosto-2025
30/08/2025;PANNTCA30TS;[PANNTCA30TS] EXPLORE PANTS CAB (S, Gris Claro - 9734);EXPLORE PANTS;CAB;S;Gris Claro;1,00;Cerro Verde ;agosto-2025
30/08/2025;PANNTDA12TXS;[PANNTDA12TXS] EXPLORE PANTS DAMA (XS, Azul Marino - 5102);EXPLORE PANTS;DAMA;XS;Azul Marino;1,00;Sambil Chacao ;agosto-2025
30/08/2025;PANNTCA30TM;[PANNTCA30TM] EXPLORE PANTS CAB (M, Gris Claro - 9734);EXPLORE PANTS;CAB;M;Gris Claro;1,00;La Grieta;agosto-2025
30/08/2025;PANNTDA12TXL;[PANNTDA12TXL] EXPLORE PANTS DAMA (XL, Azul Marino - 5102);EXPLORE PANTS;DAMA;XL;Azul Marino;1,00;Grandplaz ;agosto-2025
30/08/2025;PANNTDA66TXL;[PANNTDA66TXL] EXPLORE PANTS DAMA (XL, Verde Militar - 60620);EXPLORE PANTS;DAMA;XL;Verde Militar;1,00;Grandplaz ;agosto-2025
30/08/2025;PANNTDA43TM;[PANNTDA43TM] EXPLORE PANTS DAMA (M, Negro - 10);EXPLORE PANTS;DAMA;M;Negro;1,00;Sambil Chacao ;agosto-2025
30/08/2025;PANNTCA12TS;[PANNTCA12TS] EXPLORE PANTS CAB (S, Azul Marino - 5102);EXPLORE PANTS;CAB;S;Azul Marino;1,00;Cerro Verde ;agosto-2025
30/08/2025;PANNTDA12TL;[PANNTDA12TL] EXPLORE PANTS DAMA (L, Azul Marino - 5102);EXPLORE PANTS;DAMA;L;Azul Marino;1,00;Sambil Valencia;agosto-2025
30/08/2025;PANNTCA12TXL;[PANNTCA12TXL] EXPLORE PANTS CAB (XL, Azul Marino - 5102);EXPLORE PANTS;CAB;XL;Azul Marino;1,00;La Grieta;agosto-2025
30/08/2025;PANNTKI30T12;[PANNTKI30T12] EXPLORE PANTS KIDS (12, Gris Claro - 9734);EXPLORE PANTS;KIDS;12;Gris Claro;1,00;Sambil Chacao ;agosto-2025
30/08/2025;PANNTDA30TS;[PANNTDA30TS] EXPLORE PANTS DAMA (S, Gris Claro - 9734);EXPLORE PANTS;DAMA;S;Gris Claro;1,00;Sambil Chacao ;agosto-2025
31/08/2025;PANNTDA66TS;[PANNTDA66TS] EXPLORE PANTS DAMA (S, Verde Militar - 60620);EXPLORE PANTS;DAMA;S;Verde Militar;1,00;La Grieta;agosto-2025
31/08/2025;PANNTCA12TM;[PANNTCA12TM] EXPLORE PANTS CAB (M, Azul Marino - 5102);EXPLORE PANTS;CAB;M;Azul Marino;1,00;La Grieta;agosto-2025
31/08/2025;PANNTDA12TXS;[PANNTDA12TXS] EXPLORE PANTS DAMA (XS, Azul Marino - 5102);EXPLORE PANTS;DAMA;XS;Azul Marino;1,00;Cerro Verde ;agosto-2025
31/08/2025;PANNTDA43TS;[PANNTDA43TS] EXPLORE PANTS DAMA (S, Negro - 10);EXPLORE PANTS;DAMA;S;Negro;1,00;Sambil Valencia;agosto-2025
31/08/2025;PANNTDA30TXS;[PANNTDA30TXS] EXPLORE PANTS DAMA (XS, Gris Claro - 9734);EXPLORE PANTS;DAMA;XS;Gris Claro;1,00;Cerro Verde ;agosto-2025
31/08/2025;PANNTDA43TM;[PANNTDA43TM] EXPLORE PANTS DAMA (M, Negro - 10);EXPLORE PANTS;DAMA;M;Negro;1,00;Sambil Valencia;agosto-2025
31/08/2025;PANNTDA30TXS;[PANNTDA30TXS] EXPLORE PANTS DAMA (XS, Gris Claro - 9734);EXPLORE PANTS;DAMA;XS;Gris Claro;1,00;Sambil Valencia;agosto-2025
31/08/2025;PANNTDA43TXS;[PANNTDA43TXS] EXPLORE PANTS DAMA (XS, Negro - 10);EXPLORE PANTS;DAMA;XS;Negro;2,00;Sambil Valencia;agosto-2025
31/08/2025;PANNTCA12TL;[PANNTCA12TL] EXPLORE PANTS CAB (L, Azul Marino - 5102);EXPLORE PANTS;CAB;L;Azul Marino;1,00;Sambil Valencia;agosto-2025
31/08/2025;PANNTCA12TM;[PANNTCA12TM] EXPLORE PANTS CAB (M, Azul Marino - 5102);EXPLORE PANTS;CAB;M;Azul Marino;1,00;Sambil Valencia;agosto-2025
31/08/2025;PANNTCA66TL;[PANNTCA66TL] EXPLORE PANTS CAB (L, Verde Militar - 60620);EXPLORE PANTS;CAB;L;Verde Militar;1,00;Sambil Valencia;agosto-2025
01/09/2025;PANNTDA12TM;[PANNTDA12TM] EXPLORE PANTS DAMA (M, Azul Marino - 5102);EXPLORE PANTS;DAMA;M;Azul Marino;-1,00;Grandplaz ;septiembre-2025
01/09/2025;PANNTDA12TL;[PANNTDA12TL] EXPLORE PANTS DAMA (L, Azul Marino - 5102);EXPLORE PANTS;DAMA;L;Azul Marino;1,00;Grandplaz ;septiembre-2025
01/09/2025;PANNTDA66TXL;[PANNTDA66TXL] EXPLORE PANTS DAMA (XL, Verde Militar - 60620);EXPLORE PANTS;DAMA;XL;Verde Militar;1,00;Sambil Valencia;septiembre-2025
01/09/2025;PANNTKI30T4;[PANNTKI30T4] EXPLORE PANTS KIDS (4, Gris Claro - 9734);EXPLORE PANTS;KIDS;4;Gris Claro;1,00;Sambil Chacao ;septiembre-2025
01/09/2025;PANNTDA30TXL;[PANNTDA30TXL] EXPLORE PANTS DAMA (XL, Gris Claro - 9734);EXPLORE PANTS;DAMA;XL;Gris Claro;1,00;Cerro Verde ;septiembre-2025
01/09/2025;PANNTKI12T4;[PANNTKI12T4] EXPLORE PANTS KIDS (4, Azul Marino - 5102);EXPLORE PANTS;KIDS;4;Azul Marino;1,00;Sambil Valencia;septiembre-2025
01/09/2025;PANNTDA43TM;[PANNTDA43TM] EXPLORE PANTS DAMA (M, Negro - 10);EXPLORE PANTS;DAMA;M;Negro;1,00;Sambil Chacao ;septiembre-2025
02/09/2025;PANNTDA66TM;[PANNTDA66TM] EXPLORE PANTS DAMA (M, Verde Militar - 60620);EXPLORE PANTS;DAMA;M;Verde Militar;1,00;Cerro Verde ;septiembre-2025
02/09/2025;PANNTCA66TL;[PANNTCA66TL] EXPLORE PANTS CAB (L, Verde Militar - 60620);EXPLORE PANTS;CAB;L;Verde Militar;1,00;La Grieta;septiembre-2025
02/09/2025;PANNTDA12TL;[PANNTDA12TL] EXPLORE PANTS DAMA (L, Azul Marino - 5102);EXPLORE PANTS;DAMA;L;Azul Marino;1,00;Sambil Chacao ;septiembre-2025
02/09/2025;PANNTDA66TM;[PANNTDA66TM] EXPLORE PANTS DAMA (M, Verde Militar - 60620);EXPLORE PANTS;DAMA;M;Verde Militar;1,00;Sambil Chacao ;septiembre-2025
02/09/2025;PANNTDA66TXL;[PANNTDA66TXL] EXPLORE PANTS DAMA (XL, Verde Militar - 60620);EXPLORE PANTS;DAMA;XL;Verde Militar;1,00;Sambil Valencia;septiembre-2025
02/09/2025;PANNTDA30TS;[PANNTDA30TS] EXPLORE PANTS DAMA (S, Gris Claro - 9734);EXPLORE PANTS;DAMA;S;Gris Claro;1,00;Cerro Verde ;septiembre-2025
02/09/2025;PANNTKI30T2;[PANNTKI30T2] EXPLORE PANTS KIDS (2, Gris Claro - 9734);EXPLORE PANTS;KIDS;2;Gris Claro;1,00;Cerro Verde ;septiembre-2025
03/09/2025;PANNTDA66TM;[PANNTDA66TM] EXPLORE PANTS DAMA (M, Verde Militar - 60620);EXPLORE PANTS;DAMA;M;Verde Militar;1,00;Sambil Valencia;septiembre-2025
03/09/2025;PANNTCA66TXL;[PANNTCA66TXL] EXPLORE PANTS CAB (XL, Verde Militar - 60620);EXPLORE PANTS;CAB;XL;Verde Militar;1,00;Sambil Valencia;septiembre-2025
03/09/2025;PANNTCA30TL;[PANNTCA30TL] EXPLORE PANTS CAB (L, Gris Claro - 9734);EXPLORE PANTS;CAB;L;Gris Claro;1,00;Sambil Valencia;septiembre-2025
03/09/2025;PANNTCA12TXL;[PANNTCA12TXL] EXPLORE PANTS CAB (XL, Azul Marino - 5102);EXPLORE PANTS;CAB;XL;Azul Marino;1,00;Sambil Valencia;septiembre-2025
03/09/2025;PANNTDA66TM;[PANNTDA66TM] EXPLORE PANTS DAMA (M, Verde Militar - 60620);EXPLORE PANTS;DAMA;M;Verde Militar;1,00;Sambil Valencia;septiembre-2025
03/09/2025;PANNTKI30T4;[PANNTKI30T4] EXPLORE PANTS KIDS (4, Gris Claro - 9734);EXPLORE PANTS;KIDS;4;Gris Claro;1,00;Sambil Chacao ;septiembre-2025
03/09/2025;PANNTKI43T8;[PANNTKI43T8] EXPLORE PANTS KIDS (8, Negro - 10);EXPLORE PANTS;KIDS;8;Negro;1,00;Sambil Chacao ;septiembre-2025
03/09/2025;PANNTDA12TXS;[PANNTDA12TXS] EXPLORE PANTS DAMA (XS, Azul Marino - 5102);EXPLORE PANTS;DAMA;XS;Azul Marino;1,00;Sambil Valencia;septiembre-2025
03/09/2025;PANNTDA12TL;[PANNTDA12TL] EXPLORE PANTS DAMA (L, Azul Marino - 5102);EXPLORE PANTS;DAMA;L;Azul Marino;1,00;Sambil Valencia;septiembre-2025
03/09/2025;PANNTDA43TM;[PANNTDA43TM] EXPLORE PANTS DAMA (M, Negro - 10);EXPLORE PANTS;DAMA;M;Negro;1,00;Sambil Valencia;septiembre-2025
04/09/2025;PANNTDA43TS;[PANNTDA43TS] EXPLORE PANTS DAMA (S, Negro - 10);EXPLORE PANTS;DAMA;S;Negro;1,00;La Grieta;septiembre-2025
04/09/2025;PANNTCA66TM;[PANNTCA66TM] EXPLORE PANTS CAB (M, Verde Militar - 60620);EXPLORE PANTS;CAB;M;Verde Militar;1,00;La Grieta;septiembre-2025
04/09/2025;PANNTCA30TM;[PANNTCA30TM] EXPLORE PANTS CAB (M, Gris Claro - 9734);EXPLORE PANTS;CAB;M;Gris Claro;1,00;La Grieta;septiembre-2025
04/09/2025;PANNTDA43TXS;[PANNTDA43TXS] EXPLORE PANTS DAMA (XS, Negro - 10);EXPLORE PANTS;DAMA;XS;Negro;1,00;La Grieta;septiembre-2025
04/09/2025;PANNTCA30TS;[PANNTCA30TS] EXPLORE PANTS CAB (S, Gris Claro - 9734);EXPLORE PANTS;CAB;S;Gris Claro;1,00;La Grieta;septiembre-2025
04/09/2025;PANNTCA66TM;[PANNTCA66TM] EXPLORE PANTS CAB (M, Verde Militar - 60620);EXPLORE PANTS;CAB;M;Verde Militar;-1,00;La Grieta;septiembre-2025
04/09/2025;PANNTCA30TM;[PANNTCA30TM] EXPLORE PANTS CAB (M, Gris Claro - 9734);EXPLORE PANTS;CAB;M;Gris Claro;-1,00;La Grieta;septiembre-2025
04/09/2025;PANNTDA66TM;[PANNTDA66TM] EXPLORE PANTS DAMA (M, Verde Militar - 60620);EXPLORE PANTS;DAMA;M;Verde Militar;1,00;La Grieta;septiembre-2025
04/09/2025;PANNTDA12TM;[PANNTDA12TM] EXPLORE PANTS DAMA (M, Azul Marino - 5102);EXPLORE PANTS;DAMA;M;Azul Marino;1,00;La Grieta;septiembre-2025
04/09/2025;PANNTDA12TM;[PANNTDA12TM] EXPLORE PANTS DAMA (M, Azul Marino - 5102);EXPLORE PANTS;DAMA;M;Azul Marino;-1,00;Sambil Chacao ;septiembre-2025
04/09/2025;PANNTCA66TM;[PANNTCA66TM] EXPLORE PANTS CAB (M, Verde Militar - 60620);EXPLORE PANTS;CAB;M;Verde Militar;1,00;Sambil Chacao ;septiembre-2025
04/09/2025;PANNTCA12TM;[PANNTCA12TM] EXPLORE PANTS CAB (M, Azul Marino - 5102);EXPLORE PANTS;CAB;M;Azul Marino;1,00;Sambil Chacao ;septiembre-2025
04/09/2025;PANNTCA12TM;[PANNTCA12TM] EXPLORE PANTS CAB (M, Azul Marino - 5102);EXPLORE PANTS;CAB;M;Azul Marino;1,00;Sambil Valencia;septiembre-2025
04/09/2025;PANNTDA12TM;[PANNTDA12TM] EXPLORE PANTS DAMA (M, Azul Marino - 5102);EXPLORE PANTS;DAMA;M;Azul Marino;1,00;Sambil Chacao ;septiembre-2025
04/09/2025;PANNTDA30TS;[PANNTDA30TS] EXPLORE PANTS DAMA (S, Gris Claro - 9734);EXPLORE PANTS;DAMA;S;Gris Claro;1,00;Sambil Chacao ;septiembre-2025
05/09/2025;PANNTDA66TS;[PANNTDA66TS] EXPLORE PANTS DAMA (S, Verde Militar - 60620);EXPLORE PANTS;DAMA;S;Verde Militar;1,00;La Grieta;septiembre-2025
05/09/2025;PANNTDA66TM;[PANNTDA66TM] EXPLORE PANTS DAMA (M, Verde Militar - 60620);EXPLORE PANTS;DAMA;M;Verde Militar;1,00;Sambil Chacao ;septiembre-2025
06/09/2025;PANNTKI30T10;[PANNTKI30T10] EXPLORE PANTS KIDS (10, Gris Claro - 9734);EXPLORE PANTS;KIDS;10;Gris Claro;1,00;Sambil Chacao ;septiembre-2025
06/09/2025;PANNTDA12TS;[PANNTDA12TS] EXPLORE PANTS DAMA (S, Azul Marino - 5102);EXPLORE PANTS;DAMA;S;Azul Marino;1,00;Sambil Valencia;septiembre-2025
06/09/2025;PANNTDA66TS;[PANNTDA66TS] EXPLORE PANTS DAMA (S, Verde Militar - 60620);EXPLORE PANTS;DAMA;S;Verde Militar;-1,00;La Grieta;septiembre-2025
06/09/2025;PANNTDA43TM;[PANNTDA43TM] EXPLORE PANTS DAMA (M, Negro - 10);EXPLORE PANTS;DAMA;M;Negro;1,00;Sambil Chacao ;septiembre-2025
06/09/2025;PANNTDA12TM;[PANNTDA12TM] EXPLORE PANTS DAMA (M, Azul Marino - 5102);EXPLORE PANTS;DAMA;M;Azul Marino;1,00;La Grieta;septiembre-2025
06/09/2025;PANNTDA66TXS;[PANNTDA66TXS] EXPLORE PANTS DAMA (XS, Verde Militar - 60620);EXPLORE PANTS;DAMA;XS;Verde Militar;1,00;Sambil Chacao ;septiembre-2025
06/09/2025;PANNTCA12TL;[PANNTCA12TL] EXPLORE PANTS CAB (L, Azul Marino - 5102);EXPLORE PANTS;CAB;L;Azul Marino;1,00;La Grieta;septiembre-2025
06/09/2025;PANNTDA12TM;[PANNTDA12TM] EXPLORE PANTS DAMA (M, Azul Marino - 5102);EXPLORE PANTS;DAMA;M;Azul Marino;1,00;La Grieta;septiembre-2025
06/09/2025;PANNTKI66T10;[PANNTKI66T10] EXPLORE PANTS KIDS (10, Verde Militar - 60620);EXPLORE PANTS;KIDS;10;Verde Militar;1,00;Sambil Chacao ;septiembre-2025
06/09/2025;PANNTDA43TS;[PANNTDA43TS] EXPLORE PANTS DAMA (S, Negro - 10);EXPLORE PANTS;DAMA;S;Negro;1,00;Sambil Chacao ;septiembre-2025
06/09/2025;PANNTDA30TS;[PANNTDA30TS] EXPLORE PANTS DAMA (S, Gris Claro - 9734);EXPLORE PANTS;DAMA;S;Gris Claro;1,00;Sambil Chacao ;septiembre-2025
06/09/2025;PANNTDA43TXL;[PANNTDA43TXL] EXPLORE PANTS DAMA (XL, Negro - 10);EXPLORE PANTS;DAMA;XL;Negro;1,00;Sambil Valencia;septiembre-2025
06/09/2025;PANNTDA12TXL;[PANNTDA12TXL] EXPLORE PANTS DAMA (XL, Azul Marino - 5102);EXPLORE PANTS;DAMA;XL;Azul Marino;1,00;Sambil Valencia;septiembre-2025
06/09/2025;PANNTCA12TM;[PANNTCA12TM] EXPLORE PANTS CAB (M, Azul Marino - 5102);EXPLORE PANTS;CAB;M;Azul Marino;-1,00;Sambil Valencia;septiembre-2025
06/09/2025;PANNTDA43TXL;[PANNTDA43TXL] EXPLORE PANTS DAMA (XL, Negro - 10);EXPLORE PANTS;DAMA;XL;Negro;1,00;Sambil Valencia;septiembre-2025
06/09/2025;PANNTDA66TM;[PANNTDA66TM] EXPLORE PANTS DAMA (M, Verde Militar - 60620);EXPLORE PANTS;DAMA;M;Verde Militar;0,00;Sambil Chacao ;septiembre-2025
06/09/2025;PANNTCA12TL;[PANNTCA12TL] EXPLORE PANTS CAB (L, Azul Marino - 5102);EXPLORE PANTS;CAB;L;Azul Marino;1,00;Sambil Valencia;septiembre-2025
06/09/2025;PANNTDA12TS;[PANNTDA12TS] EXPLORE PANTS DAMA (S, Azul Marino - 5102);EXPLORE PANTS;DAMA;S;Azul Marino;1,00;Sambil Valencia;septiembre-2025
07/09/2025;PANNTCA12TXL;[PANNTCA12TXL] EXPLORE PANTS CAB (XL, Azul Marino - 5102);EXPLORE PANTS;CAB;XL;Azul Marino;1,00;Sambil Valencia;septiembre-2025
07/09/2025;PANNTDA66TXL;[PANNTDA66TXL] EXPLORE PANTS DAMA (XL, Verde Militar - 60620);EXPLORE PANTS;DAMA;XL;Verde Militar;1,00;La Grieta;septiembre-2025
07/09/2025;PANNTDA43TS;[PANNTDA43TS] EXPLORE PANTS DAMA (S, Negro - 10);EXPLORE PANTS;DAMA;S;Negro;1,00;Sambil Chacao ;septiembre-2025
07/09/2025;PANNTDA43TXL;[PANNTDA43TXL] EXPLORE PANTS DAMA (XL, Negro - 10);EXPLORE PANTS;DAMA;XL;Negro;1,00;Sambil Chacao ;septiembre-2025
08/09/2025;PANNTDA12TM;[PANNTDA12TM] EXPLORE PANTS DAMA (M, Azul Marino - 5102);EXPLORE PANTS;DAMA;M;Azul Marino;1,00;La Grieta;septiembre-2025
08/09/2025;PANNTKI66T10;[PANNTKI66T10] EXPLORE PANTS KIDS (10, Verde Militar - 60620);EXPLORE PANTS;KIDS;10;Verde Militar;1,00;Sambil Chacao ;septiembre-2025
08/09/2025;PANNTDA66TM;[PANNTDA66TM] EXPLORE PANTS DAMA (M, Verde Militar - 60620);EXPLORE PANTS;DAMA;M;Verde Militar;1,00;Sambil Chacao ;septiembre-2025
08/09/2025;PANNTKI30T10;[PANNTKI30T10] EXPLORE PANTS KIDS (10, Gris Claro - 9734);EXPLORE PANTS;KIDS;10;Gris Claro;1,00;Sambil Chacao ;septiembre-2025
08/09/2025;PANNTKI12T10;[PANNTKI12T10] EXPLORE PANTS KIDS (10, Azul Marino - 5102);EXPLORE PANTS;KIDS;10;Azul Marino;1,00;Sambil Chacao ;septiembre-2025
08/09/2025;PANNTCA66TL;[PANNTCA66TL] EXPLORE PANTS CAB (L, Verde Militar - 60620);EXPLORE PANTS;CAB;L;Verde Militar;1,00;Sambil Chacao ;septiembre-2025
08/09/2025;PANNTCA12TL;[PANNTCA12TL] EXPLORE PANTS CAB (L, Azul Marino - 5102);EXPLORE PANTS;CAB;L;Azul Marino;1,00;Sambil Chacao ;septiembre-2025
08/09/2025;PANNTCA12TM;[PANNTCA12TM] EXPLORE PANTS CAB (M, Azul Marino - 5102);EXPLORE PANTS;CAB;M;Azul Marino;1,00;Sambil Chacao ;septiembre-2025
08/09/2025;PANNTCA66TM;[PANNTCA66TM] EXPLORE PANTS CAB (M, Verde Militar - 60620);EXPLORE PANTS;CAB;M;Verde Militar;1,00;Sambil Chacao ;septiembre-2025
08/09/2025;PANNTKI43T10;[PANNTKI43T10] EXPLORE PANTS KIDS (10, Negro - 10);EXPLORE PANTS;KIDS;10;Negro;1,00;Sambil Chacao ;septiembre-2025
09/09/2025;PANNTCA66TL;[PANNTCA66TL] EXPLORE PANTS CAB (L, Verde Militar - 60620);EXPLORE PANTS;CAB;L;Verde Militar;1,00;La Grieta;septiembre-2025
09/09/2025;PANNTDA66TM;[PANNTDA66TM] EXPLORE PANTS DAMA (M, Verde Militar - 60620);EXPLORE PANTS;DAMA;M;Verde Militar;1,00;Sambil Valencia;septiembre-2025
09/09/2025;PANNTCA12TXL;[PANNTCA12TXL] EXPLORE PANTS CAB (XL, Azul Marino - 5102);EXPLORE PANTS;CAB;XL;Azul Marino;1,00;Grandplaz ;septiembre-2025
09/09/2025;PANNTKI43T10;[PANNTKI43T10] EXPLORE PANTS KIDS (10, Negro - 10);EXPLORE PANTS;KIDS;10;Negro;1,00;La Grieta;septiembre-2025
09/09/2025;PANNTDA43TS;[PANNTDA43TS] EXPLORE PANTS DAMA (S, Negro - 10);EXPLORE PANTS;DAMA;S;Negro;1,00;La Grieta;septiembre-2025
09/09/2025;PANNTCA12TM;[PANNTCA12TM] EXPLORE PANTS CAB (M, Azul Marino - 5102);EXPLORE PANTS;CAB;M;Azul Marino;1,00;Sambil Chacao ;septiembre-2025
10/09/2025;PANNTKI12T8;[PANNTKI12T8] EXPLORE PANTS KIDS (8, Azul Marino - 5102);EXPLORE PANTS;KIDS;8;Azul Marino;1,00;Sambil Valencia;septiembre-2025
10/09/2025;PANNTKI12T10;[PANNTKI12T10] EXPLORE PANTS KIDS (10, Azul Marino - 5102);EXPLORE PANTS;KIDS;10;Azul Marino;1,00;Grandplaz ;septiembre-2025
10/09/2025;PANNTKI12T4;[PANNTKI12T4] EXPLORE PANTS KIDS (4, Azul Marino - 5102);EXPLORE PANTS;KIDS;4;Azul Marino;1,00;Grandplaz ;septiembre-2025
10/09/2025;PANNTDA12TM;[PANNTDA12TM] EXPLORE PANTS DAMA (M, Azul Marino - 5102);EXPLORE PANTS;DAMA;M;Azul Marino;1,00;Grandplaz ;septiembre-2025
10/09/2025;PANNTKI12T8;[PANNTKI12T8] EXPLORE PANTS KIDS (8, Azul Marino - 5102);EXPLORE PANTS;KIDS;8;Azul Marino;-1,00;Sambil Valencia;septiembre-2025
10/09/2025;PANNTKI12T10;[PANNTKI12T10] EXPLORE PANTS KIDS (10, Azul Marino - 5102);EXPLORE PANTS;KIDS;10;Azul Marino;1,00;Sambil Valencia;septiembre-2025
11/09/2025;PANNTCA66TXL;[PANNTCA66TXL] EXPLORE PANTS CAB (XL, Verde Militar - 60620);EXPLORE PANTS;CAB;XL;Verde Militar;1,00;La Grieta;septiembre-2025
11/09/2025;PANNTDA66TM;[PANNTDA66TM] EXPLORE PANTS DAMA (M, Verde Militar - 60620);EXPLORE PANTS;DAMA;M;Verde Militar;1,00;Sambil Valencia;septiembre-2025
11/09/2025;PANNTDA43TXS;[PANNTDA43TXS] EXPLORE PANTS DAMA (XS, Negro - 10);EXPLORE PANTS;DAMA;XS;Negro;-1,00;La Grieta;septiembre-2025
11/09/2025;PANNTCA12TXL;[PANNTCA12TXL] EXPLORE PANTS CAB (XL, Azul Marino - 5102);EXPLORE PANTS;CAB;XL;Azul Marino;1,00;La Grieta;septiembre-2025
11/09/2025;PANNTDA12TM;[PANNTDA12TM] EXPLORE PANTS DAMA (M, Azul Marino - 5102);EXPLORE PANTS;DAMA;M;Azul Marino;1,00;Sambil Chacao ;septiembre-2025
12/09/2025;PANNTDA66TM;[PANNTDA66TM] EXPLORE PANTS DAMA (M, Verde Militar - 60620);EXPLORE PANTS;DAMA;M;Verde Militar;1,00;Sambil Chacao ;septiembre-2025
12/09/2025;PANNTCA66TXL;[PANNTCA66TXL] EXPLORE PANTS CAB (XL, Verde Militar - 60620);EXPLORE PANTS;CAB;XL;Verde Militar;1,00;La Grieta;septiembre-2025
12/09/2025;PANNTDA12TM;[PANNTDA12TM] EXPLORE PANTS DAMA (M, Azul Marino - 5102);EXPLORE PANTS;DAMA;M;Azul Marino;1,00;La Grieta;septiembre-2025
12/09/2025;PANNTDA12TS;[PANNTDA12TS] EXPLORE PANTS DAMA (S, Azul Marino - 5102);EXPLORE PANTS;DAMA;S;Azul Marino;1,00;La Grieta;septiembre-2025
12/09/2025;PANNTCA30TM;[PANNTCA30TM] EXPLORE PANTS CAB (M, Gris Claro - 9734);EXPLORE PANTS;CAB;M;Gris Claro;1,00;La Grieta;septiembre-2025
12/09/2025;PANNTDA12TM;[PANNTDA12TM] EXPLORE PANTS DAMA (M, Azul Marino - 5102);EXPLORE PANTS;DAMA;M;Azul Marino;1,00;La Grieta;septiembre-2025
12/09/2025;PANNTCA30TM;[PANNTCA30TM] EXPLORE PANTS CAB (M, Gris Claro - 9734);EXPLORE PANTS;CAB;M;Gris Claro;1,00;La Grieta;septiembre-2025
12/09/2025;PANNTCA12TS;[PANNTCA12TS] EXPLORE PANTS CAB (S, Azul Marino - 5102);EXPLORE PANTS;CAB;S;Azul Marino;1,00;Sambil Valencia;septiembre-2025
13/09/2025;PANNTDA12TS;[PANNTDA12TS] EXPLORE PANTS DAMA (S, Azul Marino - 5102);EXPLORE PANTS;DAMA;S;Azul Marino;1,00;Sambil Valencia;septiembre-2025
13/09/2025;PANNTDA66TS;[PANNTDA66TS] EXPLORE PANTS DAMA (S, Verde Militar - 60620);EXPLORE PANTS;DAMA;S;Verde Militar;1,00;Sambil Valencia;septiembre-2025
13/09/2025;PANNTCA12TXL;[PANNTCA12TXL] EXPLORE PANTS CAB (XL, Azul Marino - 5102);EXPLORE PANTS;CAB;XL;Azul Marino;1,00;La Grieta;septiembre-2025
13/09/2025;PANNTDA43TS;[PANNTDA43TS] EXPLORE PANTS DAMA (S, Negro - 10);EXPLORE PANTS;DAMA;S;Negro;1,00;Sambil Chacao ;septiembre-2025
13/09/2025;PANNTDA66TS;[PANNTDA66TS] EXPLORE PANTS DAMA (S, Verde Militar - 60620);EXPLORE PANTS;DAMA;S;Verde Militar;1,00;Sambil Chacao ;septiembre-2025
13/09/2025;PANNTCA12TXL;[PANNTCA12TXL] EXPLORE PANTS CAB (XL, Azul Marino - 5102);EXPLORE PANTS;CAB;XL;Azul Marino;1,00;Sambil Valencia;septiembre-2025
13/09/2025;PANNTCA66TXL;[PANNTCA66TXL] EXPLORE PANTS CAB (XL, Verde Militar - 60620);EXPLORE PANTS;CAB;XL;Verde Militar;1,00;Sambil Valencia;septiembre-2025
13/09/2025;PANNTDA12TXL;[PANNTDA12TXL] EXPLORE PANTS DAMA (XL, Azul Marino - 5102);EXPLORE PANTS;DAMA;XL;Azul Marino;1,00;Sambil Chacao ;septiembre-2025
13/09/2025;PANNTDA43TXL;[PANNTDA43TXL] EXPLORE PANTS DAMA (XL, Negro - 10);EXPLORE PANTS;DAMA;XL;Negro;1,00;Sambil Chacao ;septiembre-2025
13/09/2025;PANNTCA12TL;[PANNTCA12TL] EXPLORE PANTS CAB (L, Azul Marino - 5102);EXPLORE PANTS;CAB;L;Azul Marino;1,00;Sambil Chacao ;septiembre-2025
13/09/2025;PANNTCA66TL;[PANNTCA66TL] EXPLORE PANTS CAB (L, Verde Militar - 60620);EXPLORE PANTS;CAB;L;Verde Militar;1,00;Sambil Chacao ;septiembre-2025
13/09/2025;PANNTDA12TXL;[PANNTDA12TXL] EXPLORE PANTS DAMA (XL, Azul Marino - 5102);EXPLORE PANTS;DAMA;XL;Azul Marino;1,00;Sambil Valencia;septiembre-2025
13/09/2025;PANNTDA43TXS;[PANNTDA43TXS] EXPLORE PANTS DAMA (XS, Negro - 10);EXPLORE PANTS;DAMA;XS;Negro;1,00;Sambil Chacao ;septiembre-2025
13/09/2025;PANNTCA66TM;[PANNTCA66TM] EXPLORE PANTS CAB (M, Verde Militar - 60620);EXPLORE PANTS;CAB;M;Verde Militar;1,00;La Grieta;septiembre-2025
13/09/2025;PANNTDA43TS;[PANNTDA43TS] EXPLORE PANTS DAMA (S, Negro - 10);EXPLORE PANTS;DAMA;S;Negro;1,00;Cerro Verde ;septiembre-2025
14/09/2025;PANNTKI43T4;[PANNTKI43T4] EXPLORE PANTS KIDS (4, Negro - 10);EXPLORE PANTS;KIDS;4;Negro;1,00;La Grieta;septiembre-2025
14/09/2025;PANNTCA12TM;[PANNTCA12TM] EXPLORE PANTS CAB (M, Azul Marino - 5102);EXPLORE PANTS;CAB;M;Azul Marino;1,00;Sambil Valencia;septiembre-2025
14/09/2025;PANNTKI12T12;[PANNTKI12T12] EXPLORE PANTS KIDS (12, Azul Marino - 5102);EXPLORE PANTS;KIDS;12;Azul Marino;1,00;Sambil Valencia;septiembre-2025
15/09/2025;PANNTDA12TS;[PANNTDA12TS] EXPLORE PANTS DAMA (S, Azul Marino - 5102);EXPLORE PANTS;DAMA;S;Azul Marino;-1,00;Sambil Valencia;septiembre-2025
15/09/2025;PANNTCA66TL;[PANNTCA66TL] EXPLORE PANTS CAB (L, Verde Militar - 60620);EXPLORE PANTS;CAB;L;Verde Militar;1,00;La Grieta;septiembre-2025
15/09/2025;PANNTDA43TS;[PANNTDA43TS] EXPLORE PANTS DAMA (S, Negro - 10);EXPLORE PANTS;DAMA;S;Negro;1,00;La Grieta;septiembre-2025
16/09/2025;PANNTDA12TM;[PANNTDA12TM] EXPLORE PANTS DAMA (M, Azul Marino - 5102);EXPLORE PANTS;DAMA;M;Azul Marino;1,00;La Grieta;septiembre-2025
16/09/2025;PANNTCA12TXL;[PANNTCA12TXL] EXPLORE PANTS CAB (XL, Azul Marino - 5102);EXPLORE PANTS;CAB;XL;Azul Marino;1,00;La Grieta;septiembre-2025
16/09/2025;PANNTCA12TS;[PANNTCA12TS] EXPLORE PANTS CAB (S, Azul Marino - 5102);EXPLORE PANTS;CAB;S;Azul Marino;1,00;La Grieta;septiembre-2025
16/09/2025;PANNTCA66TL;[PANNTCA66TL] EXPLORE PANTS CAB (L, Verde Militar - 60620);EXPLORE PANTS;CAB;L;Verde Militar;1,00;WEB;septiembre-2025
17/09/2025;PANNTCA66TL;[PANNTCA66TL] EXPLORE PANTS CAB (L, Verde Militar - 60620);EXPLORE PANTS;CAB;L;Verde Militar;1,00;Sambil Chacao ;septiembre-2025
17/09/2025;PANNTCA30TM;[PANNTCA30TM] EXPLORE PANTS CAB (M, Gris Claro - 9734);EXPLORE PANTS;CAB;M;Gris Claro;1,00;La Grieta;septiembre-2025
17/09/2025;PANNTCA12TM;[PANNTCA12TM] EXPLORE PANTS CAB (M, Azul Marino - 5102);EXPLORE PANTS;CAB;M;Azul Marino;1,00;Sambil Valencia;septiembre-2025
17/09/2025;PANNTDA43TS;[PANNTDA43TS] EXPLORE PANTS DAMA (S, Negro - 10);EXPLORE PANTS;DAMA;S;Negro;1,00;Sambil Chacao ;septiembre-2025
17/09/2025;PANNTKI12T8;[PANNTKI12T8] EXPLORE PANTS KIDS (8, Azul Marino - 5102);EXPLORE PANTS;KIDS;8;Azul Marino;1,00;Sambil Valencia;septiembre-2025
18/09/2025;PANNTDA43TXS;[PANNTDA43TXS] EXPLORE PANTS DAMA (XS, Negro - 10);EXPLORE PANTS;DAMA;XS;Negro;1,00;Sambil Chacao ;septiembre-2025
18/09/2025;PANNTCA66TM;[PANNTCA66TM] EXPLORE PANTS CAB (M, Verde Militar - 60620);EXPLORE PANTS;CAB;M;Verde Militar;1,00;Sambil Chacao ;septiembre-2025
18/09/2025;PANNTDA12TS;[PANNTDA12TS] EXPLORE PANTS DAMA (S, Azul Marino - 5102);EXPLORE PANTS;DAMA;S;Azul Marino;1,00;Sambil Valencia;septiembre-2025
18/09/2025;PANNTKI12T2;[PANNTKI12T2] EXPLORE PANTS KIDS (2, Azul Marino - 5102);EXPLORE PANTS;KIDS;2;Azul Marino;1,00;Cerro Verde ;septiembre-2025
18/09/2025;PANNTDA66TXL;[PANNTDA66TXL] EXPLORE PANTS DAMA (XL, Verde Militar - 60620);EXPLORE PANTS;DAMA;XL;Verde Militar;1,00;Grandplaz ;septiembre-2025
19/09/2025;PANNTDA66TS;[PANNTDA66TS] EXPLORE PANTS DAMA (S, Verde Militar - 60620);EXPLORE PANTS;DAMA;S;Verde Militar;1,00;Sambil Chacao ;septiembre-2025
19/09/2025;PANNTDA12TS;[PANNTDA12TS] EXPLORE PANTS DAMA (S, Azul Marino - 5102);EXPLORE PANTS;DAMA;S;Azul Marino;1,00;La Grieta;septiembre-2025
19/09/2025;PANNTCA12TL;[PANNTCA12TL] EXPLORE PANTS CAB (L, Azul Marino - 5102);EXPLORE PANTS;CAB;L;Azul Marino;1,00;Sambil Chacao ;septiembre-2025
19/09/2025;PANNTDA12TS;[PANNTDA12TS] EXPLORE PANTS DAMA (S, Azul Marino - 5102);EXPLORE PANTS;DAMA;S;Azul Marino;1,00;La Grieta;septiembre-2025
19/09/2025;PANNTCA66TM;[PANNTCA66TM] EXPLORE PANTS CAB (M, Verde Militar - 60620);EXPLORE PANTS;CAB;M;Verde Militar;1,00;Cerro Verde ;septiembre-2025
19/09/2025;PANNTKI12T2;[PANNTKI12T2] EXPLORE PANTS KIDS (2, Azul Marino - 5102);EXPLORE PANTS;KIDS;2;Azul Marino;-1,00;Cerro Verde ;septiembre-2025
19/09/2025;PANNTCA12TL;[PANNTCA12TL] EXPLORE PANTS CAB (L, Azul Marino - 5102);EXPLORE PANTS;CAB;L;Azul Marino;1,00;La Grieta;septiembre-2025
19/09/2025;PANNTCA66TM;[PANNTCA66TM] EXPLORE PANTS CAB (M, Verde Militar - 60620);EXPLORE PANTS;CAB;M;Verde Militar;1,00;La Grieta;septiembre-2025
19/09/2025;PANNTCA30TL;[PANNTCA30TL] EXPLORE PANTS CAB (L, Gris Claro - 9734);EXPLORE PANTS;CAB;L;Gris Claro;1,00;La Grieta;septiembre-2025
19/09/2025;PANNTKI66T8;[PANNTKI66T8] EXPLORE PANTS KIDS (8, Verde Militar - 60620);EXPLORE PANTS;KIDS;8;Verde Militar;1,00;Sambil Valencia;septiembre-2025
19/09/2025;PANNTKI66T2;[PANNTKI66T2] EXPLORE PANTS KIDS (2, Verde Militar - 60620);EXPLORE PANTS;KIDS;2;Verde Militar;1,00;Cerro Verde ;septiembre-2025
19/09/2025;PANNTDA66TS;[PANNTDA66TS] EXPLORE PANTS DAMA (S, Verde Militar - 60620);EXPLORE PANTS;DAMA;S;Verde Militar;1,00;Cerro Verde ;septiembre-2025
19/09/2025;PANNTCA66TS;[PANNTCA66TS] EXPLORE PANTS CAB (S, Verde Militar - 60620);EXPLORE PANTS;CAB;S;Verde Militar;1,00;Cerro Verde ;septiembre-2025
19/09/2025;PANNTDA12TL;[PANNTDA12TL] EXPLORE PANTS DAMA (L, Azul Marino - 5102);EXPLORE PANTS;DAMA;L;Azul Marino;1,00;Sambil Chacao ;septiembre-2025
19/09/2025;PANNTCA66TL;[PANNTCA66TL] EXPLORE PANTS CAB (L, Verde Militar - 60620);EXPLORE PANTS;CAB;L;Verde Militar;1,00;Sambil Chacao ;septiembre-2025
20/09/2025;PANNTCA12TXL;[PANNTCA12TXL] EXPLORE PANTS CAB (XL, Azul Marino - 5102);EXPLORE PANTS;CAB;XL;Azul Marino;1,00;La Grieta;septiembre-2025
20/09/2025;PANNTCA66TM;[PANNTCA66TM] EXPLORE PANTS CAB (M, Verde Militar - 60620);EXPLORE PANTS;CAB;M;Verde Militar;1,00;Cerro Verde ;septiembre-2025
20/09/2025;PANNTDA66TM;[PANNTDA66TM] EXPLORE PANTS DAMA (M, Verde Militar - 60620);EXPLORE PANTS;DAMA;M;Verde Militar;1,00;Cerro Verde ;septiembre-2025
20/09/2025;PANNTCA66TM;[PANNTCA66TM] EXPLORE PANTS CAB (M, Verde Militar - 60620);EXPLORE PANTS;CAB;M;Verde Militar;1,00;Cerro Verde ;septiembre-2025
20/09/2025;PANNTDA12TXS;[PANNTDA12TXS] EXPLORE PANTS DAMA (XS, Azul Marino - 5102);EXPLORE PANTS;DAMA;XS;Azul Marino;1,00;Sambil Chacao ;septiembre-2025
20/09/2025;PANNTDA30TXS;[PANNTDA30TXS] EXPLORE PANTS DAMA (XS, Gris Claro - 9734);EXPLORE PANTS;DAMA;XS;Gris Claro;1,00;Sambil Chacao ;septiembre-2025
20/09/2025;PANNTDA43TS;[PANNTDA43TS] EXPLORE PANTS DAMA (S, Negro - 10);EXPLORE PANTS;DAMA;S;Negro;1,00;Sambil Chacao ;septiembre-2025
20/09/2025;PANNTDA66TS;[PANNTDA66TS] EXPLORE PANTS DAMA (S, Verde Militar - 60620);EXPLORE PANTS;DAMA;S;Verde Militar;1,00;Sambil Chacao ;septiembre-2025
20/09/2025;PANNTDA12TXS;[PANNTDA12TXS] EXPLORE PANTS DAMA (XS, Azul Marino - 5102);EXPLORE PANTS;DAMA;XS;Azul Marino;-1,00;Sambil Chacao ;septiembre-2025
20/09/2025;PANNTDA30TXS;[PANNTDA30TXS] EXPLORE PANTS DAMA (XS, Gris Claro - 9734);EXPLORE PANTS;DAMA;XS;Gris Claro;-1,00;Sambil Chacao ;septiembre-2025
20/09/2025;PANNTDA12TXS;[PANNTDA12TXS] EXPLORE PANTS DAMA (XS, Azul Marino - 5102);EXPLORE PANTS;DAMA;XS;Azul Marino;1,00;Sambil Chacao ;septiembre-2025
20/09/2025;PANNTDA30TXS;[PANNTDA30TXS] EXPLORE PANTS DAMA (XS, Gris Claro - 9734);EXPLORE PANTS;DAMA;XS;Gris Claro;1,00;Sambil Chacao ;septiembre-2025
20/09/2025;PANNTDA12TM;[PANNTDA12TM] EXPLORE PANTS DAMA (M, Azul Marino - 5102);EXPLORE PANTS;DAMA;M;Azul Marino;2,00;La Grieta;septiembre-2025
21/09/2025;PANNTKI43T10;[PANNTKI43T10] EXPLORE PANTS KIDS (10, Negro - 10);EXPLORE PANTS;KIDS;10;Negro;1,00;Cerro Verde ;septiembre-2025
21/09/2025;PANNTKI66T10;[PANNTKI66T10] EXPLORE PANTS KIDS (10, Verde Militar - 60620);EXPLORE PANTS;KIDS;10;Verde Militar;1,00;Cerro Verde ;septiembre-2025
21/09/2025;PANNTDA43TS;[PANNTDA43TS] EXPLORE PANTS DAMA (S, Negro - 10);EXPLORE PANTS;DAMA;S;Negro;1,00;Cerro Verde ;septiembre-2025
21/09/2025;PANNTDA43TS;[PANNTDA43TS] EXPLORE PANTS DAMA (S, Negro - 10);EXPLORE PANTS;DAMA;S;Negro;-1,00;Cerro Verde ;septiembre-2025
21/09/2025;PANNTKI43T10;[PANNTKI43T10] EXPLORE PANTS KIDS (10, Negro - 10);EXPLORE PANTS;KIDS;10;Negro;-1,00;Cerro Verde ;septiembre-2025
21/09/2025;PANNTKI66T10;[PANNTKI66T10] EXPLORE PANTS KIDS (10, Verde Militar - 60620);EXPLORE PANTS;KIDS;10;Verde Militar;-1,00;Cerro Verde ;septiembre-2025
21/09/2025;PANNTCA12TL;[PANNTCA12TL] EXPLORE PANTS CAB (L, Azul Marino - 5102);EXPLORE PANTS;CAB;L;Azul Marino;1,00;Sambil Chacao ;septiembre-2025
21/09/2025;PANNTCA66TL;[PANNTCA66TL] EXPLORE PANTS CAB (L, Verde Militar - 60620);EXPLORE PANTS;CAB;L;Verde Militar;1,00;Sambil Chacao ;septiembre-2025
21/09/2025;PANNTDA43TS;[PANNTDA43TS] EXPLORE PANTS DAMA (S, Negro - 10);EXPLORE PANTS;DAMA;S;Negro;1,00;Cerro Verde ;septiembre-2025
21/09/2025;PANNTKI66T10;[PANNTKI66T10] EXPLORE PANTS KIDS (10, Verde Militar - 60620);EXPLORE PANTS;KIDS;10;Verde Militar;1,00;Cerro Verde ;septiembre-2025
21/09/2025;PANNTKI43T10;[PANNTKI43T10] EXPLORE PANTS KIDS (10, Negro - 10);EXPLORE PANTS;KIDS;10;Negro;1,00;Cerro Verde ;septiembre-2025
21/09/2025;PANNTDA43TXL;[PANNTDA43TXL] EXPLORE PANTS DAMA (XL, Negro - 10);EXPLORE PANTS;DAMA;XL;Negro;1,00;Sambil Chacao ;septiembre-2025
21/09/2025;PANNTCA43TM;[PANNTCA43TM] EXPLORE PANTS CAB (M, Negro - 10);EXPLORE PANTS;CAB;M;Negro;1,00;Cerro Verde ;septiembre-2025
21/09/2025;PANNTCA12TL;[PANNTCA12TL] EXPLORE PANTS CAB (L, Azul Marino - 5102);EXPLORE PANTS;CAB;L;Azul Marino;1,00;Sambil Chacao ;septiembre-2025
22/09/2025;PANNTCA66TL;[PANNTCA66TL] EXPLORE PANTS CAB (L, Verde Militar - 60620);EXPLORE PANTS;CAB;L;Verde Militar;1,00;La Grieta;septiembre-2025
22/09/2025;PANNTCA12TS;[PANNTCA12TS] EXPLORE PANTS CAB (S, Azul Marino - 5102);EXPLORE PANTS;CAB;S;Azul Marino;1,00;La Grieta;septiembre-2025
22/09/2025;PANNTDA12TM;[PANNTDA12TM] EXPLORE PANTS DAMA (M, Azul Marino - 5102);EXPLORE PANTS;DAMA;M;Azul Marino;1,00;Cerro Verde ;septiembre-2025
22/09/2025;PANNTKI12T10;[PANNTKI12T10] EXPLORE PANTS KIDS (10, Azul Marino - 5102);EXPLORE PANTS;KIDS;10;Azul Marino;1,00;Cerro Verde ;septiembre-2025
22/09/2025;PANNTDA12TS;[PANNTDA12TS] EXPLORE PANTS DAMA (S, Azul Marino - 5102);EXPLORE PANTS;DAMA;S;Azul Marino;1,00;Cerro Verde ;septiembre-2025
23/09/2025;PANNTCA43TM;[PANNTCA43TM] EXPLORE PANTS CAB (M, Negro - 10);EXPLORE PANTS;CAB;M;Negro;1,00;Cerro Verde ;septiembre-2025
23/09/2025;PANNTCA12TM;[PANNTCA12TM] EXPLORE PANTS CAB (M, Azul Marino - 5102);EXPLORE PANTS;CAB;M;Azul Marino;1,00;Cerro Verde ;septiembre-2025
24/09/2025;PANNTCA66TM;[PANNTCA66TM] EXPLORE PANTS CAB (M, Verde Militar - 60620);EXPLORE PANTS;CAB;M;Verde Militar;1,00;Sambil Chacao ;septiembre-2025
24/09/2025;PANNTDA43TXS;[PANNTDA43TXS] EXPLORE PANTS DAMA (XS, Negro - 10);EXPLORE PANTS;DAMA;XS;Negro;1,00;Cerro Verde ;septiembre-2025
24/09/2025;PANNTCA66TXL;[PANNTCA66TXL] EXPLORE PANTS CAB (XL, Verde Militar - 60620);EXPLORE PANTS;CAB;XL;Verde Militar;1,00;Sambil Valencia;septiembre-2025
24/09/2025;PANNTDA12TXL;[PANNTDA12TXL] EXPLORE PANTS DAMA (XL, Azul Marino - 5102);EXPLORE PANTS;DAMA;XL;Azul Marino;1,00;Cerro Verde ;septiembre-2025
24/09/2025;PANNTKI66T12;[PANNTKI66T12] EXPLORE PANTS KIDS (12, Verde Militar - 60620);EXPLORE PANTS;KIDS;12;Verde Militar;1,00;La Grieta;septiembre-2025
24/09/2025;PANNTKI43T10;[PANNTKI43T10] EXPLORE PANTS KIDS (10, Negro - 10);EXPLORE PANTS;KIDS;10;Negro;1,00;La Grieta;septiembre-2025
24/09/2025;PANNTDA30TXL;[PANNTDA30TXL] EXPLORE PANTS DAMA (XL, Gris Claro - 9734);EXPLORE PANTS;DAMA;XL;Gris Claro;1,00;Cerro Verde ;septiembre-2025
25/09/2025;PANNTDA66TM;[PANNTDA66TM] EXPLORE PANTS DAMA (M, Verde Militar - 60620);EXPLORE PANTS;DAMA;M;Verde Militar;1,00;Grandplaz ;septiembre-2025
25/09/2025;PANNTCA66TM;[PANNTCA66TM] EXPLORE PANTS CAB (M, Verde Militar - 60620);EXPLORE PANTS;CAB;M;Verde Militar;1,00;Sambil Valencia;septiembre-2025
25/09/2025;PANNTDA12TXL;[PANNTDA12TXL] EXPLORE PANTS DAMA (XL, Azul Marino - 5102);EXPLORE PANTS;DAMA;XL;Azul Marino;1,00;Cerro Verde ;septiembre-2025
25/09/2025;PANNTDA30TXL;[PANNTDA30TXL] EXPLORE PANTS DAMA (XL, Gris Claro - 9734);EXPLORE PANTS;DAMA;XL;Gris Claro;2,00;Cerro Verde ;septiembre-2025
25/09/2025;PANNTCA12TS;[PANNTCA12TS] EXPLORE PANTS CAB (S, Azul Marino - 5102);EXPLORE PANTS;CAB;S;Azul Marino;1,00;La Grieta;septiembre-2025
25/09/2025;PANNTCA66TS;[PANNTCA66TS] EXPLORE PANTS CAB (S, Verde Militar - 60620);EXPLORE PANTS;CAB;S;Verde Militar;1,00;La Grieta;septiembre-2025
26/09/2025;PANNTKI66T10;[PANNTKI66T10] EXPLORE PANTS KIDS (10, Verde Militar - 60620);EXPLORE PANTS;KIDS;10;Verde Militar;1,00;Cerro Verde ;septiembre-2025
26/09/2025;PANNTCA66TM;[PANNTCA66TM] EXPLORE PANTS CAB (M, Verde Militar - 60620);EXPLORE PANTS;CAB;M;Verde Militar;1,00;Sambil Chacao ;septiembre-2025
26/09/2025;PANNTDA30TXS;[PANNTDA30TXS] EXPLORE PANTS DAMA (XS, Gris Claro - 9734);EXPLORE PANTS;DAMA;XS;Gris Claro;1,00;La Grieta;septiembre-2025
27/09/2025;PANNTKI66T10;[PANNTKI66T10] EXPLORE PANTS KIDS (10, Verde Militar - 60620);EXPLORE PANTS;KIDS;10;Verde Militar;1,00;Grandplaz ;septiembre-2025
27/09/2025;PANNTCA12TL;[PANNTCA12TL] EXPLORE PANTS CAB (L, Azul Marino - 5102);EXPLORE PANTS;CAB;L;Azul Marino;1,00;Sambil Chacao ;septiembre-2025
27/09/2025;PANNTKI43T10;[PANNTKI43T10] EXPLORE PANTS KIDS (10, Negro - 10);EXPLORE PANTS;KIDS;10;Negro;1,00;Sambil Chacao ;septiembre-2025
27/09/2025;PANNTKI43T4;[PANNTKI43T4] EXPLORE PANTS KIDS (4, Negro - 10);EXPLORE PANTS;KIDS;4;Negro;1,00;Sambil Chacao ;septiembre-2025
27/09/2025;PANNTDA66TXS;[PANNTDA66TXS] EXPLORE PANTS DAMA (XS, Verde Militar - 60620);EXPLORE PANTS;DAMA;XS;Verde Militar;1,00;Cerro Verde ;septiembre-2025
27/09/2025;PANNTDA43TXS;[PANNTDA43TXS] EXPLORE PANTS DAMA (XS, Negro - 10);EXPLORE PANTS;DAMA;XS;Negro;1,00;Cerro Verde ;septiembre-2025
27/09/2025;PANNTDA12TXS;[PANNTDA12TXS] EXPLORE PANTS DAMA (XS, Azul Marino - 5102);EXPLORE PANTS;DAMA;XS;Azul Marino;1,00;Cerro Verde ;septiembre-2025
27/09/2025;PANNTDA12TM;[PANNTDA12TM] EXPLORE PANTS DAMA (M, Azul Marino - 5102);EXPLORE PANTS;DAMA;M;Azul Marino;1,00;Sambil Chacao ;septiembre-2025
27/09/2025;PANNTDA12TM;[PANNTDA12TM] EXPLORE PANTS DAMA (M, Azul Marino - 5102);EXPLORE PANTS;DAMA;M;Azul Marino;1,00;Sambil Chacao ;septiembre-2025
27/09/2025;PANNTKI12T10;[PANNTKI12T10] EXPLORE PANTS KIDS (10, Azul Marino - 5102);EXPLORE PANTS;KIDS;10;Azul Marino;1,00;Sambil Valencia;septiembre-2025
27/09/2025;PANNTKI12T8;[PANNTKI12T8] EXPLORE PANTS KIDS (8, Azul Marino - 5102);EXPLORE PANTS;KIDS;8;Azul Marino;1,00;Sambil Valencia;septiembre-2025
28/09/2025;PANNTCA12TL;[PANNTCA12TL] EXPLORE PANTS CAB (L, Azul Marino - 5102);EXPLORE PANTS;CAB;L;Azul Marino;1,00;Sambil Chacao ;septiembre-2025
28/09/2025;PANNTKI43T12;[PANNTKI43T12] EXPLORE PANTS KIDS (12, Negro - 10);EXPLORE PANTS;KIDS;12;Negro;1,00;Cerro Verde ;septiembre-2025
28/09/2025;PANNTCA66TL;[PANNTCA66TL] EXPLORE PANTS CAB (L, Verde Militar - 60620);EXPLORE PANTS;CAB;L;Verde Militar;1,00;Cerro Verde ;septiembre-2025
28/09/2025;PANNTKI12T4;[PANNTKI12T4] EXPLORE PANTS KIDS (4, Azul Marino - 5102);EXPLORE PANTS;KIDS;4;Azul Marino;1,00;Cerro Verde ;septiembre-2025
28/09/2025;PANNTCA12TL;[PANNTCA12TL] EXPLORE PANTS CAB (L, Azul Marino - 5102);EXPLORE PANTS;CAB;L;Azul Marino;1,00;Cerro Verde ;septiembre-2025
28/09/2025;PANNTCA66TL;[PANNTCA66TL] EXPLORE PANTS CAB (L, Verde Militar - 60620);EXPLORE PANTS;CAB;L;Verde Militar;1,00;Cerro Verde ;septiembre-2025
29/09/2025;PANNTCA33TL;[PANNTCA33TL] EXPLORE PANTS CAB (L, Kaki - 80279);EXPLORE PANTS;CAB;L;Kaki;1,00;WEB;septiembre-2025
29/09/2025;PANNTCA33TM;[PANNTCA33TM] EXPLORE PANTS CAB (M, Kaki - 80279);EXPLORE PANTS;CAB;M;Kaki;1,00;WEB;septiembre-2025
29/09/2025;PANNTCA66TL;[PANNTCA66TL] EXPLORE PANTS CAB (L, Verde Militar - 60620);EXPLORE PANTS;CAB;L;Verde Militar;1,00;Cerro Verde ;septiembre-2025
29/09/2025;PANNTDA12TXL;[PANNTDA12TXL] EXPLORE PANTS DAMA (XL, Azul Marino - 5102);EXPLORE PANTS;DAMA;XL;Azul Marino;1,00;Cerro Verde ;septiembre-2025
29/09/2025;PANNTCA12TS;[PANNTCA12TS] EXPLORE PANTS CAB (S, Azul Marino - 5102);EXPLORE PANTS;CAB;S;Azul Marino;1,00;Sambil Valencia;septiembre-2025
29/09/2025;PANNTKI12T12;[PANNTKI12T12] EXPLORE PANTS KIDS (12, Azul Marino - 5102);EXPLORE PANTS;KIDS;12;Azul Marino;2,00;Cerro Verde ;septiembre-2025
30/09/2025;PANNTDA12TM;[PANNTDA12TM] EXPLORE PANTS DAMA (M, Azul Marino - 5102);EXPLORE PANTS;DAMA;M;Azul Marino;1,00;WEB;septiembre-2025
30/09/2025;PANNTDA33TL;[PANNTDA33TL] EXPLORE PANTS DAMA (L, Kaki - 80279);EXPLORE PANTS;DAMA;L;Kaki;1,00;WEB;septiembre-2025
30/09/2025;PANNTDA33TM;[PANNTDA33TM] EXPLORE PANTS DAMA (M, Kaki - 80279);EXPLORE PANTS;DAMA;M;Kaki;1,00;WEB;septiembre-2025
30/09/2025;PANNTDA33TM;[PANNTDA33TM] EXPLORE PANTS DAMA (M, Kaki - 80279);EXPLORE PANTS;DAMA;M;Kaki;1,00;WEB;septiembre-2025
30/09/2025;PANNTDA66TM;[PANNTDA66TM] EXPLORE PANTS DAMA (M, Verde Militar - 60620);EXPLORE PANTS;DAMA;M;Verde Militar;1,00;WEB;septiembre-2025
01/10/2025;PANNTDA33TM;[PANNTDA33TM] EXPLORE PANTS DAMA (M, Kaki - 80279);EXPLORE PANTS;DAMA;M;Kaki;1,00;Cerro Verde ;octubre-2025
01/10/2025;PANNTDA43TL;[PANNTDA43TL] EXPLORE PANTS DAMA (L, Negro - 10);EXPLORE PANTS;DAMA;L;Negro;1,00;La Grieta;octubre-2025
01/10/2025;PANNTDA33TM;[PANNTDA33TM] EXPLORE PANTS DAMA (M, Kaki - 80279);EXPLORE PANTS;DAMA;M;Kaki;1,00;La Grieta;octubre-2025
01/10/2025;PANNTDA33TL;[PANNTDA33TL] EXPLORE PANTS DAMA (L, Kaki - 80279);EXPLORE PANTS;DAMA;L;Kaki;1,00;La Grieta;octubre-2025
01/10/2025;PANNTDA12TM;[PANNTDA12TM] EXPLORE PANTS DAMA (M, Azul Marino - 5102);EXPLORE PANTS;DAMA;M;Azul Marino;1,00;Cerro Verde ;octubre-2025
01/10/2025;PANNTDA12TS;[PANNTDA12TS] EXPLORE PANTS DAMA (S, Azul Marino - 5102);EXPLORE PANTS;DAMA;S;Azul Marino;1,00;Sambil Valencia;octubre-2025
01/10/2025;PANNTDA66TXS;[PANNTDA66TXS] EXPLORE PANTS DAMA (XS, Verde Militar - 60620);EXPLORE PANTS;DAMA;XS;Verde Militar;1,00;Sambil Valencia;octubre-2025
01/10/2025;PANNTDA43TS;[PANNTDA43TS] EXPLORE PANTS DAMA (S, Negro - 10);EXPLORE PANTS;DAMA;S;Negro;1,00;La Grieta;octubre-2025
01/10/2025;PANNTCA12TS;[PANNTCA12TS] EXPLORE PANTS CAB (S, Azul Marino - 5102);EXPLORE PANTS;CAB;S;Azul Marino;1,00;Sambil Valencia;octubre-2025
01/10/2025;PANNTDA66TS;[PANNTDA66TS] EXPLORE PANTS DAMA (S, Verde Militar - 60620);EXPLORE PANTS;DAMA;S;Verde Militar;1,00;Sambil Chacao ;octubre-2025
02/10/2025;PANNTKI66T12;[PANNTKI66T12] EXPLORE PANTS KIDS (12, Verde Militar - 60620);EXPLORE PANTS;KIDS;12;Verde Militar;1,00;Cerro Verde ;octubre-2025
02/10/2025;PANNTDA12TM;[PANNTDA12TM] EXPLORE PANTS DAMA (M, Azul Marino - 5102);EXPLORE PANTS;DAMA;M;Azul Marino;1,00;Cerro Verde ;octubre-2025
02/10/2025;PANNTKI12T2;[PANNTKI12T2] EXPLORE PANTS KIDS (2, Azul Marino - 5102);EXPLORE PANTS;KIDS;2;Azul Marino;1,00;Cerro Verde ;octubre-2025
02/10/2025;PANNTCA12TM;[PANNTCA12TM] EXPLORE PANTS CAB (M, Azul Marino - 5102);EXPLORE PANTS;CAB;M;Azul Marino;1,00;La Grieta;octubre-2025
02/10/2025;PANNTDA12TS;[PANNTDA12TS] EXPLORE PANTS DAMA (S, Azul Marino - 5102);EXPLORE PANTS;DAMA;S;Azul Marino;1,00;La Grieta;octubre-2025
02/10/2025;PANNTDA33TM;[PANNTDA33TM] EXPLORE PANTS DAMA (M, Kaki - 80279);EXPLORE PANTS;DAMA;M;Kaki;1,00;La Grieta;octubre-2025
02/10/2025;PANNTCA66TM;[PANNTCA66TM] EXPLORE PANTS CAB (M, Verde Militar - 60620);EXPLORE PANTS;CAB;M;Verde Militar;1,00;La Grieta;octubre-2025
02/10/2025;PANNTCA30TM;[PANNTCA30TM] EXPLORE PANTS CAB (M, Gris Claro - 9734);EXPLORE PANTS;CAB;M;Gris Claro;1,00;WEB;octubre-2025
02/10/2025;PANNTDA33TXL;[PANNTDA33TXL] EXPLORE PANTS DAMA (XL, Kaki - 80279);EXPLORE PANTS;DAMA;XL;Kaki;-1,00;La Grieta;octubre-2025
02/10/2025;PANNTDA66TXS;[PANNTDA66TXS] EXPLORE PANTS DAMA (XS, Verde Militar - 60620);EXPLORE PANTS;DAMA;XS;Verde Militar;1,00;Sambil Valencia;octubre-2025
02/10/2025;PANNTDA33TL;[PANNTDA33TL] EXPLORE PANTS DAMA (L, Kaki - 80279);EXPLORE PANTS;DAMA;L;Kaki;1,00;La Grieta;octubre-2025
02/10/2025;PANNTDA12TS;[PANNTDA12TS] EXPLORE PANTS DAMA (S, Azul Marino - 5102);EXPLORE PANTS;DAMA;S;Azul Marino;1,00;Sambil Valencia;octubre-2025
02/10/2025;PANNTKI12T12;[PANNTKI12T12] EXPLORE PANTS KIDS (12, Azul Marino - 5102);EXPLORE PANTS;KIDS;12;Azul Marino;1,00;Sambil Valencia;octubre-2025
03/10/2025;PANNTDA12TL;[PANNTDA12TL] EXPLORE PANTS DAMA (L, Azul Marino - 5102);EXPLORE PANTS;DAMA;L;Azul Marino;1,00;La Grieta;octubre-2025
03/10/2025;PANNTDA12TM;[PANNTDA12TM] EXPLORE PANTS DAMA (M, Azul Marino - 5102);EXPLORE PANTS;DAMA;M;Azul Marino;1,00;La Grieta;octubre-2025
03/10/2025;PANNTDA33TXS;[PANNTDA33TXS] EXPLORE PANTS DAMA (XS, Kaki - 80279);EXPLORE PANTS;DAMA;XS;Kaki;1,00;WEB;octubre-2025
03/10/2025;PANNTDA12TXL;[PANNTDA12TXL] EXPLORE PANTS DAMA (XL, Azul Marino - 5102);EXPLORE PANTS;DAMA;XL;Azul Marino;1,00;Sambil Chacao ;octubre-2025
03/10/2025;PANNTDA43TXL;[PANNTDA43TXL] EXPLORE PANTS DAMA (XL, Negro - 10);EXPLORE PANTS;DAMA;XL;Negro;1,00;Sambil Chacao ;octubre-2025
03/10/2025;PANNTCA66TL;[PANNTCA66TL] EXPLORE PANTS CAB (L, Verde Militar - 60620);EXPLORE PANTS;CAB;L;Verde Militar;1,00;Sambil Valencia;octubre-2025
03/10/2025;PANNTDA33TXL;[PANNTDA33TXL] EXPLORE PANTS DAMA (XL, Kaki - 80279);EXPLORE PANTS;DAMA;XL;Kaki;1,00;La Grieta;octubre-2025
03/10/2025;PANNTDA33TXL;[PANNTDA33TXL] EXPLORE PANTS DAMA (XL, Kaki - 80279);EXPLORE PANTS;DAMA;XL;Kaki;1,00;La Grieta;octubre-2025
03/10/2025;PANNTCA66TM;[PANNTCA66TM] EXPLORE PANTS CAB (M, Verde Militar - 60620);EXPLORE PANTS;CAB;M;Verde Militar;1,00;Sambil Valencia;octubre-2025
03/10/2025;PANNTKI66T8;[PANNTKI66T8] EXPLORE PANTS KIDS (8, Verde Militar - 60620);EXPLORE PANTS;KIDS;8;Verde Militar;1,00;Cerro Verde ;octubre-2025
03/10/2025;PANNTDA33TM;[PANNTDA33TM] EXPLORE PANTS DAMA (M, Kaki - 80279);EXPLORE PANTS;DAMA;M;Kaki;1,00;La Grieta;octubre-2025
03/10/2025;PANNTDA43TM;[PANNTDA43TM] EXPLORE PANTS DAMA (M, Negro - 10);EXPLORE PANTS;DAMA;M;Negro;1,00;La Grieta;octubre-2025
03/10/2025;PANNTDA33TL;[PANNTDA33TL] EXPLORE PANTS DAMA (L, Kaki - 80279);EXPLORE PANTS;DAMA;L;Kaki;1,00;Cerro Verde ;octubre-2025
03/10/2025;PANNTDA12TL;[PANNTDA12TL] EXPLORE PANTS DAMA (L, Azul Marino - 5102);EXPLORE PANTS;DAMA;L;Azul Marino;1,00;Cerro Verde ;octubre-2025
03/10/2025;PANNTCA12TM;[PANNTCA12TM] EXPLORE PANTS CAB (M, Azul Marino - 5102);EXPLORE PANTS;CAB;M;Azul Marino;1,00;Sambil Chacao ;octubre-2025
04/10/2025;PANNTDA12TM;[PANNTDA12TM] EXPLORE PANTS DAMA (M, Azul Marino - 5102);EXPLORE PANTS;DAMA;M;Azul Marino;1,00;Sambil Chacao ;octubre-2025
04/10/2025;PANNTDA43TS;[PANNTDA43TS] EXPLORE PANTS DAMA (S, Negro - 10);EXPLORE PANTS;DAMA;S;Negro;1,00;Cerro Verde ;octubre-2025
04/10/2025;PANNTKI30T6;[PANNTKI30T6] EXPLORE PANTS KIDS (6, Gris Claro - 9734);EXPLORE PANTS;KIDS;6;Gris Claro;1,00;La Grieta;octubre-2025
04/10/2025;PANNTDA30TS;[PANNTDA30TS] EXPLORE PANTS DAMA (S, Gris Claro - 9734);EXPLORE PANTS;DAMA;S;Gris Claro;1,00;Sambil Chacao ;octubre-2025
04/10/2025;PANNTDA33TM;[PANNTDA33TM] EXPLORE PANTS DAMA (M, Kaki - 80279);EXPLORE PANTS;DAMA;M;Kaki;1,00;La Grieta;octubre-2025
04/10/2025;PANNTKI12T12;[PANNTKI12T12] EXPLORE PANTS KIDS (12, Azul Marino - 5102);EXPLORE PANTS;KIDS;12;Azul Marino;1,00;La Grieta;octubre-2025
04/10/2025;PANNTCA66TM;[PANNTCA66TM] EXPLORE PANTS CAB (M, Verde Militar - 60620);EXPLORE PANTS;CAB;M;Verde Militar;1,00;Sambil Chacao ;octubre-2025
04/10/2025;PANNTCA12TL;[PANNTCA12TL] EXPLORE PANTS CAB (L, Azul Marino - 5102);EXPLORE PANTS;CAB;L;Azul Marino;1,00;Sambil Chacao ;octubre-2025
04/10/2025;PANNTCA12TM;[PANNTCA12TM] EXPLORE PANTS CAB (M, Azul Marino - 5102);EXPLORE PANTS;CAB;M;Azul Marino;1,00;Sambil Chacao ;octubre-2025
04/10/2025;PANNTDA43TS;[PANNTDA43TS] EXPLORE PANTS DAMA (S, Negro - 10);EXPLORE PANTS;DAMA;S;Negro;1,00;Sambil Chacao ;octubre-2025
04/10/2025;PANNTDA43TXS;[PANNTDA43TXS] EXPLORE PANTS DAMA (XS, Negro - 10);EXPLORE PANTS;DAMA;XS;Negro;2,00;Sambil Chacao ;octubre-2025
04/10/2025;PANNTDA43TXL;[PANNTDA43TXL] EXPLORE PANTS DAMA (XL, Negro - 10);EXPLORE PANTS;DAMA;XL;Negro;1,00;Cerro Verde ;octubre-2025
05/10/2025;PANNTDA12TM;[PANNTDA12TM] EXPLORE PANTS DAMA (M, Azul Marino - 5102);EXPLORE PANTS;DAMA;M;Azul Marino;1,00;Sambil Chacao ;octubre-2025
05/10/2025;PANNTDA33TL;[PANNTDA33TL] EXPLORE PANTS DAMA (L, Kaki - 80279);EXPLORE PANTS;DAMA;L;Kaki;1,00;Cerro Verde ;octubre-2025
05/10/2025;PANNTCA66TM;[PANNTCA66TM] EXPLORE PANTS CAB (M, Verde Militar - 60620);EXPLORE PANTS;CAB;M;Verde Militar;1,00;Sambil Chacao ;octubre-2025
05/10/2025;PANNTKI66T10;[PANNTKI66T10] EXPLORE PANTS KIDS (10, Verde Militar - 60620);EXPLORE PANTS;KIDS;10;Verde Militar;1,00;Sambil Valencia;octubre-2025
05/10/2025;PANNTDA33TM;[PANNTDA33TM] EXPLORE PANTS DAMA (M, Kaki - 80279);EXPLORE PANTS;DAMA;M;Kaki;1,00;Cerro Verde ;octubre-2025
05/10/2025;PANNTDA30TXS;[PANNTDA30TXS] EXPLORE PANTS DAMA (XS, Gris Claro - 9734);EXPLORE PANTS;DAMA;XS;Gris Claro;1,00;Sambil Valencia;octubre-2025
05/10/2025;PANNTDA12TXS;[PANNTDA12TXS] EXPLORE PANTS DAMA (XS, Azul Marino - 5102);EXPLORE PANTS;DAMA;XS;Azul Marino;1,00;Sambil Valencia;octubre-2025
05/10/2025;PANNTDA43TM;[PANNTDA43TM] EXPLORE PANTS DAMA (M, Negro - 10);EXPLORE PANTS;DAMA;M;Negro;1,00;Sambil Chacao ;octubre-2025
05/10/2025;PANNTDA33TS;[PANNTDA33TS] EXPLORE PANTS DAMA (S, Kaki - 80279);EXPLORE PANTS;DAMA;S;Kaki;1,00;Cerro Verde ;octubre-2025
06/10/2025;PANNTDA66TS;[PANNTDA66TS] EXPLORE PANTS DAMA (S, Verde Militar - 60620);EXPLORE PANTS;DAMA;S;Verde Militar;1,00;Sambil Valencia;octubre-2025
06/10/2025;PANNTDA12TXL;[PANNTDA12TXL] EXPLORE PANTS DAMA (XL, Azul Marino - 5102);EXPLORE PANTS;DAMA;XL;Azul Marino;1,00;Sambil Valencia;octubre-2025
06/10/2025;PANNTDA33TS;[PANNTDA33TS] EXPLORE PANTS DAMA (S, Kaki - 80279);EXPLORE PANTS;DAMA;S;Kaki;1,00;La Grieta;octubre-2025
06/10/2025;PANNTDA33TXS;[PANNTDA33TXS] EXPLORE PANTS DAMA (XS, Kaki - 80279);EXPLORE PANTS;DAMA;XS;Kaki;1,00;WEB;octubre-2025
06/10/2025;PANNTDA43TXL;[PANNTDA43TXL] EXPLORE PANTS DAMA (XL, Negro - 10);EXPLORE PANTS;DAMA;XL;Negro;1,00;La Grieta;octubre-2025
06/10/2025;PANNTDA43TS;[PANNTDA43TS] EXPLORE PANTS DAMA (S, Negro - 10);EXPLORE PANTS;DAMA;S;Negro;1,00;La Grieta;octubre-2025
06/10/2025;PANNTDA33TL;[PANNTDA33TL] EXPLORE PANTS DAMA (L, Kaki - 80279);EXPLORE PANTS;DAMA;L;Kaki;1,00;La Grieta;octubre-2025
06/10/2025;PANNTKI66T10;[PANNTKI66T10] EXPLORE PANTS KIDS (10, Verde Militar - 60620);EXPLORE PANTS;KIDS;10;Verde Militar;1,00;Cerro Verde ;octubre-2025
06/10/2025;PANNTCA66TM;[PANNTCA66TM] EXPLORE PANTS CAB (M, Verde Militar - 60620);EXPLORE PANTS;CAB;M;Verde Militar;1,00;Cerro Verde ;octubre-2025
06/10/2025;PANNTCA12TL;[PANNTCA12TL] EXPLORE PANTS CAB (L, Azul Marino - 5102);EXPLORE PANTS;CAB;L;Azul Marino;1,00;La Grieta;octubre-2025
06/10/2025;PANNTDA43TXL;[PANNTDA43TXL] EXPLORE PANTS DAMA (XL, Negro - 10);EXPLORE PANTS;DAMA;XL;Negro;-1,00;La Grieta;octubre-2025
06/10/2025;PANNTDA43TXL;[PANNTDA43TXL] EXPLORE PANTS DAMA (XL, Negro - 10);EXPLORE PANTS;DAMA;XL;Negro;1,00;La Grieta;octubre-2025
07/10/2025;PANNTDA12TS;[PANNTDA12TS] EXPLORE PANTS DAMA (S, Azul Marino - 5102);EXPLORE PANTS;DAMA;S;Azul Marino;1,00;Sambil Valencia;octubre-2025
07/10/2025;PANNTDA33TL;[PANNTDA33TL] EXPLORE PANTS DAMA (L, Kaki - 80279);EXPLORE PANTS;DAMA;L;Kaki;1,00;La Grieta;octubre-2025
07/10/2025;PANNTDA33TXS;[PANNTDA33TXS] EXPLORE PANTS DAMA (XS, Kaki - 80279);EXPLORE PANTS;DAMA;XS;Kaki;1,00;La Grieta;octubre-2025
07/10/2025;PANNTDA43TL;[PANNTDA43TL] EXPLORE PANTS DAMA (L, Negro - 10);EXPLORE PANTS;DAMA;L;Negro;1,00;La Grieta;octubre-2025
07/10/2025;PANNTDA43TXS;[PANNTDA43TXS] EXPLORE PANTS DAMA (XS, Negro - 10);EXPLORE PANTS;DAMA;XS;Negro;1,00;La Grieta;octubre-2025
07/10/2025;PANNTDA33TL;[PANNTDA33TL] EXPLORE PANTS DAMA (L, Kaki - 80279);EXPLORE PANTS;DAMA;L;Kaki;1,00;La Grieta;octubre-2025
07/10/2025;PANNTDA33TXS;[PANNTDA33TXS] EXPLORE PANTS DAMA (XS, Kaki - 80279);EXPLORE PANTS;DAMA;XS;Kaki;2,00;La Grieta;octubre-2025
07/10/2025;PANNTDA12TXL;[PANNTDA12TXL] EXPLORE PANTS DAMA (XL, Azul Marino - 5102);EXPLORE PANTS;DAMA;XL;Azul Marino;1,00;La Grieta;octubre-2025
07/10/2025;PANNTDA43TXL;[PANNTDA43TXL] EXPLORE PANTS DAMA (XL, Negro - 10);EXPLORE PANTS;DAMA;XL;Negro;1,00;La Grieta;octubre-2025
07/10/2025;PANNTDA66TXS;[PANNTDA66TXS] EXPLORE PANTS DAMA (XS, Verde Militar - 60620);EXPLORE PANTS;DAMA;XS;Verde Militar;1,00;La Grieta;octubre-2025
07/10/2025;PANNTDA43TXS;[PANNTDA43TXS] EXPLORE PANTS DAMA (XS, Negro - 10);EXPLORE PANTS;DAMA;XS;Negro;1,00;Cerro Verde ;octubre-2025
08/10/2025;PANNTCA12TM;[PANNTCA12TM] EXPLORE PANTS CAB (M, Azul Marino - 5102);EXPLORE PANTS;CAB;M;Azul Marino;1,00;La Grieta;octubre-2025
08/10/2025;PANNTCA12TL;[PANNTCA12TL] EXPLORE PANTS CAB (L, Azul Marino - 5102);EXPLORE PANTS;CAB;L;Azul Marino;1,00;Cerro Verde ;octubre-2025
08/10/2025;PANNTCA12TL;[PANNTCA12TL] EXPLORE PANTS CAB (L, Azul Marino - 5102);EXPLORE PANTS;CAB;L;Azul Marino;1,00;Sambil Chacao ;octubre-2025
08/10/2025;PANNTKI66T12;[PANNTKI66T12] EXPLORE PANTS KIDS (12, Verde Militar - 60620);EXPLORE PANTS;KIDS;12;Verde Militar;1,00;Cerro Verde ;octubre-2025
08/10/2025;PANNTCA12TL;[PANNTCA12TL] EXPLORE PANTS CAB (L, Azul Marino - 5102);EXPLORE PANTS;CAB;L;Azul Marino;1,00;Cerro Verde ;octubre-2025
08/10/2025;PANNTKI12T1;[PANNTKI12T1] EXPLORE PANTS KIDS (1, Azul Marino - 5102);EXPLORE PANTS;KIDS;1;Azul Marino;1,00;Cerro Verde ;octubre-2025
08/10/2025;PANNTKI30T12;[PANNTKI30T12] EXPLORE PANTS KIDS (12, Gris Claro - 9734);EXPLORE PANTS;KIDS;12;Gris Claro;1,00;Cerro Verde ;octubre-2025
08/10/2025;PANNTCA12TM;[PANNTCA12TM] EXPLORE PANTS CAB (M, Azul Marino - 5102);EXPLORE PANTS;CAB;M;Azul Marino;1,00;Sambil Chacao ;octubre-2025
08/10/2025;PANNTDA30TXS;[PANNTDA30TXS] EXPLORE PANTS DAMA (XS, Gris Claro - 9734);EXPLORE PANTS;DAMA;XS;Gris Claro;1,00;Sambil Chacao ;octubre-2025
09/10/2025;PANNTKI43T8;[PANNTKI43T8] EXPLORE PANTS KIDS (8, Negro - 10);EXPLORE PANTS;KIDS;8;Negro;1,00;La Grieta;octubre-2025
09/10/2025;PANNTCA12TXL;[PANNTCA12TXL] EXPLORE PANTS CAB (XL, Azul Marino - 5102);EXPLORE PANTS;CAB;XL;Azul Marino;1,00;Sambil Valencia;octubre-2025
09/10/2025;PANNTCA30TM;[PANNTCA30TM] EXPLORE PANTS CAB (M, Gris Claro - 9734);EXPLORE PANTS;CAB;M;Gris Claro;1,00;Sambil Chacao ;octubre-2025
09/10/2025;PANNTCA43TXL;[PANNTCA43TXL] EXPLORE PANTS CAB (XL, Negro - 10);EXPLORE PANTS;CAB;XL;Negro;1,00;Cerro Verde ;octubre-2025
09/10/2025;PANNTCA43TXL;[PANNTCA43TXL] EXPLORE PANTS CAB (XL, Negro - 10);EXPLORE PANTS;CAB;XL;Negro;1,00;Cerro Verde ;octubre-2025
09/10/2025;PANNTDA43TM;[PANNTDA43TM] EXPLORE PANTS DAMA (M, Negro - 10);EXPLORE PANTS;DAMA;M;Negro;1,00;La Grieta;octubre-2025
09/10/2025;PANNTDA33TS;[PANNTDA33TS] EXPLORE PANTS DAMA (S, Kaki - 80279);EXPLORE PANTS;DAMA;S;Kaki;1,00;Sambil Chacao ;octubre-2025
09/10/2025;PANNTDA43TXL;[PANNTDA43TXL] EXPLORE PANTS DAMA (XL, Negro - 10);EXPLORE PANTS;DAMA;XL;Negro;1,00;Sambil Valencia;octubre-2025
09/10/2025;PANNTCA33TL;[PANNTCA33TL] EXPLORE PANTS CAB (L, Kaki - 80279);EXPLORE PANTS;CAB;L;Kaki;1,00;Sambil Valencia;octubre-2025
09/10/2025;PANNTCA66TXL;[PANNTCA66TXL] EXPLORE PANTS CAB (XL, Verde Militar - 60620);EXPLORE PANTS;CAB;XL;Verde Militar;1,00;Sambil Valencia;octubre-2025
09/10/2025;PANNTCA33TM;[PANNTCA33TM] EXPLORE PANTS CAB (M, Kaki - 80279);EXPLORE PANTS;CAB;M;Kaki;1,00;Sambil Valencia;octubre-2025
09/10/2025;PANNTDA43TM;[PANNTDA43TM] EXPLORE PANTS DAMA (M, Negro - 10);EXPLORE PANTS;DAMA;M;Negro;1,00;Sambil Chacao ;octubre-2025
10/10/2025;PANNTCA33TM;[PANNTCA33TM] EXPLORE PANTS CAB (M, Kaki - 80279);EXPLORE PANTS;CAB;M;Kaki;1,00;Cerro Verde ;octubre-2025
10/10/2025;PANNTCA12TXL;[PANNTCA12TXL] EXPLORE PANTS CAB (XL, Azul Marino - 5102);EXPLORE PANTS;CAB;XL;Azul Marino;1,00;La Grieta;octubre-2025
10/10/2025;PANNTCA43TXL;[PANNTCA43TXL] EXPLORE PANTS CAB (XL, Negro - 10);EXPLORE PANTS;CAB;XL;Negro;1,00;La Grieta;octubre-2025
10/10/2025;PANNTCA12TL;[PANNTCA12TL] EXPLORE PANTS CAB (L, Azul Marino - 5102);EXPLORE PANTS;CAB;L;Azul Marino;1,00;Sambil Chacao ;octubre-2025
10/10/2025;PANNTCA30TXL;[PANNTCA30TXL] EXPLORE PANTS CAB (XL, Gris Claro - 9734);EXPLORE PANTS;CAB;XL;Gris Claro;1,00;Sambil Valencia;octubre-2025
10/10/2025;PANNTDA12TXL;[PANNTDA12TXL] EXPLORE PANTS DAMA (XL, Azul Marino - 5102);EXPLORE PANTS;DAMA;XL;Azul Marino;1,00;Sambil Valencia;octubre-2025
10/10/2025;PANNTDA30TL;[PANNTDA30TL] EXPLORE PANTS DAMA (L, Gris Claro - 9734);EXPLORE PANTS;DAMA;L;Gris Claro;1,00;Sambil Chacao ;octubre-2025
10/10/2025;PANNTCA30TS;[PANNTCA30TS] EXPLORE PANTS CAB (S, Gris Claro - 9734);EXPLORE PANTS;CAB;S;Gris Claro;1,00;Sambil Chacao ;octubre-2025
10/10/2025;PANNTDA12TXS;[PANNTDA12TXS] EXPLORE PANTS DAMA (XS, Azul Marino - 5102);EXPLORE PANTS;DAMA;XS;Azul Marino;1,00;La Grieta;octubre-2025
10/10/2025;PANNTDA33TM;[PANNTDA33TM] EXPLORE PANTS DAMA (M, Kaki - 80279);EXPLORE PANTS;DAMA;M;Kaki;1,00;Sambil Chacao ;octubre-2025
10/10/2025;PANNTCA66TL;[PANNTCA66TL] EXPLORE PANTS CAB (L, Verde Militar - 60620);EXPLORE PANTS;CAB;L;Verde Militar;1,00;La Grieta;octubre-2025
10/10/2025;PANNTCA66TXL;[PANNTCA66TXL] EXPLORE PANTS CAB (XL, Verde Militar - 60620);EXPLORE PANTS;CAB;XL;Verde Militar;1,00;La Grieta;octubre-2025
10/10/2025;PANNTCA66TL;[PANNTCA66TL] EXPLORE PANTS CAB (L, Verde Militar - 60620);EXPLORE PANTS;CAB;L;Verde Militar;-1,00;La Grieta;octubre-2025
10/10/2025;PANNTDA33TM;[PANNTDA33TM] EXPLORE PANTS DAMA (M, Kaki - 80279);EXPLORE PANTS;DAMA;M;Kaki;1,00;Cerro Verde ;octubre-2025
10/10/2025;PANNTDA43TL;[PANNTDA43TL] EXPLORE PANTS DAMA (L, Negro - 10);EXPLORE PANTS;DAMA;L;Negro;1,00;La Grieta;octubre-2025
10/10/2025;PANNTCA12TXL;[PANNTCA12TXL] EXPLORE PANTS CAB (XL, Azul Marino - 5102);EXPLORE PANTS;CAB;XL;Azul Marino;1,00;Cerro Verde ;octubre-2025
10/10/2025;PANNTCA66TXL;[PANNTCA66TXL] EXPLORE PANTS CAB (XL, Verde Militar - 60620);EXPLORE PANTS;CAB;XL;Verde Militar;1,00;Cerro Verde ;octubre-2025
10/10/2025;PANNTDA33TM;[PANNTDA33TM] EXPLORE PANTS DAMA (M, Kaki - 80279);EXPLORE PANTS;DAMA;M;Kaki;2,00;Sambil Chacao ;octubre-2025
11/10/2025;PANNTKI43T2;[PANNTKI43T2] EXPLORE PANTS KIDS (2, Negro - 10);EXPLORE PANTS;KIDS;2;Negro;1,00;Cerro Verde ;octubre-2025
11/10/2025;PANNTKI66T4;[PANNTKI66T4] EXPLORE PANTS KIDS (4, Verde Militar - 60620);EXPLORE PANTS;KIDS;4;Verde Militar;1,00;Cerro Verde ;octubre-2025
11/10/2025;PANNTDA30TL;[PANNTDA30TL] EXPLORE PANTS DAMA (L, Gris Claro - 9734);EXPLORE PANTS;DAMA;L;Gris Claro;1,00;Sambil Chacao ;octubre-2025
11/10/2025;PANNTDA43TL;[PANNTDA43TL] EXPLORE PANTS DAMA (L, Negro - 10);EXPLORE PANTS;DAMA;L;Negro;1,00;La Grieta;octubre-2025
11/10/2025;PANNTDA43TM;[PANNTDA43TM] EXPLORE PANTS DAMA (M, Negro - 10);EXPLORE PANTS;DAMA;M;Negro;1,00;Cerro Verde ;octubre-2025
11/10/2025;PANNTCA66TS;[PANNTCA66TS] EXPLORE PANTS CAB (S, Verde Militar - 60620);EXPLORE PANTS;CAB;S;Verde Militar;1,00;Cerro Verde ;octubre-2025
11/10/2025;PANNTCA12TS;[PANNTCA12TS] EXPLORE PANTS CAB (S, Azul Marino - 5102);EXPLORE PANTS;CAB;S;Azul Marino;1,00;Cerro Verde ;octubre-2025
11/10/2025;PANNTCA33TM;[PANNTCA33TM] EXPLORE PANTS CAB (M, Kaki - 80279);EXPLORE PANTS;CAB;M;Kaki;1,00;Sambil Valencia;octubre-2025
11/10/2025;PANNTCA43TM;[PANNTCA43TM] EXPLORE PANTS CAB (M, Negro - 10);EXPLORE PANTS;CAB;M;Negro;1,00;Sambil Valencia;octubre-2025
11/10/2025;PANNTDA12TXL;[PANNTDA12TXL] EXPLORE PANTS DAMA (XL, Azul Marino - 5102);EXPLORE PANTS;DAMA;XL;Azul Marino;1,00;Grandplaz ;octubre-2025
11/10/2025;PANNTDA43TXL;[PANNTDA43TXL] EXPLORE PANTS DAMA (XL, Negro - 10);EXPLORE PANTS;DAMA;XL;Negro;1,00;Grandplaz ;octubre-2025
11/10/2025;PANNTDA43TM;[PANNTDA43TM] EXPLORE PANTS DAMA (M, Negro - 10);EXPLORE PANTS;DAMA;M;Negro;1,00;Sambil Chacao ;octubre-2025
11/10/2025;PANNTCA33TS;[PANNTCA33TS] EXPLORE PANTS CAB (S, Kaki - 80279);EXPLORE PANTS;CAB;S;Kaki;1,00;Sambil Valencia;octubre-2025
11/10/2025;PANNTCA33TL;[PANNTCA33TL] EXPLORE PANTS CAB (L, Kaki - 80279);EXPLORE PANTS;CAB;L;Kaki;1,00;Sambil Chacao ;octubre-2025
11/10/2025;PANNTCA66TM;[PANNTCA66TM] EXPLORE PANTS CAB (M, Verde Militar - 60620);EXPLORE PANTS;CAB;M;Verde Militar;1,00;Sambil Chacao ;octubre-2025
11/10/2025;PANNTCA30TM;[PANNTCA30TM] EXPLORE PANTS CAB (M, Gris Claro - 9734);EXPLORE PANTS;CAB;M;Gris Claro;1,00;Sambil Chacao ;octubre-2025
11/10/2025;PANNTDA43TL;[PANNTDA43TL] EXPLORE PANTS DAMA (L, Negro - 10);EXPLORE PANTS;DAMA;L;Negro;1,00;Sambil Valencia;octubre-2025
11/10/2025;PANNTCA33TXL;[PANNTCA33TXL] EXPLORE PANTS CAB (XL, Kaki - 80279);EXPLORE PANTS;CAB;XL;Kaki;2,00;Sambil Valencia;octubre-2025
11/10/2025;PANNTDA12TM;[PANNTDA12TM] EXPLORE PANTS DAMA (M, Azul Marino - 5102);EXPLORE PANTS;DAMA;M;Azul Marino;1,00;Sambil Valencia;octubre-2025
11/10/2025;PANNTDA33TXL;[PANNTDA33TXL] EXPLORE PANTS DAMA (XL, Kaki - 80279);EXPLORE PANTS;DAMA;XL;Kaki;1,00;Cerro Verde ;octubre-2025
11/10/2025;PANNTCA66TM;[PANNTCA66TM] EXPLORE PANTS CAB (M, Verde Militar - 60620);EXPLORE PANTS;CAB;M;Verde Militar;-1,00;Cerro Verde ;octubre-2025
11/10/2025;PANNTDA66TM;[PANNTDA66TM] EXPLORE PANTS DAMA (M, Verde Militar - 60620);EXPLORE PANTS;DAMA;M;Verde Militar;1,00;Cerro Verde ;octubre-2025
11/10/2025;PANNTKI66T10;[PANNTKI66T10] EXPLORE PANTS KIDS (10, Verde Militar - 60620);EXPLORE PANTS;KIDS;10;Verde Militar;1,00;Cerro Verde ;octubre-2025
11/10/2025;PANNTDA43TM;[PANNTDA43TM] EXPLORE PANTS DAMA (M, Negro - 10);EXPLORE PANTS;DAMA;M;Negro;1,00;Cerro Verde ;octubre-2025
11/10/2025;PANNTDA43TL;[PANNTDA43TL] EXPLORE PANTS DAMA (L, Negro - 10);EXPLORE PANTS;DAMA;L;Negro;1,00;Sambil Valencia;octubre-2025
12/10/2025;PANNTCA43TXL;[PANNTCA43TXL] EXPLORE PANTS CAB (XL, Negro - 10);EXPLORE PANTS;CAB;XL;Negro;1,00;Grandplaz ;octubre-2025
12/10/2025;PANNTCA33TM;[PANNTCA33TM] EXPLORE PANTS CAB (M, Kaki - 80279);EXPLORE PANTS;CAB;M;Kaki;1,00;La Grieta;octubre-2025
12/10/2025;PANNTDA33TL;[PANNTDA33TL] EXPLORE PANTS DAMA (L, Kaki - 80279);EXPLORE PANTS;DAMA;L;Kaki;1,00;Cerro Verde ;octubre-2025
12/10/2025;PANNTDA33TM;[PANNTDA33TM] EXPLORE PANTS DAMA (M, Kaki - 80279);EXPLORE PANTS;DAMA;M;Kaki;1,00;Cerro Verde ;octubre-2025
12/10/2025;PANNTCA43TM;[PANNTCA43TM] EXPLORE PANTS CAB (M, Negro - 10);EXPLORE PANTS;CAB;M;Negro;1,00;Cerro Verde ;octubre-2025
12/10/2025;PANNTDA30TM;[PANNTDA30TM] EXPLORE PANTS DAMA (M, Gris Claro - 9734);EXPLORE PANTS;DAMA;M;Gris Claro;1,00;Sambil Chacao ;octubre-2025
13/10/2025;PANNTCA43TXL;[PANNTCA43TXL] EXPLORE PANTS CAB (XL, Negro - 10);EXPLORE PANTS;CAB;XL;Negro;1,00;WEB;octubre-2025
13/10/2025;PANNTDA43TXL;[PANNTDA43TXL] EXPLORE PANTS DAMA (XL, Negro - 10);EXPLORE PANTS;DAMA;XL;Negro;1,00;La Grieta;octubre-2025
13/10/2025;PANNTDA30TM;[PANNTDA30TM] EXPLORE PANTS DAMA (M, Gris Claro - 9734);EXPLORE PANTS;DAMA;M;Gris Claro;1,00;Sambil Chacao ;octubre-2025
13/10/2025;PANNTDA43TXL;[PANNTDA43TXL] EXPLORE PANTS DAMA (XL, Negro - 10);EXPLORE PANTS;DAMA;XL;Negro;-1,00;La Grieta;octubre-2025
13/10/2025;PANNTDA43TL;[PANNTDA43TL] EXPLORE PANTS DAMA (L, Negro - 10);EXPLORE PANTS;DAMA;L;Negro;1,00;La Grieta;octubre-2025
13/10/2025;PANNTDA43TM;[PANNTDA43TM] EXPLORE PANTS DAMA (M, Negro - 10);EXPLORE PANTS;DAMA;M;Negro;1,00;Cerro Verde ;octubre-2025
13/10/2025;PANNTDA43TM;[PANNTDA43TM] EXPLORE PANTS DAMA (M, Negro - 10);EXPLORE PANTS;DAMA;M;Negro;1,00;Cerro Verde ;octubre-2025
13/10/2025;PANNTCA33TS;[PANNTCA33TS] EXPLORE PANTS CAB (S, Kaki - 80279);EXPLORE PANTS;CAB;S;Kaki;1,00;La Grieta;octubre-2025
13/10/2025;PANNTCA43TXL;[PANNTCA43TXL] EXPLORE PANTS CAB (XL, Negro - 10);EXPLORE PANTS;CAB;XL;Negro;1,00;Sambil Valencia;octubre-2025
13/10/2025;PANNTCA30TL;[PANNTCA30TL] EXPLORE PANTS CAB (L, Gris Claro - 9734);EXPLORE PANTS;CAB;L;Gris Claro;1,00;Sambil Chacao ;octubre-2025
13/10/2025;PANNTCA66TXL;[PANNTCA66TXL] EXPLORE PANTS CAB (XL, Verde Militar - 60620);EXPLORE PANTS;CAB;XL;Verde Militar;1,00;Sambil Valencia;octubre-2025
14/10/2025;PANNTCA43TXL;[PANNTCA43TXL] EXPLORE PANTS CAB (XL, Negro - 10);EXPLORE PANTS;CAB;XL;Negro;1,00;La Grieta;octubre-2025
14/10/2025;PANNTCA12TXL;[PANNTCA12TXL] EXPLORE PANTS CAB (XL, Azul Marino - 5102);EXPLORE PANTS;CAB;XL;Azul Marino;1,00;La Grieta;octubre-2025
14/10/2025;PANNTDA33TM;[PANNTDA33TM] EXPLORE PANTS DAMA (M, Kaki - 80279);EXPLORE PANTS;DAMA;M;Kaki;1,00;La Grieta;octubre-2025
14/10/2025;PANNTKI43T2;[PANNTKI43T2] EXPLORE PANTS KIDS (2, Negro - 10);EXPLORE PANTS;KIDS;2;Negro;1,00;La Grieta;octubre-2025
14/10/2025;PANNTDA30TM;[PANNTDA30TM] EXPLORE PANTS DAMA (M, Gris Claro - 9734);EXPLORE PANTS;DAMA;M;Gris Claro;1,00;La Grieta;octubre-2025
14/10/2025;PANNTKI12T8;[PANNTKI12T8] EXPLORE PANTS KIDS (8, Azul Marino - 5102);EXPLORE PANTS;KIDS;8;Azul Marino;1,00;Cerro Verde ;octubre-2025
14/10/2025;PANNTDA30TXL;[PANNTDA30TXL] EXPLORE PANTS DAMA (XL, Gris Claro - 9734);EXPLORE PANTS;DAMA;XL;Gris Claro;1,00;Cerro Verde ;octubre-2025
14/10/2025;PANNTDA43TXL;[PANNTDA43TXL] EXPLORE PANTS DAMA (XL, Negro - 10);EXPLORE PANTS;DAMA;XL;Negro;1,00;Cerro Verde ;octubre-2025
14/10/2025;PANNTKI30T2;[PANNTKI30T2] EXPLORE PANTS KIDS (2, Gris Claro - 9734);EXPLORE PANTS;KIDS;2;Gris Claro;1,00;Sambil Chacao ;octubre-2025
14/10/2025;PANNTDA30TS;[PANNTDA30TS] EXPLORE PANTS DAMA (S, Gris Claro - 9734);EXPLORE PANTS;DAMA;S;Gris Claro;1,00;Sambil Chacao ;octubre-2025
14/10/2025;PANNTDA43TS;[PANNTDA43TS] EXPLORE PANTS DAMA (S, Negro - 10);EXPLORE PANTS;DAMA;S;Negro;1,00;Sambil Chacao ;octubre-2025
14/10/2025;PANNTCA30TM;[PANNTCA30TM] EXPLORE PANTS CAB (M, Gris Claro - 9734);EXPLORE PANTS;CAB;M;Gris Claro;1,00;Sambil Chacao ;octubre-2025
14/10/2025;PANNTDA43TM;[PANNTDA43TM] EXPLORE PANTS DAMA (M, Negro - 10);EXPLORE PANTS;DAMA;M;Negro;1,00;Sambil Chacao ;octubre-2025
14/10/2025;PANNTDA43TL;[PANNTDA43TL] EXPLORE PANTS DAMA (L, Negro - 10);EXPLORE PANTS;DAMA;L;Negro;1,00;Cerro Verde ;octubre-2025
14/10/2025;PANNTDA33TL;[PANNTDA33TL] EXPLORE PANTS DAMA (L, Kaki - 80279);EXPLORE PANTS;DAMA;L;Kaki;1,00;La Grieta;octubre-2025
14/10/2025;PANNTDA33TS;[PANNTDA33TS] EXPLORE PANTS DAMA (S, Kaki - 80279);EXPLORE PANTS;DAMA;S;Kaki;1,00;Sambil Valencia;octubre-2025
14/10/2025;PANNTDA43TS;[PANNTDA43TS] EXPLORE PANTS DAMA (S, Negro - 10);EXPLORE PANTS;DAMA;S;Negro;1,00;Sambil Valencia;octubre-2025
14/10/2025;PANNTCA43TL;[PANNTCA43TL] EXPLORE PANTS CAB (L, Negro - 10);EXPLORE PANTS;CAB;L;Negro;1,00;Sambil Valencia;octubre-2025
14/10/2025;PANNTCA66TXL;[PANNTCA66TXL] EXPLORE PANTS CAB (XL, Verde Militar - 60620);EXPLORE PANTS;CAB;XL;Verde Militar;-1,00;Cerro Verde ;octubre-2025
15/10/2025;PANNTDA43TXS;[PANNTDA43TXS] EXPLORE PANTS DAMA (XS, Negro - 10);EXPLORE PANTS;DAMA;XS;Negro;1,00;Cerro Verde ;octubre-2025
15/10/2025;PANNTCA66TL;[PANNTCA66TL] EXPLORE PANTS CAB (L, Verde Militar - 60620);EXPLORE PANTS;CAB;L;Verde Militar;1,00;La Grieta;octubre-2025
15/10/2025;PANNTKI12T12;[PANNTKI12T12] EXPLORE PANTS KIDS (12, Azul Marino - 5102);EXPLORE PANTS;KIDS;12;Azul Marino;1,00;La Grieta;octubre-2025
15/10/2025;PANNTCA30TL;[PANNTCA30TL] EXPLORE PANTS CAB (L, Gris Claro - 9734);EXPLORE PANTS;CAB;L;Gris Claro;1,00;Cerro Verde ;octubre-2025
15/10/2025;PANNTCA43TL;[PANNTCA43TL] EXPLORE PANTS CAB (L, Negro - 10);EXPLORE PANTS;CAB;L;Negro;1,00;Grandplaz ;octubre-2025
15/10/2025;PANNTCA43TM;[PANNTCA43TM] EXPLORE PANTS CAB (M, Negro - 10);EXPLORE PANTS;CAB;M;Negro;1,00;Cerro Verde ;octubre-2025
15/10/2025;PANNTCA66TL;[PANNTCA66TL] EXPLORE PANTS CAB (L, Verde Militar - 60620);EXPLORE PANTS;CAB;L;Verde Militar;-1,00;La Grieta;octubre-2025
15/10/2025;PANNTKI12T12;[PANNTKI12T12] EXPLORE PANTS KIDS (12, Azul Marino - 5102);EXPLORE PANTS;KIDS;12;Azul Marino;-1,00;La Grieta;octubre-2025
15/10/2025;PANNTCA43TM;[PANNTCA43TM] EXPLORE PANTS CAB (M, Negro - 10);EXPLORE PANTS;CAB;M;Negro;1,00;Sambil Valencia;octubre-2025
16/10/2025;PANNTCA33TL;[PANNTCA33TL] EXPLORE PANTS CAB (L, Kaki - 80279);EXPLORE PANTS;CAB;L;Kaki;1,00;Sambil Valencia;octubre-2025
16/10/2025;PANNTDA43TM;[PANNTDA43TM] EXPLORE PANTS DAMA (M, Negro - 10);EXPLORE PANTS;DAMA;M;Negro;1,00;La Grieta;octubre-2025
16/10/2025;PANNTCA33TM;[PANNTCA33TM] EXPLORE PANTS CAB (M, Kaki - 80279);EXPLORE PANTS;CAB;M;Kaki;1,00;La Grieta;octubre-2025
16/10/2025;PANNTDA30TL;[PANNTDA30TL] EXPLORE PANTS DAMA (L, Gris Claro - 9734);EXPLORE PANTS;DAMA;L;Gris Claro;1,00;Sambil Chacao ;octubre-2025
16/10/2025;PANNTDA30TM;[PANNTDA30TM] EXPLORE PANTS DAMA (M, Gris Claro - 9734);EXPLORE PANTS;DAMA;M;Gris Claro;1,00;La Grieta;octubre-2025
16/10/2025;PANNTCA12TL;[PANNTCA12TL] EXPLORE PANTS CAB (L, Azul Marino - 5102);EXPLORE PANTS;CAB;L;Azul Marino;1,00;Sambil Valencia;octubre-2025
16/10/2025;PANNTDA33TM;[PANNTDA33TM] EXPLORE PANTS DAMA (M, Kaki - 80279);EXPLORE PANTS;DAMA;M;Kaki;1,00;Sambil Valencia;octubre-2025
16/10/2025;PANNTKI43T4;[PANNTKI43T4] EXPLORE PANTS KIDS (4, Negro - 10);EXPLORE PANTS;KIDS;4;Negro;1,00;Sambil Valencia;octubre-2025
17/10/2025;PANNTCA12TM;[PANNTCA12TM] EXPLORE PANTS CAB (M, Azul Marino - 5102);EXPLORE PANTS;CAB;M;Azul Marino;1,00;Sambil Chacao ;octubre-2025
17/10/2025;PANNTDA30TM;[PANNTDA30TM] EXPLORE PANTS DAMA (M, Gris Claro - 9734);EXPLORE PANTS;DAMA;M;Gris Claro;1,00;Cerro Verde ;octubre-2025
17/10/2025;PANNTDA66TM;[PANNTDA66TM] EXPLORE PANTS DAMA (M, Verde Militar - 60620);EXPLORE PANTS;DAMA;M;Verde Militar;1,00;Cerro Verde ;octubre-2025
17/10/2025;PANNTCA43TS;[PANNTCA43TS] EXPLORE PANTS CAB (S, Negro - 10);EXPLORE PANTS;CAB;S;Negro;2,00;Grandplaz ;octubre-2025
17/10/2025;PANNTDA66TL;[PANNTDA66TL] EXPLORE PANTS DAMA (L, Verde Militar - 60620);EXPLORE PANTS;DAMA;L;Verde Militar;1,00;La Grieta;octubre-2025
17/10/2025;PANNTDA43TS;[PANNTDA43TS] EXPLORE PANTS DAMA (S, Negro - 10);EXPLORE PANTS;DAMA;S;Negro;1,00;Sambil Valencia;octubre-2025
17/10/2025;PANNTDA43TXL;[PANNTDA43TXL] EXPLORE PANTS DAMA (XL, Negro - 10);EXPLORE PANTS;DAMA;XL;Negro;1,00;La Grieta;octubre-2025
17/10/2025;PANNTDA30TM;[PANNTDA30TM] EXPLORE PANTS DAMA (M, Gris Claro - 9734);EXPLORE PANTS;DAMA;M;Gris Claro;1,00;La Grieta;octubre-2025
17/10/2025;PANNTDA43TS;[PANNTDA43TS] EXPLORE PANTS DAMA (S, Negro - 10);EXPLORE PANTS;DAMA;S;Negro;1,00;Sambil Valencia;octubre-2025
17/10/2025;PANNTDA33TS;[PANNTDA33TS] EXPLORE PANTS DAMA (S, Kaki - 80279);EXPLORE PANTS;DAMA;S;Kaki;1,00;Sambil Valencia;octubre-2025
17/10/2025;PANNTKI12T12;[PANNTKI12T12] EXPLORE PANTS KIDS (12, Azul Marino - 5102);EXPLORE PANTS;KIDS;12;Azul Marino;1,00;La Grieta;octubre-2025
17/10/2025;PANNTCA66TL;[PANNTCA66TL] EXPLORE PANTS CAB (L, Verde Militar - 60620);EXPLORE PANTS;CAB;L;Verde Militar;1,00;La Grieta;octubre-2025
17/10/2025;PANNTDA43TL;[PANNTDA43TL] EXPLORE PANTS DAMA (L, Negro - 10);EXPLORE PANTS;DAMA;L;Negro;1,00;La Grieta;octubre-2025
17/10/2025;PANNTDA33TL;[PANNTDA33TL] EXPLORE PANTS DAMA (L, Kaki - 80279);EXPLORE PANTS;DAMA;L;Kaki;1,00;Sambil Valencia;octubre-2025
17/10/2025;PANNTDA33TL;[PANNTDA33TL] EXPLORE PANTS DAMA (L, Kaki - 80279);EXPLORE PANTS;DAMA;L;Kaki;1,00;Sambil Valencia;octubre-2025
17/10/2025;PANNTCA30TL;[PANNTCA30TL] EXPLORE PANTS CAB (L, Gris Claro - 9734);EXPLORE PANTS;CAB;L;Gris Claro;1,00;Sambil Chacao ;octubre-2025
17/10/2025;PANNTDA33TM;[PANNTDA33TM] EXPLORE PANTS DAMA (M, Kaki - 80279);EXPLORE PANTS;DAMA;M;Kaki;1,00;Sambil Chacao ;octubre-2025
17/10/2025;PANNTDA43TM;[PANNTDA43TM] EXPLORE PANTS DAMA (M, Negro - 10);EXPLORE PANTS;DAMA;M;Negro;1,00;Sambil Chacao ;octubre-2025
17/10/2025;PANNTDA30TM;[PANNTDA30TM] EXPLORE PANTS DAMA (M, Gris Claro - 9734);EXPLORE PANTS;DAMA;M;Gris Claro;1,00;Sambil Valencia;octubre-2025
17/10/2025;PANNTDA43TM;[PANNTDA43TM] EXPLORE PANTS DAMA (M, Negro - 10);EXPLORE PANTS;DAMA;M;Negro;1,00;Sambil Valencia;octubre-2025
17/10/2025;PANNTDA33TM;[PANNTDA33TM] EXPLORE PANTS DAMA (M, Kaki - 80279);EXPLORE PANTS;DAMA;M;Kaki;1,00;Sambil Valencia;octubre-2025
18/10/2025;PANNTDA33TXL;[PANNTDA33TXL] EXPLORE PANTS DAMA (XL, Kaki - 80279);EXPLORE PANTS;DAMA;XL;Kaki;1,00;Sambil Valencia;octubre-2025
18/10/2025;PANNTCA66TXL;[PANNTCA66TXL] EXPLORE PANTS CAB (XL, Verde Militar - 60620);EXPLORE PANTS;CAB;XL;Verde Militar;1,00;Cerro Verde ;octubre-2025
18/10/2025;PANNTKI66T10;[PANNTKI66T10] EXPLORE PANTS KIDS (10, Verde Militar - 60620);EXPLORE PANTS;KIDS;10;Verde Militar;1,00;Cerro Verde ;octubre-2025
18/10/2025;PANNTCA12TL;[PANNTCA12TL] EXPLORE PANTS CAB (L, Azul Marino - 5102);EXPLORE PANTS;CAB;L;Azul Marino;1,00;Cerro Verde ;octubre-2025
18/10/2025;PANNTCA43TXL;[PANNTCA43TXL] EXPLORE PANTS CAB (XL, Negro - 10);EXPLORE PANTS;CAB;XL;Negro;1,00;Cerro Verde ;octubre-2025
18/10/2025;PANNTCA33TL;[PANNTCA33TL] EXPLORE PANTS CAB (L, Kaki - 80279);EXPLORE PANTS;CAB;L;Kaki;1,00;Sambil Valencia;octubre-2025
18/10/2025;PANNTCA43TL;[PANNTCA43TL] EXPLORE PANTS CAB (L, Negro - 10);EXPLORE PANTS;CAB;L;Negro;1,00;Cerro Verde ;octubre-2025
18/10/2025;PANNTDA33TL;[PANNTDA33TL] EXPLORE PANTS DAMA (L, Kaki - 80279);EXPLORE PANTS;DAMA;L;Kaki;1,00;Cerro Verde ;octubre-2025
18/10/2025;PANNTCA33TL;[PANNTCA33TL] EXPLORE PANTS CAB (L, Kaki - 80279);EXPLORE PANTS;CAB;L;Kaki;1,00;Cerro Verde ;octubre-2025
18/10/2025;PANNTCA12TL;[PANNTCA12TL] EXPLORE PANTS CAB (L, Azul Marino - 5102);EXPLORE PANTS;CAB;L;Azul Marino;1,00;Cerro Verde ;octubre-2025
18/10/2025;PANNTCA12TM;[PANNTCA12TM] EXPLORE PANTS CAB (M, Azul Marino - 5102);EXPLORE PANTS;CAB;M;Azul Marino;1,00;Sambil Chacao ;octubre-2025
18/10/2025;PANNTCA30TM;[PANNTCA30TM] EXPLORE PANTS CAB (M, Gris Claro - 9734);EXPLORE PANTS;CAB;M;Gris Claro;1,00;Sambil Chacao ;octubre-2025
18/10/2025;PANNTCA33TM;[PANNTCA33TM] EXPLORE PANTS CAB (M, Kaki - 80279);EXPLORE PANTS;CAB;M;Kaki;1,00;Sambil Chacao ;octubre-2025
18/10/2025;PANNTDA43TXL;[PANNTDA43TXL] EXPLORE PANTS DAMA (XL, Negro - 10);EXPLORE PANTS;DAMA;XL;Negro;1,00;Sambil Valencia;octubre-2025
18/10/2025;PANNTKI66T4;[PANNTKI66T4] EXPLORE PANTS KIDS (4, Verde Militar - 60620);EXPLORE PANTS;KIDS;4;Verde Militar;1,00;Cerro Verde ;octubre-2025
18/10/2025;PANNTDA43TM;[PANNTDA43TM] EXPLORE PANTS DAMA (M, Negro - 10);EXPLORE PANTS;DAMA;M;Negro;1,00;Sambil Chacao ;octubre-2025
18/10/2025;PANNTCA33TL;[PANNTCA33TL] EXPLORE PANTS CAB (L, Kaki - 80279);EXPLORE PANTS;CAB;L;Kaki;1,00;Sambil Chacao ;octubre-2025
18/10/2025;PANNTDA33TM;[PANNTDA33TM] EXPLORE PANTS DAMA (M, Kaki - 80279);EXPLORE PANTS;DAMA;M;Kaki;1,00;Sambil Valencia;octubre-2025
18/10/2025;PANNTDA33TL;[PANNTDA33TL] EXPLORE PANTS DAMA (L, Kaki - 80279);EXPLORE PANTS;DAMA;L;Kaki;1,00;Cerro Verde ;octubre-2025
18/10/2025;PANNTKI66T2;[PANNTKI66T2] EXPLORE PANTS KIDS (2, Verde Militar - 60620);EXPLORE PANTS;KIDS;2;Verde Militar;1,00;Sambil Valencia;octubre-2025
19/10/2025;PANNTDA43TXS;[PANNTDA43TXS] EXPLORE PANTS DAMA (XS, Negro - 10);EXPLORE PANTS;DAMA;XS;Negro;1,00;Sambil Valencia;octubre-2025
19/10/2025;PANNTKI43T12;[PANNTKI43T12] EXPLORE PANTS KIDS (12, Negro - 10);EXPLORE PANTS;KIDS;12;Negro;1,00;Sambil Chacao ;octubre-2025
19/10/2025;PANNTKI66T10;[PANNTKI66T10] EXPLORE PANTS KIDS (10, Verde Militar - 60620);EXPLORE PANTS;KIDS;10;Verde Militar;1,00;Sambil Chacao ;octubre-2025
19/10/2025;PANNTKI43T6;[PANNTKI43T6] EXPLORE PANTS KIDS (6, Negro - 10);EXPLORE PANTS;KIDS;6;Negro;1,00;Sambil Chacao ;octubre-2025
19/10/2025;PANNTDA33TM;[PANNTDA33TM] EXPLORE PANTS DAMA (M, Kaki - 80279);EXPLORE PANTS;DAMA;M;Kaki;1,00;La Grieta;octubre-2025
19/10/2025;PANNTDA12TL;[PANNTDA12TL] EXPLORE PANTS DAMA (L, Azul Marino - 5102);EXPLORE PANTS;DAMA;L;Azul Marino;1,00;Sambil Valencia;octubre-2025
19/10/2025;PANNTDA66TL;[PANNTDA66TL] EXPLORE PANTS DAMA (L, Verde Militar - 60620);EXPLORE PANTS;DAMA;L;Verde Militar;1,00;Sambil Valencia;octubre-2025
19/10/2025;PANNTDA43TL;[PANNTDA43TL] EXPLORE PANTS DAMA (L, Negro - 10);EXPLORE PANTS;DAMA;L;Negro;1,00;Sambil Valencia;octubre-2025
19/10/2025;PANNTDA33TL;[PANNTDA33TL] EXPLORE PANTS DAMA (L, Kaki - 80279);EXPLORE PANTS;DAMA;L;Kaki;1,00;Sambil Valencia;octubre-2025
19/10/2025;PANNTDA33TM;[PANNTDA33TM] EXPLORE PANTS DAMA (M, Kaki - 80279);EXPLORE PANTS;DAMA;M;Kaki;1,00;Sambil Valencia;octubre-2025
19/10/2025;PANNTDA33TS;[PANNTDA33TS] EXPLORE PANTS DAMA (S, Kaki - 80279);EXPLORE PANTS;DAMA;S;Kaki;1,00;Sambil Valencia;octubre-2025
19/10/2025;PANNTDA66TM;[PANNTDA66TM] EXPLORE PANTS DAMA (M, Verde Militar - 60620);EXPLORE PANTS;DAMA;M;Verde Militar;1,00;Sambil Valencia;octubre-2025
19/10/2025;PANNTDA30TM;[PANNTDA30TM] EXPLORE PANTS DAMA (M, Gris Claro - 9734);EXPLORE PANTS;DAMA;M;Gris Claro;1,00;Sambil Valencia;octubre-2025
19/10/2025;PANNTDA43TM;[PANNTDA43TM] EXPLORE PANTS DAMA (M, Negro - 10);EXPLORE PANTS;DAMA;M;Negro;1,00;Sambil Valencia;octubre-2025
19/10/2025;PANNTDA43TS;[PANNTDA43TS] EXPLORE PANTS DAMA (S, Negro - 10);EXPLORE PANTS;DAMA;S;Negro;1,00;Sambil Valencia;octubre-2025
19/10/2025;PANNTCA66TM;[PANNTCA66TM] EXPLORE PANTS CAB (M, Verde Militar - 60620);EXPLORE PANTS;CAB;M;Verde Militar;1,00;Sambil Chacao ;octubre-2025
19/10/2025;PANNTCA43TXL;[PANNTCA43TXL] EXPLORE PANTS CAB (XL, Negro - 10);EXPLORE PANTS;CAB;XL;Negro;1,00;La Grieta;octubre-2025
19/10/2025;PANNTCA43TM;[PANNTCA43TM] EXPLORE PANTS CAB (M, Negro - 10);EXPLORE PANTS;CAB;M;Negro;1,00;La Grieta;octubre-2025
19/10/2025;PANNTDA66TS;[PANNTDA66TS] EXPLORE PANTS DAMA (S, Verde Militar - 60620);EXPLORE PANTS;DAMA;S;Verde Militar;1,00;Cerro Verde ;octubre-2025
19/10/2025;PANNTCA12TL;[PANNTCA12TL] EXPLORE PANTS CAB (L, Azul Marino - 5102);EXPLORE PANTS;CAB;L;Azul Marino;1,00;Sambil Valencia;octubre-2025
19/10/2025;PANNTCA33TL;[PANNTCA33TL] EXPLORE PANTS CAB (L, Kaki - 80279);EXPLORE PANTS;CAB;L;Kaki;1,00;Sambil Chacao ;octubre-2025
20/10/2025;PANNTCA43TL;[PANNTCA43TL] EXPLORE PANTS CAB (L, Negro - 10);EXPLORE PANTS;CAB;L;Negro;1,00;La Grieta;octubre-2025
20/10/2025;PANNTDA43TXL;[PANNTDA43TXL] EXPLORE PANTS DAMA (XL, Negro - 10);EXPLORE PANTS;DAMA;XL;Negro;1,00;Sambil Valencia;octubre-2025
20/10/2025;PANNTKI66T10;[PANNTKI66T10] EXPLORE PANTS KIDS (10, Verde Militar - 60620);EXPLORE PANTS;KIDS;10;Verde Militar;-1,00;Sambil Chacao ;octubre-2025
20/10/2025;PANNTKI43T10;[PANNTKI43T10] EXPLORE PANTS KIDS (10, Negro - 10);EXPLORE PANTS;KIDS;10;Negro;1,00;Sambil Chacao ;octubre-2025
20/10/2025;PANNTDA33TM;[PANNTDA33TM] EXPLORE PANTS DAMA (M, Kaki - 80279);EXPLORE PANTS;DAMA;M;Kaki;1,00;Cerro Verde ;octubre-2025
20/10/2025;PANNTDA12TL;[PANNTDA12TL] EXPLORE PANTS DAMA (L, Azul Marino - 5102);EXPLORE PANTS;DAMA;L;Azul Marino;1,00;La Grieta;octubre-2025
20/10/2025;PANNTDA12T2XL;[PANNTDA12T2XL] EXPLORE PANTS DAMA (2XL, Azul Marino - 5102);EXPLORE PANTS;DAMA;2XL;Azul Marino;1,00;La Grieta;octubre-2025
20/10/2025;PANNTCA33TM;[PANNTCA33TM] EXPLORE PANTS CAB (M, Kaki - 80279);EXPLORE PANTS;CAB;M;Kaki;1,00;Sambil Chacao ;octubre-2025
21/10/2025;PANNTCA43TM;[PANNTCA43TM] EXPLORE PANTS CAB (M, Negro - 10);EXPLORE PANTS;CAB;M;Negro;1,00;Cerro Verde ;octubre-2025
21/10/2025;PANNTCA30TL;[PANNTCA30TL] EXPLORE PANTS CAB (L, Gris Claro - 9734);EXPLORE PANTS;CAB;L;Gris Claro;1,00;La Grieta;octubre-2025
21/10/2025;PANNTCA43TS;[PANNTCA43TS] EXPLORE PANTS CAB (S, Negro - 10);EXPLORE PANTS;CAB;S;Negro;-2,00;Grandplaz ;octubre-2025
21/10/2025;PANNTCA12TM;[PANNTCA12TM] EXPLORE PANTS CAB (M, Azul Marino - 5102);EXPLORE PANTS;CAB;M;Azul Marino;1,00;Cerro Verde ;octubre-2025
21/10/2025;PANNTCA33TM;[PANNTCA33TM] EXPLORE PANTS CAB (M, Kaki - 80279);EXPLORE PANTS;CAB;M;Kaki;1,00;Sambil Chacao ;octubre-2025
21/10/2025;PANNTDA30TL;[PANNTDA30TL] EXPLORE PANTS DAMA (L, Gris Claro - 9734);EXPLORE PANTS;DAMA;L;Gris Claro;1,00;Sambil Chacao ;octubre-2025
22/10/2025;PANNTDA43TXL;[PANNTDA43TXL] EXPLORE PANTS DAMA (XL, Negro - 10);EXPLORE PANTS;DAMA;XL;Negro;1,00;Sambil Valencia;octubre-2025
22/10/2025;PANNTDA66TXL;[PANNTDA66TXL] EXPLORE PANTS DAMA (XL, Verde Militar - 60620);EXPLORE PANTS;DAMA;XL;Verde Militar;1,00;Sambil Valencia;octubre-2025
22/10/2025;PANNTCA33TXL;[PANNTCA33TXL] EXPLORE PANTS CAB (XL, Kaki - 80279);EXPLORE PANTS;CAB;XL;Kaki;1,00;La Grieta;octubre-2025
23/10/2025;PANNTKI43T12;[PANNTKI43T12] EXPLORE PANTS KIDS (12, Negro - 10);EXPLORE PANTS;KIDS;12;Negro;1,00;Cerro Verde ;octubre-2025
23/10/2025;PANNTCA30TM;[PANNTCA30TM] EXPLORE PANTS CAB (M, Gris Claro - 9734);EXPLORE PANTS;CAB;M;Gris Claro;1,00;WEB;octubre-2025
23/10/2025;PANNTCA30TS;[PANNTCA30TS] EXPLORE PANTS CAB (S, Gris Claro - 9734);EXPLORE PANTS;CAB;S;Gris Claro;1,00;WEB;octubre-2025
23/10/2025;PANNTCA30TL;[PANNTCA30TL] EXPLORE PANTS CAB (L, Gris Claro - 9734);EXPLORE PANTS;CAB;L;Gris Claro;1,00;WEB;octubre-2025
23/10/2025;PANNTKI30T12;[PANNTKI30T12] EXPLORE PANTS KIDS (12, Gris Claro - 9734);EXPLORE PANTS;KIDS;12;Gris Claro;1,00;Sambil Chacao ;octubre-2025
23/10/2025;PANNTKI30T10;[PANNTKI30T10] EXPLORE PANTS KIDS (10, Gris Claro - 9734);EXPLORE PANTS;KIDS;10;Gris Claro;1,00;Sambil Chacao ;octubre-2025
23/10/2025;PANNTDA30TS;[PANNTDA30TS] EXPLORE PANTS DAMA (S, Gris Claro - 9734);EXPLORE PANTS;DAMA;S;Gris Claro;1,00;Sambil Chacao ;octubre-2025
23/10/2025;PANNTCA30TL;[PANNTCA30TL] EXPLORE PANTS CAB (L, Gris Claro - 9734);EXPLORE PANTS;CAB;L;Gris Claro;1,00;Sambil Chacao ;octubre-2025
23/10/2025;PANNTKI66T8;[PANNTKI66T8] EXPLORE PANTS KIDS (8, Verde Militar - 60620);EXPLORE PANTS;KIDS;8;Verde Militar;1,00;Sambil Valencia;octubre-2025
23/10/2025;PANNTCA43TM;[PANNTCA43TM] EXPLORE PANTS CAB (M, Negro - 10);EXPLORE PANTS;CAB;M;Negro;1,00;La Grieta;octubre-2025
23/10/2025;PANNTCA66TL;[PANNTCA66TL] EXPLORE PANTS CAB (L, Verde Militar - 60620);EXPLORE PANTS;CAB;L;Verde Militar;1,00;Cerro Verde ;octubre-2025
23/10/2025;PANNTCA43TXL;[PANNTCA43TXL] EXPLORE PANTS CAB (XL, Negro - 10);EXPLORE PANTS;CAB;XL;Negro;1,00;La Grieta;octubre-2025
23/10/2025;PANNTDA43TXL;[PANNTDA43TXL] EXPLORE PANTS DAMA (XL, Negro - 10);EXPLORE PANTS;DAMA;XL;Negro;1,00;La Grieta;octubre-2025
24/10/2025;PANNTKI12T12;[PANNTKI12T12] EXPLORE PANTS KIDS (12, Azul Marino - 5102);EXPLORE PANTS;KIDS;12;Azul Marino;1,00;Sambil Valencia;octubre-2025
24/10/2025;PANNTKI43T12;[PANNTKI43T12] EXPLORE PANTS KIDS (12, Negro - 10);EXPLORE PANTS;KIDS;12;Negro;-1,00;Cerro Verde ;octubre-2025
24/10/2025;PANNTKI43T12;[PANNTKI43T12] EXPLORE PANTS KIDS (12, Negro - 10);EXPLORE PANTS;KIDS;12;Negro;1,00;Cerro Verde ;octubre-2025
24/10/2025;PANNTDA30TS;[PANNTDA30TS] EXPLORE PANTS DAMA (S, Gris Claro - 9734);EXPLORE PANTS;DAMA;S;Gris Claro;-1,00;Grandplaz ;octubre-2025
24/10/2025;PANNTCA66TS;[PANNTCA66TS] EXPLORE PANTS CAB (S, Verde Militar - 60620);EXPLORE PANTS;CAB;S;Verde Militar;1,00;Grandplaz ;octubre-2025
24/10/2025;PANNTDA33TM;[PANNTDA33TM] EXPLORE PANTS DAMA (M, Kaki - 80279);EXPLORE PANTS;DAMA;M;Kaki;1,00;La Grieta;octubre-2025
24/10/2025;PANNTCA33TL;[PANNTCA33TL] EXPLORE PANTS CAB (L, Kaki - 80279);EXPLORE PANTS;CAB;L;Kaki;1,00;Cerro Verde ;octubre-2025
24/10/2025;PANNTCA33TS;[PANNTCA33TS] EXPLORE PANTS CAB (S, Kaki - 80279);EXPLORE PANTS;CAB;S;Kaki;1,00;Cerro Verde ;octubre-2025
24/10/2025;PANNTCA43TL;[PANNTCA43TL] EXPLORE PANTS CAB (L, Negro - 10);EXPLORE PANTS;CAB;L;Negro;1,00;Cerro Verde ;octubre-2025
24/10/2025;PANNTDA33TXL;[PANNTDA33TXL] EXPLORE PANTS DAMA (XL, Kaki - 80279);EXPLORE PANTS;DAMA;XL;Kaki;1,00;Sambil Valencia;octubre-2025
25/10/2025;PANNTCA43TL;[PANNTCA43TL] EXPLORE PANTS CAB (L, Negro - 10);EXPLORE PANTS;CAB;L;Negro;1,00;Sambil Chacao ;octubre-2025
25/10/2025;PANNTCA33TS;[PANNTCA33TS] EXPLORE PANTS CAB (S, Kaki - 80279);EXPLORE PANTS;CAB;S;Kaki;-1,00;Cerro Verde ;octubre-2025
25/10/2025;PANNTCA43TL;[PANNTCA43TL] EXPLORE PANTS CAB (L, Negro - 10);EXPLORE PANTS;CAB;L;Negro;-1,00;Cerro Verde ;octubre-2025
25/10/2025;PANNTCA33TL;[PANNTCA33TL] EXPLORE PANTS CAB (L, Kaki - 80279);EXPLORE PANTS;CAB;L;Kaki;-1,00;Cerro Verde ;octubre-2025
25/10/2025;PANNTCA33TM;[PANNTCA33TM] EXPLORE PANTS CAB (M, Kaki - 80279);EXPLORE PANTS;CAB;M;Kaki;1,00;Cerro Verde ;octubre-2025
25/10/2025;PANNTCA12TXL;[PANNTCA12TXL] EXPLORE PANTS CAB (XL, Azul Marino - 5102);EXPLORE PANTS;CAB;XL;Azul Marino;1,00;Cerro Verde ;octubre-2025
25/10/2025;PANNTCA33TXL;[PANNTCA33TXL] EXPLORE PANTS CAB (XL, Kaki - 80279);EXPLORE PANTS;CAB;XL;Kaki;1,00;Cerro Verde ;octubre-2025
25/10/2025;PANNTDA30TXL;[PANNTDA30TXL] EXPLORE PANTS DAMA (XL, Gris Claro - 9734);EXPLORE PANTS;DAMA;XL;Gris Claro;1,00;Cerro Verde ;octubre-2025
25/10/2025;PANNTDA12TL;[PANNTDA12TL] EXPLORE PANTS DAMA (L, Azul Marino - 5102);EXPLORE PANTS;DAMA;L;Azul Marino;1,00;La Grieta;octubre-2025
25/10/2025;PANNTDA43TXS;[PANNTDA43TXS] EXPLORE PANTS DAMA (XS, Negro - 10);EXPLORE PANTS;DAMA;XS;Negro;1,00;Sambil Chacao ;octubre-2025
25/10/2025;PANNTCA66TS;[PANNTCA66TS] EXPLORE PANTS CAB (S, Verde Militar - 60620);EXPLORE PANTS;CAB;S;Verde Militar;1,00;Sambil Valencia;octubre-2025
25/10/2025;PANNTDA43TM;[PANNTDA43TM] EXPLORE PANTS DAMA (M, Negro - 10);EXPLORE PANTS;DAMA;M;Negro;1,00;Sambil Valencia;octubre-2025
26/10/2025;PANNTCA43TM;[PANNTCA43TM] EXPLORE PANTS CAB (M, Negro - 10);EXPLORE PANTS;CAB;M;Negro;1,00;La Grieta;octubre-2025
26/10/2025;PANNTCA43TL;[PANNTCA43TL] EXPLORE PANTS CAB (L, Negro - 10);EXPLORE PANTS;CAB;L;Negro;1,00;Cerro Verde ;octubre-2025
26/10/2025;PANNTCA12TM;[PANNTCA12TM] EXPLORE PANTS CAB (M, Azul Marino - 5102);EXPLORE PANTS;CAB;M;Azul Marino;1,00;Grandplaz ;octubre-2025
26/10/2025;PANNTCA43TM;[PANNTCA43TM] EXPLORE PANTS CAB (M, Negro - 10);EXPLORE PANTS;CAB;M;Negro;1,00;Grandplaz ;octubre-2025
26/10/2025;PANNTDA43TM;[PANNTDA43TM] EXPLORE PANTS DAMA (M, Negro - 10);EXPLORE PANTS;DAMA;M;Negro;1,00;Grandplaz ;octubre-2025
26/10/2025;PANNTDA66TM;[PANNTDA66TM] EXPLORE PANTS DAMA (M, Verde Militar - 60620);EXPLORE PANTS;DAMA;M;Verde Militar;1,00;Grandplaz ;octubre-2025
26/10/2025;PANNTCA12TXL;[PANNTCA12TXL] EXPLORE PANTS CAB (XL, Azul Marino - 5102);EXPLORE PANTS;CAB;XL;Azul Marino;1,00;Grandplaz ;octubre-2025
26/10/2025;PANNTCA66TXL;[PANNTCA66TXL] EXPLORE PANTS CAB (XL, Verde Militar - 60620);EXPLORE PANTS;CAB;XL;Verde Militar;1,00;Grandplaz ;octubre-2025
26/10/2025;PANNTDA12TS;[PANNTDA12TS] EXPLORE PANTS DAMA (S, Azul Marino - 5102);EXPLORE PANTS;DAMA;S;Azul Marino;1,00;Sambil Chacao ;octubre-2025
26/10/2025;PANNTDA30TS;[PANNTDA30TS] EXPLORE PANTS DAMA (S, Gris Claro - 9734);EXPLORE PANTS;DAMA;S;Gris Claro;1,00;Sambil Chacao ;octubre-2025
26/10/2025;PANNTDA30TXS;[PANNTDA30TXS] EXPLORE PANTS DAMA (XS, Gris Claro - 9734);EXPLORE PANTS;DAMA;XS;Gris Claro;1,00;Sambil Chacao ;octubre-2025
26/10/2025;PANNTCA33TXL;[PANNTCA33TXL] EXPLORE PANTS CAB (XL, Kaki - 80279);EXPLORE PANTS;CAB;XL;Kaki;1,00;Cerro Verde ;octubre-2025
26/10/2025;PANNTDA12TL;[PANNTDA12TL] EXPLORE PANTS DAMA (L, Azul Marino - 5102);EXPLORE PANTS;DAMA;L;Azul Marino;1,00;Sambil Valencia;octubre-2025
26/10/2025;PANNTDA43TL;[PANNTDA43TL] EXPLORE PANTS DAMA (L, Negro - 10);EXPLORE PANTS;DAMA;L;Negro;1,00;Sambil Valencia;octubre-2025
26/10/2025;PANNTDA30TM;[PANNTDA30TM] EXPLORE PANTS DAMA (M, Gris Claro - 9734);EXPLORE PANTS;DAMA;M;Gris Claro;1,00;Cerro Verde ;octubre-2025
26/10/2025;PANNTCA43TM;[PANNTCA43TM] EXPLORE PANTS CAB (M, Negro - 10);EXPLORE PANTS;CAB;M;Negro;1,00;Cerro Verde ;octubre-2025
27/10/2025;PANNTDA30TM;[PANNTDA30TM] EXPLORE PANTS DAMA (M, Gris Claro - 9734);EXPLORE PANTS;DAMA;M;Gris Claro;1,00;WEB;octubre-2025
27/10/2025;PANNTDA12TM;[PANNTDA12TM] EXPLORE PANTS DAMA (M, Azul Marino - 5102);EXPLORE PANTS;DAMA;M;Azul Marino;1,00;Sambil Chacao ;octubre-2025
27/10/2025;PANNTCA43TM;[PANNTCA43TM] EXPLORE PANTS CAB (M, Negro - 10);EXPLORE PANTS;CAB;M;Negro;1,00;Sambil Chacao ;octubre-2025
27/10/2025;PANNTCA43TXL;[PANNTCA43TXL] EXPLORE PANTS CAB (XL, Negro - 10);EXPLORE PANTS;CAB;XL;Negro;1,00;La Grieta;octubre-2025
27/10/2025;PANNTKI43T10;[PANNTKI43T10] EXPLORE PANTS KIDS (10, Negro - 10);EXPLORE PANTS;KIDS;10;Negro;1,00;Sambil Chacao ;octubre-2025
27/10/2025;PANNTKI43T4;[PANNTKI43T4] EXPLORE PANTS KIDS (4, Negro - 10);EXPLORE PANTS;KIDS;4;Negro;1,00;Sambil Chacao ;octubre-2025
27/10/2025;PANNTKI12T4;[PANNTKI12T4] EXPLORE PANTS KIDS (4, Azul Marino - 5102);EXPLORE PANTS;KIDS;4;Azul Marino;1,00;Sambil Chacao ;octubre-2025
27/10/2025;PANNTKI43T8;[PANNTKI43T8] EXPLORE PANTS KIDS (8, Negro - 10);EXPLORE PANTS;KIDS;8;Negro;1,00;Sambil Chacao ;octubre-2025
27/10/2025;PANNTKI12T10;[PANNTKI12T10] EXPLORE PANTS KIDS (10, Azul Marino - 5102);EXPLORE PANTS;KIDS;10;Azul Marino;1,00;Sambil Chacao ;octubre-2025
27/10/2025;PANNTCA33TL;[PANNTCA33TL] EXPLORE PANTS CAB (L, Kaki - 80279);EXPLORE PANTS;CAB;L;Kaki;1,00;Sambil Chacao ;octubre-2025
27/10/2025;PANNTDA30TL;[PANNTDA30TL] EXPLORE PANTS DAMA (L, Gris Claro - 9734);EXPLORE PANTS;DAMA;L;Gris Claro;1,00;Sambil Chacao ;octubre-2025
27/10/2025;PANNTDA12TM;[PANNTDA12TM] EXPLORE PANTS DAMA (M, Azul Marino - 5102);EXPLORE PANTS;DAMA;M;Azul Marino;-1,00;Sambil Chacao ;octubre-2025
27/10/2025;PANNTCA43TM;[PANNTCA43TM] EXPLORE PANTS CAB (M, Negro - 10);EXPLORE PANTS;CAB;M;Negro;-1,00;Sambil Chacao ;octubre-2025
27/10/2025;PANNTDA43TM;[PANNTDA43TM] EXPLORE PANTS DAMA (M, Negro - 10);EXPLORE PANTS;DAMA;M;Negro;1,00;Sambil Chacao ;octubre-2025
27/10/2025;PANNTCA43TL;[PANNTCA43TL] EXPLORE PANTS CAB (L, Negro - 10);EXPLORE PANTS;CAB;L;Negro;1,00;Sambil Chacao ;octubre-2025
27/10/2025;PANNTDA12TXS;[PANNTDA12TXS] EXPLORE PANTS DAMA (XS, Azul Marino - 5102);EXPLORE PANTS;DAMA;XS;Azul Marino;1,00;Cerro Verde ;octubre-2025
27/10/2025;PANNTKI66T12;[PANNTKI66T12] EXPLORE PANTS KIDS (12, Verde Militar - 60620);EXPLORE PANTS;KIDS;12;Verde Militar;1,00;Cerro Verde ;octubre-2025
27/10/2025;PANNTKI12T10;[PANNTKI12T10] EXPLORE PANTS KIDS (10, Azul Marino - 5102);EXPLORE PANTS;KIDS;10;Azul Marino;-1,00;Sambil Chacao ;octubre-2025
27/10/2025;PANNTKI12T8;[PANNTKI12T8] EXPLORE PANTS KIDS (8, Azul Marino - 5102);EXPLORE PANTS;KIDS;8;Azul Marino;1,00;Sambil Chacao ;octubre-2025
27/10/2025;PANNTCA43TXL;[PANNTCA43TXL] EXPLORE PANTS CAB (XL, Negro - 10);EXPLORE PANTS;CAB;XL;Negro;1,00;Sambil Chacao ;octubre-2025
28/10/2025;PANNTCA43TM;[PANNTCA43TM] EXPLORE PANTS CAB (M, Negro - 10);EXPLORE PANTS;CAB;M;Negro;1,00;WEB;octubre-2025
28/10/2025;PANNTCA43TXL;[PANNTCA43TXL] EXPLORE PANTS CAB (XL, Negro - 10);EXPLORE PANTS;CAB;XL;Negro;1,00;Sambil Valencia;octubre-2025
28/10/2025;PANNTDA33TXL;[PANNTDA33TXL] EXPLORE PANTS DAMA (XL, Kaki - 80279);EXPLORE PANTS;DAMA;XL;Kaki;1,00;La Grieta;octubre-2025
28/10/2025;PANNTCA33TS;[PANNTCA33TS] EXPLORE PANTS CAB (S, Kaki - 80279);EXPLORE PANTS;CAB;S;Kaki;1,00;La Grieta;octubre-2025
28/10/2025;PANNTKI66T10;[PANNTKI66T10] EXPLORE PANTS KIDS (10, Verde Militar - 60620);EXPLORE PANTS;KIDS;10;Verde Militar;1,00;Cerro Verde ;octubre-2025
28/10/2025;PANNTKI30T10;[PANNTKI30T10] EXPLORE PANTS KIDS (10, Gris Claro - 9734);EXPLORE PANTS;KIDS;10;Gris Claro;1,00;Cerro Verde ;octubre-2025
28/10/2025;PANNTDA30TL;[PANNTDA30TL] EXPLORE PANTS DAMA (L, Gris Claro - 9734);EXPLORE PANTS;DAMA;L;Gris Claro;1,00;La Grieta;octubre-2025
28/10/2025;PANNTDA33TL;[PANNTDA33TL] EXPLORE PANTS DAMA (L, Kaki - 80279);EXPLORE PANTS;DAMA;L;Kaki;1,00;La Grieta;octubre-2025
28/10/2025;PANNTDA43TS;[PANNTDA43TS] EXPLORE PANTS DAMA (S, Negro - 10);EXPLORE PANTS;DAMA;S;Negro;1,00;Sambil Chacao ;octubre-2025
28/10/2025;PANNTDA12TS;[PANNTDA12TS] EXPLORE PANTS DAMA (S, Azul Marino - 5102);EXPLORE PANTS;DAMA;S;Azul Marino;1,00;Sambil Chacao ;octubre-2025
28/10/2025;PANNTDA43TS;[PANNTDA43TS] EXPLORE PANTS DAMA (S, Negro - 10);EXPLORE PANTS;DAMA;S;Negro;1,00;La Grieta;octubre-2025
28/10/2025;PANNTCA43TL;[PANNTCA43TL] EXPLORE PANTS CAB (L, Negro - 10);EXPLORE PANTS;CAB;L;Negro;1,00;La Grieta;octubre-2025
28/10/2025;PANNTDA43TS;[PANNTDA43TS] EXPLORE PANTS DAMA (S, Negro - 10);EXPLORE PANTS;DAMA;S;Negro;1,00;Sambil Chacao ;octubre-2025
28/10/2025;PANNTKI43T12;[PANNTKI43T12] EXPLORE PANTS KIDS (12, Negro - 10);EXPLORE PANTS;KIDS;12;Negro;1,00;Sambil Chacao ;octubre-2025
28/10/2025;PANNTDA30TS;[PANNTDA30TS] EXPLORE PANTS DAMA (S, Gris Claro - 9734);EXPLORE PANTS;DAMA;S;Gris Claro;1,00;Sambil Chacao ;octubre-2025
29/10/2025;PANNTKI43T6;[PANNTKI43T6] EXPLORE PANTS KIDS (6, Negro - 10);EXPLORE PANTS;KIDS;6;Negro;1,00;Grandplaz ;octubre-2025
29/10/2025;PANNTKI66T6;[PANNTKI66T6] EXPLORE PANTS KIDS (6, Verde Militar - 60620);EXPLORE PANTS;KIDS;6;Verde Militar;1,00;Grandplaz ;octubre-2025
29/10/2025;PANNTKI66T4;[PANNTKI66T4] EXPLORE PANTS KIDS (4, Verde Militar - 60620);EXPLORE PANTS;KIDS;4;Verde Militar;1,00;Grandplaz ;octubre-2025
29/10/2025;PANNTKI43T4;[PANNTKI43T4] EXPLORE PANTS KIDS (4, Negro - 10);EXPLORE PANTS;KIDS;4;Negro;1,00;Grandplaz ;octubre-2025
29/10/2025;PANNTCA43TM;[PANNTCA43TM] EXPLORE PANTS CAB (M, Negro - 10);EXPLORE PANTS;CAB;M;Negro;1,00;Sambil Valencia;octubre-2025
29/10/2025;PANNTCA43TL;[PANNTCA43TL] EXPLORE PANTS CAB (L, Negro - 10);EXPLORE PANTS;CAB;L;Negro;1,00;Sambil Chacao ;octubre-2025
29/10/2025;PANNTDA43TM;[PANNTDA43TM] EXPLORE PANTS DAMA (M, Negro - 10);EXPLORE PANTS;DAMA;M;Negro;1,00;Sambil Valencia;octubre-2025
29/10/2025;PANNTDA43TS;[PANNTDA43TS] EXPLORE PANTS DAMA (S, Negro - 10);EXPLORE PANTS;DAMA;S;Negro;1,00;Cerro Verde ;octubre-2025
29/10/2025;PANNTDA66TXL;[PANNTDA66TXL] EXPLORE PANTS DAMA (XL, Verde Militar - 60620);EXPLORE PANTS;DAMA;XL;Verde Militar;1,00;La Grieta;octubre-2025
29/10/2025;PANNTCA43TXL;[PANNTCA43TXL] EXPLORE PANTS CAB (XL, Negro - 10);EXPLORE PANTS;CAB;XL;Negro;1,00;Sambil Valencia;octubre-2025
29/10/2025;PANNTCA12TXL;[PANNTCA12TXL] EXPLORE PANTS CAB (XL, Azul Marino - 5102);EXPLORE PANTS;CAB;XL;Azul Marino;1,00;Sambil Valencia;octubre-2025
29/10/2025;PANNTCA30TXL;[PANNTCA30TXL] EXPLORE PANTS CAB (XL, Gris Claro - 9734);EXPLORE PANTS;CAB;XL;Gris Claro;1,00;Sambil Valencia;octubre-2025
29/10/2025;PANNTKI66T12;[PANNTKI66T12] EXPLORE PANTS KIDS (12, Verde Militar - 60620);EXPLORE PANTS;KIDS;12;Verde Militar;1,00;Cerro Verde ;octubre-2025
29/10/2025;PANNTKI43T12;[PANNTKI43T12] EXPLORE PANTS KIDS (12, Negro - 10);EXPLORE PANTS;KIDS;12;Negro;1,00;Cerro Verde ;octubre-2025
29/10/2025;PANNTDA66TXS;[PANNTDA66TXS] EXPLORE PANTS DAMA (XS, Verde Militar - 60620);EXPLORE PANTS;DAMA;XS;Verde Militar;1,00;Sambil Chacao ;octubre-2025
30/10/2025;PANNTDA33TXL;[PANNTDA33TXL] EXPLORE PANTS DAMA (XL, Kaki - 80279);EXPLORE PANTS;DAMA;XL;Kaki;1,00;Sambil Valencia;octubre-2025
30/10/2025;PANNTDA43TXL;[PANNTDA43TXL] EXPLORE PANTS DAMA (XL, Negro - 10);EXPLORE PANTS;DAMA;XL;Negro;1,00;Sambil Valencia;octubre-2025
30/10/2025;PANNTDA66TXL;[PANNTDA66TXL] EXPLORE PANTS DAMA (XL, Verde Militar - 60620);EXPLORE PANTS;DAMA;XL;Verde Militar;1,00;Sambil Valencia;octubre-2025
30/10/2025;PANNTCA33TM;[PANNTCA33TM] EXPLORE PANTS CAB (M, Kaki - 80279);EXPLORE PANTS;CAB;M;Kaki;1,00;La Grieta;octubre-2025
31/10/2025;PANNTDA43TL;[PANNTDA43TL] EXPLORE PANTS DAMA (L, Negro - 10);EXPLORE PANTS;DAMA;L;Negro;1,00;WEB;octubre-2025
31/10/2025;PANNTDA12TM;[PANNTDA12TM] EXPLORE PANTS DAMA (M, Azul Marino - 5102);EXPLORE PANTS;DAMA;M;Azul Marino;1,00;Cerro Verde ;octubre-2025
31/10/2025;PANNTCA33TL;[PANNTCA33TL] EXPLORE PANTS CAB (L, Kaki - 80279);EXPLORE PANTS;CAB;L;Kaki;1,00;Cerro Verde ;octubre-2025
31/10/2025;PANNTDA43TXS;[PANNTDA43TXS] EXPLORE PANTS DAMA (XS, Negro - 10);EXPLORE PANTS;DAMA;XS;Negro;1,00;Sambil Valencia;octubre-2025
31/10/2025;PANNTDA33TXL;[PANNTDA33TXL] EXPLORE PANTS DAMA (XL, Kaki - 80279);EXPLORE PANTS;DAMA;XL;Kaki;1,00;La Grieta;octubre-2025
31/10/2025;PANNTDA12TL;[PANNTDA12TL] EXPLORE PANTS DAMA (L, Azul Marino - 5102);EXPLORE PANTS;DAMA;L;Azul Marino;1,00;Cerro Verde ;octubre-2025
01/11/2025;PANNTDA43TM;[PANNTDA43TM] EXPLORE PANTS DAMA (M, Negro - 10);EXPLORE PANTS;DAMA;M;Negro;1,00;Sambil Chacao ;noviembre-2025
01/11/2025;PANNTDA43TM;[PANNTDA43TM] EXPLORE PANTS DAMA (M, Negro - 10);EXPLORE PANTS;DAMA;M;Negro;1,00;Sambil Valencia;noviembre-2025
01/11/2025;PANNTCA66TL;[PANNTCA66TL] EXPLORE PANTS CAB (L, Verde Militar - 60620);EXPLORE PANTS;CAB;L;Verde Militar;1,00;Cerro Verde ;noviembre-2025
01/11/2025;PANNTCA33TL;[PANNTCA33TL] EXPLORE PANTS CAB (L, Kaki - 80279);EXPLORE PANTS;CAB;L;Kaki;1,00;Sambil Chacao ;noviembre-2025
01/11/2025;PANNTDA12TS;[PANNTDA12TS] EXPLORE PANTS DAMA (S, Azul Marino - 5102);EXPLORE PANTS;DAMA;S;Azul Marino;1,00;Sambil Chacao ;noviembre-2025
01/11/2025;PANNTDA30TS;[PANNTDA30TS] EXPLORE PANTS DAMA (S, Gris Claro - 9734);EXPLORE PANTS;DAMA;S;Gris Claro;1,00;Sambil Chacao ;noviembre-2025
01/11/2025;PANNTDA66TXS;[PANNTDA66TXS] EXPLORE PANTS DAMA (XS, Verde Militar - 60620);EXPLORE PANTS;DAMA;XS;Verde Militar;1,00;Sambil Chacao ;noviembre-2025
01/11/2025;PANNTCA33TM;[PANNTCA33TM] EXPLORE PANTS CAB (M, Kaki - 80279);EXPLORE PANTS;CAB;M;Kaki;1,00;Sambil Valencia;noviembre-2025
01/11/2025;PANNTKI12T12;[PANNTKI12T12] EXPLORE PANTS KIDS (12, Azul Marino - 5102);EXPLORE PANTS;KIDS;12;Azul Marino;1,00;La Grieta;noviembre-2025
01/11/2025;PANNTCA12TM;[PANNTCA12TM] EXPLORE PANTS CAB (M, Azul Marino - 5102);EXPLORE PANTS;CAB;M;Azul Marino;1,00;Cerro Verde ;noviembre-2025
01/11/2025;PANNTKI12T2;[PANNTKI12T2] EXPLORE PANTS KIDS (2, Azul Marino - 5102);EXPLORE PANTS;KIDS;2;Azul Marino;1,00;Cerro Verde ;noviembre-2025
01/11/2025;PANNTDA43TXS;[PANNTDA43TXS] EXPLORE PANTS DAMA (XS, Negro - 10);EXPLORE PANTS;DAMA;XS;Negro;1,00;Cerro Verde ;noviembre-2025
01/11/2025;PANNTDA12TXS;[PANNTDA12TXS] EXPLORE PANTS DAMA (XS, Azul Marino - 5102);EXPLORE PANTS;DAMA;XS;Azul Marino;1,00;Cerro Verde ;noviembre-2025
01/11/2025;PANNTCA33TS;[PANNTCA33TS] EXPLORE PANTS CAB (S, Kaki - 80279);EXPLORE PANTS;CAB;S;Kaki;1,00;Sambil Valencia;noviembre-2025
01/11/2025;PANNTCA43TXL;[PANNTCA43TXL] EXPLORE PANTS CAB (XL, Negro - 10);EXPLORE PANTS;CAB;XL;Negro;1,00;Sambil Valencia;noviembre-2025
01/11/2025;PANNTCA12TXL;[PANNTCA12TXL] EXPLORE PANTS CAB (XL, Azul Marino - 5102);EXPLORE PANTS;CAB;XL;Azul Marino;1,00;Sambil Valencia;noviembre-2025
01/11/2025;PANNTCA33TM;[PANNTCA33TM] EXPLORE PANTS CAB (M, Kaki - 80279);EXPLORE PANTS;CAB;M;Kaki;1,00;Cerro Verde ;noviembre-2025
01/11/2025;PANNTCA33TS;[PANNTCA33TS] EXPLORE PANTS CAB (S, Kaki - 80279);EXPLORE PANTS;CAB;S;Kaki;1,00;Cerro Verde ;noviembre-2025
01/11/2025;PANNTCA43TS;[PANNTCA43TS] EXPLORE PANTS CAB (S, Negro - 10);EXPLORE PANTS;CAB;S;Negro;1,00;Cerro Verde ;noviembre-2025
02/11/2025;PANNTCA43TS;[PANNTCA43TS] EXPLORE PANTS CAB (S, Negro - 10);EXPLORE PANTS;CAB;S;Negro;1,00;Cerro Verde ;noviembre-2025
02/11/2025;PANNTCA66TS;[PANNTCA66TS] EXPLORE PANTS CAB (S, Verde Militar - 60620);EXPLORE PANTS;CAB;S;Verde Militar;1,00;Cerro Verde ;noviembre-2025
02/11/2025;PANNTCA43TL;[PANNTCA43TL] EXPLORE PANTS CAB (L, Negro - 10);EXPLORE PANTS;CAB;L;Negro;1,00;Cerro Verde ;noviembre-2025
02/11/2025;PANNTCA66TM;[PANNTCA66TM] EXPLORE PANTS CAB (M, Verde Militar - 60620);EXPLORE PANTS;CAB;M;Verde Militar;1,00;Cerro Verde ;noviembre-2025
02/11/2025;PANNTCA30TL;[PANNTCA30TL] EXPLORE PANTS CAB (L, Gris Claro - 9734);EXPLORE PANTS;CAB;L;Gris Claro;1,00;Sambil Chacao ;noviembre-2025
02/11/2025;PANNTDA43TXS;[PANNTDA43TXS] EXPLORE PANTS DAMA (XS, Negro - 10);EXPLORE PANTS;DAMA;XS;Negro;1,00;Sambil Valencia;noviembre-2025
02/11/2025;PANNTDA12TS;[PANNTDA12TS] EXPLORE PANTS DAMA (S, Azul Marino - 5102);EXPLORE PANTS;DAMA;S;Azul Marino;1,00;Sambil Valencia;noviembre-2025
02/11/2025;PANNTDA66TXS;[PANNTDA66TXS] EXPLORE PANTS DAMA (XS, Verde Militar - 60620);EXPLORE PANTS;DAMA;XS;Verde Militar;1,00;Sambil Valencia;noviembre-2025
02/11/2025;PANNTKI66T6;[PANNTKI66T6] EXPLORE PANTS KIDS (6, Verde Militar - 60620);EXPLORE PANTS;KIDS;6;Verde Militar;1,00;Sambil Valencia;noviembre-2025
02/11/2025;PANNTCA43TL;[PANNTCA43TL] EXPLORE PANTS CAB (L, Negro - 10);EXPLORE PANTS;CAB;L;Negro;1,00;Sambil Chacao ;noviembre-2025
03/11/2025;PANNTCA33TXL;[PANNTCA33TXL] EXPLORE PANTS CAB (XL, Kaki - 80279);EXPLORE PANTS;CAB;XL;Kaki;1,00;Sambil Chacao ;noviembre-2025
03/11/2025;PANNTDA30TXL;[PANNTDA30TXL] EXPLORE PANTS DAMA (XL, Gris Claro - 9734);EXPLORE PANTS;DAMA;XL;Gris Claro;1,00;Sambil Chacao ;noviembre-2025
03/11/2025;PANNTDA33TM;[PANNTDA33TM] EXPLORE PANTS DAMA (M, Kaki - 80279);EXPLORE PANTS;DAMA;M;Kaki;1,00;Sambil Chacao ;noviembre-2025
03/11/2025;PANNTCA33TL;[PANNTCA33TL] EXPLORE PANTS CAB (L, Kaki - 80279);EXPLORE PANTS;CAB;L;Kaki;1,00;La Grieta;noviembre-2025
03/11/2025;PANNTDA43TM;[PANNTDA43TM] EXPLORE PANTS DAMA (M, Negro - 10);EXPLORE PANTS;DAMA;M;Negro;1,00;La Grieta;noviembre-2025
03/11/2025;PANNTCA43TM;[PANNTCA43TM] EXPLORE PANTS CAB (M, Negro - 10);EXPLORE PANTS;CAB;M;Negro;1,00;La Grieta;noviembre-2025
03/11/2025;PANNTCA30TL;[PANNTCA30TL] EXPLORE PANTS CAB (L, Gris Claro - 9734);EXPLORE PANTS;CAB;L;Gris Claro;1,00;Cerro Verde ;noviembre-2025
04/11/2025;PANNTCA12TL;[PANNTCA12TL] EXPLORE PANTS CAB (L, Azul Marino - 5102);EXPLORE PANTS;CAB;L;Azul Marino;-1,00;Cerro Verde ;noviembre-2025
04/11/2025;PANNTCA43TXL;[PANNTCA43TXL] EXPLORE PANTS CAB (XL, Negro - 10);EXPLORE PANTS;CAB;XL;Negro;1,00;Cerro Verde ;noviembre-2025
04/11/2025;PANNTCA33TXL;[PANNTCA33TXL] EXPLORE PANTS CAB (XL, Kaki - 80279);EXPLORE PANTS;CAB;XL;Kaki;1,00;Cerro Verde ;noviembre-2025
04/11/2025;PANNTCA12TXL;[PANNTCA12TXL] EXPLORE PANTS CAB (XL, Azul Marino - 5102);EXPLORE PANTS;CAB;XL;Azul Marino;1,00;Cerro Verde ;noviembre-2025
04/11/2025;PANNTDA33TXL;[PANNTDA33TXL] EXPLORE PANTS DAMA (XL, Kaki - 80279);EXPLORE PANTS;DAMA;XL;Kaki;1,00;La Grieta;noviembre-2025
04/11/2025;PANNTDA12TXL;[PANNTDA12TXL] EXPLORE PANTS DAMA (XL, Azul Marino - 5102);EXPLORE PANTS;DAMA;XL;Azul Marino;1,00;La Grieta;noviembre-2025
04/11/2025;PANNTCA43TM;[PANNTCA43TM] EXPLORE PANTS CAB (M, Negro - 10);EXPLORE PANTS;CAB;M;Negro;1,00;Sambil Chacao ;noviembre-2025
04/11/2025;PANNTDA66TXS;[PANNTDA66TXS] EXPLORE PANTS DAMA (XS, Verde Militar - 60620);EXPLORE PANTS;DAMA;XS;Verde Militar;1,00;Sambil Valencia;noviembre-2025
04/11/2025;PANNTCA43TS;[PANNTCA43TS] EXPLORE PANTS CAB (S, Negro - 10);EXPLORE PANTS;CAB;S;Negro;1,00;Cerro Verde ;noviembre-2025
04/11/2025;PANNTDA33TM;[PANNTDA33TM] EXPLORE PANTS DAMA (M, Kaki - 80279);EXPLORE PANTS;DAMA;M;Kaki;1,00;Sambil Valencia;noviembre-2025
05/11/2025;PANNTDA66TM;[PANNTDA66TM] EXPLORE PANTS DAMA (M, Verde Militar - 60620);EXPLORE PANTS;DAMA;M;Verde Militar;1,00;La Grieta;noviembre-2025
05/11/2025;PANNTDA30TM;[PANNTDA30TM] EXPLORE PANTS DAMA (M, Gris Claro - 9734);EXPLORE PANTS;DAMA;M;Gris Claro;1,00;La Grieta;noviembre-2025
05/11/2025;PANNTKI43T4;[PANNTKI43T4] EXPLORE PANTS KIDS (4, Negro - 10);EXPLORE PANTS;KIDS;4;Negro;1,00;La Grieta;noviembre-2025
05/11/2025;PANNTCA12TM;[PANNTCA12TM] EXPLORE PANTS CAB (M, Azul Marino - 5102);EXPLORE PANTS;CAB;M;Azul Marino;1,00;La Grieta;noviembre-2025
05/11/2025;PANNTCA66TM;[PANNTCA66TM] EXPLORE PANTS CAB (M, Verde Militar - 60620);EXPLORE PANTS;CAB;M;Verde Militar;1,00;Cerro Verde ;noviembre-2025
05/11/2025;PANNTCA43TM;[PANNTCA43TM] EXPLORE PANTS CAB (M, Negro - 10);EXPLORE PANTS;CAB;M;Negro;1,00;Cerro Verde ;noviembre-2025
05/11/2025;PANNTCA12TM;[PANNTCA12TM] EXPLORE PANTS CAB (M, Azul Marino - 5102);EXPLORE PANTS;CAB;M;Azul Marino;1,00;Cerro Verde ;noviembre-2025
05/11/2025;PANNTCA66TM;[PANNTCA66TM] EXPLORE PANTS CAB (M, Verde Militar - 60620);EXPLORE PANTS;CAB;M;Verde Militar;1,00;Grandplaz ;noviembre-2025
05/11/2025;PANNTCA33TM;[PANNTCA33TM] EXPLORE PANTS CAB (M, Kaki - 80279);EXPLORE PANTS;CAB;M;Kaki;1,00;Grandplaz ;noviembre-2025
05/11/2025;PANNTDA30TS;[PANNTDA30TS] EXPLORE PANTS DAMA (S, Gris Claro - 9734);EXPLORE PANTS;DAMA;S;Gris Claro;2,00;Sambil Valencia;noviembre-2025
05/11/2025;PANNTDA30TM;[PANNTDA30TM] EXPLORE PANTS DAMA (M, Gris Claro - 9734);EXPLORE PANTS;DAMA;M;Gris Claro;2,00;Sambil Valencia;noviembre-2025
05/11/2025;PANNTCA33TXL;[PANNTCA33TXL] EXPLORE PANTS CAB (XL, Kaki - 80279);EXPLORE PANTS;CAB;XL;Kaki;1,00;Cerro Verde ;noviembre-2025
05/11/2025;PANNTKI12T10;[PANNTKI12T10] EXPLORE PANTS KIDS (10, Azul Marino - 5102);EXPLORE PANTS;KIDS;10;Azul Marino;2,00;Cerro Verde ;noviembre-2025
05/11/2025;PANNTKI43T10;[PANNTKI43T10] EXPLORE PANTS KIDS (10, Negro - 10);EXPLORE PANTS;KIDS;10;Negro;2,00;Cerro Verde ;noviembre-2025
05/11/2025;PANNTCA43TXL;[PANNTCA43TXL] EXPLORE PANTS CAB (XL, Negro - 10);EXPLORE PANTS;CAB;XL;Negro;1,00;Sambil Valencia;noviembre-2025
05/11/2025;PANNTCA33TL;[PANNTCA33TL] EXPLORE PANTS CAB (L, Kaki - 80279);EXPLORE PANTS;CAB;L;Kaki;1,00;Cerro Verde ;noviembre-2025
05/11/2025;PANNTCA43TL;[PANNTCA43TL] EXPLORE PANTS CAB (L, Negro - 10);EXPLORE PANTS;CAB;L;Negro;1,00;Cerro Verde ;noviembre-2025
05/11/2025;PANNTDA43TM;[PANNTDA43TM] EXPLORE PANTS DAMA (M, Negro - 10);EXPLORE PANTS;DAMA;M;Negro;1,00;Sambil Valencia;noviembre-2025
05/11/2025;PANNTCA43TS;[PANNTCA43TS] EXPLORE PANTS CAB (S, Negro - 10);EXPLORE PANTS;CAB;S;Negro;1,00;Sambil Valencia;noviembre-2025
06/11/2025;PANNTCA66TL;[PANNTCA66TL] EXPLORE PANTS CAB (L, Verde Militar - 60620);EXPLORE PANTS;CAB;L;Verde Militar;1,00;Sambil Valencia;noviembre-2025
06/11/2025;PANNTCA30TL;[PANNTCA30TL] EXPLORE PANTS CAB (L, Gris Claro - 9734);EXPLORE PANTS;CAB;L;Gris Claro;-1,00;Sambil Chacao ;noviembre-2025
06/11/2025;PANNTCA33TL;[PANNTCA33TL] EXPLORE PANTS CAB (L, Kaki - 80279);EXPLORE PANTS;CAB;L;Kaki;1,00;Sambil Chacao ;noviembre-2025
06/11/2025;PANNTCA30TM;[PANNTCA30TM] EXPLORE PANTS CAB (M, Gris Claro - 9734);EXPLORE PANTS;CAB;M;Gris Claro;1,00;La Grieta;noviembre-2025
06/11/2025;PANNTDA43TS;[PANNTDA43TS] EXPLORE PANTS DAMA (S, Negro - 10);EXPLORE PANTS;DAMA;S;Negro;1,00;Grandplaz ;noviembre-2025
06/11/2025;PANNTCA43TXL;[PANNTCA43TXL] EXPLORE PANTS CAB (XL, Negro - 10);EXPLORE PANTS;CAB;XL;Negro;1,00;Grandplaz ;noviembre-2025
06/11/2025;PANNTCA30TL;[PANNTCA30TL] EXPLORE PANTS CAB (L, Gris Claro - 9734);EXPLORE PANTS;CAB;L;Gris Claro;1,00;La Grieta;noviembre-2025
06/11/2025;PANNTCA43TL;[PANNTCA43TL] EXPLORE PANTS CAB (L, Negro - 10);EXPLORE PANTS;CAB;L;Negro;1,00;Cerro Verde ;noviembre-2025
06/11/2025;PANNTKI12T12;[PANNTKI12T12] EXPLORE PANTS KIDS (12, Azul Marino - 5102);EXPLORE PANTS;KIDS;12;Azul Marino;1,00;Sambil Valencia;noviembre-2025
06/11/2025;PANNTCA30TL;[PANNTCA30TL] EXPLORE PANTS CAB (L, Gris Claro - 9734);EXPLORE PANTS;CAB;L;Gris Claro;1,00;Sambil Chacao ;noviembre-2025
07/11/2025;PANNTCA43TL;[PANNTCA43TL] EXPLORE PANTS CAB (L, Negro - 10);EXPLORE PANTS;CAB;L;Negro;1,00;La Grieta;noviembre-2025
07/11/2025;PANNTCA30TS;[PANNTCA30TS] EXPLORE PANTS CAB (S, Gris Claro - 9734);EXPLORE PANTS;CAB;S;Gris Claro;1,00;La Grieta;noviembre-2025
07/11/2025;PANNTCA43TS;[PANNTCA43TS] EXPLORE PANTS CAB (S, Negro - 10);EXPLORE PANTS;CAB;S;Negro;1,00;La Grieta;noviembre-2025
07/11/2025;PANNTDA43TXL;[PANNTDA43TXL] EXPLORE PANTS DAMA (XL, Negro - 10);EXPLORE PANTS;DAMA;XL;Negro;2,00;La Grieta;noviembre-2025
07/11/2025;PANNTDA30TL;[PANNTDA30TL] EXPLORE PANTS DAMA (L, Gris Claro - 9734);EXPLORE PANTS;DAMA;L;Gris Claro;1,00;La Grieta;noviembre-2025
07/11/2025;PANNTDA43TL;[PANNTDA43TL] EXPLORE PANTS DAMA (L, Negro - 10);EXPLORE PANTS;DAMA;L;Negro;2,00;La Grieta;noviembre-2025
07/11/2025;PANNTDA12TXL;[PANNTDA12TXL] EXPLORE PANTS DAMA (XL, Azul Marino - 5102);EXPLORE PANTS;DAMA;XL;Azul Marino;2,00;La Grieta;noviembre-2025
07/11/2025;PANNTDA12TL;[PANNTDA12TL] EXPLORE PANTS DAMA (L, Azul Marino - 5102);EXPLORE PANTS;DAMA;L;Azul Marino;2,00;La Grieta;noviembre-2025
07/11/2025;PANNTDA12TXS;[PANNTDA12TXS] EXPLORE PANTS DAMA (XS, Azul Marino - 5102);EXPLORE PANTS;DAMA;XS;Azul Marino;1,00;Sambil Valencia;noviembre-2025
07/11/2025;PANNTDA30TM;[PANNTDA30TM] EXPLORE PANTS DAMA (M, Gris Claro - 9734);EXPLORE PANTS;DAMA;M;Gris Claro;1,00;Sambil Chacao ;noviembre-2025
07/11/2025;PANNTDA12TM;[PANNTDA12TM] EXPLORE PANTS DAMA (M, Azul Marino - 5102);EXPLORE PANTS;DAMA;M;Azul Marino;1,00;La Grieta;noviembre-2025
07/11/2025;PANNTCA12TM;[PANNTCA12TM] EXPLORE PANTS CAB (M, Azul Marino - 5102);EXPLORE PANTS;CAB;M;Azul Marino;1,00;La Grieta;noviembre-2025
07/11/2025;PANNTDA43TM;[PANNTDA43TM] EXPLORE PANTS DAMA (M, Negro - 10);EXPLORE PANTS;DAMA;M;Negro;1,00;Sambil Valencia;noviembre-2025
08/11/2025;PANNTCA43TS;[PANNTCA43TS] EXPLORE PANTS CAB (S, Negro - 10);EXPLORE PANTS;CAB;S;Negro;1,00;Cerro Verde ;noviembre-2025
08/11/2025;PANNTCA33TXL;[PANNTCA33TXL] EXPLORE PANTS CAB (XL, Kaki - 80279);EXPLORE PANTS;CAB;XL;Kaki;1,00;La Grieta;noviembre-2025
08/11/2025;PANNTCA66TXL;[PANNTCA66TXL] EXPLORE PANTS CAB (XL, Verde Militar - 60620);EXPLORE PANTS;CAB;XL;Verde Militar;1,00;La Grieta;noviembre-2025
08/11/2025;PANNTCA33TM;[PANNTCA33TM] EXPLORE PANTS CAB (M, Kaki - 80279);EXPLORE PANTS;CAB;M;Kaki;1,00;Cerro Verde ;noviembre-2025
08/11/2025;PANNTCA30TM;[PANNTCA30TM] EXPLORE PANTS CAB (M, Gris Claro - 9734);EXPLORE PANTS;CAB;M;Gris Claro;1,00;Cerro Verde ;noviembre-2025
08/11/2025;PANNTCA43TM;[PANNTCA43TM] EXPLORE PANTS CAB (M, Negro - 10);EXPLORE PANTS;CAB;M;Negro;1,00;Cerro Verde ;noviembre-2025
08/11/2025;PANNTCA43TL;[PANNTCA43TL] EXPLORE PANTS CAB (L, Negro - 10);EXPLORE PANTS;CAB;L;Negro;1,00;Sambil Valencia;noviembre-2025
08/11/2025;PANNTCA43TM;[PANNTCA43TM] EXPLORE PANTS CAB (M, Negro - 10);EXPLORE PANTS;CAB;M;Negro;1,00;Sambil Chacao ;noviembre-2025
08/11/2025;PANNTCA30TXL;[PANNTCA30TXL] EXPLORE PANTS CAB (XL, Gris Claro - 9734);EXPLORE PANTS;CAB;XL;Gris Claro;1,00;Cerro Verde ;noviembre-2025
08/11/2025;PANNTCA43TM;[PANNTCA43TM] EXPLORE PANTS CAB (M, Negro - 10);EXPLORE PANTS;CAB;M;Negro;1,00;Cerro Verde ;noviembre-2025
08/11/2025;PANNTKI43T2;[PANNTKI43T2] EXPLORE PANTS KIDS (2, Negro - 10);EXPLORE PANTS;KIDS;2;Negro;1,00;Cerro Verde ;noviembre-2025
08/11/2025;PANNTCA66TM;[PANNTCA66TM] EXPLORE PANTS CAB (M, Verde Militar - 60620);EXPLORE PANTS;CAB;M;Verde Militar;1,00;La Grieta;noviembre-2025
08/11/2025;PANNTKI12T6;[PANNTKI12T6] EXPLORE PANTS KIDS (6, Azul Marino - 5102);EXPLORE PANTS;KIDS;6;Azul Marino;1,00;Cerro Verde ;noviembre-2025
08/11/2025;PANNTCA43TL;[PANNTCA43TL] EXPLORE PANTS CAB (L, Negro - 10);EXPLORE PANTS;CAB;L;Negro;1,00;Sambil Valencia;noviembre-2025
08/11/2025;PANNTDA43TXL;[PANNTDA43TXL] EXPLORE PANTS DAMA (XL, Negro - 10);EXPLORE PANTS;DAMA;XL;Negro;1,00;Sambil Valencia;noviembre-2025
08/11/2025;PANNTKI30T10;[PANNTKI30T10] EXPLORE PANTS KIDS (10, Gris Claro - 9734);EXPLORE PANTS;KIDS;10;Gris Claro;1,00;Cerro Verde ;noviembre-2025
08/11/2025;PANNTKI43T10;[PANNTKI43T10] EXPLORE PANTS KIDS (10, Negro - 10);EXPLORE PANTS;KIDS;10;Negro;1,00;Cerro Verde ;noviembre-2025
08/11/2025;PANNTCA43TM;[PANNTCA43TM] EXPLORE PANTS CAB (M, Negro - 10);EXPLORE PANTS;CAB;M;Negro;1,00;La Grieta;noviembre-2025
08/11/2025;PANNTDA33TXL;[PANNTDA33TXL] EXPLORE PANTS DAMA (XL, Kaki - 80279);EXPLORE PANTS;DAMA;XL;Kaki;1,00;Sambil Valencia;noviembre-2025
08/11/2025;PANNTDA43TXL;[PANNTDA43TXL] EXPLORE PANTS DAMA (XL, Negro - 10);EXPLORE PANTS;DAMA;XL;Negro;1,00;Sambil Valencia;noviembre-2025
08/11/2025;PANNTDA66TXL;[PANNTDA66TXL] EXPLORE PANTS DAMA (XL, Verde Militar - 60620);EXPLORE PANTS;DAMA;XL;Verde Militar;1,00;Sambil Valencia;noviembre-2025
09/11/2025;PANNTCA43TL;[PANNTCA43TL] EXPLORE PANTS CAB (L, Negro - 10);EXPLORE PANTS;CAB;L;Negro;1,00;La Grieta;noviembre-2025
09/11/2025;PANNTDA33TM;[PANNTDA33TM] EXPLORE PANTS DAMA (M, Kaki - 80279);EXPLORE PANTS;DAMA;M;Kaki;1,00;La Grieta;noviembre-2025
09/11/2025;PANNTCA66TS;[PANNTCA66TS] EXPLORE PANTS CAB (S, Verde Militar - 60620);EXPLORE PANTS;CAB;S;Verde Militar;1,00;Cerro Verde ;noviembre-2025
09/11/2025;PANNTDA33TM;[PANNTDA33TM] EXPLORE PANTS DAMA (M, Kaki - 80279);EXPLORE PANTS;DAMA;M;Kaki;1,00;Sambil Valencia;noviembre-2025
09/11/2025;PANNTDA66TXS;[PANNTDA66TXS] EXPLORE PANTS DAMA (XS, Verde Militar - 60620);EXPLORE PANTS;DAMA;XS;Verde Militar;1,00;Sambil Valencia;noviembre-2025
09/11/2025;PANNTCA66TM;[PANNTCA66TM] EXPLORE PANTS CAB (M, Verde Militar - 60620);EXPLORE PANTS;CAB;M;Verde Militar;1,00;Sambil Valencia;noviembre-2025
09/11/2025;PANNTKI66T8;[PANNTKI66T8] EXPLORE PANTS KIDS (8, Verde Militar - 60620);EXPLORE PANTS;KIDS;8;Verde Militar;1,00;Sambil Chacao ;noviembre-2025
09/11/2025;PANNTDA66TXL;[PANNTDA66TXL] EXPLORE PANTS DAMA (XL, Verde Militar - 60620);EXPLORE PANTS;DAMA;XL;Verde Militar;1,00;Sambil Valencia;noviembre-2025
09/11/2025;PANNTDA43TM;[PANNTDA43TM] EXPLORE PANTS DAMA (M, Negro - 10);EXPLORE PANTS;DAMA;M;Negro;1,00;Sambil Valencia;noviembre-2025
09/11/2025;PANNTDA30TXS;[PANNTDA30TXS] EXPLORE PANTS DAMA (XS, Gris Claro - 9734);EXPLORE PANTS;DAMA;XS;Gris Claro;1,00;Sambil Valencia;noviembre-2025
09/11/2025;PANNTCA43TM;[PANNTCA43TM] EXPLORE PANTS CAB (M, Negro - 10);EXPLORE PANTS;CAB;M;Negro;1,00;Cerro Verde ;noviembre-2025
09/11/2025;PANNTDA33TM;[PANNTDA33TM] EXPLORE PANTS DAMA (M, Kaki - 80279);EXPLORE PANTS;DAMA;M;Kaki;1,00;Sambil Valencia;noviembre-2025
09/11/2025;PANNTCA30TM;[PANNTCA30TM] EXPLORE PANTS CAB (M, Gris Claro - 9734);EXPLORE PANTS;CAB;M;Gris Claro;1,00;Sambil Valencia;noviembre-2025
09/11/2025;PANNTDA30TS;[PANNTDA30TS] EXPLORE PANTS DAMA (S, Gris Claro - 9734);EXPLORE PANTS;DAMA;S;Gris Claro;1,00;Sambil Valencia;noviembre-2025
10/11/2025;PANNTDA33TM;[PANNTDA33TM] EXPLORE PANTS DAMA (M, Kaki - 80279);EXPLORE PANTS;DAMA;M;Kaki;1,00;La Grieta;noviembre-2025
10/11/2025;PANNTKI12T12;[PANNTKI12T12] EXPLORE PANTS KIDS (12, Azul Marino - 5102);EXPLORE PANTS;KIDS;12;Azul Marino;1,00;La Grieta;noviembre-2025
10/11/2025;PANNTCA12TM;[PANNTCA12TM] EXPLORE PANTS CAB (M, Azul Marino - 5102);EXPLORE PANTS;CAB;M;Azul Marino;1,00;WEB;noviembre-2025
10/11/2025;PANNTDA43TL;[PANNTDA43TL] EXPLORE PANTS DAMA (L, Negro - 10);EXPLORE PANTS;DAMA;L;Negro;1,00;Cerro Verde ;noviembre-2025
10/11/2025;PANNTKI43T8;[PANNTKI43T8] EXPLORE PANTS KIDS (8, Negro - 10);EXPLORE PANTS;KIDS;8;Negro;1,00;Cerro Verde ;noviembre-2025
10/11/2025;PANNTCA66TM;[PANNTCA66TM] EXPLORE PANTS CAB (M, Verde Militar - 60620);EXPLORE PANTS;CAB;M;Verde Militar;1,00;Sambil Valencia;noviembre-2025
10/11/2025;PANNTCA33TL;[PANNTCA33TL] EXPLORE PANTS CAB (L, Kaki - 80279);EXPLORE PANTS;CAB;L;Kaki;1,00;Grandplaz ;noviembre-2025
10/11/2025;PANNTCA33TS;[PANNTCA33TS] EXPLORE PANTS CAB (S, Kaki - 80279);EXPLORE PANTS;CAB;S;Kaki;1,00;Grandplaz ;noviembre-2025
10/11/2025;PANNTCA43TL;[PANNTCA43TL] EXPLORE PANTS CAB (L, Negro - 10);EXPLORE PANTS;CAB;L;Negro;1,00;Sambil Valencia;noviembre-2025
10/11/2025;PANNTDA43TS;[PANNTDA43TS] EXPLORE PANTS DAMA (S, Negro - 10);EXPLORE PANTS;DAMA;S;Negro;1,00;Sambil Valencia;noviembre-2025
11/11/2025;PANNTDA33TXS;[PANNTDA33TXS] EXPLORE PANTS DAMA (XS, Kaki - 80279);EXPLORE PANTS;DAMA;XS;Kaki;1,00;Cerro Verde ;noviembre-2025
11/11/2025;PANNTDA66TL;[PANNTDA66TL] EXPLORE PANTS DAMA (L, Verde Militar - 60620);EXPLORE PANTS;DAMA;L;Verde Militar;1,00;La Grieta;noviembre-2025
11/11/2025;PANNTCA33TL;[PANNTCA33TL] EXPLORE PANTS CAB (L, Kaki - 80279);EXPLORE PANTS;CAB;L;Kaki;-1,00;Grandplaz ;noviembre-2025
11/11/2025;PANNTCA33TXL;[PANNTCA33TXL] EXPLORE PANTS CAB (XL, Kaki - 80279);EXPLORE PANTS;CAB;XL;Kaki;1,00;Grandplaz ;noviembre-2025
11/11/2025;PANNTKI12T12;[PANNTKI12T12] EXPLORE PANTS KIDS (12, Azul Marino - 5102);EXPLORE PANTS;KIDS;12;Azul Marino;1,00;Sambil Chacao ;noviembre-2025
11/11/2025;PANNTDA33TS;[PANNTDA33TS] EXPLORE PANTS DAMA (S, Kaki - 80279);EXPLORE PANTS;DAMA;S;Kaki;1,00;Cerro Verde ;noviembre-2025
11/11/2025;PANNTCA66TXL;[PANNTCA66TXL] EXPLORE PANTS CAB (XL, Verde Militar - 60620);EXPLORE PANTS;CAB;XL;Verde Militar;1,00;Cerro Verde ;noviembre-2025
12/11/2025;PANNTCA43TM;[PANNTCA43TM] EXPLORE PANTS CAB (M, Negro - 10);EXPLORE PANTS;CAB;M;Negro;1,00;Cerro Verde ;noviembre-2025
12/11/2025;PANNTCA43TXL;[PANNTCA43TXL] EXPLORE PANTS CAB (XL, Negro - 10);EXPLORE PANTS;CAB;XL;Negro;1,00;Cerro Verde ;noviembre-2025
12/11/2025;PANNTDA43TM;[PANNTDA43TM] EXPLORE PANTS DAMA (M, Negro - 10);EXPLORE PANTS;DAMA;M;Negro;1,00;Sambil Chacao ;noviembre-2025
12/11/2025;PANNTKI43T8;[PANNTKI43T8] EXPLORE PANTS KIDS (8, Negro - 10);EXPLORE PANTS;KIDS;8;Negro;1,00;La Grieta;noviembre-2025
12/11/2025;PANNTKI66T8;[PANNTKI66T8] EXPLORE PANTS KIDS (8, Verde Militar - 60620);EXPLORE PANTS;KIDS;8;Verde Militar;1,00;La Grieta;noviembre-2025
12/11/2025;PANNTDA66TS;[PANNTDA66TS] EXPLORE PANTS DAMA (S, Verde Militar - 60620);EXPLORE PANTS;DAMA;S;Verde Militar;1,00;La Grieta;noviembre-2025
12/11/2025;PANNTCA66TL;[PANNTCA66TL] EXPLORE PANTS CAB (L, Verde Militar - 60620);EXPLORE PANTS;CAB;L;Verde Militar;1,00;La Grieta;noviembre-2025
12/11/2025;PANNTDA30TS;[PANNTDA30TS] EXPLORE PANTS DAMA (S, Gris Claro - 9734);EXPLORE PANTS;DAMA;S;Gris Claro;2,00;Sambil Valencia;noviembre-2025
12/11/2025;PANNTDA43TS;[PANNTDA43TS] EXPLORE PANTS DAMA (S, Negro - 10);EXPLORE PANTS;DAMA;S;Negro;1,00;Cerro Verde ;noviembre-2025
12/11/2025;PANNTCA12TL;[PANNTCA12TL] EXPLORE PANTS CAB (L, Azul Marino - 5102);EXPLORE PANTS;CAB;L;Azul Marino;1,00;La Grieta;noviembre-2025
12/11/2025;PANNTCA30TM;[PANNTCA30TM] EXPLORE PANTS CAB (M, Gris Claro - 9734);EXPLORE PANTS;CAB;M;Gris Claro;1,00;Cerro Verde ;noviembre-2025
12/11/2025;PANNTDA33TM;[PANNTDA33TM] EXPLORE PANTS DAMA (M, Kaki - 80279);EXPLORE PANTS;DAMA;M;Kaki;1,00;Cerro Verde ;noviembre-2025
12/11/2025;PANNTCA43TM;[PANNTCA43TM] EXPLORE PANTS CAB (M, Negro - 10);EXPLORE PANTS;CAB;M;Negro;1,00;Sambil Valencia;noviembre-2025
12/11/2025;PANNTKI66T12;[PANNTKI66T12] EXPLORE PANTS KIDS (12, Verde Militar - 60620);EXPLORE PANTS;KIDS;12;Verde Militar;1,00;Cerro Verde ;noviembre-2025
13/11/2025;PANNTCA12TM;[PANNTCA12TM] EXPLORE PANTS CAB (M, Azul Marino - 5102);EXPLORE PANTS;CAB;M;Azul Marino;1,00;Cerro Verde ;noviembre-2025
13/11/2025;PANNTCA30TM;[PANNTCA30TM] EXPLORE PANTS CAB (M, Gris Claro - 9734);EXPLORE PANTS;CAB;M;Gris Claro;1,00;La Grieta;noviembre-2025
13/11/2025;PANNTCA30TXL;[PANNTCA30TXL] EXPLORE PANTS CAB (XL, Gris Claro - 9734);EXPLORE PANTS;CAB;XL;Gris Claro;1,00;Cerro Verde ;noviembre-2025
13/11/2025;PANNTCA43TL;[PANNTCA43TL] EXPLORE PANTS CAB (L, Negro - 10);EXPLORE PANTS;CAB;L;Negro;1,00;Cerro Verde ;noviembre-2025
13/11/2025;PANNTDA43TXS;[PANNTDA43TXS] EXPLORE PANTS DAMA (XS, Negro - 10);EXPLORE PANTS;DAMA;XS;Negro;1,00;Sambil Chacao ;noviembre-2025
13/11/2025;PANNTDA43TS;[PANNTDA43TS] EXPLORE PANTS DAMA (S, Negro - 10);EXPLORE PANTS;DAMA;S;Negro;1,00;WEB;noviembre-2025
13/11/2025;PANNTDA33TS;[PANNTDA33TS] EXPLORE PANTS DAMA (S, Kaki - 80279);EXPLORE PANTS;DAMA;S;Kaki;1,00;WEB;noviembre-2025
13/11/2025;PANNTDA66TS;[PANNTDA66TS] EXPLORE PANTS DAMA (S, Verde Militar - 60620);EXPLORE PANTS;DAMA;S;Verde Militar;1,00;WEB;noviembre-2025
13/11/2025;PANNTCA33TXL;[PANNTCA33TXL] EXPLORE PANTS CAB (XL, Kaki - 80279);EXPLORE PANTS;CAB;XL;Kaki;1,00;Cerro Verde ;noviembre-2025
13/11/2025;PANNTDA33TXL;[PANNTDA33TXL] EXPLORE PANTS DAMA (XL, Kaki - 80279);EXPLORE PANTS;DAMA;XL;Kaki;1,00;Sambil Valencia;noviembre-2025
13/11/2025;PANNTCA43TM;[PANNTCA43TM] EXPLORE PANTS CAB (M, Negro - 10);EXPLORE PANTS;CAB;M;Negro;1,00;Sambil Chacao ;noviembre-2025
14/11/2025;PANNTCA43TL;[PANNTCA43TL] EXPLORE PANTS CAB (L, Negro - 10);EXPLORE PANTS;CAB;L;Negro;1,00;Sambil Valencia;noviembre-2025
14/11/2025;PANNTDA33TXS;[PANNTDA33TXS] EXPLORE PANTS DAMA (XS, Kaki - 80279);EXPLORE PANTS;DAMA;XS;Kaki;1,00;La Grieta;noviembre-2025
14/11/2025;PANNTDA43TXS;[PANNTDA43TXS] EXPLORE PANTS DAMA (XS, Negro - 10);EXPLORE PANTS;DAMA;XS;Negro;1,00;Cerro Verde ;noviembre-2025
14/11/2025;PANNTDA43TL;[PANNTDA43TL] EXPLORE PANTS DAMA (L, Negro - 10);EXPLORE PANTS;DAMA;L;Negro;1,00;Grandplaz ;noviembre-2025
14/11/2025;PANNTCA43TL;[PANNTCA43TL] EXPLORE PANTS CAB (L, Negro - 10);EXPLORE PANTS;CAB;L;Negro;1,00;Grandplaz ;noviembre-2025
14/11/2025;PANNTDA43TM;[PANNTDA43TM] EXPLORE PANTS DAMA (M, Negro - 10);EXPLORE PANTS;DAMA;M;Negro;1,00;La Grieta;noviembre-2025
14/11/2025;PANNTCA43TL;[PANNTCA43TL] EXPLORE PANTS CAB (L, Negro - 10);EXPLORE PANTS;CAB;L;Negro;1,00;La Grieta;noviembre-2025
14/11/2025;PANNTCA66TS;[PANNTCA66TS] EXPLORE PANTS CAB (S, Verde Militar - 60620);EXPLORE PANTS;CAB;S;Verde Militar;1,00;La Grieta;noviembre-2025
14/11/2025;PANNTCA43TS;[PANNTCA43TS] EXPLORE PANTS CAB (S, Negro - 10);EXPLORE PANTS;CAB;S;Negro;1,00;La Grieta;noviembre-2025
14/11/2025;PANNTCA30TS;[PANNTCA30TS] EXPLORE PANTS CAB (S, Gris Claro - 9734);EXPLORE PANTS;CAB;S;Gris Claro;1,00;La Grieta;noviembre-2025
14/11/2025;PANNTCA12TS;[PANNTCA12TS] EXPLORE PANTS CAB (S, Azul Marino - 5102);EXPLORE PANTS;CAB;S;Azul Marino;1,00;La Grieta;noviembre-2025
14/11/2025;PANNTDA12TS;[PANNTDA12TS] EXPLORE PANTS DAMA (S, Azul Marino - 5102);EXPLORE PANTS;DAMA;S;Azul Marino;1,00;La Grieta;noviembre-2025
14/11/2025;PANNTDA30TS;[PANNTDA30TS] EXPLORE PANTS DAMA (S, Gris Claro - 9734);EXPLORE PANTS;DAMA;S;Gris Claro;1,00;La Grieta;noviembre-2025
14/11/2025;PANNTDA43TS;[PANNTDA43TS] EXPLORE PANTS DAMA (S, Negro - 10);EXPLORE PANTS;DAMA;S;Negro;1,00;La Grieta;noviembre-2025
14/11/2025;PANNTDA66TXL;[PANNTDA66TXL] EXPLORE PANTS DAMA (XL, Verde Militar - 60620);EXPLORE PANTS;DAMA;XL;Verde Militar;1,00;Sambil Valencia;noviembre-2025
14/11/2025;PANNTCA33TXL;[PANNTCA33TXL] EXPLORE PANTS CAB (XL, Kaki - 80279);EXPLORE PANTS;CAB;XL;Kaki;1,00;Sambil Chacao ;noviembre-2025
14/11/2025;PANNTCA12TS;[PANNTCA12TS] EXPLORE PANTS CAB (S, Azul Marino - 5102);EXPLORE PANTS;CAB;S;Azul Marino;1,00;Cerro Verde ;noviembre-2025
15/11/2025;PANNTCA43TL;[PANNTCA43TL] EXPLORE PANTS CAB (L, Negro - 10);EXPLORE PANTS;CAB;L;Negro;1,00;La Grieta;noviembre-2025
15/11/2025;PANNTDA33TM;[PANNTDA33TM] EXPLORE PANTS DAMA (M, Kaki - 80279);EXPLORE PANTS;DAMA;M;Kaki;1,00;Cerro Verde ;noviembre-2025
15/11/2025;PANNTDA33TS;[PANNTDA33TS] EXPLORE PANTS DAMA (S, Kaki - 80279);EXPLORE PANTS;DAMA;S;Kaki;1,00;Cerro Verde ;noviembre-2025
15/11/2025;PANNTDA33TXS;[PANNTDA33TXS] EXPLORE PANTS DAMA (XS, Kaki - 80279);EXPLORE PANTS;DAMA;XS;Kaki;1,00;Cerro Verde ;noviembre-2025
15/11/2025;PANNTKI66T4;[PANNTKI66T4] EXPLORE PANTS KIDS (4, Verde Militar - 60620);EXPLORE PANTS;KIDS;4;Verde Militar;1,00;Cerro Verde ;noviembre-2025
15/11/2025;PANNTCA43TL;[PANNTCA43TL] EXPLORE PANTS CAB (L, Negro - 10);EXPLORE PANTS;CAB;L;Negro;1,00;Cerro Verde ;noviembre-2025
15/11/2025;PANNTDA66TXL;[PANNTDA66TXL] EXPLORE PANTS DAMA (XL, Verde Militar - 60620);EXPLORE PANTS;DAMA;XL;Verde Militar;1,00;Sambil Valencia;noviembre-2025
15/11/2025;PANNTCA66TXL;[PANNTCA66TXL] EXPLORE PANTS CAB (XL, Verde Militar - 60620);EXPLORE PANTS;CAB;XL;Verde Militar;1,00;La Grieta;noviembre-2025
15/11/2025;PANNTCA43TM;[PANNTCA43TM] EXPLORE PANTS CAB (M, Negro - 10);EXPLORE PANTS;CAB;M;Negro;1,00;Sambil Chacao ;noviembre-2025
15/11/2025;PANNTDA43TM;[PANNTDA43TM] EXPLORE PANTS DAMA (M, Negro - 10);EXPLORE PANTS;DAMA;M;Negro;1,00;Sambil Valencia;noviembre-2025
15/11/2025;PANNTCA66TM;[PANNTCA66TM] EXPLORE PANTS CAB (M, Verde Militar - 60620);EXPLORE PANTS;CAB;M;Verde Militar;2,00;Cerro Verde ;noviembre-2025
15/11/2025;PANNTCA66TL;[PANNTCA66TL] EXPLORE PANTS CAB (L, Verde Militar - 60620);EXPLORE PANTS;CAB;L;Verde Militar;3,00;Cerro Verde ;noviembre-2025
15/11/2025;PANNTCA43TL;[PANNTCA43TL] EXPLORE PANTS CAB (L, Negro - 10);EXPLORE PANTS;CAB;L;Negro;1,00;Sambil Chacao ;noviembre-2025
15/11/2025;PANNTCA30TL;[PANNTCA30TL] EXPLORE PANTS CAB (L, Gris Claro - 9734);EXPLORE PANTS;CAB;L;Gris Claro;1,00;La Grieta;noviembre-2025
15/11/2025;PANNTDA43TL;[PANNTDA43TL] EXPLORE PANTS DAMA (L, Negro - 10);EXPLORE PANTS;DAMA;L;Negro;1,00;Cerro Verde ;noviembre-2025
15/11/2025;PANNTCA66TL;[PANNTCA66TL] EXPLORE PANTS CAB (L, Verde Militar - 60620);EXPLORE PANTS;CAB;L;Verde Militar;1,00;Cerro Verde ;noviembre-2025
15/11/2025;PANNTCA33TXL;[PANNTCA33TXL] EXPLORE PANTS CAB (XL, Kaki - 80279);EXPLORE PANTS;CAB;XL;Kaki;1,00;La Grieta;noviembre-2025
15/11/2025;PANNTDA66TM;[PANNTDA66TM] EXPLORE PANTS DAMA (M, Verde Militar - 60620);EXPLORE PANTS;DAMA;M;Verde Militar;1,00;La Grieta;noviembre-2025
15/11/2025;PANNTCA30TXL;[PANNTCA30TXL] EXPLORE PANTS CAB (XL, Gris Claro - 9734);EXPLORE PANTS;CAB;XL;Gris Claro;1,00;La Grieta;noviembre-2025
15/11/2025;PANNTCA30TM;[PANNTCA30TM] EXPLORE PANTS CAB (M, Gris Claro - 9734);EXPLORE PANTS;CAB;M;Gris Claro;1,00;Sambil Chacao ;noviembre-2025
15/11/2025;PANNTCA30TL;[PANNTCA30TL] EXPLORE PANTS CAB (L, Gris Claro - 9734);EXPLORE PANTS;CAB;L;Gris Claro;-1,00;La Grieta;noviembre-2025
15/11/2025;PANNTCA30TL;[PANNTCA30TL] EXPLORE PANTS CAB (L, Gris Claro - 9734);EXPLORE PANTS;CAB;L;Gris Claro;1,00;La Grieta;noviembre-2025
15/11/2025;PANNTCA30TL;[PANNTCA30TL] EXPLORE PANTS CAB (L, Gris Claro - 9734);EXPLORE PANTS;CAB;L;Gris Claro;1,00;Cerro Verde ;noviembre-2025
16/11/2025;PANNTCA66TL;[PANNTCA66TL] EXPLORE PANTS CAB (L, Verde Militar - 60620);EXPLORE PANTS;CAB;L;Verde Militar;1,00;Sambil Valencia;noviembre-2025
16/11/2025;PANNTDA43TM;[PANNTDA43TM] EXPLORE PANTS DAMA (M, Negro - 10);EXPLORE PANTS;DAMA;M;Negro;1,00;Sambil Valencia;noviembre-2025
16/11/2025;PANNTCA43TL;[PANNTCA43TL] EXPLORE PANTS CAB (L, Negro - 10);EXPLORE PANTS;CAB;L;Negro;1,00;Sambil Valencia;noviembre-2025
16/11/2025;PANNTCA43TL;[PANNTCA43TL] EXPLORE PANTS CAB (L, Negro - 10);EXPLORE PANTS;CAB;L;Negro;1,00;Sambil Valencia;noviembre-2025
16/11/2025;PANNTCA43TL;[PANNTCA43TL] EXPLORE PANTS CAB (L, Negro - 10);EXPLORE PANTS;CAB;L;Negro;1,00;Sambil Chacao ;noviembre-2025
16/11/2025;PANNTDA43TM;[PANNTDA43TM] EXPLORE PANTS DAMA (M, Negro - 10);EXPLORE PANTS;DAMA;M;Negro;1,00;Sambil Valencia;noviembre-2025
17/11/2025;PANNTDA12TM;[PANNTDA12TM] EXPLORE PANTS DAMA (M, Azul Marino - 5102);EXPLORE PANTS;DAMA;M;Azul Marino;1,00;La Grieta;noviembre-2025
17/11/2025;PANNTDA12TL;[PANNTDA12TL] EXPLORE PANTS DAMA (L, Azul Marino - 5102);EXPLORE PANTS;DAMA;L;Azul Marino;1,00;Cerro Verde ;noviembre-2025
17/11/2025;PANNTDA66TS;[PANNTDA66TS] EXPLORE PANTS DAMA (S, Verde Militar - 60620);EXPLORE PANTS;DAMA;S;Verde Militar;1,00;WEB;noviembre-2025
17/11/2025;PANNTDA66TL;[PANNTDA66TL] EXPLORE PANTS DAMA (L, Verde Militar - 60620);EXPLORE PANTS;DAMA;L;Verde Militar;1,00;La Grieta;noviembre-2025
17/11/2025;PANNTCA30TXL;[PANNTCA30TXL] EXPLORE PANTS CAB (XL, Gris Claro - 9734);EXPLORE PANTS;CAB;XL;Gris Claro;1,00;La Grieta;noviembre-2025
17/11/2025;PANNTCA33TXL;[PANNTCA33TXL] EXPLORE PANTS CAB (XL, Kaki - 80279);EXPLORE PANTS;CAB;XL;Kaki;1,00;La Grieta;noviembre-2025
17/11/2025;PANNTCA66TXL;[PANNTCA66TXL] EXPLORE PANTS CAB (XL, Verde Militar - 60620);EXPLORE PANTS;CAB;XL;Verde Militar;1,00;La Grieta;noviembre-2025
17/11/2025;PANNTCA30TS;[PANNTCA30TS] EXPLORE PANTS CAB (S, Gris Claro - 9734);EXPLORE PANTS;CAB;S;Gris Claro;1,00;La Grieta;noviembre-2025
17/11/2025;PANNTDA33TM;[PANNTDA33TM] EXPLORE PANTS DAMA (M, Kaki - 80279);EXPLORE PANTS;DAMA;M;Kaki;1,00;La Grieta;noviembre-2025
17/11/2025;PANNTDA33TXS;[PANNTDA33TXS] EXPLORE PANTS DAMA (XS, Kaki - 80279);EXPLORE PANTS;DAMA;XS;Kaki;1,00;Sambil Valencia;noviembre-2025
17/11/2025;PANNTCA12TL;[PANNTCA12TL] EXPLORE PANTS CAB (L, Azul Marino - 5102);EXPLORE PANTS;CAB;L;Azul Marino;1,00;Sambil Chacao ;noviembre-2025
17/11/2025;PANNTCA43TL;[PANNTCA43TL] EXPLORE PANTS CAB (L, Negro - 10);EXPLORE PANTS;CAB;L;Negro;1,00;Sambil Chacao ;noviembre-2025
18/11/2025;PANNTCA33TL;[PANNTCA33TL] EXPLORE PANTS CAB (L, Kaki - 80279);EXPLORE PANTS;CAB;L;Kaki;1,00;Cerro Verde ;noviembre-2025
18/11/2025;PANNTCA12TL;[PANNTCA12TL] EXPLORE PANTS CAB (L, Azul Marino - 5102);EXPLORE PANTS;CAB;L;Azul Marino;1,00;Cerro Verde ;noviembre-2025
18/11/2025;PANNTCA12TS;[PANNTCA12TS] EXPLORE PANTS CAB (S, Azul Marino - 5102);EXPLORE PANTS;CAB;S;Azul Marino;1,00;Cerro Verde ;noviembre-2025
18/11/2025;PANNTCA43TS;[PANNTCA43TS] EXPLORE PANTS CAB (S, Negro - 10);EXPLORE PANTS;CAB;S;Negro;1,00;Cerro Verde ;noviembre-2025
18/11/2025;PANNTCA33TS;[PANNTCA33TS] EXPLORE PANTS CAB (S, Kaki - 80279);EXPLORE PANTS;CAB;S;Kaki;1,00;Cerro Verde ;noviembre-2025
18/11/2025;PANNTCA66TL;[PANNTCA66TL] EXPLORE PANTS CAB (L, Verde Militar - 60620);EXPLORE PANTS;CAB;L;Verde Militar;-1,00;Cerro Verde ;noviembre-2025
18/11/2025;PANNTDA43TL;[PANNTDA43TL] EXPLORE PANTS DAMA (L, Negro - 10);EXPLORE PANTS;DAMA;L;Negro;-1,00;Cerro Verde ;noviembre-2025
18/11/2025;PANNTDA33TXL;[PANNTDA33TXL] EXPLORE PANTS DAMA (XL, Kaki - 80279);EXPLORE PANTS;DAMA;XL;Kaki;1,00;Cerro Verde ;noviembre-2025
18/11/2025;PANNTCA66TXL;[PANNTCA66TXL] EXPLORE PANTS CAB (XL, Verde Militar - 60620);EXPLORE PANTS;CAB;XL;Verde Militar;1,00;Cerro Verde ;noviembre-2025
18/11/2025;PANNTCA43TS;[PANNTCA43TS] EXPLORE PANTS CAB (S, Negro - 10);EXPLORE PANTS;CAB;S;Negro;1,00;Grandplaz ;noviembre-2025
18/11/2025;PANNTDA66TS;[PANNTDA66TS] EXPLORE PANTS DAMA (S, Verde Militar - 60620);EXPLORE PANTS;DAMA;S;Verde Militar;1,00;Cerro Verde ;noviembre-2025
18/11/2025;PANNTCA43TL;[PANNTCA43TL] EXPLORE PANTS CAB (L, Negro - 10);EXPLORE PANTS;CAB;L;Negro;1,00;Sambil Chacao ;noviembre-2025
18/11/2025;PANNTDA66TS;[PANNTDA66TS] EXPLORE PANTS DAMA (S, Verde Militar - 60620);EXPLORE PANTS;DAMA;S;Verde Militar;1,00;Cerro Verde ;noviembre-2025
18/11/2025;PANNTCA33TM;[PANNTCA33TM] EXPLORE PANTS CAB (M, Kaki - 80279);EXPLORE PANTS;CAB;M;Kaki;1,00;Cerro Verde ;noviembre-2025
18/11/2025;PANNTCA43TL;[PANNTCA43TL] EXPLORE PANTS CAB (L, Negro - 10);EXPLORE PANTS;CAB;L;Negro;1,00;Sambil Chacao ;noviembre-2025
18/11/2025;PANNTCA33TL;[PANNTCA33TL] EXPLORE PANTS CAB (L, Kaki - 80279);EXPLORE PANTS;CAB;L;Kaki;1,00;Sambil Valencia;noviembre-2025
19/11/2025;PANNTCA30TL;[PANNTCA30TL] EXPLORE PANTS CAB (L, Gris Claro - 9734);EXPLORE PANTS;CAB;L;Gris Claro;1,00;Sambil Chacao ;noviembre-2025
19/11/2025;PANNTCA30TXL;[PANNTCA30TXL] EXPLORE PANTS CAB (XL, Gris Claro - 9734);EXPLORE PANTS;CAB;XL;Gris Claro;1,00;La Grieta;noviembre-2025
19/11/2025;PANNTCA43TM;[PANNTCA43TM] EXPLORE PANTS CAB (M, Negro - 10);EXPLORE PANTS;CAB;M;Negro;1,00;Sambil Valencia;noviembre-2025
19/11/2025;PANNTCA30TL;[PANNTCA30TL] EXPLORE PANTS CAB (L, Gris Claro - 9734);EXPLORE PANTS;CAB;L;Gris Claro;-1,00;La Grieta;noviembre-2025
19/11/2025;PANNTCA66TM;[PANNTCA66TM] EXPLORE PANTS CAB (M, Verde Militar - 60620);EXPLORE PANTS;CAB;M;Verde Militar;1,00;Sambil Chacao ;noviembre-2025
19/11/2025;PANNTCA43TL;[PANNTCA43TL] EXPLORE PANTS CAB (L, Negro - 10);EXPLORE PANTS;CAB;L;Negro;1,00;Cerro Verde ;noviembre-2025
19/11/2025;PANNTDA43TXS;[PANNTDA43TXS] EXPLORE PANTS DAMA (XS, Negro - 10);EXPLORE PANTS;DAMA;XS;Negro;1,00;La Grieta;noviembre-2025
19/11/2025;PANNTDA43TL;[PANNTDA43TL] EXPLORE PANTS DAMA (L, Negro - 10);EXPLORE PANTS;DAMA;L;Negro;1,00;Cerro Verde ;noviembre-2025
20/11/2025;PANNTCA30TM;[PANNTCA30TM] EXPLORE PANTS CAB (M, Gris Claro - 9734);EXPLORE PANTS;CAB;M;Gris Claro;2,00;Cerro Verde ;noviembre-2025
20/11/2025;PANNTCA33TXL;[PANNTCA33TXL] EXPLORE PANTS CAB (XL, Kaki - 80279);EXPLORE PANTS;CAB;XL;Kaki;1,00;Sambil Chacao ;noviembre-2025
20/11/2025;PANNTDA43TS;[PANNTDA43TS] EXPLORE PANTS DAMA (S, Negro - 10);EXPLORE PANTS;DAMA;S;Negro;1,00;Sambil Chacao ;noviembre-2025
20/11/2025;PANNTDA33TS;[PANNTDA33TS] EXPLORE PANTS DAMA (S, Kaki - 80279);EXPLORE PANTS;DAMA;S;Kaki;1,00;Sambil Chacao ;noviembre-2025
20/11/2025;PANNTDA30TM;[PANNTDA30TM] EXPLORE PANTS DAMA (M, Gris Claro - 9734);EXPLORE PANTS;DAMA;M;Gris Claro;1,00;Sambil Chacao ;noviembre-2025
20/11/2025;PANNTCA30TM;[PANNTCA30TM] EXPLORE PANTS CAB (M, Gris Claro - 9734);EXPLORE PANTS;CAB;M;Gris Claro;1,00;Sambil Chacao ;noviembre-2025
20/11/2025;PANNTDA33TS;[PANNTDA33TS] EXPLORE PANTS DAMA (S, Kaki - 80279);EXPLORE PANTS;DAMA;S;Kaki;1,00;Sambil Chacao ;noviembre-2025
20/11/2025;PANNTCA33TM;[PANNTCA33TM] EXPLORE PANTS CAB (M, Kaki - 80279);EXPLORE PANTS;CAB;M;Kaki;1,00;Sambil Chacao ;noviembre-2025
20/11/2025;PANNTCA43TM;[PANNTCA43TM] EXPLORE PANTS CAB (M, Negro - 10);EXPLORE PANTS;CAB;M;Negro;1,00;Sambil Chacao ;noviembre-2025
21/11/2025;PANNTCA30TM;[PANNTCA30TM] EXPLORE PANTS CAB (M, Gris Claro - 9734);EXPLORE PANTS;CAB;M;Gris Claro;1,00;Sambil Chacao ;noviembre-2025
21/11/2025;PANNTCA33TS;[PANNTCA33TS] EXPLORE PANTS CAB (S, Kaki - 80279);EXPLORE PANTS;CAB;S;Kaki;1,00;Sambil Chacao ;noviembre-2025
21/11/2025;PANNTCA30TS;[PANNTCA30TS] EXPLORE PANTS CAB (S, Gris Claro - 9734);EXPLORE PANTS;CAB;S;Gris Claro;1,00;La Grieta;noviembre-2025
21/11/2025;PANNTDA33TS;[PANNTDA33TS] EXPLORE PANTS DAMA (S, Kaki - 80279);EXPLORE PANTS;DAMA;S;Kaki;2,00;La Grieta;noviembre-2025
21/11/2025;PANNTCA66TL;[PANNTCA66TL] EXPLORE PANTS CAB (L, Verde Militar - 60620);EXPLORE PANTS;CAB;L;Verde Militar;1,00;La Grieta;noviembre-2025
21/11/2025;PANNTCA43TL;[PANNTCA43TL] EXPLORE PANTS CAB (L, Negro - 10);EXPLORE PANTS;CAB;L;Negro;1,00;La Grieta;noviembre-2025
21/11/2025;PANNTCA43TS;[PANNTCA43TS] EXPLORE PANTS CAB (S, Negro - 10);EXPLORE PANTS;CAB;S;Negro;1,00;La Grieta;noviembre-2025
21/11/2025;PANNTCA33TL;[PANNTCA33TL] EXPLORE PANTS CAB (L, Kaki - 80279);EXPLORE PANTS;CAB;L;Kaki;1,00;La Grieta;noviembre-2025
22/11/2025;PANNTCA43TL;[PANNTCA43TL] EXPLORE PANTS CAB (L, Negro - 10);EXPLORE PANTS;CAB;L;Negro;1,00;Sambil Valencia;noviembre-2025
22/11/2025;PANNTDA43TM;[PANNTDA43TM] EXPLORE PANTS DAMA (M, Negro - 10);EXPLORE PANTS;DAMA;M;Negro;1,00;Sambil Chacao ;noviembre-2025
22/11/2025;PANNTCA66TXL;[PANNTCA66TXL] EXPLORE PANTS CAB (XL, Verde Militar - 60620);EXPLORE PANTS;CAB;XL;Verde Militar;1,00;Sambil Valencia;noviembre-2025
22/11/2025;PANNTCA33TM;[PANNTCA33TM] EXPLORE PANTS CAB (M, Kaki - 80279);EXPLORE PANTS;CAB;M;Kaki;1,00;Cerro Verde ;noviembre-2025
22/11/2025;PANNTCA66TL;[PANNTCA66TL] EXPLORE PANTS CAB (L, Verde Militar - 60620);EXPLORE PANTS;CAB;L;Verde Militar;1,00;Sambil Valencia;noviembre-2025
22/11/2025;PANNTDA12TXL;[PANNTDA12TXL] EXPLORE PANTS DAMA (XL, Azul Marino - 5102);EXPLORE PANTS;DAMA;XL;Azul Marino;1,00;La Grieta;noviembre-2025
22/11/2025;PANNTCA66TM;[PANNTCA66TM] EXPLORE PANTS CAB (M, Verde Militar - 60620);EXPLORE PANTS;CAB;M;Verde Militar;1,00;La Grieta;noviembre-2025
22/11/2025;PANNTDA33TS;[PANNTDA33TS] EXPLORE PANTS DAMA (S, Kaki - 80279);EXPLORE PANTS;DAMA;S;Kaki;2,00;Sambil Valencia;noviembre-2025
22/11/2025;PANNTCA66TL;[PANNTCA66TL] EXPLORE PANTS CAB (L, Verde Militar - 60620);EXPLORE PANTS;CAB;L;Verde Militar;1,00;Sambil Chacao ;noviembre-2025
22/11/2025;PANNTDA43TL;[PANNTDA43TL] EXPLORE PANTS DAMA (L, Negro - 10);EXPLORE PANTS;DAMA;L;Negro;1,00;Cerro Verde ;noviembre-2025
22/11/2025;PANNTCA66TL;[PANNTCA66TL] EXPLORE PANTS CAB (L, Verde Militar - 60620);EXPLORE PANTS;CAB;L;Verde Militar;1,00;Sambil Chacao ;noviembre-2025
22/11/2025;PANNTCA12TS;[PANNTCA12TS] EXPLORE PANTS CAB (S, Azul Marino - 5102);EXPLORE PANTS;CAB;S;Azul Marino;1,00;Sambil Chacao ;noviembre-2025
22/11/2025;PANNTDA43TS;[PANNTDA43TS] EXPLORE PANTS DAMA (S, Negro - 10);EXPLORE PANTS;DAMA;S;Negro;1,00;Sambil Chacao ;noviembre-2025
23/11/2025;PANNTDA43TXS;[PANNTDA43TXS] EXPLORE PANTS DAMA (XS, Negro - 10);EXPLORE PANTS;DAMA;XS;Negro;1,00;Sambil Chacao ;noviembre-2025
23/11/2025;PANNTDA43TM;[PANNTDA43TM] EXPLORE PANTS DAMA (M, Negro - 10);EXPLORE PANTS;DAMA;M;Negro;1,00;Sambil Chacao ;noviembre-2025
23/11/2025;PANNTDA12TXL;[PANNTDA12TXL] EXPLORE PANTS DAMA (XL, Azul Marino - 5102);EXPLORE PANTS;DAMA;XL;Azul Marino;1,00;La Grieta;noviembre-2025
23/11/2025;PANNTCA12TL;[PANNTCA12TL] EXPLORE PANTS CAB (L, Azul Marino - 5102);EXPLORE PANTS;CAB;L;Azul Marino;1,00;Sambil Valencia;noviembre-2025
23/11/2025;PANNTKI43T8;[PANNTKI43T8] EXPLORE PANTS KIDS (8, Negro - 10);EXPLORE PANTS;KIDS;8;Negro;1,00;Cerro Verde ;noviembre-2025
23/11/2025;PANNTDA66TS;[PANNTDA66TS] EXPLORE PANTS DAMA (S, Verde Militar - 60620);EXPLORE PANTS;DAMA;S;Verde Militar;1,00;Sambil Valencia;noviembre-2025
23/11/2025;PANNTDA43TS;[PANNTDA43TS] EXPLORE PANTS DAMA (S, Negro - 10);EXPLORE PANTS;DAMA;S;Negro;1,00;Sambil Valencia;noviembre-2025
23/11/2025;PANNTDA66TXS;[PANNTDA66TXS] EXPLORE PANTS DAMA (XS, Verde Militar - 60620);EXPLORE PANTS;DAMA;XS;Verde Militar;1,00;Sambil Valencia;noviembre-2025
23/11/2025;PANNTDA43TXS;[PANNTDA43TXS] EXPLORE PANTS DAMA (XS, Negro - 10);EXPLORE PANTS;DAMA;XS;Negro;1,00;Sambil Valencia;noviembre-2025
23/11/2025;PANNTCA66TS;[PANNTCA66TS] EXPLORE PANTS CAB (S, Verde Militar - 60620);EXPLORE PANTS;CAB;S;Verde Militar;1,00;Sambil Valencia;noviembre-2025
23/11/2025;PANNTCA43TS;[PANNTCA43TS] EXPLORE PANTS CAB (S, Negro - 10);EXPLORE PANTS;CAB;S;Negro;1,00;Sambil Valencia;noviembre-2025
23/11/2025;PANNTCA33TM;[PANNTCA33TM] EXPLORE PANTS CAB (M, Kaki - 80279);EXPLORE PANTS;CAB;M;Kaki;1,00;Sambil Chacao ;noviembre-2025
24/11/2025;PANNTCA33TL;[PANNTCA33TL] EXPLORE PANTS CAB (L, Kaki - 80279);EXPLORE PANTS;CAB;L;Kaki;1,00;Cerro Verde ;noviembre-2025
24/11/2025;PANNTCA33TM;[PANNTCA33TM] EXPLORE PANTS CAB (M, Kaki - 80279);EXPLORE PANTS;CAB;M;Kaki;-1,00;Cerro Verde ;noviembre-2025
24/11/2025;PANNTDA30TM;[PANNTDA30TM] EXPLORE PANTS DAMA (M, Gris Claro - 9734);EXPLORE PANTS;DAMA;M;Gris Claro;1,00;Cerro Verde ;noviembre-2025
24/11/2025;PANNTDA33TM;[PANNTDA33TM] EXPLORE PANTS DAMA (M, Kaki - 80279);EXPLORE PANTS;DAMA;M;Kaki;1,00;Cerro Verde ;noviembre-2025
24/11/2025;PANNTDA12TM;[PANNTDA12TM] EXPLORE PANTS DAMA (M, Azul Marino - 5102);EXPLORE PANTS;DAMA;M;Azul Marino;1,00;Cerro Verde ;noviembre-2025
24/11/2025;PANNTCA30TL;[PANNTCA30TL] EXPLORE PANTS CAB (L, Gris Claro - 9734);EXPLORE PANTS;CAB;L;Gris Claro;1,00;Sambil Valencia;noviembre-2025
24/11/2025;PANNTCA43TS;[PANNTCA43TS] EXPLORE PANTS CAB (S, Negro - 10);EXPLORE PANTS;CAB;S;Negro;1,00;Sambil Valencia;noviembre-2025
25/11/2025;PANNTDA43TXS;[PANNTDA43TXS] EXPLORE PANTS DAMA (XS, Negro - 10);EXPLORE PANTS;DAMA;XS;Negro;1,00;Sambil Chacao ;noviembre-2025
25/11/2025;PANNTDA30TM;[PANNTDA30TM] EXPLORE PANTS DAMA (M, Gris Claro - 9734);EXPLORE PANTS;DAMA;M;Gris Claro;1,00;Sambil Chacao ;noviembre-2025
25/11/2025;PANNTCA12TM;[PANNTCA12TM] EXPLORE PANTS CAB (M, Azul Marino - 5102);EXPLORE PANTS;CAB;M;Azul Marino;1,00;Sambil Chacao ;noviembre-2025
25/11/2025;PANNTDA43TS;[PANNTDA43TS] EXPLORE PANTS DAMA (S, Negro - 10);EXPLORE PANTS;DAMA;S;Negro;1,00;Cerro Verde ;noviembre-2025
25/11/2025;PANNTDA43TXS;[PANNTDA43TXS] EXPLORE PANTS DAMA (XS, Negro - 10);EXPLORE PANTS;DAMA;XS;Negro;1,00;Cerro Verde ;noviembre-2025
25/11/2025;PANNTKI43T10;[PANNTKI43T10] EXPLORE PANTS KIDS (10, Negro - 10);EXPLORE PANTS;KIDS;10;Negro;1,00;La Grieta;noviembre-2025
25/11/2025;PANNTCA66TL;[PANNTCA66TL] EXPLORE PANTS CAB (L, Verde Militar - 60620);EXPLORE PANTS;CAB;L;Verde Militar;1,00;Grandplaz ;noviembre-2025
25/11/2025;PANNTCA33TL;[PANNTCA33TL] EXPLORE PANTS CAB (L, Kaki - 80279);EXPLORE PANTS;CAB;L;Kaki;1,00;La Grieta;noviembre-2025
25/11/2025;PANNTCA43TL;[PANNTCA43TL] EXPLORE PANTS CAB (L, Negro - 10);EXPLORE PANTS;CAB;L;Negro;1,00;La Grieta;noviembre-2025
25/11/2025;PANNTDA33TS;[PANNTDA33TS] EXPLORE PANTS DAMA (S, Kaki - 80279);EXPLORE PANTS;DAMA;S;Kaki;1,00;Sambil Chacao ;noviembre-2025
25/11/2025;PANNTDA43TS;[PANNTDA43TS] EXPLORE PANTS DAMA (S, Negro - 10);EXPLORE PANTS;DAMA;S;Negro;1,00;Sambil Chacao ;noviembre-2025
26/11/2025;PANNTDA66TM;[PANNTDA66TM] EXPLORE PANTS DAMA (M, Verde Militar - 60620);EXPLORE PANTS;DAMA;M;Verde Militar;1,00;Sambil Valencia;noviembre-2025
26/11/2025;PANNTCA30TXL;[PANNTCA30TXL] EXPLORE PANTS CAB (XL, Gris Claro - 9734);EXPLORE PANTS;CAB;XL;Gris Claro;1,00;La Grieta;noviembre-2025
26/11/2025;PANNTCA33TL;[PANNTCA33TL] EXPLORE PANTS CAB (L, Kaki - 80279);EXPLORE PANTS;CAB;L;Kaki;1,00;La Grieta;noviembre-2025
26/11/2025;PANNTDA30TL;[PANNTDA30TL] EXPLORE PANTS DAMA (L, Gris Claro - 9734);EXPLORE PANTS;DAMA;L;Gris Claro;1,00;La Grieta;noviembre-2025
26/11/2025;PANNTCA30TXL;[PANNTCA30TXL] EXPLORE PANTS CAB (XL, Gris Claro - 9734);EXPLORE PANTS;CAB;XL;Gris Claro;1,00;La Grieta;noviembre-2025
26/11/2025;PANNTCA12TL;[PANNTCA12TL] EXPLORE PANTS CAB (L, Azul Marino - 5102);EXPLORE PANTS;CAB;L;Azul Marino;1,00;La Grieta;noviembre-2025
26/11/2025;PANNTCA30TL;[PANNTCA30TL] EXPLORE PANTS CAB (L, Gris Claro - 9734);EXPLORE PANTS;CAB;L;Gris Claro;1,00;La Grieta;noviembre-2025
26/11/2025;PANNTCA66TM;[PANNTCA66TM] EXPLORE PANTS CAB (M, Verde Militar - 60620);EXPLORE PANTS;CAB;M;Verde Militar;1,00;La Grieta;noviembre-2025
26/11/2025;PANNTCA30TXL;[PANNTCA30TXL] EXPLORE PANTS CAB (XL, Gris Claro - 9734);EXPLORE PANTS;CAB;XL;Gris Claro;1,00;Sambil Valencia;noviembre-2025
26/11/2025;PANNTCA43TM;[PANNTCA43TM] EXPLORE PANTS CAB (M, Negro - 10);EXPLORE PANTS;CAB;M;Negro;1,00;Sambil Valencia;noviembre-2025
26/11/2025;PANNTKI43T4;[PANNTKI43T4] EXPLORE PANTS KIDS (4, Negro - 10);EXPLORE PANTS;KIDS;4;Negro;1,00;Sambil Valencia;noviembre-2025
27/11/2025;PANNTCA12TL;[PANNTCA12TL] EXPLORE PANTS CAB (L, Azul Marino - 5102);EXPLORE PANTS;CAB;L;Azul Marino;1,00;Grandplaz ;noviembre-2025
27/11/2025;PANNTCA33TM;[PANNTCA33TM] EXPLORE PANTS CAB (M, Kaki - 80279);EXPLORE PANTS;CAB;M;Kaki;-1,00;Sambil Chacao ;noviembre-2025
27/11/2025;PANNTCA30TL;[PANNTCA30TL] EXPLORE PANTS CAB (L, Gris Claro - 9734);EXPLORE PANTS;CAB;L;Gris Claro;1,00;Sambil Chacao ;noviembre-2025
27/11/2025;PANNTDA30TM;[PANNTDA30TM] EXPLORE PANTS DAMA (M, Gris Claro - 9734);EXPLORE PANTS;DAMA;M;Gris Claro;1,00;Grandplaz ;noviembre-2025
27/11/2025;PANNTCA66TS;[PANNTCA66TS] EXPLORE PANTS CAB (S, Verde Militar - 60620);EXPLORE PANTS;CAB;S;Verde Militar;1,00;Sambil Valencia;noviembre-2025
27/11/2025;PANNTKI30T10;[PANNTKI30T10] EXPLORE PANTS KIDS (10, Gris Claro - 9734);EXPLORE PANTS;KIDS;10;Gris Claro;1,00;Cerro Verde ;noviembre-2025
27/11/2025;PANNTKI66T10;[PANNTKI66T10] EXPLORE PANTS KIDS (10, Verde Militar - 60620);EXPLORE PANTS;KIDS;10;Verde Militar;1,00;Cerro Verde ;noviembre-2025
27/11/2025;PANNTKI12T10;[PANNTKI12T10] EXPLORE PANTS KIDS (10, Azul Marino - 5102);EXPLORE PANTS;KIDS;10;Azul Marino;1,00;Cerro Verde ;noviembre-2025
27/11/2025;PANNTDA12TM;[PANNTDA12TM] EXPLORE PANTS DAMA (M, Azul Marino - 5102);EXPLORE PANTS;DAMA;M;Azul Marino;3,00;WEB;noviembre-2025
27/11/2025;PANNTDA30TS;[PANNTDA30TS] EXPLORE PANTS DAMA (S, Gris Claro - 9734);EXPLORE PANTS;DAMA;S;Gris Claro;3,00;WEB;noviembre-2025
27/11/2025;PANNTCA30TXL;[PANNTCA30TXL] EXPLORE PANTS CAB (XL, Gris Claro - 9734);EXPLORE PANTS;CAB;XL;Gris Claro;1,00;Sambil Valencia;noviembre-2025
27/11/2025;PANNTKI12T6;[PANNTKI12T6] EXPLORE PANTS KIDS (6, Azul Marino - 5102);EXPLORE PANTS;KIDS;6;Azul Marino;1,00;Cerro Verde ;noviembre-2025
27/11/2025;PANNTCA66TS;[PANNTCA66TS] EXPLORE PANTS CAB (S, Verde Militar - 60620);EXPLORE PANTS;CAB;S;Verde Militar;1,00;Cerro Verde ;noviembre-2025
27/11/2025;PANNTCA43TS;[PANNTCA43TS] EXPLORE PANTS CAB (S, Negro - 10);EXPLORE PANTS;CAB;S;Negro;1,00;Cerro Verde ;noviembre-2025
27/11/2025;PANNTDA66TXS;[PANNTDA66TXS] EXPLORE PANTS DAMA (XS, Verde Militar - 60620);EXPLORE PANTS;DAMA;XS;Verde Militar;1,00;La Grieta;noviembre-2025
27/11/2025;PANNTKI66T10;[PANNTKI66T10] EXPLORE PANTS KIDS (10, Verde Militar - 60620);EXPLORE PANTS;KIDS;10;Verde Militar;1,00;La Grieta;noviembre-2025
27/11/2025;PANNTKI30T8;[PANNTKI30T8] EXPLORE PANTS KIDS (8, Gris Claro - 9734);EXPLORE PANTS;KIDS;8;Gris Claro;1,00;La Grieta;noviembre-2025
27/11/2025;PANNTDA43TXS;[PANNTDA43TXS] EXPLORE PANTS DAMA (XS, Negro - 10);EXPLORE PANTS;DAMA;XS;Negro;1,00;Cerro Verde ;noviembre-2025
27/11/2025;PANNTDA30TXS;[PANNTDA30TXS] EXPLORE PANTS DAMA (XS, Gris Claro - 9734);EXPLORE PANTS;DAMA;XS;Gris Claro;1,00;Cerro Verde ;noviembre-2025
27/11/2025;PANNTKI66T12;[PANNTKI66T12] EXPLORE PANTS KIDS (12, Verde Militar - 60620);EXPLORE PANTS;KIDS;12;Verde Militar;1,00;La Grieta;noviembre-2025
28/11/2025;PANNTCA43TL;[PANNTCA43TL] EXPLORE PANTS CAB (L, Negro - 10);EXPLORE PANTS;CAB;L;Negro;1,00;La Grieta;noviembre-2025
28/11/2025;PANNTDA12TM;[PANNTDA12TM] EXPLORE PANTS DAMA (M, Azul Marino - 5102);EXPLORE PANTS;DAMA;M;Azul Marino;1,00;La Grieta;noviembre-2025
28/11/2025;PANNTDA33TS;[PANNTDA33TS] EXPLORE PANTS DAMA (S, Kaki - 80279);EXPLORE PANTS;DAMA;S;Kaki;1,00;La Grieta;noviembre-2025
28/11/2025;PANNTCA33TM;[PANNTCA33TM] EXPLORE PANTS CAB (M, Kaki - 80279);EXPLORE PANTS;CAB;M;Kaki;1,00;La Grieta;noviembre-2025
28/11/2025;PANNTCA66TM;[PANNTCA66TM] EXPLORE PANTS CAB (M, Verde Militar - 60620);EXPLORE PANTS;CAB;M;Verde Militar;1,00;La Grieta;noviembre-2025
28/11/2025;PANNTDA33TM;[PANNTDA33TM] EXPLORE PANTS DAMA (M, Kaki - 80279);EXPLORE PANTS;DAMA;M;Kaki;1,00;Grandplaz ;noviembre-2025
28/11/2025;PANNTCA33TM;[PANNTCA33TM] EXPLORE PANTS CAB (M, Kaki - 80279);EXPLORE PANTS;CAB;M;Kaki;1,00;La Grieta;noviembre-2025
28/11/2025;PANNTDA33TS;[PANNTDA33TS] EXPLORE PANTS DAMA (S, Kaki - 80279);EXPLORE PANTS;DAMA;S;Kaki;1,00;La Grieta;noviembre-2025
28/11/2025;PANNTDA30TS;[PANNTDA30TS] EXPLORE PANTS DAMA (S, Gris Claro - 9734);EXPLORE PANTS;DAMA;S;Gris Claro;1,00;La Grieta;noviembre-2025
28/11/2025;PANNTDA12TM;[PANNTDA12TM] EXPLORE PANTS DAMA (M, Azul Marino - 5102);EXPLORE PANTS;DAMA;M;Azul Marino;1,00;La Grieta;noviembre-2025
28/11/2025;PANNTDA66TS;[PANNTDA66TS] EXPLORE PANTS DAMA (S, Verde Militar - 60620);EXPLORE PANTS;DAMA;S;Verde Militar;1,00;Cerro Verde ;noviembre-2025
28/11/2025;PANNTCA43TM;[PANNTCA43TM] EXPLORE PANTS CAB (M, Negro - 10);EXPLORE PANTS;CAB;M;Negro;1,00;Grandplaz ;noviembre-2025
28/11/2025;PANNTDA66TS;[PANNTDA66TS] EXPLORE PANTS DAMA (S, Verde Militar - 60620);EXPLORE PANTS;DAMA;S;Verde Militar;1,00;Cerro Verde ;noviembre-2025
28/11/2025;PANNTDA33TM;[PANNTDA33TM] EXPLORE PANTS DAMA (M, Kaki - 80279);EXPLORE PANTS;DAMA;M;Kaki;1,00;Cerro Verde ;noviembre-2025
28/11/2025;PANNTCA43TM;[PANNTCA43TM] EXPLORE PANTS CAB (M, Negro - 10);EXPLORE PANTS;CAB;M;Negro;1,00;Grandplaz ;noviembre-2025
28/11/2025;PANNTDA33TS;[PANNTDA33TS] EXPLORE PANTS DAMA (S, Kaki - 80279);EXPLORE PANTS;DAMA;S;Kaki;1,00;Sambil Valencia;noviembre-2025
28/11/2025;PANNTDA30TM;[PANNTDA30TM] EXPLORE PANTS DAMA (M, Gris Claro - 9734);EXPLORE PANTS;DAMA;M;Gris Claro;-1,00;Sambil Chacao ;noviembre-2025
28/11/2025;PANNTDA33TXL;[PANNTDA33TXL] EXPLORE PANTS DAMA (XL, Kaki - 80279);EXPLORE PANTS;DAMA;XL;Kaki;1,00;Cerro Verde ;noviembre-2025
28/11/2025;PANNTCA12TS;[PANNTCA12TS] EXPLORE PANTS CAB (S, Azul Marino - 5102);EXPLORE PANTS;CAB;S;Azul Marino;1,00;Sambil Chacao ;noviembre-2025
29/11/2025;PANNTDA43TM;[PANNTDA43TM] EXPLORE PANTS DAMA (M, Negro - 10);EXPLORE PANTS;DAMA;M;Negro;1,00;Sambil Valencia;noviembre-2025
29/11/2025;PANNTDA43TXS;[PANNTDA43TXS] EXPLORE PANTS DAMA (XS, Negro - 10);EXPLORE PANTS;DAMA;XS;Negro;1,00;Sambil Chacao ;noviembre-2025
29/11/2025;PANNTDA30TM;[PANNTDA30TM] EXPLORE PANTS DAMA (M, Gris Claro - 9734);EXPLORE PANTS;DAMA;M;Gris Claro;1,00;Sambil Chacao ;noviembre-2025
29/11/2025;PANNTDA43TS;[PANNTDA43TS] EXPLORE PANTS DAMA (S, Negro - 10);EXPLORE PANTS;DAMA;S;Negro;1,00;Sambil Chacao ;noviembre-2025
29/11/2025;PANNTCA66TM;[PANNTCA66TM] EXPLORE PANTS CAB (M, Verde Militar - 60620);EXPLORE PANTS;CAB;M;Verde Militar;1,00;Sambil Chacao ;noviembre-2025
29/11/2025;PANNTCA33TM;[PANNTCA33TM] EXPLORE PANTS CAB (M, Kaki - 80279);EXPLORE PANTS;CAB;M;Kaki;1,00;Cerro Verde ;noviembre-2025
29/11/2025;PANNTDA66TM;[PANNTDA66TM] EXPLORE PANTS DAMA (M, Verde Militar - 60620);EXPLORE PANTS;DAMA;M;Verde Militar;1,00;Sambil Valencia;noviembre-2025
29/11/2025;PANNTDA33TS;[PANNTDA33TS] EXPLORE PANTS DAMA (S, Kaki - 80279);EXPLORE PANTS;DAMA;S;Kaki;1,00;Grandplaz ;noviembre-2025
29/11/2025;PANNTCA33TL;[PANNTCA33TL] EXPLORE PANTS CAB (L, Kaki - 80279);EXPLORE PANTS;CAB;L;Kaki;1,00;Grandplaz ;noviembre-2025
29/11/2025;PANNTDA43TS;[PANNTDA43TS] EXPLORE PANTS DAMA (S, Negro - 10);EXPLORE PANTS;DAMA;S;Negro;1,00;Sambil Chacao ;noviembre-2025
29/11/2025;PANNTDA66TM;[PANNTDA66TM] EXPLORE PANTS DAMA (M, Verde Militar - 60620);EXPLORE PANTS;DAMA;M;Verde Militar;1,00;La Grieta;noviembre-2025
29/11/2025;PANNTKI66T10;[PANNTKI66T10] EXPLORE PANTS KIDS (10, Verde Militar - 60620);EXPLORE PANTS;KIDS;10;Verde Militar;1,00;Cerro Verde ;noviembre-2025
29/11/2025;PANNTDA66TM;[PANNTDA66TM] EXPLORE PANTS DAMA (M, Verde Militar - 60620);EXPLORE PANTS;DAMA;M;Verde Militar;1,00;La Grieta;noviembre-2025
29/11/2025;PANNTDA66TM;[PANNTDA66TM] EXPLORE PANTS DAMA (M, Verde Militar - 60620);EXPLORE PANTS;DAMA;M;Verde Militar;-1,00;La Grieta;noviembre-2025
30/11/2025;PANNTDA43TXL;[PANNTDA43TXL] EXPLORE PANTS DAMA (XL, Negro - 10);EXPLORE PANTS;DAMA;XL;Negro;1,00;Cerro Verde ;noviembre-2025
30/11/2025;PANNTDA43TS;[PANNTDA43TS] EXPLORE PANTS DAMA (S, Negro - 10);EXPLORE PANTS;DAMA;S;Negro;1,00;Cerro Verde ;noviembre-2025
30/11/2025;PANNTKI66T10;[PANNTKI66T10] EXPLORE PANTS KIDS (10, Verde Militar - 60620);EXPLORE PANTS;KIDS;10;Verde Militar;1,00;Sambil Valencia;noviembre-2025
30/11/2025;PANNTDA43TM;[PANNTDA43TM] EXPLORE PANTS DAMA (M, Negro - 10);EXPLORE PANTS;DAMA;M;Negro;1,00;Sambil Valencia;noviembre-2025
30/11/2025;PANNTCA33TL;[PANNTCA33TL] EXPLORE PANTS CAB (L, Kaki - 80279);EXPLORE PANTS;CAB;L;Kaki;1,00;Cerro Verde ;noviembre-2025
30/11/2025;PANNTCA30TL;[PANNTCA30TL] EXPLORE PANTS CAB (L, Gris Claro - 9734);EXPLORE PANTS;CAB;L;Gris Claro;1,00;Sambil Chacao ;noviembre-2025
30/11/2025;PANNTDA43TM;[PANNTDA43TM] EXPLORE PANTS DAMA (M, Negro - 10);EXPLORE PANTS;DAMA;M;Negro;-1,00;Sambil Valencia;noviembre-2025
30/11/2025;PANNTCA43TM;[PANNTCA43TM] EXPLORE PANTS CAB (M, Negro - 10);EXPLORE PANTS;CAB;M;Negro;1,00;Sambil Valencia;noviembre-2025
30/11/2025;PANNTCA43TL;[PANNTCA43TL] EXPLORE PANTS CAB (L, Negro - 10);EXPLORE PANTS;CAB;L;Negro;1,00;Sambil Valencia;noviembre-2025
30/11/2025;PANNTCA66TL;[PANNTCA66TL] EXPLORE PANTS CAB (L, Verde Militar - 60620);EXPLORE PANTS;CAB;L;Verde Militar;1,00;Sambil Chacao ;noviembre-2025
30/11/2025;PANNTCA66TL;[PANNTCA66TL] EXPLORE PANTS CAB (L, Verde Militar - 60620);EXPLORE PANTS;CAB;L;Verde Militar;1,00;Cerro Verde ;noviembre-2025
30/11/2025;PANNTCA30TL;[PANNTCA30TL] EXPLORE PANTS CAB (L, Gris Claro - 9734);EXPLORE PANTS;CAB;L;Gris Claro;1,00;Cerro Verde ;noviembre-2025
30/11/2025;PANNTKI43T12;[PANNTKI43T12] EXPLORE PANTS KIDS (12, Negro - 10);EXPLORE PANTS;KIDS;12;Negro;1,00;Cerro Verde ;noviembre-2025
30/11/2025;PANNTCA43TL;[PANNTCA43TL] EXPLORE PANTS CAB (L, Negro - 10);EXPLORE PANTS;CAB;L;Negro;1,00;Sambil Valencia;noviembre-2025
30/11/2025;PANNTCA33TM;[PANNTCA33TM] EXPLORE PANTS CAB (M, Kaki - 80279);EXPLORE PANTS;CAB;M;Kaki;1,00;Sambil Chacao ;noviembre-2025
01/12/2025;PANNTKI12T10;[PANNTKI12T10] EXPLORE PANTS KIDS (10, Azul Marino - 5102);EXPLORE PANTS;KIDS;10;Azul Marino;1,00;La Grieta;diciembre-2025
01/12/2025;PANNTCA12TM;[PANNTCA12TM] EXPLORE PANTS CAB (M, Azul Marino - 5102);EXPLORE PANTS;CAB;M;Azul Marino;1,00;Sambil Chacao ;diciembre-2025
01/12/2025;PANNTDA12TM;[PANNTDA12TM] EXPLORE PANTS DAMA (M, Azul Marino - 5102);EXPLORE PANTS;DAMA;M;Azul Marino;1,00;Sambil Chacao ;diciembre-2025
01/12/2025;PANNTCA30TM;[PANNTCA30TM] EXPLORE PANTS CAB (M, Gris Claro - 9734);EXPLORE PANTS;CAB;M;Gris Claro;1,00;Sambil Valencia;diciembre-2025
01/12/2025;PANNTCA12TL;[PANNTCA12TL] EXPLORE PANTS CAB (L, Azul Marino - 5102);EXPLORE PANTS;CAB;L;Azul Marino;1,00;Cerro Verde ;diciembre-2025
01/12/2025;PANNTDA30TXL;[PANNTDA30TXL] EXPLORE PANTS DAMA (XL, Gris Claro - 9734);EXPLORE PANTS;DAMA;XL;Gris Claro;1,00;Sambil Chacao ;diciembre-2025
01/12/2025;PANNTCA12TM;[PANNTCA12TM] EXPLORE PANTS CAB (M, Azul Marino - 5102);EXPLORE PANTS;CAB;M;Azul Marino;1,00;Cerro Verde ;diciembre-2025
01/12/2025;PANNTDA30TM;[PANNTDA30TM] EXPLORE PANTS DAMA (M, Gris Claro - 9734);EXPLORE PANTS;DAMA;M;Gris Claro;1,00;Sambil Valencia;diciembre-2025
01/12/2025;PANNTCA30TXL;[PANNTCA30TXL] EXPLORE PANTS CAB (XL, Gris Claro - 9734);EXPLORE PANTS;CAB;XL;Gris Claro;1,00;Sambil Valencia;diciembre-2025
02/12/2025;PANNTCA12TM;[PANNTCA12TM] EXPLORE PANTS CAB (M, Azul Marino - 5102);EXPLORE PANTS;CAB;M;Azul Marino;1,00;La Grieta;diciembre-2025
02/12/2025;PANNTCA12TL;[PANNTCA12TL] EXPLORE PANTS CAB (L, Azul Marino - 5102);EXPLORE PANTS;CAB;L;Azul Marino;1,00;Cerro Verde ;diciembre-2025
02/12/2025;PANNTCA33TL;[PANNTCA33TL] EXPLORE PANTS CAB (L, Kaki - 80279);EXPLORE PANTS;CAB;L;Kaki;1,00;Sambil Valencia;diciembre-2025
02/12/2025;PANNTCA66TM;[PANNTCA66TM] EXPLORE PANTS CAB (M, Verde Militar - 60620);EXPLORE PANTS;CAB;M;Verde Militar;1,00;Sambil Chacao ;diciembre-2025
02/12/2025;PANNTDA12TS;[PANNTDA12TS] EXPLORE PANTS DAMA (S, Azul Marino - 5102);EXPLORE PANTS;DAMA;S;Azul Marino;1,00;Cerro Verde ;diciembre-2025
02/12/2025;PANNTDA43TS;[PANNTDA43TS] EXPLORE PANTS DAMA (S, Negro - 10);EXPLORE PANTS;DAMA;S;Negro;1,00;Cerro Verde ;diciembre-2025
02/12/2025;PANNTCA66TS;[PANNTCA66TS] EXPLORE PANTS CAB (S, Verde Militar - 60620);EXPLORE PANTS;CAB;S;Verde Militar;1,00;Cerro Verde ;diciembre-2025
02/12/2025;PANNTCA12TL;[PANNTCA12TL] EXPLORE PANTS CAB (L, Azul Marino - 5102);EXPLORE PANTS;CAB;L;Azul Marino;1,00;Sambil Valencia;diciembre-2025
03/12/2025;PANNTDA30TM;[PANNTDA30TM] EXPLORE PANTS DAMA (M, Gris Claro - 9734);EXPLORE PANTS;DAMA;M;Gris Claro;1,00;WEB;diciembre-2025
03/12/2025;PANNTDA43TS;[PANNTDA43TS] EXPLORE PANTS DAMA (S, Negro - 10);EXPLORE PANTS;DAMA;S;Negro;1,00;Sambil Valencia;diciembre-2025
03/12/2025;PANNTCA66TM;[PANNTCA66TM] EXPLORE PANTS CAB (M, Verde Militar - 60620);EXPLORE PANTS;CAB;M;Verde Militar;1,00;Sambil Chacao ;diciembre-2025
03/12/2025;PANNTDA12TM;[PANNTDA12TM] EXPLORE PANTS DAMA (M, Azul Marino - 5102);EXPLORE PANTS;DAMA;M;Azul Marino;1,00;Sambil Chacao ;diciembre-2025
03/12/2025;PANNTKI43T6;[PANNTKI43T6] EXPLORE PANTS KIDS (6, Negro - 10);EXPLORE PANTS;KIDS;6;Negro;1,00;Cerro Verde ;diciembre-2025
03/12/2025;PANNTKI12T6;[PANNTKI12T6] EXPLORE PANTS KIDS (6, Azul Marino - 5102);EXPLORE PANTS;KIDS;6;Azul Marino;1,00;Cerro Verde ;diciembre-2025
03/12/2025;PANNTKI66T6;[PANNTKI66T6] EXPLORE PANTS KIDS (6, Verde Militar - 60620);EXPLORE PANTS;KIDS;6;Verde Militar;1,00;Cerro Verde ;diciembre-2025
03/12/2025;PANNTKI66T2;[PANNTKI66T2] EXPLORE PANTS KIDS (2, Verde Militar - 60620);EXPLORE PANTS;KIDS;2;Verde Militar;1,00;Cerro Verde ;diciembre-2025
03/12/2025;PANNTKI43T2;[PANNTKI43T2] EXPLORE PANTS KIDS (2, Negro - 10);EXPLORE PANTS;KIDS;2;Negro;1,00;Cerro Verde ;diciembre-2025
03/12/2025;PANNTCA12TM;[PANNTCA12TM] EXPLORE PANTS CAB (M, Azul Marino - 5102);EXPLORE PANTS;CAB;M;Azul Marino;1,00;Cerro Verde ;diciembre-2025
03/12/2025;PANNTCA66TM;[PANNTCA66TM] EXPLORE PANTS CAB (M, Verde Militar - 60620);EXPLORE PANTS;CAB;M;Verde Militar;1,00;Cerro Verde ;diciembre-2025
03/12/2025;PANNTCA33TL;[PANNTCA33TL] EXPLORE PANTS CAB (L, Kaki - 80279);EXPLORE PANTS;CAB;L;Kaki;1,00;Cerro Verde ;diciembre-2025
03/12/2025;PANNTCA43TS;[PANNTCA43TS] EXPLORE PANTS CAB (S, Negro - 10);EXPLORE PANTS;CAB;S;Negro;1,00;La Grieta;diciembre-2025
03/12/2025;PANNTDA30TXS;[PANNTDA30TXS] EXPLORE PANTS DAMA (XS, Gris Claro - 9734);EXPLORE PANTS;DAMA;XS;Gris Claro;1,00;Sambil Valencia;diciembre-2025
03/12/2025;PANNTCA30TL;[PANNTCA30TL] EXPLORE PANTS CAB (L, Gris Claro - 9734);EXPLORE PANTS;CAB;L;Gris Claro;1,00;Cerro Verde ;diciembre-2025
03/12/2025;PANNTDA66TL;[PANNTDA66TL] EXPLORE PANTS DAMA (L, Verde Militar - 60620);EXPLORE PANTS;DAMA;L;Verde Militar;1,00;Sambil Valencia;diciembre-2025
03/12/2025;PANNTDA43TM;[PANNTDA43TM] EXPLORE PANTS DAMA (M, Negro - 10);EXPLORE PANTS;DAMA;M;Negro;1,00;Sambil Valencia;diciembre-2025
04/12/2025;PANNTCA66TM;[PANNTCA66TM] EXPLORE PANTS CAB (M, Verde Militar - 60620);EXPLORE PANTS;CAB;M;Verde Militar;1,00;La Grieta;diciembre-2025
04/12/2025;PANNTDA33TM;[PANNTDA33TM] EXPLORE PANTS DAMA (M, Kaki - 80279);EXPLORE PANTS;DAMA;M;Kaki;1,00;Grandplaz ;diciembre-2025
04/12/2025;PANNTDA66TL;[PANNTDA66TL] EXPLORE PANTS DAMA (L, Verde Militar - 60620);EXPLORE PANTS;DAMA;L;Verde Militar;1,00;Sambil Chacao ;diciembre-2025
04/12/2025;PANNTCA33TL;[PANNTCA33TL] EXPLORE PANTS CAB (L, Kaki - 80279);EXPLORE PANTS;CAB;L;Kaki;1,00;Sambil Valencia;diciembre-2025
04/12/2025;PANNTKI12T4;[PANNTKI12T4] EXPLORE PANTS KIDS (4, Azul Marino - 5102);EXPLORE PANTS;KIDS;4;Azul Marino;1,00;Sambil Chacao ;diciembre-2025
05/12/2025;PANNTCA33TM;[PANNTCA33TM] EXPLORE PANTS CAB (M, Kaki - 80279);EXPLORE PANTS;CAB;M;Kaki;1,00;Sambil Valencia;diciembre-2025
05/12/2025;PANNTDA43TM;[PANNTDA43TM] EXPLORE PANTS DAMA (M, Negro - 10);EXPLORE PANTS;DAMA;M;Negro;1,00;Sambil Valencia;diciembre-2025
05/12/2025;PANNTCA33TM;[PANNTCA33TM] EXPLORE PANTS CAB (M, Kaki - 80279);EXPLORE PANTS;CAB;M;Kaki;1,00;Sambil Valencia;diciembre-2025
05/12/2025;PANNTCA66TM;[PANNTCA66TM] EXPLORE PANTS CAB (M, Verde Militar - 60620);EXPLORE PANTS;CAB;M;Verde Militar;1,00;La Grieta;diciembre-2025
05/12/2025;PANNTCA12TL;[PANNTCA12TL] EXPLORE PANTS CAB (L, Azul Marino - 5102);EXPLORE PANTS;CAB;L;Azul Marino;1,00;Sambil Chacao ;diciembre-2025
05/12/2025;PANNTCA66TL;[PANNTCA66TL] EXPLORE PANTS CAB (L, Verde Militar - 60620);EXPLORE PANTS;CAB;L;Verde Militar;1,00;Sambil Chacao ;diciembre-2025
05/12/2025;PANNTKI66T6;[PANNTKI66T6] EXPLORE PANTS KIDS (6, Verde Militar - 60620);EXPLORE PANTS;KIDS;6;Verde Militar;1,00;Cerro Verde ;diciembre-2025
05/12/2025;PANNTCA30TL;[PANNTCA30TL] EXPLORE PANTS CAB (L, Gris Claro - 9734);EXPLORE PANTS;CAB;L;Gris Claro;1,00;La Grieta;diciembre-2025
05/12/2025;PANNTDA43TM;[PANNTDA43TM] EXPLORE PANTS DAMA (M, Negro - 10);EXPLORE PANTS;DAMA;M;Negro;1,00;La Grieta;diciembre-2025
05/12/2025;PANNTCA33TM;[PANNTCA33TM] EXPLORE PANTS CAB (M, Kaki - 80279);EXPLORE PANTS;CAB;M;Kaki;1,00;Sambil Valencia;diciembre-2025
05/12/2025;PANNTDA33TXS;[PANNTDA33TXS] EXPLORE PANTS DAMA (XS, Kaki - 80279);EXPLORE PANTS;DAMA;XS;Kaki;1,00;Sambil Valencia;diciembre-2025
06/12/2025;PANNTCA66TM;[PANNTCA66TM] EXPLORE PANTS CAB (M, Verde Militar - 60620);EXPLORE PANTS;CAB;M;Verde Militar;1,00;Cerro Verde ;diciembre-2025
06/12/2025;PANNTCA33TM;[PANNTCA33TM] EXPLORE PANTS CAB (M, Kaki - 80279);EXPLORE PANTS;CAB;M;Kaki;-1,00;Sambil Valencia;diciembre-2025
06/12/2025;PANNTCA33TL;[PANNTCA33TL] EXPLORE PANTS CAB (L, Kaki - 80279);EXPLORE PANTS;CAB;L;Kaki;1,00;Sambil Valencia;diciembre-2025
06/12/2025;PANNTDA12TS;[PANNTDA12TS] EXPLORE PANTS DAMA (S, Azul Marino - 5102);EXPLORE PANTS;DAMA;S;Azul Marino;1,00;Cerro Verde ;diciembre-2025
06/12/2025;PANNTKI12T2;[PANNTKI12T2] EXPLORE PANTS KIDS (2, Azul Marino - 5102);EXPLORE PANTS;KIDS;2;Azul Marino;1,00;Cerro Verde ;diciembre-2025
06/12/2025;PANNTDA12TM;[PANNTDA12TM] EXPLORE PANTS DAMA (M, Azul Marino - 5102);EXPLORE PANTS;DAMA;M;Azul Marino;1,00;Sambil Chacao ;diciembre-2025
06/12/2025;PANNTDA66TXS;[PANNTDA66TXS] EXPLORE PANTS DAMA (XS, Verde Militar - 60620);EXPLORE PANTS;DAMA;XS;Verde Militar;1,00;Cerro Verde ;diciembre-2025
06/12/2025;PANNTKI66T12;[PANNTKI66T12] EXPLORE PANTS KIDS (12, Verde Militar - 60620);EXPLORE PANTS;KIDS;12;Verde Militar;1,00;Cerro Verde ;diciembre-2025
06/12/2025;PANNTKI66T8;[PANNTKI66T8] EXPLORE PANTS KIDS (8, Verde Militar - 60620);EXPLORE PANTS;KIDS;8;Verde Militar;1,00;Cerro Verde ;diciembre-2025
06/12/2025;PANNTCA12TM;[PANNTCA12TM] EXPLORE PANTS CAB (M, Azul Marino - 5102);EXPLORE PANTS;CAB;M;Azul Marino;1,00;Cerro Verde ;diciembre-2025
06/12/2025;PANNTCA43TM;[PANNTCA43TM] EXPLORE PANTS CAB (M, Negro - 10);EXPLORE PANTS;CAB;M;Negro;1,00;Sambil Valencia;diciembre-2025
06/12/2025;PANNTCA43TL;[PANNTCA43TL] EXPLORE PANTS CAB (L, Negro - 10);EXPLORE PANTS;CAB;L;Negro;1,00;Sambil Valencia;diciembre-2025
06/12/2025;PANNTDA33TXS;[PANNTDA33TXS] EXPLORE PANTS DAMA (XS, Kaki - 80279);EXPLORE PANTS;DAMA;XS;Kaki;1,00;Sambil Valencia;diciembre-2025
06/12/2025;PANNTDA43TS;[PANNTDA43TS] EXPLORE PANTS DAMA (S, Negro - 10);EXPLORE PANTS;DAMA;S;Negro;1,00;Sambil Valencia;diciembre-2025
06/12/2025;PANNTCA33TL;[PANNTCA33TL] EXPLORE PANTS CAB (L, Kaki - 80279);EXPLORE PANTS;CAB;L;Kaki;1,00;Sambil Valencia;diciembre-2025
06/12/2025;PANNTKI12T12;[PANNTKI12T12] EXPLORE PANTS KIDS (12, Azul Marino - 5102);EXPLORE PANTS;KIDS;12;Azul Marino;1,00;La Grieta;diciembre-2025
06/12/2025;PANNTKI66T10;[PANNTKI66T10] EXPLORE PANTS KIDS (10, Verde Militar - 60620);EXPLORE PANTS;KIDS;10;Verde Militar;1,00;La Grieta;diciembre-2025
06/12/2025;PANNTDA12TS;[PANNTDA12TS] EXPLORE PANTS DAMA (S, Azul Marino - 5102);EXPLORE PANTS;DAMA;S;Azul Marino;1,00;Sambil Valencia;diciembre-2025
06/12/2025;PANNTDA30TXL;[PANNTDA30TXL] EXPLORE PANTS DAMA (XL, Gris Claro - 9734);EXPLORE PANTS;DAMA;XL;Gris Claro;1,00;Sambil Chacao ;diciembre-2025
06/12/2025;PANNTCA33TM;[PANNTCA33TM] EXPLORE PANTS CAB (M, Kaki - 80279);EXPLORE PANTS;CAB;M;Kaki;1,00;Sambil Valencia;diciembre-2025
06/12/2025;PANNTCA12TM;[PANNTCA12TM] EXPLORE PANTS CAB (M, Azul Marino - 5102);EXPLORE PANTS;CAB;M;Azul Marino;1,00;Sambil Valencia;diciembre-2025
06/12/2025;PANNTCA66TM;[PANNTCA66TM] EXPLORE PANTS CAB (M, Verde Militar - 60620);EXPLORE PANTS;CAB;M;Verde Militar;1,00;Sambil Valencia;diciembre-2025
07/12/2025;PANNTCA30TL;[PANNTCA30TL] EXPLORE PANTS CAB (L, Gris Claro - 9734);EXPLORE PANTS;CAB;L;Gris Claro;1,00;Grandplaz ;diciembre-2025
07/12/2025;PANNTCA12TS;[PANNTCA12TS] EXPLORE PANTS CAB (S, Azul Marino - 5102);EXPLORE PANTS;CAB;S;Azul Marino;1,00;Sambil Valencia;diciembre-2025
07/12/2025;PANNTDA66TS;[PANNTDA66TS] EXPLORE PANTS DAMA (S, Verde Militar - 60620);EXPLORE PANTS;DAMA;S;Verde Militar;1,00;Sambil Chacao ;diciembre-2025
07/12/2025;PANNTKI12T6;[PANNTKI12T6] EXPLORE PANTS KIDS (6, Azul Marino - 5102);EXPLORE PANTS;KIDS;6;Azul Marino;1,00;Sambil Chacao ;diciembre-2025
07/12/2025;PANNTCA12TL;[PANNTCA12TL] EXPLORE PANTS CAB (L, Azul Marino - 5102);EXPLORE PANTS;CAB;L;Azul Marino;1,00;Sambil Chacao ;diciembre-2025
07/12/2025;PANNTKI12T12;[PANNTKI12T12] EXPLORE PANTS KIDS (12, Azul Marino - 5102);EXPLORE PANTS;KIDS;12;Azul Marino;1,00;Cerro Verde ;diciembre-2025
07/12/2025;PANNTDA66TL;[PANNTDA66TL] EXPLORE PANTS DAMA (L, Verde Militar - 60620);EXPLORE PANTS;DAMA;L;Verde Militar;1,00;Sambil Valencia;diciembre-2025
07/12/2025;PANNTCA33TM;[PANNTCA33TM] EXPLORE PANTS CAB (M, Kaki - 80279);EXPLORE PANTS;CAB;M;Kaki;-1,00;Cerro Verde ;diciembre-2025
07/12/2025;PANNTCA12TL;[PANNTCA12TL] EXPLORE PANTS CAB (L, Azul Marino - 5102);EXPLORE PANTS;CAB;L;Azul Marino;1,00;Cerro Verde ;diciembre-2025
07/12/2025;PANNTDA33TXL;[PANNTDA33TXL] EXPLORE PANTS DAMA (XL, Kaki - 80279);EXPLORE PANTS;DAMA;XL;Kaki;1,00;Cerro Verde ;diciembre-2025
07/12/2025;PANNTDA33TS;[PANNTDA33TS] EXPLORE PANTS DAMA (S, Kaki - 80279);EXPLORE PANTS;DAMA;S;Kaki;1,00;Sambil Valencia;diciembre-2025
07/12/2025;PANNTCA33TM;[PANNTCA33TM] EXPLORE PANTS CAB (M, Kaki - 80279);EXPLORE PANTS;CAB;M;Kaki;1,00;Sambil Valencia;diciembre-2025
07/12/2025;PANNTCA30TL;[PANNTCA30TL] EXPLORE PANTS CAB (L, Gris Claro - 9734);EXPLORE PANTS;CAB;L;Gris Claro;-1,00;La Grieta;diciembre-2025
07/12/2025;PANNTDA66TS;[PANNTDA66TS] EXPLORE PANTS DAMA (S, Verde Militar - 60620);EXPLORE PANTS;DAMA;S;Verde Militar;1,00;La Grieta;diciembre-2025
07/12/2025;PANNTCA30TM;[PANNTCA30TM] EXPLORE PANTS CAB (M, Gris Claro - 9734);EXPLORE PANTS;CAB;M;Gris Claro;1,00;La Grieta;diciembre-2025
07/12/2025;PANNTKI66T2;[PANNTKI66T2] EXPLORE PANTS KIDS (2, Verde Militar - 60620);EXPLORE PANTS;KIDS;2;Verde Militar;1,00;Cerro Verde ;diciembre-2025
07/12/2025;PANNTKI30T2;[PANNTKI30T2] EXPLORE PANTS KIDS (2, Gris Claro - 9734);EXPLORE PANTS;KIDS;2;Gris Claro;1,00;Cerro Verde ;diciembre-2025
07/12/2025;PANNTKI43T2;[PANNTKI43T2] EXPLORE PANTS KIDS (2, Negro - 10);EXPLORE PANTS;KIDS;2;Negro;1,00;Cerro Verde ;diciembre-2025
07/12/2025;PANNTCA33TM;[PANNTCA33TM] EXPLORE PANTS CAB (M, Kaki - 80279);EXPLORE PANTS;CAB;M;Kaki;1,00;Cerro Verde ;diciembre-2025
08/12/2025;PANNTCA66TL;[PANNTCA66TL] EXPLORE PANTS CAB (L, Verde Militar - 60620);EXPLORE PANTS;CAB;L;Verde Militar;1,00;Sambil Valencia;diciembre-2025
08/12/2025;PANNTCA12TM;[PANNTCA12TM] EXPLORE PANTS CAB (M, Azul Marino - 5102);EXPLORE PANTS;CAB;M;Azul Marino;1,00;Sambil Chacao ;diciembre-2025
08/12/2025;PANNTKI12T10;[PANNTKI12T10] EXPLORE PANTS KIDS (10, Azul Marino - 5102);EXPLORE PANTS;KIDS;10;Azul Marino;1,00;WEB;diciembre-2025
08/12/2025;PANNTCA12TL;[PANNTCA12TL] EXPLORE PANTS CAB (L, Azul Marino - 5102);EXPLORE PANTS;CAB;L;Azul Marino;1,00;Cerro Verde ;diciembre-2025
08/12/2025;PANNTCA30TXL;[PANNTCA30TXL] EXPLORE PANTS CAB (XL, Gris Claro - 9734);EXPLORE PANTS;CAB;XL;Gris Claro;1,00;Cerro Verde ;diciembre-2025
08/12/2025;PANNTDA43TXS;[PANNTDA43TXS] EXPLORE PANTS DAMA (XS, Negro - 10);EXPLORE PANTS;DAMA;XS;Negro;1,00;La Grieta;diciembre-2025
08/12/2025;PANNTDA43TM;[PANNTDA43TM] EXPLORE PANTS DAMA (M, Negro - 10);EXPLORE PANTS;DAMA;M;Negro;1,00;La Grieta;diciembre-2025
09/12/2025;PANNTDA33TS;[PANNTDA33TS] EXPLORE PANTS DAMA (S, Kaki - 80279);EXPLORE PANTS;DAMA;S;Kaki;1,00;La Grieta;diciembre-2025
09/12/2025;PANNTCA30TM;[PANNTCA30TM] EXPLORE PANTS CAB (M, Gris Claro - 9734);EXPLORE PANTS;CAB;M;Gris Claro;1,00;La Grieta;diciembre-2025
09/12/2025;PANNTDA66TL;[PANNTDA66TL] EXPLORE PANTS DAMA (L, Verde Militar - 60620);EXPLORE PANTS;DAMA;L;Verde Militar;1,00;Sambil Valencia;diciembre-2025
09/12/2025;PANNTCA66TM;[PANNTCA66TM] EXPLORE PANTS CAB (M, Verde Militar - 60620);EXPLORE PANTS;CAB;M;Verde Militar;1,00;Sambil Chacao ;diciembre-2025
09/12/2025;PANNTDA30TS;[PANNTDA30TS] EXPLORE PANTS DAMA (S, Gris Claro - 9734);EXPLORE PANTS;DAMA;S;Gris Claro;1,00;Cerro Verde ;diciembre-2025
09/12/2025;PANNTDA12TXL;[PANNTDA12TXL] EXPLORE PANTS DAMA (XL, Azul Marino - 5102);EXPLORE PANTS;DAMA;XL;Azul Marino;1,00;Grandplaz ;diciembre-2025
09/12/2025;PANNTCA43TM;[PANNTCA43TM] EXPLORE PANTS CAB (M, Negro - 10);EXPLORE PANTS;CAB;M;Negro;1,00;Sambil Chacao ;diciembre-2025
09/12/2025;PANNTKI12T12;[PANNTKI12T12] EXPLORE PANTS KIDS (12, Azul Marino - 5102);EXPLORE PANTS;KIDS;12;Azul Marino;1,00;Cerro Verde ;diciembre-2025
09/12/2025;PANNTKI66T12;[PANNTKI66T12] EXPLORE PANTS KIDS (12, Verde Militar - 60620);EXPLORE PANTS;KIDS;12;Verde Militar;1,00;Sambil Valencia;diciembre-2025
09/12/2025;PANNTKI66T4;[PANNTKI66T4] EXPLORE PANTS KIDS (4, Verde Militar - 60620);EXPLORE PANTS;KIDS;4;Verde Militar;1,00;Sambil Valencia;diciembre-2025
09/12/2025;PANNTKI12T10;[PANNTKI12T10] EXPLORE PANTS KIDS (10, Azul Marino - 5102);EXPLORE PANTS;KIDS;10;Azul Marino;1,00;Sambil Valencia;diciembre-2025
09/12/2025;PANNTCA33TS;[PANNTCA33TS] EXPLORE PANTS CAB (S, Kaki - 80279);EXPLORE PANTS;CAB;S;Kaki;1,00;Sambil Valencia;diciembre-2025
09/12/2025;PANNTCA12TM;[PANNTCA12TM] EXPLORE PANTS CAB (M, Azul Marino - 5102);EXPLORE PANTS;CAB;M;Azul Marino;1,00;Grandplaz ;diciembre-2025
09/12/2025;PANNTKI66T10;[PANNTKI66T10] EXPLORE PANTS KIDS (10, Verde Militar - 60620);EXPLORE PANTS;KIDS;10;Verde Militar;1,00;Sambil Chacao ;diciembre-2025
09/12/2025;PANNTKI12T10;[PANNTKI12T10] EXPLORE PANTS KIDS (10, Azul Marino - 5102);EXPLORE PANTS;KIDS;10;Azul Marino;1,00;Sambil Chacao ;diciembre-2025
10/12/2025;PANNTDA12TS;[PANNTDA12TS] EXPLORE PANTS DAMA (S, Azul Marino - 5102);EXPLORE PANTS;DAMA;S;Azul Marino;1,00;La Grieta;diciembre-2025
10/12/2025;PANNTDA66TS;[PANNTDA66TS] EXPLORE PANTS DAMA (S, Verde Militar - 60620);EXPLORE PANTS;DAMA;S;Verde Militar;1,00;Sambil Chacao ;diciembre-2025
10/12/2025;PANNTCA12TM;[PANNTCA12TM] EXPLORE PANTS CAB (M, Azul Marino - 5102);EXPLORE PANTS;CAB;M;Azul Marino;1,00;Sambil Chacao ;diciembre-2025
10/12/2025;PANNTKI43T4;[PANNTKI43T4] EXPLORE PANTS KIDS (4, Negro - 10);EXPLORE PANTS;KIDS;4;Negro;1,00;Cerro Verde ;diciembre-2025
10/12/2025;PANNTDA33TXL;[PANNTDA33TXL] EXPLORE PANTS DAMA (XL, Kaki - 80279);EXPLORE PANTS;DAMA;XL;Kaki;1,00;La Grieta;diciembre-2025
10/12/2025;PANNTKI66T12;[PANNTKI66T12] EXPLORE PANTS KIDS (12, Verde Militar - 60620);EXPLORE PANTS;KIDS;12;Verde Militar;1,00;Cerro Verde ;diciembre-2025
10/12/2025;PANNTDA33TS;[PANNTDA33TS] EXPLORE PANTS DAMA (S, Kaki - 80279);EXPLORE PANTS;DAMA;S;Kaki;1,00;Sambil Valencia;diciembre-2025
10/12/2025;PANNTCA12TL;[PANNTCA12TL] EXPLORE PANTS CAB (L, Azul Marino - 5102);EXPLORE PANTS;CAB;L;Azul Marino;1,00;Sambil Valencia;diciembre-2025
10/12/2025;PANNTKI12T10;[PANNTKI12T10] EXPLORE PANTS KIDS (10, Azul Marino - 5102);EXPLORE PANTS;KIDS;10;Azul Marino;1,00;Sambil Valencia;diciembre-2025
11/12/2025;PANNTDA66TM;[PANNTDA66TM] EXPLORE PANTS DAMA (M, Verde Militar - 60620);EXPLORE PANTS;DAMA;M;Verde Militar;1,00;Sambil Valencia;diciembre-2025
11/12/2025;PANNTDA30TS;[PANNTDA30TS] EXPLORE PANTS DAMA (S, Gris Claro - 9734);EXPLORE PANTS;DAMA;S;Gris Claro;1,00;WEB;diciembre-2025
11/12/2025;PANNTCA12TM;[PANNTCA12TM] EXPLORE PANTS CAB (M, Azul Marino - 5102);EXPLORE PANTS;CAB;M;Azul Marino;1,00;Cerro Verde ;diciembre-2025
11/12/2025;PANNTCA43TM;[PANNTCA43TM] EXPLORE PANTS CAB (M, Negro - 10);EXPLORE PANTS;CAB;M;Negro;1,00;Sambil Valencia;diciembre-2025
12/12/2025;PANNTCA66TL;[PANNTCA66TL] EXPLORE PANTS CAB (L, Verde Militar - 60620);EXPLORE PANTS;CAB;L;Verde Militar;1,00;La Grieta;diciembre-2025
12/12/2025;PANNTDA43TXS;[PANNTDA43TXS] EXPLORE PANTS DAMA (XS, Negro - 10);EXPLORE PANTS;DAMA;XS;Negro;1,00;Grandplaz ;diciembre-2025
12/12/2025;PANNTDA66TS;[PANNTDA66TS] EXPLORE PANTS DAMA (S, Verde Militar - 60620);EXPLORE PANTS;DAMA;S;Verde Militar;1,00;Grandplaz ;diciembre-2025
12/12/2025;PANNTKI30T4;[PANNTKI30T4] EXPLORE PANTS KIDS (4, Gris Claro - 9734);EXPLORE PANTS;KIDS;4;Gris Claro;1,00;La Grieta;diciembre-2025
12/12/2025;PANNTCA66TL;[PANNTCA66TL] EXPLORE PANTS CAB (L, Verde Militar - 60620);EXPLORE PANTS;CAB;L;Verde Militar;1,00;La Grieta;diciembre-2025
12/12/2025;PANNTCA12TL;[PANNTCA12TL] EXPLORE PANTS CAB (L, Azul Marino - 5102);EXPLORE PANTS;CAB;L;Azul Marino;1,00;La Grieta;diciembre-2025
12/12/2025;PANNTDA66TXS;[PANNTDA66TXS] EXPLORE PANTS DAMA (XS, Verde Militar - 60620);EXPLORE PANTS;DAMA;XS;Verde Militar;1,00;La Grieta;diciembre-2025
12/12/2025;PANNTDA66TS;[PANNTDA66TS] EXPLORE PANTS DAMA (S, Verde Militar - 60620);EXPLORE PANTS;DAMA;S;Verde Militar;1,00;La Grieta;diciembre-2025
12/12/2025;PANNTKI12T4;[PANNTKI12T4] EXPLORE PANTS KIDS (4, Azul Marino - 5102);EXPLORE PANTS;KIDS;4;Azul Marino;1,00;La Grieta;diciembre-2025
12/12/2025;PANNTDA66TM;[PANNTDA66TM] EXPLORE PANTS DAMA (M, Verde Militar - 60620);EXPLORE PANTS;DAMA;M;Verde Militar;1,00;Sambil Valencia;diciembre-2025
12/12/2025;PANNTCA12TL;[PANNTCA12TL] EXPLORE PANTS CAB (L, Azul Marino - 5102);EXPLORE PANTS;CAB;L;Azul Marino;1,00;La Grieta;diciembre-2025
12/12/2025;PANNTCA33TM;[PANNTCA33TM] EXPLORE PANTS CAB (M, Kaki - 80279);EXPLORE PANTS;CAB;M;Kaki;1,00;La Grieta;diciembre-2025
12/12/2025;PANNTDA43TM;[PANNTDA43TM] EXPLORE PANTS DAMA (M, Negro - 10);EXPLORE PANTS;DAMA;M;Negro;1,00;La Grieta;diciembre-2025
12/12/2025;PANNTKI30T6;[PANNTKI30T6] EXPLORE PANTS KIDS (6, Gris Claro - 9734);EXPLORE PANTS;KIDS;6;Gris Claro;1,00;La Grieta;diciembre-2025
12/12/2025;PANNTCA12TL;[PANNTCA12TL] EXPLORE PANTS CAB (L, Azul Marino - 5102);EXPLORE PANTS;CAB;L;Azul Marino;1,00;Sambil Chacao ;diciembre-2025
12/12/2025;PANNTDA12TM;[PANNTDA12TM] EXPLORE PANTS DAMA (M, Azul Marino - 5102);EXPLORE PANTS;DAMA;M;Azul Marino;1,00;Sambil Chacao ;diciembre-2025
12/12/2025;PANNTKI43T12;[PANNTKI43T12] EXPLORE PANTS KIDS (12, Negro - 10);EXPLORE PANTS;KIDS;12;Negro;1,00;Sambil Chacao ;diciembre-2025
13/12/2025;PANNTKI30T2;[PANNTKI30T2] EXPLORE PANTS KIDS (2, Gris Claro - 9734);EXPLORE PANTS;KIDS;2;Gris Claro;1,00;Sambil Chacao ;diciembre-2025
13/12/2025;PANNTKI12T2;[PANNTKI12T2] EXPLORE PANTS KIDS (2, Azul Marino - 5102);EXPLORE PANTS;KIDS;2;Azul Marino;1,00;Sambil Chacao ;diciembre-2025
13/12/2025;PANNTCA12TL;[PANNTCA12TL] EXPLORE PANTS CAB (L, Azul Marino - 5102);EXPLORE PANTS;CAB;L;Azul Marino;1,00;Grandplaz ;diciembre-2025
13/12/2025;PANNTCA30TXL;[PANNTCA30TXL] EXPLORE PANTS CAB (XL, Gris Claro - 9734);EXPLORE PANTS;CAB;XL;Gris Claro;1,00;Cerro Verde ;diciembre-2025
13/12/2025;PANNTKI30T8;[PANNTKI30T8] EXPLORE PANTS KIDS (8, Gris Claro - 9734);EXPLORE PANTS;KIDS;8;Gris Claro;1,00;Cerro Verde ;diciembre-2025
13/12/2025;PANNTDA33TL;[PANNTDA33TL] EXPLORE PANTS DAMA (L, Kaki - 80279);EXPLORE PANTS;DAMA;L;Kaki;1,00;La Grieta;diciembre-2025
13/12/2025;PANNTCA12TL;[PANNTCA12TL] EXPLORE PANTS CAB (L, Azul Marino - 5102);EXPLORE PANTS;CAB;L;Azul Marino;1,00;La Grieta;diciembre-2025
13/12/2025;PANNTDA33TXL;[PANNTDA33TXL] EXPLORE PANTS DAMA (XL, Kaki - 80279);EXPLORE PANTS;DAMA;XL;Kaki;1,00;Sambil Chacao ;diciembre-2025
13/12/2025;PANNTDA30TXL;[PANNTDA30TXL] EXPLORE PANTS DAMA (XL, Gris Claro - 9734);EXPLORE PANTS;DAMA;XL;Gris Claro;1,00;Sambil Chacao ;diciembre-2025
13/12/2025;PANNTCA30TS;[PANNTCA30TS] EXPLORE PANTS CAB (S, Gris Claro - 9734);EXPLORE PANTS;CAB;S;Gris Claro;1,00;Sambil Chacao ;diciembre-2025
13/12/2025;PANNTDA12TXS;[PANNTDA12TXS] EXPLORE PANTS DAMA (XS, Azul Marino - 5102);EXPLORE PANTS;DAMA;XS;Azul Marino;1,00;Sambil Valencia;diciembre-2025
13/12/2025;PANNTDA43TXS;[PANNTDA43TXS] EXPLORE PANTS DAMA (XS, Negro - 10);EXPLORE PANTS;DAMA;XS;Negro;1,00;Sambil Chacao ;diciembre-2025
13/12/2025;PANNTDA43TXS;[PANNTDA43TXS] EXPLORE PANTS DAMA (XS, Negro - 10);EXPLORE PANTS;DAMA;XS;Negro;1,00;Sambil Valencia;diciembre-2025
13/12/2025;PANNTCA30TM;[PANNTCA30TM] EXPLORE PANTS CAB (M, Gris Claro - 9734);EXPLORE PANTS;CAB;M;Gris Claro;1,00;Sambil Valencia;diciembre-2025
13/12/2025;PANNTDA43TXS;[PANNTDA43TXS] EXPLORE PANTS DAMA (XS, Negro - 10);EXPLORE PANTS;DAMA;XS;Negro;1,00;Sambil Valencia;diciembre-2025
13/12/2025;PANNTDA33TXS;[PANNTDA33TXS] EXPLORE PANTS DAMA (XS, Kaki - 80279);EXPLORE PANTS;DAMA;XS;Kaki;1,00;Sambil Valencia;diciembre-2025
13/12/2025;PANNTDA66TXS;[PANNTDA66TXS] EXPLORE PANTS DAMA (XS, Verde Militar - 60620);EXPLORE PANTS;DAMA;XS;Verde Militar;1,00;La Grieta;diciembre-2025
13/12/2025;PANNTDA30TXS;[PANNTDA30TXS] EXPLORE PANTS DAMA (XS, Gris Claro - 9734);EXPLORE PANTS;DAMA;XS;Gris Claro;1,00;La Grieta;diciembre-2025
13/12/2025;PANNTCA66TS;[PANNTCA66TS] EXPLORE PANTS CAB (S, Verde Militar - 60620);EXPLORE PANTS;CAB;S;Verde Militar;1,00;La Grieta;diciembre-2025
13/12/2025;PANNTCA30TS;[PANNTCA30TS] EXPLORE PANTS CAB (S, Gris Claro - 9734);EXPLORE PANTS;CAB;S;Gris Claro;1,00;La Grieta;diciembre-2025
13/12/2025;PANNTKI66T8;[PANNTKI66T8] EXPLORE PANTS KIDS (8, Verde Militar - 60620);EXPLORE PANTS;KIDS;8;Verde Militar;1,00;Sambil Chacao ;diciembre-2025
13/12/2025;PANNTCA33TM;[PANNTCA33TM] EXPLORE PANTS CAB (M, Kaki - 80279);EXPLORE PANTS;CAB;M;Kaki;1,00;Sambil Valencia;diciembre-2025
13/12/2025;PANNTDA12TXL;[PANNTDA12TXL] EXPLORE PANTS DAMA (XL, Azul Marino - 5102);EXPLORE PANTS;DAMA;XL;Azul Marino;1,00;La Grieta;diciembre-2025
13/12/2025;PANNTCA66TS;[PANNTCA66TS] EXPLORE PANTS CAB (S, Verde Militar - 60620);EXPLORE PANTS;CAB;S;Verde Militar;1,00;Grandplaz ;diciembre-2025
13/12/2025;PANNTDA33TS;[PANNTDA33TS] EXPLORE PANTS DAMA (S, Kaki - 80279);EXPLORE PANTS;DAMA;S;Kaki;1,00;La Grieta;diciembre-2025
13/12/2025;PANNTDA30TS;[PANNTDA30TS] EXPLORE PANTS DAMA (S, Gris Claro - 9734);EXPLORE PANTS;DAMA;S;Gris Claro;1,00;Cerro Verde ;diciembre-2025
13/12/2025;PANNTCA30TL;[PANNTCA30TL] EXPLORE PANTS CAB (L, Gris Claro - 9734);EXPLORE PANTS;CAB;L;Gris Claro;1,00;Grandplaz ;diciembre-2025
13/12/2025;PANNTCA30TL;[PANNTCA30TL] EXPLORE PANTS CAB (L, Gris Claro - 9734);EXPLORE PANTS;CAB;L;Gris Claro;1,00;Sambil Valencia;diciembre-2025
14/12/2025;PANNTKI43T2;[PANNTKI43T2] EXPLORE PANTS KIDS (2, Negro - 10);EXPLORE PANTS;KIDS;2;Negro;1,00;Cerro Verde ;diciembre-2025
14/12/2025;PANNTDA66TS;[PANNTDA66TS] EXPLORE PANTS DAMA (S, Verde Militar - 60620);EXPLORE PANTS;DAMA;S;Verde Militar;1,00;Sambil Chacao ;diciembre-2025
14/12/2025;PANNTCA33TL;[PANNTCA33TL] EXPLORE PANTS CAB (L, Kaki - 80279);EXPLORE PANTS;CAB;L;Kaki;1,00;Sambil Valencia;diciembre-2025
14/12/2025;PANNTDA12TXS;[PANNTDA12TXS] EXPLORE PANTS DAMA (XS, Azul Marino - 5102);EXPLORE PANTS;DAMA;XS;Azul Marino;1,00;Sambil Valencia;diciembre-2025
14/12/2025;PANNTDA12TXL;[PANNTDA12TXL] EXPLORE PANTS DAMA (XL, Azul Marino - 5102);EXPLORE PANTS;DAMA;XL;Azul Marino;1,00;Grandplaz ;diciembre-2025
14/12/2025;PANNTDA66TM;[PANNTDA66TM] EXPLORE PANTS DAMA (M, Verde Militar - 60620);EXPLORE PANTS;DAMA;M;Verde Militar;1,00;Grandplaz ;diciembre-2025
14/12/2025;PANNTDA30TL;[PANNTDA30TL] EXPLORE PANTS DAMA (L, Gris Claro - 9734);EXPLORE PANTS;DAMA;L;Gris Claro;1,00;Sambil Valencia;diciembre-2025
14/12/2025;PANNTCA12TL;[PANNTCA12TL] EXPLORE PANTS CAB (L, Azul Marino - 5102);EXPLORE PANTS;CAB;L;Azul Marino;1,00;Sambil Chacao ;diciembre-2025
14/12/2025;PANNTCA33TS;[PANNTCA33TS] EXPLORE PANTS CAB (S, Kaki - 80279);EXPLORE PANTS;CAB;S;Kaki;1,00;Sambil Valencia;diciembre-2025
14/12/2025;PANNTKI43T2;[PANNTKI43T2] EXPLORE PANTS KIDS (2, Negro - 10);EXPLORE PANTS;KIDS;2;Negro;1,00;Sambil Valencia;diciembre-2025
14/12/2025;PANNTCA33TS;[PANNTCA33TS] EXPLORE PANTS CAB (S, Kaki - 80279);EXPLORE PANTS;CAB;S;Kaki;1,00;Sambil Chacao ;diciembre-2025
14/12/2025;PANNTKI66T8;[PANNTKI66T8] EXPLORE PANTS KIDS (8, Verde Militar - 60620);EXPLORE PANTS;KIDS;8;Verde Militar;1,00;Cerro Verde ;diciembre-2025
15/12/2025;PANNTDA66TM;[PANNTDA66TM] EXPLORE PANTS DAMA (M, Verde Militar - 60620);EXPLORE PANTS;DAMA;M;Verde Militar;1,00;La Grieta;diciembre-2025
15/12/2025;PANNTKI66T12;[PANNTKI66T12] EXPLORE PANTS KIDS (12, Verde Militar - 60620);EXPLORE PANTS;KIDS;12;Verde Militar;1,00;La Grieta;diciembre-2025
15/12/2025;PANNTCA12TL;[PANNTCA12TL] EXPLORE PANTS CAB (L, Azul Marino - 5102);EXPLORE PANTS;CAB;L;Azul Marino;1,00;La Grieta;diciembre-2025
15/12/2025;PANNTDA12TM;[PANNTDA12TM] EXPLORE PANTS DAMA (M, Azul Marino - 5102);EXPLORE PANTS;DAMA;M;Azul Marino;1,00;Sambil Chacao ;diciembre-2025
15/12/2025;PANNTCA66TS;[PANNTCA66TS] EXPLORE PANTS CAB (S, Verde Militar - 60620);EXPLORE PANTS;CAB;S;Verde Militar;1,00;Grandplaz ;diciembre-2025
15/12/2025;PANNTDA12TM;[PANNTDA12TM] EXPLORE PANTS DAMA (M, Azul Marino - 5102);EXPLORE PANTS;DAMA;M;Azul Marino;1,00;Grandplaz ;diciembre-2025
15/12/2025;PANNTDA43TM;[PANNTDA43TM] EXPLORE PANTS DAMA (M, Negro - 10);EXPLORE PANTS;DAMA;M;Negro;1,00;Grandplaz ;diciembre-2025
15/12/2025;PANNTDA12TXS;[PANNTDA12TXS] EXPLORE PANTS DAMA (XS, Azul Marino - 5102);EXPLORE PANTS;DAMA;XS;Azul Marino;-1,00;La Grieta;diciembre-2025
15/12/2025;PANNTDA33TS;[PANNTDA33TS] EXPLORE PANTS DAMA (S, Kaki - 80279);EXPLORE PANTS;DAMA;S;Kaki;1,00;La Grieta;diciembre-2025
15/12/2025;PANNTCA12TS;[PANNTCA12TS] EXPLORE PANTS CAB (S, Azul Marino - 5102);EXPLORE PANTS;CAB;S;Azul Marino;1,00;Sambil Valencia;diciembre-2025
15/12/2025;PANNTDA12TM;[PANNTDA12TM] EXPLORE PANTS DAMA (M, Azul Marino - 5102);EXPLORE PANTS;DAMA;M;Azul Marino;1,00;Sambil Valencia;diciembre-2025
16/12/2025;PANNTCA12TM;[PANNTCA12TM] EXPLORE PANTS CAB (M, Azul Marino - 5102);EXPLORE PANTS;CAB;M;Azul Marino;2,00;La Grieta;diciembre-2025
16/12/2025;PANNTCA43TS;[PANNTCA43TS] EXPLORE PANTS CAB (S, Negro - 10);EXPLORE PANTS;CAB;S;Negro;1,00;Grandplaz ;diciembre-2025
16/12/2025;PANNTDA30TS;[PANNTDA30TS] EXPLORE PANTS DAMA (S, Gris Claro - 9734);EXPLORE PANTS;DAMA;S;Gris Claro;1,00;WEB;diciembre-2025
16/12/2025;PANNTCA30TL;[PANNTCA30TL] EXPLORE PANTS CAB (L, Gris Claro - 9734);EXPLORE PANTS;CAB;L;Gris Claro;1,00;WEB;diciembre-2025
16/12/2025;PANNTKI66T12;[PANNTKI66T12] EXPLORE PANTS KIDS (12, Verde Militar - 60620);EXPLORE PANTS;KIDS;12;Verde Militar;1,00;Cerro Verde ;diciembre-2025
16/12/2025;PANNTKI12T12;[PANNTKI12T12] EXPLORE PANTS KIDS (12, Azul Marino - 5102);EXPLORE PANTS;KIDS;12;Azul Marino;1,00;Cerro Verde ;diciembre-2025
16/12/2025;PANNTCA33TS;[PANNTCA33TS] EXPLORE PANTS CAB (S, Kaki - 80279);EXPLORE PANTS;CAB;S;Kaki;1,00;Sambil Chacao ;diciembre-2025
16/12/2025;PANNTDA43TS;[PANNTDA43TS] EXPLORE PANTS DAMA (S, Negro - 10);EXPLORE PANTS;DAMA;S;Negro;1,00;Sambil Chacao ;diciembre-2025
16/12/2025;PANNTDA43TXS;[PANNTDA43TXS] EXPLORE PANTS DAMA (XS, Negro - 10);EXPLORE PANTS;DAMA;XS;Negro;-1,00;La Grieta;diciembre-2025
16/12/2025;PANNTKI43T12;[PANNTKI43T12] EXPLORE PANTS KIDS (12, Negro - 10);EXPLORE PANTS;KIDS;12;Negro;1,00;La Grieta;diciembre-2025
16/12/2025;PANNTCA12TL;[PANNTCA12TL] EXPLORE PANTS CAB (L, Azul Marino - 5102);EXPLORE PANTS;CAB;L;Azul Marino;1,00;Cerro Verde ;diciembre-2025
16/12/2025;PANNTCA33TM;[PANNTCA33TM] EXPLORE PANTS CAB (M, Kaki - 80279);EXPLORE PANTS;CAB;M;Kaki;1,00;La Grieta;diciembre-2025
16/12/2025;PANNTCA12TL;[PANNTCA12TL] EXPLORE PANTS CAB (L, Azul Marino - 5102);EXPLORE PANTS;CAB;L;Azul Marino;1,00;Cerro Verde ;diciembre-2025
16/12/2025;PANNTDA43TXS;[PANNTDA43TXS] EXPLORE PANTS DAMA (XS, Negro - 10);EXPLORE PANTS;DAMA;XS;Negro;1,00;Sambil Valencia;diciembre-2025
16/12/2025;PANNTKI43T8;[PANNTKI43T8] EXPLORE PANTS KIDS (8, Negro - 10);EXPLORE PANTS;KIDS;8;Negro;1,00;Cerro Verde ;diciembre-2025
16/12/2025;PANNTDA30TXL;[PANNTDA30TXL] EXPLORE PANTS DAMA (XL, Gris Claro - 9734);EXPLORE PANTS;DAMA;XL;Gris Claro;1,00;Sambil Chacao ;diciembre-2025
17/12/2025;PANNTDA43TS;[PANNTDA43TS] EXPLORE PANTS DAMA (S, Negro - 10);EXPLORE PANTS;DAMA;S;Negro;1,00;WEB;diciembre-2025
17/12/2025;PANNTDA66TM;[PANNTDA66TM] EXPLORE PANTS DAMA (M, Verde Militar - 60620);EXPLORE PANTS;DAMA;M;Verde Militar;1,00;La Grieta;diciembre-2025
17/12/2025;PANNTDA33TS;[PANNTDA33TS] EXPLORE PANTS DAMA (S, Kaki - 80279);EXPLORE PANTS;DAMA;S;Kaki;1,00;WEB;diciembre-2025
17/12/2025;PANNTDA43TM;[PANNTDA43TM] EXPLORE PANTS DAMA (M, Negro - 10);EXPLORE PANTS;DAMA;M;Negro;1,00;Cerro Verde ;diciembre-2025
17/12/2025;PANNTKI12T8;[PANNTKI12T8] EXPLORE PANTS KIDS (8, Azul Marino - 5102);EXPLORE PANTS;KIDS;8;Azul Marino;1,00;Cerro Verde ;diciembre-2025
17/12/2025;PANNTDA12TM;[PANNTDA12TM] EXPLORE PANTS DAMA (M, Azul Marino - 5102);EXPLORE PANTS;DAMA;M;Azul Marino;1,00;Sambil Chacao ;diciembre-2025
17/12/2025;PANNTCA30TM;[PANNTCA30TM] EXPLORE PANTS CAB (M, Gris Claro - 9734);EXPLORE PANTS;CAB;M;Gris Claro;1,00;Sambil Valencia;diciembre-2025
17/12/2025;PANNTDA43TS;[PANNTDA43TS] EXPLORE PANTS DAMA (S, Negro - 10);EXPLORE PANTS;DAMA;S;Negro;1,00;Sambil Chacao ;diciembre-2025
17/12/2025;PANNTCA33TS;[PANNTCA33TS] EXPLORE PANTS CAB (S, Kaki - 80279);EXPLORE PANTS;CAB;S;Kaki;1,00;Sambil Valencia;diciembre-2025
17/12/2025;PANNTCA33TM;[PANNTCA33TM] EXPLORE PANTS CAB (M, Kaki - 80279);EXPLORE PANTS;CAB;M;Kaki;1,00;La Grieta;diciembre-2025
17/12/2025;PANNTDA43TL;[PANNTDA43TL] EXPLORE PANTS DAMA (L, Negro - 10);EXPLORE PANTS;DAMA;L;Negro;1,00;Grandplaz ;diciembre-2025
17/12/2025;PANNTDA12TXS;[PANNTDA12TXS] EXPLORE PANTS DAMA (XS, Azul Marino - 5102);EXPLORE PANTS;DAMA;XS;Azul Marino;1,00;Sambil Chacao ;diciembre-2025
17/12/2025;PANNTDA12TM;[PANNTDA12TM] EXPLORE PANTS DAMA (M, Azul Marino - 5102);EXPLORE PANTS;DAMA;M;Azul Marino;1,00;Sambil Chacao ;diciembre-2025
18/12/2025;PANNTKI43T4;[PANNTKI43T4] EXPLORE PANTS KIDS (4, Negro - 10);EXPLORE PANTS;KIDS;4;Negro;1,00;La Grieta;diciembre-2025
18/12/2025;PANNTCA30TL;[PANNTCA30TL] EXPLORE PANTS CAB (L, Gris Claro - 9734);EXPLORE PANTS;CAB;L;Gris Claro;1,00;Sambil Chacao ;diciembre-2025
18/12/2025;PANNTDA33TL;[PANNTDA33TL] EXPLORE PANTS DAMA (L, Kaki - 80279);EXPLORE PANTS;DAMA;L;Kaki;1,00;La Grieta;diciembre-2025
18/12/2025;PANNTKI66T12;[PANNTKI66T12] EXPLORE PANTS KIDS (12, Verde Militar - 60620);EXPLORE PANTS;KIDS;12;Verde Militar;1,00;Sambil Valencia;diciembre-2025
18/12/2025;PANNTCA12TM;[PANNTCA12TM] EXPLORE PANTS CAB (M, Azul Marino - 5102);EXPLORE PANTS;CAB;M;Azul Marino;1,00;La Grieta;diciembre-2025
18/12/2025;PANNTCA33TS;[PANNTCA33TS] EXPLORE PANTS CAB (S, Kaki - 80279);EXPLORE PANTS;CAB;S;Kaki;1,00;Cerro Verde ;diciembre-2025
18/12/2025;PANNTCA33TL;[PANNTCA33TL] EXPLORE PANTS CAB (L, Kaki - 80279);EXPLORE PANTS;CAB;L;Kaki;1,00;La Grieta;diciembre-2025
18/12/2025;PANNTKI66T8;[PANNTKI66T8] EXPLORE PANTS KIDS (8, Verde Militar - 60620);EXPLORE PANTS;KIDS;8;Verde Militar;1,00;Sambil Valencia;diciembre-2025
18/12/2025;PANNTCA30TL;[PANNTCA30TL] EXPLORE PANTS CAB (L, Gris Claro - 9734);EXPLORE PANTS;CAB;L;Gris Claro;1,00;Sambil Valencia;diciembre-2025
18/12/2025;PANNTKI30T8;[PANNTKI30T8] EXPLORE PANTS KIDS (8, Gris Claro - 9734);EXPLORE PANTS;KIDS;8;Gris Claro;1,00;Sambil Valencia;diciembre-2025
18/12/2025;PANNTDA33TL;[PANNTDA33TL] EXPLORE PANTS DAMA (L, Kaki - 80279);EXPLORE PANTS;DAMA;L;Kaki;1,00;Sambil Valencia;diciembre-2025
18/12/2025;PANNTKI66T2;[PANNTKI66T2] EXPLORE PANTS KIDS (2, Verde Militar - 60620);EXPLORE PANTS;KIDS;2;Verde Militar;1,00;Sambil Chacao ;diciembre-2025
18/12/2025;PANNTCA30TL;[PANNTCA30TL] EXPLORE PANTS CAB (L, Gris Claro - 9734);EXPLORE PANTS;CAB;L;Gris Claro;1,00;Sambil Valencia;diciembre-2025
18/12/2025;PANNTCA33TS;[PANNTCA33TS] EXPLORE PANTS CAB (S, Kaki - 80279);EXPLORE PANTS;CAB;S;Kaki;1,00;Sambil Chacao ;diciembre-2025
18/12/2025;PANNTDA30TXS;[PANNTDA30TXS] EXPLORE PANTS DAMA (XS, Gris Claro - 9734);EXPLORE PANTS;DAMA;XS;Gris Claro;1,00;Cerro Verde ;diciembre-2025
18/12/2025;PANNTDA43TXS;[PANNTDA43TXS] EXPLORE PANTS DAMA (XS, Negro - 10);EXPLORE PANTS;DAMA;XS;Negro;1,00;Sambil Chacao ;diciembre-2025
18/12/2025;PANNTCA12TS;[PANNTCA12TS] EXPLORE PANTS CAB (S, Azul Marino - 5102);EXPLORE PANTS;CAB;S;Azul Marino;1,00;Grandplaz ;diciembre-2025
18/12/2025;PANNTDA43TS;[PANNTDA43TS] EXPLORE PANTS DAMA (S, Negro - 10);EXPLORE PANTS;DAMA;S;Negro;1,00;Cerro Verde ;diciembre-2025
19/12/2025;PANNTDA66TM;[PANNTDA66TM] EXPLORE PANTS DAMA (M, Verde Militar - 60620);EXPLORE PANTS;DAMA;M;Verde Militar;1,00;WEB;diciembre-2025
19/12/2025;PANNTDA43TM;[PANNTDA43TM] EXPLORE PANTS DAMA (M, Negro - 10);EXPLORE PANTS;DAMA;M;Negro;1,00;WEB;diciembre-2025
19/12/2025;PANNTCA43TM;[PANNTCA43TM] EXPLORE PANTS CAB (M, Negro - 10);EXPLORE PANTS;CAB;M;Negro;1,00;WEB;diciembre-2025
19/12/2025;PANNTKI43T8;[PANNTKI43T8] EXPLORE PANTS KIDS (8, Negro - 10);EXPLORE PANTS;KIDS;8;Negro;1,00;La Grieta;diciembre-2025
19/12/2025;PANNTDA43TM;[PANNTDA43TM] EXPLORE PANTS DAMA (M, Negro - 10);EXPLORE PANTS;DAMA;M;Negro;1,00;La Grieta;diciembre-2025
19/12/2025;PANNTDA43TL;[PANNTDA43TL] EXPLORE PANTS DAMA (L, Negro - 10);EXPLORE PANTS;DAMA;L;Negro;1,00;Sambil Valencia;diciembre-2025
19/12/2025;PANNTDA66TXL;[PANNTDA66TXL] EXPLORE PANTS DAMA (XL, Verde Militar - 60620);EXPLORE PANTS;DAMA;XL;Verde Militar;1,00;Sambil Chacao ;diciembre-2025
19/12/2025;PANNTDA66TXL;[PANNTDA66TXL] EXPLORE PANTS DAMA (XL, Verde Militar - 60620);EXPLORE PANTS;DAMA;XL;Verde Militar;-1,00;Sambil Chacao ;diciembre-2025
19/12/2025;PANNTDA66TXL;[PANNTDA66TXL] EXPLORE PANTS DAMA (XL, Verde Militar - 60620);EXPLORE PANTS;DAMA;XL;Verde Militar;1,00;Sambil Chacao ;diciembre-2025
19/12/2025;PANNTCA66TS;[PANNTCA66TS] EXPLORE PANTS CAB (S, Verde Militar - 60620);EXPLORE PANTS;CAB;S;Verde Militar;1,00;Cerro Verde ;diciembre-2025
19/12/2025;PANNTCA12TM;[PANNTCA12TM] EXPLORE PANTS CAB (M, Azul Marino - 5102);EXPLORE PANTS;CAB;M;Azul Marino;1,00;Cerro Verde ;diciembre-2025
19/12/2025;PANNTCA12TL;[PANNTCA12TL] EXPLORE PANTS CAB (L, Azul Marino - 5102);EXPLORE PANTS;CAB;L;Azul Marino;1,00;Sambil Chacao ;diciembre-2025
19/12/2025;PANNTDA33TM;[PANNTDA33TM] EXPLORE PANTS DAMA (M, Kaki - 80279);EXPLORE PANTS;DAMA;M;Kaki;1,00;La Grieta;diciembre-2025
19/12/2025;PANNTDA66TM;[PANNTDA66TM] EXPLORE PANTS DAMA (M, Verde Militar - 60620);EXPLORE PANTS;DAMA;M;Verde Militar;1,00;Sambil Chacao ;diciembre-2025
19/12/2025;PANNTDA33TL;[PANNTDA33TL] EXPLORE PANTS DAMA (L, Kaki - 80279);EXPLORE PANTS;DAMA;L;Kaki;1,00;Sambil Chacao ;diciembre-2025
19/12/2025;PANNTDA66TM;[PANNTDA66TM] EXPLORE PANTS DAMA (M, Verde Militar - 60620);EXPLORE PANTS;DAMA;M;Verde Militar;1,00;Sambil Chacao ;diciembre-2025
19/12/2025;PANNTCA66TL;[PANNTCA66TL] EXPLORE PANTS CAB (L, Verde Militar - 60620);EXPLORE PANTS;CAB;L;Verde Militar;1,00;La Grieta;diciembre-2025
19/12/2025;PANNTKI12T12;[PANNTKI12T12] EXPLORE PANTS KIDS (12, Azul Marino - 5102);EXPLORE PANTS;KIDS;12;Azul Marino;1,00;Cerro Verde ;diciembre-2025
19/12/2025;PANNTDA31TXL;[PANNTDA31TXL] EXPLORE PANTS DAMA (XL, Gris Oscuro -  9356);EXPLORE PANTS;DAMA;XL;Gris Oscuro;1,00;La Grieta;diciembre-2025
19/12/2025;PANNTCA12TL;[PANNTCA12TL] EXPLORE PANTS CAB (L, Azul Marino - 5102);EXPLORE PANTS;CAB;L;Azul Marino;1,00;La Grieta;diciembre-2025
19/12/2025;PANNTDA33TM;[PANNTDA33TM] EXPLORE PANTS DAMA (M, Kaki - 80279);EXPLORE PANTS;DAMA;M;Kaki;1,00;Sambil Chacao ;diciembre-2025
19/12/2025;PANNTCA30TL;[PANNTCA30TL] EXPLORE PANTS CAB (L, Gris Claro - 9734);EXPLORE PANTS;CAB;L;Gris Claro;1,00;Sambil Valencia;diciembre-2025
20/12/2025;PANNTCA12TS;[PANNTCA12TS] EXPLORE PANTS CAB (S, Azul Marino - 5102);EXPLORE PANTS;CAB;S;Azul Marino;1,00;Sambil Valencia;diciembre-2025
20/12/2025;PANNTKI12T8;[PANNTKI12T8] EXPLORE PANTS KIDS (8, Azul Marino - 5102);EXPLORE PANTS;KIDS;8;Azul Marino;1,00;Sambil Valencia;diciembre-2025
20/12/2025;PANNTCA33TS;[PANNTCA33TS] EXPLORE PANTS CAB (S, Kaki - 80279);EXPLORE PANTS;CAB;S;Kaki;-1,00;Sambil Valencia;diciembre-2025
20/12/2025;PANNTCA12TM;[PANNTCA12TM] EXPLORE PANTS CAB (M, Azul Marino - 5102);EXPLORE PANTS;CAB;M;Azul Marino;1,00;Sambil Valencia;diciembre-2025
20/12/2025;PANNTDA33TXS;[PANNTDA33TXS] EXPLORE PANTS DAMA (XS, Kaki - 80279);EXPLORE PANTS;DAMA;XS;Kaki;1,00;La Grieta;diciembre-2025
20/12/2025;PANNTKI30T8;[PANNTKI30T8] EXPLORE PANTS KIDS (8, Gris Claro - 9734);EXPLORE PANTS;KIDS;8;Gris Claro;1,00;Cerro Verde ;diciembre-2025
20/12/2025;PANNTKI66T10;[PANNTKI66T10] EXPLORE PANTS KIDS (10, Verde Militar - 60620);EXPLORE PANTS;KIDS;10;Verde Militar;1,00;Cerro Verde ;diciembre-2025
20/12/2025;PANNTDA66TXS;[PANNTDA66TXS] EXPLORE PANTS DAMA (XS, Verde Militar - 60620);EXPLORE PANTS;DAMA;XS;Verde Militar;1,00;Cerro Verde ;diciembre-2025
20/12/2025;PANNTDA43TXL;[PANNTDA43TXL] EXPLORE PANTS DAMA (XL, Negro - 10);EXPLORE PANTS;DAMA;XL;Negro;1,00;Sambil Chacao ;diciembre-2025
20/12/2025;PANNTDA66TL;[PANNTDA66TL] EXPLORE PANTS DAMA (L, Verde Militar - 60620);EXPLORE PANTS;DAMA;L;Verde Militar;1,00;Sambil Chacao ;diciembre-2025
20/12/2025;PANNTDA12TS;[PANNTDA12TS] EXPLORE PANTS DAMA (S, Azul Marino - 5102);EXPLORE PANTS;DAMA;S;Azul Marino;1,00;Cerro Verde ;diciembre-2025
20/12/2025;PANNTDA30TS;[PANNTDA30TS] EXPLORE PANTS DAMA (S, Gris Claro - 9734);EXPLORE PANTS;DAMA;S;Gris Claro;1,00;Cerro Verde ;diciembre-2025
20/12/2025;PANNTDA33TXL;[PANNTDA33TXL] EXPLORE PANTS DAMA (XL, Kaki - 80279);EXPLORE PANTS;DAMA;XL;Kaki;1,00;Cerro Verde ;diciembre-2025
20/12/2025;PANNTDA43TXL;[PANNTDA43TXL] EXPLORE PANTS DAMA (XL, Negro - 10);EXPLORE PANTS;DAMA;XL;Negro;1,00;La Grieta;diciembre-2025
20/12/2025;PANNTDA43TM;[PANNTDA43TM] EXPLORE PANTS DAMA (M, Negro - 10);EXPLORE PANTS;DAMA;M;Negro;1,00;La Grieta;diciembre-2025
20/12/2025;PANNTDA66TL;[PANNTDA66TL] EXPLORE PANTS DAMA (L, Verde Militar - 60620);EXPLORE PANTS;DAMA;L;Verde Militar;1,00;Grandplaz ;diciembre-2025
20/12/2025;PANNTDA31TXL;[PANNTDA31TXL] EXPLORE PANTS DAMA (XL, Gris Oscuro -  9356);EXPLORE PANTS;DAMA;XL;Gris Oscuro;1,00;Sambil Valencia;diciembre-2025
20/12/2025;PANNTDA31TM;[PANNTDA31TM] EXPLORE PANTS DAMA (M, Gris Oscuro -  9356);EXPLORE PANTS;DAMA;M;Gris Oscuro;1,00;Sambil Valencia;diciembre-2025
20/12/2025;PANNTDA66TM;[PANNTDA66TM] EXPLORE PANTS DAMA (M, Verde Militar - 60620);EXPLORE PANTS;DAMA;M;Verde Militar;1,00;Sambil Valencia;diciembre-2025
20/12/2025;PANNTKI12T8;[PANNTKI12T8] EXPLORE PANTS KIDS (8, Azul Marino - 5102);EXPLORE PANTS;KIDS;8;Azul Marino;1,00;Cerro Verde ;diciembre-2025
20/12/2025;PANNTCA30TL;[PANNTCA30TL] EXPLORE PANTS CAB (L, Gris Claro - 9734);EXPLORE PANTS;CAB;L;Gris Claro;1,00;La Grieta;diciembre-2025
20/12/2025;PANNTDA12TL;[PANNTDA12TL] EXPLORE PANTS DAMA (L, Azul Marino - 5102);EXPLORE PANTS;DAMA;L;Azul Marino;1,00;Grandplaz ;diciembre-2025
20/12/2025;PANNTDA43TM;[PANNTDA43TM] EXPLORE PANTS DAMA (M, Negro - 10);EXPLORE PANTS;DAMA;M;Negro;1,00;Grandplaz ;diciembre-2025
20/12/2025;PANNTDA66TM;[PANNTDA66TM] EXPLORE PANTS DAMA (M, Verde Militar - 60620);EXPLORE PANTS;DAMA;M;Verde Militar;1,00;Grandplaz ;diciembre-2025
20/12/2025;PANNTKI43T8;[PANNTKI43T8] EXPLORE PANTS KIDS (8, Negro - 10);EXPLORE PANTS;KIDS;8;Negro;1,00;Grandplaz ;diciembre-2025
20/12/2025;PANNTKI30T8;[PANNTKI30T8] EXPLORE PANTS KIDS (8, Gris Claro - 9734);EXPLORE PANTS;KIDS;8;Gris Claro;1,00;Grandplaz ;diciembre-2025
20/12/2025;PANNTKI43T10;[PANNTKI43T10] EXPLORE PANTS KIDS (10, Negro - 10);EXPLORE PANTS;KIDS;10;Negro;1,00;Grandplaz ;diciembre-2025
20/12/2025;PANNTKI30T10;[PANNTKI30T10] EXPLORE PANTS KIDS (10, Gris Claro - 9734);EXPLORE PANTS;KIDS;10;Gris Claro;1,00;Grandplaz ;diciembre-2025
20/12/2025;PANNTDA33TM;[PANNTDA33TM] EXPLORE PANTS DAMA (M, Kaki - 80279);EXPLORE PANTS;DAMA;M;Kaki;1,00;Grandplaz ;diciembre-2025
20/12/2025;PANNTCA30TM;[PANNTCA30TM] EXPLORE PANTS CAB (M, Gris Claro - 9734);EXPLORE PANTS;CAB;M;Gris Claro;1,00;Sambil Valencia;diciembre-2025
21/12/2025;PANNTDA31TM;[PANNTDA31TM] EXPLORE PANTS DAMA (M, Gris Oscuro -  9356);EXPLORE PANTS;DAMA;M;Gris Oscuro;1,00;Cerro Verde ;diciembre-2025
21/12/2025;PANNTCA30TM;[PANNTCA30TM] EXPLORE PANTS CAB (M, Gris Claro - 9734);EXPLORE PANTS;CAB;M;Gris Claro;1,00;Cerro Verde ;diciembre-2025
21/12/2025;PANNTCA30TL;[PANNTCA30TL] EXPLORE PANTS CAB (L, Gris Claro - 9734);EXPLORE PANTS;CAB;L;Gris Claro;1,00;La Grieta;diciembre-2025
21/12/2025;PANNTCA66TM;[PANNTCA66TM] EXPLORE PANTS CAB (M, Verde Militar - 60620);EXPLORE PANTS;CAB;M;Verde Militar;1,00;Sambil Valencia;diciembre-2025
21/12/2025;PANNTCA30TM;[PANNTCA30TM] EXPLORE PANTS CAB (M, Gris Claro - 9734);EXPLORE PANTS;CAB;M;Gris Claro;1,00;Sambil Valencia;diciembre-2025
21/12/2025;PANNTDA31TXL;[PANNTDA31TXL] EXPLORE PANTS DAMA (XL, Gris Oscuro -  9356);EXPLORE PANTS;DAMA;XL;Gris Oscuro;1,00;Sambil Chacao ;diciembre-2025
21/12/2025;PANNTDA12TXL;[PANNTDA12TXL] EXPLORE PANTS DAMA (XL, Azul Marino - 5102);EXPLORE PANTS;DAMA;XL;Azul Marino;1,00;Sambil Chacao ;diciembre-2025
21/12/2025;PANNTDA33TM;[PANNTDA33TM] EXPLORE PANTS DAMA (M, Kaki - 80279);EXPLORE PANTS;DAMA;M;Kaki;1,00;Sambil Valencia;diciembre-2025
21/12/2025;PANNTDA43TXL;[PANNTDA43TXL] EXPLORE PANTS DAMA (XL, Negro - 10);EXPLORE PANTS;DAMA;XL;Negro;1,00;Sambil Chacao ;diciembre-2025
21/12/2025;PANNTKI30T8;[PANNTKI30T8] EXPLORE PANTS KIDS (8, Gris Claro - 9734);EXPLORE PANTS;KIDS;8;Gris Claro;1,00;Sambil Chacao ;diciembre-2025
21/12/2025;PANNTDA66TXL;[PANNTDA66TXL] EXPLORE PANTS DAMA (XL, Verde Militar - 60620);EXPLORE PANTS;DAMA;XL;Verde Militar;1,00;Sambil Chacao ;diciembre-2025
21/12/2025;PANNTDA31TL;[PANNTDA31TL] EXPLORE PANTS DAMA (L, Gris Oscuro -  9356);EXPLORE PANTS;DAMA;L;Gris Oscuro;1,00;La Grieta;diciembre-2025
21/12/2025;PANNTDA33TS;[PANNTDA33TS] EXPLORE PANTS DAMA (S, Kaki - 80279);EXPLORE PANTS;DAMA;S;Kaki;1,00;La Grieta;diciembre-2025
21/12/2025;PANNTDA66TS;[PANNTDA66TS] EXPLORE PANTS DAMA (S, Verde Militar - 60620);EXPLORE PANTS;DAMA;S;Verde Militar;1,00;Sambil Chacao ;diciembre-2025
21/12/2025;PANNTDA33TS;[PANNTDA33TS] EXPLORE PANTS DAMA (S, Kaki - 80279);EXPLORE PANTS;DAMA;S;Kaki;1,00;Sambil Valencia;diciembre-2025
21/12/2025;PANNTDA66TL;[PANNTDA66TL] EXPLORE PANTS DAMA (L, Verde Militar - 60620);EXPLORE PANTS;DAMA;L;Verde Militar;1,00;Sambil Chacao ;diciembre-2025
21/12/2025;PANNTDA43TXL;[PANNTDA43TXL] EXPLORE PANTS DAMA (XL, Negro - 10);EXPLORE PANTS;DAMA;XL;Negro;1,00;Sambil Valencia;diciembre-2025
21/12/2025;PANNTDA31TL;[PANNTDA31TL] EXPLORE PANTS DAMA (L, Gris Oscuro -  9356);EXPLORE PANTS;DAMA;L;Gris Oscuro;1,00;Cerro Verde ;diciembre-2025
21/12/2025;PANNTDA33TL;[PANNTDA33TL] EXPLORE PANTS DAMA (L, Kaki - 80279);EXPLORE PANTS;DAMA;L;Kaki;1,00;Cerro Verde ;diciembre-2025
21/12/2025;PANNTDA31TXL;[PANNTDA31TXL] EXPLORE PANTS DAMA (XL, Gris Oscuro -  9356);EXPLORE PANTS;DAMA;XL;Gris Oscuro;1,00;Sambil Chacao ;diciembre-2025
21/12/2025;PANNTDA66TM;[PANNTDA66TM] EXPLORE PANTS DAMA (M, Verde Militar - 60620);EXPLORE PANTS;DAMA;M;Verde Militar;1,00;Sambil Chacao ;diciembre-2025
21/12/2025;PANNTDA31TS;[PANNTDA31TS] EXPLORE PANTS DAMA (S, Gris Oscuro -  9356);EXPLORE PANTS;DAMA;S;Gris Oscuro;1,00;Sambil Valencia;diciembre-2025
21/12/2025;PANNTDA31TM;[PANNTDA31TM] EXPLORE PANTS DAMA (M, Gris Oscuro -  9356);EXPLORE PANTS;DAMA;M;Gris Oscuro;1,00;La Grieta;diciembre-2025
21/12/2025;PANNTDA33TM;[PANNTDA33TM] EXPLORE PANTS DAMA (M, Kaki - 80279);EXPLORE PANTS;DAMA;M;Kaki;1,00;La Grieta;diciembre-2025
21/12/2025;PANNTDA12TL;[PANNTDA12TL] EXPLORE PANTS DAMA (L, Azul Marino - 5102);EXPLORE PANTS;DAMA;L;Azul Marino;1,00;Sambil Chacao ;diciembre-2025
21/12/2025;PANNTDA12TM;[PANNTDA12TM] EXPLORE PANTS DAMA (M, Azul Marino - 5102);EXPLORE PANTS;DAMA;M;Azul Marino;1,00;La Grieta;diciembre-2025
21/12/2025;PANNTCA30TXL;[PANNTCA30TXL] EXPLORE PANTS CAB (XL, Gris Claro - 9734);EXPLORE PANTS;CAB;XL;Gris Claro;1,00;La Grieta;diciembre-2025
21/12/2025;PANNTDA33TXL;[PANNTDA33TXL] EXPLORE PANTS DAMA (XL, Kaki - 80279);EXPLORE PANTS;DAMA;XL;Kaki;1,00;Sambil Chacao ;diciembre-2025
21/12/2025;PANNTKI43T8;[PANNTKI43T8] EXPLORE PANTS KIDS (8, Negro - 10);EXPLORE PANTS;KIDS;8;Negro;1,00;Sambil Chacao ;diciembre-2025
21/12/2025;PANNTDA43TXS;[PANNTDA43TXS] EXPLORE PANTS DAMA (XS, Negro - 10);EXPLORE PANTS;DAMA;XS;Negro;1,00;Sambil Valencia;diciembre-2025
21/12/2025;PANNTCA30TM;[PANNTCA30TM] EXPLORE PANTS CAB (M, Gris Claro - 9734);EXPLORE PANTS;CAB;M;Gris Claro;1,00;Sambil Valencia;diciembre-2025
21/12/2025;PANNTDA12TS;[PANNTDA12TS] EXPLORE PANTS DAMA (S, Azul Marino - 5102);EXPLORE PANTS;DAMA;S;Azul Marino;1,00;Sambil Chacao ;diciembre-2025
21/12/2025;PANNTCA33TXL;[PANNTCA33TXL] EXPLORE PANTS CAB (XL, Kaki - 80279);EXPLORE PANTS;CAB;XL;Kaki;1,00;Sambil Valencia;diciembre-2025
21/12/2025;PANNTDA66TS;[PANNTDA66TS] EXPLORE PANTS DAMA (S, Verde Militar - 60620);EXPLORE PANTS;DAMA;S;Verde Militar;1,00;Sambil Chacao ;diciembre-2025
21/12/2025;PANNTDA31TM;[PANNTDA31TM] EXPLORE PANTS DAMA (M, Gris Oscuro -  9356);EXPLORE PANTS;DAMA;M;Gris Oscuro;1,00;Cerro Verde ;diciembre-2025
21/12/2025;PANNTDA43TM;[PANNTDA43TM] EXPLORE PANTS DAMA (M, Negro - 10);EXPLORE PANTS;DAMA;M;Negro;1,00;Cerro Verde ;diciembre-2025
21/12/2025;PANNTDA66TM;[PANNTDA66TM] EXPLORE PANTS DAMA (M, Verde Militar - 60620);EXPLORE PANTS;DAMA;M;Verde Militar;1,00;Cerro Verde ;diciembre-2025
21/12/2025;PANNTDA12TM;[PANNTDA12TM] EXPLORE PANTS DAMA (M, Azul Marino - 5102);EXPLORE PANTS;DAMA;M;Azul Marino;1,00;Cerro Verde ;diciembre-2025
21/12/2025;PANNTDA33TM;[PANNTDA33TM] EXPLORE PANTS DAMA (M, Kaki - 80279);EXPLORE PANTS;DAMA;M;Kaki;1,00;Cerro Verde ;diciembre-2025
21/12/2025;PANNTKI43T4;[PANNTKI43T4] EXPLORE PANTS KIDS (4, Negro - 10);EXPLORE PANTS;KIDS;4;Negro;1,00;Sambil Chacao ;diciembre-2025
22/12/2025;PANNTDA12TL;[PANNTDA12TL] EXPLORE PANTS DAMA (L, Azul Marino - 5102);EXPLORE PANTS;DAMA;L;Azul Marino;1,00;Sambil Valencia;diciembre-2025
22/12/2025;PANNTDA33TL;[PANNTDA33TL] EXPLORE PANTS DAMA (L, Kaki - 80279);EXPLORE PANTS;DAMA;L;Kaki;1,00;Cerro Verde ;diciembre-2025
22/12/2025;PANNTCA33TM;[PANNTCA33TM] EXPLORE PANTS CAB (M, Kaki - 80279);EXPLORE PANTS;CAB;M;Kaki;1,00;La Grieta;diciembre-2025
22/12/2025;PANNTCA33TM;[PANNTCA33TM] EXPLORE PANTS CAB (M, Kaki - 80279);EXPLORE PANTS;CAB;M;Kaki;1,00;La Grieta;diciembre-2025
22/12/2025;PANNTCA33TXL;[PANNTCA33TXL] EXPLORE PANTS CAB (XL, Kaki - 80279);EXPLORE PANTS;CAB;XL;Kaki;1,00;Sambil Valencia;diciembre-2025
22/12/2025;PANNTDA31TS;[PANNTDA31TS] EXPLORE PANTS DAMA (S, Gris Oscuro -  9356);EXPLORE PANTS;DAMA;S;Gris Oscuro;1,00;La Grieta;diciembre-2025
22/12/2025;PANNTDA33TL;[PANNTDA33TL] EXPLORE PANTS DAMA (L, Kaki - 80279);EXPLORE PANTS;DAMA;L;Kaki;1,00;La Grieta;diciembre-2025
22/12/2025;PANNTCA33TXL;[PANNTCA33TXL] EXPLORE PANTS CAB (XL, Kaki - 80279);EXPLORE PANTS;CAB;XL;Kaki;1,00;La Grieta;diciembre-2025
22/12/2025;PANNTKI43T2;[PANNTKI43T2] EXPLORE PANTS KIDS (2, Negro - 10);EXPLORE PANTS;KIDS;2;Negro;1,00;La Grieta;diciembre-2025
22/12/2025;PANNTCA33TM;[PANNTCA33TM] EXPLORE PANTS CAB (M, Kaki - 80279);EXPLORE PANTS;CAB;M;Kaki;1,00;La Grieta;diciembre-2025
22/12/2025;PANNTCA33TXL;[PANNTCA33TXL] EXPLORE PANTS CAB (XL, Kaki - 80279);EXPLORE PANTS;CAB;XL;Kaki;1,00;Sambil Valencia;diciembre-2025
22/12/2025;PANNTDA31TL;[PANNTDA31TL] EXPLORE PANTS DAMA (L, Gris Oscuro -  9356);EXPLORE PANTS;DAMA;L;Gris Oscuro;1,00;La Grieta;diciembre-2025
22/12/2025;PANNTDA43TXL;[PANNTDA43TXL] EXPLORE PANTS DAMA (XL, Negro - 10);EXPLORE PANTS;DAMA;XL;Negro;1,00;La Grieta;diciembre-2025
22/12/2025;PANNTDA43TM;[PANNTDA43TM] EXPLORE PANTS DAMA (M, Negro - 10);EXPLORE PANTS;DAMA;M;Negro;2,00;La Grieta;diciembre-2025
22/12/2025;PANNTDA66TS;[PANNTDA66TS] EXPLORE PANTS DAMA (S, Verde Militar - 60620);EXPLORE PANTS;DAMA;S;Verde Militar;1,00;Sambil Chacao ;diciembre-2025
22/12/2025;PANNTKI12T4;[PANNTKI12T4] EXPLORE PANTS KIDS (4, Azul Marino - 5102);EXPLORE PANTS;KIDS;4;Azul Marino;1,00;La Grieta;diciembre-2025
22/12/2025;PANNTCA30TL;[PANNTCA30TL] EXPLORE PANTS CAB (L, Gris Claro - 9734);EXPLORE PANTS;CAB;L;Gris Claro;2,00;WEB;diciembre-2025
22/12/2025;PANNTDA66TM;[PANNTDA66TM] EXPLORE PANTS DAMA (M, Verde Militar - 60620);EXPLORE PANTS;DAMA;M;Verde Militar;1,00;Sambil Valencia;diciembre-2025
22/12/2025;PANNTKI12T12;[PANNTKI12T12] EXPLORE PANTS KIDS (12, Azul Marino - 5102);EXPLORE PANTS;KIDS;12;Azul Marino;1,00;Grandplaz ;diciembre-2025
22/12/2025;PANNTDA33TM;[PANNTDA33TM] EXPLORE PANTS DAMA (M, Kaki - 80279);EXPLORE PANTS;DAMA;M;Kaki;1,00;Sambil Chacao ;diciembre-2025
22/12/2025;PANNTDA66TM;[PANNTDA66TM] EXPLORE PANTS DAMA (M, Verde Militar - 60620);EXPLORE PANTS;DAMA;M;Verde Militar;1,00;Sambil Chacao ;diciembre-2025
22/12/2025;PANNTCA30TM;[PANNTCA30TM] EXPLORE PANTS CAB (M, Gris Claro - 9734);EXPLORE PANTS;CAB;M;Gris Claro;1,00;Sambil Chacao ;diciembre-2025
22/12/2025;PANNTCA30TM;[PANNTCA30TM] EXPLORE PANTS CAB (M, Gris Claro - 9734);EXPLORE PANTS;CAB;M;Gris Claro;1,00;Sambil Chacao ;diciembre-2025
22/12/2025;PANNTCA12TL;[PANNTCA12TL] EXPLORE PANTS CAB (L, Azul Marino - 5102);EXPLORE PANTS;CAB;L;Azul Marino;1,00;La Grieta;diciembre-2025
22/12/2025;PANNTDA33TL;[PANNTDA33TL] EXPLORE PANTS DAMA (L, Kaki - 80279);EXPLORE PANTS;DAMA;L;Kaki;1,00;Sambil Chacao ;diciembre-2025
22/12/2025;PANNTKI12T4;[PANNTKI12T4] EXPLORE PANTS KIDS (4, Azul Marino - 5102);EXPLORE PANTS;KIDS;4;Azul Marino;1,00;La Grieta;diciembre-2025
22/12/2025;PANNTDA12TXL;[PANNTDA12TXL] EXPLORE PANTS DAMA (XL, Azul Marino - 5102);EXPLORE PANTS;DAMA;XL;Azul Marino;1,00;Cerro Verde ;diciembre-2025
22/12/2025;PANNTDA33TS;[PANNTDA33TS] EXPLORE PANTS DAMA (S, Kaki - 80279);EXPLORE PANTS;DAMA;S;Kaki;1,00;Cerro Verde ;diciembre-2025
22/12/2025;PANNTKI66T12;[PANNTKI66T12] EXPLORE PANTS KIDS (12, Verde Militar - 60620);EXPLORE PANTS;KIDS;12;Verde Militar;1,00;Sambil Chacao ;diciembre-2025
22/12/2025;PANNTDA12TL;[PANNTDA12TL] EXPLORE PANTS DAMA (L, Azul Marino - 5102);EXPLORE PANTS;DAMA;L;Azul Marino;1,00;Sambil Valencia;diciembre-2025
22/12/2025;PANNTCA30TM;[PANNTCA30TM] EXPLORE PANTS CAB (M, Gris Claro - 9734);EXPLORE PANTS;CAB;M;Gris Claro;1,00;Cerro Verde ;diciembre-2025
22/12/2025;PANNTDA31TS;[PANNTDA31TS] EXPLORE PANTS DAMA (S, Gris Oscuro -  9356);EXPLORE PANTS;DAMA;S;Gris Oscuro;1,00;Cerro Verde ;diciembre-2025
22/12/2025;PANNTDA43TM;[PANNTDA43TM] EXPLORE PANTS DAMA (M, Negro - 10);EXPLORE PANTS;DAMA;M;Negro;1,00;Sambil Chacao ;diciembre-2025
22/12/2025;PANNTCA33TM;[PANNTCA33TM] EXPLORE PANTS CAB (M, Kaki - 80279);EXPLORE PANTS;CAB;M;Kaki;1,00;La Grieta;diciembre-2025
22/12/2025;PANNTDA33TM;[PANNTDA33TM] EXPLORE PANTS DAMA (M, Kaki - 80279);EXPLORE PANTS;DAMA;M;Kaki;1,00;Sambil Chacao ;diciembre-2025
22/12/2025;PANNTDA33TL;[PANNTDA33TL] EXPLORE PANTS DAMA (L, Kaki - 80279);EXPLORE PANTS;DAMA;L;Kaki;1,00;Sambil Chacao ;diciembre-2025
22/12/2025;PANNTCA33TXL;[PANNTCA33TXL] EXPLORE PANTS CAB (XL, Kaki - 80279);EXPLORE PANTS;CAB;XL;Kaki;1,00;La Grieta;diciembre-2025
22/12/2025;PANNTCA66TS;[PANNTCA66TS] EXPLORE PANTS CAB (S, Verde Militar - 60620);EXPLORE PANTS;CAB;S;Verde Militar;1,00;La Grieta;diciembre-2025
22/12/2025;PANNTCA30TL;[PANNTCA30TL] EXPLORE PANTS CAB (L, Gris Claro - 9734);EXPLORE PANTS;CAB;L;Gris Claro;1,00;Sambil Valencia;diciembre-2025
22/12/2025;PANNTDA31TL;[PANNTDA31TL] EXPLORE PANTS DAMA (L, Gris Oscuro -  9356);EXPLORE PANTS;DAMA;L;Gris Oscuro;1,00;Sambil Valencia;diciembre-2025
22/12/2025;PANNTDA33TXS;[PANNTDA33TXS] EXPLORE PANTS DAMA (XS, Kaki - 80279);EXPLORE PANTS;DAMA;XS;Kaki;1,00;Cerro Verde ;diciembre-2025
23/12/2025;PANNTDA33TM;[PANNTDA33TM] EXPLORE PANTS DAMA (M, Kaki - 80279);EXPLORE PANTS;DAMA;M;Kaki;1,00;Cerro Verde ;diciembre-2025
23/12/2025;PANNTDA33TS;[PANNTDA33TS] EXPLORE PANTS DAMA (S, Kaki - 80279);EXPLORE PANTS;DAMA;S;Kaki;1,00;Cerro Verde ;diciembre-2025
23/12/2025;PANNTDA66TS;[PANNTDA66TS] EXPLORE PANTS DAMA (S, Verde Militar - 60620);EXPLORE PANTS;DAMA;S;Verde Militar;1,00;Sambil Valencia;diciembre-2025
23/12/2025;PANNTCA30TL;[PANNTCA30TL] EXPLORE PANTS CAB (L, Gris Claro - 9734);EXPLORE PANTS;CAB;L;Gris Claro;-1,00;La Grieta;diciembre-2025
23/12/2025;PANNTCA30TXL;[PANNTCA30TXL] EXPLORE PANTS CAB (XL, Gris Claro - 9734);EXPLORE PANTS;CAB;XL;Gris Claro;1,00;La Grieta;diciembre-2025
23/12/2025;PANNTCA30TM;[PANNTCA30TM] EXPLORE PANTS CAB (M, Gris Claro - 9734);EXPLORE PANTS;CAB;M;Gris Claro;1,00;Sambil Chacao ;diciembre-2025
23/12/2025;PANNTCA30TS;[PANNTCA30TS] EXPLORE PANTS CAB (S, Gris Claro - 9734);EXPLORE PANTS;CAB;S;Gris Claro;1,00;Cerro Verde ;diciembre-2025
23/12/2025;PANNTCA30TXL;[PANNTCA30TXL] EXPLORE PANTS CAB (XL, Gris Claro - 9734);EXPLORE PANTS;CAB;XL;Gris Claro;1,00;La Grieta;diciembre-2025
23/12/2025;PANNTDA33TL;[PANNTDA33TL] EXPLORE PANTS DAMA (L, Kaki - 80279);EXPLORE PANTS;DAMA;L;Kaki;-1,00;Cerro Verde ;diciembre-2025
23/12/2025;PANNTDA43TXL;[PANNTDA43TXL] EXPLORE PANTS DAMA (XL, Negro - 10);EXPLORE PANTS;DAMA;XL;Negro;1,00;Cerro Verde ;diciembre-2025
23/12/2025;PANNTCA33TXL;[PANNTCA33TXL] EXPLORE PANTS CAB (XL, Kaki - 80279);EXPLORE PANTS;CAB;XL;Kaki;1,00;Sambil Valencia;diciembre-2025
23/12/2025;PANNTDA33TXL;[PANNTDA33TXL] EXPLORE PANTS DAMA (XL, Kaki - 80279);EXPLORE PANTS;DAMA;XL;Kaki;1,00;Sambil Valencia;diciembre-2025
23/12/2025;PANNTDA31TM;[PANNTDA31TM] EXPLORE PANTS DAMA (M, Gris Oscuro -  9356);EXPLORE PANTS;DAMA;M;Gris Oscuro;1,00;Grandplaz ;diciembre-2025
23/12/2025;PANNTKI12T8;[PANNTKI12T8] EXPLORE PANTS KIDS (8, Azul Marino - 5102);EXPLORE PANTS;KIDS;8;Azul Marino;1,00;Sambil Valencia;diciembre-2025
23/12/2025;PANNTDA43TM;[PANNTDA43TM] EXPLORE PANTS DAMA (M, Negro - 10);EXPLORE PANTS;DAMA;M;Negro;1,00;Cerro Verde ;diciembre-2025
23/12/2025;PANNTDA31TL;[PANNTDA31TL] EXPLORE PANTS DAMA (L, Gris Oscuro -  9356);EXPLORE PANTS;DAMA;L;Gris Oscuro;1,00;Sambil Chacao ;diciembre-2025
23/12/2025;PANNTDA33TL;[PANNTDA33TL] EXPLORE PANTS DAMA (L, Kaki - 80279);EXPLORE PANTS;DAMA;L;Kaki;1,00;Cerro Verde ;diciembre-2025
23/12/2025;PANNTDA31TM;[PANNTDA31TM] EXPLORE PANTS DAMA (M, Gris Oscuro -  9356);EXPLORE PANTS;DAMA;M;Gris Oscuro;1,00;Sambil Valencia;diciembre-2025
23/12/2025;PANNTCA33TM;[PANNTCA33TM] EXPLORE PANTS CAB (M, Kaki - 80279);EXPLORE PANTS;CAB;M;Kaki;1,00;Sambil Chacao ;diciembre-2025
23/12/2025;PANNTDA43TXL;[PANNTDA43TXL] EXPLORE PANTS DAMA (XL, Negro - 10);EXPLORE PANTS;DAMA;XL;Negro;1,00;La Grieta;diciembre-2025
23/12/2025;PANNTDA43TXS;[PANNTDA43TXS] EXPLORE PANTS DAMA (XS, Negro - 10);EXPLORE PANTS;DAMA;XS;Negro;1,00;La Grieta;diciembre-2025
23/12/2025;PANNTKI12T6;[PANNTKI12T6] EXPLORE PANTS KIDS (6, Azul Marino - 5102);EXPLORE PANTS;KIDS;6;Azul Marino;1,00;La Grieta;diciembre-2025
23/12/2025;PANNTKI12T12;[PANNTKI12T12] EXPLORE PANTS KIDS (12, Azul Marino - 5102);EXPLORE PANTS;KIDS;12;Azul Marino;1,00;La Grieta;diciembre-2025
23/12/2025;PANNTCA33TXL;[PANNTCA33TXL] EXPLORE PANTS CAB (XL, Kaki - 80279);EXPLORE PANTS;CAB;XL;Kaki;1,00;La Grieta;diciembre-2025
23/12/2025;PANNTCA33TM;[PANNTCA33TM] EXPLORE PANTS CAB (M, Kaki - 80279);EXPLORE PANTS;CAB;M;Kaki;1,00;La Grieta;diciembre-2025
23/12/2025;PANNTCA43TM;[PANNTCA43TM] EXPLORE PANTS CAB (M, Negro - 10);EXPLORE PANTS;CAB;M;Negro;1,00;La Grieta;diciembre-2025
23/12/2025;PANNTKI66T8;[PANNTKI66T8] EXPLORE PANTS KIDS (8, Verde Militar - 60620);EXPLORE PANTS;KIDS;8;Verde Militar;1,00;La Grieta;diciembre-2025
23/12/2025;PANNTDA31TL;[PANNTDA31TL] EXPLORE PANTS DAMA (L, Gris Oscuro -  9356);EXPLORE PANTS;DAMA;L;Gris Oscuro;1,00;La Grieta;diciembre-2025
23/12/2025;PANNTCA66TM;[PANNTCA66TM] EXPLORE PANTS CAB (M, Verde Militar - 60620);EXPLORE PANTS;CAB;M;Verde Militar;1,00;La Grieta;diciembre-2025
23/12/2025;PANNTDA33TL;[PANNTDA33TL] EXPLORE PANTS DAMA (L, Kaki - 80279);EXPLORE PANTS;DAMA;L;Kaki;1,00;La Grieta;diciembre-2025
23/12/2025;PANNTDA31TL;[PANNTDA31TL] EXPLORE PANTS DAMA (L, Gris Oscuro -  9356);EXPLORE PANTS;DAMA;L;Gris Oscuro;1,00;La Grieta;diciembre-2025
23/12/2025;PANNTCA43TM;[PANNTCA43TM] EXPLORE PANTS CAB (M, Negro - 10);EXPLORE PANTS;CAB;M;Negro;1,00;La Grieta;diciembre-2025
23/12/2025;PANNTDA43TM;[PANNTDA43TM] EXPLORE PANTS DAMA (M, Negro - 10);EXPLORE PANTS;DAMA;M;Negro;1,00;Sambil Valencia;diciembre-2025
23/12/2025;PANNTKI66T6;[PANNTKI66T6] EXPLORE PANTS KIDS (6, Verde Militar - 60620);EXPLORE PANTS;KIDS;6;Verde Militar;1,00;La Grieta;diciembre-2025
23/12/2025;PANNTCA30TS;[PANNTCA30TS] EXPLORE PANTS CAB (S, Gris Claro - 9734);EXPLORE PANTS;CAB;S;Gris Claro;1,00;La Grieta;diciembre-2025
23/12/2025;PANNTCA30TXL;[PANNTCA30TXL] EXPLORE PANTS CAB (XL, Gris Claro - 9734);EXPLORE PANTS;CAB;XL;Gris Claro;1,00;La Grieta;diciembre-2025
23/12/2025;PANNTDA30TXS;[PANNTDA30TXS] EXPLORE PANTS DAMA (XS, Gris Claro - 9734);EXPLORE PANTS;DAMA;XS;Gris Claro;1,00;Grandplaz ;diciembre-2025
23/12/2025;PANNTDA31TXL;[PANNTDA31TXL] EXPLORE PANTS DAMA (XL, Gris Oscuro -  9356);EXPLORE PANTS;DAMA;XL;Gris Oscuro;1,00;Cerro Verde ;diciembre-2025
23/12/2025;PANNTCA43TXL;[PANNTCA43TXL] EXPLORE PANTS CAB (XL, Negro - 10);EXPLORE PANTS;CAB;XL;Negro;1,00;Cerro Verde ;diciembre-2025
23/12/2025;PANNTDA43TL;[PANNTDA43TL] EXPLORE PANTS DAMA (L, Negro - 10);EXPLORE PANTS;DAMA;L;Negro;2,00;Sambil Valencia;diciembre-2025
23/12/2025;PANNTDA30TS;[PANNTDA30TS] EXPLORE PANTS DAMA (S, Gris Claro - 9734);EXPLORE PANTS;DAMA;S;Gris Claro;4,00;Sambil Valencia;diciembre-2025
23/12/2025;PANNTCA33TXL;[PANNTCA33TXL] EXPLORE PANTS CAB (XL, Kaki - 80279);EXPLORE PANTS;CAB;XL;Kaki;1,00;La Grieta;diciembre-2025
23/12/2025;PANNTDA33TS;[PANNTDA33TS] EXPLORE PANTS DAMA (S, Kaki - 80279);EXPLORE PANTS;DAMA;S;Kaki;1,00;La Grieta;diciembre-2025
23/12/2025;PANNTDA43TM;[PANNTDA43TM] EXPLORE PANTS DAMA (M, Negro - 10);EXPLORE PANTS;DAMA;M;Negro;1,00;La Grieta;diciembre-2025
23/12/2025;PANNTDA31TM;[PANNTDA31TM] EXPLORE PANTS DAMA (M, Gris Oscuro -  9356);EXPLORE PANTS;DAMA;M;Gris Oscuro;1,00;Sambil Chacao ;diciembre-2025
23/12/2025;PANNTCA66TXL;[PANNTCA66TXL] EXPLORE PANTS CAB (XL, Verde Militar - 60620);EXPLORE PANTS;CAB;XL;Verde Militar;1,00;Cerro Verde ;diciembre-2025
23/12/2025;PANNTCA12TM;[PANNTCA12TM] EXPLORE PANTS CAB (M, Azul Marino - 5102);EXPLORE PANTS;CAB;M;Azul Marino;1,00;Sambil Valencia;diciembre-2025
23/12/2025;PANNTCA30TM;[PANNTCA30TM] EXPLORE PANTS CAB (M, Gris Claro - 9734);EXPLORE PANTS;CAB;M;Gris Claro;1,00;Cerro Verde ;diciembre-2025
23/12/2025;PANNTCA30TL;[PANNTCA30TL] EXPLORE PANTS CAB (L, Gris Claro - 9734);EXPLORE PANTS;CAB;L;Gris Claro;1,00;Sambil Chacao ;diciembre-2025
23/12/2025;PANNTDA43TXS;[PANNTDA43TXS] EXPLORE PANTS DAMA (XS, Negro - 10);EXPLORE PANTS;DAMA;XS;Negro;1,00;Sambil Chacao ;diciembre-2025
23/12/2025;PANNTCA31TM;[PANNTCA31TM] EXPLORE PANTS CAB (M, Gris Oscuro -  9356);EXPLORE PANTS;CAB;M;Gris Oscuro;1,00;Sambil Chacao ;diciembre-2025
23/12/2025;PANNTDA12TL;[PANNTDA12TL] EXPLORE PANTS DAMA (L, Azul Marino - 5102);EXPLORE PANTS;DAMA;L;Azul Marino;1,00;Sambil Chacao ;diciembre-2025
23/12/2025;PANNTCA43TL;[PANNTCA43TL] EXPLORE PANTS CAB (L, Negro - 10);EXPLORE PANTS;CAB;L;Negro;1,00;Sambil Chacao ;diciembre-2025
23/12/2025;PANNTDA43TXL;[PANNTDA43TXL] EXPLORE PANTS DAMA (XL, Negro - 10);EXPLORE PANTS;DAMA;XL;Negro;1,00;La Grieta;diciembre-2025
23/12/2025;PANNTCA66TL;[PANNTCA66TL] EXPLORE PANTS CAB (L, Verde Militar - 60620);EXPLORE PANTS;CAB;L;Verde Militar;1,00;Cerro Verde ;diciembre-2025
23/12/2025;PANNTCA12TL;[PANNTCA12TL] EXPLORE PANTS CAB (L, Azul Marino - 5102);EXPLORE PANTS;CAB;L;Azul Marino;1,00;Cerro Verde ;diciembre-2025
23/12/2025;PANNTCA31TM;[PANNTCA31TM] EXPLORE PANTS CAB (M, Gris Oscuro -  9356);EXPLORE PANTS;CAB;M;Gris Oscuro;1,00;Sambil Chacao ;diciembre-2025
23/12/2025;PANNTDA43TM;[PANNTDA43TM] EXPLORE PANTS DAMA (M, Negro - 10);EXPLORE PANTS;DAMA;M;Negro;1,00;Sambil Chacao ;diciembre-2025
23/12/2025;PANNTCA30TM;[PANNTCA30TM] EXPLORE PANTS CAB (M, Gris Claro - 9734);EXPLORE PANTS;CAB;M;Gris Claro;1,00;Sambil Valencia;diciembre-2025
23/12/2025;PANNTDA31TXL;[PANNTDA31TXL] EXPLORE PANTS DAMA (XL, Gris Oscuro -  9356);EXPLORE PANTS;DAMA;XL;Gris Oscuro;1,00;Sambil Valencia;diciembre-2025
23/12/2025;PANNTCA66TL;[PANNTCA66TL] EXPLORE PANTS CAB (L, Verde Militar - 60620);EXPLORE PANTS;CAB;L;Verde Militar;1,00;Cerro Verde ;diciembre-2025
23/12/2025;PANNTDA43TXL;[PANNTDA43TXL] EXPLORE PANTS DAMA (XL, Negro - 10);EXPLORE PANTS;DAMA;XL;Negro;1,00;Sambil Chacao ;diciembre-2025
23/12/2025;PANNTCA43TL;[PANNTCA43TL] EXPLORE PANTS CAB (L, Negro - 10);EXPLORE PANTS;CAB;L;Negro;1,00;Sambil Chacao ;diciembre-2025
23/12/2025;PANNTCA43TL;[PANNTCA43TL] EXPLORE PANTS CAB (L, Negro - 10);EXPLORE PANTS;CAB;L;Negro;1,00;Sambil Chacao ;diciembre-2025
24/12/2025;PANNTDA43TM;[PANNTDA43TM] EXPLORE PANTS DAMA (M, Negro - 10);EXPLORE PANTS;DAMA;M;Negro;1,00;Sambil Valencia;diciembre-2025
24/12/2025;PANNTCA31TM;[PANNTCA31TM] EXPLORE PANTS CAB (M, Gris Oscuro -  9356);EXPLORE PANTS;CAB;M;Gris Oscuro;1,00;Sambil Chacao ;diciembre-2025
24/12/2025;PANNTCA66TM;[PANNTCA66TM] EXPLORE PANTS CAB (M, Verde Militar - 60620);EXPLORE PANTS;CAB;M;Verde Militar;1,00;Sambil Chacao ;diciembre-2025
24/12/2025;PANNTKI30T10;[PANNTKI30T10] EXPLORE PANTS KIDS (10, Gris Claro - 9734);EXPLORE PANTS;KIDS;10;Gris Claro;1,00;Cerro Verde ;diciembre-2025
24/12/2025;PANNTDA33TM;[PANNTDA33TM] EXPLORE PANTS DAMA (M, Kaki - 80279);EXPLORE PANTS;DAMA;M;Kaki;1,00;Cerro Verde ;diciembre-2025
24/12/2025;PANNTCA43TL;[PANNTCA43TL] EXPLORE PANTS CAB (L, Negro - 10);EXPLORE PANTS;CAB;L;Negro;1,00;Sambil Valencia;diciembre-2025
24/12/2025;PANNTDA12TM;[PANNTDA12TM] EXPLORE PANTS DAMA (M, Azul Marino - 5102);EXPLORE PANTS;DAMA;M;Azul Marino;1,00;Cerro Verde ;diciembre-2025
24/12/2025;PANNTCA31TL;[PANNTCA31TL] EXPLORE PANTS CAB (L, Gris Oscuro -  9356);EXPLORE PANTS;CAB;L;Gris Oscuro;1,00;La Grieta;diciembre-2025
24/12/2025;PANNTCA30TL;[PANNTCA30TL] EXPLORE PANTS CAB (L, Gris Claro - 9734);EXPLORE PANTS;CAB;L;Gris Claro;1,00;Sambil Chacao ;diciembre-2025
24/12/2025;PANNTCA33TXL;[PANNTCA33TXL] EXPLORE PANTS CAB (XL, Kaki - 80279);EXPLORE PANTS;CAB;XL;Kaki;1,00;La Grieta;diciembre-2025
24/12/2025;PANNTCA66TM;[PANNTCA66TM] EXPLORE PANTS CAB (M, Verde Militar - 60620);EXPLORE PANTS;CAB;M;Verde Militar;1,00;Sambil Chacao ;diciembre-2025
24/12/2025;PANNTKI12T10;[PANNTKI12T10] EXPLORE PANTS KIDS (10, Azul Marino - 5102);EXPLORE PANTS;KIDS;10;Azul Marino;1,00;Sambil Chacao ;diciembre-2025
24/12/2025;PANNTKI30T10;[PANNTKI30T10] EXPLORE PANTS KIDS (10, Gris Claro - 9734);EXPLORE PANTS;KIDS;10;Gris Claro;1,00;Sambil Chacao ;diciembre-2025
24/12/2025;PANNTDA31TM;[PANNTDA31TM] EXPLORE PANTS DAMA (M, Gris Oscuro -  9356);EXPLORE PANTS;DAMA;M;Gris Oscuro;1,00;Sambil Valencia;diciembre-2025
24/12/2025;PANNTDA43TXL;[PANNTDA43TXL] EXPLORE PANTS DAMA (XL, Negro - 10);EXPLORE PANTS;DAMA;XL;Negro;1,00;Cerro Verde ;diciembre-2025
24/12/2025;PANNTCA43TXL;[PANNTCA43TXL] EXPLORE PANTS CAB (XL, Negro - 10);EXPLORE PANTS;CAB;XL;Negro;1,00;Cerro Verde ;diciembre-2025
24/12/2025;PANNTCA33TM;[PANNTCA33TM] EXPLORE PANTS CAB (M, Kaki - 80279);EXPLORE PANTS;CAB;M;Kaki;1,00;La Grieta;diciembre-2025
24/12/2025;PANNTDA31TL;[PANNTDA31TL] EXPLORE PANTS DAMA (L, Gris Oscuro -  9356);EXPLORE PANTS;DAMA;L;Gris Oscuro;1,00;Cerro Verde ;diciembre-2025
24/12/2025;PANNTDA31TXS;[PANNTDA31TXS] EXPLORE PANTS DAMA (XS, Gris Oscuro -  9356);EXPLORE PANTS;DAMA;XS;Gris Oscuro;1,00;Cerro Verde ;diciembre-2025
24/12/2025;PANNTCA33TXL;[PANNTCA33TXL] EXPLORE PANTS CAB (XL, Kaki - 80279);EXPLORE PANTS;CAB;XL;Kaki;1,00;La Grieta;diciembre-2025
24/12/2025;PANNTDA33TXL;[PANNTDA33TXL] EXPLORE PANTS DAMA (XL, Kaki - 80279);EXPLORE PANTS;DAMA;XL;Kaki;1,00;La Grieta;diciembre-2025
24/12/2025;PANNTCA43TM;[PANNTCA43TM] EXPLORE PANTS CAB (M, Negro - 10);EXPLORE PANTS;CAB;M;Negro;1,00;La Grieta;diciembre-2025
24/12/2025;PANNTCA43TXL;[PANNTCA43TXL] EXPLORE PANTS CAB (XL, Negro - 10);EXPLORE PANTS;CAB;XL;Negro;1,00;Cerro Verde ;diciembre-2025
24/12/2025;PANNTKI12T12;[PANNTKI12T12] EXPLORE PANTS KIDS (12, Azul Marino - 5102);EXPLORE PANTS;KIDS;12;Azul Marino;1,00;Sambil Chacao ;diciembre-2025
24/12/2025;PANNTDA33TS;[PANNTDA33TS] EXPLORE PANTS DAMA (S, Kaki - 80279);EXPLORE PANTS;DAMA;S;Kaki;1,00;Cerro Verde ;diciembre-2025
24/12/2025;PANNTCA31TXL;[PANNTCA31TXL] EXPLORE PANTS CAB (XL, Gris Oscuro -  9356);EXPLORE PANTS;CAB;XL;Gris Oscuro;1,00;Cerro Verde ;diciembre-2025
24/12/2025;PANNTDA33TM;[PANNTDA33TM] EXPLORE PANTS DAMA (M, Kaki - 80279);EXPLORE PANTS;DAMA;M;Kaki;1,00;Sambil Valencia;diciembre-2025
24/12/2025;PANNTKI66T10;[PANNTKI66T10] EXPLORE PANTS KIDS (10, Verde Militar - 60620);EXPLORE PANTS;KIDS;10;Verde Militar;1,00;Sambil Chacao ;diciembre-2025
24/12/2025;PANNTDA43TM;[PANNTDA43TM] EXPLORE PANTS DAMA (M, Negro - 10);EXPLORE PANTS;DAMA;M;Negro;1,00;Sambil Chacao ;diciembre-2025
24/12/2025;PANNTCA33TM;[PANNTCA33TM] EXPLORE PANTS CAB (M, Kaki - 80279);EXPLORE PANTS;CAB;M;Kaki;1,00;Cerro Verde ;diciembre-2025
24/12/2025;PANNTCA43TL;[PANNTCA43TL] EXPLORE PANTS CAB (L, Negro - 10);EXPLORE PANTS;CAB;L;Negro;1,00;Cerro Verde ;diciembre-2025
24/12/2025;PANNTKI66T2;[PANNTKI66T2] EXPLORE PANTS KIDS (2, Verde Militar - 60620);EXPLORE PANTS;KIDS;2;Verde Militar;1,00;La Grieta;diciembre-2025
24/12/2025;PANNTDA43TXL;[PANNTDA43TXL] EXPLORE PANTS DAMA (XL, Negro - 10);EXPLORE PANTS;DAMA;XL;Negro;1,00;Sambil Valencia;diciembre-2025
24/12/2025;PANNTDA12TL;[PANNTDA12TL] EXPLORE PANTS DAMA (L, Azul Marino - 5102);EXPLORE PANTS;DAMA;L;Azul Marino;1,00;Sambil Valencia;diciembre-2025
24/12/2025;PANNTCA31TS;[PANNTCA31TS] EXPLORE PANTS CAB (S, Gris Oscuro -  9356);EXPLORE PANTS;CAB;S;Gris Oscuro;1,00;Cerro Verde ;diciembre-2025
24/12/2025;PANNTCA43TL;[PANNTCA43TL] EXPLORE PANTS CAB (L, Negro - 10);EXPLORE PANTS;CAB;L;Negro;1,00;Cerro Verde ;diciembre-2025
24/12/2025;PANNTCA30TL;[PANNTCA30TL] EXPLORE PANTS CAB (L, Gris Claro - 9734);EXPLORE PANTS;CAB;L;Gris Claro;1,00;Cerro Verde ;diciembre-2025
24/12/2025;PANNTCA30TL;[PANNTCA30TL] EXPLORE PANTS CAB (L, Gris Claro - 9734);EXPLORE PANTS;CAB;L;Gris Claro;1,00;La Grieta;diciembre-2025
24/12/2025;PANNTCA43TM;[PANNTCA43TM] EXPLORE PANTS CAB (M, Negro - 10);EXPLORE PANTS;CAB;M;Negro;1,00;Sambil Chacao ;diciembre-2025
24/12/2025;PANNTCA30TM;[PANNTCA30TM] EXPLORE PANTS CAB (M, Gris Claro - 9734);EXPLORE PANTS;CAB;M;Gris Claro;1,00;Sambil Valencia;diciembre-2025
24/12/2025;PANNTCA30TL;[PANNTCA30TL] EXPLORE PANTS CAB (L, Gris Claro - 9734);EXPLORE PANTS;CAB;L;Gris Claro;1,00;Sambil Valencia;diciembre-2025
24/12/2025;PANNTCA30TXL;[PANNTCA30TXL] EXPLORE PANTS CAB (XL, Gris Claro - 9734);EXPLORE PANTS;CAB;XL;Gris Claro;1,00;Sambil Chacao ;diciembre-2025
24/12/2025;PANNTKI12T10;[PANNTKI12T10] EXPLORE PANTS KIDS (10, Azul Marino - 5102);EXPLORE PANTS;KIDS;10;Azul Marino;1,00;La Grieta;diciembre-2025
24/12/2025;PANNTDA33TM;[PANNTDA33TM] EXPLORE PANTS DAMA (M, Kaki - 80279);EXPLORE PANTS;DAMA;M;Kaki;1,00;Cerro Verde ;diciembre-2025
24/12/2025;PANNTCA33TL;[PANNTCA33TL] EXPLORE PANTS CAB (L, Kaki - 80279);EXPLORE PANTS;CAB;L;Kaki;1,00;Cerro Verde ;diciembre-2025
24/12/2025;PANNTCA31TL;[PANNTCA31TL] EXPLORE PANTS CAB (L, Gris Oscuro -  9356);EXPLORE PANTS;CAB;L;Gris Oscuro;1,00;Sambil Valencia;diciembre-2025
24/12/2025;PANNTCA12TM;[PANNTCA12TM] EXPLORE PANTS CAB (M, Azul Marino - 5102);EXPLORE PANTS;CAB;M;Azul Marino;1,00;Sambil Chacao ;diciembre-2025
24/12/2025;PANNTCA33TXL;[PANNTCA33TXL] EXPLORE PANTS CAB (XL, Kaki - 80279);EXPLORE PANTS;CAB;XL;Kaki;1,00;Sambil Valencia;diciembre-2025
24/12/2025;PANNTCA33TS;[PANNTCA33TS] EXPLORE PANTS CAB (S, Kaki - 80279);EXPLORE PANTS;CAB;S;Kaki;1,00;Sambil Valencia;diciembre-2025
24/12/2025;PANNTDA31TL;[PANNTDA31TL] EXPLORE PANTS DAMA (L, Gris Oscuro -  9356);EXPLORE PANTS;DAMA;L;Gris Oscuro;1,00;Sambil Valencia;diciembre-2025
26/12/2025;PANNTCA30TM;[PANNTCA30TM] EXPLORE PANTS CAB (M, Gris Claro - 9734);EXPLORE PANTS;CAB;M;Gris Claro;-1,00;La Grieta;diciembre-2025
26/12/2025;PANNTCA30TL;[PANNTCA30TL] EXPLORE PANTS CAB (L, Gris Claro - 9734);EXPLORE PANTS;CAB;L;Gris Claro;1,00;La Grieta;diciembre-2025
26/12/2025;PANNTCA43TM;[PANNTCA43TM] EXPLORE PANTS CAB (M, Negro - 10);EXPLORE PANTS;CAB;M;Negro;1,00;WEB;diciembre-2025
26/12/2025;PANNTDA31TM;[PANNTDA31TM] EXPLORE PANTS DAMA (M, Gris Oscuro -  9356);EXPLORE PANTS;DAMA;M;Gris Oscuro;-1,00;Sambil Valencia;diciembre-2025
26/12/2025;PANNTCA30TM;[PANNTCA30TM] EXPLORE PANTS CAB (M, Gris Claro - 9734);EXPLORE PANTS;CAB;M;Gris Claro;1,00;Sambil Valencia;diciembre-2025
26/12/2025;PANNTCA33TS;[PANNTCA33TS] EXPLORE PANTS CAB (S, Kaki - 80279);EXPLORE PANTS;CAB;S;Kaki;1,00;Sambil Valencia;diciembre-2025
26/12/2025;PANNTKI30T2;[PANNTKI30T2] EXPLORE PANTS KIDS (2, Gris Claro - 9734);EXPLORE PANTS;KIDS;2;Gris Claro;1,00;La Grieta;diciembre-2025
26/12/2025;PANNTCA31TM;[PANNTCA31TM] EXPLORE PANTS CAB (M, Gris Oscuro -  9356);EXPLORE PANTS;CAB;M;Gris Oscuro;1,00;Cerro Verde ;diciembre-2025
26/12/2025;PANNTDA43TXL;[PANNTDA43TXL] EXPLORE PANTS DAMA (XL, Negro - 10);EXPLORE PANTS;DAMA;XL;Negro;1,00;Sambil Chacao ;diciembre-2025
26/12/2025;PANNTDA33TXL;[PANNTDA33TXL] EXPLORE PANTS DAMA (XL, Kaki - 80279);EXPLORE PANTS;DAMA;XL;Kaki;1,00;Sambil Chacao ;diciembre-2025
26/12/2025;PANNTDA31TL;[PANNTDA31TL] EXPLORE PANTS DAMA (L, Gris Oscuro -  9356);EXPLORE PANTS;DAMA;L;Gris Oscuro;-1,00;Cerro Verde ;diciembre-2025
26/12/2025;PANNTDA33TL;[PANNTDA33TL] EXPLORE PANTS DAMA (L, Kaki - 80279);EXPLORE PANTS;DAMA;L;Kaki;1,00;Cerro Verde ;diciembre-2025
26/12/2025;PANNTCA66TM;[PANNTCA66TM] EXPLORE PANTS CAB (M, Verde Militar - 60620);EXPLORE PANTS;CAB;M;Verde Militar;1,00;La Grieta;diciembre-2025
26/12/2025;PANNTKI12T8;[PANNTKI12T8] EXPLORE PANTS KIDS (8, Azul Marino - 5102);EXPLORE PANTS;KIDS;8;Azul Marino;1,00;La Grieta;diciembre-2025
26/12/2025;PANNTCA31TL;[PANNTCA31TL] EXPLORE PANTS CAB (L, Gris Oscuro -  9356);EXPLORE PANTS;CAB;L;Gris Oscuro;1,00;Sambil Valencia;diciembre-2025
26/12/2025;PANNTDA33TXS;[PANNTDA33TXS] EXPLORE PANTS DAMA (XS, Kaki - 80279);EXPLORE PANTS;DAMA;XS;Kaki;1,00;Sambil Chacao ;diciembre-2025
26/12/2025;PANNTKI12T10;[PANNTKI12T10] EXPLORE PANTS KIDS (10, Azul Marino - 5102);EXPLORE PANTS;KIDS;10;Azul Marino;1,00;La Grieta;diciembre-2025
26/12/2025;PANNTCA43TL;[PANNTCA43TL] EXPLORE PANTS CAB (L, Negro - 10);EXPLORE PANTS;CAB;L;Negro;1,00;Grandplaz ;diciembre-2025
26/12/2025;PANNTCA12TL;[PANNTCA12TL] EXPLORE PANTS CAB (L, Azul Marino - 5102);EXPLORE PANTS;CAB;L;Azul Marino;1,00;Cerro Verde ;diciembre-2025
26/12/2025;PANNTDA33TL;[PANNTDA33TL] EXPLORE PANTS DAMA (L, Kaki - 80279);EXPLORE PANTS;DAMA;L;Kaki;1,00;Sambil Valencia;diciembre-2025
26/12/2025;PANNTDA31TXS;[PANNTDA31TXS] EXPLORE PANTS DAMA (XS, Gris Oscuro -  9356);EXPLORE PANTS;DAMA;XS;Gris Oscuro;1,00;La Grieta;diciembre-2025
26/12/2025;PANNTCA43TM;[PANNTCA43TM] EXPLORE PANTS CAB (M, Negro - 10);EXPLORE PANTS;CAB;M;Negro;1,00;Sambil Chacao ;diciembre-2025
26/12/2025;PANNTDA31TXL;[PANNTDA31TXL] EXPLORE PANTS DAMA (XL, Gris Oscuro -  9356);EXPLORE PANTS;DAMA;XL;Gris Oscuro;1,00;Sambil Valencia;diciembre-2025
26/12/2025;PANNTDA33TXL;[PANNTDA33TXL] EXPLORE PANTS DAMA (XL, Kaki - 80279);EXPLORE PANTS;DAMA;XL;Kaki;1,00;Sambil Valencia;diciembre-2025
26/12/2025;PANNTKI66T6;[PANNTKI66T6] EXPLORE PANTS KIDS (6, Verde Militar - 60620);EXPLORE PANTS;KIDS;6;Verde Militar;1,00;La Grieta;diciembre-2025
26/12/2025;PANNTDA30TXS;[PANNTDA30TXS] EXPLORE PANTS DAMA (XS, Gris Claro - 9734);EXPLORE PANTS;DAMA;XS;Gris Claro;-1,00;Cerro Verde ;diciembre-2025
26/12/2025;PANNTDA30TM;[PANNTDA30TM] EXPLORE PANTS DAMA (M, Gris Claro - 9734);EXPLORE PANTS;DAMA;M;Gris Claro;1,00;Cerro Verde ;diciembre-2025
26/12/2025;PANNTCA33TL;[PANNTCA33TL] EXPLORE PANTS CAB (L, Kaki - 80279);EXPLORE PANTS;CAB;L;Kaki;-1,00;Sambil Valencia;diciembre-2025
26/12/2025;PANNTCA33TXL;[PANNTCA33TXL] EXPLORE PANTS CAB (XL, Kaki - 80279);EXPLORE PANTS;CAB;XL;Kaki;1,00;Sambil Valencia;diciembre-2025
26/12/2025;PANNTKI30T8;[PANNTKI30T8] EXPLORE PANTS KIDS (8, Gris Claro - 9734);EXPLORE PANTS;KIDS;8;Gris Claro;1,00;Sambil Chacao ;diciembre-2025
26/12/2025;PANNTCA31TS;[PANNTCA31TS] EXPLORE PANTS CAB (S, Gris Oscuro -  9356);EXPLORE PANTS;CAB;S;Gris Oscuro;1,00;Sambil Chacao ;diciembre-2025
26/12/2025;PANNTKI12T2;[PANNTKI12T2] EXPLORE PANTS KIDS (2, Azul Marino - 5102);EXPLORE PANTS;KIDS;2;Azul Marino;1,00;La Grieta;diciembre-2025
26/12/2025;PANNTDA43TM;[PANNTDA43TM] EXPLORE PANTS DAMA (M, Negro - 10);EXPLORE PANTS;DAMA;M;Negro;-1,00;Sambil Valencia;diciembre-2025
26/12/2025;PANNTDA33TL;[PANNTDA33TL] EXPLORE PANTS DAMA (L, Kaki - 80279);EXPLORE PANTS;DAMA;L;Kaki;1,00;Sambil Valencia;diciembre-2025
26/12/2025;PANNTDA31TL;[PANNTDA31TL] EXPLORE PANTS DAMA (L, Gris Oscuro -  9356);EXPLORE PANTS;DAMA;L;Gris Oscuro;1,00;Sambil Chacao ;diciembre-2025
26/12/2025;PANNTCA31TL;[PANNTCA31TL] EXPLORE PANTS CAB (L, Gris Oscuro -  9356);EXPLORE PANTS;CAB;L;Gris Oscuro;-1,00;Sambil Valencia;diciembre-2025
26/12/2025;PANNTCA66TXL;[PANNTCA66TXL] EXPLORE PANTS CAB (XL, Verde Militar - 60620);EXPLORE PANTS;CAB;XL;Verde Militar;1,00;Sambil Valencia;diciembre-2025
26/12/2025;PANNTCA43TL;[PANNTCA43TL] EXPLORE PANTS CAB (L, Negro - 10);EXPLORE PANTS;CAB;L;Negro;1,00;Sambil Valencia;diciembre-2025
27/12/2025;PANNTCA43TL;[PANNTCA43TL] EXPLORE PANTS CAB (L, Negro - 10);EXPLORE PANTS;CAB;L;Negro;1,00;Sambil Chacao ;diciembre-2025
27/12/2025;PANNTCA30TS;[PANNTCA30TS] EXPLORE PANTS CAB (S, Gris Claro - 9734);EXPLORE PANTS;CAB;S;Gris Claro;-1,00;La Grieta;diciembre-2025
27/12/2025;PANNTKI12T2;[PANNTKI12T2] EXPLORE PANTS KIDS (2, Azul Marino - 5102);EXPLORE PANTS;KIDS;2;Azul Marino;1,00;La Grieta;diciembre-2025
27/12/2025;PANNTKI66T12;[PANNTKI66T12] EXPLORE PANTS KIDS (12, Verde Militar - 60620);EXPLORE PANTS;KIDS;12;Verde Militar;1,00;La Grieta;diciembre-2025
27/12/2025;PANNTKI30T2;[PANNTKI30T2] EXPLORE PANTS KIDS (2, Gris Claro - 9734);EXPLORE PANTS;KIDS;2;Gris Claro;1,00;La Grieta;diciembre-2025
27/12/2025;PANNTCA30TXL;[PANNTCA30TXL] EXPLORE PANTS CAB (XL, Gris Claro - 9734);EXPLORE PANTS;CAB;XL;Gris Claro;1,00;La Grieta;diciembre-2025
27/12/2025;PANNTDA30TXS;[PANNTDA30TXS] EXPLORE PANTS DAMA (XS, Gris Claro - 9734);EXPLORE PANTS;DAMA;XS;Gris Claro;1,00;Grandplaz ;diciembre-2025
27/12/2025;PANNTDA43TXS;[PANNTDA43TXS] EXPLORE PANTS DAMA (XS, Negro - 10);EXPLORE PANTS;DAMA;XS;Negro;1,00;Cerro Verde ;diciembre-2025
27/12/2025;PANNTCA43TM;[PANNTCA43TM] EXPLORE PANTS CAB (M, Negro - 10);EXPLORE PANTS;CAB;M;Negro;1,00;La Grieta;diciembre-2025
27/12/2025;PANNTCA33TL;[PANNTCA33TL] EXPLORE PANTS CAB (L, Kaki - 80279);EXPLORE PANTS;CAB;L;Kaki;1,00;Cerro Verde ;diciembre-2025
27/12/2025;PANNTDA43TXL;[PANNTDA43TXL] EXPLORE PANTS DAMA (XL, Negro - 10);EXPLORE PANTS;DAMA;XL;Negro;1,00;La Grieta;diciembre-2025
27/12/2025;PANNTDA43TL;[PANNTDA43TL] EXPLORE PANTS DAMA (L, Negro - 10);EXPLORE PANTS;DAMA;L;Negro;1,00;Cerro Verde ;diciembre-2025
27/12/2025;PANNTDA33TL;[PANNTDA33TL] EXPLORE PANTS DAMA (L, Kaki - 80279);EXPLORE PANTS;DAMA;L;Kaki;1,00;Sambil Chacao ;diciembre-2025
27/12/2025;PANNTDA31TL;[PANNTDA31TL] EXPLORE PANTS DAMA (L, Gris Oscuro -  9356);EXPLORE PANTS;DAMA;L;Gris Oscuro;1,00;Sambil Chacao ;diciembre-2025
27/12/2025;PANNTCA66TM;[PANNTCA66TM] EXPLORE PANTS CAB (M, Verde Militar - 60620);EXPLORE PANTS;CAB;M;Verde Militar;1,00;Sambil Valencia;diciembre-2025
27/12/2025;PANNTCA33TXL;[PANNTCA33TXL] EXPLORE PANTS CAB (XL, Kaki - 80279);EXPLORE PANTS;CAB;XL;Kaki;1,00;Sambil Valencia;diciembre-2025
27/12/2025;PANNTDA30TM;[PANNTDA30TM] EXPLORE PANTS DAMA (M, Gris Claro - 9734);EXPLORE PANTS;DAMA;M;Gris Claro;1,00;Sambil Valencia;diciembre-2025
27/12/2025;PANNTDA31TM;[PANNTDA31TM] EXPLORE PANTS DAMA (M, Gris Oscuro -  9356);EXPLORE PANTS;DAMA;M;Gris Oscuro;1,00;Sambil Valencia;diciembre-2025
27/12/2025;PANNTDA33TM;[PANNTDA33TM] EXPLORE PANTS DAMA (M, Kaki - 80279);EXPLORE PANTS;DAMA;M;Kaki;1,00;Sambil Valencia;diciembre-2025
27/12/2025;PANNTDA43TXL;[PANNTDA43TXL] EXPLORE PANTS DAMA (XL, Negro - 10);EXPLORE PANTS;DAMA;XL;Negro;1,00;Grandplaz ;diciembre-2025
27/12/2025;PANNTCA31TXL;[PANNTCA31TXL] EXPLORE PANTS CAB (XL, Gris Oscuro -  9356);EXPLORE PANTS;CAB;XL;Gris Oscuro;-1,00;Cerro Verde ;diciembre-2025
27/12/2025;PANNTCA33TM;[PANNTCA33TM] EXPLORE PANTS CAB (M, Kaki - 80279);EXPLORE PANTS;CAB;M;Kaki;1,00;Grandplaz ;diciembre-2025
27/12/2025;PANNTCA12TM;[PANNTCA12TM] EXPLORE PANTS CAB (M, Azul Marino - 5102);EXPLORE PANTS;CAB;M;Azul Marino;1,00;Grandplaz ;diciembre-2025
27/12/2025;PANNTCA12TXL;[PANNTCA12TXL] EXPLORE PANTS CAB (XL, Azul Marino - 5102);EXPLORE PANTS;CAB;XL;Azul Marino;1,00;Grandplaz ;diciembre-2025
27/12/2025;PANNTDA33TS;[PANNTDA33TS] EXPLORE PANTS DAMA (S, Kaki - 80279);EXPLORE PANTS;DAMA;S;Kaki;1,00;Grandplaz ;diciembre-2025
27/12/2025;PANNTDA30TS;[PANNTDA30TS] EXPLORE PANTS DAMA (S, Gris Claro - 9734);EXPLORE PANTS;DAMA;S;Gris Claro;-1,00;Sambil Chacao ;diciembre-2025
27/12/2025;PANNTDA12TS;[PANNTDA12TS] EXPLORE PANTS DAMA (S, Azul Marino - 5102);EXPLORE PANTS;DAMA;S;Azul Marino;-1,00;Sambil Chacao ;diciembre-2025
27/12/2025;PANNTCA33TXL;[PANNTCA33TXL] EXPLORE PANTS CAB (XL, Kaki - 80279);EXPLORE PANTS;CAB;XL;Kaki;1,00;Sambil Chacao ;diciembre-2025
27/12/2025;PANNTDA33TL;[PANNTDA33TL] EXPLORE PANTS DAMA (L, Kaki - 80279);EXPLORE PANTS;DAMA;L;Kaki;1,00;Sambil Chacao ;diciembre-2025
27/12/2025;PANNTDA33TM;[PANNTDA33TM] EXPLORE PANTS DAMA (M, Kaki - 80279);EXPLORE PANTS;DAMA;M;Kaki;1,00;Sambil Chacao ;diciembre-2025
27/12/2025;PANNTDA12TM;[PANNTDA12TM] EXPLORE PANTS DAMA (M, Azul Marino - 5102);EXPLORE PANTS;DAMA;M;Azul Marino;1,00;Sambil Chacao ;diciembre-2025
27/12/2025;PANNTCA43TS;[PANNTCA43TS] EXPLORE PANTS CAB (S, Negro - 10);EXPLORE PANTS;CAB;S;Negro;1,00;Cerro Verde ;diciembre-2025
27/12/2025;PANNTCA43TL;[PANNTCA43TL] EXPLORE PANTS CAB (L, Negro - 10);EXPLORE PANTS;CAB;L;Negro;1,00;Cerro Verde ;diciembre-2025
27/12/2025;PANNTKI12T12;[PANNTKI12T12] EXPLORE PANTS KIDS (12, Azul Marino - 5102);EXPLORE PANTS;KIDS;12;Azul Marino;2,00;Sambil Chacao ;diciembre-2025
27/12/2025;PANNTKI66T12;[PANNTKI66T12] EXPLORE PANTS KIDS (12, Verde Militar - 60620);EXPLORE PANTS;KIDS;12;Verde Militar;1,00;Sambil Chacao ;diciembre-2025
27/12/2025;PANNTDA33TM;[PANNTDA33TM] EXPLORE PANTS DAMA (M, Kaki - 80279);EXPLORE PANTS;DAMA;M;Kaki;1,00;Grandplaz ;diciembre-2025
27/12/2025;PANNTCA12TM;[PANNTCA12TM] EXPLORE PANTS CAB (M, Azul Marino - 5102);EXPLORE PANTS;CAB;M;Azul Marino;1,00;Cerro Verde ;diciembre-2025
27/12/2025;PANNTDA31TXL;[PANNTDA31TXL] EXPLORE PANTS DAMA (XL, Gris Oscuro -  9356);EXPLORE PANTS;DAMA;XL;Gris Oscuro;1,00;La Grieta;diciembre-2025
27/12/2025;PANNTDA12TXL;[PANNTDA12TXL] EXPLORE PANTS DAMA (XL, Azul Marino - 5102);EXPLORE PANTS;DAMA;XL;Azul Marino;1,00;La Grieta;diciembre-2025
27/12/2025;PANNTDA43TS;[PANNTDA43TS] EXPLORE PANTS DAMA (S, Negro - 10);EXPLORE PANTS;DAMA;S;Negro;1,00;La Grieta;diciembre-2025
27/12/2025;PANNTDA31TL;[PANNTDA31TL] EXPLORE PANTS DAMA (L, Gris Oscuro -  9356);EXPLORE PANTS;DAMA;L;Gris Oscuro;1,00;Sambil Chacao ;diciembre-2025
27/12/2025;PANNTCA43TL;[PANNTCA43TL] EXPLORE PANTS CAB (L, Negro - 10);EXPLORE PANTS;CAB;L;Negro;1,00;Sambil Chacao ;diciembre-2025
27/12/2025;PANNTCA31TL;[PANNTCA31TL] EXPLORE PANTS CAB (L, Gris Oscuro -  9356);EXPLORE PANTS;CAB;L;Gris Oscuro;1,00;Sambil Valencia;diciembre-2025
28/12/2025;PANNTCA66TM;[PANNTCA66TM] EXPLORE PANTS CAB (M, Verde Militar - 60620);EXPLORE PANTS;CAB;M;Verde Militar;1,00;Sambil Chacao ;diciembre-2025
28/12/2025;PANNTKI12T10;[PANNTKI12T10] EXPLORE PANTS KIDS (10, Azul Marino - 5102);EXPLORE PANTS;KIDS;10;Azul Marino;1,00;La Grieta;diciembre-2025
28/12/2025;PANNTKI12T10;[PANNTKI12T10] EXPLORE PANTS KIDS (10, Azul Marino - 5102);EXPLORE PANTS;KIDS;10;Azul Marino;1,00;Cerro Verde ;diciembre-2025
28/12/2025;PANNTCA33TL;[PANNTCA33TL] EXPLORE PANTS CAB (L, Kaki - 80279);EXPLORE PANTS;CAB;L;Kaki;1,00;La Grieta;diciembre-2025
28/12/2025;PANNTKI66T8;[PANNTKI66T8] EXPLORE PANTS KIDS (8, Verde Militar - 60620);EXPLORE PANTS;KIDS;8;Verde Militar;1,00;Sambil Valencia;diciembre-2025
28/12/2025;PANNTDA30TXS;[PANNTDA30TXS] EXPLORE PANTS DAMA (XS, Gris Claro - 9734);EXPLORE PANTS;DAMA;XS;Gris Claro;-1,00;Grandplaz ;diciembre-2025
28/12/2025;PANNTDA30TS;[PANNTDA30TS] EXPLORE PANTS DAMA (S, Gris Claro - 9734);EXPLORE PANTS;DAMA;S;Gris Claro;1,00;Grandplaz ;diciembre-2025
28/12/2025;PANNTDA33TXS;[PANNTDA33TXS] EXPLORE PANTS DAMA (XS, Kaki - 80279);EXPLORE PANTS;DAMA;XS;Kaki;1,00;Cerro Verde ;diciembre-2025
28/12/2025;PANNTCA43TM;[PANNTCA43TM] EXPLORE PANTS CAB (M, Negro - 10);EXPLORE PANTS;CAB;M;Negro;1,00;La Grieta;diciembre-2025
28/12/2025;PANNTCA30TM;[PANNTCA30TM] EXPLORE PANTS CAB (M, Gris Claro - 9734);EXPLORE PANTS;CAB;M;Gris Claro;1,00;La Grieta;diciembre-2025
28/12/2025;PANNTCA33TM;[PANNTCA33TM] EXPLORE PANTS CAB (M, Kaki - 80279);EXPLORE PANTS;CAB;M;Kaki;1,00;La Grieta;diciembre-2025
28/12/2025;PANNTDA31TL;[PANNTDA31TL] EXPLORE PANTS DAMA (L, Gris Oscuro -  9356);EXPLORE PANTS;DAMA;L;Gris Oscuro;-1,00;Sambil Valencia;diciembre-2025
28/12/2025;PANNTCA43TL;[PANNTCA43TL] EXPLORE PANTS CAB (L, Negro - 10);EXPLORE PANTS;CAB;L;Negro;1,00;Sambil Valencia;diciembre-2025
28/12/2025;PANNTDA43TXL;[PANNTDA43TXL] EXPLORE PANTS DAMA (XL, Negro - 10);EXPLORE PANTS;DAMA;XL;Negro;1,00;La Grieta;diciembre-2025
28/12/2025;PANNTCA43TM;[PANNTCA43TM] EXPLORE PANTS CAB (M, Negro - 10);EXPLORE PANTS;CAB;M;Negro;1,00;Sambil Chacao ;diciembre-2025
28/12/2025;PANNTCA31TM;[PANNTCA31TM] EXPLORE PANTS CAB (M, Gris Oscuro -  9356);EXPLORE PANTS;CAB;M;Gris Oscuro;1,00;Sambil Chacao ;diciembre-2025
28/12/2025;PANNTCA43TXL;[PANNTCA43TXL] EXPLORE PANTS CAB (XL, Negro - 10);EXPLORE PANTS;CAB;XL;Negro;2,00;Cerro Verde ;diciembre-2025
28/12/2025;PANNTDA30TXL;[PANNTDA30TXL] EXPLORE PANTS DAMA (XL, Gris Claro - 9734);EXPLORE PANTS;DAMA;XL;Gris Claro;1,00;La Grieta;diciembre-2025
28/12/2025;PANNTDA30TXS;[PANNTDA30TXS] EXPLORE PANTS DAMA (XS, Gris Claro - 9734);EXPLORE PANTS;DAMA;XS;Gris Claro;1,00;Grandplaz ;diciembre-2025
28/12/2025;PANNTDA33TXS;[PANNTDA33TXS] EXPLORE PANTS DAMA (XS, Kaki - 80279);EXPLORE PANTS;DAMA;XS;Kaki;1,00;Grandplaz ;diciembre-2025
28/12/2025;PANNTCA33TL;[PANNTCA33TL] EXPLORE PANTS CAB (L, Kaki - 80279);EXPLORE PANTS;CAB;L;Kaki;1,00;Sambil Valencia;diciembre-2025
28/12/2025;PANNTCA31TL;[PANNTCA31TL] EXPLORE PANTS CAB (L, Gris Oscuro -  9356);EXPLORE PANTS;CAB;L;Gris Oscuro;1,00;Sambil Valencia;diciembre-2025
28/12/2025;PANNTDA33TS;[PANNTDA33TS] EXPLORE PANTS DAMA (S, Kaki - 80279);EXPLORE PANTS;DAMA;S;Kaki;1,00;Sambil Chacao ;diciembre-2025
28/12/2025;PANNTCA30TL;[PANNTCA30TL] EXPLORE PANTS CAB (L, Gris Claro - 9734);EXPLORE PANTS;CAB;L;Gris Claro;1,00;Sambil Chacao ;diciembre-2025
28/12/2025;PANNTCA43TL;[PANNTCA43TL] EXPLORE PANTS CAB (L, Negro - 10);EXPLORE PANTS;CAB;L;Negro;1,00;Sambil Chacao ;diciembre-2025
28/12/2025;PANNTCA66TM;[PANNTCA66TM] EXPLORE PANTS CAB (M, Verde Militar - 60620);EXPLORE PANTS;CAB;M;Verde Militar;1,00;Sambil Valencia;diciembre-2025
28/12/2025;PANNTCA30TM;[PANNTCA30TM] EXPLORE PANTS CAB (M, Gris Claro - 9734);EXPLORE PANTS;CAB;M;Gris Claro;1,00;Cerro Verde ;diciembre-2025
28/12/2025;PANNTCA33TXL;[PANNTCA33TXL] EXPLORE PANTS CAB (XL, Kaki - 80279);EXPLORE PANTS;CAB;XL;Kaki;1,00;Sambil Chacao ;diciembre-2025
28/12/2025;PANNTDA43TM;[PANNTDA43TM] EXPLORE PANTS DAMA (M, Negro - 10);EXPLORE PANTS;DAMA;M;Negro;1,00;Sambil Chacao ;diciembre-2025
28/12/2025;PANNTCA12TM;[PANNTCA12TM] EXPLORE PANTS CAB (M, Azul Marino - 5102);EXPLORE PANTS;CAB;M;Azul Marino;-1,00;Sambil Chacao ;diciembre-2025
28/12/2025;PANNTCA30TXL;[PANNTCA30TXL] EXPLORE PANTS CAB (XL, Gris Claro - 9734);EXPLORE PANTS;CAB;XL;Gris Claro;1,00;Sambil Chacao ;diciembre-2025
28/12/2025;PANNTDA33TXL;[PANNTDA33TXL] EXPLORE PANTS DAMA (XL, Kaki - 80279);EXPLORE PANTS;DAMA;XL;Kaki;1,00;Sambil Valencia;diciembre-2025
28/12/2025;PANNTDA33TS;[PANNTDA33TS] EXPLORE PANTS DAMA (S, Kaki - 80279);EXPLORE PANTS;DAMA;S;Kaki;1,00;Sambil Chacao ;diciembre-2025
28/12/2025;PANNTDA43TS;[PANNTDA43TS] EXPLORE PANTS DAMA (S, Negro - 10);EXPLORE PANTS;DAMA;S;Negro;1,00;Sambil Chacao ;diciembre-2025
28/12/2025;PANNTDA33TS;[PANNTDA33TS] EXPLORE PANTS DAMA (S, Kaki - 80279);EXPLORE PANTS;DAMA;S;Kaki;1,00;WEB;diciembre-2025
29/12/2025;PANNTCA66TXL;[PANNTCA66TXL] EXPLORE PANTS CAB (XL, Verde Militar - 60620);EXPLORE PANTS;CAB;XL;Verde Militar;1,00;La Grieta;diciembre-2025
29/12/2025;PANNTDA33TM;[PANNTDA33TM] EXPLORE PANTS DAMA (M, Kaki - 80279);EXPLORE PANTS;DAMA;M;Kaki;1,00;La Grieta;diciembre-2025
29/12/2025;PANNTDA31TL;[PANNTDA31TL] EXPLORE PANTS DAMA (L, Gris Oscuro -  9356);EXPLORE PANTS;DAMA;L;Gris Oscuro;1,00;La Grieta;diciembre-2025
29/12/2025;PANNTKI12T2;[PANNTKI12T2] EXPLORE PANTS KIDS (2, Azul Marino - 5102);EXPLORE PANTS;KIDS;2;Azul Marino;1,00;Cerro Verde ;diciembre-2025
29/12/2025;PANNTKI30T2;[PANNTKI30T2] EXPLORE PANTS KIDS (2, Gris Claro - 9734);EXPLORE PANTS;KIDS;2;Gris Claro;1,00;Cerro Verde ;diciembre-2025
29/12/2025;PANNTCA31TM;[PANNTCA31TM] EXPLORE PANTS CAB (M, Gris Oscuro -  9356);EXPLORE PANTS;CAB;M;Gris Oscuro;1,00;Cerro Verde ;diciembre-2025
29/12/2025;PANNTCA33TL;[PANNTCA33TL] EXPLORE PANTS CAB (L, Kaki - 80279);EXPLORE PANTS;CAB;L;Kaki;1,00;La Grieta;diciembre-2025
29/12/2025;PANNTCA31TL;[PANNTCA31TL] EXPLORE PANTS CAB (L, Gris Oscuro -  9356);EXPLORE PANTS;CAB;L;Gris Oscuro;1,00;La Grieta;diciembre-2025
29/12/2025;PANNTCA31TL;[PANNTCA31TL] EXPLORE PANTS CAB (L, Gris Oscuro -  9356);EXPLORE PANTS;CAB;L;Gris Oscuro;1,00;La Grieta;diciembre-2025
29/12/2025;PANNTDA43TXL;[PANNTDA43TXL] EXPLORE PANTS DAMA (XL, Negro - 10);EXPLORE PANTS;DAMA;XL;Negro;1,00;Sambil Valencia;diciembre-2025
29/12/2025;PANNTDA33TM;[PANNTDA33TM] EXPLORE PANTS DAMA (M, Kaki - 80279);EXPLORE PANTS;DAMA;M;Kaki;1,00;La Grieta;diciembre-2025
29/12/2025;PANNTCA33TL;[PANNTCA33TL] EXPLORE PANTS CAB (L, Kaki - 80279);EXPLORE PANTS;CAB;L;Kaki;1,00;La Grieta;diciembre-2025
29/12/2025;PANNTCA31TM;[PANNTCA31TM] EXPLORE PANTS CAB (M, Gris Oscuro -  9356);EXPLORE PANTS;CAB;M;Gris Oscuro;1,00;Sambil Valencia;diciembre-2025
29/12/2025;PANNTCA12TM;[PANNTCA12TM] EXPLORE PANTS CAB (M, Azul Marino - 5102);EXPLORE PANTS;CAB;M;Azul Marino;1,00;Cerro Verde ;diciembre-2025
29/12/2025;PANNTDA66TM;[PANNTDA66TM] EXPLORE PANTS DAMA (M, Verde Militar - 60620);EXPLORE PANTS;DAMA;M;Verde Militar;1,00;Sambil Chacao ;diciembre-2025
29/12/2025;PANNTCA66TS;[PANNTCA66TS] EXPLORE PANTS CAB (S, Verde Militar - 60620);EXPLORE PANTS;CAB;S;Verde Militar;1,00;Cerro Verde ;diciembre-2025
29/12/2025;PANNTDA43TS;[PANNTDA43TS] EXPLORE PANTS DAMA (S, Negro - 10);EXPLORE PANTS;DAMA;S;Negro;1,00;La Grieta;diciembre-2025
29/12/2025;PANNTDA43TXL;[PANNTDA43TXL] EXPLORE PANTS DAMA (XL, Negro - 10);EXPLORE PANTS;DAMA;XL;Negro;1,00;Sambil Valencia;diciembre-2025
29/12/2025;PANNTDA43TXL;[PANNTDA43TXL] EXPLORE PANTS DAMA (XL, Negro - 10);EXPLORE PANTS;DAMA;XL;Negro;1,00;Sambil Valencia;diciembre-2025
29/12/2025;PANNTCA43TL;[PANNTCA43TL] EXPLORE PANTS CAB (L, Negro - 10);EXPLORE PANTS;CAB;L;Negro;1,00;Sambil Valencia;diciembre-2025
29/12/2025;PANNTKI43T8;[PANNTKI43T8] EXPLORE PANTS KIDS (8, Negro - 10);EXPLORE PANTS;KIDS;8;Negro;1,00;Sambil Chacao ;diciembre-2025
30/12/2025;PANNTCA33TXL;[PANNTCA33TXL] EXPLORE PANTS CAB (XL, Kaki - 80279);EXPLORE PANTS;CAB;XL;Kaki;1,00;La Grieta;diciembre-2025
30/12/2025;PANNTKI12T10;[PANNTKI12T10] EXPLORE PANTS KIDS (10, Azul Marino - 5102);EXPLORE PANTS;KIDS;10;Azul Marino;1,00;Sambil Chacao ;diciembre-2025
30/12/2025;PANNTKI66T10;[PANNTKI66T10] EXPLORE PANTS KIDS (10, Verde Militar - 60620);EXPLORE PANTS;KIDS;10;Verde Militar;1,00;Sambil Chacao ;diciembre-2025
30/12/2025;PANNTCA43TXL;[PANNTCA43TXL] EXPLORE PANTS CAB (XL, Negro - 10);EXPLORE PANTS;CAB;XL;Negro;2,00;La Grieta;diciembre-2025
30/12/2025;PANNTCA31TXL;[PANNTCA31TXL] EXPLORE PANTS CAB (XL, Gris Oscuro -  9356);EXPLORE PANTS;CAB;XL;Gris Oscuro;1,00;La Grieta;diciembre-2025
30/12/2025;PANNTCA33TXL;[PANNTCA33TXL] EXPLORE PANTS CAB (XL, Kaki - 80279);EXPLORE PANTS;CAB;XL;Kaki;1,00;La Grieta;diciembre-2025
30/12/2025;PANNTDA33TM;[PANNTDA33TM] EXPLORE PANTS DAMA (M, Kaki - 80279);EXPLORE PANTS;DAMA;M;Kaki;1,00;Sambil Chacao ;diciembre-2025
30/12/2025;PANNTDA43TL;[PANNTDA43TL] EXPLORE PANTS DAMA (L, Negro - 10);EXPLORE PANTS;DAMA;L;Negro;1,00;La Grieta;diciembre-2025
30/12/2025;PANNTDA31TXL;[PANNTDA31TXL] EXPLORE PANTS DAMA (XL, Gris Oscuro -  9356);EXPLORE PANTS;DAMA;XL;Gris Oscuro;1,00;La Grieta;diciembre-2025
30/12/2025;PANNTCA43TXL;[PANNTCA43TXL] EXPLORE PANTS CAB (XL, Negro - 10);EXPLORE PANTS;CAB;XL;Negro;1,00;La Grieta;diciembre-2025
30/12/2025;PANNTCA31TXL;[PANNTCA31TXL] EXPLORE PANTS CAB (XL, Gris Oscuro -  9356);EXPLORE PANTS;CAB;XL;Gris Oscuro;1,00;Sambil Valencia;diciembre-2025
30/12/2025;PANNTDA12TS;[PANNTDA12TS] EXPLORE PANTS DAMA (S, Azul Marino - 5102);EXPLORE PANTS;DAMA;S;Azul Marino;1,00;Cerro Verde ;diciembre-2025
30/12/2025;PANNTDA33TS;[PANNTDA33TS] EXPLORE PANTS DAMA (S, Kaki - 80279);EXPLORE PANTS;DAMA;S;Kaki;1,00;Cerro Verde ;diciembre-2025
30/12/2025;PANNTCA33TM;[PANNTCA33TM] EXPLORE PANTS CAB (M, Kaki - 80279);EXPLORE PANTS;CAB;M;Kaki;1,00;Sambil Chacao ;diciembre-2025
30/12/2025;PANNTCA43TL;[PANNTCA43TL] EXPLORE PANTS CAB (L, Negro - 10);EXPLORE PANTS;CAB;L;Negro;1,00;Cerro Verde ;diciembre-2025
30/12/2025;PANNTCA43TM;[PANNTCA43TM] EXPLORE PANTS CAB (M, Negro - 10);EXPLORE PANTS;CAB;M;Negro;1,00;Sambil Chacao ;diciembre-2025
30/12/2025;PANNTCA66TM;[PANNTCA66TM] EXPLORE PANTS CAB (M, Verde Militar - 60620);EXPLORE PANTS;CAB;M;Verde Militar;1,00;Sambil Valencia;diciembre-2025
30/12/2025;PANNTDA33TM;[PANNTDA33TM] EXPLORE PANTS DAMA (M, Kaki - 80279);EXPLORE PANTS;DAMA;M;Kaki;1,00;Cerro Verde ;diciembre-2025
30/12/2025;PANNTDA66TM;[PANNTDA66TM] EXPLORE PANTS DAMA (M, Verde Militar - 60620);EXPLORE PANTS;DAMA;M;Verde Militar;1,00;Cerro Verde ;diciembre-2025
30/12/2025;PANNTCA30TM;[PANNTCA30TM] EXPLORE PANTS CAB (M, Gris Claro - 9734);EXPLORE PANTS;CAB;M;Gris Claro;1,00;Sambil Valencia;diciembre-2025
30/12/2025;PANNTCA66TL;[PANNTCA66TL] EXPLORE PANTS CAB (L, Verde Militar - 60620);EXPLORE PANTS;CAB;L;Verde Militar;-1,00;Cerro Verde ;diciembre-2025
30/12/2025;PANNTCA30TL;[PANNTCA30TL] EXPLORE PANTS CAB (L, Gris Claro - 9734);EXPLORE PANTS;CAB;L;Gris Claro;1,00;Cerro Verde ;diciembre-2025
30/12/2025;PANNTKI12T10;[PANNTKI12T10] EXPLORE PANTS KIDS (10, Azul Marino - 5102);EXPLORE PANTS;KIDS;10;Azul Marino;1,00;La Grieta;diciembre-2025
30/12/2025;PANNTDA43TM;[PANNTDA43TM] EXPLORE PANTS DAMA (M, Negro - 10);EXPLORE PANTS;DAMA;M;Negro;1,00;Cerro Verde ;diciembre-2025
30/12/2025;PANNTCA43TL;[PANNTCA43TL] EXPLORE PANTS CAB (L, Negro - 10);EXPLORE PANTS;CAB;L;Negro;1,00;Sambil Chacao ;diciembre-2025
30/12/2025;PANNTDA30TS;[PANNTDA30TS] EXPLORE PANTS DAMA (S, Gris Claro - 9734);EXPLORE PANTS;DAMA;S;Gris Claro;1,00;Cerro Verde ;diciembre-2025
30/12/2025;PANNTCA31TL;[PANNTCA31TL] EXPLORE PANTS CAB (L, Gris Oscuro -  9356);EXPLORE PANTS;CAB;L;Gris Oscuro;1,00;Sambil Valencia;diciembre-2025
30/12/2025;PANNTCA43TXL;[PANNTCA43TXL] EXPLORE PANTS CAB (XL, Negro - 10);EXPLORE PANTS;CAB;XL;Negro;1,00;Sambil Valencia;diciembre-2025
30/12/2025;PANNTDA12TXL;[PANNTDA12TXL] EXPLORE PANTS DAMA (XL, Azul Marino - 5102);EXPLORE PANTS;DAMA;XL;Azul Marino;1,00;Sambil Valencia;diciembre-2025
31/12/2025;PANNTCA66TL;[PANNTCA66TL] EXPLORE PANTS CAB (L, Verde Militar - 60620);EXPLORE PANTS;CAB;L;Verde Militar;1,00;Sambil Chacao ;diciembre-2025
31/12/2025;PANNTCA30TL;[PANNTCA30TL] EXPLORE PANTS CAB (L, Gris Claro - 9734);EXPLORE PANTS;CAB;L;Gris Claro;1,00;Sambil Chacao ;diciembre-2025
31/12/2025;PANNTDA33TXS;[PANNTDA33TXS] EXPLORE PANTS DAMA (XS, Kaki - 80279);EXPLORE PANTS;DAMA;XS;Kaki;1,00;La Grieta;diciembre-2025
31/12/2025;PANNTDA31TXS;[PANNTDA31TXS] EXPLORE PANTS DAMA (XS, Gris Oscuro -  9356);EXPLORE PANTS;DAMA;XS;Gris Oscuro;1,00;La Grieta;diciembre-2025
31/12/2025;PANNTCA31TM;[PANNTCA31TM] EXPLORE PANTS CAB (M, Gris Oscuro -  9356);EXPLORE PANTS;CAB;M;Gris Oscuro;1,00;La Grieta;diciembre-2025
31/12/2025;PANNTCA12TM;[PANNTCA12TM] EXPLORE PANTS CAB (M, Azul Marino - 5102);EXPLORE PANTS;CAB;M;Azul Marino;1,00;Sambil Chacao ;diciembre-2025
31/12/2025;PANNTCA43TM;[PANNTCA43TM] EXPLORE PANTS CAB (M, Negro - 10);EXPLORE PANTS;CAB;M;Negro;2,00;Sambil Chacao ;diciembre-2025
31/12/2025;PANNTCA30TL;[PANNTCA30TL] EXPLORE PANTS CAB (L, Gris Claro - 9734);EXPLORE PANTS;CAB;L;Gris Claro;1,00;Sambil Valencia;diciembre-2025
31/12/2025;PANNTCA33TM;[PANNTCA33TM] EXPLORE PANTS CAB (M, Kaki - 80279);EXPLORE PANTS;CAB;M;Kaki;1,00;La Grieta;diciembre-2025
31/12/2025;PANNTCA30TS;[PANNTCA30TS] EXPLORE PANTS CAB (S, Gris Claro - 9734);EXPLORE PANTS;CAB;S;Gris Claro;1,00;La Grieta;diciembre-2025
31/12/2025;PANNTCA12TS;[PANNTCA12TS] EXPLORE PANTS CAB (S, Azul Marino - 5102);EXPLORE PANTS;CAB;S;Azul Marino;1,00;Grandplaz ;diciembre-2025
31/12/2025;PANNTCA31TS;[PANNTCA31TS] EXPLORE PANTS CAB (S, Gris Oscuro -  9356);EXPLORE PANTS;CAB;S;Gris Oscuro;1,00;Grandplaz ;diciembre-2025
31/12/2025;PANNTCA43TM;[PANNTCA43TM] EXPLORE PANTS CAB (M, Negro - 10);EXPLORE PANTS;CAB;M;Negro;1,00;Grandplaz ;diciembre-2025
31/12/2025;PANNTCA43TS;[PANNTCA43TS] EXPLORE PANTS CAB (S, Negro - 10);EXPLORE PANTS;CAB;S;Negro;1,00;Grandplaz ;diciembre-2025
31/12/2025;PANNTCA66TL;[PANNTCA66TL] EXPLORE PANTS CAB (L, Verde Militar - 60620);EXPLORE PANTS;CAB;L;Verde Militar;1,00;Sambil Chacao ;diciembre-2025
31/12/2025;PANNTCA43TXL;[PANNTCA43TXL] EXPLORE PANTS CAB (XL, Negro - 10);EXPLORE PANTS;CAB;XL;Negro;1,00;La Grieta;diciembre-2025
31/12/2025;PANNTDA12TL;[PANNTDA12TL] EXPLORE PANTS DAMA (L, Azul Marino - 5102);EXPLORE PANTS;DAMA;L;Azul Marino;1,00;Sambil Chacao ;diciembre-2025
31/12/2025;PANNTDA31TXL;[PANNTDA31TXL] EXPLORE PANTS DAMA (XL, Gris Oscuro -  9356);EXPLORE PANTS;DAMA;XL;Gris Oscuro;1,00;La Grieta;diciembre-2025
31/12/2025;PANNTCA43TXL;[PANNTCA43TXL] EXPLORE PANTS CAB (XL, Negro - 10);EXPLORE PANTS;CAB;XL;Negro;1,00;Sambil Valencia;diciembre-2025
31/12/2025;PANNTDA43TM;[PANNTDA43TM] EXPLORE PANTS DAMA (M, Negro - 10);EXPLORE PANTS;DAMA;M;Negro;1,00;Cerro Verde ;diciembre-2025
31/12/2025;PANNTCA66TL;[PANNTCA66TL] EXPLORE PANTS CAB (L, Verde Militar - 60620);EXPLORE PANTS;CAB;L;Verde Militar;1,00;Cerro Verde ;diciembre-2025
31/12/2025;PANNTCA12TL;[PANNTCA12TL] EXPLORE PANTS CAB (L, Azul Marino - 5102);EXPLORE PANTS;CAB;L;Azul Marino;1,00;La Grieta;diciembre-2025
02/01/2026;PANNTDA31TL;[PANNTDA31TL] EXPLORE PANTS DAMA (L, Gris Oscuro -  9356);EXPLORE PANTS;DAMA;L;Gris Oscuro;1,00;La Grieta;enero-2026
02/01/2026;PANNTDA33TL;[PANNTDA33TL] EXPLORE PANTS DAMA (L, Kaki - 80279);EXPLORE PANTS;DAMA;L;Kaki;1,00;La Grieta;enero-2026
02/01/2026;PANNTDA43TL;[PANNTDA43TL] EXPLORE PANTS DAMA (L, Negro - 10);EXPLORE PANTS;DAMA;L;Negro;1,00;La Grieta;enero-2026
02/01/2026;PANNTCA43TM;[PANNTCA43TM] EXPLORE PANTS CAB (M, Negro - 10);EXPLORE PANTS;CAB;M;Negro;-1,00;La Grieta;enero-2026
02/01/2026;PANNTDA43TL;[PANNTDA43TL] EXPLORE PANTS DAMA (L, Negro - 10);EXPLORE PANTS;DAMA;L;Negro;1,00;La Grieta;enero-2026
02/01/2026;PANNTCA66TM;[PANNTCA66TM] EXPLORE PANTS CAB (M, Verde Militar - 60620);EXPLORE PANTS;CAB;M;Verde Militar;1,00;La Grieta;enero-2026
02/01/2026;PANNTDA12TL;[PANNTDA12TL] EXPLORE PANTS DAMA (L, Azul Marino - 5102);EXPLORE PANTS;DAMA;L;Azul Marino;1,00;Sambil Chacao ;enero-2026
02/01/2026;PANNTDA31TL;[PANNTDA31TL] EXPLORE PANTS DAMA (L, Gris Oscuro -  9356);EXPLORE PANTS;DAMA;L;Gris Oscuro;1,00;Cerro Verde ;enero-2026
02/01/2026;PANNTCA33TL;[PANNTCA33TL] EXPLORE PANTS CAB (L, Kaki - 80279);EXPLORE PANTS;CAB;L;Kaki;1,00;Sambil Valencia;enero-2026
02/01/2026;PANNTKI66T2;[PANNTKI66T2] EXPLORE PANTS KIDS (2, Verde Militar - 60620);EXPLORE PANTS;KIDS;2;Verde Militar;1,00;Sambil Chacao ;enero-2026
02/01/2026;PANNTKI43T2;[PANNTKI43T2] EXPLORE PANTS KIDS (2, Negro - 10);EXPLORE PANTS;KIDS;2;Negro;1,00;Sambil Chacao ;enero-2026
02/01/2026;PANNTDA43TS;[PANNTDA43TS] EXPLORE PANTS DAMA (S, Negro - 10);EXPLORE PANTS;DAMA;S;Negro;1,00;Sambil Chacao ;enero-2026
02/01/2026;PANNTDA30TS;[PANNTDA30TS] EXPLORE PANTS DAMA (S, Gris Claro - 9734);EXPLORE PANTS;DAMA;S;Gris Claro;1,00;Sambil Chacao ;enero-2026
02/01/2026;PANNTCA43TL;[PANNTCA43TL] EXPLORE PANTS CAB (L, Negro - 10);EXPLORE PANTS;CAB;L;Negro;1,00;Sambil Chacao ;enero-2026
02/01/2026;PANNTCA12TXL;[PANNTCA12TXL] EXPLORE PANTS CAB (XL, Azul Marino - 5102);EXPLORE PANTS;CAB;XL;Azul Marino;1,00;Sambil Valencia;enero-2026
02/01/2026;PANNTCA43TXL;[PANNTCA43TXL] EXPLORE PANTS CAB (XL, Negro - 10);EXPLORE PANTS;CAB;XL;Negro;1,00;Sambil Valencia;enero-2026
02/01/2026;PANNTCA33TM;[PANNTCA33TM] EXPLORE PANTS CAB (M, Kaki - 80279);EXPLORE PANTS;CAB;M;Kaki;1,00;La Grieta;enero-2026
02/01/2026;PANNTCA33TM;[PANNTCA33TM] EXPLORE PANTS CAB (M, Kaki - 80279);EXPLORE PANTS;CAB;M;Kaki;1,00;La Grieta;enero-2026
02/01/2026;PANNTCA30TM;[PANNTCA30TM] EXPLORE PANTS CAB (M, Gris Claro - 9734);EXPLORE PANTS;CAB;M;Gris Claro;1,00;La Grieta;enero-2026
02/01/2026;PANNTCA66TXL;[PANNTCA66TXL] EXPLORE PANTS CAB (XL, Verde Militar - 60620);EXPLORE PANTS;CAB;XL;Verde Militar;1,00;Cerro Verde ;enero-2026
02/01/2026;PANNTCA31TL;[PANNTCA31TL] EXPLORE PANTS CAB (L, Gris Oscuro -  9356);EXPLORE PANTS;CAB;L;Gris Oscuro;1,00;Sambil Valencia;enero-2026
02/01/2026;PANNTDA31TL;[PANNTDA31TL] EXPLORE PANTS DAMA (L, Gris Oscuro -  9356);EXPLORE PANTS;DAMA;L;Gris Oscuro;1,00;Sambil Valencia;enero-2026
02/01/2026;PANNTCA33TM;[PANNTCA33TM] EXPLORE PANTS CAB (M, Kaki - 80279);EXPLORE PANTS;CAB;M;Kaki;1,00;Cerro Verde ;enero-2026
02/01/2026;PANNTCA33TXL;[PANNTCA33TXL] EXPLORE PANTS CAB (XL, Kaki - 80279);EXPLORE PANTS;CAB;XL;Kaki;1,00;Sambil Chacao ;enero-2026
02/01/2026;PANNTCA30TL;[PANNTCA30TL] EXPLORE PANTS CAB (L, Gris Claro - 9734);EXPLORE PANTS;CAB;L;Gris Claro;1,00;Sambil Chacao ;enero-2026
02/01/2026;PANNTCA33TXL;[PANNTCA33TXL] EXPLORE PANTS CAB (XL, Kaki - 80279);EXPLORE PANTS;CAB;XL;Kaki;1,00;Sambil Valencia;enero-2026
02/01/2026;PANNTCA43TM;[PANNTCA43TM] EXPLORE PANTS CAB (M, Negro - 10);EXPLORE PANTS;CAB;M;Negro;1,00;Cerro Verde ;enero-2026
05/01/2026;PANNTCA12TM;[PANNTCA12TM] EXPLORE PANTS CAB (M, Azul Marino - 5102);EXPLORE PANTS;CAB;M;Azul Marino;1,00;Sambil Valencia;enero-2026
05/01/2026;PANNTCA43TL;[PANNTCA43TL] EXPLORE PANTS CAB (L, Negro - 10);EXPLORE PANTS;CAB;L;Negro;1,00;Sambil Valencia;enero-2026
06/01/2026;PANNTCA33TL;[PANNTCA33TL] EXPLORE PANTS CAB (L, Kaki - 80279);EXPLORE PANTS;CAB;L;Kaki;1,00;La Grieta;enero-2026
06/01/2026;PANNTCA33TL;[PANNTCA33TL] EXPLORE PANTS CAB (L, Kaki - 80279);EXPLORE PANTS;CAB;L;Kaki;1,00;Sambil Valencia;enero-2026
06/01/2026;PANNTDA43TXS;[PANNTDA43TXS] EXPLORE PANTS DAMA (XS, Negro - 10);EXPLORE PANTS;DAMA;XS;Negro;1,00;Cerro Verde ;enero-2026
06/01/2026;PANNTCA66TM;[PANNTCA66TM] EXPLORE PANTS CAB (M, Verde Militar - 60620);EXPLORE PANTS;CAB;M;Verde Militar;1,00;La Grieta;enero-2026
06/01/2026;PANNTDA30TS;[PANNTDA30TS] EXPLORE PANTS DAMA (S, Gris Claro - 9734);EXPLORE PANTS;DAMA;S;Gris Claro;1,00;La Grieta;enero-2026
06/01/2026;PANNTCA43TXL;[PANNTCA43TXL] EXPLORE PANTS CAB (XL, Negro - 10);EXPLORE PANTS;CAB;XL;Negro;1,00;Sambil Valencia;enero-2026
06/01/2026;PANNTCA43TM;[PANNTCA43TM] EXPLORE PANTS CAB (M, Negro - 10);EXPLORE PANTS;CAB;M;Negro;1,00;Sambil Valencia;enero-2026
07/01/2026;PANNTDA43TL;[PANNTDA43TL] EXPLORE PANTS DAMA (L, Negro - 10);EXPLORE PANTS;DAMA;L;Negro;1,00;Cerro Verde ;enero-2026
07/01/2026;PANNTCA33TL;[PANNTCA33TL] EXPLORE PANTS CAB (L, Kaki - 80279);EXPLORE PANTS;CAB;L;Kaki;1,00;Cerro Verde ;enero-2026
07/01/2026;PANNTCA43TL;[PANNTCA43TL] EXPLORE PANTS CAB (L, Negro - 10);EXPLORE PANTS;CAB;L;Negro;1,00;Cerro Verde ;enero-2026
07/01/2026;PANNTCA43TL;[PANNTCA43TL] EXPLORE PANTS CAB (L, Negro - 10);EXPLORE PANTS;CAB;L;Negro;1,00;Sambil Valencia;enero-2026
07/01/2026;PANNTCA43TM;[PANNTCA43TM] EXPLORE PANTS CAB (M, Negro - 10);EXPLORE PANTS;CAB;M;Negro;1,00;Cerro Verde ;enero-2026
07/01/2026;PANNTDA33TXS;[PANNTDA33TXS] EXPLORE PANTS DAMA (XS, Kaki - 80279);EXPLORE PANTS;DAMA;XS;Kaki;1,00;Sambil Valencia;enero-2026
07/01/2026;PANNTCA31TL;[PANNTCA31TL] EXPLORE PANTS CAB (L, Gris Oscuro -  9356);EXPLORE PANTS;CAB;L;Gris Oscuro;1,00;La Grieta;enero-2026
07/01/2026;PANNTCA33TL;[PANNTCA33TL] EXPLORE PANTS CAB (L, Kaki - 80279);EXPLORE PANTS;CAB;L;Kaki;1,00;Cerro Verde ;enero-2026
07/01/2026;PANNTCA12TL;[PANNTCA12TL] EXPLORE PANTS CAB (L, Azul Marino - 5102);EXPLORE PANTS;CAB;L;Azul Marino;1,00;Cerro Verde ;enero-2026
07/01/2026;PANNTCA43TL;[PANNTCA43TL] EXPLORE PANTS CAB (L, Negro - 10);EXPLORE PANTS;CAB;L;Negro;1,00;Cerro Verde ;enero-2026
07/01/2026;PANNTCA43TM;[PANNTCA43TM] EXPLORE PANTS CAB (M, Negro - 10);EXPLORE PANTS;CAB;M;Negro;1,00;Sambil Valencia;enero-2026
08/01/2026;PANNTCA33TL;[PANNTCA33TL] EXPLORE PANTS CAB (L, Kaki - 80279);EXPLORE PANTS;CAB;L;Kaki;1,00;Sambil Valencia;enero-2026
08/01/2026;PANNTCA12TL;[PANNTCA12TL] EXPLORE PANTS CAB (L, Azul Marino - 5102);EXPLORE PANTS;CAB;L;Azul Marino;1,00;Sambil Valencia;enero-2026
08/01/2026;PANNTCA33TM;[PANNTCA33TM] EXPLORE PANTS CAB (M, Kaki - 80279);EXPLORE PANTS;CAB;M;Kaki;1,00;Sambil Chacao ;enero-2026
08/01/2026;PANNTCA30TM;[PANNTCA30TM] EXPLORE PANTS CAB (M, Gris Claro - 9734);EXPLORE PANTS;CAB;M;Gris Claro;1,00;Sambil Chacao ;enero-2026
08/01/2026;PANNTCA43TM;[PANNTCA43TM] EXPLORE PANTS CAB (M, Negro - 10);EXPLORE PANTS;CAB;M;Negro;1,00;Sambil Chacao ;enero-2026
08/01/2026;PANNTCA33TM;[PANNTCA33TM] EXPLORE PANTS CAB (M, Kaki - 80279);EXPLORE PANTS;CAB;M;Kaki;1,00;Sambil Chacao ;enero-2026
09/01/2026;PANNTCA31TM;[PANNTCA31TM] EXPLORE PANTS CAB (M, Gris Oscuro -  9356);EXPLORE PANTS;CAB;M;Gris Oscuro;1,00;Grandplaz ;enero-2026
10/01/2026;PANNTDA31TL;[PANNTDA31TL] EXPLORE PANTS DAMA (L, Gris Oscuro -  9356);EXPLORE PANTS;DAMA;L;Gris Oscuro;1,00;Cerro Verde ;enero-2026
10/01/2026;PANNTCA33TM;[PANNTCA33TM] EXPLORE PANTS CAB (M, Kaki - 80279);EXPLORE PANTS;CAB;M;Kaki;1,00;La Grieta;enero-2026
10/01/2026;PANNTDA33TL;[PANNTDA33TL] EXPLORE PANTS DAMA (L, Kaki - 80279);EXPLORE PANTS;DAMA;L;Kaki;1,00;Sambil Chacao ;enero-2026
10/01/2026;PANNTDA43TM;[PANNTDA43TM] EXPLORE PANTS DAMA (M, Negro - 10);EXPLORE PANTS;DAMA;M;Negro;1,00;Sambil Chacao ;enero-2026
10/01/2026;PANNTCA43TM;[PANNTCA43TM] EXPLORE PANTS CAB (M, Negro - 10);EXPLORE PANTS;CAB;M;Negro;1,00;Sambil Valencia;enero-2026
11/01/2026;PANNTDA12TXL;[PANNTDA12TXL] EXPLORE PANTS DAMA (XL, Azul Marino - 5102);EXPLORE PANTS;DAMA;XL;Azul Marino;-1,00;Cerro Verde ;enero-2026
12/01/2026;PANNTCA43TM;[PANNTCA43TM] EXPLORE PANTS CAB (M, Negro - 10);EXPLORE PANTS;CAB;M;Negro;1,00;Sambil Chacao ;enero-2026
12/01/2026;PANNTDA12TL;[PANNTDA12TL] EXPLORE PANTS DAMA (L, Azul Marino - 5102);EXPLORE PANTS;DAMA;L;Azul Marino;1,00;La Grieta;enero-2026
12/01/2026;PANNTCA30TXL;[PANNTCA30TXL] EXPLORE PANTS CAB (XL, Gris Claro - 9734);EXPLORE PANTS;CAB;XL;Gris Claro;1,00;La Grieta;enero-2026
12/01/2026;PANNTCA33TS;[PANNTCA33TS] EXPLORE PANTS CAB (S, Kaki - 80279);EXPLORE PANTS;CAB;S;Kaki;1,00;Sambil Valencia;enero-2026
12/01/2026;PANNTDA31TXS;[PANNTDA31TXS] EXPLORE PANTS DAMA (XS, Gris Oscuro -  9356);EXPLORE PANTS;DAMA;XS;Gris Oscuro;1,00;Grandplaz ;enero-2026
13/01/2026;PANNTDA33TL;[PANNTDA33TL] EXPLORE PANTS DAMA (L, Kaki - 80279);EXPLORE PANTS;DAMA;L;Kaki;1,00;Sambil Valencia;enero-2026
13/01/2026;PANNTDA43TM;[PANNTDA43TM] EXPLORE PANTS DAMA (M, Negro - 10);EXPLORE PANTS;DAMA;M;Negro;1,00;Sambil Valencia;enero-2026
13/01/2026;PANNTDA31TXL;[PANNTDA31TXL] EXPLORE PANTS DAMA (XL, Gris Oscuro -  9356);EXPLORE PANTS;DAMA;XL;Gris Oscuro;1,00;La Grieta;enero-2026
13/01/2026;PANNTCA31TL;[PANNTCA31TL] EXPLORE PANTS CAB (L, Gris Oscuro -  9356);EXPLORE PANTS;CAB;L;Gris Oscuro;1,00;WEB;enero-2026
14/01/2026;PANNTCA12TL;[PANNTCA12TL] EXPLORE PANTS CAB (L, Azul Marino - 5102);EXPLORE PANTS;CAB;L;Azul Marino;-1,00;La Grieta;enero-2026
14/01/2026;PANNTCA12TXL;[PANNTCA12TXL] EXPLORE PANTS CAB (XL, Azul Marino - 5102);EXPLORE PANTS;CAB;XL;Azul Marino;1,00;La Grieta;enero-2026
14/01/2026;PANNTDA31TM;[PANNTDA31TM] EXPLORE PANTS DAMA (M, Gris Oscuro -  9356);EXPLORE PANTS;DAMA;M;Gris Oscuro;1,00;Cerro Verde ;enero-2026
14/01/2026;PANNTCA30TL;[PANNTCA30TL] EXPLORE PANTS CAB (L, Gris Claro - 9734);EXPLORE PANTS;CAB;L;Gris Claro;1,00;WEB;enero-2026
14/01/2026;PANNTCA43TXL;[PANNTCA43TXL] EXPLORE PANTS CAB (XL, Negro - 10);EXPLORE PANTS;CAB;XL;Negro;1,00;Grandplaz ;enero-2026
14/01/2026;PANNTCA43TXL;[PANNTCA43TXL] EXPLORE PANTS CAB (XL, Negro - 10);EXPLORE PANTS;CAB;XL;Negro;1,00;Cerro Verde ;enero-2026
15/01/2026;PANNTDA30TXL;[PANNTDA30TXL] EXPLORE PANTS DAMA (XL, Gris Claro - 9734);EXPLORE PANTS;DAMA;XL;Gris Claro;1,00;La Grieta;enero-2026
15/01/2026;PANNTDA66TXL;[PANNTDA66TXL] EXPLORE PANTS DAMA (XL, Verde Militar - 60620);EXPLORE PANTS;DAMA;XL;Verde Militar;1,00;La Grieta;enero-2026
15/01/2026;PANNTDA66TL;[PANNTDA66TL] EXPLORE PANTS DAMA (L, Verde Militar - 60620);EXPLORE PANTS;DAMA;L;Verde Militar;1,00;La Grieta;enero-2026
15/01/2026;PANNTCA31TXL;[PANNTCA31TXL] EXPLORE PANTS CAB (XL, Gris Oscuro -  9356);EXPLORE PANTS;CAB;XL;Gris Oscuro;1,00;Cerro Verde ;enero-2026
16/01/2026;PANNTCA12TXL;[PANNTCA12TXL] EXPLORE PANTS CAB (XL, Azul Marino - 5102);EXPLORE PANTS;CAB;XL;Azul Marino;1,00;Cerro Verde ;enero-2026
16/01/2026;PANNTCA43TXL;[PANNTCA43TXL] EXPLORE PANTS CAB (XL, Negro - 10);EXPLORE PANTS;CAB;XL;Negro;1,00;WEB;enero-2026
16/01/2026;PANNTCA33TM;[PANNTCA33TM] EXPLORE PANTS CAB (M, Kaki - 80279);EXPLORE PANTS;CAB;M;Kaki;1,00;Cerro Verde ;enero-2026
16/01/2026;PANNTCA43TM;[PANNTCA43TM] EXPLORE PANTS CAB (M, Negro - 10);EXPLORE PANTS;CAB;M;Negro;1,00;Cerro Verde ;enero-2026
16/01/2026;PANNTCA30TM;[PANNTCA30TM] EXPLORE PANTS CAB (M, Gris Claro - 9734);EXPLORE PANTS;CAB;M;Gris Claro;1,00;Cerro Verde ;enero-2026
16/01/2026;PANNTCA33TM;[PANNTCA33TM] EXPLORE PANTS CAB (M, Kaki - 80279);EXPLORE PANTS;CAB;M;Kaki;1,00;Sambil Valencia;enero-2026
16/01/2026;PANNTKI12T12;[PANNTKI12T12] EXPLORE PANTS KIDS (12, Azul Marino - 5102);EXPLORE PANTS;KIDS;12;Azul Marino;1,00;Cerro Verde ;enero-2026
17/01/2026;PANNTDA31TL;[PANNTDA31TL] EXPLORE PANTS DAMA (L, Gris Oscuro -  9356);EXPLORE PANTS;DAMA;L;Gris Oscuro;1,00;Sambil Chacao ;enero-2026
17/01/2026;PANNTDA33TL;[PANNTDA33TL] EXPLORE PANTS DAMA (L, Kaki - 80279);EXPLORE PANTS;DAMA;L;Kaki;2,00;Sambil Chacao ;enero-2026
17/01/2026;PANNTDA66TS;[PANNTDA66TS] EXPLORE PANTS DAMA (S, Verde Militar - 60620);EXPLORE PANTS;DAMA;S;Verde Militar;1,00;La Grieta;enero-2026
17/01/2026;PANNTDA43TL;[PANNTDA43TL] EXPLORE PANTS DAMA (L, Negro - 10);EXPLORE PANTS;DAMA;L;Negro;1,00;La Grieta;enero-2026
17/01/2026;PANNTCA43TL;[PANNTCA43TL] EXPLORE PANTS CAB (L, Negro - 10);EXPLORE PANTS;CAB;L;Negro;1,00;Sambil Valencia;enero-2026
17/01/2026;PANNTCA12TL;[PANNTCA12TL] EXPLORE PANTS CAB (L, Azul Marino - 5102);EXPLORE PANTS;CAB;L;Azul Marino;1,00;Sambil Valencia;enero-2026
17/01/2026;PANNTCA30TL;[PANNTCA30TL] EXPLORE PANTS CAB (L, Gris Claro - 9734);EXPLORE PANTS;CAB;L;Gris Claro;1,00;Sambil Valencia;enero-2026
17/01/2026;PANNTCA30TM;[PANNTCA30TM] EXPLORE PANTS CAB (M, Gris Claro - 9734);EXPLORE PANTS;CAB;M;Gris Claro;1,00;Cerro Verde ;enero-2026
17/01/2026;PANNTDA30TM;[PANNTDA30TM] EXPLORE PANTS DAMA (M, Gris Claro - 9734);EXPLORE PANTS;DAMA;M;Gris Claro;2,00;Sambil Valencia;enero-2026
17/01/2026;PANNTCA43TS;[PANNTCA43TS] EXPLORE PANTS CAB (S, Negro - 10);EXPLORE PANTS;CAB;S;Negro;1,00;Sambil Valencia;enero-2026
17/01/2026;PANNTDA30TXL;[PANNTDA30TXL] EXPLORE PANTS DAMA (XL, Gris Claro - 9734);EXPLORE PANTS;DAMA;XL;Gris Claro;1,00;La Grieta;enero-2026
17/01/2026;PANNTDA66TXL;[PANNTDA66TXL] EXPLORE PANTS DAMA (XL, Verde Militar - 60620);EXPLORE PANTS;DAMA;XL;Verde Militar;1,00;La Grieta;enero-2026
17/01/2026;PANNTCA30TL;[PANNTCA30TL] EXPLORE PANTS CAB (L, Gris Claro - 9734);EXPLORE PANTS;CAB;L;Gris Claro;1,00;Sambil Chacao ;enero-2026
18/01/2026;PANNTKI12T2;[PANNTKI12T2] EXPLORE PANTS KIDS (2, Azul Marino - 5102);EXPLORE PANTS;KIDS;2;Azul Marino;-1,00;Cerro Verde ;enero-2026
18/01/2026;PANNTKI30T2;[PANNTKI30T2] EXPLORE PANTS KIDS (2, Gris Claro - 9734);EXPLORE PANTS;KIDS;2;Gris Claro;-1,00;Cerro Verde ;enero-2026
18/01/2026;PANNTKI12T4;[PANNTKI12T4] EXPLORE PANTS KIDS (4, Azul Marino - 5102);EXPLORE PANTS;KIDS;4;Azul Marino;1,00;Cerro Verde ;enero-2026
18/01/2026;PANNTKI30T4;[PANNTKI30T4] EXPLORE PANTS KIDS (4, Gris Claro - 9734);EXPLORE PANTS;KIDS;4;Gris Claro;1,00;Cerro Verde ;enero-2026
18/01/2026;PANNTDA31TM;[PANNTDA31TM] EXPLORE PANTS DAMA (M, Gris Oscuro -  9356);EXPLORE PANTS;DAMA;M;Gris Oscuro;1,00;Cerro Verde ;enero-2026
18/01/2026;PANNTCA43TXL;[PANNTCA43TXL] EXPLORE PANTS CAB (XL, Negro - 10);EXPLORE PANTS;CAB;XL;Negro;1,00;Cerro Verde ;enero-2026
18/01/2026;PANNTCA12TL;[PANNTCA12TL] EXPLORE PANTS CAB (L, Azul Marino - 5102);EXPLORE PANTS;CAB;L;Azul Marino;1,00;Cerro Verde ;enero-2026
18/01/2026;PANNTDA12TM;[PANNTDA12TM] EXPLORE PANTS DAMA (M, Azul Marino - 5102);EXPLORE PANTS;DAMA;M;Azul Marino;1,00;Sambil Valencia;enero-2026
18/01/2026;PANNTDA43TM;[PANNTDA43TM] EXPLORE PANTS DAMA (M, Negro - 10);EXPLORE PANTS;DAMA;M;Negro;1,00;Sambil Valencia;enero-2026
18/01/2026;PANNTCA31TM;[PANNTCA31TM] EXPLORE PANTS CAB (M, Gris Oscuro -  9356);EXPLORE PANTS;CAB;M;Gris Oscuro;1,00;Sambil Chacao ;enero-2026
18/01/2026;PANNTDA43TL;[PANNTDA43TL] EXPLORE PANTS DAMA (L, Negro - 10);EXPLORE PANTS;DAMA;L;Negro;1,00;Cerro Verde ;enero-2026
18/01/2026;PANNTCA33TM;[PANNTCA33TM] EXPLORE PANTS CAB (M, Kaki - 80279);EXPLORE PANTS;CAB;M;Kaki;1,00;Sambil Valencia;enero-2026
18/01/2026;PANNTDA33TS;[PANNTDA33TS] EXPLORE PANTS DAMA (S, Kaki - 80279);EXPLORE PANTS;DAMA;S;Kaki;1,00;Sambil Valencia;enero-2026
20/01/2026;PANNTCA30TM;[PANNTCA30TM] EXPLORE PANTS CAB (M, Gris Claro - 9734);EXPLORE PANTS;CAB;M;Gris Claro;1,00;Sambil Chacao ;enero-2026
20/01/2026;PANNTDA66TS;[PANNTDA66TS] EXPLORE PANTS DAMA (S, Verde Militar - 60620);EXPLORE PANTS;DAMA;S;Verde Militar;1,00;La Grieta;enero-2026
20/01/2026;PANNTCA66TXL;[PANNTCA66TXL] EXPLORE PANTS CAB (XL, Verde Militar - 60620);EXPLORE PANTS;CAB;XL;Verde Militar;1,00;Sambil Valencia;enero-2026
20/01/2026;PANNTCA31TM;[PANNTCA31TM] EXPLORE PANTS CAB (M, Gris Oscuro -  9356);EXPLORE PANTS;CAB;M;Gris Oscuro;1,00;Cerro Verde ;enero-2026
20/01/2026;PANNTDA43TXL;[PANNTDA43TXL] EXPLORE PANTS DAMA (XL, Negro - 10);EXPLORE PANTS;DAMA;XL;Negro;1,00;Cerro Verde ;enero-2026
20/01/2026;PANNTCA43TXL;[PANNTCA43TXL] EXPLORE PANTS CAB (XL, Negro - 10);EXPLORE PANTS;CAB;XL;Negro;1,00;Cerro Verde ;enero-2026
20/01/2026;PANNTDA12TL;[PANNTDA12TL] EXPLORE PANTS DAMA (L, Azul Marino - 5102);EXPLORE PANTS;DAMA;L;Azul Marino;1,00;Sambil Chacao ;enero-2026
20/01/2026;PANNTDA12TM;[PANNTDA12TM] EXPLORE PANTS DAMA (M, Azul Marino - 5102);EXPLORE PANTS;DAMA;M;Azul Marino;1,00;Sambil Chacao ;enero-2026
20/01/2026;PANNTDA12TXL;[PANNTDA12TXL] EXPLORE PANTS DAMA (XL, Azul Marino - 5102);EXPLORE PANTS;DAMA;XL;Azul Marino;1,00;Cerro Verde ;enero-2026
21/01/2026;PANNTDA31TM;[PANNTDA31TM] EXPLORE PANTS DAMA (M, Gris Oscuro -  9356);EXPLORE PANTS;DAMA;M;Gris Oscuro;1,00;La Grieta;enero-2026
21/01/2026;PANNTCA31TXL;[PANNTCA31TXL] EXPLORE PANTS CAB (XL, Gris Oscuro -  9356);EXPLORE PANTS;CAB;XL;Gris Oscuro;1,00;La Grieta;enero-2026
21/01/2026;PANNTCA31TXL;[PANNTCA31TXL] EXPLORE PANTS CAB (XL, Gris Oscuro -  9356);EXPLORE PANTS;CAB;XL;Gris Oscuro;1,00;Grandplaz ;enero-2026
21/01/2026;PANNTCA66TXL;[PANNTCA66TXL] EXPLORE PANTS CAB (XL, Verde Militar - 60620);EXPLORE PANTS;CAB;XL;Verde Militar;1,00;Grandplaz ;enero-2026
22/01/2026;PANNTCA30TL;[PANNTCA30TL] EXPLORE PANTS CAB (L, Gris Claro - 9734);EXPLORE PANTS;CAB;L;Gris Claro;1,00;La Grieta;enero-2026
22/01/2026;PANNTCA66TM;[PANNTCA66TM] EXPLORE PANTS CAB (M, Verde Militar - 60620);EXPLORE PANTS;CAB;M;Verde Militar;1,00;La Grieta;enero-2026
22/01/2026;PANNTDA43TL;[PANNTDA43TL] EXPLORE PANTS DAMA (L, Negro - 10);EXPLORE PANTS;DAMA;L;Negro;1,00;Cerro Verde ;enero-2026
22/01/2026;PANNTCA43TM;[PANNTCA43TM] EXPLORE PANTS CAB (M, Negro - 10);EXPLORE PANTS;CAB;M;Negro;1,00;La Grieta;enero-2026
22/01/2026;PANNTCA31TM;[PANNTCA31TM] EXPLORE PANTS CAB (M, Gris Oscuro -  9356);EXPLORE PANTS;CAB;M;Gris Oscuro;1,00;La Grieta;enero-2026
22/01/2026;PANNTDA33TS;[PANNTDA33TS] EXPLORE PANTS DAMA (S, Kaki - 80279);EXPLORE PANTS;DAMA;S;Kaki;1,00;La Grieta;enero-2026
22/01/2026;PANNTDA43TM;[PANNTDA43TM] EXPLORE PANTS DAMA (M, Negro - 10);EXPLORE PANTS;DAMA;M;Negro;-1,00;Grandplaz ;enero-2026
22/01/2026;PANNTDA33TM;[PANNTDA33TM] EXPLORE PANTS DAMA (M, Kaki - 80279);EXPLORE PANTS;DAMA;M;Kaki;-1,00;Grandplaz ;enero-2026
22/01/2026;PANNTDA12TM;[PANNTDA12TM] EXPLORE PANTS DAMA (M, Azul Marino - 5102);EXPLORE PANTS;DAMA;M;Azul Marino;-1,00;Grandplaz ;enero-2026
22/01/2026;PANNTDA66TL;[PANNTDA66TL] EXPLORE PANTS DAMA (L, Verde Militar - 60620);EXPLORE PANTS;DAMA;L;Verde Militar;1,00;Grandplaz ;enero-2026
22/01/2026;PANNTDA12TL;[PANNTDA12TL] EXPLORE PANTS DAMA (L, Azul Marino - 5102);EXPLORE PANTS;DAMA;L;Azul Marino;1,00;Grandplaz ;enero-2026
22/01/2026;PANNTDA33TL;[PANNTDA33TL] EXPLORE PANTS DAMA (L, Kaki - 80279);EXPLORE PANTS;DAMA;L;Kaki;1,00;Grandplaz ;enero-2026
22/01/2026;PANNTCA31TM;[PANNTCA31TM] EXPLORE PANTS CAB (M, Gris Oscuro -  9356);EXPLORE PANTS;CAB;M;Gris Oscuro;1,00;WEB;enero-2026
23/01/2026;PANNTCA33TL;[PANNTCA33TL] EXPLORE PANTS CAB (L, Kaki - 80279);EXPLORE PANTS;CAB;L;Kaki;1,00;WEB;enero-2026
23/01/2026;PANNTDA43TM;[PANNTDA43TM] EXPLORE PANTS DAMA (M, Negro - 10);EXPLORE PANTS;DAMA;M;Negro;1,00;Sambil Valencia;enero-2026
23/01/2026;PANNTCA43TL;[PANNTCA43TL] EXPLORE PANTS CAB (L, Negro - 10);EXPLORE PANTS;CAB;L;Negro;1,00;Sambil Valencia;enero-2026
23/01/2026;PANNTCA43TL;[PANNTCA43TL] EXPLORE PANTS CAB (L, Negro - 10);EXPLORE PANTS;CAB;L;Negro;1,00;Cerro Verde ;enero-2026
23/01/2026;PANNTCA33TL;[PANNTCA33TL] EXPLORE PANTS CAB (L, Kaki - 80279);EXPLORE PANTS;CAB;L;Kaki;1,00;Cerro Verde ;enero-2026
23/01/2026;PANNTDA31TXL;[PANNTDA31TXL] EXPLORE PANTS DAMA (XL, Gris Oscuro -  9356);EXPLORE PANTS;DAMA;XL;Gris Oscuro;1,00;Grandplaz ;enero-2026
24/01/2026;PANNTDA31TXS;[PANNTDA31TXS] EXPLORE PANTS DAMA (XS, Gris Oscuro -  9356);EXPLORE PANTS;DAMA;XS;Gris Oscuro;-1,00;Grandplaz ;enero-2026
24/01/2026;PANNTCA33TM;[PANNTCA33TM] EXPLORE PANTS CAB (M, Kaki - 80279);EXPLORE PANTS;CAB;M;Kaki;1,00;La Grieta;enero-2026
24/01/2026;PANNTCA66TL;[PANNTCA66TL] EXPLORE PANTS CAB (L, Verde Militar - 60620);EXPLORE PANTS;CAB;L;Verde Militar;1,00;Sambil Valencia;enero-2026
24/01/2026;PANNTCA66TXL;[PANNTCA66TXL] EXPLORE PANTS CAB (XL, Verde Militar - 60620);EXPLORE PANTS;CAB;XL;Verde Militar;1,00;Sambil Valencia;enero-2026
24/01/2026;PANNTDA43TM;[PANNTDA43TM] EXPLORE PANTS DAMA (M, Negro - 10);EXPLORE PANTS;DAMA;M;Negro;1,00;Sambil Valencia;enero-2026
24/01/2026;PANNTDA12TM;[PANNTDA12TM] EXPLORE PANTS DAMA (M, Azul Marino - 5102);EXPLORE PANTS;DAMA;M;Azul Marino;1,00;Sambil Chacao ;enero-2026
24/01/2026;PANNTDA33TS;[PANNTDA33TS] EXPLORE PANTS DAMA (S, Kaki - 80279);EXPLORE PANTS;DAMA;S;Kaki;1,00;Cerro Verde ;enero-2026
24/01/2026;PANNTDA31TM;[PANNTDA31TM] EXPLORE PANTS DAMA (M, Gris Oscuro -  9356);EXPLORE PANTS;DAMA;M;Gris Oscuro;1,00;Grandplaz ;enero-2026
24/01/2026;PANNTDA66TL;[PANNTDA66TL] EXPLORE PANTS DAMA (L, Verde Militar - 60620);EXPLORE PANTS;DAMA;L;Verde Militar;1,00;Grandplaz ;enero-2026
25/01/2026;PANNTCA43TXL;[PANNTCA43TXL] EXPLORE PANTS CAB (XL, Negro - 10);EXPLORE PANTS;CAB;XL;Negro;1,00;Sambil Chacao ;enero-2026
25/01/2026;PANNTDA33TL;[PANNTDA33TL] EXPLORE PANTS DAMA (L, Kaki - 80279);EXPLORE PANTS;DAMA;L;Kaki;1,00;Cerro Verde ;enero-2026
26/01/2026;PANNTCA30TXL;[PANNTCA30TXL] EXPLORE PANTS CAB (XL, Gris Claro - 9734);EXPLORE PANTS;CAB;XL;Gris Claro;1,00;WEB;enero-2026
26/01/2026;PANNTDA43TXL;[PANNTDA43TXL] EXPLORE PANTS DAMA (XL, Negro - 10);EXPLORE PANTS;DAMA;XL;Negro;1,00;Sambil Chacao ;enero-2026
26/01/2026;PANNTCA12TXL;[PANNTCA12TXL] EXPLORE PANTS CAB (XL, Azul Marino - 5102);EXPLORE PANTS;CAB;XL;Azul Marino;1,00;Sambil Valencia;enero-2026
27/01/2026;PANNTDA43TS;[PANNTDA43TS] EXPLORE PANTS DAMA (S, Negro - 10);EXPLORE PANTS;DAMA;S;Negro;1,00;Sambil Valencia;enero-2026
27/01/2026;PANNTDA12TS;[PANNTDA12TS] EXPLORE PANTS DAMA (S, Azul Marino - 5102);EXPLORE PANTS;DAMA;S;Azul Marino;1,00;Grandplaz ;enero-2026
27/01/2026;PANNTDA31TM;[PANNTDA31TM] EXPLORE PANTS DAMA (M, Gris Oscuro -  9356);EXPLORE PANTS;DAMA;M;Gris Oscuro;1,00;Sambil Valencia;enero-2026
27/01/2026;PANNTCA43TM;[PANNTCA43TM] EXPLORE PANTS CAB (M, Negro - 10);EXPLORE PANTS;CAB;M;Negro;1,00;Sambil Valencia;enero-2026
27/01/2026;PANNTCA31TXL;[PANNTCA31TXL] EXPLORE PANTS CAB (XL, Gris Oscuro -  9356);EXPLORE PANTS;CAB;XL;Gris Oscuro;1,00;Sambil Valencia;enero-2026
27/01/2026;PANNTCA33TXL;[PANNTCA33TXL] EXPLORE PANTS CAB (XL, Kaki - 80279);EXPLORE PANTS;CAB;XL;Kaki;1,00;Sambil Valencia;enero-2026
27/01/2026;PANNTCA43TXL;[PANNTCA43TXL] EXPLORE PANTS CAB (XL, Negro - 10);EXPLORE PANTS;CAB;XL;Negro;1,00;Sambil Valencia;enero-2026
28/01/2026;PANNTCA43TL;[PANNTCA43TL] EXPLORE PANTS CAB (L, Negro - 10);EXPLORE PANTS;CAB;L;Negro;1,00;Sambil Chacao ;enero-2026
28/01/2026;PANNTCA30TL;[PANNTCA30TL] EXPLORE PANTS CAB (L, Gris Claro - 9734);EXPLORE PANTS;CAB;L;Gris Claro;1,00;Sambil Valencia;enero-2026
28/01/2026;PANNTCA33TL;[PANNTCA33TL] EXPLORE PANTS CAB (L, Kaki - 80279);EXPLORE PANTS;CAB;L;Kaki;1,00;Sambil Valencia;enero-2026
28/01/2026;PANNTCA43TXL;[PANNTCA43TXL] EXPLORE PANTS CAB (XL, Negro - 10);EXPLORE PANTS;CAB;XL;Negro;1,00;Sambil Chacao ;enero-2026
28/01/2026;PANNTKI66T10;[PANNTKI66T10] EXPLORE PANTS KIDS (10, Verde Militar - 60620);EXPLORE PANTS;KIDS;10;Verde Militar;1,00;Sambil Chacao ;enero-2026
28/01/2026;PANNTCA33TS;[PANNTCA33TS] EXPLORE PANTS CAB (S, Kaki - 80279);EXPLORE PANTS;CAB;S;Kaki;1,00;Cerro Verde ;enero-2026
28/01/2026;PANNTCA43TS;[PANNTCA43TS] EXPLORE PANTS CAB (S, Negro - 10);EXPLORE PANTS;CAB;S;Negro;1,00;Cerro Verde ;enero-2026
29/01/2026;PANNTCA30TM;[PANNTCA30TM] EXPLORE PANTS CAB (M, Gris Claro - 9734);EXPLORE PANTS;CAB;M;Gris Claro;1,00;La Grieta;enero-2026
29/01/2026;PANNTCA31TL;[PANNTCA31TL] EXPLORE PANTS CAB (L, Gris Oscuro -  9356);EXPLORE PANTS;CAB;L;Gris Oscuro;1,00;Sambil Chacao ;enero-2026
29/01/2026;PANNTKI66T12;[PANNTKI66T12] EXPLORE PANTS KIDS (12, Verde Militar - 60620);EXPLORE PANTS;KIDS;12;Verde Militar;1,00;Sambil Chacao ;enero-2026
29/01/2026;PANNTCA66TM;[PANNTCA66TM] EXPLORE PANTS CAB (M, Verde Militar - 60620);EXPLORE PANTS;CAB;M;Verde Militar;1,00;Sambil Chacao ;enero-2026
29/01/2026;PANNTKI12T12;[PANNTKI12T12] EXPLORE PANTS KIDS (12, Azul Marino - 5102);EXPLORE PANTS;KIDS;12;Azul Marino;1,00;Sambil Chacao ;enero-2026
29/01/2026;PANNTDA33TL;[PANNTDA33TL] EXPLORE PANTS DAMA (L, Kaki - 80279);EXPLORE PANTS;DAMA;L;Kaki;1,00;Sambil Valencia;enero-2026
29/01/2026;PANNTCA43TM;[PANNTCA43TM] EXPLORE PANTS CAB (M, Negro - 10);EXPLORE PANTS;CAB;M;Negro;1,00;La Grieta;enero-2026
29/01/2026;PANNTCA66TL;[PANNTCA66TL] EXPLORE PANTS CAB (L, Verde Militar - 60620);EXPLORE PANTS;CAB;L;Verde Militar;1,00;Sambil Valencia;enero-2026
30/01/2026;PANNTCA43TS;[PANNTCA43TS] EXPLORE PANTS CAB (S, Negro - 10);EXPLORE PANTS;CAB;S;Negro;1,00;Cerro Verde ;enero-2026
30/01/2026;PANNTCA33TS;[PANNTCA33TS] EXPLORE PANTS CAB (S, Kaki - 80279);EXPLORE PANTS;CAB;S;Kaki;1,00;La Grieta;enero-2026
30/01/2026;PANNTCA66TS;[PANNTCA66TS] EXPLORE PANTS CAB (S, Verde Militar - 60620);EXPLORE PANTS;CAB;S;Verde Militar;1,00;La Grieta;enero-2026
31/01/2026;PANNTCA43TS;[PANNTCA43TS] EXPLORE PANTS CAB (S, Negro - 10);EXPLORE PANTS;CAB;S;Negro;1,00;La Grieta;enero-2026
31/01/2026;PANNTDA43TS;[PANNTDA43TS] EXPLORE PANTS DAMA (S, Negro - 10);EXPLORE PANTS;DAMA;S;Negro;1,00;La Grieta;enero-2026
31/01/2026;PANNTCA33TM;[PANNTCA33TM] EXPLORE PANTS CAB (M, Kaki - 80279);EXPLORE PANTS;CAB;M;Kaki;1,00;Sambil Chacao ;enero-2026
31/01/2026;PANNTDA31TM;[PANNTDA31TM] EXPLORE PANTS DAMA (M, Gris Oscuro -  9356);EXPLORE PANTS;DAMA;M;Gris Oscuro;1,00;La Grieta;enero-2026
31/01/2026;PANNTDA43TXL;[PANNTDA43TXL] EXPLORE PANTS DAMA (XL, Negro - 10);EXPLORE PANTS;DAMA;XL;Negro;1,00;Sambil Chacao ;enero-2026
31/01/2026;PANNTDA43TL;[PANNTDA43TL] EXPLORE PANTS DAMA (L, Negro - 10);EXPLORE PANTS;DAMA;L;Negro;-1,00;La Grieta;enero-2026
31/01/2026;PANNTDA66TS;[PANNTDA66TS] EXPLORE PANTS DAMA (S, Verde Militar - 60620);EXPLORE PANTS;DAMA;S;Verde Militar;-1,00;La Grieta;enero-2026
31/01/2026;PANNTDA33TL;[PANNTDA33TL] EXPLORE PANTS DAMA (L, Kaki - 80279);EXPLORE PANTS;DAMA;L;Kaki;1,00;La Grieta;enero-2026
31/01/2026;PANNTDA33TM;[PANNTDA33TM] EXPLORE PANTS DAMA (M, Kaki - 80279);EXPLORE PANTS;DAMA;M;Kaki;1,00;La Grieta;enero-2026
31/01/2026;PANNTCA33TXL;[PANNTCA33TXL] EXPLORE PANTS CAB (XL, Kaki - 80279);EXPLORE PANTS;CAB;XL;Kaki;1,00;Sambil Valencia;enero-2026
31/01/2026;PANNTCA43TM;[PANNTCA43TM] EXPLORE PANTS CAB (M, Negro - 10);EXPLORE PANTS;CAB;M;Negro;1,00;La Grieta;enero-2026
01/02/2026;PANNTCA31TS;[PANNTCA31TS] EXPLORE PANTS CAB (S, Gris Oscuro -  9356);EXPLORE PANTS;CAB;S;Gris Oscuro;1,00;Cerro Verde ;febrero-2026
01/02/2026;PANNTCA43TL;[PANNTCA43TL] EXPLORE PANTS CAB (L, Negro - 10);EXPLORE PANTS;CAB;L;Negro;1,00;Cerro Verde ;febrero-2026
02/02/2026;PANNTDA43TL;[PANNTDA43TL] EXPLORE PANTS DAMA (L, Negro - 10);EXPLORE PANTS;DAMA;L;Negro;1,00;Cerro Verde ;febrero-2026
02/02/2026;PANNTCA66TXL;[PANNTCA66TXL] EXPLORE PANTS CAB (XL, Verde Militar - 60620);EXPLORE PANTS;CAB;XL;Verde Militar;1,00;Cerro Verde ;febrero-2026
02/02/2026;PANNTDA43TL;[PANNTDA43TL] EXPLORE PANTS DAMA (L, Negro - 10);EXPLORE PANTS;DAMA;L;Negro;1,00;Sambil Chacao ;febrero-2026
03/02/2026;PANNTDA12TS;[PANNTDA12TS] EXPLORE PANTS DAMA (S, Azul Marino - 5102);EXPLORE PANTS;DAMA;S;Azul Marino;1,00;La Grieta;febrero-2026
03/02/2026;PANNTCA31TM;[PANNTCA31TM] EXPLORE PANTS CAB (M, Gris Oscuro -  9356);EXPLORE PANTS;CAB;M;Gris Oscuro;1,00;Sambil Chacao ;febrero-2026
03/02/2026;PANNTDA33TS;[PANNTDA33TS] EXPLORE PANTS DAMA (S, Kaki - 80279);EXPLORE PANTS;DAMA;S;Kaki;1,00;Cerro Verde ;febrero-2026
03/02/2026;PANNTDA12TXL;[PANNTDA12TXL] EXPLORE PANTS DAMA (XL, Azul Marino - 5102);EXPLORE PANTS;DAMA;XL;Azul Marino;1,00;La Grieta;febrero-2026
03/02/2026;PANNTDA66TXL;[PANNTDA66TXL] EXPLORE PANTS DAMA (XL, Verde Militar - 60620);EXPLORE PANTS;DAMA;XL;Verde Militar;1,00;La Grieta;febrero-2026
03/02/2026;PANNTCA33TS;[PANNTCA33TS] EXPLORE PANTS CAB (S, Kaki - 80279);EXPLORE PANTS;CAB;S;Kaki;1,00;Sambil Chacao ;febrero-2026
03/02/2026;PANNTDA33TL;[PANNTDA33TL] EXPLORE PANTS DAMA (L, Kaki - 80279);EXPLORE PANTS;DAMA;L;Kaki;1,00;Sambil Chacao ;febrero-2026
04/02/2026;PANNTCA30TL;[PANNTCA30TL] EXPLORE PANTS CAB (L, Gris Claro - 9734);EXPLORE PANTS;CAB;L;Gris Claro;1,00;La Grieta;febrero-2026
04/02/2026;PANNTCA66TXL;[PANNTCA66TXL] EXPLORE PANTS CAB (XL, Verde Militar - 60620);EXPLORE PANTS;CAB;XL;Verde Militar;1,00;La Grieta;febrero-2026
04/02/2026;PANNTDA33TM;[PANNTDA33TM] EXPLORE PANTS DAMA (M, Kaki - 80279);EXPLORE PANTS;DAMA;M;Kaki;1,00;La Grieta;febrero-2026
04/02/2026;PANNTDA66TL;[PANNTDA66TL] EXPLORE PANTS DAMA (L, Verde Militar - 60620);EXPLORE PANTS;DAMA;L;Verde Militar;1,00;La Grieta;febrero-2026
04/02/2026;PANNTDA33TM;[PANNTDA33TM] EXPLORE PANTS DAMA (M, Kaki - 80279);EXPLORE PANTS;DAMA;M;Kaki;1,00;La Grieta;febrero-2026
04/02/2026;PANNTCA33TM;[PANNTCA33TM] EXPLORE PANTS CAB (M, Kaki - 80279);EXPLORE PANTS;CAB;M;Kaki;1,00;La Grieta;febrero-2026
05/02/2026;PANNTDA12TXL;[PANNTDA12TXL] EXPLORE PANTS DAMA (XL, Azul Marino - 5102);EXPLORE PANTS;DAMA;XL;Azul Marino;1,00;La Grieta;febrero-2026
05/02/2026;PANNTCA43TXL;[PANNTCA43TXL] EXPLORE PANTS CAB (XL, Negro - 10);EXPLORE PANTS;CAB;XL;Negro;1,00;Cerro Verde ;febrero-2026
05/02/2026;PANNTCA43TXL;[PANNTCA43TXL] EXPLORE PANTS CAB (XL, Negro - 10);EXPLORE PANTS;CAB;XL;Negro;1,00;La Grieta;febrero-2026
05/02/2026;PANNTCA33TS;[PANNTCA33TS] EXPLORE PANTS CAB (S, Kaki - 80279);EXPLORE PANTS;CAB;S;Kaki;1,00;La Grieta;febrero-2026
05/02/2026;PANNTCA33TM;[PANNTCA33TM] EXPLORE PANTS CAB (M, Kaki - 80279);EXPLORE PANTS;CAB;M;Kaki;1,00;Sambil Chacao ;febrero-2026
06/02/2026;PANNTCA33TM;[PANNTCA33TM] EXPLORE PANTS CAB (M, Kaki - 80279);EXPLORE PANTS;CAB;M;Kaki;1,00;Cerro Verde ;febrero-2026
06/02/2026;PANNTDA66TM;[PANNTDA66TM] EXPLORE PANTS DAMA (M, Verde Militar - 60620);EXPLORE PANTS;DAMA;M;Verde Militar;1,00;Sambil Valencia;febrero-2026
06/02/2026;PANNTCA66TXL;[PANNTCA66TXL] EXPLORE PANTS CAB (XL, Verde Militar - 60620);EXPLORE PANTS;CAB;XL;Verde Militar;1,00;La Grieta;febrero-2026
06/02/2026;PANNTCA43TS;[PANNTCA43TS] EXPLORE PANTS CAB (S, Negro - 10);EXPLORE PANTS;CAB;S;Negro;1,00;La Grieta;febrero-2026
06/02/2026;PANNTCA33TXL;[PANNTCA33TXL] EXPLORE PANTS CAB (XL, Kaki - 80279);EXPLORE PANTS;CAB;XL;Kaki;1,00;La Grieta;febrero-2026
06/02/2026;PANNTCA43TL;[PANNTCA43TL] EXPLORE PANTS CAB (L, Negro - 10);EXPLORE PANTS;CAB;L;Negro;1,00;Cerro Verde ;febrero-2026
06/02/2026;PANNTCA31TL;[PANNTCA31TL] EXPLORE PANTS CAB (L, Gris Oscuro -  9356);EXPLORE PANTS;CAB;L;Gris Oscuro;1,00;Cerro Verde ;febrero-2026
06/02/2026;PANNTDA31TXL;[PANNTDA31TXL] EXPLORE PANTS DAMA (XL, Gris Oscuro -  9356);EXPLORE PANTS;DAMA;XL;Gris Oscuro;1,00;Cerro Verde ;febrero-2026
06/02/2026;PANNTDA33TM;[PANNTDA33TM] EXPLORE PANTS DAMA (M, Kaki - 80279);EXPLORE PANTS;DAMA;M;Kaki;1,00;Cerro Verde ;febrero-2026
06/02/2026;PANNTDA33TL;[PANNTDA33TL] EXPLORE PANTS DAMA (L, Kaki - 80279);EXPLORE PANTS;DAMA;L;Kaki;1,00;Sambil Valencia;febrero-2026
06/02/2026;PANNTDA31TM;[PANNTDA31TM] EXPLORE PANTS DAMA (M, Gris Oscuro -  9356);EXPLORE PANTS;DAMA;M;Gris Oscuro;1,00;Cerro Verde ;febrero-2026
06/02/2026;PANNTCA12TXL;[PANNTCA12TXL] EXPLORE PANTS CAB (XL, Azul Marino - 5102);EXPLORE PANTS;CAB;XL;Azul Marino;1,00;La Grieta;febrero-2026
06/02/2026;PANNTCA31TXL;[PANNTCA31TXL] EXPLORE PANTS CAB (XL, Gris Oscuro -  9356);EXPLORE PANTS;CAB;XL;Gris Oscuro;1,00;La Grieta;febrero-2026
06/02/2026;PANNTCA33TXL;[PANNTCA33TXL] EXPLORE PANTS CAB (XL, Kaki - 80279);EXPLORE PANTS;CAB;XL;Kaki;1,00;La Grieta;febrero-2026
06/02/2026;PANNTDA33TL;[PANNTDA33TL] EXPLORE PANTS DAMA (L, Kaki - 80279);EXPLORE PANTS;DAMA;L;Kaki;-1,00;Sambil Valencia;febrero-2026
06/02/2026;PANNTDA33TL;[PANNTDA33TL] EXPLORE PANTS DAMA (L, Kaki - 80279);EXPLORE PANTS;DAMA;L;Kaki;1,00;Sambil Valencia;febrero-2026
07/02/2026;PANNTCA33TM;[PANNTCA33TM] EXPLORE PANTS CAB (M, Kaki - 80279);EXPLORE PANTS;CAB;M;Kaki;1,00;La Grieta;febrero-2026
07/02/2026;PANNTCA30TXL;[PANNTCA30TXL] EXPLORE PANTS CAB (XL, Gris Claro - 9734);EXPLORE PANTS;CAB;XL;Gris Claro;1,00;Cerro Verde ;febrero-2026
07/02/2026;PANNTCA30TXL;[PANNTCA30TXL] EXPLORE PANTS CAB (XL, Gris Claro - 9734);EXPLORE PANTS;CAB;XL;Gris Claro;-1,00;Cerro Verde ;febrero-2026
07/02/2026;PANNTCA12TXL;[PANNTCA12TXL] EXPLORE PANTS CAB (XL, Azul Marino - 5102);EXPLORE PANTS;CAB;XL;Azul Marino;1,00;Cerro Verde ;febrero-2026
07/02/2026;PANNTCA66TXL;[PANNTCA66TXL] EXPLORE PANTS CAB (XL, Verde Militar - 60620);EXPLORE PANTS;CAB;XL;Verde Militar;1,00;La Grieta;febrero-2026
07/02/2026;PANNTDA33TM;[PANNTDA33TM] EXPLORE PANTS DAMA (M, Kaki - 80279);EXPLORE PANTS;DAMA;M;Kaki;1,00;La Grieta;febrero-2026
07/02/2026;PANNTDA12TM;[PANNTDA12TM] EXPLORE PANTS DAMA (M, Azul Marino - 5102);EXPLORE PANTS;DAMA;M;Azul Marino;1,00;La Grieta;febrero-2026
07/02/2026;PANNTDA66TS;[PANNTDA66TS] EXPLORE PANTS DAMA (S, Verde Militar - 60620);EXPLORE PANTS;DAMA;S;Verde Militar;1,00;Sambil Valencia;febrero-2026
07/02/2026;PANNTDA30TS;[PANNTDA30TS] EXPLORE PANTS DAMA (S, Gris Claro - 9734);EXPLORE PANTS;DAMA;S;Gris Claro;1,00;Sambil Valencia;febrero-2026
07/02/2026;PANNTKI30T8;[PANNTKI30T8] EXPLORE PANTS KIDS (8, Gris Claro - 9734);EXPLORE PANTS;KIDS;8;Gris Claro;1,00;Sambil Chacao ;febrero-2026
07/02/2026;PANNTDA31TXS;[PANNTDA31TXS] EXPLORE PANTS DAMA (XS, Gris Oscuro -  9356);EXPLORE PANTS;DAMA;XS;Gris Oscuro;1,00;Sambil Chacao ;febrero-2026
07/02/2026;PANNTDA31TL;[PANNTDA31TL] EXPLORE PANTS DAMA (L, Gris Oscuro -  9356);EXPLORE PANTS;DAMA;L;Gris Oscuro;1,00;Cerro Verde ;febrero-2026
07/02/2026;PANNTCA31TL;[PANNTCA31TL] EXPLORE PANTS CAB (L, Gris Oscuro -  9356);EXPLORE PANTS;CAB;L;Gris Oscuro;1,00;Cerro Verde ;febrero-2026
07/02/2026;PANNTCA43TL;[PANNTCA43TL] EXPLORE PANTS CAB (L, Negro - 10);EXPLORE PANTS;CAB;L;Negro;1,00;Cerro Verde ;febrero-2026
07/02/2026;PANNTCA43TL;[PANNTCA43TL] EXPLORE PANTS CAB (L, Negro - 10);EXPLORE PANTS;CAB;L;Negro;1,00;Sambil Chacao ;febrero-2026
07/02/2026;PANNTCA33TM;[PANNTCA33TM] EXPLORE PANTS CAB (M, Kaki - 80279);EXPLORE PANTS;CAB;M;Kaki;1,00;Sambil Chacao ;febrero-2026
07/02/2026;PANNTCA33TL;[PANNTCA33TL] EXPLORE PANTS CAB (L, Kaki - 80279);EXPLORE PANTS;CAB;L;Kaki;1,00;Sambil Chacao ;febrero-2026
08/02/2026;PANNTDA30TL;[PANNTDA30TL] EXPLORE PANTS DAMA (L, Gris Claro - 9734);EXPLORE PANTS;DAMA;L;Gris Claro;1,00;Cerro Verde ;febrero-2026
08/02/2026;PANNTCA33TL;[PANNTCA33TL] EXPLORE PANTS CAB (L, Kaki - 80279);EXPLORE PANTS;CAB;L;Kaki;1,00;Sambil Chacao ;febrero-2026
08/02/2026;PANNTCA43TL;[PANNTCA43TL] EXPLORE PANTS CAB (L, Negro - 10);EXPLORE PANTS;CAB;L;Negro;1,00;Sambil Chacao ;febrero-2026
08/02/2026;PANNTCA66TL;[PANNTCA66TL] EXPLORE PANTS CAB (L, Verde Militar - 60620);EXPLORE PANTS;CAB;L;Verde Militar;1,00;Sambil Chacao ;febrero-2026
08/02/2026;PANNTCA31TL;[PANNTCA31TL] EXPLORE PANTS CAB (L, Gris Oscuro -  9356);EXPLORE PANTS;CAB;L;Gris Oscuro;1,00;Sambil Chacao ;febrero-2026
08/02/2026;PANNTCA12TL;[PANNTCA12TL] EXPLORE PANTS CAB (L, Azul Marino - 5102);EXPLORE PANTS;CAB;L;Azul Marino;1,00;Sambil Chacao ;febrero-2026
08/02/2026;PANNTDA66TM;[PANNTDA66TM] EXPLORE PANTS DAMA (M, Verde Militar - 60620);EXPLORE PANTS;DAMA;M;Verde Militar;1,00;Cerro Verde ;febrero-2026
08/02/2026;PANNTDA12TM;[PANNTDA12TM] EXPLORE PANTS DAMA (M, Azul Marino - 5102);EXPLORE PANTS;DAMA;M;Azul Marino;1,00;Cerro Verde ;febrero-2026
08/02/2026;PANNTDA43TM;[PANNTDA43TM] EXPLORE PANTS DAMA (M, Negro - 10);EXPLORE PANTS;DAMA;M;Negro;1,00;Cerro Verde ;febrero-2026
08/02/2026;PANNTDA33TS;[PANNTDA33TS] EXPLORE PANTS DAMA (S, Kaki - 80279);EXPLORE PANTS;DAMA;S;Kaki;1,00;Sambil Chacao ;febrero-2026
08/02/2026;PANNTDA12TS;[PANNTDA12TS] EXPLORE PANTS DAMA (S, Azul Marino - 5102);EXPLORE PANTS;DAMA;S;Azul Marino;1,00;Sambil Chacao ;febrero-2026
08/02/2026;PANNTDA43TXL;[PANNTDA43TXL] EXPLORE PANTS DAMA (XL, Negro - 10);EXPLORE PANTS;DAMA;XL;Negro;1,00;La Grieta;febrero-2026
08/02/2026;PANNTDA66TL;[PANNTDA66TL] EXPLORE PANTS DAMA (L, Verde Militar - 60620);EXPLORE PANTS;DAMA;L;Verde Militar;1,00;Cerro Verde ;febrero-2026
08/02/2026;PANNTDA12TM;[PANNTDA12TM] EXPLORE PANTS DAMA (M, Azul Marino - 5102);EXPLORE PANTS;DAMA;M;Azul Marino;1,00;Sambil Valencia;febrero-2026
09/02/2026;PANNTKI66T2;[PANNTKI66T2] EXPLORE PANTS KIDS (2, Verde Militar - 60620);EXPLORE PANTS;KIDS;2;Verde Militar;1,00;WEB;febrero-2026
09/02/2026;PANNTCA31TS;[PANNTCA31TS] EXPLORE PANTS CAB (S, Gris Oscuro -  9356);EXPLORE PANTS;CAB;S;Gris Oscuro;1,00;Sambil Chacao ;febrero-2026
09/02/2026;PANNTCA12TL;[PANNTCA12TL] EXPLORE PANTS CAB (L, Azul Marino - 5102);EXPLORE PANTS;CAB;L;Azul Marino;1,00;La Grieta;febrero-2026
09/02/2026;PANNTDA43TM;[PANNTDA43TM] EXPLORE PANTS DAMA (M, Negro - 10);EXPLORE PANTS;DAMA;M;Negro;1,00;La Grieta;febrero-2026
09/02/2026;PANNTCA30TM;[PANNTCA30TM] EXPLORE PANTS CAB (M, Gris Claro - 9734);EXPLORE PANTS;CAB;M;Gris Claro;1,00;La Grieta;febrero-2026
09/02/2026;PANNTDA30TL;[PANNTDA30TL] EXPLORE PANTS DAMA (L, Gris Claro - 9734);EXPLORE PANTS;DAMA;L;Gris Claro;1,00;La Grieta;febrero-2026
09/02/2026;PANNTKI30T12;[PANNTKI30T12] EXPLORE PANTS KIDS (12, Gris Claro - 9734);EXPLORE PANTS;KIDS;12;Gris Claro;1,00;Grandplaz ;febrero-2026
09/02/2026;PANNTDA30TL;[PANNTDA30TL] EXPLORE PANTS DAMA (L, Gris Claro - 9734);EXPLORE PANTS;DAMA;L;Gris Claro;1,00;La Grieta;febrero-2026
09/02/2026;PANNTDA30TXS;[PANNTDA30TXS] EXPLORE PANTS DAMA (XS, Gris Claro - 9734);EXPLORE PANTS;DAMA;XS;Gris Claro;1,00;La Grieta;febrero-2026
09/02/2026;PANNTDA33TM;[PANNTDA33TM] EXPLORE PANTS DAMA (M, Kaki - 80279);EXPLORE PANTS;DAMA;M;Kaki;1,00;Sambil Valencia;febrero-2026
09/02/2026;PANNTKI12T8;[PANNTKI12T8] EXPLORE PANTS KIDS (8, Azul Marino - 5102);EXPLORE PANTS;KIDS;8;Azul Marino;1,00;La Grieta;febrero-2026
09/02/2026;PANNTKI66T8;[PANNTKI66T8] EXPLORE PANTS KIDS (8, Verde Militar - 60620);EXPLORE PANTS;KIDS;8;Verde Militar;1,00;La Grieta;febrero-2026
09/02/2026;PANNTKI30T8;[PANNTKI30T8] EXPLORE PANTS KIDS (8, Gris Claro - 9734);EXPLORE PANTS;KIDS;8;Gris Claro;1,00;La Grieta;febrero-2026
09/02/2026;PANNTDA12TL;[PANNTDA12TL] EXPLORE PANTS DAMA (L, Azul Marino - 5102);EXPLORE PANTS;DAMA;L;Azul Marino;1,00;Cerro Verde ;febrero-2026
09/02/2026;PANNTKI66T8;[PANNTKI66T8] EXPLORE PANTS KIDS (8, Verde Militar - 60620);EXPLORE PANTS;KIDS;8;Verde Militar;2,00;Cerro Verde ;febrero-2026
09/02/2026;PANNTKI66T2;[PANNTKI66T2] EXPLORE PANTS KIDS (2, Verde Militar - 60620);EXPLORE PANTS;KIDS;2;Verde Militar;1,00;Cerro Verde ;febrero-2026
10/02/2026;PANNTDA30TL;[PANNTDA30TL] EXPLORE PANTS DAMA (L, Gris Claro - 9734);EXPLORE PANTS;DAMA;L;Gris Claro;-1,00;La Grieta;febrero-2026
10/02/2026;PANNTDA30TM;[PANNTDA30TM] EXPLORE PANTS DAMA (M, Gris Claro - 9734);EXPLORE PANTS;DAMA;M;Gris Claro;1,00;La Grieta;febrero-2026
10/02/2026;PANNTDA33TS;[PANNTDA33TS] EXPLORE PANTS DAMA (S, Kaki - 80279);EXPLORE PANTS;DAMA;S;Kaki;1,00;Sambil Valencia;febrero-2026
10/02/2026;PANNTDA43TM;[PANNTDA43TM] EXPLORE PANTS DAMA (M, Negro - 10);EXPLORE PANTS;DAMA;M;Negro;1,00;La Grieta;febrero-2026
10/02/2026;PANNTCA43TM;[PANNTCA43TM] EXPLORE PANTS CAB (M, Negro - 10);EXPLORE PANTS;CAB;M;Negro;1,00;La Grieta;febrero-2026
10/02/2026;PANNTDA33TXS;[PANNTDA33TXS] EXPLORE PANTS DAMA (XS, Kaki - 80279);EXPLORE PANTS;DAMA;XS;Kaki;1,00;La Grieta;febrero-2026
10/02/2026;PANNTCA31TXL;[PANNTCA31TXL] EXPLORE PANTS CAB (XL, Gris Oscuro -  9356);EXPLORE PANTS;CAB;XL;Gris Oscuro;1,00;La Grieta;febrero-2026
10/02/2026;PANNTCA33TXL;[PANNTCA33TXL] EXPLORE PANTS CAB (XL, Kaki - 80279);EXPLORE PANTS;CAB;XL;Kaki;1,00;La Grieta;febrero-2026
10/02/2026;PANNTDA30TS;[PANNTDA30TS] EXPLORE PANTS DAMA (S, Gris Claro - 9734);EXPLORE PANTS;DAMA;S;Gris Claro;1,00;WEB;febrero-2026
10/02/2026;PANNTCA43TL;[PANNTCA43TL] EXPLORE PANTS CAB (L, Negro - 10);EXPLORE PANTS;CAB;L;Negro;1,00;Sambil Valencia;febrero-2026
10/02/2026;PANNTCA33TL;[PANNTCA33TL] EXPLORE PANTS CAB (L, Kaki - 80279);EXPLORE PANTS;CAB;L;Kaki;1,00;Sambil Valencia;febrero-2026
10/02/2026;PANNTCA30TL;[PANNTCA30TL] EXPLORE PANTS CAB (L, Gris Claro - 9734);EXPLORE PANTS;CAB;L;Gris Claro;1,00;Sambil Valencia;febrero-2026
10/02/2026;PANNTDA33TL;[PANNTDA33TL] EXPLORE PANTS DAMA (L, Kaki - 80279);EXPLORE PANTS;DAMA;L;Kaki;1,00;La Grieta;febrero-2026
10/02/2026;PANNTCA33TL;[PANNTCA33TL] EXPLORE PANTS CAB (L, Kaki - 80279);EXPLORE PANTS;CAB;L;Kaki;1,00;La Grieta;febrero-2026
10/02/2026;PANNTKI12T10;[PANNTKI12T10] EXPLORE PANTS KIDS (10, Azul Marino - 5102);EXPLORE PANTS;KIDS;10;Azul Marino;1,00;La Grieta;febrero-2026
10/02/2026;PANNTKI12T8;[PANNTKI12T8] EXPLORE PANTS KIDS (8, Azul Marino - 5102);EXPLORE PANTS;KIDS;8;Azul Marino;1,00;La Grieta;febrero-2026
10/02/2026;PANNTCA33TM;[PANNTCA33TM] EXPLORE PANTS CAB (M, Kaki - 80279);EXPLORE PANTS;CAB;M;Kaki;1,00;La Grieta;febrero-2026
10/02/2026;PANNTKI31T12;[PANNTKI31T12] EXPLORE PANTS KIDS (12, Gris Oscuro -  9356);EXPLORE PANTS;KIDS;12;Gris Oscuro;1,00;WEB;febrero-2026
10/02/2026;PANNTKI43T10;[PANNTKI43T10] EXPLORE PANTS KIDS (10, Negro - 10);EXPLORE PANTS;KIDS;10;Negro;1,00;WEB;febrero-2026
10/02/2026;PANNTKI31T10;[PANNTKI31T10] EXPLORE PANTS KIDS (10, Gris Oscuro -  9356);EXPLORE PANTS;KIDS;10;Gris Oscuro;1,00;WEB;febrero-2026
10/02/2026;PANNTCA33TL;[PANNTCA33TL] EXPLORE PANTS CAB (L, Kaki - 80279);EXPLORE PANTS;CAB;L;Kaki;1,00;La Grieta;febrero-2026
10/02/2026;PANNTDA12TXL;[PANNTDA12TXL] EXPLORE PANTS DAMA (XL, Azul Marino - 5102);EXPLORE PANTS;DAMA;XL;Azul Marino;1,00;La Grieta;febrero-2026
10/02/2026;PANNTKI12T8;[PANNTKI12T8] EXPLORE PANTS KIDS (8, Azul Marino - 5102);EXPLORE PANTS;KIDS;8;Azul Marino;1,00;La Grieta;febrero-2026
10/02/2026;PANNTDA43TM;[PANNTDA43TM] EXPLORE PANTS DAMA (M, Negro - 10);EXPLORE PANTS;DAMA;M;Negro;1,00;Sambil Valencia;febrero-2026
10/02/2026;PANNTCA30TXL;[PANNTCA30TXL] EXPLORE PANTS CAB (XL, Gris Claro - 9734);EXPLORE PANTS;CAB;XL;Gris Claro;1,00;Cerro Verde ;febrero-2026
10/02/2026;PANNTCA43TS;[PANNTCA43TS] EXPLORE PANTS CAB (S, Negro - 10);EXPLORE PANTS;CAB;S;Negro;1,00;Cerro Verde ;febrero-2026
10/02/2026;PANNTCA31TL;[PANNTCA31TL] EXPLORE PANTS CAB (L, Gris Oscuro -  9356);EXPLORE PANTS;CAB;L;Gris Oscuro;1,00;Cerro Verde ;febrero-2026
10/02/2026;PANNTDA43TS;[PANNTDA43TS] EXPLORE PANTS DAMA (S, Negro - 10);EXPLORE PANTS;DAMA;S;Negro;1,00;Sambil Chacao ;febrero-2026
10/02/2026;PANNTDA66TL;[PANNTDA66TL] EXPLORE PANTS DAMA (L, Verde Militar - 60620);EXPLORE PANTS;DAMA;L;Verde Militar;1,00;Sambil Chacao ;febrero-2026
11/02/2026;PANNTCA33TXL;[PANNTCA33TXL] EXPLORE PANTS CAB (XL, Kaki - 80279);EXPLORE PANTS;CAB;XL;Kaki;1,00;La Grieta;febrero-2026
11/02/2026;PANNTDA33TM;[PANNTDA33TM] EXPLORE PANTS DAMA (M, Kaki - 80279);EXPLORE PANTS;DAMA;M;Kaki;1,00;La Grieta;febrero-2026
11/02/2026;PANNTCA43TM;[PANNTCA43TM] EXPLORE PANTS CAB (M, Negro - 10);EXPLORE PANTS;CAB;M;Negro;1,00;Cerro Verde ;febrero-2026
11/02/2026;PANNTKI12T6;[PANNTKI12T6] EXPLORE PANTS KIDS (6, Azul Marino - 5102);EXPLORE PANTS;KIDS;6;Azul Marino;1,00;Cerro Verde ;febrero-2026
11/02/2026;PANNTDA12TXL;[PANNTDA12TXL] EXPLORE PANTS DAMA (XL, Azul Marino - 5102);EXPLORE PANTS;DAMA;XL;Azul Marino;-1,00;La Grieta;febrero-2026
11/02/2026;PANNTCA12TL;[PANNTCA12TL] EXPLORE PANTS CAB (L, Azul Marino - 5102);EXPLORE PANTS;CAB;L;Azul Marino;1,00;La Grieta;febrero-2026
11/02/2026;PANNTCA43TXL;[PANNTCA43TXL] EXPLORE PANTS CAB (XL, Negro - 10);EXPLORE PANTS;CAB;XL;Negro;1,00;La Grieta;febrero-2026
11/02/2026;PANNTCA30TXL;[PANNTCA30TXL] EXPLORE PANTS CAB (XL, Gris Claro - 9734);EXPLORE PANTS;CAB;XL;Gris Claro;1,00;Sambil Valencia;febrero-2026
11/02/2026;PANNTCA43TM;[PANNTCA43TM] EXPLORE PANTS CAB (M, Negro - 10);EXPLORE PANTS;CAB;M;Negro;1,00;Sambil Valencia;febrero-2026
11/02/2026;PANNTCA33TM;[PANNTCA33TM] EXPLORE PANTS CAB (M, Kaki - 80279);EXPLORE PANTS;CAB;M;Kaki;1,00;Sambil Valencia;febrero-2026
11/02/2026;PANNTDA30TM;[PANNTDA30TM] EXPLORE PANTS DAMA (M, Gris Claro - 9734);EXPLORE PANTS;DAMA;M;Gris Claro;1,00;La Grieta;febrero-2026
11/02/2026;PANNTDA12TL;[PANNTDA12TL] EXPLORE PANTS DAMA (L, Azul Marino - 5102);EXPLORE PANTS;DAMA;L;Azul Marino;1,00;Sambil Valencia;febrero-2026
11/02/2026;PANNTDA43TL;[PANNTDA43TL] EXPLORE PANTS DAMA (L, Negro - 10);EXPLORE PANTS;DAMA;L;Negro;1,00;Sambil Valencia;febrero-2026
11/02/2026;PANNTDA12TXS;[PANNTDA12TXS] EXPLORE PANTS DAMA (XS, Azul Marino - 5102);EXPLORE PANTS;DAMA;XS;Azul Marino;1,00;Sambil Valencia;febrero-2026
11/02/2026;PANNTDA43TXS;[PANNTDA43TXS] EXPLORE PANTS DAMA (XS, Negro - 10);EXPLORE PANTS;DAMA;XS;Negro;1,00;Sambil Valencia;febrero-2026
11/02/2026;PANNTCA12TL;[PANNTCA12TL] EXPLORE PANTS CAB (L, Azul Marino - 5102);EXPLORE PANTS;CAB;L;Azul Marino;1,00;Sambil Valencia;febrero-2026
11/02/2026;PANNTCA31TM;[PANNTCA31TM] EXPLORE PANTS CAB (M, Gris Oscuro -  9356);EXPLORE PANTS;CAB;M;Gris Oscuro;1,00;Cerro Verde ;febrero-2026
11/02/2026;PANNTCA43TM;[PANNTCA43TM] EXPLORE PANTS CAB (M, Negro - 10);EXPLORE PANTS;CAB;M;Negro;1,00;Sambil Chacao ;febrero-2026
11/02/2026;PANNTCA33TM;[PANNTCA33TM] EXPLORE PANTS CAB (M, Kaki - 80279);EXPLORE PANTS;CAB;M;Kaki;1,00;Cerro Verde ;febrero-2026
11/02/2026;PANNTKI12T12;[PANNTKI12T12] EXPLORE PANTS KIDS (12, Azul Marino - 5102);EXPLORE PANTS;KIDS;12;Azul Marino;1,00;Cerro Verde ;febrero-2026
11/02/2026;PANNTCA43TM;[PANNTCA43TM] EXPLORE PANTS CAB (M, Negro - 10);EXPLORE PANTS;CAB;M;Negro;1,00;La Grieta;febrero-2026
11/02/2026;PANNTCA43TM;[PANNTCA43TM] EXPLORE PANTS CAB (M, Negro - 10);EXPLORE PANTS;CAB;M;Negro;1,00;Sambil Valencia;febrero-2026
11/02/2026;PANNTDA33TXL;[PANNTDA33TXL] EXPLORE PANTS DAMA (XL, Kaki - 80279);EXPLORE PANTS;DAMA;XL;Kaki;1,00;Sambil Chacao ;febrero-2026
11/02/2026;PANNTCA43TS;[PANNTCA43TS] EXPLORE PANTS CAB (S, Negro - 10);EXPLORE PANTS;CAB;S;Negro;1,00;Cerro Verde ;febrero-2026
11/02/2026;PANNTCA33TS;[PANNTCA33TS] EXPLORE PANTS CAB (S, Kaki - 80279);EXPLORE PANTS;CAB;S;Kaki;1,00;Cerro Verde ;febrero-2026
11/02/2026;PANNTCA43TXL;[PANNTCA43TXL] EXPLORE PANTS CAB (XL, Negro - 10);EXPLORE PANTS;CAB;XL;Negro;1,00;Cerro Verde ;febrero-2026
11/02/2026;PANNTDA33TL;[PANNTDA33TL] EXPLORE PANTS DAMA (L, Kaki - 80279);EXPLORE PANTS;DAMA;L;Kaki;1,00;La Grieta;febrero-2026
11/02/2026;PANNTDA31TL;[PANNTDA31TL] EXPLORE PANTS DAMA (L, Gris Oscuro -  9356);EXPLORE PANTS;DAMA;L;Gris Oscuro;1,00;Cerro Verde ;febrero-2026
11/02/2026;PANNTCA12TXL;[PANNTCA12TXL] EXPLORE PANTS CAB (XL, Azul Marino - 5102);EXPLORE PANTS;CAB;XL;Azul Marino;1,00;Cerro Verde ;febrero-2026
11/02/2026;PANNTKI12T8;[PANNTKI12T8] EXPLORE PANTS KIDS (8, Azul Marino - 5102);EXPLORE PANTS;KIDS;8;Azul Marino;1,00;Cerro Verde ;febrero-2026
11/02/2026;PANNTCA30TL;[PANNTCA30TL] EXPLORE PANTS CAB (L, Gris Claro - 9734);EXPLORE PANTS;CAB;L;Gris Claro;1,00;Sambil Valencia;febrero-2026
11/02/2026;PANNTKI66T2;[PANNTKI66T2] EXPLORE PANTS KIDS (2, Verde Militar - 60620);EXPLORE PANTS;KIDS;2;Verde Militar;-1,00;Cerro Verde ;febrero-2026
11/02/2026;PANNTDA31TM;[PANNTDA31TM] EXPLORE PANTS DAMA (M, Gris Oscuro -  9356);EXPLORE PANTS;DAMA;M;Gris Oscuro;1,00;Sambil Chacao ;febrero-2026
11/02/2026;PANNTCA31TM;[PANNTCA31TM] EXPLORE PANTS CAB (M, Gris Oscuro -  9356);EXPLORE PANTS;CAB;M;Gris Oscuro;1,00;Sambil Chacao ;febrero-2026
11/02/2026;PANNTCA43TL;[PANNTCA43TL] EXPLORE PANTS CAB (L, Negro - 10);EXPLORE PANTS;CAB;L;Negro;1,00;Cerro Verde ;febrero-2026
11/02/2026;PANNTDA31TM;[PANNTDA31TM] EXPLORE PANTS DAMA (M, Gris Oscuro -  9356);EXPLORE PANTS;DAMA;M;Gris Oscuro;1,00;Sambil Chacao ;febrero-2026
11/02/2026;PANNTDA66TS;[PANNTDA66TS] EXPLORE PANTS DAMA (S, Verde Militar - 60620);EXPLORE PANTS;DAMA;S;Verde Militar;1,00;Cerro Verde ;febrero-2026
12/02/2026;PANNTCA33TS;[PANNTCA33TS] EXPLORE PANTS CAB (S, Kaki - 80279);EXPLORE PANTS;CAB;S;Kaki;1,00;La Grieta;febrero-2026
12/02/2026;PANNTCA66TL;[PANNTCA66TL] EXPLORE PANTS CAB (L, Verde Militar - 60620);EXPLORE PANTS;CAB;L;Verde Militar;1,00;La Grieta;febrero-2026
12/02/2026;PANNTCA66TXL;[PANNTCA66TXL] EXPLORE PANTS CAB (XL, Verde Militar - 60620);EXPLORE PANTS;CAB;XL;Verde Militar;1,00;Cerro Verde ;febrero-2026
12/02/2026;PANNTKI43T4;[PANNTKI43T4] EXPLORE PANTS KIDS (4, Negro - 10);EXPLORE PANTS;KIDS;4;Negro;1,00;Grandplaz ;febrero-2026
12/02/2026;PANNTKI66T12;[PANNTKI66T12] EXPLORE PANTS KIDS (12, Verde Militar - 60620);EXPLORE PANTS;KIDS;12;Verde Militar;1,00;Sambil Chacao ;febrero-2026
12/02/2026;PANNTDA43TXS;[PANNTDA43TXS] EXPLORE PANTS DAMA (XS, Negro - 10);EXPLORE PANTS;DAMA;XS;Negro;1,00;Sambil Chacao ;febrero-2026
12/02/2026;PANNTCA66TL;[PANNTCA66TL] EXPLORE PANTS CAB (L, Verde Militar - 60620);EXPLORE PANTS;CAB;L;Verde Militar;1,00;La Grieta;febrero-2026
12/02/2026;PANNTCA43TM;[PANNTCA43TM] EXPLORE PANTS CAB (M, Negro - 10);EXPLORE PANTS;CAB;M;Negro;1,00;La Grieta;febrero-2026
12/02/2026;PANNTDA33TS;[PANNTDA33TS] EXPLORE PANTS DAMA (S, Kaki - 80279);EXPLORE PANTS;DAMA;S;Kaki;-1,00;Cerro Verde ;febrero-2026
12/02/2026;PANNTCA31TL;[PANNTCA31TL] EXPLORE PANTS CAB (L, Gris Oscuro -  9356);EXPLORE PANTS;CAB;L;Gris Oscuro;1,00;Sambil Valencia;febrero-2026
12/02/2026;PANNTCA33TM;[PANNTCA33TM] EXPLORE PANTS CAB (M, Kaki - 80279);EXPLORE PANTS;CAB;M;Kaki;1,00;Sambil Valencia;febrero-2026
12/02/2026;PANNTDA31TS;[PANNTDA31TS] EXPLORE PANTS DAMA (S, Gris Oscuro -  9356);EXPLORE PANTS;DAMA;S;Gris Oscuro;1,00;Cerro Verde ;febrero-2026
12/02/2026;PANNTCA33TM;[PANNTCA33TM] EXPLORE PANTS CAB (M, Kaki - 80279);EXPLORE PANTS;CAB;M;Kaki;1,00;Cerro Verde ;febrero-2026
12/02/2026;PANNTDA66TS;[PANNTDA66TS] EXPLORE PANTS DAMA (S, Verde Militar - 60620);EXPLORE PANTS;DAMA;S;Verde Militar;1,00;Cerro Verde ;febrero-2026
12/02/2026;PANNTCA33TS;[PANNTCA33TS] EXPLORE PANTS CAB (S, Kaki - 80279);EXPLORE PANTS;CAB;S;Kaki;1,00;Sambil Valencia;febrero-2026
12/02/2026;PANNTDA43TS;[PANNTDA43TS] EXPLORE PANTS DAMA (S, Negro - 10);EXPLORE PANTS;DAMA;S;Negro;1,00;Sambil Chacao ;febrero-2026
12/02/2026;PANNTCA33TS;[PANNTCA33TS] EXPLORE PANTS CAB (S, Kaki - 80279);EXPLORE PANTS;CAB;S;Kaki;1,00;Sambil Valencia;febrero-2026
12/02/2026;PANNTCA31TM;[PANNTCA31TM] EXPLORE PANTS CAB (M, Gris Oscuro -  9356);EXPLORE PANTS;CAB;M;Gris Oscuro;1,00;Cerro Verde ;febrero-2026
12/02/2026;PANNTDA43TXS;[PANNTDA43TXS] EXPLORE PANTS DAMA (XS, Negro - 10);EXPLORE PANTS;DAMA;XS;Negro;1,00;La Grieta;febrero-2026
12/02/2026;PANNTKI12T10;[PANNTKI12T10] EXPLORE PANTS KIDS (10, Azul Marino - 5102);EXPLORE PANTS;KIDS;10;Azul Marino;1,00;Sambil Valencia;febrero-2026
12/02/2026;PANNTDA43TM;[PANNTDA43TM] EXPLORE PANTS DAMA (M, Negro - 10);EXPLORE PANTS;DAMA;M;Negro;1,00;Sambil Valencia;febrero-2026
12/02/2026;PANNTDA31TXL;[PANNTDA31TXL] EXPLORE PANTS DAMA (XL, Gris Oscuro -  9356);EXPLORE PANTS;DAMA;XL;Gris Oscuro;1,00;Sambil Valencia;febrero-2026
12/02/2026;PANNTCA31TL;[PANNTCA31TL] EXPLORE PANTS CAB (L, Gris Oscuro -  9356);EXPLORE PANTS;CAB;L;Gris Oscuro;1,00;Cerro Verde ;febrero-2026
13/02/2026;PANNTDA66TS;[PANNTDA66TS] EXPLORE PANTS DAMA (S, Verde Militar - 60620);EXPLORE PANTS;DAMA;S;Verde Militar;1,00;Grandplaz ;febrero-2026
13/02/2026;PANNTCA43TL;[PANNTCA43TL] EXPLORE PANTS CAB (L, Negro - 10);EXPLORE PANTS;CAB;L;Negro;1,00;La Grieta;febrero-2026
13/02/2026;PANNTDA33TM;[PANNTDA33TM] EXPLORE PANTS DAMA (M, Kaki - 80279);EXPLORE PANTS;DAMA;M;Kaki;1,00;La Grieta;febrero-2026
13/02/2026;PANNTDA33TS;[PANNTDA33TS] EXPLORE PANTS DAMA (S, Kaki - 80279);EXPLORE PANTS;DAMA;S;Kaki;1,00;La Grieta;febrero-2026
13/02/2026;PANNTCA33TL;[PANNTCA33TL] EXPLORE PANTS CAB (L, Kaki - 80279);EXPLORE PANTS;CAB;L;Kaki;1,00;La Grieta;febrero-2026
13/02/2026;PANNTCA43TM;[PANNTCA43TM] EXPLORE PANTS CAB (M, Negro - 10);EXPLORE PANTS;CAB;M;Negro;1,00;Cerro Verde ;febrero-2026
13/02/2026;PANNTDA43TXL;[PANNTDA43TXL] EXPLORE PANTS DAMA (XL, Negro - 10);EXPLORE PANTS;DAMA;XL;Negro;1,00;Sambil Chacao ;febrero-2026
13/02/2026;PANNTCA33TM;[PANNTCA33TM] EXPLORE PANTS CAB (M, Kaki - 80279);EXPLORE PANTS;CAB;M;Kaki;1,00;La Grieta;febrero-2026
13/02/2026;PANNTDA66TXS;[PANNTDA66TXS] EXPLORE PANTS DAMA (XS, Verde Militar - 60620);EXPLORE PANTS;DAMA;XS;Verde Militar;1,00;La Grieta;febrero-2026
13/02/2026;PANNTDA33TL;[PANNTDA33TL] EXPLORE PANTS DAMA (L, Kaki - 80279);EXPLORE PANTS;DAMA;L;Kaki;1,00;Sambil Valencia;febrero-2026
13/02/2026;PANNTCA66TXL;[PANNTCA66TXL] EXPLORE PANTS CAB (XL, Verde Militar - 60620);EXPLORE PANTS;CAB;XL;Verde Militar;1,00;La Grieta;febrero-2026
13/02/2026;PANNTCA31TL;[PANNTCA31TL] EXPLORE PANTS CAB (L, Gris Oscuro -  9356);EXPLORE PANTS;CAB;L;Gris Oscuro;1,00;Cerro Verde ;febrero-2026
13/02/2026;PANNTCA33TL;[PANNTCA33TL] EXPLORE PANTS CAB (L, Kaki - 80279);EXPLORE PANTS;CAB;L;Kaki;2,00;Cerro Verde ;febrero-2026
13/02/2026;PANNTCA30TL;[PANNTCA30TL] EXPLORE PANTS CAB (L, Gris Claro - 9734);EXPLORE PANTS;CAB;L;Gris Claro;1,00;Cerro Verde ;febrero-2026
13/02/2026;PANNTCA43TL;[PANNTCA43TL] EXPLORE PANTS CAB (L, Negro - 10);EXPLORE PANTS;CAB;L;Negro;2,00;Cerro Verde ;febrero-2026
13/02/2026;PANNTDA31TM;[PANNTDA31TM] EXPLORE PANTS DAMA (M, Gris Oscuro -  9356);EXPLORE PANTS;DAMA;M;Gris Oscuro;-1,00;Sambil Chacao ;febrero-2026
13/02/2026;PANNTCA31TM;[PANNTCA31TM] EXPLORE PANTS CAB (M, Gris Oscuro -  9356);EXPLORE PANTS;CAB;M;Gris Oscuro;-1,00;Sambil Chacao ;febrero-2026
13/02/2026;PANNTDA31TL;[PANNTDA31TL] EXPLORE PANTS DAMA (L, Gris Oscuro -  9356);EXPLORE PANTS;DAMA;L;Gris Oscuro;1,00;Sambil Chacao ;febrero-2026
13/02/2026;PANNTCA31TL;[PANNTCA31TL] EXPLORE PANTS CAB (L, Gris Oscuro -  9356);EXPLORE PANTS;CAB;L;Gris Oscuro;1,00;Sambil Chacao ;febrero-2026
13/02/2026;PANNTDA33TXL;[PANNTDA33TXL] EXPLORE PANTS DAMA (XL, Kaki - 80279);EXPLORE PANTS;DAMA;XL;Kaki;1,00;Sambil Valencia;febrero-2026
13/02/2026;PANNTDA43TM;[PANNTDA43TM] EXPLORE PANTS DAMA (M, Negro - 10);EXPLORE PANTS;DAMA;M;Negro;1,00;Grandplaz ;febrero-2026
13/02/2026;PANNTCA66TXL;[PANNTCA66TXL] EXPLORE PANTS CAB (XL, Verde Militar - 60620);EXPLORE PANTS;CAB;XL;Verde Militar;1,00;Cerro Verde ;febrero-2026
13/02/2026;PANNTCA43TL;[PANNTCA43TL] EXPLORE PANTS CAB (L, Negro - 10);EXPLORE PANTS;CAB;L;Negro;-1,00;Sambil Chacao ;febrero-2026
13/02/2026;PANNTCA12TXL;[PANNTCA12TXL] EXPLORE PANTS CAB (XL, Azul Marino - 5102);EXPLORE PANTS;CAB;XL;Azul Marino;1,00;Sambil Chacao ;febrero-2026
13/02/2026;PANNTDA33TS;[PANNTDA33TS] EXPLORE PANTS DAMA (S, Kaki - 80279);EXPLORE PANTS;DAMA;S;Kaki;1,00;Sambil Chacao ;febrero-2026
14/02/2026;PANNTDA43TM;[PANNTDA43TM] EXPLORE PANTS DAMA (M, Negro - 10);EXPLORE PANTS;DAMA;M;Negro;-1,00;Grandplaz ;febrero-2026
14/02/2026;PANNTDA43TXL;[PANNTDA43TXL] EXPLORE PANTS DAMA (XL, Negro - 10);EXPLORE PANTS;DAMA;XL;Negro;1,00;Grandplaz ;febrero-2026
14/02/2026;PANNTCA12TM;[PANNTCA12TM] EXPLORE PANTS CAB (M, Azul Marino - 5102);EXPLORE PANTS;CAB;M;Azul Marino;1,00;Cerro Verde ;febrero-2026
14/02/2026;PANNTDA12TM;[PANNTDA12TM] EXPLORE PANTS DAMA (M, Azul Marino - 5102);EXPLORE PANTS;DAMA;M;Azul Marino;1,00;Cerro Verde ;febrero-2026
14/02/2026;PANNTDA43TM;[PANNTDA43TM] EXPLORE PANTS DAMA (M, Negro - 10);EXPLORE PANTS;DAMA;M;Negro;1,00;Cerro Verde ;febrero-2026
14/02/2026;PANNTDA43TL;[PANNTDA43TL] EXPLORE PANTS DAMA (L, Negro - 10);EXPLORE PANTS;DAMA;L;Negro;1,00;La Grieta;febrero-2026
14/02/2026;PANNTDA43TXL;[PANNTDA43TXL] EXPLORE PANTS DAMA (XL, Negro - 10);EXPLORE PANTS;DAMA;XL;Negro;1,00;Sambil Chacao ;febrero-2026
14/02/2026;PANNTCA31TXL;[PANNTCA31TXL] EXPLORE PANTS CAB (XL, Gris Oscuro -  9356);EXPLORE PANTS;CAB;XL;Gris Oscuro;1,00;La Grieta;febrero-2026
14/02/2026;PANNTCA30TS;[PANNTCA30TS] EXPLORE PANTS CAB (S, Gris Claro - 9734);EXPLORE PANTS;CAB;S;Gris Claro;1,00;Grandplaz ;febrero-2026
14/02/2026;PANNTCA33TS;[PANNTCA33TS] EXPLORE PANTS CAB (S, Kaki - 80279);EXPLORE PANTS;CAB;S;Kaki;1,00;Grandplaz ;febrero-2026
14/02/2026;PANNTCA31TXL;[PANNTCA31TXL] EXPLORE PANTS CAB (XL, Gris Oscuro -  9356);EXPLORE PANTS;CAB;XL;Gris Oscuro;1,00;Grandplaz ;febrero-2026
14/02/2026;PANNTCA43TXL;[PANNTCA43TXL] EXPLORE PANTS CAB (XL, Negro - 10);EXPLORE PANTS;CAB;XL;Negro;1,00;Sambil Valencia;febrero-2026
14/02/2026;PANNTDA43TM;[PANNTDA43TM] EXPLORE PANTS DAMA (M, Negro - 10);EXPLORE PANTS;DAMA;M;Negro;1,00;Sambil Chacao ;febrero-2026
14/02/2026;PANNTDA31TM;[PANNTDA31TM] EXPLORE PANTS DAMA (M, Gris Oscuro -  9356);EXPLORE PANTS;DAMA;M;Gris Oscuro;1,00;Sambil Chacao ;febrero-2026
14/02/2026;PANNTDA12TM;[PANNTDA12TM] EXPLORE PANTS DAMA (M, Azul Marino - 5102);EXPLORE PANTS;DAMA;M;Azul Marino;1,00;Sambil Chacao ;febrero-2026
14/02/2026;PANNTDA66TM;[PANNTDA66TM] EXPLORE PANTS DAMA (M, Verde Militar - 60620);EXPLORE PANTS;DAMA;M;Verde Militar;1,00;Sambil Chacao ;febrero-2026
14/02/2026;PANNTCA66TL;[PANNTCA66TL] EXPLORE PANTS CAB (L, Verde Militar - 60620);EXPLORE PANTS;CAB;L;Verde Militar;1,00;Grandplaz ;febrero-2026
14/02/2026;PANNTCA33TS;[PANNTCA33TS] EXPLORE PANTS CAB (S, Kaki - 80279);EXPLORE PANTS;CAB;S;Kaki;1,00;Sambil Valencia;febrero-2026
15/02/2026;PANNTCA30TS;[PANNTCA30TS] EXPLORE PANTS CAB (S, Gris Claro - 9734);EXPLORE PANTS;CAB;S;Gris Claro;1,00;Cerro Verde ;febrero-2026
15/02/2026;PANNTDA33TM;[PANNTDA33TM] EXPLORE PANTS DAMA (M, Kaki - 80279);EXPLORE PANTS;DAMA;M;Kaki;1,00;Sambil Valencia;febrero-2026
15/02/2026;PANNTCA43TXL;[PANNTCA43TXL] EXPLORE PANTS CAB (XL, Negro - 10);EXPLORE PANTS;CAB;XL;Negro;1,00;Sambil Valencia;febrero-2026
15/02/2026;PANNTDA30TL;[PANNTDA30TL] EXPLORE PANTS DAMA (L, Gris Claro - 9734);EXPLORE PANTS;DAMA;L;Gris Claro;1,00;Cerro Verde ;febrero-2026
15/02/2026;PANNTDA33TM;[PANNTDA33TM] EXPLORE PANTS DAMA (M, Kaki - 80279);EXPLORE PANTS;DAMA;M;Kaki;1,00;Cerro Verde ;febrero-2026
15/02/2026;PANNTCA33TXL;[PANNTCA33TXL] EXPLORE PANTS CAB (XL, Kaki - 80279);EXPLORE PANTS;CAB;XL;Kaki;1,00;Sambil Valencia;febrero-2026
15/02/2026;PANNTCA31TL;[PANNTCA31TL] EXPLORE PANTS CAB (L, Gris Oscuro -  9356);EXPLORE PANTS;CAB;L;Gris Oscuro;1,00;Sambil Valencia;febrero-2026
15/02/2026;PANNTCA33TL;[PANNTCA33TL] EXPLORE PANTS CAB (L, Kaki - 80279);EXPLORE PANTS;CAB;L;Kaki;1,00;Sambil Valencia;febrero-2026
16/02/2026;PANNTCA33TL;[PANNTCA33TL] EXPLORE PANTS CAB (L, Kaki - 80279);EXPLORE PANTS;CAB;L;Kaki;1,00;La Grieta;febrero-2026
18/02/2026;PANNTDA43TM;[PANNTDA43TM] EXPLORE PANTS DAMA (M, Negro - 10);EXPLORE PANTS;DAMA;M;Negro;1,00;Sambil Valencia;febrero-2026
18/02/2026;PANNTDA43TL;[PANNTDA43TL] EXPLORE PANTS DAMA (L, Negro - 10);EXPLORE PANTS;DAMA;L;Negro;1,00;Sambil Valencia;febrero-2026
18/02/2026;PANNTDA12TM;[PANNTDA12TM] EXPLORE PANTS DAMA (M, Azul Marino - 5102);EXPLORE PANTS;DAMA;M;Azul Marino;1,00;Sambil Valencia;febrero-2026
18/02/2026;PANNTCA12TM;[PANNTCA12TM] EXPLORE PANTS CAB (M, Azul Marino - 5102);EXPLORE PANTS;CAB;M;Azul Marino;1,00;Sambil Valencia;febrero-2026
18/02/2026;PANNTCA43TM;[PANNTCA43TM] EXPLORE PANTS CAB (M, Negro - 10);EXPLORE PANTS;CAB;M;Negro;1,00;Sambil Valencia;febrero-2026
18/02/2026;PANNTCA43TL;[PANNTCA43TL] EXPLORE PANTS CAB (L, Negro - 10);EXPLORE PANTS;CAB;L;Negro;1,00;Sambil Valencia;febrero-2026
18/02/2026;PANNTCA30TL;[PANNTCA30TL] EXPLORE PANTS CAB (L, Gris Claro - 9734);EXPLORE PANTS;CAB;L;Gris Claro;1,00;Sambil Valencia;febrero-2026
18/02/2026;PANNTDA30TM;[PANNTDA30TM] EXPLORE PANTS DAMA (M, Gris Claro - 9734);EXPLORE PANTS;DAMA;M;Gris Claro;1,00;La Grieta;febrero-2026
18/02/2026;PANNTKI66T8;[PANNTKI66T8] EXPLORE PANTS KIDS (8, Verde Militar - 60620);EXPLORE PANTS;KIDS;8;Verde Militar;1,00;Cerro Verde ;febrero-2026
18/02/2026;PANNTKI12T10;[PANNTKI12T10] EXPLORE PANTS KIDS (10, Azul Marino - 5102);EXPLORE PANTS;KIDS;10;Azul Marino;1,00;Cerro Verde ;febrero-2026
19/02/2026;PANNTCA43TL;[PANNTCA43TL] EXPLORE PANTS CAB (L, Negro - 10);EXPLORE PANTS;CAB;L;Negro;1,00;Sambil Valencia;febrero-2026
19/02/2026;PANNTDA30TL;[PANNTDA30TL] EXPLORE PANTS DAMA (L, Gris Claro - 9734);EXPLORE PANTS;DAMA;L;Gris Claro;1,00;Sambil Chacao ;febrero-2026
19/02/2026;PANNTCA31TM;[PANNTCA31TM] EXPLORE PANTS CAB (M, Gris Oscuro -  9356);EXPLORE PANTS;CAB;M;Gris Oscuro;2,00;Sambil Chacao ;febrero-2026
19/02/2026;PANNTDA30TL;[PANNTDA30TL] EXPLORE PANTS DAMA (L, Gris Claro - 9734);EXPLORE PANTS;DAMA;L;Gris Claro;2,00;Sambil Chacao ;febrero-2026
19/02/2026;PANNTCA30TM;[PANNTCA30TM] EXPLORE PANTS CAB (M, Gris Claro - 9734);EXPLORE PANTS;CAB;M;Gris Claro;2,00;Sambil Chacao ;febrero-2026
19/02/2026;PANNTDA30TL;[PANNTDA30TL] EXPLORE PANTS DAMA (L, Gris Claro - 9734);EXPLORE PANTS;DAMA;L;Gris Claro;-1,00;Sambil Chacao ;febrero-2026
19/02/2026;PANNTCA31TM;[PANNTCA31TM] EXPLORE PANTS CAB (M, Gris Oscuro -  9356);EXPLORE PANTS;CAB;M;Gris Oscuro;-2,00;Sambil Chacao ;febrero-2026
19/02/2026;PANNTDA30TL;[PANNTDA30TL] EXPLORE PANTS DAMA (L, Gris Claro - 9734);EXPLORE PANTS;DAMA;L;Gris Claro;-2,00;Sambil Chacao ;febrero-2026
19/02/2026;PANNTCA30TM;[PANNTCA30TM] EXPLORE PANTS CAB (M, Gris Claro - 9734);EXPLORE PANTS;CAB;M;Gris Claro;-2,00;Sambil Chacao ;febrero-2026
19/02/2026;PANNTDA66TL;[PANNTDA66TL] EXPLORE PANTS DAMA (L, Verde Militar - 60620);EXPLORE PANTS;DAMA;L;Verde Militar;1,00;La Grieta;febrero-2026
19/02/2026;PANNTCA66TXL;[PANNTCA66TXL] EXPLORE PANTS CAB (XL, Verde Militar - 60620);EXPLORE PANTS;CAB;XL;Verde Militar;1,00;Sambil Valencia;febrero-2026
20/02/2026;PANNTCA31TXL;[PANNTCA31TXL] EXPLORE PANTS CAB (XL, Gris Oscuro -  9356);EXPLORE PANTS;CAB;XL;Gris Oscuro;1,00;Sambil Chacao ;febrero-2026
20/02/2026;PANNTCA43TXL;[PANNTCA43TXL] EXPLORE PANTS CAB (XL, Negro - 10);EXPLORE PANTS;CAB;XL;Negro;1,00;Sambil Chacao ;febrero-2026
20/02/2026;PANNTCA12TL;[PANNTCA12TL] EXPLORE PANTS CAB (L, Azul Marino - 5102);EXPLORE PANTS;CAB;L;Azul Marino;1,00;Cerro Verde ;febrero-2026
20/02/2026;PANNTCA31TXL;[PANNTCA31TXL] EXPLORE PANTS CAB (XL, Gris Oscuro -  9356);EXPLORE PANTS;CAB;XL;Gris Oscuro;1,00;Sambil Valencia;febrero-2026
20/02/2026;PANNTCA33TM;[PANNTCA33TM] EXPLORE PANTS CAB (M, Kaki - 80279);EXPLORE PANTS;CAB;M;Kaki;1,00;Sambil Valencia;febrero-2026
20/02/2026;PANNTCA43TM;[PANNTCA43TM] EXPLORE PANTS CAB (M, Negro - 10);EXPLORE PANTS;CAB;M;Negro;1,00;Sambil Valencia;febrero-2026
21/02/2026;PANNTDA33TL;[PANNTDA33TL] EXPLORE PANTS DAMA (L, Kaki - 80279);EXPLORE PANTS;DAMA;L;Kaki;1,00;Grandplaz ;febrero-2026
21/02/2026;PANNTDA33TL;[PANNTDA33TL] EXPLORE PANTS DAMA (L, Kaki - 80279);EXPLORE PANTS;DAMA;L;Kaki;1,00;Cerro Verde ;febrero-2026
21/02/2026;PANNTCA31TL;[PANNTCA31TL] EXPLORE PANTS CAB (L, Gris Oscuro -  9356);EXPLORE PANTS;CAB;L;Gris Oscuro;1,00;Sambil Chacao ;febrero-2026
21/02/2026;PANNTDA43TS;[PANNTDA43TS] EXPLORE PANTS DAMA (S, Negro - 10);EXPLORE PANTS;DAMA;S;Negro;1,00;Sambil Chacao ;febrero-2026
21/02/2026;PANNTDA33TM;[PANNTDA33TM] EXPLORE PANTS DAMA (M, Kaki - 80279);EXPLORE PANTS;DAMA;M;Kaki;1,00;Cerro Verde ;febrero-2026
21/02/2026;PANNTDA66TM;[PANNTDA66TM] EXPLORE PANTS DAMA (M, Verde Militar - 60620);EXPLORE PANTS;DAMA;M;Verde Militar;1,00;Sambil Valencia;febrero-2026
21/02/2026;PANNTCA43TL;[PANNTCA43TL] EXPLORE PANTS CAB (L, Negro - 10);EXPLORE PANTS;CAB;L;Negro;1,00;Sambil Chacao ;febrero-2026
22/02/2026;PANNTDA66TXL;[PANNTDA66TXL] EXPLORE PANTS DAMA (XL, Verde Militar - 60620);EXPLORE PANTS;DAMA;XL;Verde Militar;1,00;Cerro Verde ;febrero-2026
22/02/2026;PANNTCA31TL;[PANNTCA31TL] EXPLORE PANTS CAB (L, Gris Oscuro -  9356);EXPLORE PANTS;CAB;L;Gris Oscuro;1,00;Cerro Verde ;febrero-2026
22/02/2026;PANNTCA43TS;[PANNTCA43TS] EXPLORE PANTS CAB (S, Negro - 10);EXPLORE PANTS;CAB;S;Negro;2,00;Sambil Chacao ;febrero-2026
22/02/2026;PANNTKI30T12;[PANNTKI30T12] EXPLORE PANTS KIDS (12, Gris Claro - 9734);EXPLORE PANTS;KIDS;12;Gris Claro;1,00;Sambil Valencia;febrero-2026
22/02/2026;PANNTDA33TS;[PANNTDA33TS] EXPLORE PANTS DAMA (S, Kaki - 80279);EXPLORE PANTS;DAMA;S;Kaki;1,00;Sambil Valencia;febrero-2026
22/02/2026;PANNTDA43TS;[PANNTDA43TS] EXPLORE PANTS DAMA (S, Negro - 10);EXPLORE PANTS;DAMA;S;Negro;1,00;Sambil Valencia;febrero-2026
22/02/2026;PANNTDA33TS;[PANNTDA33TS] EXPLORE PANTS DAMA (S, Kaki - 80279);EXPLORE PANTS;DAMA;S;Kaki;1,00;Sambil Valencia;febrero-2026
23/02/2026;PANNTDA43TS;[PANNTDA43TS] EXPLORE PANTS DAMA (S, Negro - 10);EXPLORE PANTS;DAMA;S;Negro;1,00;Sambil Valencia;febrero-2026
23/02/2026;PANNTCA12TL;[PANNTCA12TL] EXPLORE PANTS CAB (L, Azul Marino - 5102);EXPLORE PANTS;CAB;L;Azul Marino;1,00;La Grieta;febrero-2026
23/02/2026;PANNTCA31TL;[PANNTCA31TL] EXPLORE PANTS CAB (L, Gris Oscuro -  9356);EXPLORE PANTS;CAB;L;Gris Oscuro;1,00;La Grieta;febrero-2026
23/02/2026;PANNTDA43TXS;[PANNTDA43TXS] EXPLORE PANTS DAMA (XS, Negro - 10);EXPLORE PANTS;DAMA;XS;Negro;1,00;Sambil Chacao ;febrero-2026
23/02/2026;PANNTCA43TL;[PANNTCA43TL] EXPLORE PANTS CAB (L, Negro - 10);EXPLORE PANTS;CAB;L;Negro;-1,00;Sambil Chacao ;febrero-2026
23/02/2026;PANNTCA43TXL;[PANNTCA43TXL] EXPLORE PANTS CAB (XL, Negro - 10);EXPLORE PANTS;CAB;XL;Negro;1,00;Sambil Chacao ;febrero-2026
24/02/2026;PANNTCA31TM;[PANNTCA31TM] EXPLORE PANTS CAB (M, Gris Oscuro -  9356);EXPLORE PANTS;CAB;M;Gris Oscuro;1,00;Cerro Verde ;febrero-2026
24/02/2026;PANNTDA43TL;[PANNTDA43TL] EXPLORE PANTS DAMA (L, Negro - 10);EXPLORE PANTS;DAMA;L;Negro;1,00;Cerro Verde ;febrero-2026
24/02/2026;PANNTDA31TS;[PANNTDA31TS] EXPLORE PANTS DAMA (S, Gris Oscuro -  9356);EXPLORE PANTS;DAMA;S;Gris Oscuro;-1,00;Cerro Verde ;febrero-2026
24/02/2026;PANNTDA66TS;[PANNTDA66TS] EXPLORE PANTS DAMA (S, Verde Militar - 60620);EXPLORE PANTS;DAMA;S;Verde Militar;-1,00;Cerro Verde ;febrero-2026
24/02/2026;PANNTDA43TL;[PANNTDA43TL] EXPLORE PANTS DAMA (L, Negro - 10);EXPLORE PANTS;DAMA;L;Negro;1,00;Sambil Valencia;febrero-2026
24/02/2026;PANNTCA43TL;[PANNTCA43TL] EXPLORE PANTS CAB (L, Negro - 10);EXPLORE PANTS;CAB;L;Negro;1,00;Sambil Chacao ;febrero-2026
24/02/2026;PANNTCA12TXL;[PANNTCA12TXL] EXPLORE PANTS CAB (XL, Azul Marino - 5102);EXPLORE PANTS;CAB;XL;Azul Marino;1,00;Grandplaz ;febrero-2026
24/02/2026;PANNTDA43TXL;[PANNTDA43TXL] EXPLORE PANTS DAMA (XL, Negro - 10);EXPLORE PANTS;DAMA;XL;Negro;1,00;Cerro Verde ;febrero-2026
24/02/2026;PANNTDA33TM;[PANNTDA33TM] EXPLORE PANTS DAMA (M, Kaki - 80279);EXPLORE PANTS;DAMA;M;Kaki;1,00;Sambil Valencia;febrero-2026
24/02/2026;PANNTDA31TS;[PANNTDA31TS] EXPLORE PANTS DAMA (S, Gris Oscuro -  9356);EXPLORE PANTS;DAMA;S;Gris Oscuro;1,00;Cerro Verde ;febrero-2026
24/02/2026;PANNTDA12TXL;[PANNTDA12TXL] EXPLORE PANTS DAMA (XL, Azul Marino - 5102);EXPLORE PANTS;DAMA;XL;Azul Marino;1,00;Cerro Verde ;febrero-2026
24/02/2026;PANNTCA12TXL;[PANNTCA12TXL] EXPLORE PANTS CAB (XL, Azul Marino - 5102);EXPLORE PANTS;CAB;XL;Azul Marino;1,00;Cerro Verde ;febrero-2026
24/02/2026;PANNTCA43TS;[PANNTCA43TS] EXPLORE PANTS CAB (S, Negro - 10);EXPLORE PANTS;CAB;S;Negro;1,00;Cerro Verde ;febrero-2026
25/02/2026;PANNTDA33TM;[PANNTDA33TM] EXPLORE PANTS DAMA (M, Kaki - 80279);EXPLORE PANTS;DAMA;M;Kaki;1,00;Sambil Chacao ;febrero-2026
25/02/2026;PANNTCA43TM;[PANNTCA43TM] EXPLORE PANTS CAB (M, Negro - 10);EXPLORE PANTS;CAB;M;Negro;1,00;Grandplaz ;febrero-2026
25/02/2026;PANNTCA33TL;[PANNTCA33TL] EXPLORE PANTS CAB (L, Kaki - 80279);EXPLORE PANTS;CAB;L;Kaki;1,00;Grandplaz ;febrero-2026
25/02/2026;PANNTCA43TL;[PANNTCA43TL] EXPLORE PANTS CAB (L, Negro - 10);EXPLORE PANTS;CAB;L;Negro;1,00;Grandplaz ;febrero-2026
25/02/2026;PANNTCA31TXL;[PANNTCA31TXL] EXPLORE PANTS CAB (XL, Gris Oscuro -  9356);EXPLORE PANTS;CAB;XL;Gris Oscuro;1,00;Sambil Chacao ;febrero-2026
25/02/2026;PANNTCA43TM;[PANNTCA43TM] EXPLORE PANTS CAB (M, Negro - 10);EXPLORE PANTS;CAB;M;Negro;1,00;Sambil Chacao ;febrero-2026
25/02/2026;PANNTCA12TM;[PANNTCA12TM] EXPLORE PANTS CAB (M, Azul Marino - 5102);EXPLORE PANTS;CAB;M;Azul Marino;1,00;Sambil Chacao ;febrero-2026
25/02/2026;PANNTDA43TL;[PANNTDA43TL] EXPLORE PANTS DAMA (L, Negro - 10);EXPLORE PANTS;DAMA;L;Negro;1,00;Sambil Chacao ;febrero-2026
25/02/2026;PANNTDA43TM;[PANNTDA43TM] EXPLORE PANTS DAMA (M, Negro - 10);EXPLORE PANTS;DAMA;M;Negro;1,00;Sambil Chacao ;febrero-2026
25/02/2026;PANNTDA43TS;[PANNTDA43TS] EXPLORE PANTS DAMA (S, Negro - 10);EXPLORE PANTS;DAMA;S;Negro;1,00;Sambil Chacao ;febrero-2026
25/02/2026;PANNTCA43TXL;[PANNTCA43TXL] EXPLORE PANTS CAB (XL, Negro - 10);EXPLORE PANTS;CAB;XL;Negro;2,00;Sambil Chacao ;febrero-2026
26/02/2026;PANNTCA43TM;[PANNTCA43TM] EXPLORE PANTS CAB (M, Negro - 10);EXPLORE PANTS;CAB;M;Negro;1,00;Sambil Valencia;febrero-2026
26/02/2026;PANNTCA33TM;[PANNTCA33TM] EXPLORE PANTS CAB (M, Kaki - 80279);EXPLORE PANTS;CAB;M;Kaki;1,00;Sambil Valencia;febrero-2026
26/02/2026;PANNTCA31TM;[PANNTCA31TM] EXPLORE PANTS CAB (M, Gris Oscuro -  9356);EXPLORE PANTS;CAB;M;Gris Oscuro;-1,00;Cerro Verde ;febrero-2026
26/02/2026;PANNTDA43TL;[PANNTDA43TL] EXPLORE PANTS DAMA (L, Negro - 10);EXPLORE PANTS;DAMA;L;Negro;-1,00;Cerro Verde ;febrero-2026
26/02/2026;PANNTCA31TL;[PANNTCA31TL] EXPLORE PANTS CAB (L, Gris Oscuro -  9356);EXPLORE PANTS;CAB;L;Gris Oscuro;1,00;Cerro Verde ;febrero-2026
26/02/2026;PANNTDA43TXL;[PANNTDA43TXL] EXPLORE PANTS DAMA (XL, Negro - 10);EXPLORE PANTS;DAMA;XL;Negro;1,00;Cerro Verde ;febrero-2026
26/02/2026;PANNTDA43TL;[PANNTDA43TL] EXPLORE PANTS DAMA (L, Negro - 10);EXPLORE PANTS;DAMA;L;Negro;1,00;La Grieta;febrero-2026
26/02/2026;PANNTCA43TM;[PANNTCA43TM] EXPLORE PANTS CAB (M, Negro - 10);EXPLORE PANTS;CAB;M;Negro;1,00;Cerro Verde ;febrero-2026
26/02/2026;PANNTCA30TL;[PANNTCA30TL] EXPLORE PANTS CAB (L, Gris Claro - 9734);EXPLORE PANTS;CAB;L;Gris Claro;1,00;Cerro Verde ;febrero-2026
26/02/2026;PANNTCA33TL;[PANNTCA33TL] EXPLORE PANTS CAB (L, Kaki - 80279);EXPLORE PANTS;CAB;L;Kaki;1,00;Cerro Verde ;febrero-2026
26/02/2026;PANNTCA43TXL;[PANNTCA43TXL] EXPLORE PANTS CAB (XL, Negro - 10);EXPLORE PANTS;CAB;XL;Negro;1,00;Cerro Verde ;febrero-2026
26/02/2026;PANNTDA43TM;[PANNTDA43TM] EXPLORE PANTS DAMA (M, Negro - 10);EXPLORE PANTS;DAMA;M;Negro;1,00;La Grieta;febrero-2026
26/02/2026;PANNTCA31TL;[PANNTCA31TL] EXPLORE PANTS CAB (L, Gris Oscuro -  9356);EXPLORE PANTS;CAB;L;Gris Oscuro;1,00;Cerro Verde ;febrero-2026
27/02/2026;PANNTKI12T8;[PANNTKI12T8] EXPLORE PANTS KIDS (8, Azul Marino - 5102);EXPLORE PANTS;KIDS;8;Azul Marino;1,00;Cerro Verde ;febrero-2026
27/02/2026;PANNTDA12TM;[PANNTDA12TM] EXPLORE PANTS DAMA (M, Azul Marino - 5102);EXPLORE PANTS;DAMA;M;Azul Marino;1,00;Sambil Chacao ;febrero-2026
27/02/2026;PANNTDA33TM;[PANNTDA33TM] EXPLORE PANTS DAMA (M, Kaki - 80279);EXPLORE PANTS;DAMA;M;Kaki;-1,00;Sambil Valencia;febrero-2026
27/02/2026;PANNTDA43TS;[PANNTDA43TS] EXPLORE PANTS DAMA (S, Negro - 10);EXPLORE PANTS;DAMA;S;Negro;1,00;Sambil Valencia;febrero-2026
27/02/2026;PANNTCA33TM;[PANNTCA33TM] EXPLORE PANTS CAB (M, Kaki - 80279);EXPLORE PANTS;CAB;M;Kaki;1,00;Sambil Valencia;febrero-2026
27/02/2026;PANNTCA31TS;[PANNTCA31TS] EXPLORE PANTS CAB (S, Gris Oscuro -  9356);EXPLORE PANTS;CAB;S;Gris Oscuro;1,00;Cerro Verde ;febrero-2026
27/02/2026;PANNTDA12TXL;[PANNTDA12TXL] EXPLORE PANTS DAMA (XL, Azul Marino - 5102);EXPLORE PANTS;DAMA;XL;Azul Marino;1,00;Cerro Verde ;febrero-2026
28/02/2026;PANNTCA31TXL;[PANNTCA31TXL] EXPLORE PANTS CAB (XL, Gris Oscuro -  9356);EXPLORE PANTS;CAB;XL;Gris Oscuro;-1,00;La Grieta;febrero-2026
28/02/2026;PANNTCA43TXL;[PANNTCA43TXL] EXPLORE PANTS CAB (XL, Negro - 10);EXPLORE PANTS;CAB;XL;Negro;-2,00;La Grieta;febrero-2026
28/02/2026;PANNTCA33TXL;[PANNTCA33TXL] EXPLORE PANTS CAB (XL, Kaki - 80279);EXPLORE PANTS;CAB;XL;Kaki;-1,00;La Grieta;febrero-2026
28/02/2026;PANNTDA12TM;[PANNTDA12TM] EXPLORE PANTS DAMA (M, Azul Marino - 5102);EXPLORE PANTS;DAMA;M;Azul Marino;1,00;La Grieta;febrero-2026
28/02/2026;PANNTCA43TM;[PANNTCA43TM] EXPLORE PANTS CAB (M, Negro - 10);EXPLORE PANTS;CAB;M;Negro;-1,00;Cerro Verde ;febrero-2026
28/02/2026;PANNTCA43TL;[PANNTCA43TL] EXPLORE PANTS CAB (L, Negro - 10);EXPLORE PANTS;CAB;L;Negro;1,00;Cerro Verde ;febrero-2026
28/02/2026;PANNTDA30TXL;[PANNTDA30TXL] EXPLORE PANTS DAMA (XL, Gris Claro - 9734);EXPLORE PANTS;DAMA;XL;Gris Claro;1,00;La Grieta;febrero-2026
28/02/2026;PANNTCA43TXL;[PANNTCA43TXL] EXPLORE PANTS CAB (XL, Negro - 10);EXPLORE PANTS;CAB;XL;Negro;1,00;La Grieta;febrero-2026
28/02/2026;PANNTDA43TM;[PANNTDA43TM] EXPLORE PANTS DAMA (M, Negro - 10);EXPLORE PANTS;DAMA;M;Negro;1,00;La Grieta;febrero-2026
28/02/2026;PANNTKI43T12;[PANNTKI43T12] EXPLORE PANTS KIDS (12, Negro - 10);EXPLORE PANTS;KIDS;12;Negro;1,00;La Grieta;febrero-2026
28/02/2026;PANNTDA30TXS;[PANNTDA30TXS] EXPLORE PANTS DAMA (XS, Gris Claro - 9734);EXPLORE PANTS;DAMA;XS;Gris Claro;1,00;Grandplaz ;febrero-2026
28/02/2026;PANNTDA43TL;[PANNTDA43TL] EXPLORE PANTS DAMA (L, Negro - 10);EXPLORE PANTS;DAMA;L;Negro;1,00;Sambil Valencia;febrero-2026
01/03/2026;PANNTDA43TL;[PANNTDA43TL] EXPLORE PANTS DAMA (L, Negro - 10);EXPLORE PANTS;DAMA;L;Negro;1,00;Cerro Verde ;marzo-2026
01/03/2026;PANNTCA66TL;[PANNTCA66TL] EXPLORE PANTS CAB (L, Verde Militar - 60620);EXPLORE PANTS;CAB;L;Verde Militar;1,00;Cerro Verde ;marzo-2026
01/03/2026;PANNTCA43TM;[PANNTCA43TM] EXPLORE PANTS CAB (M, Negro - 10);EXPLORE PANTS;CAB;M;Negro;1,00;Cerro Verde ;marzo-2026
02/03/2026;PANNTCA12TS;[PANNTCA12TS] EXPLORE PANTS CAB (S, Azul Marino - 5102);EXPLORE PANTS;CAB;S;Azul Marino;1,00;Sambil Valencia;marzo-2026
02/03/2026;PANNTDA43TS;[PANNTDA43TS] EXPLORE PANTS DAMA (S, Negro - 10);EXPLORE PANTS;DAMA;S;Negro;1,00;Sambil Valencia;marzo-2026
02/03/2026;PANNTDA30TS;[PANNTDA30TS] EXPLORE PANTS DAMA (S, Gris Claro - 9734);EXPLORE PANTS;DAMA;S;Gris Claro;1,00;Sambil Valencia;marzo-2026
02/03/2026;PANNTDA66TS;[PANNTDA66TS] EXPLORE PANTS DAMA (S, Verde Militar - 60620);EXPLORE PANTS;DAMA;S;Verde Militar;1,00;Sambil Valencia;marzo-2026
02/03/2026;PANNTCA12TS;[PANNTCA12TS] EXPLORE PANTS CAB (S, Azul Marino - 5102);EXPLORE PANTS;CAB;S;Azul Marino;1,00;Grandplaz ;marzo-2026
02/03/2026;PANNTCA31TM;[PANNTCA31TM] EXPLORE PANTS CAB (M, Gris Oscuro -  9356);EXPLORE PANTS;CAB;M;Gris Oscuro;1,00;Grandplaz ;marzo-2026
02/03/2026;PANNTDA43TM;[PANNTDA43TM] EXPLORE PANTS DAMA (M, Negro - 10);EXPLORE PANTS;DAMA;M;Negro;7,00;La Grieta;marzo-2026
02/03/2026;PANNTDA43TL;[PANNTDA43TL] EXPLORE PANTS DAMA (L, Negro - 10);EXPLORE PANTS;DAMA;L;Negro;4,00;La Grieta;marzo-2026
02/03/2026;PANNTCA43TL;[PANNTCA43TL] EXPLORE PANTS CAB (L, Negro - 10);EXPLORE PANTS;CAB;L;Negro;8,00;La Grieta;marzo-2026
02/03/2026;PANNTCA43TM;[PANNTCA43TM] EXPLORE PANTS CAB (M, Negro - 10);EXPLORE PANTS;CAB;M;Negro;12,00;La Grieta;marzo-2026
02/03/2026;PANNTDA66TS;[PANNTDA66TS] EXPLORE PANTS DAMA (S, Verde Militar - 60620);EXPLORE PANTS;DAMA;S;Verde Militar;-1,00;Sambil Valencia;marzo-2026
02/03/2026;PANNTDA30TS;[PANNTDA30TS] EXPLORE PANTS DAMA (S, Gris Claro - 9734);EXPLORE PANTS;DAMA;S;Gris Claro;-1,00;Sambil Valencia;marzo-2026
02/03/2026;PANNTDA43TS;[PANNTDA43TS] EXPLORE PANTS DAMA (S, Negro - 10);EXPLORE PANTS;DAMA;S;Negro;-1,00;Sambil Valencia;marzo-2026
02/03/2026;PANNTCA12TS;[PANNTCA12TS] EXPLORE PANTS CAB (S, Azul Marino - 5102);EXPLORE PANTS;CAB;S;Azul Marino;-1,00;Sambil Valencia;marzo-2026
02/03/2026;PANNTDA66TM;[PANNTDA66TM] EXPLORE PANTS DAMA (M, Verde Militar - 60620);EXPLORE PANTS;DAMA;M;Verde Militar;1,00;Sambil Valencia;marzo-2026
02/03/2026;PANNTDA43TM;[PANNTDA43TM] EXPLORE PANTS DAMA (M, Negro - 10);EXPLORE PANTS;DAMA;M;Negro;1,00;Sambil Valencia;marzo-2026
02/03/2026;PANNTCA12TM;[PANNTCA12TM] EXPLORE PANTS CAB (M, Azul Marino - 5102);EXPLORE PANTS;CAB;M;Azul Marino;1,00;Sambil Valencia;marzo-2026
02/03/2026;PANNTDA30TM;[PANNTDA30TM] EXPLORE PANTS DAMA (M, Gris Claro - 9734);EXPLORE PANTS;DAMA;M;Gris Claro;1,00;Sambil Valencia;marzo-2026
02/03/2026;PANNTCA43TS;[PANNTCA43TS] EXPLORE PANTS CAB (S, Negro - 10);EXPLORE PANTS;CAB;S;Negro;1,00;Cerro Verde ;marzo-2026
02/03/2026;PANNTDA30TM;[PANNTDA30TM] EXPLORE PANTS DAMA (M, Gris Claro - 9734);EXPLORE PANTS;DAMA;M;Gris Claro;2,00;Cerro Verde ;marzo-2026
02/03/2026;PANNTDA30TM;[PANNTDA30TM] EXPLORE PANTS DAMA (M, Gris Claro - 9734);EXPLORE PANTS;DAMA;M;Gris Claro;2,00;Cerro Verde ;marzo-2026
02/03/2026;PANNTDA30TM;[PANNTDA30TM] EXPLORE PANTS DAMA (M, Gris Claro - 9734);EXPLORE PANTS;DAMA;M;Gris Claro;-2,00;Cerro Verde ;marzo-2026
02/03/2026;PANNTCA30TL;[PANNTCA30TL] EXPLORE PANTS CAB (L, Gris Claro - 9734);EXPLORE PANTS;CAB;L;Gris Claro;1,00;Cerro Verde ;marzo-2026
02/03/2026;PANNTCA33TL;[PANNTCA33TL] EXPLORE PANTS CAB (L, Kaki - 80279);EXPLORE PANTS;CAB;L;Kaki;1,00;Cerro Verde ;marzo-2026
03/03/2026;PANNTDA33TM;[PANNTDA33TM] EXPLORE PANTS DAMA (M, Kaki - 80279);EXPLORE PANTS;DAMA;M;Kaki;1,00;Sambil Valencia;marzo-2026
03/03/2026;PANNTCA66TXL;[PANNTCA66TXL] EXPLORE PANTS CAB (XL, Verde Militar - 60620);EXPLORE PANTS;CAB;XL;Verde Militar;1,00;Sambil Chacao ;marzo-2026
03/03/2026;PANNTDA33TS;[PANNTDA33TS] EXPLORE PANTS DAMA (S, Kaki - 80279);EXPLORE PANTS;DAMA;S;Kaki;1,00;WEB;marzo-2026
03/03/2026;PANNTDA31TM;[PANNTDA31TM] EXPLORE PANTS DAMA (M, Gris Oscuro -  9356);EXPLORE PANTS;DAMA;M;Gris Oscuro;1,00;WEB;marzo-2026
03/03/2026;PANNTCA43TM;[PANNTCA43TM] EXPLORE PANTS CAB (M, Negro - 10);EXPLORE PANTS;CAB;M;Negro;1,00;WEB;marzo-2026
03/03/2026;PANNTDA43TL;[PANNTDA43TL] EXPLORE PANTS DAMA (L, Negro - 10);EXPLORE PANTS;DAMA;L;Negro;1,00;Sambil Chacao ;marzo-2026
04/03/2026;PANNTCA12TL;[PANNTCA12TL] EXPLORE PANTS CAB (L, Azul Marino - 5102);EXPLORE PANTS;CAB;L;Azul Marino;1,00;Grandplaz ;marzo-2026
04/03/2026;PANNTCA30TL;[PANNTCA30TL] EXPLORE PANTS CAB (L, Gris Claro - 9734);EXPLORE PANTS;CAB;L;Gris Claro;1,00;Grandplaz ;marzo-2026
04/03/2026;PANNTCA43TL;[PANNTCA43TL] EXPLORE PANTS CAB (L, Negro - 10);EXPLORE PANTS;CAB;L;Negro;1,00;Sambil Valencia;marzo-2026
04/03/2026;PANNTCA33TM;[PANNTCA33TM] EXPLORE PANTS CAB (M, Kaki - 80279);EXPLORE PANTS;CAB;M;Kaki;1,00;Grandplaz ;marzo-2026
04/03/2026;PANNTCA12TM;[PANNTCA12TM] EXPLORE PANTS CAB (M, Azul Marino - 5102);EXPLORE PANTS;CAB;M;Azul Marino;1,00;La Grieta;marzo-2026
04/03/2026;PANNTDA33TS;[PANNTDA33TS] EXPLORE PANTS DAMA (S, Kaki - 80279);EXPLORE PANTS;DAMA;S;Kaki;1,00;Sambil Valencia;marzo-2026
05/03/2026;PANNTDA31TXL;[PANNTDA31TXL] EXPLORE PANTS DAMA (XL, Gris Oscuro -  9356);EXPLORE PANTS;DAMA;XL;Gris Oscuro;1,00;La Grieta;marzo-2026
05/03/2026;PANNTDA66TS;[PANNTDA66TS] EXPLORE PANTS DAMA (S, Verde Militar - 60620);EXPLORE PANTS;DAMA;S;Verde Militar;1,00;Cerro Verde ;marzo-2026
05/03/2026;PANNTDA43TS;[PANNTDA43TS] EXPLORE PANTS DAMA (S, Negro - 10);EXPLORE PANTS;DAMA;S;Negro;1,00;Sambil Valencia;marzo-2026
05/03/2026;PANNTCA33TM;[PANNTCA33TM] EXPLORE PANTS CAB (M, Kaki - 80279);EXPLORE PANTS;CAB;M;Kaki;1,00;La Grieta;marzo-2026
05/03/2026;PANNTCA12TL;[PANNTCA12TL] EXPLORE PANTS CAB (L, Azul Marino - 5102);EXPLORE PANTS;CAB;L;Azul Marino;1,00;Grandplaz ;marzo-2026
05/03/2026;PANNTCA33TXL;[PANNTCA33TXL] EXPLORE PANTS CAB (XL, Kaki - 80279);EXPLORE PANTS;CAB;XL;Kaki;1,00;La Grieta;marzo-2026
06/03/2026;PANNTDA30TS;[PANNTDA30TS] EXPLORE PANTS DAMA (S, Gris Claro - 9734);EXPLORE PANTS;DAMA;S;Gris Claro;1,00;WEB;marzo-2026
06/03/2026;PANNTCA33TL;[PANNTCA33TL] EXPLORE PANTS CAB (L, Kaki - 80279);EXPLORE PANTS;CAB;L;Kaki;1,00;La Grieta;marzo-2026
06/03/2026;PANNTDA12TXL;[PANNTDA12TXL] EXPLORE PANTS DAMA (XL, Azul Marino - 5102);EXPLORE PANTS;DAMA;XL;Azul Marino;1,00;Sambil Valencia;marzo-2026
06/03/2026;PANNTDA43TXL;[PANNTDA43TXL] EXPLORE PANTS DAMA (XL, Negro - 10);EXPLORE PANTS;DAMA;XL;Negro;1,00;Sambil Valencia;marzo-2026
06/03/2026;PANNTCA66TXL;[PANNTCA66TXL] EXPLORE PANTS CAB (XL, Verde Militar - 60620);EXPLORE PANTS;CAB;XL;Verde Militar;-1,00;La Grieta;marzo-2026
06/03/2026;PANNTCA66TL;[PANNTCA66TL] EXPLORE PANTS CAB (L, Verde Militar - 60620);EXPLORE PANTS;CAB;L;Verde Militar;1,00;La Grieta;marzo-2026
06/03/2026;PANNTCA30TM;[PANNTCA30TM] EXPLORE PANTS CAB (M, Gris Claro - 9734);EXPLORE PANTS;CAB;M;Gris Claro;1,00;Cerro Verde ;marzo-2026
06/03/2026;PANNTDA33TL;[PANNTDA33TL] EXPLORE PANTS DAMA (L, Kaki - 80279);EXPLORE PANTS;DAMA;L;Kaki;1,00;La Grieta;marzo-2026
06/03/2026;PANNTDA33TM;[PANNTDA33TM] EXPLORE PANTS DAMA (M, Kaki - 80279);EXPLORE PANTS;DAMA;M;Kaki;1,00;Cerro Verde ;marzo-2026
07/03/2026;PANNTCA43TL;[PANNTCA43TL] EXPLORE PANTS CAB (L, Negro - 10);EXPLORE PANTS;CAB;L;Negro;1,00;Cerro Verde ;marzo-2026
07/03/2026;PANNTCA43TL;[PANNTCA43TL] EXPLORE PANTS CAB (L, Negro - 10);EXPLORE PANTS;CAB;L;Negro;1,00;Sambil Chacao ;marzo-2026
07/03/2026;PANNTDA33TS;[PANNTDA33TS] EXPLORE PANTS DAMA (S, Kaki - 80279);EXPLORE PANTS;DAMA;S;Kaki;1,00;Sambil Valencia;marzo-2026
07/03/2026;PANNTDA66TS;[PANNTDA66TS] EXPLORE PANTS DAMA (S, Verde Militar - 60620);EXPLORE PANTS;DAMA;S;Verde Militar;1,00;Sambil Chacao ;marzo-2026
07/03/2026;PANNTDA43TM;[PANNTDA43TM] EXPLORE PANTS DAMA (M, Negro - 10);EXPLORE PANTS;DAMA;M;Negro;1,00;Sambil Chacao ;marzo-2026
07/03/2026;PANNTCA30TXL;[PANNTCA30TXL] EXPLORE PANTS CAB (XL, Gris Claro - 9734);EXPLORE PANTS;CAB;XL;Gris Claro;1,00;Sambil Valencia;marzo-2026
07/03/2026;PANNTDA43TXS;[PANNTDA43TXS] EXPLORE PANTS DAMA (XS, Negro - 10);EXPLORE PANTS;DAMA;XS;Negro;1,00;Sambil Valencia;marzo-2026
08/03/2026;PANNTDA33TM;[PANNTDA33TM] EXPLORE PANTS DAMA (M, Kaki - 80279);EXPLORE PANTS;DAMA;M;Kaki;1,00;Sambil Chacao ;marzo-2026
08/03/2026;PANNTDA12TM;[PANNTDA12TM] EXPLORE PANTS DAMA (M, Azul Marino - 5102);EXPLORE PANTS;DAMA;M;Azul Marino;1,00;Cerro Verde ;marzo-2026
08/03/2026;PANNTDA66TM;[PANNTDA66TM] EXPLORE PANTS DAMA (M, Verde Militar - 60620);EXPLORE PANTS;DAMA;M;Verde Militar;1,00;Cerro Verde ;marzo-2026
08/03/2026;PANNTDA12TXL;[PANNTDA12TXL] EXPLORE PANTS DAMA (XL, Azul Marino - 5102);EXPLORE PANTS;DAMA;XL;Azul Marino;1,00;Sambil Valencia;marzo-2026
10/03/2026;PANNTDA31TXS;[PANNTDA31TXS] EXPLORE PANTS DAMA (XS, Gris Oscuro -  9356);EXPLORE PANTS;DAMA;XS;Gris Oscuro;1,00;Cerro Verde ;marzo-2026
10/03/2026;PANNTCA33TS;[PANNTCA33TS] EXPLORE PANTS CAB (S, Kaki - 80279);EXPLORE PANTS;CAB;S;Kaki;1,00;WEB;marzo-2026
10/03/2026;PANNTDA66TL;[PANNTDA66TL] EXPLORE PANTS DAMA (L, Verde Militar - 60620);EXPLORE PANTS;DAMA;L;Verde Militar;1,00;Cerro Verde ;marzo-2026
10/03/2026;PANNTCA43TXL;[PANNTCA43TXL] EXPLORE PANTS CAB (XL, Negro - 10);EXPLORE PANTS;CAB;XL;Negro;1,00;La Grieta;marzo-2026
10/03/2026;PANNTDA33TXL;[PANNTDA33TXL] EXPLORE PANTS DAMA (XL, Kaki - 80279);EXPLORE PANTS;DAMA;XL;Kaki;1,00;Cerro Verde ;marzo-2026
10/03/2026;PANNTDA66TS;[PANNTDA66TS] EXPLORE PANTS DAMA (S, Verde Militar - 60620);EXPLORE PANTS;DAMA;S;Verde Militar;1,00;Cerro Verde ;marzo-2026
10/03/2026;PANNTCA43TM;[PANNTCA43TM] EXPLORE PANTS CAB (M, Negro - 10);EXPLORE PANTS;CAB;M;Negro;-1,00;Sambil Valencia;marzo-2026
10/03/2026;PANNTCA12TM;[PANNTCA12TM] EXPLORE PANTS CAB (M, Azul Marino - 5102);EXPLORE PANTS;CAB;M;Azul Marino;-1,00;Sambil Valencia;marzo-2026
10/03/2026;PANNTDA43TL;[PANNTDA43TL] EXPLORE PANTS DAMA (L, Negro - 10);EXPLORE PANTS;DAMA;L;Negro;1,00;Sambil Valencia;marzo-2026
10/03/2026;PANNTCA31TXL;[PANNTCA31TXL] EXPLORE PANTS CAB (XL, Gris Oscuro -  9356);EXPLORE PANTS;CAB;XL;Gris Oscuro;1,00;Sambil Valencia;marzo-2026
10/03/2026;PANNTDA33TL;[PANNTDA33TL] EXPLORE PANTS DAMA (L, Kaki - 80279);EXPLORE PANTS;DAMA;L;Kaki;1,00;La Grieta;marzo-2026
10/03/2026;PANNTCA33TM;[PANNTCA33TM] EXPLORE PANTS CAB (M, Kaki - 80279);EXPLORE PANTS;CAB;M;Kaki;1,00;La Grieta;marzo-2026
10/03/2026;PANNTDA43TL;[PANNTDA43TL] EXPLORE PANTS DAMA (L, Negro - 10);EXPLORE PANTS;DAMA;L;Negro;1,00;La Grieta;marzo-2026
10/03/2026;PANNTCA43TM;[PANNTCA43TM] EXPLORE PANTS CAB (M, Negro - 10);EXPLORE PANTS;CAB;M;Negro;1,00;La Grieta;marzo-2026
10/03/2026;PANNTCA43TL;[PANNTCA43TL] EXPLORE PANTS CAB (L, Negro - 10);EXPLORE PANTS;CAB;L;Negro;1,00;Sambil Chacao ;marzo-2026
10/03/2026;PANNTDA33TL;[PANNTDA33TL] EXPLORE PANTS DAMA (L, Kaki - 80279);EXPLORE PANTS;DAMA;L;Kaki;1,00;Sambil Chacao ;marzo-2026
10/03/2026;PANNTDA33TXS;[PANNTDA33TXS] EXPLORE PANTS DAMA (XS, Kaki - 80279);EXPLORE PANTS;DAMA;XS;Kaki;1,00;Sambil Chacao ;marzo-2026
10/03/2026;PANNTKI66T8;[PANNTKI66T8] EXPLORE PANTS KIDS (8, Verde Militar - 60620);EXPLORE PANTS;KIDS;8;Verde Militar;1,00;Sambil Chacao ;marzo-2026
10/03/2026;PANNTKI43T8;[PANNTKI43T8] EXPLORE PANTS KIDS (8, Negro - 10);EXPLORE PANTS;KIDS;8;Negro;1,00;Sambil Chacao ;marzo-2026
10/03/2026;PANNTDA43TXS;[PANNTDA43TXS] EXPLORE PANTS DAMA (XS, Negro - 10);EXPLORE PANTS;DAMA;XS;Negro;1,00;Sambil Chacao ;marzo-2026
10/03/2026;PANNTCA66TL;[PANNTCA66TL] EXPLORE PANTS CAB (L, Verde Militar - 60620);EXPLORE PANTS;CAB;L;Verde Militar;1,00;Sambil Chacao ;marzo-2026
10/03/2026;PANNTCA43TM;[PANNTCA43TM] EXPLORE PANTS CAB (M, Negro - 10);EXPLORE PANTS;CAB;M;Negro;1,00;Sambil Chacao ;marzo-2026
11/03/2026;PANNTDA66TS;[PANNTDA66TS] EXPLORE PANTS DAMA (S, Verde Militar - 60620);EXPLORE PANTS;DAMA;S;Verde Militar;-1,00;Cerro Verde ;marzo-2026
11/03/2026;PANNTCA30TS;[PANNTCA30TS] EXPLORE PANTS CAB (S, Gris Claro - 9734);EXPLORE PANTS;CAB;S;Gris Claro;1,00;La Grieta;marzo-2026
11/03/2026;PANNTDA66TL;[PANNTDA66TL] EXPLORE PANTS DAMA (L, Verde Militar - 60620);EXPLORE PANTS;DAMA;L;Verde Militar;1,00;Sambil Chacao ;marzo-2026
11/03/2026;PANNTDA43TL;[PANNTDA43TL] EXPLORE PANTS DAMA (L, Negro - 10);EXPLORE PANTS;DAMA;L;Negro;1,00;Sambil Valencia;marzo-2026
11/03/2026;PANNTKI43T12;[PANNTKI43T12] EXPLORE PANTS KIDS (12, Negro - 10);EXPLORE PANTS;KIDS;12;Negro;1,00;Sambil Valencia;marzo-2026
11/03/2026;PANNTKI12T12;[PANNTKI12T12] EXPLORE PANTS KIDS (12, Azul Marino - 5102);EXPLORE PANTS;KIDS;12;Azul Marino;1,00;Sambil Valencia;marzo-2026
11/03/2026;PANNTDA66TM;[PANNTDA66TM] EXPLORE PANTS DAMA (M, Verde Militar - 60620);EXPLORE PANTS;DAMA;M;Verde Militar;1,00;Cerro Verde ;marzo-2026
11/03/2026;PANNTDA31TXS;[PANNTDA31TXS] EXPLORE PANTS DAMA (XS, Gris Oscuro -  9356);EXPLORE PANTS;DAMA;XS;Gris Oscuro;-1,00;Cerro Verde ;marzo-2026
11/03/2026;PANNTDA31TS;[PANNTDA31TS] EXPLORE PANTS DAMA (S, Gris Oscuro -  9356);EXPLORE PANTS;DAMA;S;Gris Oscuro;1,00;Cerro Verde ;marzo-2026
11/03/2026;PANNTDA66TM;[PANNTDA66TM] EXPLORE PANTS DAMA (M, Verde Militar - 60620);EXPLORE PANTS;DAMA;M;Verde Militar;1,00;Cerro Verde ;marzo-2026
11/03/2026;PANNTDA33TM;[PANNTDA33TM] EXPLORE PANTS DAMA (M, Kaki - 80279);EXPLORE PANTS;DAMA;M;Kaki;1,00;Cerro Verde ;marzo-2026
11/03/2026;PANNTCA33TL;[PANNTCA33TL] EXPLORE PANTS CAB (L, Kaki - 80279);EXPLORE PANTS;CAB;L;Kaki;1,00;Sambil Valencia;marzo-2026
11/03/2026;PANNTCA31TXL;[PANNTCA31TXL] EXPLORE PANTS CAB (XL, Gris Oscuro -  9356);EXPLORE PANTS;CAB;XL;Gris Oscuro;1,00;Sambil Chacao ;marzo-2026
12/03/2026;PANNTDA33TL;[PANNTDA33TL] EXPLORE PANTS DAMA (L, Kaki - 80279);EXPLORE PANTS;DAMA;L;Kaki;1,00;Cerro Verde ;marzo-2026
12/03/2026;PANNTDA33TM;[PANNTDA33TM] EXPLORE PANTS DAMA (M, Kaki - 80279);EXPLORE PANTS;DAMA;M;Kaki;1,00;WEB;marzo-2026
12/03/2026;PANNTCA12TS;[PANNTCA12TS] EXPLORE PANTS CAB (S, Azul Marino - 5102);EXPLORE PANTS;CAB;S;Azul Marino;1,00;La Grieta;marzo-2026
12/03/2026;PANNTKI66T8;[PANNTKI66T8] EXPLORE PANTS KIDS (8, Verde Militar - 60620);EXPLORE PANTS;KIDS;8;Verde Militar;1,00;La Grieta;marzo-2026
12/03/2026;PANNTCA31TS;[PANNTCA31TS] EXPLORE PANTS CAB (S, Gris Oscuro -  9356);EXPLORE PANTS;CAB;S;Gris Oscuro;1,00;Sambil Valencia;marzo-2026
12/03/2026;PANNTCA43TM;[PANNTCA43TM] EXPLORE PANTS CAB (M, Negro - 10);EXPLORE PANTS;CAB;M;Negro;1,00;Cerro Verde ;marzo-2026
13/03/2026;PANNTKI66T6;[PANNTKI66T6] EXPLORE PANTS KIDS (6, Verde Militar - 60620);EXPLORE PANTS;KIDS;6;Verde Militar;1,00;Sambil Chacao ;marzo-2026
13/03/2026;PANNTCA66TL;[PANNTCA66TL] EXPLORE PANTS CAB (L, Verde Militar - 60620);EXPLORE PANTS;CAB;L;Verde Militar;1,00;Sambil Valencia;marzo-2026
13/03/2026;PANNTDA43TL;[PANNTDA43TL] EXPLORE PANTS DAMA (L, Negro - 10);EXPLORE PANTS;DAMA;L;Negro;1,00;Sambil Valencia;marzo-2026
13/03/2026;PANNTDA33TXS;[PANNTDA33TXS] EXPLORE PANTS DAMA (XS, Kaki - 80279);EXPLORE PANTS;DAMA;XS;Kaki;1,00;WEB;marzo-2026
13/03/2026;PANNTDA43TXS;[PANNTDA43TXS] EXPLORE PANTS DAMA (XS, Negro - 10);EXPLORE PANTS;DAMA;XS;Negro;1,00;WEB;marzo-2026
13/03/2026;PANNTDA33TM;[PANNTDA33TM] EXPLORE PANTS DAMA (M, Kaki - 80279);EXPLORE PANTS;DAMA;M;Kaki;1,00;La Grieta;marzo-2026
13/03/2026;PANNTCA33TL;[PANNTCA33TL] EXPLORE PANTS CAB (L, Kaki - 80279);EXPLORE PANTS;CAB;L;Kaki;-1,00;La Grieta;marzo-2026
13/03/2026;PANNTCA33TXL;[PANNTCA33TXL] EXPLORE PANTS CAB (XL, Kaki - 80279);EXPLORE PANTS;CAB;XL;Kaki;1,00;La Grieta;marzo-2026
13/03/2026;PANNTDA33TL;[PANNTDA33TL] EXPLORE PANTS DAMA (L, Kaki - 80279);EXPLORE PANTS;DAMA;L;Kaki;1,00;Cerro Verde ;marzo-2026
13/03/2026;PANNTDA43TXL;[PANNTDA43TXL] EXPLORE PANTS DAMA (XL, Negro - 10);EXPLORE PANTS;DAMA;XL;Negro;1,00;Sambil Chacao ;marzo-2026
14/03/2026;PANNTDA43TL;[PANNTDA43TL] EXPLORE PANTS DAMA (L, Negro - 10);EXPLORE PANTS;DAMA;L;Negro;1,00;La Grieta;marzo-2026
14/03/2026;PANNTCA31TM;[PANNTCA31TM] EXPLORE PANTS CAB (M, Gris Oscuro -  9356);EXPLORE PANTS;CAB;M;Gris Oscuro;1,00;La Grieta;marzo-2026
14/03/2026;PANNTDA43TM;[PANNTDA43TM] EXPLORE PANTS DAMA (M, Negro - 10);EXPLORE PANTS;DAMA;M;Negro;1,00;Cerro Verde ;marzo-2026
14/03/2026;PANNTCA12TS;[PANNTCA12TS] EXPLORE PANTS CAB (S, Azul Marino - 5102);EXPLORE PANTS;CAB;S;Azul Marino;1,00;Sambil Chacao ;marzo-2026
14/03/2026;PANNTDA31TL;[PANNTDA31TL] EXPLORE PANTS DAMA (L, Gris Oscuro -  9356);EXPLORE PANTS;DAMA;L;Gris Oscuro;1,00;Sambil Valencia;marzo-2026
14/03/2026;PANNTDA30TL;[PANNTDA30TL] EXPLORE PANTS DAMA (L, Gris Claro - 9734);EXPLORE PANTS;DAMA;L;Gris Claro;1,00;Sambil Valencia;marzo-2026
14/03/2026;PANNTDA30TS;[PANNTDA30TS] EXPLORE PANTS DAMA (S, Gris Claro - 9734);EXPLORE PANTS;DAMA;S;Gris Claro;1,00;Sambil Valencia;marzo-2026
14/03/2026;PANNTCA66TXL;[PANNTCA66TXL] EXPLORE PANTS CAB (XL, Verde Militar - 60620);EXPLORE PANTS;CAB;XL;Verde Militar;1,00;Sambil Valencia;marzo-2026
14/03/2026;PANNTCA33TL;[PANNTCA33TL] EXPLORE PANTS CAB (L, Kaki - 80279);EXPLORE PANTS;CAB;L;Kaki;1,00;Sambil Chacao ;marzo-2026
14/03/2026;PANNTKI12T8;[PANNTKI12T8] EXPLORE PANTS KIDS (8, Azul Marino - 5102);EXPLORE PANTS;KIDS;8;Azul Marino;1,00;Sambil Valencia;marzo-2026
15/03/2026;PANNTDA66TXL;[PANNTDA66TXL] EXPLORE PANTS DAMA (XL, Verde Militar - 60620);EXPLORE PANTS;DAMA;XL;Verde Militar;1,00;La Grieta;marzo-2026
15/03/2026;PANNTKI12T4;[PANNTKI12T4] EXPLORE PANTS KIDS (4, Azul Marino - 5102);EXPLORE PANTS;KIDS;4;Azul Marino;1,00;Sambil Chacao ;marzo-2026
15/03/2026;PANNTDA43TS;[PANNTDA43TS] EXPLORE PANTS DAMA (S, Negro - 10);EXPLORE PANTS;DAMA;S;Negro;1,00;Sambil Valencia;marzo-2026
15/03/2026;PANNTCA31TXL;[PANNTCA31TXL] EXPLORE PANTS CAB (XL, Gris Oscuro -  9356);EXPLORE PANTS;CAB;XL;Gris Oscuro;1,00;Sambil Valencia;marzo-2026
15/03/2026;PANNTDA12TL;[PANNTDA12TL] EXPLORE PANTS DAMA (L, Azul Marino - 5102);EXPLORE PANTS;DAMA;L;Azul Marino;1,00;Sambil Chacao ;marzo-2026
15/03/2026;PANNTDA43TL;[PANNTDA43TL] EXPLORE PANTS DAMA (L, Negro - 10);EXPLORE PANTS;DAMA;L;Negro;1,00;Sambil Chacao ;marzo-2026
15/03/2026;PANNTDA43TL;[PANNTDA43TL] EXPLORE PANTS DAMA (L, Negro - 10);EXPLORE PANTS;DAMA;L;Negro;1,00;Sambil Chacao ;marzo-2026
15/03/2026;PANNTCA66TM;[PANNTCA66TM] EXPLORE PANTS CAB (M, Verde Militar - 60620);EXPLORE PANTS;CAB;M;Verde Militar;1,00;Sambil Chacao ;marzo-2026
15/03/2026;PANNTDA31TL;[PANNTDA31TL] EXPLORE PANTS DAMA (L, Gris Oscuro -  9356);EXPLORE PANTS;DAMA;L;Gris Oscuro;1,00;Sambil Chacao ;marzo-2026
15/03/2026;PANNTDA33TL;[PANNTDA33TL] EXPLORE PANTS DAMA (L, Kaki - 80279);EXPLORE PANTS;DAMA;L;Kaki;1,00;Sambil Chacao ;marzo-2026
15/03/2026;PANNTDA12TL;[PANNTDA12TL] EXPLORE PANTS DAMA (L, Azul Marino - 5102);EXPLORE PANTS;DAMA;L;Azul Marino;1,00;Sambil Chacao ;marzo-2026
15/03/2026;PANNTDA30TL;[PANNTDA30TL] EXPLORE PANTS DAMA (L, Gris Claro - 9734);EXPLORE PANTS;DAMA;L;Gris Claro;1,00;Sambil Chacao ;marzo-2026
16/03/2026;PANNTDA43TM;[PANNTDA43TM] EXPLORE PANTS DAMA (M, Negro - 10);EXPLORE PANTS;DAMA;M;Negro;1,00;Cerro Verde ;marzo-2026
16/03/2026;PANNTDA31TS;[PANNTDA31TS] EXPLORE PANTS DAMA (S, Gris Oscuro -  9356);EXPLORE PANTS;DAMA;S;Gris Oscuro;1,00;Sambil Valencia;marzo-2026
16/03/2026;PANNTCA43TM;[PANNTCA43TM] EXPLORE PANTS CAB (M, Negro - 10);EXPLORE PANTS;CAB;M;Negro;1,00;Sambil Valencia;marzo-2026
16/03/2026;PANNTKI30T10;[PANNTKI30T10] EXPLORE PANTS KIDS (10, Gris Claro - 9734);EXPLORE PANTS;KIDS;10;Gris Claro;1,00;Sambil Valencia;marzo-2026
16/03/2026;PANNTDA33TXL;[PANNTDA33TXL] EXPLORE PANTS DAMA (XL, Kaki - 80279);EXPLORE PANTS;DAMA;XL;Kaki;1,00;Cerro Verde ;marzo-2026
16/03/2026;PANNTDA43TXL;[PANNTDA43TXL] EXPLORE PANTS DAMA (XL, Negro - 10);EXPLORE PANTS;DAMA;XL;Negro;2,00;Cerro Verde ;marzo-2026
16/03/2026;PANNTDA30TXL;[PANNTDA30TXL] EXPLORE PANTS DAMA (XL, Gris Claro - 9734);EXPLORE PANTS;DAMA;XL;Gris Claro;1,00;Cerro Verde ;marzo-2026
17/03/2026;PANNTDA33TS;[PANNTDA33TS] EXPLORE PANTS DAMA (S, Kaki - 80279);EXPLORE PANTS;DAMA;S;Kaki;1,00;La Grieta;marzo-2026
17/03/2026;PANNTCA43TXL;[PANNTCA43TXL] EXPLORE PANTS CAB (XL, Negro - 10);EXPLORE PANTS;CAB;XL;Negro;1,00;Sambil Chacao ;marzo-2026
17/03/2026;PANNTDA33TS;[PANNTDA33TS] EXPLORE PANTS DAMA (S, Kaki - 80279);EXPLORE PANTS;DAMA;S;Kaki;1,00;Sambil Valencia;marzo-2026
18/03/2026;PANNTKI33T2;[PANNTKI33T2] EXPLORE PANTS KIDS (2, Kaki - 80279);EXPLORE PANTS;KIDS;2;Kaki;1,00;WEB;marzo-2026
18/03/2026;PANNTDA43TS;[PANNTDA43TS] EXPLORE PANTS DAMA (S, Negro - 10);EXPLORE PANTS;DAMA;S;Negro;1,00;La Grieta;marzo-2026
18/03/2026;PANNTDA43TL;[PANNTDA43TL] EXPLORE PANTS DAMA (L, Negro - 10);EXPLORE PANTS;DAMA;L;Negro;1,00;Cerro Verde ;marzo-2026
18/03/2026;PANNTDA12TXS;[PANNTDA12TXS] EXPLORE PANTS DAMA (XS, Azul Marino - 5102);EXPLORE PANTS;DAMA;XS;Azul Marino;1,00;Sambil Chacao ;marzo-2026
18/03/2026;PANNTDA12TM;[PANNTDA12TM] EXPLORE PANTS DAMA (M, Azul Marino - 5102);EXPLORE PANTS;DAMA;M;Azul Marino;1,00;Sambil Chacao ;marzo-2026
19/03/2026;PANNTKI12T6;[PANNTKI12T6] EXPLORE PANTS KIDS (6, Azul Marino - 5102);EXPLORE PANTS;KIDS;6;Azul Marino;1,00;Grandplaz ;marzo-2026
19/03/2026;PANNTCA33TL;[PANNTCA33TL] EXPLORE PANTS CAB (L, Kaki - 80279);EXPLORE PANTS;CAB;L;Kaki;1,00;La Grieta;marzo-2026
19/03/2026;PANNTCA30TL;[PANNTCA30TL] EXPLORE PANTS CAB (L, Gris Claro - 9734);EXPLORE PANTS;CAB;L;Gris Claro;1,00;Cerro Verde ;marzo-2026
19/03/2026;PANNTCA12TXL;[PANNTCA12TXL] EXPLORE PANTS CAB (XL, Azul Marino - 5102);EXPLORE PANTS;CAB;XL;Azul Marino;1,00;Cerro Verde ;marzo-2026
19/03/2026;PANNTDA66TXL;[PANNTDA66TXL] EXPLORE PANTS DAMA (XL, Verde Militar - 60620);EXPLORE PANTS;DAMA;XL;Verde Militar;1,00;Sambil Chacao ;marzo-2026
19/03/2026;PANNTDA33TXL;[PANNTDA33TXL] EXPLORE PANTS DAMA (XL, Kaki - 80279);EXPLORE PANTS;DAMA;XL;Kaki;1,00;Sambil Chacao ;marzo-2026
19/03/2026;PANNTCA43TL;[PANNTCA43TL] EXPLORE PANTS CAB (L, Negro - 10);EXPLORE PANTS;CAB;L;Negro;1,00;Cerro Verde ;marzo-2026
19/03/2026;PANNTCA31TL;[PANNTCA31TL] EXPLORE PANTS CAB (L, Gris Oscuro -  9356);EXPLORE PANTS;CAB;L;Gris Oscuro;1,00;Sambil Valencia;marzo-2026
19/03/2026;PANNTCA33TL;[PANNTCA33TL] EXPLORE PANTS CAB (L, Kaki - 80279);EXPLORE PANTS;CAB;L;Kaki;1,00;Sambil Valencia;marzo-2026
19/03/2026;PANNTCA30TL;[PANNTCA30TL] EXPLORE PANTS CAB (L, Gris Claro - 9734);EXPLORE PANTS;CAB;L;Gris Claro;1,00;Sambil Valencia;marzo-2026
20/03/2026;PANNTKI43T6;[PANNTKI43T6] EXPLORE PANTS KIDS (6, Negro - 10);EXPLORE PANTS;KIDS;6;Negro;1,00;Sambil Valencia;marzo-2026
20/03/2026;PANNTDA43TXS;[PANNTDA43TXS] EXPLORE PANTS DAMA (XS, Negro - 10);EXPLORE PANTS;DAMA;XS;Negro;1,00;Sambil Valencia;marzo-2026
20/03/2026;PANNTCA43TL;[PANNTCA43TL] EXPLORE PANTS CAB (L, Negro - 10);EXPLORE PANTS;CAB;L;Negro;1,00;Sambil Valencia;marzo-2026
20/03/2026;PANNTCA43TXL;[PANNTCA43TXL] EXPLORE PANTS CAB (XL, Negro - 10);EXPLORE PANTS;CAB;XL;Negro;1,00;La Grieta;marzo-2026
20/03/2026;PANNTCA66TXL;[PANNTCA66TXL] EXPLORE PANTS CAB (XL, Verde Militar - 60620);EXPLORE PANTS;CAB;XL;Verde Militar;1,00;La Grieta;marzo-2026
20/03/2026;PANNTDA12TL;[PANNTDA12TL] EXPLORE PANTS DAMA (L, Azul Marino - 5102);EXPLORE PANTS;DAMA;L;Azul Marino;1,00;Sambil Chacao ;marzo-2026
20/03/2026;PANNTDA33TM;[PANNTDA33TM] EXPLORE PANTS DAMA (M, Kaki - 80279);EXPLORE PANTS;DAMA;M;Kaki;1,00;Sambil Valencia;marzo-2026
20/03/2026;PANNTCA30TM;[PANNTCA30TM] EXPLORE PANTS CAB (M, Gris Claro - 9734);EXPLORE PANTS;CAB;M;Gris Claro;1,00;Cerro Verde ;marzo-2026
20/03/2026;PANNTCA43TM;[PANNTCA43TM] EXPLORE PANTS CAB (M, Negro - 10);EXPLORE PANTS;CAB;M;Negro;1,00;Cerro Verde ;marzo-2026
21/03/2026;PANNTDA43TM;[PANNTDA43TM] EXPLORE PANTS DAMA (M, Negro - 10);EXPLORE PANTS;DAMA;M;Negro;-1,00;Cerro Verde ;marzo-2026
21/03/2026;PANNTCA43TM;[PANNTCA43TM] EXPLORE PANTS CAB (M, Negro - 10);EXPLORE PANTS;CAB;M;Negro;1,00;Cerro Verde ;marzo-2026
21/03/2026;PANNTCA66TL;[PANNTCA66TL] EXPLORE PANTS CAB (L, Verde Militar - 60620);EXPLORE PANTS;CAB;L;Verde Militar;1,00;Sambil Valencia;marzo-2026
21/03/2026;PANNTCA66TM;[PANNTCA66TM] EXPLORE PANTS CAB (M, Verde Militar - 60620);EXPLORE PANTS;CAB;M;Verde Militar;1,00;Cerro Verde ;marzo-2026
21/03/2026;PANNTKI12T10;[PANNTKI12T10] EXPLORE PANTS KIDS (10, Azul Marino - 5102);EXPLORE PANTS;KIDS;10;Azul Marino;1,00;Cerro Verde ;marzo-2026
21/03/2026;PANNTKI43T12;[PANNTKI43T12] EXPLORE PANTS KIDS (12, Negro - 10);EXPLORE PANTS;KIDS;12;Negro;1,00;Cerro Verde ;marzo-2026
21/03/2026;PANNTDA31TM;[PANNTDA31TM] EXPLORE PANTS DAMA (M, Gris Oscuro -  9356);EXPLORE PANTS;DAMA;M;Gris Oscuro;1,00;Cerro Verde ;marzo-2026
21/03/2026;PANNTDA43TS;[PANNTDA43TS] EXPLORE PANTS DAMA (S, Negro - 10);EXPLORE PANTS;DAMA;S;Negro;1,00;Sambil Chacao ;marzo-2026
21/03/2026;PANNTDA12TM;[PANNTDA12TM] EXPLORE PANTS DAMA (M, Azul Marino - 5102);EXPLORE PANTS;DAMA;M;Azul Marino;1,00;Cerro Verde ;marzo-2026
21/03/2026;PANNTKI12T8;[PANNTKI12T8] EXPLORE PANTS KIDS (8, Azul Marino - 5102);EXPLORE PANTS;KIDS;8;Azul Marino;1,00;Cerro Verde ;marzo-2026
21/03/2026;PANNTKI66T8;[PANNTKI66T8] EXPLORE PANTS KIDS (8, Verde Militar - 60620);EXPLORE PANTS;KIDS;8;Verde Militar;1,00;Cerro Verde ;marzo-2026
21/03/2026;PANNTCA12TXL;[PANNTCA12TXL] EXPLORE PANTS CAB (XL, Azul Marino - 5102);EXPLORE PANTS;CAB;XL;Azul Marino;1,00;Cerro Verde ;marzo-2026
21/03/2026;PANNTDA33TM;[PANNTDA33TM] EXPLORE PANTS DAMA (M, Kaki - 80279);EXPLORE PANTS;DAMA;M;Kaki;1,00;Cerro Verde ;marzo-2026
21/03/2026;PANNTCA33TXL;[PANNTCA33TXL] EXPLORE PANTS CAB (XL, Kaki - 80279);EXPLORE PANTS;CAB;XL;Kaki;1,00;Cerro Verde ;marzo-2026
21/03/2026;PANNTDA43TS;[PANNTDA43TS] EXPLORE PANTS DAMA (S, Negro - 10);EXPLORE PANTS;DAMA;S;Negro;1,00;Cerro Verde ;marzo-2026
21/03/2026;PANNTDA33TS;[PANNTDA33TS] EXPLORE PANTS DAMA (S, Kaki - 80279);EXPLORE PANTS;DAMA;S;Kaki;-1,00;La Grieta;marzo-2026
21/03/2026;PANNTCA33TS;[PANNTCA33TS] EXPLORE PANTS CAB (S, Kaki - 80279);EXPLORE PANTS;CAB;S;Kaki;1,00;La Grieta;marzo-2026
21/03/2026;PANNTCA43TS;[PANNTCA43TS] EXPLORE PANTS CAB (S, Negro - 10);EXPLORE PANTS;CAB;S;Negro;1,00;La Grieta;marzo-2026
21/03/2026;PANNTCA31TM;[PANNTCA31TM] EXPLORE PANTS CAB (M, Gris Oscuro -  9356);EXPLORE PANTS;CAB;M;Gris Oscuro;1,00;Cerro Verde ;marzo-2026
22/03/2026;PANNTKI30T12;[PANNTKI30T12] EXPLORE PANTS KIDS (12, Gris Claro - 9734);EXPLORE PANTS;KIDS;12;Gris Claro;1,00;Cerro Verde ;marzo-2026
22/03/2026;PANNTDA33TL;[PANNTDA33TL] EXPLORE PANTS DAMA (L, Kaki - 80279);EXPLORE PANTS;DAMA;L;Kaki;1,00;Cerro Verde ;marzo-2026
22/03/2026;PANNTCA43TS;[PANNTCA43TS] EXPLORE PANTS CAB (S, Negro - 10);EXPLORE PANTS;CAB;S;Negro;1,00;Cerro Verde ;marzo-2026
22/03/2026;PANNTCA31TS;[PANNTCA31TS] EXPLORE PANTS CAB (S, Gris Oscuro -  9356);EXPLORE PANTS;CAB;S;Gris Oscuro;1,00;Sambil Chacao ;marzo-2026
22/03/2026;PANNTCA30TM;[PANNTCA30TM] EXPLORE PANTS CAB (M, Gris Claro - 9734);EXPLORE PANTS;CAB;M;Gris Claro;1,00;Cerro Verde ;marzo-2026
22/03/2026;PANNTCA31TXL;[PANNTCA31TXL] EXPLORE PANTS CAB (XL, Gris Oscuro -  9356);EXPLORE PANTS;CAB;XL;Gris Oscuro;1,00;Sambil Chacao ;marzo-2026
22/03/2026;PANNTCA12TL;[PANNTCA12TL] EXPLORE PANTS CAB (L, Azul Marino - 5102);EXPLORE PANTS;CAB;L;Azul Marino;1,00;La Grieta;marzo-2026
22/03/2026;PANNTCA12TXL;[PANNTCA12TXL] EXPLORE PANTS CAB (XL, Azul Marino - 5102);EXPLORE PANTS;CAB;XL;Azul Marino;1,00;Sambil Chacao ;marzo-2026
22/03/2026;PANNTCA30TXL;[PANNTCA30TXL] EXPLORE PANTS CAB (XL, Gris Claro - 9734);EXPLORE PANTS;CAB;XL;Gris Claro;1,00;Sambil Chacao ;marzo-2026
22/03/2026;PANNTCA33TXL;[PANNTCA33TXL] EXPLORE PANTS CAB (XL, Kaki - 80279);EXPLORE PANTS;CAB;XL;Kaki;1,00;Sambil Chacao ;marzo-2026
22/03/2026;PANNTKI30T8;[PANNTKI30T8] EXPLORE PANTS KIDS (8, Gris Claro - 9734);EXPLORE PANTS;KIDS;8;Gris Claro;1,00;Sambil Chacao ;marzo-2026
22/03/2026;PANNTKI43T8;[PANNTKI43T8] EXPLORE PANTS KIDS (8, Negro - 10);EXPLORE PANTS;KIDS;8;Negro;1,00;Sambil Chacao ;marzo-2026
22/03/2026;PANNTDA43TL;[PANNTDA43TL] EXPLORE PANTS DAMA (L, Negro - 10);EXPLORE PANTS;DAMA;L;Negro;1,00;Cerro Verde ;marzo-2026
22/03/2026;PANNTCA33TS;[PANNTCA33TS] EXPLORE PANTS CAB (S, Kaki - 80279);EXPLORE PANTS;CAB;S;Kaki;1,00;Sambil Chacao ;marzo-2026
23/03/2026;PANNTDA30TXS;[PANNTDA30TXS] EXPLORE PANTS DAMA (XS, Gris Claro - 9734);EXPLORE PANTS;DAMA;XS;Gris Claro;1,00;Cerro Verde ;marzo-2026
23/03/2026;PANNTDA43TS;[PANNTDA43TS] EXPLORE PANTS DAMA (S, Negro - 10);EXPLORE PANTS;DAMA;S;Negro;1,00;Cerro Verde ;marzo-2026
23/03/2026;PANNTKI66T8;[PANNTKI66T8] EXPLORE PANTS KIDS (8, Verde Militar - 60620);EXPLORE PANTS;KIDS;8;Verde Militar;1,00;Cerro Verde ;marzo-2026
23/03/2026;PANNTKI12T8;[PANNTKI12T8] EXPLORE PANTS KIDS (8, Azul Marino - 5102);EXPLORE PANTS;KIDS;8;Azul Marino;1,00;Cerro Verde ;marzo-2026
23/03/2026;PANNTDA43TXS;[PANNTDA43TXS] EXPLORE PANTS DAMA (XS, Negro - 10);EXPLORE PANTS;DAMA;XS;Negro;1,00;Cerro Verde ;marzo-2026
23/03/2026;PANNTCA43TL;[PANNTCA43TL] EXPLORE PANTS CAB (L, Negro - 10);EXPLORE PANTS;CAB;L;Negro;1,00;Cerro Verde ;marzo-2026
23/03/2026;PANNTCA43TL;[PANNTCA43TL] EXPLORE PANTS CAB (L, Negro - 10);EXPLORE PANTS;CAB;L;Negro;1,00;La Grieta;marzo-2026
23/03/2026;PANNTCA12TL;[PANNTCA12TL] EXPLORE PANTS CAB (L, Azul Marino - 5102);EXPLORE PANTS;CAB;L;Azul Marino;1,00;La Grieta;marzo-2026
23/03/2026;PANNTDA33TM;[PANNTDA33TM] EXPLORE PANTS DAMA (M, Kaki - 80279);EXPLORE PANTS;DAMA;M;Kaki;-1,00;Sambil Valencia;marzo-2026
23/03/2026;PANNTCA33TM;[PANNTCA33TM] EXPLORE PANTS CAB (M, Kaki - 80279);EXPLORE PANTS;CAB;M;Kaki;1,00;Sambil Valencia;marzo-2026
23/03/2026;PANNTDA33TS;[PANNTDA33TS] EXPLORE PANTS DAMA (S, Kaki - 80279);EXPLORE PANTS;DAMA;S;Kaki;1,00;Grandplaz ;marzo-2026
23/03/2026;PANNTDA33TXL;[PANNTDA33TXL] EXPLORE PANTS DAMA (XL, Kaki - 80279);EXPLORE PANTS;DAMA;XL;Kaki;1,00;Sambil Chacao ;marzo-2026
23/03/2026;PANNTDA43TXL;[PANNTDA43TXL] EXPLORE PANTS DAMA (XL, Negro - 10);EXPLORE PANTS;DAMA;XL;Negro;1,00;Sambil Chacao ;marzo-2026
24/03/2026;PANNTCA33TL;[PANNTCA33TL] EXPLORE PANTS CAB (L, Kaki - 80279);EXPLORE PANTS;CAB;L;Kaki;1,00;Cerro Verde ;marzo-2026
24/03/2026;PANNTCA33TM;[PANNTCA33TM] EXPLORE PANTS CAB (M, Kaki - 80279);EXPLORE PANTS;CAB;M;Kaki;3,00;Cerro Verde ;marzo-2026
24/03/2026;PANNTCA31TS;[PANNTCA31TS] EXPLORE PANTS CAB (S, Gris Oscuro -  9356);EXPLORE PANTS;CAB;S;Gris Oscuro;1,00;Sambil Valencia;marzo-2026
24/03/2026;PANNTKI33T10;[PANNTKI33T10] EXPLORE PANTS KIDS (10, Kaki - 80279);EXPLORE PANTS;KIDS;10;Kaki;1,00;Sambil Valencia;marzo-2026
24/03/2026;PANNTCA30TXL;[PANNTCA30TXL] EXPLORE PANTS CAB (XL, Gris Claro - 9734);EXPLORE PANTS;CAB;XL;Gris Claro;1,00;Sambil Valencia;marzo-2026
24/03/2026;PANNTDA12TS;[PANNTDA12TS] EXPLORE PANTS DAMA (S, Azul Marino - 5102);EXPLORE PANTS;DAMA;S;Azul Marino;1,00;Cerro Verde ;marzo-2026
24/03/2026;PANNTCA12TXL;[PANNTCA12TXL] EXPLORE PANTS CAB (XL, Azul Marino - 5102);EXPLORE PANTS;CAB;XL;Azul Marino;1,00;Sambil Valencia;marzo-2026
24/03/2026;PANNTCA66TS;[PANNTCA66TS] EXPLORE PANTS CAB (S, Verde Militar - 60620);EXPLORE PANTS;CAB;S;Verde Militar;1,00;Cerro Verde ;marzo-2026
24/03/2026;PANNTCA66TXL;[PANNTCA66TXL] EXPLORE PANTS CAB (XL, Verde Militar - 60620);EXPLORE PANTS;CAB;XL;Verde Militar;1,00;Sambil Chacao ;marzo-2026
24/03/2026;PANNTDA30TS;[PANNTDA30TS] EXPLORE PANTS DAMA (S, Gris Claro - 9734);EXPLORE PANTS;DAMA;S;Gris Claro;1,00;Cerro Verde ;marzo-2026
24/03/2026;PANNTDA33TS;[PANNTDA33TS] EXPLORE PANTS DAMA (S, Kaki - 80279);EXPLORE PANTS;DAMA;S;Kaki;1,00;Cerro Verde ;marzo-2026
24/03/2026;PANNTCA33TXL;[PANNTCA33TXL] EXPLORE PANTS CAB (XL, Kaki - 80279);EXPLORE PANTS;CAB;XL;Kaki;1,00;Cerro Verde ;marzo-2026
24/03/2026;PANNTDA30TM;[PANNTDA30TM] EXPLORE PANTS DAMA (M, Gris Claro - 9734);EXPLORE PANTS;DAMA;M;Gris Claro;1,00;La Grieta;marzo-2026
24/03/2026;PANNTKI12T8;[PANNTKI12T8] EXPLORE PANTS KIDS (8, Azul Marino - 5102);EXPLORE PANTS;KIDS;8;Azul Marino;-1,00;Cerro Verde ;marzo-2026
24/03/2026;PANNTDA43TS;[PANNTDA43TS] EXPLORE PANTS DAMA (S, Negro - 10);EXPLORE PANTS;DAMA;S;Negro;-1,00;Cerro Verde ;marzo-2026
24/03/2026;PANNTKI66T8;[PANNTKI66T8] EXPLORE PANTS KIDS (8, Verde Militar - 60620);EXPLORE PANTS;KIDS;8;Verde Militar;-1,00;Cerro Verde ;marzo-2026
24/03/2026;PANNTDA43TXS;[PANNTDA43TXS] EXPLORE PANTS DAMA (XS, Negro - 10);EXPLORE PANTS;DAMA;XS;Negro;-1,00;Cerro Verde ;marzo-2026
24/03/2026;PANNTDA30TXS;[PANNTDA30TXS] EXPLORE PANTS DAMA (XS, Gris Claro - 9734);EXPLORE PANTS;DAMA;XS;Gris Claro;-1,00;Cerro Verde ;marzo-2026
24/03/2026;PANNTKI12T10;[PANNTKI12T10] EXPLORE PANTS KIDS (10, Azul Marino - 5102);EXPLORE PANTS;KIDS;10;Azul Marino;1,00;Cerro Verde ;marzo-2026
24/03/2026;PANNTDA66TL;[PANNTDA66TL] EXPLORE PANTS DAMA (L, Verde Militar - 60620);EXPLORE PANTS;DAMA;L;Verde Militar;1,00;Cerro Verde ;marzo-2026
24/03/2026;PANNTDA43TM;[PANNTDA43TM] EXPLORE PANTS DAMA (M, Negro - 10);EXPLORE PANTS;DAMA;M;Negro;1,00;Sambil Valencia;marzo-2026
25/03/2026;PANNTCA33TS;[PANNTCA33TS] EXPLORE PANTS CAB (S, Kaki - 80279);EXPLORE PANTS;CAB;S;Kaki;2,00;Sambil Chacao ;marzo-2026
25/03/2026;PANNTCA66TL;[PANNTCA66TL] EXPLORE PANTS CAB (L, Verde Militar - 60620);EXPLORE PANTS;CAB;L;Verde Militar;1,00;Sambil Chacao ;marzo-2026
25/03/2026;PANNTCA66TM;[PANNTCA66TM] EXPLORE PANTS CAB (M, Verde Militar - 60620);EXPLORE PANTS;CAB;M;Verde Militar;2,00;Sambil Chacao ;marzo-2026
25/03/2026;PANNTCA66TS;[PANNTCA66TS] EXPLORE PANTS CAB (S, Verde Militar - 60620);EXPLORE PANTS;CAB;S;Verde Militar;2,00;Sambil Chacao ;marzo-2026
25/03/2026;PANNTCA33TL;[PANNTCA33TL] EXPLORE PANTS CAB (L, Kaki - 80279);EXPLORE PANTS;CAB;L;Kaki;1,00;Sambil Chacao ;marzo-2026
25/03/2026;PANNTCA33TM;[PANNTCA33TM] EXPLORE PANTS CAB (M, Kaki - 80279);EXPLORE PANTS;CAB;M;Kaki;2,00;Sambil Chacao ;marzo-2026
25/03/2026;PANNTCA33TM;[PANNTCA33TM] EXPLORE PANTS CAB (M, Kaki - 80279);EXPLORE PANTS;CAB;M;Kaki;1,00;Sambil Chacao ;marzo-2026
25/03/2026;PANNTDA33TS;[PANNTDA33TS] EXPLORE PANTS DAMA (S, Kaki - 80279);EXPLORE PANTS;DAMA;S;Kaki;1,00;WEB;marzo-2026
25/03/2026;PANNTDA33TXL;[PANNTDA33TXL] EXPLORE PANTS DAMA (XL, Kaki - 80279);EXPLORE PANTS;DAMA;XL;Kaki;1,00;La Grieta;marzo-2026
25/03/2026;PANNTCA43TXL;[PANNTCA43TXL] EXPLORE PANTS CAB (XL, Negro - 10);EXPLORE PANTS;CAB;XL;Negro;1,00;La Grieta;marzo-2026
25/03/2026;PANNTDA31TS;[PANNTDA31TS] EXPLORE PANTS DAMA (S, Gris Oscuro -  9356);EXPLORE PANTS;DAMA;S;Gris Oscuro;1,00;Sambil Valencia;marzo-2026
25/03/2026;PANNTKI66T12;[PANNTKI66T12] EXPLORE PANTS KIDS (12, Verde Militar - 60620);EXPLORE PANTS;KIDS;12;Verde Militar;1,00;Sambil Valencia;marzo-2026
25/03/2026;PANNTCA43TXL;[PANNTCA43TXL] EXPLORE PANTS CAB (XL, Negro - 10);EXPLORE PANTS;CAB;XL;Negro;1,00;La Grieta;marzo-2026
25/03/2026;PANNTDA66TM;[PANNTDA66TM] EXPLORE PANTS DAMA (M, Verde Militar - 60620);EXPLORE PANTS;DAMA;M;Verde Militar;1,00;Cerro Verde ;marzo-2026
25/03/2026;PANNTDA12TM;[PANNTDA12TM] EXPLORE PANTS DAMA (M, Azul Marino - 5102);EXPLORE PANTS;DAMA;M;Azul Marino;1,00;Cerro Verde ;marzo-2026
25/03/2026;PANNTCA31TL;[PANNTCA31TL] EXPLORE PANTS CAB (L, Gris Oscuro -  9356);EXPLORE PANTS;CAB;L;Gris Oscuro;1,00;La Grieta;marzo-2026
25/03/2026;PANNTCA66TL;[PANNTCA66TL] EXPLORE PANTS CAB (L, Verde Militar - 60620);EXPLORE PANTS;CAB;L;Verde Militar;1,00;La Grieta;marzo-2026
25/03/2026;PANNTDA30TL;[PANNTDA30TL] EXPLORE PANTS DAMA (L, Gris Claro - 9734);EXPLORE PANTS;DAMA;L;Gris Claro;1,00;Grandplaz ;marzo-2026
25/03/2026;PANNTKI66T12;[PANNTKI66T12] EXPLORE PANTS KIDS (12, Verde Militar - 60620);EXPLORE PANTS;KIDS;12;Verde Militar;1,00;Sambil Chacao ;marzo-2026
25/03/2026;PANNTDA33TM;[PANNTDA33TM] EXPLORE PANTS DAMA (M, Kaki - 80279);EXPLORE PANTS;DAMA;M;Kaki;1,00;Sambil Chacao ;marzo-2026
25/03/2026;PANNTDA43TS;[PANNTDA43TS] EXPLORE PANTS DAMA (S, Negro - 10);EXPLORE PANTS;DAMA;S;Negro;1,00;Grandplaz ;marzo-2026
25/03/2026;PANNTCA31TXL;[PANNTCA31TXL] EXPLORE PANTS CAB (XL, Gris Oscuro -  9356);EXPLORE PANTS;CAB;XL;Gris Oscuro;1,00;La Grieta;marzo-2026
25/03/2026;PANNTDA43TM;[PANNTDA43TM] EXPLORE PANTS DAMA (M, Negro - 10);EXPLORE PANTS;DAMA;M;Negro;-1,00;Sambil Valencia;marzo-2026
25/03/2026;PANNTDA33TM;[PANNTDA33TM] EXPLORE PANTS DAMA (M, Kaki - 80279);EXPLORE PANTS;DAMA;M;Kaki;1,00;Sambil Chacao ;marzo-2026
25/03/2026;PANNTCA43TL;[PANNTCA43TL] EXPLORE PANTS CAB (L, Negro - 10);EXPLORE PANTS;CAB;L;Negro;1,00;Sambil Chacao ;marzo-2026
26/03/2026;PANNTCA33TS;[PANNTCA33TS] EXPLORE PANTS CAB (S, Kaki - 80279);EXPLORE PANTS;CAB;S;Kaki;1,00;Sambil Valencia;marzo-2026
26/03/2026;PANNTKI43T10;[PANNTKI43T10] EXPLORE PANTS KIDS (10, Negro - 10);EXPLORE PANTS;KIDS;10;Negro;1,00;Sambil Valencia;marzo-2026
26/03/2026;PANNTDA33TS;[PANNTDA33TS] EXPLORE PANTS DAMA (S, Kaki - 80279);EXPLORE PANTS;DAMA;S;Kaki;1,00;Sambil Valencia;marzo-2026
26/03/2026;PANNTCA43TL;[PANNTCA43TL] EXPLORE PANTS CAB (L, Negro - 10);EXPLORE PANTS;CAB;L;Negro;1,00;Cerro Verde ;marzo-2026
26/03/2026;PANNTCA66TL;[PANNTCA66TL] EXPLORE PANTS CAB (L, Verde Militar - 60620);EXPLORE PANTS;CAB;L;Verde Militar;1,00;Cerro Verde ;marzo-2026
26/03/2026;PANNTCA31TL;[PANNTCA31TL] EXPLORE PANTS CAB (L, Gris Oscuro -  9356);EXPLORE PANTS;CAB;L;Gris Oscuro;1,00;Sambil Valencia;marzo-2026
26/03/2026;PANNTDA33TXS;[PANNTDA33TXS] EXPLORE PANTS DAMA (XS, Kaki - 80279);EXPLORE PANTS;DAMA;XS;Kaki;1,00;Sambil Valencia;marzo-2026
26/03/2026;PANNTCA30TL;[PANNTCA30TL] EXPLORE PANTS CAB (L, Gris Claro - 9734);EXPLORE PANTS;CAB;L;Gris Claro;1,00;Sambil Valencia;marzo-2026
26/03/2026;PANNTKI66T10;[PANNTKI66T10] EXPLORE PANTS KIDS (10, Verde Militar - 60620);EXPLORE PANTS;KIDS;10;Verde Militar;1,00;Sambil Valencia;marzo-2026
26/03/2026;PANNTDA43TS;[PANNTDA43TS] EXPLORE PANTS DAMA (S, Negro - 10);EXPLORE PANTS;DAMA;S;Negro;1,00;Sambil Valencia;marzo-2026
26/03/2026;PANNTCA43TM;[PANNTCA43TM] EXPLORE PANTS CAB (M, Negro - 10);EXPLORE PANTS;CAB;M;Negro;1,00;Grandplaz ;marzo-2026
26/03/2026;PANNTCA12TS;[PANNTCA12TS] EXPLORE PANTS CAB (S, Azul Marino - 5102);EXPLORE PANTS;CAB;S;Azul Marino;1,00;Cerro Verde ;marzo-2026
26/03/2026;PANNTCA66TS;[PANNTCA66TS] EXPLORE PANTS CAB (S, Verde Militar - 60620);EXPLORE PANTS;CAB;S;Verde Militar;1,00;Cerro Verde ;marzo-2026
26/03/2026;PANNTCA43TS;[PANNTCA43TS] EXPLORE PANTS CAB (S, Negro - 10);EXPLORE PANTS;CAB;S;Negro;1,00;Cerro Verde ;marzo-2026
26/03/2026;PANNTCA33TS;[PANNTCA33TS] EXPLORE PANTS CAB (S, Kaki - 80279);EXPLORE PANTS;CAB;S;Kaki;1,00;Cerro Verde ;marzo-2026
26/03/2026;PANNTCA33TS;[PANNTCA33TS] EXPLORE PANTS CAB (S, Kaki - 80279);EXPLORE PANTS;CAB;S;Kaki;-1,00;Cerro Verde ;marzo-2026
26/03/2026;PANNTCA12TS;[PANNTCA12TS] EXPLORE PANTS CAB (S, Azul Marino - 5102);EXPLORE PANTS;CAB;S;Azul Marino;-1,00;Cerro Verde ;marzo-2026
26/03/2026;PANNTCA66TS;[PANNTCA66TS] EXPLORE PANTS CAB (S, Verde Militar - 60620);EXPLORE PANTS;CAB;S;Verde Militar;-1,00;Cerro Verde ;marzo-2026
26/03/2026;PANNTCA43TS;[PANNTCA43TS] EXPLORE PANTS CAB (S, Negro - 10);EXPLORE PANTS;CAB;S;Negro;-1,00;Cerro Verde ;marzo-2026
26/03/2026;PANNTDA31TXL;[PANNTDA31TXL] EXPLORE PANTS DAMA (XL, Gris Oscuro -  9356);EXPLORE PANTS;DAMA;XL;Gris Oscuro;1,00;Cerro Verde ;marzo-2026
26/03/2026;PANNTDA33TXL;[PANNTDA33TXL] EXPLORE PANTS DAMA (XL, Kaki - 80279);EXPLORE PANTS;DAMA;XL;Kaki;1,00;Cerro Verde ;marzo-2026
26/03/2026;PANNTDA66TXL;[PANNTDA66TXL] EXPLORE PANTS DAMA (XL, Verde Militar - 60620);EXPLORE PANTS;DAMA;XL;Verde Militar;1,00;Cerro Verde ;marzo-2026
26/03/2026;PANNTKI66T12;[PANNTKI66T12] EXPLORE PANTS KIDS (12, Verde Militar - 60620);EXPLORE PANTS;KIDS;12;Verde Militar;1,00;Cerro Verde ;marzo-2026
26/03/2026;PANNTDA31TXL;[PANNTDA31TXL] EXPLORE PANTS DAMA (XL, Gris Oscuro -  9356);EXPLORE PANTS;DAMA;XL;Gris Oscuro;1,00;Sambil Chacao ;marzo-2026
26/03/2026;PANNTDA43TXL;[PANNTDA43TXL] EXPLORE PANTS DAMA (XL, Negro - 10);EXPLORE PANTS;DAMA;XL;Negro;1,00;Cerro Verde ;marzo-2026
26/03/2026;PANNTDA43TXL;[PANNTDA43TXL] EXPLORE PANTS DAMA (XL, Negro - 10);EXPLORE PANTS;DAMA;XL;Negro;1,00;Cerro Verde ;marzo-2026
26/03/2026;PANNTDA43TXL;[PANNTDA43TXL] EXPLORE PANTS DAMA (XL, Negro - 10);EXPLORE PANTS;DAMA;XL;Negro;-1,00;Cerro Verde ;marzo-2026
26/03/2026;PANNTDA43TXL;[PANNTDA43TXL] EXPLORE PANTS DAMA (XL, Negro - 10);EXPLORE PANTS;DAMA;XL;Negro;1,00;Cerro Verde ;marzo-2026
26/03/2026;PANNTCA43TS;[PANNTCA43TS] EXPLORE PANTS CAB (S, Negro - 10);EXPLORE PANTS;CAB;S;Negro;1,00;Sambil Valencia;marzo-2026
26/03/2026;PANNTCA66TS;[PANNTCA66TS] EXPLORE PANTS CAB (S, Verde Militar - 60620);EXPLORE PANTS;CAB;S;Verde Militar;1,00;Sambil Valencia;marzo-2026
27/03/2026;PANNTCA12TXL;[PANNTCA12TXL] EXPLORE PANTS CAB (XL, Azul Marino - 5102);EXPLORE PANTS;CAB;XL;Azul Marino;1,00;La Grieta;marzo-2026
27/03/2026;PANNTDA30TS;[PANNTDA30TS] EXPLORE PANTS DAMA (S, Gris Claro - 9734);EXPLORE PANTS;DAMA;S;Gris Claro;1,00;La Grieta;marzo-2026
27/03/2026;PANNTDA33TL;[PANNTDA33TL] EXPLORE PANTS DAMA (L, Kaki - 80279);EXPLORE PANTS;DAMA;L;Kaki;1,00;Sambil Chacao ;marzo-2026
27/03/2026;PANNTDA33TM;[PANNTDA33TM] EXPLORE PANTS DAMA (M, Kaki - 80279);EXPLORE PANTS;DAMA;M;Kaki;1,00;Sambil Chacao ;marzo-2026
27/03/2026;PANNTDA33TXS;[PANNTDA33TXS] EXPLORE PANTS DAMA (XS, Kaki - 80279);EXPLORE PANTS;DAMA;XS;Kaki;1,00;Sambil Chacao ;marzo-2026
27/03/2026;PANNTDA43TM;[PANNTDA43TM] EXPLORE PANTS DAMA (M, Negro - 10);EXPLORE PANTS;DAMA;M;Negro;1,00;Sambil Chacao ;marzo-2026
27/03/2026;PANNTDA30TXS;[PANNTDA30TXS] EXPLORE PANTS DAMA (XS, Gris Claro - 9734);EXPLORE PANTS;DAMA;XS;Gris Claro;1,00;Sambil Chacao ;marzo-2026
27/03/2026;PANNTDA31TXL;[PANNTDA31TXL] EXPLORE PANTS DAMA (XL, Gris Oscuro -  9356);EXPLORE PANTS;DAMA;XL;Gris Oscuro;1,00;Sambil Valencia;marzo-2026
27/03/2026;PANNTCA30TXL;[PANNTCA30TXL] EXPLORE PANTS CAB (XL, Gris Claro - 9734);EXPLORE PANTS;CAB;XL;Gris Claro;1,00;Sambil Valencia;marzo-2026
27/03/2026;PANNTDA43TM;[PANNTDA43TM] EXPLORE PANTS DAMA (M, Negro - 10);EXPLORE PANTS;DAMA;M;Negro;1,00;WEB;marzo-2026
27/03/2026;PANNTDA30TL;[PANNTDA30TL] EXPLORE PANTS DAMA (L, Gris Claro - 9734);EXPLORE PANTS;DAMA;L;Gris Claro;1,00;Sambil Chacao ;marzo-2026
27/03/2026;PANNTCA43TS;[PANNTCA43TS] EXPLORE PANTS CAB (S, Negro - 10);EXPLORE PANTS;CAB;S;Negro;1,00;La Grieta;marzo-2026
27/03/2026;PANNTKI12T10;[PANNTKI12T10] EXPLORE PANTS KIDS (10, Azul Marino - 5102);EXPLORE PANTS;KIDS;10;Azul Marino;1,00;Sambil Chacao ;marzo-2026
27/03/2026;PANNTKI12T6;[PANNTKI12T6] EXPLORE PANTS KIDS (6, Azul Marino - 5102);EXPLORE PANTS;KIDS;6;Azul Marino;1,00;Sambil Chacao ;marzo-2026
27/03/2026;PANNTKI12T4;[PANNTKI12T4] EXPLORE PANTS KIDS (4, Azul Marino - 5102);EXPLORE PANTS;KIDS;4;Azul Marino;1,00;Sambil Chacao ;marzo-2026
27/03/2026;PANNTKI66T4;[PANNTKI66T4] EXPLORE PANTS KIDS (4, Verde Militar - 60620);EXPLORE PANTS;KIDS;4;Verde Militar;1,00;Sambil Chacao ;marzo-2026
27/03/2026;PANNTDA33TXL;[PANNTDA33TXL] EXPLORE PANTS DAMA (XL, Kaki - 80279);EXPLORE PANTS;DAMA;XL;Kaki;1,00;Sambil Chacao ;marzo-2026
28/03/2026;PANNTDA43TM;[PANNTDA43TM] EXPLORE PANTS DAMA (M, Negro - 10);EXPLORE PANTS;DAMA;M;Negro;1,00;La Grieta;marzo-2026
28/03/2026;PANNTDA43TL;[PANNTDA43TL] EXPLORE PANTS DAMA (L, Negro - 10);EXPLORE PANTS;DAMA;L;Negro;1,00;La Grieta;marzo-2026
28/03/2026;PANNTKI30T12;[PANNTKI30T12] EXPLORE PANTS KIDS (12, Gris Claro - 9734);EXPLORE PANTS;KIDS;12;Gris Claro;1,00;La Grieta;marzo-2026
28/03/2026;PANNTCA43TS;[PANNTCA43TS] EXPLORE PANTS CAB (S, Negro - 10);EXPLORE PANTS;CAB;S;Negro;1,00;La Grieta;marzo-2026
28/03/2026;PANNTCA33TM;[PANNTCA33TM] EXPLORE PANTS CAB (M, Kaki - 80279);EXPLORE PANTS;CAB;M;Kaki;1,00;La Grieta;marzo-2026
28/03/2026;PANNTKI33T8;[PANNTKI33T8] EXPLORE PANTS KIDS (8, Kaki - 80279);EXPLORE PANTS;KIDS;8;Kaki;1,00;Sambil Valencia;marzo-2026
28/03/2026;PANNTKI12T8;[PANNTKI12T8] EXPLORE PANTS KIDS (8, Azul Marino - 5102);EXPLORE PANTS;KIDS;8;Azul Marino;1,00;Sambil Valencia;marzo-2026
28/03/2026;PANNTCA43TL;[PANNTCA43TL] EXPLORE PANTS CAB (L, Negro - 10);EXPLORE PANTS;CAB;L;Negro;1,00;Cerro Verde ;marzo-2026
28/03/2026;PANNTKI43T12;[PANNTKI43T12] EXPLORE PANTS KIDS (12, Negro - 10);EXPLORE PANTS;KIDS;12;Negro;1,00;Sambil Chacao ;marzo-2026
28/03/2026;PANNTKI12T12;[PANNTKI12T12] EXPLORE PANTS KIDS (12, Azul Marino - 5102);EXPLORE PANTS;KIDS;12;Azul Marino;1,00;Sambil Chacao ;marzo-2026
28/03/2026;PANNTCA12TXL;[PANNTCA12TXL] EXPLORE PANTS CAB (XL, Azul Marino - 5102);EXPLORE PANTS;CAB;XL;Azul Marino;1,00;La Grieta;marzo-2026
28/03/2026;PANNTKI12T8;[PANNTKI12T8] EXPLORE PANTS KIDS (8, Azul Marino - 5102);EXPLORE PANTS;KIDS;8;Azul Marino;1,00;La Grieta;marzo-2026
28/03/2026;PANNTCA43TS;[PANNTCA43TS] EXPLORE PANTS CAB (S, Negro - 10);EXPLORE PANTS;CAB;S;Negro;1,00;Cerro Verde ;marzo-2026
28/03/2026;PANNTCA43TL;[PANNTCA43TL] EXPLORE PANTS CAB (L, Negro - 10);EXPLORE PANTS;CAB;L;Negro;1,00;Cerro Verde ;marzo-2026
28/03/2026;PANNTCA33TXL;[PANNTCA33TXL] EXPLORE PANTS CAB (XL, Kaki - 80279);EXPLORE PANTS;CAB;XL;Kaki;1,00;Cerro Verde ;marzo-2026
28/03/2026;PANNTDA43TXL;[PANNTDA43TXL] EXPLORE PANTS DAMA (XL, Negro - 10);EXPLORE PANTS;DAMA;XL;Negro;1,00;Sambil Valencia;marzo-2026
28/03/2026;PANNTDA33TM;[PANNTDA33TM] EXPLORE PANTS DAMA (M, Kaki - 80279);EXPLORE PANTS;DAMA;M;Kaki;1,00;Cerro Verde ;marzo-2026
28/03/2026;PANNTDA30TL;[PANNTDA30TL] EXPLORE PANTS DAMA (L, Gris Claro - 9734);EXPLORE PANTS;DAMA;L;Gris Claro;1,00;Sambil Chacao ;marzo-2026
28/03/2026;PANNTDA33TS;[PANNTDA33TS] EXPLORE PANTS DAMA (S, Kaki - 80279);EXPLORE PANTS;DAMA;S;Kaki;1,00;Sambil Chacao ;marzo-2026
28/03/2026;PANNTCA33TM;[PANNTCA33TM] EXPLORE PANTS CAB (M, Kaki - 80279);EXPLORE PANTS;CAB;M;Kaki;1,00;Sambil Chacao ;marzo-2026
28/03/2026;PANNTDA43TS;[PANNTDA43TS] EXPLORE PANTS DAMA (S, Negro - 10);EXPLORE PANTS;DAMA;S;Negro;1,00;Sambil Chacao ;marzo-2026
28/03/2026;PANNTCA43TM;[PANNTCA43TM] EXPLORE PANTS CAB (M, Negro - 10);EXPLORE PANTS;CAB;M;Negro;1,00;Sambil Chacao ;marzo-2026
29/03/2026;PANNTDA33TXS;[PANNTDA33TXS] EXPLORE PANTS DAMA (XS, Kaki - 80279);EXPLORE PANTS;DAMA;XS;Kaki;1,00;La Grieta;marzo-2026
29/03/2026;PANNTCA33TL;[PANNTCA33TL] EXPLORE PANTS CAB (L, Kaki - 80279);EXPLORE PANTS;CAB;L;Kaki;1,00;La Grieta;marzo-2026
29/03/2026;PANNTCA12TM;[PANNTCA12TM] EXPLORE PANTS CAB (M, Azul Marino - 5102);EXPLORE PANTS;CAB;M;Azul Marino;1,00;Sambil Chacao ;marzo-2026
29/03/2026;PANNTCA33TXL;[PANNTCA33TXL] EXPLORE PANTS CAB (XL, Kaki - 80279);EXPLORE PANTS;CAB;XL;Kaki;1,00;Sambil Valencia;marzo-2026
29/03/2026;PANNTCA12TXL;[PANNTCA12TXL] EXPLORE PANTS CAB (XL, Azul Marino - 5102);EXPLORE PANTS;CAB;XL;Azul Marino;1,00;Sambil Valencia;marzo-2026
29/03/2026;PANNTCA30TXL;[PANNTCA30TXL] EXPLORE PANTS CAB (XL, Gris Claro - 9734);EXPLORE PANTS;CAB;XL;Gris Claro;1,00;Sambil Valencia;marzo-2026
29/03/2026;PANNTCA43TS;[PANNTCA43TS] EXPLORE PANTS CAB (S, Negro - 10);EXPLORE PANTS;CAB;S;Negro;1,00;Sambil Valencia;marzo-2026
29/03/2026;PANNTCA30TXL;[PANNTCA30TXL] EXPLORE PANTS CAB (XL, Gris Claro - 9734);EXPLORE PANTS;CAB;XL;Gris Claro;1,00;Sambil Chacao ;marzo-2026
29/03/2026;PANNTCA43TM;[PANNTCA43TM] EXPLORE PANTS CAB (M, Negro - 10);EXPLORE PANTS;CAB;M;Negro;1,00;Sambil Valencia;marzo-2026
29/03/2026;PANNTCA30TL;[PANNTCA30TL] EXPLORE PANTS CAB (L, Gris Claro - 9734);EXPLORE PANTS;CAB;L;Gris Claro;1,00;Sambil Valencia;marzo-2026
29/03/2026;PANNTCA43TL;[PANNTCA43TL] EXPLORE PANTS CAB (L, Negro - 10);EXPLORE PANTS;CAB;L;Negro;1,00;Sambil Valencia;marzo-2026
30/03/2026;PANNTDA30TXL;[PANNTDA30TXL] EXPLORE PANTS DAMA (XL, Gris Claro - 9734);EXPLORE PANTS;DAMA;XL;Gris Claro;1,00;Grandplaz ;marzo-2026
30/03/2026;PANNTDA43TXL;[PANNTDA43TXL] EXPLORE PANTS DAMA (XL, Negro - 10);EXPLORE PANTS;DAMA;XL;Negro;1,00;Grandplaz ;marzo-2026
30/03/2026;PANNTCA33TS;[PANNTCA33TS] EXPLORE PANTS CAB (S, Kaki - 80279);EXPLORE PANTS;CAB;S;Kaki;1,00;La Grieta;marzo-2026
30/03/2026;PANNTDA43TXS;[PANNTDA43TXS] EXPLORE PANTS DAMA (XS, Negro - 10);EXPLORE PANTS;DAMA;XS;Negro;1,00;Grandplaz ;marzo-2026
30/03/2026;PANNTCA30TL;[PANNTCA30TL] EXPLORE PANTS CAB (L, Gris Claro - 9734);EXPLORE PANTS;CAB;L;Gris Claro;1,00;Cerro Verde ;marzo-2026
30/03/2026;PANNTDA33TS;[PANNTDA33TS] EXPLORE PANTS DAMA (S, Kaki - 80279);EXPLORE PANTS;DAMA;S;Kaki;1,00;La Grieta;marzo-2026
30/03/2026;PANNTKI43T10;[PANNTKI43T10] EXPLORE PANTS KIDS (10, Negro - 10);EXPLORE PANTS;KIDS;10;Negro;1,00;La Grieta;marzo-2026
30/03/2026;PANNTDA43TM;[PANNTDA43TM] EXPLORE PANTS DAMA (M, Negro - 10);EXPLORE PANTS;DAMA;M;Negro;1,00;La Grieta;marzo-2026
30/03/2026;PANNTDA43TS;[PANNTDA43TS] EXPLORE PANTS DAMA (S, Negro - 10);EXPLORE PANTS;DAMA;S;Negro;1,00;La Grieta;marzo-2026
30/03/2026;PANNTDA43TL;[PANNTDA43TL] EXPLORE PANTS DAMA (L, Negro - 10);EXPLORE PANTS;DAMA;L;Negro;1,00;La Grieta;marzo-2026
30/03/2026;PANNTCA43TL;[PANNTCA43TL] EXPLORE PANTS CAB (L, Negro - 10);EXPLORE PANTS;CAB;L;Negro;1,00;Sambil Chacao ;marzo-2026
30/03/2026;PANNTCA12TM;[PANNTCA12TM] EXPLORE PANTS CAB (M, Azul Marino - 5102);EXPLORE PANTS;CAB;M;Azul Marino;1,00;Cerro Verde ;marzo-2026
30/03/2026;PANNTCA66TM;[PANNTCA66TM] EXPLORE PANTS CAB (M, Verde Militar - 60620);EXPLORE PANTS;CAB;M;Verde Militar;1,00;Cerro Verde ;marzo-2026
30/03/2026;PANNTDA33TS;[PANNTDA33TS] EXPLORE PANTS DAMA (S, Kaki - 80279);EXPLORE PANTS;DAMA;S;Kaki;1,00;La Grieta;marzo-2026
30/03/2026;PANNTCA33TM;[PANNTCA33TM] EXPLORE PANTS CAB (M, Kaki - 80279);EXPLORE PANTS;CAB;M;Kaki;1,00;La Grieta;marzo-2026
30/03/2026;PANNTDA33TS;[PANNTDA33TS] EXPLORE PANTS DAMA (S, Kaki - 80279);EXPLORE PANTS;DAMA;S;Kaki;1,00;Sambil Chacao ;marzo-2026
30/03/2026;PANNTCA33TXL;[PANNTCA33TXL] EXPLORE PANTS CAB (XL, Kaki - 80279);EXPLORE PANTS;CAB;XL;Kaki;1,00;Sambil Chacao ;marzo-2026
30/03/2026;PANNTCA33TM;[PANNTCA33TM] EXPLORE PANTS CAB (M, Kaki - 80279);EXPLORE PANTS;CAB;M;Kaki;1,00;Sambil Chacao ;marzo-2026
30/03/2026;PANNTCA43TM;[PANNTCA43TM] EXPLORE PANTS CAB (M, Negro - 10);EXPLORE PANTS;CAB;M;Negro;1,00;Sambil Chacao ;marzo-2026
30/03/2026;PANNTCA43TM;[PANNTCA43TM] EXPLORE PANTS CAB (M, Negro - 10);EXPLORE PANTS;CAB;M;Negro;1,00;Cerro Verde ;marzo-2026
30/03/2026;PANNTCA33TXL;[PANNTCA33TXL] EXPLORE PANTS CAB (XL, Kaki - 80279);EXPLORE PANTS;CAB;XL;Kaki;1,00;Cerro Verde ;marzo-2026
30/03/2026;PANNTCA33TL;[PANNTCA33TL] EXPLORE PANTS CAB (L, Kaki - 80279);EXPLORE PANTS;CAB;L;Kaki;1,00;Cerro Verde ;marzo-2026
30/03/2026;PANNTCA33TS;[PANNTCA33TS] EXPLORE PANTS CAB (S, Kaki - 80279);EXPLORE PANTS;CAB;S;Kaki;1,00;Cerro Verde ;marzo-2026
30/03/2026;PANNTCA43TL;[PANNTCA43TL] EXPLORE PANTS CAB (L, Negro - 10);EXPLORE PANTS;CAB;L;Negro;1,00;Cerro Verde ;marzo-2026
30/03/2026;PANNTCA43TS;[PANNTCA43TS] EXPLORE PANTS CAB (S, Negro - 10);EXPLORE PANTS;CAB;S;Negro;1,00;Cerro Verde ;marzo-2026
31/03/2026;PANNTCA12TL;[PANNTCA12TL] EXPLORE PANTS CAB (L, Azul Marino - 5102);EXPLORE PANTS;CAB;L;Azul Marino;1,00;La Grieta;marzo-2026
31/03/2026;PANNTDA66TXL;[PANNTDA66TXL] EXPLORE PANTS DAMA (XL, Verde Militar - 60620);EXPLORE PANTS;DAMA;XL;Verde Militar;1,00;Cerro Verde ;marzo-2026
31/03/2026;PANNTDA30TS;[PANNTDA30TS] EXPLORE PANTS DAMA (S, Gris Claro - 9734);EXPLORE PANTS;DAMA;S;Gris Claro;1,00;La Grieta;marzo-2026
31/03/2026;PANNTDA33TL;[PANNTDA33TL] EXPLORE PANTS DAMA (L, Kaki - 80279);EXPLORE PANTS;DAMA;L;Kaki;1,00;Grandplaz ;marzo-2026
31/03/2026;PANNTDA12TL;[PANNTDA12TL] EXPLORE PANTS DAMA (L, Azul Marino - 5102);EXPLORE PANTS;DAMA;L;Azul Marino;1,00;Grandplaz ;marzo-2026
31/03/2026;PANNTCA43TM;[PANNTCA43TM] EXPLORE PANTS CAB (M, Negro - 10);EXPLORE PANTS;CAB;M;Negro;1,00;Sambil Valencia;marzo-2026
31/03/2026;PANNTKI33T10;[PANNTKI33T10] EXPLORE PANTS KIDS (10, Kaki - 80279);EXPLORE PANTS;KIDS;10;Kaki;1,00;La Grieta;marzo-2026
31/03/2026;PANNTDA30TXL;[PANNTDA30TXL] EXPLORE PANTS DAMA (XL, Gris Claro - 9734);EXPLORE PANTS;DAMA;XL;Gris Claro;1,00;La Grieta;marzo-2026
31/03/2026;PANNTKI30T12;[PANNTKI30T12] EXPLORE PANTS KIDS (12, Gris Claro - 9734);EXPLORE PANTS;KIDS;12;Gris Claro;1,00;La Grieta;marzo-2026
31/03/2026;PANNTDA43TXL;[PANNTDA43TXL] EXPLORE PANTS DAMA (XL, Negro - 10);EXPLORE PANTS;DAMA;XL;Negro;1,00;La Grieta;marzo-2026
31/03/2026;PANNTCA43TL;[PANNTCA43TL] EXPLORE PANTS CAB (L, Negro - 10);EXPLORE PANTS;CAB;L;Negro;1,00;La Grieta;marzo-2026
31/03/2026;PANNTCA33TXL;[PANNTCA33TXL] EXPLORE PANTS CAB (XL, Kaki - 80279);EXPLORE PANTS;CAB;XL;Kaki;1,00;Sambil Chacao ;marzo-2026
31/03/2026;PANNTCA30TXL;[PANNTCA30TXL] EXPLORE PANTS CAB (XL, Gris Claro - 9734);EXPLORE PANTS;CAB;XL;Gris Claro;1,00;Sambil Chacao ;marzo-2026
31/03/2026;PANNTCA12TXL;[PANNTCA12TXL] EXPLORE PANTS CAB (XL, Azul Marino - 5102);EXPLORE PANTS;CAB;XL;Azul Marino;1,00;WEB;marzo-2026
31/03/2026;PANNTCA43TM;[PANNTCA43TM] EXPLORE PANTS CAB (M, Negro - 10);EXPLORE PANTS;CAB;M;Negro;1,00;Cerro Verde ;marzo-2026
31/03/2026;PANNTDA33TXL;[PANNTDA33TXL] EXPLORE PANTS DAMA (XL, Kaki - 80279);EXPLORE PANTS;DAMA;XL;Kaki;1,00;Cerro Verde ;marzo-2026
31/03/2026;PANNTCA33TS;[PANNTCA33TS] EXPLORE PANTS CAB (S, Kaki - 80279);EXPLORE PANTS;CAB;S;Kaki;1,00;Cerro Verde ;marzo-2026
31/03/2026;PANNTDA43TL;[PANNTDA43TL] EXPLORE PANTS DAMA (L, Negro - 10);EXPLORE PANTS;DAMA;L;Negro;1,00;Cerro Verde ;marzo-2026
31/03/2026;PANNTDA30TM;[PANNTDA30TM] EXPLORE PANTS DAMA (M, Gris Claro - 9734);EXPLORE PANTS;DAMA;M;Gris Claro;1,00;La Grieta;marzo-2026
31/03/2026;PANNTDA31TM;[PANNTDA31TM] EXPLORE PANTS DAMA (M, Gris Oscuro -  9356);EXPLORE PANTS;DAMA;M;Gris Oscuro;1,00;La Grieta;marzo-2026
31/03/2026;PANNTDA33TXL;[PANNTDA33TXL] EXPLORE PANTS DAMA (XL, Kaki - 80279);EXPLORE PANTS;DAMA;XL;Kaki;1,00;Grandplaz ;marzo-2026
31/03/2026;PANNTCA30TL;[PANNTCA30TL] EXPLORE PANTS CAB (L, Gris Claro - 9734);EXPLORE PANTS;CAB;L;Gris Claro;1,00;Sambil Chacao ;marzo-2026
31/03/2026;PANNTCA30TS;[PANNTCA30TS] EXPLORE PANTS CAB (S, Gris Claro - 9734);EXPLORE PANTS;CAB;S;Gris Claro;1,00;Sambil Chacao ;marzo-2026
31/03/2026;PANNTCA43TL;[PANNTCA43TL] EXPLORE PANTS CAB (L, Negro - 10);EXPLORE PANTS;CAB;L;Negro;1,00;Sambil Chacao ;marzo-2026
31/03/2026;PANNTDA43TM;[PANNTDA43TM] EXPLORE PANTS DAMA (M, Negro - 10);EXPLORE PANTS;DAMA;M;Negro;1,00;Sambil Chacao ;marzo-2026
31/03/2026;PANNTCA12TL;[PANNTCA12TL] EXPLORE PANTS CAB (L, Azul Marino - 5102);EXPLORE PANTS;CAB;L;Azul Marino;1,00;Sambil Chacao ;marzo-2026
01/04/2026;PANNTDA66TM;[PANNTDA66TM] EXPLORE PANTS DAMA (M, Verde Militar - 60620);EXPLORE PANTS;DAMA;M;Verde Militar;1,00;Sambil Chacao ;abril-2026
01/04/2026;PANNTKI43T4;[PANNTKI43T4] EXPLORE PANTS KIDS (4, Negro - 10);EXPLORE PANTS;KIDS;4;Negro;1,00;Sambil Chacao ;abril-2026
01/04/2026;PANNTCA31TL;[PANNTCA31TL] EXPLORE PANTS CAB (L, Gris Oscuro -  9356);EXPLORE PANTS;CAB;L;Gris Oscuro;1,00;Sambil Chacao ;abril-2026
01/04/2026;PANNTCA43TM;[PANNTCA43TM] EXPLORE PANTS CAB (M, Negro - 10);EXPLORE PANTS;CAB;M;Negro;1,00;Sambil Chacao ;abril-2026
01/04/2026;PANNTDA43TS;[PANNTDA43TS] EXPLORE PANTS DAMA (S, Negro - 10);EXPLORE PANTS;DAMA;S;Negro;1,00;Cerro Verde ;abril-2026
01/04/2026;PANNTCA31TL;[PANNTCA31TL] EXPLORE PANTS CAB (L, Gris Oscuro -  9356);EXPLORE PANTS;CAB;L;Gris Oscuro;1,00;WEB;abril-2026
01/04/2026;PANNTCA31TS;[PANNTCA31TS] EXPLORE PANTS CAB (S, Gris Oscuro -  9356);EXPLORE PANTS;CAB;S;Gris Oscuro;1,00;WEB;abril-2026
01/04/2026;PANNTDA43TL;[PANNTDA43TL] EXPLORE PANTS DAMA (L, Negro - 10);EXPLORE PANTS;DAMA;L;Negro;1,00;La Grieta;abril-2026
01/04/2026;PANNTCA43TM;[PANNTCA43TM] EXPLORE PANTS CAB (M, Negro - 10);EXPLORE PANTS;CAB;M;Negro;1,00;Cerro Verde ;abril-2026
01/04/2026;PANNTDA33TXL;[PANNTDA33TXL] EXPLORE PANTS DAMA (XL, Kaki - 80279);EXPLORE PANTS;DAMA;XL;Kaki;1,00;Sambil Chacao ;abril-2026
01/04/2026;PANNTDA43TL;[PANNTDA43TL] EXPLORE PANTS DAMA (L, Negro - 10);EXPLORE PANTS;DAMA;L;Negro;1,00;Cerro Verde ;abril-2026
01/04/2026;PANNTCA66TXL;[PANNTCA66TXL] EXPLORE PANTS CAB (XL, Verde Militar - 60620);EXPLORE PANTS;CAB;XL;Verde Militar;1,00;Grandplaz ;abril-2026
01/04/2026;PANNTDA43TS;[PANNTDA43TS] EXPLORE PANTS DAMA (S, Negro - 10);EXPLORE PANTS;DAMA;S;Negro;1,00;Cerro Verde ;abril-2026
01/04/2026;PANNTDA33TS;[PANNTDA33TS] EXPLORE PANTS DAMA (S, Kaki - 80279);EXPLORE PANTS;DAMA;S;Kaki;1,00;Cerro Verde ;abril-2026
01/04/2026;PANNTDA43TM;[PANNTDA43TM] EXPLORE PANTS DAMA (M, Negro - 10);EXPLORE PANTS;DAMA;M;Negro;1,00;Sambil Valencia;abril-2026
01/04/2026;PANNTCA43TL;[PANNTCA43TL] EXPLORE PANTS CAB (L, Negro - 10);EXPLORE PANTS;CAB;L;Negro;-1,00;Sambil Chacao ;abril-2026
01/04/2026;PANNTCA43TXL;[PANNTCA43TXL] EXPLORE PANTS CAB (XL, Negro - 10);EXPLORE PANTS;CAB;XL;Negro;1,00;Sambil Chacao ;abril-2026
01/04/2026;PANNTDA33TXS;[PANNTDA33TXS] EXPLORE PANTS DAMA (XS, Kaki - 80279);EXPLORE PANTS;DAMA;XS;Kaki;1,00;Grandplaz ;abril-2026
01/04/2026;PANNTDA66TM;[PANNTDA66TM] EXPLORE PANTS DAMA (M, Verde Militar - 60620);EXPLORE PANTS;DAMA;M;Verde Militar;1,00;Grandplaz ;abril-2026
01/04/2026;PANNTCA12TM;[PANNTCA12TM] EXPLORE PANTS CAB (M, Azul Marino - 5102);EXPLORE PANTS;CAB;M;Azul Marino;1,00;Grandplaz ;abril-2026
01/04/2026;PANNTCA66TM;[PANNTCA66TM] EXPLORE PANTS CAB (M, Verde Militar - 60620);EXPLORE PANTS;CAB;M;Verde Militar;1,00;Grandplaz ;abril-2026
01/04/2026;PANNTCA30TM;[PANNTCA30TM] EXPLORE PANTS CAB (M, Gris Claro - 9734);EXPLORE PANTS;CAB;M;Gris Claro;1,00;Grandplaz ;abril-2026
01/04/2026;PANNTCA43TM;[PANNTCA43TM] EXPLORE PANTS CAB (M, Negro - 10);EXPLORE PANTS;CAB;M;Negro;1,00;Grandplaz ;abril-2026
01/04/2026;PANNTCA43TL;[PANNTCA43TL] EXPLORE PANTS CAB (L, Negro - 10);EXPLORE PANTS;CAB;L;Negro;1,00;Sambil Valencia;abril-2026
02/04/2026;PANNTDA43TL;[PANNTDA43TL] EXPLORE PANTS DAMA (L, Negro - 10);EXPLORE PANTS;DAMA;L;Negro;1,00;Cerro Verde ;abril-2026
02/04/2026;PANNTCA30TL;[PANNTCA30TL] EXPLORE PANTS CAB (L, Gris Claro - 9734);EXPLORE PANTS;CAB;L;Gris Claro;1,00;La Grieta;abril-2026
02/04/2026;PANNTDA43TL;[PANNTDA43TL] EXPLORE PANTS DAMA (L, Negro - 10);EXPLORE PANTS;DAMA;L;Negro;-1,00;Cerro Verde ;abril-2026
02/04/2026;PANNTCA43TM;[PANNTCA43TM] EXPLORE PANTS CAB (M, Negro - 10);EXPLORE PANTS;CAB;M;Negro;1,00;Cerro Verde ;abril-2026
02/04/2026;PANNTKI30T8;[PANNTKI30T8] EXPLORE PANTS KIDS (8, Gris Claro - 9734);EXPLORE PANTS;KIDS;8;Gris Claro;1,00;Sambil Valencia;abril-2026
02/04/2026;PANNTCA31TM;[PANNTCA31TM] EXPLORE PANTS CAB (M, Gris Oscuro -  9356);EXPLORE PANTS;CAB;M;Gris Oscuro;1,00;Sambil Valencia;abril-2026
02/04/2026;PANNTKI33T10;[PANNTKI33T10] EXPLORE PANTS KIDS (10, Kaki - 80279);EXPLORE PANTS;KIDS;10;Kaki;1,00;La Grieta;abril-2026
02/04/2026;PANNTKI12T12;[PANNTKI12T12] EXPLORE PANTS KIDS (12, Azul Marino - 5102);EXPLORE PANTS;KIDS;12;Azul Marino;1,00;Cerro Verde ;abril-2026
02/04/2026;PANNTKI66T12;[PANNTKI66T12] EXPLORE PANTS KIDS (12, Verde Militar - 60620);EXPLORE PANTS;KIDS;12;Verde Militar;1,00;Cerro Verde ;abril-2026
02/04/2026;PANNTKI43T12;[PANNTKI43T12] EXPLORE PANTS KIDS (12, Negro - 10);EXPLORE PANTS;KIDS;12;Negro;1,00;Cerro Verde ;abril-2026
02/04/2026;PANNTDA43TM;[PANNTDA43TM] EXPLORE PANTS DAMA (M, Negro - 10);EXPLORE PANTS;DAMA;M;Negro;1,00;Cerro Verde ;abril-2026
02/04/2026;PANNTDA43TXS;[PANNTDA43TXS] EXPLORE PANTS DAMA (XS, Negro - 10);EXPLORE PANTS;DAMA;XS;Negro;1,00;Cerro Verde ;abril-2026
02/04/2026;PANNTCA43TM;[PANNTCA43TM] EXPLORE PANTS CAB (M, Negro - 10);EXPLORE PANTS;CAB;M;Negro;1,00;Cerro Verde ;abril-2026
02/04/2026;PANNTKI12T10;[PANNTKI12T10] EXPLORE PANTS KIDS (10, Azul Marino - 5102);EXPLORE PANTS;KIDS;10;Azul Marino;1,00;Cerro Verde ;abril-2026
02/04/2026;PANNTCA33TM;[PANNTCA33TM] EXPLORE PANTS CAB (M, Kaki - 80279);EXPLORE PANTS;CAB;M;Kaki;1,00;Cerro Verde ;abril-2026
03/04/2026;PANNTCA31TL;[PANNTCA31TL] EXPLORE PANTS CAB (L, Gris Oscuro -  9356);EXPLORE PANTS;CAB;L;Gris Oscuro;1,00;Sambil Valencia;abril-2026
03/04/2026;PANNTCA43TXL;[PANNTCA43TXL] EXPLORE PANTS CAB (XL, Negro - 10);EXPLORE PANTS;CAB;XL;Negro;1,00;Sambil Chacao ;abril-2026
03/04/2026;PANNTDA33TS;[PANNTDA33TS] EXPLORE PANTS DAMA (S, Kaki - 80279);EXPLORE PANTS;DAMA;S;Kaki;1,00;Cerro Verde ;abril-2026
04/04/2026;PANNTDA43TXL;[PANNTDA43TXL] EXPLORE PANTS DAMA (XL, Negro - 10);EXPLORE PANTS;DAMA;XL;Negro;1,00;Sambil Valencia;abril-2026
04/04/2026;PANNTDA33TXL;[PANNTDA33TXL] EXPLORE PANTS DAMA (XL, Kaki - 80279);EXPLORE PANTS;DAMA;XL;Kaki;1,00;Sambil Chacao ;abril-2026
04/04/2026;PANNTCA30TS;[PANNTCA30TS] EXPLORE PANTS CAB (S, Gris Claro - 9734);EXPLORE PANTS;CAB;S;Gris Claro;1,00;Cerro Verde ;abril-2026
05/04/2026;PANNTKI12T12;[PANNTKI12T12] EXPLORE PANTS KIDS (12, Azul Marino - 5102);EXPLORE PANTS;KIDS;12;Azul Marino;1,00;Sambil Chacao ;abril-2026
05/04/2026;PANNTDA43TL;[PANNTDA43TL] EXPLORE PANTS DAMA (L, Negro - 10);EXPLORE PANTS;DAMA;L;Negro;1,00;Cerro Verde ;abril-2026
05/04/2026;PANNTDA30TL;[PANNTDA30TL] EXPLORE PANTS DAMA (L, Gris Claro - 9734);EXPLORE PANTS;DAMA;L;Gris Claro;1,00;Cerro Verde ;abril-2026
05/04/2026;PANNTDA31TM;[PANNTDA31TM] EXPLORE PANTS DAMA (M, Gris Oscuro -  9356);EXPLORE PANTS;DAMA;M;Gris Oscuro;1,00;Sambil Chacao ;abril-2026
05/04/2026;PANNTDA31TS;[PANNTDA31TS] EXPLORE PANTS DAMA (S, Gris Oscuro -  9356);EXPLORE PANTS;DAMA;S;Gris Oscuro;1,00;Sambil Chacao ;abril-2026
05/04/2026;PANNTDA66TS;[PANNTDA66TS] EXPLORE PANTS DAMA (S, Verde Militar - 60620);EXPLORE PANTS;DAMA;S;Verde Militar;2,00;Sambil Chacao ;abril-2026
05/04/2026;PANNTDA30TS;[PANNTDA30TS] EXPLORE PANTS DAMA (S, Gris Claro - 9734);EXPLORE PANTS;DAMA;S;Gris Claro;2,00;Sambil Chacao ;abril-2026
05/04/2026;PANNTCA31TM;[PANNTCA31TM] EXPLORE PANTS CAB (M, Gris Oscuro -  9356);EXPLORE PANTS;CAB;M;Gris Oscuro;1,00;Cerro Verde ;abril-2026
06/04/2026;PANNTCA43TM;[PANNTCA43TM] EXPLORE PANTS CAB (M, Negro - 10);EXPLORE PANTS;CAB;M;Negro;1,00;La Grieta;abril-2026
06/04/2026;PANNTCA43TM;[PANNTCA43TM] EXPLORE PANTS CAB (M, Negro - 10);EXPLORE PANTS;CAB;M;Negro;1,00;Cerro Verde ;abril-2026
06/04/2026;PANNTCA33TL;[PANNTCA33TL] EXPLORE PANTS CAB (L, Kaki - 80279);EXPLORE PANTS;CAB;L;Kaki;1,00;La Grieta;abril-2026
06/04/2026;PANNTCA43TM;[PANNTCA43TM] EXPLORE PANTS CAB (M, Negro - 10);EXPLORE PANTS;CAB;M;Negro;1,00;Sambil Chacao ;abril-2026
06/04/2026;PANNTDA33TXL;[PANNTDA33TXL] EXPLORE PANTS DAMA (XL, Kaki - 80279);EXPLORE PANTS;DAMA;XL;Kaki;1,00;Sambil Chacao ;abril-2026
06/04/2026;PANNTDA12TXL;[PANNTDA12TXL] EXPLORE PANTS DAMA (XL, Azul Marino - 5102);EXPLORE PANTS;DAMA;XL;Azul Marino;1,00;Sambil Chacao ;abril-2026
06/04/2026;PANNTDA43TXL;[PANNTDA43TXL] EXPLORE PANTS DAMA (XL, Negro - 10);EXPLORE PANTS;DAMA;XL;Negro;1,00;Sambil Chacao ;abril-2026
06/04/2026;PANNTCA66TXL;[PANNTCA66TXL] EXPLORE PANTS CAB (XL, Verde Militar - 60620);EXPLORE PANTS;CAB;XL;Verde Militar;1,00;Sambil Chacao ;abril-2026
06/04/2026;PANNTCA43TXL;[PANNTCA43TXL] EXPLORE PANTS CAB (XL, Negro - 10);EXPLORE PANTS;CAB;XL;Negro;1,00;Sambil Chacao ;abril-2026
06/04/2026;PANNTKI12T8;[PANNTKI12T8] EXPLORE PANTS KIDS (8, Azul Marino - 5102);EXPLORE PANTS;KIDS;8;Azul Marino;2,00;Cerro Verde ;abril-2026
07/04/2026;PANNTCA43TXL;[PANNTCA43TXL] EXPLORE PANTS CAB (XL, Negro - 10);EXPLORE PANTS;CAB;XL;Negro;1,00;La Grieta;abril-2026
07/04/2026;PANNTDA30TS;[PANNTDA30TS] EXPLORE PANTS DAMA (S, Gris Claro - 9734);EXPLORE PANTS;DAMA;S;Gris Claro;1,00;Cerro Verde ;abril-2026
07/04/2026;PANNTCA31TXL;[PANNTCA31TXL] EXPLORE PANTS CAB (XL, Gris Oscuro -  9356);EXPLORE PANTS;CAB;XL;Gris Oscuro;-1,00;La Grieta;abril-2026
07/04/2026;PANNTCA43TXL;[PANNTCA43TXL] EXPLORE PANTS CAB (XL, Negro - 10);EXPLORE PANTS;CAB;XL;Negro;1,00;La Grieta;abril-2026
07/04/2026;PANNTKI12T12;[PANNTKI12T12] EXPLORE PANTS KIDS (12, Azul Marino - 5102);EXPLORE PANTS;KIDS;12;Azul Marino;1,00;Sambil Valencia;abril-2026
07/04/2026;PANNTDA43TM;[PANNTDA43TM] EXPLORE PANTS DAMA (M, Negro - 10);EXPLORE PANTS;DAMA;M;Negro;1,00;Sambil Chacao ;abril-2026
07/04/2026;PANNTDA30TM;[PANNTDA30TM] EXPLORE PANTS DAMA (M, Gris Claro - 9734);EXPLORE PANTS;DAMA;M;Gris Claro;1,00;Sambil Chacao ;abril-2026
07/04/2026;PANNTDA43TS;[PANNTDA43TS] EXPLORE PANTS DAMA (S, Negro - 10);EXPLORE PANTS;DAMA;S;Negro;1,00;La Grieta;abril-2026
07/04/2026;PANNTDA33TS;[PANNTDA33TS] EXPLORE PANTS DAMA (S, Kaki - 80279);EXPLORE PANTS;DAMA;S;Kaki;1,00;La Grieta;abril-2026
07/04/2026;PANNTDA43TS;[PANNTDA43TS] EXPLORE PANTS DAMA (S, Negro - 10);EXPLORE PANTS;DAMA;S;Negro;1,00;La Grieta;abril-2026
07/04/2026;PANNTKI12T12;[PANNTKI12T12] EXPLORE PANTS KIDS (12, Azul Marino - 5102);EXPLORE PANTS;KIDS;12;Azul Marino;-1,00;Sambil Valencia;abril-2026
07/04/2026;PANNTKI12T10;[PANNTKI12T10] EXPLORE PANTS KIDS (10, Azul Marino - 5102);EXPLORE PANTS;KIDS;10;Azul Marino;1,00;Sambil Valencia;abril-2026
07/04/2026;PANNTKI43T10;[PANNTKI43T10] EXPLORE PANTS KIDS (10, Negro - 10);EXPLORE PANTS;KIDS;10;Negro;1,00;Sambil Valencia;abril-2026
08/04/2026;PANNTCA43TXL;[PANNTCA43TXL] EXPLORE PANTS CAB (XL, Negro - 10);EXPLORE PANTS;CAB;XL;Negro;1,00;Sambil Chacao ;abril-2026
08/04/2026;PANNTDA33TM;[PANNTDA33TM] EXPLORE PANTS DAMA (M, Kaki - 80279);EXPLORE PANTS;DAMA;M;Kaki;1,00;Grandplaz ;abril-2026
08/04/2026;PANNTDA12TM;[PANNTDA12TM] EXPLORE PANTS DAMA (M, Azul Marino - 5102);EXPLORE PANTS;DAMA;M;Azul Marino;1,00;Cerro Verde ;abril-2026
08/04/2026;PANNTKI66T6;[PANNTKI66T6] EXPLORE PANTS KIDS (6, Verde Militar - 60620);EXPLORE PANTS;KIDS;6;Verde Militar;1,00;Grandplaz ;abril-2026
08/04/2026;PANNTKI43T6;[PANNTKI43T6] EXPLORE PANTS KIDS (6, Negro - 10);EXPLORE PANTS;KIDS;6;Negro;2,00;Grandplaz ;abril-2026
08/04/2026;PANNTDA43TXS;[PANNTDA43TXS] EXPLORE PANTS DAMA (XS, Negro - 10);EXPLORE PANTS;DAMA;XS;Negro;1,00;Grandplaz ;abril-2026
08/04/2026;PANNTCA43TM;[PANNTCA43TM] EXPLORE PANTS CAB (M, Negro - 10);EXPLORE PANTS;CAB;M;Negro;1,00;Grandplaz ;abril-2026
08/04/2026;PANNTKI12T8;[PANNTKI12T8] EXPLORE PANTS KIDS (8, Azul Marino - 5102);EXPLORE PANTS;KIDS;8;Azul Marino;2,00;Grandplaz ;abril-2026
08/04/2026;PANNTKI66T8;[PANNTKI66T8] EXPLORE PANTS KIDS (8, Verde Militar - 60620);EXPLORE PANTS;KIDS;8;Verde Militar;2,00;Grandplaz ;abril-2026
08/04/2026;PANNTDA12TS;[PANNTDA12TS] EXPLORE PANTS DAMA (S, Azul Marino - 5102);EXPLORE PANTS;DAMA;S;Azul Marino;1,00;Grandplaz ;abril-2026
08/04/2026;PANNTDA33TS;[PANNTDA33TS] EXPLORE PANTS DAMA (S, Kaki - 80279);EXPLORE PANTS;DAMA;S;Kaki;1,00;Grandplaz ;abril-2026
08/04/2026;PANNTCA43TXL;[PANNTCA43TXL] EXPLORE PANTS CAB (XL, Negro - 10);EXPLORE PANTS;CAB;XL;Negro;1,00;Sambil Valencia;abril-2026
09/04/2026;PANNTDA43TXS;[PANNTDA43TXS] EXPLORE PANTS DAMA (XS, Negro - 10);EXPLORE PANTS;DAMA;XS;Negro;1,00;La Grieta;abril-2026
09/04/2026;PANNTCA33TL;[PANNTCA33TL] EXPLORE PANTS CAB (L, Kaki - 80279);EXPLORE PANTS;CAB;L;Kaki;1,00;La Grieta;abril-2026
09/04/2026;PANNTCA43TL;[PANNTCA43TL] EXPLORE PANTS CAB (L, Negro - 10);EXPLORE PANTS;CAB;L;Negro;1,00;La Grieta;abril-2026
09/04/2026;PANNTDA43TXS;[PANNTDA43TXS] EXPLORE PANTS DAMA (XS, Negro - 10);EXPLORE PANTS;DAMA;XS;Negro;2,00;Sambil Valencia;abril-2026
09/04/2026;PANNTDA33TM;[PANNTDA33TM] EXPLORE PANTS DAMA (M, Kaki - 80279);EXPLORE PANTS;DAMA;M;Kaki;1,00;Sambil Chacao ;abril-2026
09/04/2026;PANNTCA33TM;[PANNTCA33TM] EXPLORE PANTS CAB (M, Kaki - 80279);EXPLORE PANTS;CAB;M;Kaki;1,00;Sambil Chacao ;abril-2026
09/04/2026;PANNTCA66TM;[PANNTCA66TM] EXPLORE PANTS CAB (M, Verde Militar - 60620);EXPLORE PANTS;CAB;M;Verde Militar;1,00;Sambil Valencia;abril-2026
09/04/2026;PANNTCA33TXL;[PANNTCA33TXL] EXPLORE PANTS CAB (XL, Kaki - 80279);EXPLORE PANTS;CAB;XL;Kaki;1,00;Cerro Verde ;abril-2026
09/04/2026;PANNTDA31TL;[PANNTDA31TL] EXPLORE PANTS DAMA (L, Gris Oscuro -  9356);EXPLORE PANTS;DAMA;L;Gris Oscuro;1,00;Sambil Chacao ;abril-2026
09/04/2026;PANNTCA31TM;[PANNTCA31TM] EXPLORE PANTS CAB (M, Gris Oscuro -  9356);EXPLORE PANTS;CAB;M;Gris Oscuro;1,00;Sambil Chacao ;abril-2026
09/04/2026;PANNTDA43TM;[PANNTDA43TM] EXPLORE PANTS DAMA (M, Negro - 10);EXPLORE PANTS;DAMA;M;Negro;1,00;Sambil Chacao ;abril-2026
09/04/2026;PANNTCA43TM;[PANNTCA43TM] EXPLORE PANTS CAB (M, Negro - 10);EXPLORE PANTS;CAB;M;Negro;1,00;Sambil Chacao ;abril-2026
10/04/2026;PANNTDA12TM;[PANNTDA12TM] EXPLORE PANTS DAMA (M, Azul Marino - 5102);EXPLORE PANTS;DAMA;M;Azul Marino;1,00;La Grieta;abril-2026
10/04/2026;PANNTDA31TXL;[PANNTDA31TXL] EXPLORE PANTS DAMA (XL, Gris Oscuro -  9356);EXPLORE PANTS;DAMA;XL;Gris Oscuro;1,00;Sambil Valencia;abril-2026
10/04/2026;PANNTDA33TS;[PANNTDA33TS] EXPLORE PANTS DAMA (S, Kaki - 80279);EXPLORE PANTS;DAMA;S;Kaki;1,00;La Grieta;abril-2026
10/04/2026;PANNTCA12TL;[PANNTCA12TL] EXPLORE PANTS CAB (L, Azul Marino - 5102);EXPLORE PANTS;CAB;L;Azul Marino;1,00;Sambil Chacao ;abril-2026
10/04/2026;PANNTCA43TS;[PANNTCA43TS] EXPLORE PANTS CAB (S, Negro - 10);EXPLORE PANTS;CAB;S;Negro;1,00;Sambil Valencia;abril-2026
10/04/2026;PANNTKI43T12;[PANNTKI43T12] EXPLORE PANTS KIDS (12, Negro - 10);EXPLORE PANTS;KIDS;12;Negro;1,00;La Grieta;abril-2026
10/04/2026;PANNTCA43TXL;[PANNTCA43TXL] EXPLORE PANTS CAB (XL, Negro - 10);EXPLORE PANTS;CAB;XL;Negro;1,00;Sambil Valencia;abril-2026
11/04/2026;PANNTDA33TXL;[PANNTDA33TXL] EXPLORE PANTS DAMA (XL, Kaki - 80279);EXPLORE PANTS;DAMA;XL;Kaki;1,00;Cerro Verde ;abril-2026
11/04/2026;PANNTDA43TS;[PANNTDA43TS] EXPLORE PANTS DAMA (S, Negro - 10);EXPLORE PANTS;DAMA;S;Negro;1,00;La Grieta;abril-2026
11/04/2026;PANNTDA33TXS;[PANNTDA33TXS] EXPLORE PANTS DAMA (XS, Kaki - 80279);EXPLORE PANTS;DAMA;XS;Kaki;1,00;Cerro Verde ;abril-2026
11/04/2026;PANNTCA33TL;[PANNTCA33TL] EXPLORE PANTS CAB (L, Kaki - 80279);EXPLORE PANTS;CAB;L;Kaki;1,00;Cerro Verde ;abril-2026
11/04/2026;PANNTDA43TM;[PANNTDA43TM] EXPLORE PANTS DAMA (M, Negro - 10);EXPLORE PANTS;DAMA;M;Negro;1,00;Cerro Verde ;abril-2026
11/04/2026;PANNTDA43TS;[PANNTDA43TS] EXPLORE PANTS DAMA (S, Negro - 10);EXPLORE PANTS;DAMA;S;Negro;1,00;Cerro Verde ;abril-2026
11/04/2026;PANNTDA31TL;[PANNTDA31TL] EXPLORE PANTS DAMA (L, Gris Oscuro -  9356);EXPLORE PANTS;DAMA;L;Gris Oscuro;1,00;Grandplaz ;abril-2026
11/04/2026;PANNTDA31TM;[PANNTDA31TM] EXPLORE PANTS DAMA (M, Gris Oscuro -  9356);EXPLORE PANTS;DAMA;M;Gris Oscuro;1,00;Grandplaz ;abril-2026
11/04/2026;PANNTDA33TS;[PANNTDA33TS] EXPLORE PANTS DAMA (S, Kaki - 80279);EXPLORE PANTS;DAMA;S;Kaki;1,00;Grandplaz ;abril-2026
11/04/2026;PANNTCA33TXL;[PANNTCA33TXL] EXPLORE PANTS CAB (XL, Kaki - 80279);EXPLORE PANTS;CAB;XL;Kaki;1,00;Grandplaz ;abril-2026
11/04/2026;PANNTCA33TS;[PANNTCA33TS] EXPLORE PANTS CAB (S, Kaki - 80279);EXPLORE PANTS;CAB;S;Kaki;1,00;Grandplaz ;abril-2026
11/04/2026;PANNTCA43TS;[PANNTCA43TS] EXPLORE PANTS CAB (S, Negro - 10);EXPLORE PANTS;CAB;S;Negro;1,00;Grandplaz ;abril-2026
11/04/2026;PANNTCA33TXL;[PANNTCA33TXL] EXPLORE PANTS CAB (XL, Kaki - 80279);EXPLORE PANTS;CAB;XL;Kaki;1,00;Sambil Chacao ;abril-2026
11/04/2026;PANNTDA33TXL;[PANNTDA33TXL] EXPLORE PANTS DAMA (XL, Kaki - 80279);EXPLORE PANTS;DAMA;XL;Kaki;1,00;Sambil Chacao ;abril-2026
12/04/2026;PANNTCA12TL;[PANNTCA12TL] EXPLORE PANTS CAB (L, Azul Marino - 5102);EXPLORE PANTS;CAB;L;Azul Marino;1,00;Cerro Verde ;abril-2026
12/04/2026;PANNTCA66TL;[PANNTCA66TL] EXPLORE PANTS CAB (L, Verde Militar - 60620);EXPLORE PANTS;CAB;L;Verde Militar;1,00;Cerro Verde ;abril-2026
12/04/2026;PANNTDA33TXL;[PANNTDA33TXL] EXPLORE PANTS DAMA (XL, Kaki - 80279);EXPLORE PANTS;DAMA;XL;Kaki;1,00;Sambil Valencia;abril-2026
12/04/2026;PANNTDA31TM;[PANNTDA31TM] EXPLORE PANTS DAMA (M, Gris Oscuro -  9356);EXPLORE PANTS;DAMA;M;Gris Oscuro;1,00;Cerro Verde ;abril-2026
12/04/2026;PANNTDA12TXL;[PANNTDA12TXL] EXPLORE PANTS DAMA (XL, Azul Marino - 5102);EXPLORE PANTS;DAMA;XL;Azul Marino;1,00;Cerro Verde ;abril-2026
12/04/2026;PANNTDA12TXL;[PANNTDA12TXL] EXPLORE PANTS DAMA (XL, Azul Marino - 5102);EXPLORE PANTS;DAMA;XL;Azul Marino;-1,00;Cerro Verde ;abril-2026
12/04/2026;PANNTDA12TXL;[PANNTDA12TXL] EXPLORE PANTS DAMA (XL, Azul Marino - 5102);EXPLORE PANTS;DAMA;XL;Azul Marino;1,00;Cerro Verde ;abril-2026
13/04/2026;PANNTCA31TL;[PANNTCA31TL] EXPLORE PANTS CAB (L, Gris Oscuro -  9356);EXPLORE PANTS;CAB;L;Gris Oscuro;1,00;Pedidos;abril-2026
13/04/2026;PANNTKI30T4;[PANNTKI30T4] EXPLORE PANTS KIDS (4, Gris Claro - 9734);EXPLORE PANTS;KIDS;4;Gris Claro;1,00;Cerro Verde ;abril-2026
13/04/2026;PANNTKI12T4;[PANNTKI12T4] EXPLORE PANTS KIDS (4, Azul Marino - 5102);EXPLORE PANTS;KIDS;4;Azul Marino;1,00;Cerro Verde ;abril-2026
13/04/2026;PANNTKI66T4;[PANNTKI66T4] EXPLORE PANTS KIDS (4, Verde Militar - 60620);EXPLORE PANTS;KIDS;4;Verde Militar;1,00;Cerro Verde ;abril-2026
13/04/2026;PANNTKI43T4;[PANNTKI43T4] EXPLORE PANTS KIDS (4, Negro - 10);EXPLORE PANTS;KIDS;4;Negro;1,00;Cerro Verde ;abril-2026
14/04/2026;PANNTDA66TM;[PANNTDA66TM] EXPLORE PANTS DAMA (M, Verde Militar - 60620);EXPLORE PANTS;DAMA;M;Verde Militar;1,00;Sambil Chacao ;abril-2026
14/04/2026;PANNTCA31TM;[PANNTCA31TM] EXPLORE PANTS CAB (M, Gris Oscuro -  9356);EXPLORE PANTS;CAB;M;Gris Oscuro;1,00;Sambil Valencia;abril-2026
14/04/2026;PANNTDA30TL;[PANNTDA30TL] EXPLORE PANTS DAMA (L, Gris Claro - 9734);EXPLORE PANTS;DAMA;L;Gris Claro;1,00;Cerro Verde ;abril-2026
14/04/2026;PANNTCA43TXL;[PANNTCA43TXL] EXPLORE PANTS CAB (XL, Negro - 10);EXPLORE PANTS;CAB;XL;Negro;1,00;La Grieta;abril-2026
14/04/2026;PANNTDA43TL;[PANNTDA43TL] EXPLORE PANTS DAMA (L, Negro - 10);EXPLORE PANTS;DAMA;L;Negro;1,00;Cerro Verde ;abril-2026
15/04/2026;PANNTKI43T12;[PANNTKI43T12] EXPLORE PANTS KIDS (12, Negro - 10);EXPLORE PANTS;KIDS;12;Negro;1,00;Sambil Chacao ;abril-2026
15/04/2026;PANNTDA33TS;[PANNTDA33TS] EXPLORE PANTS DAMA (S, Kaki - 80279);EXPLORE PANTS;DAMA;S;Kaki;1,00;WEB;abril-2026
15/04/2026;PANNTCA43TM;[PANNTCA43TM] EXPLORE PANTS CAB (M, Negro - 10);EXPLORE PANTS;CAB;M;Negro;1,00;Sambil Valencia;abril-2026
15/04/2026;PANNTDA33TM;[PANNTDA33TM] EXPLORE PANTS DAMA (M, Kaki - 80279);EXPLORE PANTS;DAMA;M;Kaki;1,00;Sambil Chacao ;abril-2026
15/04/2026;PANNTDA43TXS;[PANNTDA43TXS] EXPLORE PANTS DAMA (XS, Negro - 10);EXPLORE PANTS;DAMA;XS;Negro;-1,00;La Grieta;abril-2026
15/04/2026;PANNTCA43TM;[PANNTCA43TM] EXPLORE PANTS CAB (M, Negro - 10);EXPLORE PANTS;CAB;M;Negro;1,00;Sambil Chacao ;abril-2026
15/04/2026;PANNTDA43TS;[PANNTDA43TS] EXPLORE PANTS DAMA (S, Negro - 10);EXPLORE PANTS;DAMA;S;Negro;1,00;La Grieta;abril-2026
15/04/2026;PANNTCA43TM;[PANNTCA43TM] EXPLORE PANTS CAB (M, Negro - 10);EXPLORE PANTS;CAB;M;Negro;1,00;Cerro Verde ;abril-2026
16/04/2026;PANNTDA30TL;[PANNTDA30TL] EXPLORE PANTS DAMA (L, Gris Claro - 9734);EXPLORE PANTS;DAMA;L;Gris Claro;1,00;Cerro Verde ;abril-2026
16/04/2026;PANNTDA43TL;[PANNTDA43TL] EXPLORE PANTS DAMA (L, Negro - 10);EXPLORE PANTS;DAMA;L;Negro;1,00;Cerro Verde ;abril-2026
16/04/2026;PANNTDA66TS;[PANNTDA66TS] EXPLORE PANTS DAMA (S, Verde Militar - 60620);EXPLORE PANTS;DAMA;S;Verde Militar;1,00;Sambil Chacao ;abril-2026
16/04/2026;PANNTCA33TL;[PANNTCA33TL] EXPLORE PANTS CAB (L, Kaki - 80279);EXPLORE PANTS;CAB;L;Kaki;1,00;Sambil Valencia;abril-2026
16/04/2026;PANNTDA33TM;[PANNTDA33TM] EXPLORE PANTS DAMA (M, Kaki - 80279);EXPLORE PANTS;DAMA;M;Kaki;1,00;La Grieta;abril-2026
16/04/2026;PANNTCA43TXL;[PANNTCA43TXL] EXPLORE PANTS CAB (XL, Negro - 10);EXPLORE PANTS;CAB;XL;Negro;2,00;Cerro Verde ;abril-2026
16/04/2026;PANNTDA30TL;[PANNTDA30TL] EXPLORE PANTS DAMA (L, Gris Claro - 9734);EXPLORE PANTS;DAMA;L;Gris Claro;4,00;Sambil Chacao ;abril-2026
16/04/2026;PANNTCA30TM;[PANNTCA30TM] EXPLORE PANTS CAB (M, Gris Claro - 9734);EXPLORE PANTS;CAB;M;Gris Claro;2,00;Sambil Chacao ;abril-2026
17/04/2026;PANNTCA33TM;[PANNTCA33TM] EXPLORE PANTS CAB (M, Kaki - 80279);EXPLORE PANTS;CAB;M;Kaki;1,00;Cerro Verde ;abril-2026
17/04/2026;PANNTCA31TS;[PANNTCA31TS] EXPLORE PANTS CAB (S, Gris Oscuro -  9356);EXPLORE PANTS;CAB;S;Gris Oscuro;1,00;Sambil Valencia;abril-2026
17/04/2026;PANNTCA33TS;[PANNTCA33TS] EXPLORE PANTS CAB (S, Kaki - 80279);EXPLORE PANTS;CAB;S;Kaki;1,00;Sambil Valencia;abril-2026
17/04/2026;PANNTDA43TS;[PANNTDA43TS] EXPLORE PANTS DAMA (S, Negro - 10);EXPLORE PANTS;DAMA;S;Negro;1,00;La Grieta;abril-2026
17/04/2026;PANNTCA43TXL;[PANNTCA43TXL] EXPLORE PANTS CAB (XL, Negro - 10);EXPLORE PANTS;CAB;XL;Negro;1,00;Cerro Verde ;abril-2026
18/04/2026;PANNTDA66TM;[PANNTDA66TM] EXPLORE PANTS DAMA (M, Verde Militar - 60620);EXPLORE PANTS;DAMA;M;Verde Militar;1,00;Sambil Chacao ;abril-2026
18/04/2026;PANNTDA12TL;[PANNTDA12TL] EXPLORE PANTS DAMA (L, Azul Marino - 5102);EXPLORE PANTS;DAMA;L;Azul Marino;1,00;Sambil Chacao ;abril-2026
18/04/2026;PANNTDA30TL;[PANNTDA30TL] EXPLORE PANTS DAMA (L, Gris Claro - 9734);EXPLORE PANTS;DAMA;L;Gris Claro;1,00;Sambil Chacao ;abril-2026
18/04/2026;PANNTCA33TXL;[PANNTCA33TXL] EXPLORE PANTS CAB (XL, Kaki - 80279);EXPLORE PANTS;CAB;XL;Kaki;1,00;Cerro Verde ;abril-2026
18/04/2026;PANNTCA66TXL;[PANNTCA66TXL] EXPLORE PANTS CAB (XL, Verde Militar - 60620);EXPLORE PANTS;CAB;XL;Verde Militar;1,00;Cerro Verde ;abril-2026
18/04/2026;PANNTCA33TM;[PANNTCA33TM] EXPLORE PANTS CAB (M, Kaki - 80279);EXPLORE PANTS;CAB;M;Kaki;1,00;Sambil Valencia;abril-2026
18/04/2026;PANNTKI12T2;[PANNTKI12T2] EXPLORE PANTS KIDS (2, Azul Marino - 5102);EXPLORE PANTS;KIDS;2;Azul Marino;1,00;Sambil Chacao ;abril-2026
18/04/2026;PANNTKI43T10;[PANNTKI43T10] EXPLORE PANTS KIDS (10, Negro - 10);EXPLORE PANTS;KIDS;10;Negro;1,00;Sambil Valencia;abril-2026
18/04/2026;PANNTDA31TM;[PANNTDA31TM] EXPLORE PANTS DAMA (M, Gris Oscuro -  9356);EXPLORE PANTS;DAMA;M;Gris Oscuro;1,00;La Grieta;abril-2026
18/04/2026;PANNTCA43TM;[PANNTCA43TM] EXPLORE PANTS CAB (M, Negro - 10);EXPLORE PANTS;CAB;M;Negro;1,00;La Grieta;abril-2026
18/04/2026;PANNTCA43TXL;[PANNTCA43TXL] EXPLORE PANTS CAB (XL, Negro - 10);EXPLORE PANTS;CAB;XL;Negro;1,00;La Grieta;abril-2026
18/04/2026;PANNTDA12TXL;[PANNTDA12TXL] EXPLORE PANTS DAMA (XL, Azul Marino - 5102);EXPLORE PANTS;DAMA;XL;Azul Marino;1,00;Sambil Valencia;abril-2026
18/04/2026;PANNTDA43TXL;[PANNTDA43TXL] EXPLORE PANTS DAMA (XL, Negro - 10);EXPLORE PANTS;DAMA;XL;Negro;1,00;Sambil Valencia;abril-2026
18/04/2026;PANNTCA43TM;[PANNTCA43TM] EXPLORE PANTS CAB (M, Negro - 10);EXPLORE PANTS;CAB;M;Negro;1,00;Sambil Chacao ;abril-2026
18/04/2026;PANNTCA12TM;[PANNTCA12TM] EXPLORE PANTS CAB (M, Azul Marino - 5102);EXPLORE PANTS;CAB;M;Azul Marino;1,00;La Grieta;abril-2026
18/04/2026;PANNTCA31TL;[PANNTCA31TL] EXPLORE PANTS CAB (L, Gris Oscuro -  9356);EXPLORE PANTS;CAB;L;Gris Oscuro;1,00;Sambil Valencia;abril-2026
18/04/2026;PANNTCA43TXL;[PANNTCA43TXL] EXPLORE PANTS CAB (XL, Negro - 10);EXPLORE PANTS;CAB;XL;Negro;1,00;Sambil Valencia;abril-2026
18/04/2026;PANNTCA33TL;[PANNTCA33TL] EXPLORE PANTS CAB (L, Kaki - 80279);EXPLORE PANTS;CAB;L;Kaki;1,00;Sambil Valencia;abril-2026
18/04/2026;PANNTCA66TXL;[PANNTCA66TXL] EXPLORE PANTS CAB (XL, Verde Militar - 60620);EXPLORE PANTS;CAB;XL;Verde Militar;1,00;Cerro Verde ;abril-2026
19/04/2026;PANNTDA66TL;[PANNTDA66TL] EXPLORE PANTS DAMA (L, Verde Militar - 60620);EXPLORE PANTS;DAMA;L;Verde Militar;1,00;La Grieta;abril-2026
19/04/2026;PANNTKI30T2;[PANNTKI30T2] EXPLORE PANTS KIDS (2, Gris Claro - 9734);EXPLORE PANTS;KIDS;2;Gris Claro;1,00;Cerro Verde ;abril-2026
19/04/2026;PANNTCA12TM;[PANNTCA12TM] EXPLORE PANTS CAB (M, Azul Marino - 5102);EXPLORE PANTS;CAB;M;Azul Marino;-1,00;La Grieta;abril-2026
19/04/2026;PANNTCA30TM;[PANNTCA30TM] EXPLORE PANTS CAB (M, Gris Claro - 9734);EXPLORE PANTS;CAB;M;Gris Claro;1,00;La Grieta;abril-2026
19/04/2026;PANNTCA33TS;[PANNTCA33TS] EXPLORE PANTS CAB (S, Kaki - 80279);EXPLORE PANTS;CAB;S;Kaki;1,00;Cerro Verde ;abril-2026
19/04/2026;PANNTCA33TL;[PANNTCA33TL] EXPLORE PANTS CAB (L, Kaki - 80279);EXPLORE PANTS;CAB;L;Kaki;1,00;Cerro Verde ;abril-2026
19/04/2026;PANNTDA33TS;[PANNTDA33TS] EXPLORE PANTS DAMA (S, Kaki - 80279);EXPLORE PANTS;DAMA;S;Kaki;1,00;Cerro Verde ;abril-2026
19/04/2026;PANNTDA12TS;[PANNTDA12TS] EXPLORE PANTS DAMA (S, Azul Marino - 5102);EXPLORE PANTS;DAMA;S;Azul Marino;1,00;Sambil Chacao ;abril-2026
20/04/2026;PANNTCA31TM;[PANNTCA31TM] EXPLORE PANTS CAB (M, Gris Oscuro -  9356);EXPLORE PANTS;CAB;M;Gris Oscuro;1,00;Sambil Valencia;abril-2026
20/04/2026;PANNTCA43TS;[PANNTCA43TS] EXPLORE PANTS CAB (S, Negro - 10);EXPLORE PANTS;CAB;S;Negro;1,00;La Grieta;abril-2026
20/04/2026;PANNTDA31TM;[PANNTDA31TM] EXPLORE PANTS DAMA (M, Gris Oscuro -  9356);EXPLORE PANTS;DAMA;M;Gris Oscuro;1,00;Cerro Verde ;abril-2026
20/04/2026;PANNTDA33TM;[PANNTDA33TM] EXPLORE PANTS DAMA (M, Kaki - 80279);EXPLORE PANTS;DAMA;M;Kaki;1,00;Cerro Verde ;abril-2026
21/04/2026;PANNTCA31TL;[PANNTCA31TL] EXPLORE PANTS CAB (L, Gris Oscuro -  9356);EXPLORE PANTS;CAB;L;Gris Oscuro;1,00;La Grieta;abril-2026
21/04/2026;PANNTDA30TL;[PANNTDA30TL] EXPLORE PANTS DAMA (L, Gris Claro - 9734);EXPLORE PANTS;DAMA;L;Gris Claro;1,00;Cerro Verde ;abril-2026
21/04/2026;PANNTDA43TM;[PANNTDA43TM] EXPLORE PANTS DAMA (M, Negro - 10);EXPLORE PANTS;DAMA;M;Negro;1,00;Cerro Verde ;abril-2026
21/04/2026;PANNTCA43TL;[PANNTCA43TL] EXPLORE PANTS CAB (L, Negro - 10);EXPLORE PANTS;CAB;L;Negro;1,00;Cerro Verde ;abril-2026
21/04/2026;PANNTDA43TM;[PANNTDA43TM] EXPLORE PANTS DAMA (M, Negro - 10);EXPLORE PANTS;DAMA;M;Negro;1,00;La Grieta;abril-2026
21/04/2026;PANNTKI30T8;[PANNTKI30T8] EXPLORE PANTS KIDS (8, Gris Claro - 9734);EXPLORE PANTS;KIDS;8;Gris Claro;1,00;La Grieta;abril-2026
21/04/2026;PANNTDA33TL;[PANNTDA33TL] EXPLORE PANTS DAMA (L, Kaki - 80279);EXPLORE PANTS;DAMA;L;Kaki;1,00;La Grieta;abril-2026
21/04/2026;PANNTKI43T6;[PANNTKI43T6] EXPLORE PANTS KIDS (6, Negro - 10);EXPLORE PANTS;KIDS;6;Negro;1,00;Sambil Valencia;abril-2026
21/04/2026;PANNTKI30T6;[PANNTKI30T6] EXPLORE PANTS KIDS (6, Gris Claro - 9734);EXPLORE PANTS;KIDS;6;Gris Claro;1,00;Sambil Valencia;abril-2026
22/04/2026;PANNTCA43TM;[PANNTCA43TM] EXPLORE PANTS CAB (M, Negro - 10);EXPLORE PANTS;CAB;M;Negro;1,00;Pedidos;abril-2026
22/04/2026;PANNTCA12TM;[PANNTCA12TM] EXPLORE PANTS CAB (M, Azul Marino - 5102);EXPLORE PANTS;CAB;M;Azul Marino;1,00;Pedidos;abril-2026
22/04/2026;PANNTDA43TXS;[PANNTDA43TXS] EXPLORE PANTS DAMA (XS, Negro - 10);EXPLORE PANTS;DAMA;XS;Negro;1,00;Pedidos;abril-2026
22/04/2026;PANNTDA33TXS;[PANNTDA33TXS] EXPLORE PANTS DAMA (XS, Kaki - 80279);EXPLORE PANTS;DAMA;XS;Kaki;1,00;Pedidos;abril-2026
23/04/2026;PANNTDA66TXS;[PANNTDA66TXS] EXPLORE PANTS DAMA (XS, Verde Militar - 60620);EXPLORE PANTS;DAMA;XS;Verde Militar;1,00;Pedidos;abril-2026
23/04/2026;PANNTDA43TXS;[PANNTDA43TXS] EXPLORE PANTS DAMA (XS, Negro - 10);EXPLORE PANTS;DAMA;XS;Negro;1,00;Pedidos;abril-2026
23/04/2026;PANNTCA43TM;[PANNTCA43TM] EXPLORE PANTS CAB (M, Negro - 10);EXPLORE PANTS;CAB;M;Negro;1,00;Pedidos;abril-2026
23/04/2026;PANNTCA12TM;[PANNTCA12TM] EXPLORE PANTS CAB (M, Azul Marino - 5102);EXPLORE PANTS;CAB;M;Azul Marino;1,00;Pedidos;abril-2026
23/04/2026;PANNTDA31TS;[PANNTDA31TS] EXPLORE PANTS DAMA (S, Gris Oscuro -  9356);EXPLORE PANTS;DAMA;S;Gris Oscuro;1,00;Sambil Valencia;abril-2026
23/04/2026;PANNTDA43TS;[PANNTDA43TS] EXPLORE PANTS DAMA (S, Negro - 10);EXPLORE PANTS;DAMA;S;Negro;1,00;Sambil Valencia;abril-2026
24/04/2026;PANNTCA43TL;[PANNTCA43TL] EXPLORE PANTS CAB (L, Negro - 10);EXPLORE PANTS;CAB;L;Negro;1,00;La Grieta;abril-2026
24/04/2026;PANNTCA66TM;[PANNTCA66TM] EXPLORE PANTS CAB (M, Verde Militar - 60620);EXPLORE PANTS;CAB;M;Verde Militar;1,00;La Grieta;abril-2026
24/04/2026;PANNTDA33TS;[PANNTDA33TS] EXPLORE PANTS DAMA (S, Kaki - 80279);EXPLORE PANTS;DAMA;S;Kaki;1,00;Cerro Verde ;abril-2026
24/04/2026;PANNTCA30TL;[PANNTCA30TL] EXPLORE PANTS CAB (L, Gris Claro - 9734);EXPLORE PANTS;CAB;L;Gris Claro;1,00;Sambil Chacao ;abril-2026
24/04/2026;PANNTCA30TS;[PANNTCA30TS] EXPLORE PANTS CAB (S, Gris Claro - 9734);EXPLORE PANTS;CAB;S;Gris Claro;1,00;Sambil Chacao ;abril-2026
24/04/2026;PANNTCA31TM;[PANNTCA31TM] EXPLORE PANTS CAB (M, Gris Oscuro -  9356);EXPLORE PANTS;CAB;M;Gris Oscuro;1,00;Sambil Chacao ;abril-2026
24/04/2026;PANNTDA30TM;[PANNTDA30TM] EXPLORE PANTS DAMA (M, Gris Claro - 9734);EXPLORE PANTS;DAMA;M;Gris Claro;1,00;Sambil Chacao ;abril-2026
24/04/2026;PANNTDA30TS;[PANNTDA30TS] EXPLORE PANTS DAMA (S, Gris Claro - 9734);EXPLORE PANTS;DAMA;S;Gris Claro;3,00;Sambil Chacao ;abril-2026
24/04/2026;PANNTCA30TM;[PANNTCA30TM] EXPLORE PANTS CAB (M, Gris Claro - 9734);EXPLORE PANTS;CAB;M;Gris Claro;1,00;Sambil Chacao ;abril-2026
24/04/2026;PANNTDA31TM;[PANNTDA31TM] EXPLORE PANTS DAMA (M, Gris Oscuro -  9356);EXPLORE PANTS;DAMA;M;Gris Oscuro;1,00;La Grieta;abril-2026
24/04/2026;PANNTDA33TM;[PANNTDA33TM] EXPLORE PANTS DAMA (M, Kaki - 80279);EXPLORE PANTS;DAMA;M;Kaki;1,00;La Grieta;abril-2026
24/04/2026;PANNTKI30T2;[PANNTKI30T2] EXPLORE PANTS KIDS (2, Gris Claro - 9734);EXPLORE PANTS;KIDS;2;Gris Claro;-1,00;Sambil Valencia;abril-2026
24/04/2026;PANNTKI33T2;[PANNTKI33T2] EXPLORE PANTS KIDS (2, Kaki - 80279);EXPLORE PANTS;KIDS;2;Kaki;1,00;Sambil Valencia;abril-2026
24/04/2026;PANNTKI30T6;[PANNTKI30T6] EXPLORE PANTS KIDS (6, Gris Claro - 9734);EXPLORE PANTS;KIDS;6;Gris Claro;1,00;Sambil Valencia;abril-2026
24/04/2026;PANNTDA30TXL;[PANNTDA30TXL] EXPLORE PANTS DAMA (XL, Gris Claro - 9734);EXPLORE PANTS;DAMA;XL;Gris Claro;1,00;Sambil Valencia;abril-2026
25/04/2026;PANNTDA66TXL;[PANNTDA66TXL] EXPLORE PANTS DAMA (XL, Verde Militar - 60620);EXPLORE PANTS;DAMA;XL;Verde Militar;1,00;Cerro Verde ;abril-2026
25/04/2026;PANNTDA43TXL;[PANNTDA43TXL] EXPLORE PANTS DAMA (XL, Negro - 10);EXPLORE PANTS;DAMA;XL;Negro;1,00;Sambil Chacao ;abril-2026
25/04/2026;PANNTDA30TXL;[PANNTDA30TXL] EXPLORE PANTS DAMA (XL, Gris Claro - 9734);EXPLORE PANTS;DAMA;XL;Gris Claro;1,00;Cerro Verde ;abril-2026
25/04/2026;PANNTDA30TM;[PANNTDA30TM] EXPLORE PANTS DAMA (M, Gris Claro - 9734);EXPLORE PANTS;DAMA;M;Gris Claro;1,00;Sambil Valencia;abril-2026
25/04/2026;PANNTDA43TM;[PANNTDA43TM] EXPLORE PANTS DAMA (M, Negro - 10);EXPLORE PANTS;DAMA;M;Negro;1,00;Sambil Valencia;abril-2026
25/04/2026;PANNTDA33TM;[PANNTDA33TM] EXPLORE PANTS DAMA (M, Kaki - 80279);EXPLORE PANTS;DAMA;M;Kaki;1,00;Sambil Valencia;abril-2026
25/04/2026;PANNTCA12TXL;[PANNTCA12TXL] EXPLORE PANTS CAB (XL, Azul Marino - 5102);EXPLORE PANTS;CAB;XL;Azul Marino;1,00;Sambil Chacao ;abril-2026
25/04/2026;PANNTDA12TS;[PANNTDA12TS] EXPLORE PANTS DAMA (S, Azul Marino - 5102);EXPLORE PANTS;DAMA;S;Azul Marino;1,00;Sambil Chacao ;abril-2026
25/04/2026;PANNTKI12T8;[PANNTKI12T8] EXPLORE PANTS KIDS (8, Azul Marino - 5102);EXPLORE PANTS;KIDS;8;Azul Marino;1,00;Sambil Chacao ;abril-2026
25/04/2026;PANNTDA33TXS;[PANNTDA33TXS] EXPLORE PANTS DAMA (XS, Kaki - 80279);EXPLORE PANTS;DAMA;XS;Kaki;1,00;Sambil Chacao ;abril-2026
25/04/2026;PANNTCA30TL;[PANNTCA30TL] EXPLORE PANTS CAB (L, Gris Claro - 9734);EXPLORE PANTS;CAB;L;Gris Claro;1,00;Sambil Chacao ;abril-2026
25/04/2026;PANNTCA66TL;[PANNTCA66TL] EXPLORE PANTS CAB (L, Verde Militar - 60620);EXPLORE PANTS;CAB;L;Verde Militar;1,00;Cerro Verde ;abril-2026
25/04/2026;PANNTCA31TL;[PANNTCA31TL] EXPLORE PANTS CAB (L, Gris Oscuro -  9356);EXPLORE PANTS;CAB;L;Gris Oscuro;1,00;Sambil Valencia;abril-2026
25/04/2026;PANNTCA66TXL;[PANNTCA66TXL] EXPLORE PANTS CAB (XL, Verde Militar - 60620);EXPLORE PANTS;CAB;XL;Verde Militar;1,00;Sambil Valencia;abril-2026
25/04/2026;PANNTCA43TXL;[PANNTCA43TXL] EXPLORE PANTS CAB (XL, Negro - 10);EXPLORE PANTS;CAB;XL;Negro;1,00;Sambil Valencia;abril-2026
25/04/2026;PANNTCA30TL;[PANNTCA30TL] EXPLORE PANTS CAB (L, Gris Claro - 9734);EXPLORE PANTS;CAB;L;Gris Claro;1,00;Sambil Valencia;abril-2026
25/04/2026;PANNTCA66TXL;[PANNTCA66TXL] EXPLORE PANTS CAB (XL, Verde Militar - 60620);EXPLORE PANTS;CAB;XL;Verde Militar;1,00;Cerro Verde ;abril-2026
25/04/2026;PANNTDA66TXS;[PANNTDA66TXS] EXPLORE PANTS DAMA (XS, Verde Militar - 60620);EXPLORE PANTS;DAMA;XS;Verde Militar;1,00;Sambil Chacao ;abril-2026
25/04/2026;PANNTDA43TM;[PANNTDA43TM] EXPLORE PANTS DAMA (M, Negro - 10);EXPLORE PANTS;DAMA;M;Negro;1,00;Cerro Verde ;abril-2026
26/04/2026;PANNTKI33T4;[PANNTKI33T4] EXPLORE PANTS KIDS (4, Kaki - 80279);EXPLORE PANTS;KIDS;4;Kaki;1,00;La Grieta;abril-2026
26/04/2026;PANNTDA33TS;[PANNTDA33TS] EXPLORE PANTS DAMA (S, Kaki - 80279);EXPLORE PANTS;DAMA;S;Kaki;1,00;Cerro Verde ;abril-2026
26/04/2026;PANNTDA43TS;[PANNTDA43TS] EXPLORE PANTS DAMA (S, Negro - 10);EXPLORE PANTS;DAMA;S;Negro;1,00;Cerro Verde ;abril-2026
26/04/2026;PANNTDA12TXS;[PANNTDA12TXS] EXPLORE PANTS DAMA (XS, Azul Marino - 5102);EXPLORE PANTS;DAMA;XS;Azul Marino;1,00;Cerro Verde ;abril-2026
26/04/2026;PANNTDA43TXS;[PANNTDA43TXS] EXPLORE PANTS DAMA (XS, Negro - 10);EXPLORE PANTS;DAMA;XS;Negro;1,00;Cerro Verde ;abril-2026
26/04/2026;PANNTDA33TS;[PANNTDA33TS] EXPLORE PANTS DAMA (S, Kaki - 80279);EXPLORE PANTS;DAMA;S;Kaki;1,00;Sambil Valencia;abril-2026
26/04/2026;PANNTCA66TL;[PANNTCA66TL] EXPLORE PANTS CAB (L, Verde Militar - 60620);EXPLORE PANTS;CAB;L;Verde Militar;1,00;Sambil Valencia;abril-2026
26/04/2026;PANNTCA12TM;[PANNTCA12TM] EXPLORE PANTS CAB (M, Azul Marino - 5102);EXPLORE PANTS;CAB;M;Azul Marino;1,00;Sambil Chacao ;abril-2026
26/04/2026;PANNTCA31TM;[PANNTCA31TM] EXPLORE PANTS CAB (M, Gris Oscuro -  9356);EXPLORE PANTS;CAB;M;Gris Oscuro;1,00;Sambil Chacao ;abril-2026
26/04/2026;PANNTDA43TM;[PANNTDA43TM] EXPLORE PANTS DAMA (M, Negro - 10);EXPLORE PANTS;DAMA;M;Negro;1,00;Cerro Verde ;abril-2026
27/04/2026;PANNTDA30TM;[PANNTDA30TM] EXPLORE PANTS DAMA (M, Gris Claro - 9734);EXPLORE PANTS;DAMA;M;Gris Claro;1,00;La Grieta;abril-2026
27/04/2026;PANNTDA33TM;[PANNTDA33TM] EXPLORE PANTS DAMA (M, Kaki - 80279);EXPLORE PANTS;DAMA;M;Kaki;1,00;Grandplaz ;abril-2026
27/04/2026;PANNTDA43TS;[PANNTDA43TS] EXPLORE PANTS DAMA (S, Negro - 10);EXPLORE PANTS;DAMA;S;Negro;1,00;Sambil Chacao ;abril-2026
27/04/2026;PANNTDA12TS;[PANNTDA12TS] EXPLORE PANTS DAMA (S, Azul Marino - 5102);EXPLORE PANTS;DAMA;S;Azul Marino;1,00;Sambil Chacao ;abril-2026
27/04/2026;PANNTDA31TL;[PANNTDA31TL] EXPLORE PANTS DAMA (L, Gris Oscuro -  9356);EXPLORE PANTS;DAMA;L;Gris Oscuro;1,00;Sambil Valencia;abril-2026
28/04/2026;PANNTKI30T4;[PANNTKI30T4] EXPLORE PANTS KIDS (4, Gris Claro - 9734);EXPLORE PANTS;KIDS;4;Gris Claro;1,00;La Grieta;abril-2026
28/04/2026;PANNTDA30TXS;[PANNTDA30TXS] EXPLORE PANTS DAMA (XS, Gris Claro - 9734);EXPLORE PANTS;DAMA;XS;Gris Claro;1,00;La Grieta;abril-2026
28/04/2026;PANNTDA43TS;[PANNTDA43TS] EXPLORE PANTS DAMA (S, Negro - 10);EXPLORE PANTS;DAMA;S;Negro;1,00;WEB;abril-2026
28/04/2026;PANNTCA33TM;[PANNTCA33TM] EXPLORE PANTS CAB (M, Kaki - 80279);EXPLORE PANTS;CAB;M;Kaki;1,00;Grandplaz ;abril-2026
28/04/2026;PANNTCA33TM;[PANNTCA33TM] EXPLORE PANTS CAB (M, Kaki - 80279);EXPLORE PANTS;CAB;M;Kaki;1,00;Cerro Verde ;abril-2026
28/04/2026;PANNTCA30TM;[PANNTCA30TM] EXPLORE PANTS CAB (M, Gris Claro - 9734);EXPLORE PANTS;CAB;M;Gris Claro;1,00;Sambil Valencia;abril-2026
28/04/2026;PANNTCA33TM;[PANNTCA33TM] EXPLORE PANTS CAB (M, Kaki - 80279);EXPLORE PANTS;CAB;M;Kaki;1,00;Sambil Valencia;abril-2026
28/04/2026;PANNTCA66TM;[PANNTCA66TM] EXPLORE PANTS CAB (M, Verde Militar - 60620);EXPLORE PANTS;CAB;M;Verde Militar;1,00;Sambil Valencia;abril-2026
28/04/2026;PANNTCA30TL;[PANNTCA30TL] EXPLORE PANTS CAB (L, Gris Claro - 9734);EXPLORE PANTS;CAB;L;Gris Claro;1,00;Sambil Valencia;abril-2026
28/04/2026;PANNTCA12TXL;[PANNTCA12TXL] EXPLORE PANTS CAB (XL, Azul Marino - 5102);EXPLORE PANTS;CAB;XL;Azul Marino;1,00;Sambil Valencia;abril-2026
29/04/2026;PANNTCA30TL;[PANNTCA30TL] EXPLORE PANTS CAB (L, Gris Claro - 9734);EXPLORE PANTS;CAB;L;Gris Claro;-1,00;La Grieta;abril-2026
29/04/2026;PANNTCA30TL;[PANNTCA30TL] EXPLORE PANTS CAB (L, Gris Claro - 9734);EXPLORE PANTS;CAB;L;Gris Claro;1,00;La Grieta;abril-2026
29/04/2026;PANNTCA43TS;[PANNTCA43TS] EXPLORE PANTS CAB (S, Negro - 10);EXPLORE PANTS;CAB;S;Negro;1,00;WEB;abril-2026
29/04/2026;PANNTKI43T2;[PANNTKI43T2] EXPLORE PANTS KIDS (2, Negro - 10);EXPLORE PANTS;KIDS;2;Negro;1,00;La Grieta;abril-2026
29/04/2026;PANNTCA43TL;[PANNTCA43TL] EXPLORE PANTS CAB (L, Negro - 10);EXPLORE PANTS;CAB;L;Negro;1,00;La Grieta;abril-2026
29/04/2026;PANNTCA33TL;[PANNTCA33TL] EXPLORE PANTS CAB (L, Kaki - 80279);EXPLORE PANTS;CAB;L;Kaki;1,00;Cerro Verde ;abril-2026
29/04/2026;PANNTCA66TL;[PANNTCA66TL] EXPLORE PANTS CAB (L, Verde Militar - 60620);EXPLORE PANTS;CAB;L;Verde Militar;1,00;Cerro Verde ;abril-2026
29/04/2026;PANNTCA33TM;[PANNTCA33TM] EXPLORE PANTS CAB (M, Kaki - 80279);EXPLORE PANTS;CAB;M;Kaki;1,00;Cerro Verde ;abril-2026
29/04/2026;PANNTCA31TXL;[PANNTCA31TXL] EXPLORE PANTS CAB (XL, Gris Oscuro -  9356);EXPLORE PANTS;CAB;XL;Gris Oscuro;1,00;Tolon;abril-2026
29/04/2026;PANNTCA33TM;[PANNTCA33TM] EXPLORE PANTS CAB (M, Kaki - 80279);EXPLORE PANTS;CAB;M;Kaki;1,00;Cerro Verde ;abril-2026
29/04/2026;PANNTDA12TXL;[PANNTDA12TXL] EXPLORE PANTS DAMA (XL, Azul Marino - 5102);EXPLORE PANTS;DAMA;XL;Azul Marino;1,00;Sambil Valencia;abril-2026
29/04/2026;PANNTCA33TL;[PANNTCA33TL] EXPLORE PANTS CAB (L, Kaki - 80279);EXPLORE PANTS;CAB;L;Kaki;1,00;Sambil Valencia;abril-2026
30/04/2026;PANNTDA43TS;[PANNTDA43TS] EXPLORE PANTS DAMA (S, Negro - 10);EXPLORE PANTS;DAMA;S;Negro;1,00;Sambil Valencia;abril-2026
30/04/2026;PANNTCA66TM;[PANNTCA66TM] EXPLORE PANTS CAB (M, Verde Militar - 60620);EXPLORE PANTS;CAB;M;Verde Militar;1,00;Grandplaz ;abril-2026
30/04/2026;PANNTCA43TM;[PANNTCA43TM] EXPLORE PANTS CAB (M, Negro - 10);EXPLORE PANTS;CAB;M;Negro;1,00;Cerro Verde ;abril-2026
30/04/2026;PANNTDA33TM;[PANNTDA33TM] EXPLORE PANTS DAMA (M, Kaki - 80279);EXPLORE PANTS;DAMA;M;Kaki;1,00;Cerro Verde ;abril-2026
30/04/2026;PANNTDA31TM;[PANNTDA31TM] EXPLORE PANTS DAMA (M, Gris Oscuro -  9356);EXPLORE PANTS;DAMA;M;Gris Oscuro;1,00;Sambil Chacao ;abril-2026
30/04/2026;PANNTDA43TM;[PANNTDA43TM] EXPLORE PANTS DAMA (M, Negro - 10);EXPLORE PANTS;DAMA;M;Negro;1,00;Sambil Chacao ;abril-2026
30/04/2026;PANNTDA31TS;[PANNTDA31TS] EXPLORE PANTS DAMA (S, Gris Oscuro -  9356);EXPLORE PANTS;DAMA;S;Gris Oscuro;1,00;Tolon;abril-2026
30/04/2026;PANNTCA33TM;[PANNTCA33TM] EXPLORE PANTS CAB (M, Kaki - 80279);EXPLORE PANTS;CAB;M;Kaki;1,00;Sambil Chacao ;abril-2026
30/04/2026;PANNTCA66TM;[PANNTCA66TM] EXPLORE PANTS CAB (M, Verde Militar - 60620);EXPLORE PANTS;CAB;M;Verde Militar;1,00;Sambil Chacao ;abril-2026
30/04/2026;PANNTKI30T2;[PANNTKI30T2] EXPLORE PANTS KIDS (2, Gris Claro - 9734);EXPLORE PANTS;KIDS;2;Gris Claro;1,00;Sambil Chacao ;abril-2026
30/04/2026;PANNTCA31TM;[PANNTCA31TM] EXPLORE PANTS CAB (M, Gris Oscuro -  9356);EXPLORE PANTS;CAB;M;Gris Oscuro;1,00;Sambil Chacao ;abril-2026
01/05/2026;PANNTCA43TL;[PANNTCA43TL] EXPLORE PANTS CAB (L, Negro - 10);EXPLORE PANTS;CAB;L;Negro;1,00;Sambil Chacao ;mayo-2026
01/05/2026;PANNTDA30TXL;[PANNTDA30TXL] EXPLORE PANTS DAMA (XL, Gris Claro - 9734);EXPLORE PANTS;DAMA;XL;Gris Claro;1,00;Sambil Chacao ;mayo-2026
01/05/2026;PANNTDA43TXL;[PANNTDA43TXL] EXPLORE PANTS DAMA (XL, Negro - 10);EXPLORE PANTS;DAMA;XL;Negro;1,00;Sambil Chacao ;mayo-2026
01/05/2026;PANNTDA30TM;[PANNTDA30TM] EXPLORE PANTS DAMA (M, Gris Claro - 9734);EXPLORE PANTS;DAMA;M;Gris Claro;1,00;Sambil Chacao ;mayo-2026
01/05/2026;PANNTDA43TM;[PANNTDA43TM] EXPLORE PANTS DAMA (M, Negro - 10);EXPLORE PANTS;DAMA;M;Negro;1,00;Sambil Chacao ;mayo-2026
01/05/2026;PANNTDA30TM;[PANNTDA30TM] EXPLORE PANTS DAMA (M, Gris Claro - 9734);EXPLORE PANTS;DAMA;M;Gris Claro;1,00;Sambil Chacao ;mayo-2026
01/05/2026;PANNTDA43TM;[PANNTDA43TM] EXPLORE PANTS DAMA (M, Negro - 10);EXPLORE PANTS;DAMA;M;Negro;1,00;Sambil Chacao ;mayo-2026
01/05/2026;PANNTDA33TXS;[PANNTDA33TXS] EXPLORE PANTS DAMA (XS, Kaki - 80279);EXPLORE PANTS;DAMA;XS;Kaki;1,00;La Grieta;mayo-2026
01/05/2026;PANNTCA33TM;[PANNTCA33TM] EXPLORE PANTS CAB (M, Kaki - 80279);EXPLORE PANTS;CAB;M;Kaki;1,00;La Grieta;mayo-2026
01/05/2026;PANNTDA33TM;[PANNTDA33TM] EXPLORE PANTS DAMA (M, Kaki - 80279);EXPLORE PANTS;DAMA;M;Kaki;1,00;La Grieta;mayo-2026
01/05/2026;PANNTKI12T12;[PANNTKI12T12] EXPLORE PANTS KIDS (12, Azul Marino - 5102);EXPLORE PANTS;KIDS;12;Azul Marino;1,00;Tolon;mayo-2026
01/05/2026;PANNTKI30T2;[PANNTKI30T2] EXPLORE PANTS KIDS (2, Gris Claro - 9734);EXPLORE PANTS;KIDS;2;Gris Claro;1,00;Cerro Verde ;mayo-2026
01/05/2026;PANNTCA33TM;[PANNTCA33TM] EXPLORE PANTS CAB (M, Kaki - 80279);EXPLORE PANTS;CAB;M;Kaki;1,00;La Grieta;mayo-2026
01/05/2026;PANNTCA66TM;[PANNTCA66TM] EXPLORE PANTS CAB (M, Verde Militar - 60620);EXPLORE PANTS;CAB;M;Verde Militar;1,00;La Grieta;mayo-2026
01/05/2026;PANNTCA12TXL;[PANNTCA12TXL] EXPLORE PANTS CAB (XL, Azul Marino - 5102);EXPLORE PANTS;CAB;XL;Azul Marino;1,00;Sambil Valencia;mayo-2026
01/05/2026;PANNTCA31TM;[PANNTCA31TM] EXPLORE PANTS CAB (M, Gris Oscuro -  9356);EXPLORE PANTS;CAB;M;Gris Oscuro;1,00;Sambil Chacao ;mayo-2026
01/05/2026;PANNTDA30TM;[PANNTDA30TM] EXPLORE PANTS DAMA (M, Gris Claro - 9734);EXPLORE PANTS;DAMA;M;Gris Claro;1,00;Tolon;mayo-2026
01/05/2026;PANNTCA12TXL;[PANNTCA12TXL] EXPLORE PANTS CAB (XL, Azul Marino - 5102);EXPLORE PANTS;CAB;XL;Azul Marino;-1,00;Sambil Valencia;mayo-2026
01/05/2026;PANNTCA12TXL;[PANNTCA12TXL] EXPLORE PANTS CAB (XL, Azul Marino - 5102);EXPLORE PANTS;CAB;XL;Azul Marino;1,00;Sambil Valencia;mayo-2026
01/05/2026;PANNTDA43TXL;[PANNTDA43TXL] EXPLORE PANTS DAMA (XL, Negro - 10);EXPLORE PANTS;DAMA;XL;Negro;1,00;Sambil Valencia;mayo-2026
01/05/2026;PANNTDA12TS;[PANNTDA12TS] EXPLORE PANTS DAMA (S, Azul Marino - 5102);EXPLORE PANTS;DAMA;S;Azul Marino;1,00;Cerro Verde ;mayo-2026
01/05/2026;PANNTCA33TXL;[PANNTCA33TXL] EXPLORE PANTS CAB (XL, Kaki - 80279);EXPLORE PANTS;CAB;XL;Kaki;1,00;Cerro Verde ;mayo-2026
02/05/2026;PANNTDA66TL;[PANNTDA66TL] EXPLORE PANTS DAMA (L, Verde Militar - 60620);EXPLORE PANTS;DAMA;L;Verde Militar;1,00;La Grieta;mayo-2026
02/05/2026;PANNTCA66TL;[PANNTCA66TL] EXPLORE PANTS CAB (L, Verde Militar - 60620);EXPLORE PANTS;CAB;L;Verde Militar;1,00;La Grieta;mayo-2026
02/05/2026;PANNTCA33TL;[PANNTCA33TL] EXPLORE PANTS CAB (L, Kaki - 80279);EXPLORE PANTS;CAB;L;Kaki;1,00;La Grieta;mayo-2026
02/05/2026;PANNTCA31TL;[PANNTCA31TL] EXPLORE PANTS CAB (L, Gris Oscuro -  9356);EXPLORE PANTS;CAB;L;Gris Oscuro;1,00;Cerro Verde ;mayo-2026
02/05/2026;PANNTCA43TL;[PANNTCA43TL] EXPLORE PANTS CAB (L, Negro - 10);EXPLORE PANTS;CAB;L;Negro;1,00;Cerro Verde ;mayo-2026
02/05/2026;PANNTCA66TM;[PANNTCA66TM] EXPLORE PANTS CAB (M, Verde Militar - 60620);EXPLORE PANTS;CAB;M;Verde Militar;1,00;Sambil Chacao ;mayo-2026
02/05/2026;PANNTDA66TS;[PANNTDA66TS] EXPLORE PANTS DAMA (S, Verde Militar - 60620);EXPLORE PANTS;DAMA;S;Verde Militar;1,00;Sambil Chacao ;mayo-2026
02/05/2026;PANNTCA33TS;[PANNTCA33TS] EXPLORE PANTS CAB (S, Kaki - 80279);EXPLORE PANTS;CAB;S;Kaki;1,00;La Grieta;mayo-2026
02/05/2026;PANNTCA43TS;[PANNTCA43TS] EXPLORE PANTS CAB (S, Negro - 10);EXPLORE PANTS;CAB;S;Negro;1,00;La Grieta;mayo-2026
02/05/2026;PANNTDA12TL;[PANNTDA12TL] EXPLORE PANTS DAMA (L, Azul Marino - 5102);EXPLORE PANTS;DAMA;L;Azul Marino;1,00;La Grieta;mayo-2026
02/05/2026;PANNTDA30TL;[PANNTDA30TL] EXPLORE PANTS DAMA (L, Gris Claro - 9734);EXPLORE PANTS;DAMA;L;Gris Claro;1,00;La Grieta;mayo-2026
02/05/2026;PANNTDA66TXL;[PANNTDA66TXL] EXPLORE PANTS DAMA (XL, Verde Militar - 60620);EXPLORE PANTS;DAMA;XL;Verde Militar;1,00;Sambil Chacao ;mayo-2026
02/05/2026;PANNTCA12TXL;[PANNTCA12TXL] EXPLORE PANTS CAB (XL, Azul Marino - 5102);EXPLORE PANTS;CAB;XL;Azul Marino;1,00;La Grieta;mayo-2026
02/05/2026;PANNTDA66TL;[PANNTDA66TL] EXPLORE PANTS DAMA (L, Verde Militar - 60620);EXPLORE PANTS;DAMA;L;Verde Militar;1,00;Cerro Verde ;mayo-2026
02/05/2026;PANNTCA43TM;[PANNTCA43TM] EXPLORE PANTS CAB (M, Negro - 10);EXPLORE PANTS;CAB;M;Negro;1,00;Sambil Chacao ;mayo-2026
02/05/2026;PANNTCA12TS;[PANNTCA12TS] EXPLORE PANTS CAB (S, Azul Marino - 5102);EXPLORE PANTS;CAB;S;Azul Marino;1,00;Sambil Valencia;mayo-2026
03/05/2026;PANNTDA33TS;[PANNTDA33TS] EXPLORE PANTS DAMA (S, Kaki - 80279);EXPLORE PANTS;DAMA;S;Kaki;1,00;La Grieta;mayo-2026
03/05/2026;PANNTCA12TS;[PANNTCA12TS] EXPLORE PANTS CAB (S, Azul Marino - 5102);EXPLORE PANTS;CAB;S;Azul Marino;1,00;Sambil Chacao ;mayo-2026
03/05/2026;PANNTCA43TS;[PANNTCA43TS] EXPLORE PANTS CAB (S, Negro - 10);EXPLORE PANTS;CAB;S;Negro;1,00;Sambil Chacao ;mayo-2026
03/05/2026;PANNTCA12TL;[PANNTCA12TL] EXPLORE PANTS CAB (L, Azul Marino - 5102);EXPLORE PANTS;CAB;L;Azul Marino;1,00;Grandplaz ;mayo-2026
03/05/2026;PANNTCA66TL;[PANNTCA66TL] EXPLORE PANTS CAB (L, Verde Militar - 60620);EXPLORE PANTS;CAB;L;Verde Militar;1,00;Grandplaz ;mayo-2026
03/05/2026;PANNTCA31TL;[PANNTCA31TL] EXPLORE PANTS CAB (L, Gris Oscuro -  9356);EXPLORE PANTS;CAB;L;Gris Oscuro;1,00;Sambil Valencia;mayo-2026
03/05/2026;PANNTDA43TS;[PANNTDA43TS] EXPLORE PANTS DAMA (S, Negro - 10);EXPLORE PANTS;DAMA;S;Negro;1,00;Sambil Valencia;mayo-2026
03/05/2026;PANNTCA66TL;[PANNTCA66TL] EXPLORE PANTS CAB (L, Verde Militar - 60620);EXPLORE PANTS;CAB;L;Verde Militar;1,00;Sambil Valencia;mayo-2026
03/05/2026;PANNTCA31TL;[PANNTCA31TL] EXPLORE PANTS CAB (L, Gris Oscuro -  9356);EXPLORE PANTS;CAB;L;Gris Oscuro;1,00;Sambil Valencia;mayo-2026
04/05/2026;PANNTDA66TXL;[PANNTDA66TXL] EXPLORE PANTS DAMA (XL, Verde Militar - 60620);EXPLORE PANTS;DAMA;XL;Verde Militar;1,00;Tolon;mayo-2026
04/05/2026;PANNTCA33TM;[PANNTCA33TM] EXPLORE PANTS CAB (M, Kaki - 80279);EXPLORE PANTS;CAB;M;Kaki;1,00;Sambil Valencia;mayo-2026
04/05/2026;PANNTCA30TM;[PANNTCA30TM] EXPLORE PANTS CAB (M, Gris Claro - 9734);EXPLORE PANTS;CAB;M;Gris Claro;1,00;Sambil Valencia;mayo-2026
04/05/2026;PANNTDA30TM;[PANNTDA30TM] EXPLORE PANTS DAMA (M, Gris Claro - 9734);EXPLORE PANTS;DAMA;M;Gris Claro;1,00;Sambil Valencia;mayo-2026
04/05/2026;PANNTDA33TS;[PANNTDA33TS] EXPLORE PANTS DAMA (S, Kaki - 80279);EXPLORE PANTS;DAMA;S;Kaki;1,00;La Grieta;mayo-2026
04/05/2026;PANNTCA31TM;[PANNTCA31TM] EXPLORE PANTS CAB (M, Gris Oscuro -  9356);EXPLORE PANTS;CAB;M;Gris Oscuro;1,00;Tolon;mayo-2026
04/05/2026;PANNTDA30TS;[PANNTDA30TS] EXPLORE PANTS DAMA (S, Gris Claro - 9734);EXPLORE PANTS;DAMA;S;Gris Claro;1,00;Sambil Valencia;mayo-2026
04/05/2026;PANNTCA66TM;[PANNTCA66TM] EXPLORE PANTS CAB (M, Verde Militar - 60620);EXPLORE PANTS;CAB;M;Verde Militar;1,00;Cerro Verde ;mayo-2026
04/05/2026;PANNTCA33TL;[PANNTCA33TL] EXPLORE PANTS CAB (L, Kaki - 80279);EXPLORE PANTS;CAB;L;Kaki;1,00;Sambil Chacao ;mayo-2026
04/05/2026;PANNTCA31TL;[PANNTCA31TL] EXPLORE PANTS CAB (L, Gris Oscuro -  9356);EXPLORE PANTS;CAB;L;Gris Oscuro;1,00;Sambil Chacao ;mayo-2026
04/05/2026;PANNTCA31TM;[PANNTCA31TM] EXPLORE PANTS CAB (M, Gris Oscuro -  9356);EXPLORE PANTS;CAB;M;Gris Oscuro;1,00;Sambil Chacao ;mayo-2026
04/05/2026;PANNTDA12TXL;[PANNTDA12TXL] EXPLORE PANTS DAMA (XL, Azul Marino - 5102);EXPLORE PANTS;DAMA;XL;Azul Marino;1,00;Cerro Verde ;mayo-2026
05/05/2026;PANNTDA43TXS;[PANNTDA43TXS] EXPLORE PANTS DAMA (XS, Negro - 10);EXPLORE PANTS;DAMA;XS;Negro;1,00;Pedidos;mayo-2026
05/05/2026;PANNTCA31TM;[PANNTCA31TM] EXPLORE PANTS CAB (M, Gris Oscuro -  9356);EXPLORE PANTS;CAB;M;Gris Oscuro;1,00;Sambil Chacao ;mayo-2026
05/05/2026;PANNTCA30TS;[PANNTCA30TS] EXPLORE PANTS CAB (S, Gris Claro - 9734);EXPLORE PANTS;CAB;S;Gris Claro;1,00;Cerro Verde ;mayo-2026
05/05/2026;PANNTCA33TS;[PANNTCA33TS] EXPLORE PANTS CAB (S, Kaki - 80279);EXPLORE PANTS;CAB;S;Kaki;1,00;Cerro Verde ;mayo-2026
05/05/2026;PANNTCA31TL;[PANNTCA31TL] EXPLORE PANTS CAB (L, Gris Oscuro -  9356);EXPLORE PANTS;CAB;L;Gris Oscuro;1,00;Cerro Verde ;mayo-2026
05/05/2026;PANNTCA66TS;[PANNTCA66TS] EXPLORE PANTS CAB (S, Verde Militar - 60620);EXPLORE PANTS;CAB;S;Verde Militar;1,00;Cerro Verde ;mayo-2026
05/05/2026;PANNTCA43TL;[PANNTCA43TL] EXPLORE PANTS CAB (L, Negro - 10);EXPLORE PANTS;CAB;L;Negro;1,00;La Grieta;mayo-2026
05/05/2026;PANNTCA33TM;[PANNTCA33TM] EXPLORE PANTS CAB (M, Kaki - 80279);EXPLORE PANTS;CAB;M;Kaki;-1,00;Cerro Verde ;mayo-2026
05/05/2026;PANNTCA43TL;[PANNTCA43TL] EXPLORE PANTS CAB (L, Negro - 10);EXPLORE PANTS;CAB;L;Negro;1,00;Cerro Verde ;mayo-2026
05/05/2026;PANNTDA33TXS;[PANNTDA33TXS] EXPLORE PANTS DAMA (XS, Kaki - 80279);EXPLORE PANTS;DAMA;XS;Kaki;1,00;Cerro Verde ;mayo-2026
05/05/2026;PANNTCA12TXL;[PANNTCA12TXL] EXPLORE PANTS CAB (XL, Azul Marino - 5102);EXPLORE PANTS;CAB;XL;Azul Marino;1,00;Sambil Chacao ;mayo-2026
05/05/2026;PANNTDA43TXL;[PANNTDA43TXL] EXPLORE PANTS DAMA (XL, Negro - 10);EXPLORE PANTS;DAMA;XL;Negro;1,00;Sambil Chacao ;mayo-2026
05/05/2026;PANNTCA30TL;[PANNTCA30TL] EXPLORE PANTS CAB (L, Gris Claro - 9734);EXPLORE PANTS;CAB;L;Gris Claro;1,00;Cerro Verde ;mayo-2026
05/05/2026;PANNTCA43TL;[PANNTCA43TL] EXPLORE PANTS CAB (L, Negro - 10);EXPLORE PANTS;CAB;L;Negro;1,00;Cerro Verde ;mayo-2026
05/05/2026;PANNTDA66TM;[PANNTDA66TM] EXPLORE PANTS DAMA (M, Verde Militar - 60620);EXPLORE PANTS;DAMA;M;Verde Militar;1,00;Cerro Verde ;mayo-2026
05/05/2026;PANNTDA31TM;[PANNTDA31TM] EXPLORE PANTS DAMA (M, Gris Oscuro -  9356);EXPLORE PANTS;DAMA;M;Gris Oscuro;1,00;Cerro Verde ;mayo-2026
06/05/2026;PANNTDA43TM;[PANNTDA43TM] EXPLORE PANTS DAMA (M, Negro - 10);EXPLORE PANTS;DAMA;M;Negro;1,00;Sambil Chacao ;mayo-2026
06/05/2026;PANNTCA33TL;[PANNTCA33TL] EXPLORE PANTS CAB (L, Kaki - 80279);EXPLORE PANTS;CAB;L;Kaki;1,00;Cerro Verde ;mayo-2026
06/05/2026;PANNTDA33TXS;[PANNTDA33TXS] EXPLORE PANTS DAMA (XS, Kaki - 80279);EXPLORE PANTS;DAMA;XS;Kaki;-1,00;Cerro Verde ;mayo-2026
06/05/2026;PANNTDA33TM;[PANNTDA33TM] EXPLORE PANTS DAMA (M, Kaki - 80279);EXPLORE PANTS;DAMA;M;Kaki;1,00;Cerro Verde ;mayo-2026
06/05/2026;PANNTCA31TM;[PANNTCA31TM] EXPLORE PANTS CAB (M, Gris Oscuro -  9356);EXPLORE PANTS;CAB;M;Gris Oscuro;1,00;Cerro Verde ;mayo-2026
06/05/2026;PANNTDA30TXS;[PANNTDA30TXS] EXPLORE PANTS DAMA (XS, Gris Claro - 9734);EXPLORE PANTS;DAMA;XS;Gris Claro;1,00;Sambil Valencia;mayo-2026
06/05/2026;PANNTDA43TS;[PANNTDA43TS] EXPLORE PANTS DAMA (S, Negro - 10);EXPLORE PANTS;DAMA;S;Negro;1,00;La Grieta;mayo-2026
06/05/2026;PANNTDA30TL;[PANNTDA30TL] EXPLORE PANTS DAMA (L, Gris Claro - 9734);EXPLORE PANTS;DAMA;L;Gris Claro;1,00;Cerro Verde ;mayo-2026
06/05/2026;PANNTDA43TM;[PANNTDA43TM] EXPLORE PANTS DAMA (M, Negro - 10);EXPLORE PANTS;DAMA;M;Negro;1,00;Sambil Valencia;mayo-2026
06/05/2026;PANNTDA31TXS;[PANNTDA31TXS] EXPLORE PANTS DAMA (XS, Gris Oscuro -  9356);EXPLORE PANTS;DAMA;XS;Gris Oscuro;1,00;Sambil Chacao ;mayo-2026
06/05/2026;PANNTDA43TL;[PANNTDA43TL] EXPLORE PANTS DAMA (L, Negro - 10);EXPLORE PANTS;DAMA;L;Negro;1,00;Grandplaz ;mayo-2026
06/05/2026;PANNTCA31TS;[PANNTCA31TS] EXPLORE PANTS CAB (S, Gris Oscuro -  9356);EXPLORE PANTS;CAB;S;Gris Oscuro;1,00;Sambil Chacao ;mayo-2026
06/05/2026;PANNTDA33TXS;[PANNTDA33TXS] EXPLORE PANTS DAMA (XS, Kaki - 80279);EXPLORE PANTS;DAMA;XS;Kaki;1,00;Sambil Chacao ;mayo-2026
06/05/2026;PANNTKI31T10;[PANNTKI31T10] EXPLORE PANTS KIDS (10, Gris Oscuro -  9356);EXPLORE PANTS;KIDS;10;Gris Oscuro;1,00;Sambil Chacao ;mayo-2026
07/05/2026;PANNTDA33TM;[PANNTDA33TM] EXPLORE PANTS DAMA (M, Kaki - 80279);EXPLORE PANTS;DAMA;M;Kaki;1,00;Cerro Verde ;mayo-2026
07/05/2026;PANNTCA30TL;[PANNTCA30TL] EXPLORE PANTS CAB (L, Gris Claro - 9734);EXPLORE PANTS;CAB;L;Gris Claro;1,00;La Grieta;mayo-2026
07/05/2026;PANNTCA33TL;[PANNTCA33TL] EXPLORE PANTS CAB (L, Kaki - 80279);EXPLORE PANTS;CAB;L;Kaki;1,00;La Grieta;mayo-2026
07/05/2026;PANNTDA66TS;[PANNTDA66TS] EXPLORE PANTS DAMA (S, Verde Militar - 60620);EXPLORE PANTS;DAMA;S;Verde Militar;1,00;La Grieta;mayo-2026
07/05/2026;PANNTCA66TL;[PANNTCA66TL] EXPLORE PANTS CAB (L, Verde Militar - 60620);EXPLORE PANTS;CAB;L;Verde Militar;1,00;La Grieta;mayo-2026
07/05/2026;PANNTDA33TS;[PANNTDA33TS] EXPLORE PANTS DAMA (S, Kaki - 80279);EXPLORE PANTS;DAMA;S;Kaki;1,00;La Grieta;mayo-2026
07/05/2026;PANNTDA12TL;[PANNTDA12TL] EXPLORE PANTS DAMA (L, Azul Marino - 5102);EXPLORE PANTS;DAMA;L;Azul Marino;1,00;La Grieta;mayo-2026
07/05/2026;PANNTDA30TM;[PANNTDA30TM] EXPLORE PANTS DAMA (M, Gris Claro - 9734);EXPLORE PANTS;DAMA;M;Gris Claro;1,00;Tolon;mayo-2026
07/05/2026;PANNTDA43TM;[PANNTDA43TM] EXPLORE PANTS DAMA (M, Negro - 10);EXPLORE PANTS;DAMA;M;Negro;-1,00;Sambil Chacao ;mayo-2026
07/05/2026;PANNTDA43TL;[PANNTDA43TL] EXPLORE PANTS DAMA (L, Negro - 10);EXPLORE PANTS;DAMA;L;Negro;1,00;Sambil Chacao ;mayo-2026
08/05/2026;PANNTKI30T8;[PANNTKI30T8] EXPLORE PANTS KIDS (8, Gris Claro - 9734);EXPLORE PANTS;KIDS;8;Gris Claro;1,00;Sambil Chacao ;mayo-2026
08/05/2026;PANNTCA33TXL;[PANNTCA33TXL] EXPLORE PANTS CAB (XL, Kaki - 80279);EXPLORE PANTS;CAB;XL;Kaki;1,00;Sambil Valencia;mayo-2026
08/05/2026;PANNTDA43TS;[PANNTDA43TS] EXPLORE PANTS DAMA (S, Negro - 10);EXPLORE PANTS;DAMA;S;Negro;1,00;Sambil Valencia;mayo-2026
08/05/2026;PANNTCA66TS;[PANNTCA66TS] EXPLORE PANTS CAB (S, Verde Militar - 60620);EXPLORE PANTS;CAB;S;Verde Militar;1,00;Sambil Chacao ;mayo-2026
08/05/2026;PANNTKI31T12;[PANNTKI31T12] EXPLORE PANTS KIDS (12, Gris Oscuro -  9356);EXPLORE PANTS;KIDS;12;Gris Oscuro;1,00;Sambil Valencia;mayo-2026
08/05/2026;PANNTDA31TM;[PANNTDA31TM] EXPLORE PANTS DAMA (M, Gris Oscuro -  9356);EXPLORE PANTS;DAMA;M;Gris Oscuro;1,00;Sambil Valencia;mayo-2026
08/05/2026;PANNTDA33TM;[PANNTDA33TM] EXPLORE PANTS DAMA (M, Kaki - 80279);EXPLORE PANTS;DAMA;M;Kaki;1,00;Sambil Valencia;mayo-2026
08/05/2026;PANNTCA66TXL;[PANNTCA66TXL] EXPLORE PANTS CAB (XL, Verde Militar - 60620);EXPLORE PANTS;CAB;XL;Verde Militar;1,00;La Grieta;mayo-2026
08/05/2026;PANNTDA66TL;[PANNTDA66TL] EXPLORE PANTS DAMA (L, Verde Militar - 60620);EXPLORE PANTS;DAMA;L;Verde Militar;1,00;Sambil Chacao ;mayo-2026
09/05/2026;PANNTDA33TL;[PANNTDA33TL] EXPLORE PANTS DAMA (L, Kaki - 80279);EXPLORE PANTS;DAMA;L;Kaki;1,00;La Grieta;mayo-2026
09/05/2026;PANNTDA66TL;[PANNTDA66TL] EXPLORE PANTS DAMA (L, Verde Militar - 60620);EXPLORE PANTS;DAMA;L;Verde Militar;1,00;La Grieta;mayo-2026
09/05/2026;PANNTCA33TL;[PANNTCA33TL] EXPLORE PANTS CAB (L, Kaki - 80279);EXPLORE PANTS;CAB;L;Kaki;1,00;Cerro Verde ;mayo-2026
09/05/2026;PANNTCA33TM;[PANNTCA33TM] EXPLORE PANTS CAB (M, Kaki - 80279);EXPLORE PANTS;CAB;M;Kaki;1,00;La Grieta;mayo-2026
09/05/2026;PANNTCA43TM;[PANNTCA43TM] EXPLORE PANTS CAB (M, Negro - 10);EXPLORE PANTS;CAB;M;Negro;1,00;Sambil Valencia;mayo-2026
09/05/2026;PANNTCA30TM;[PANNTCA30TM] EXPLORE PANTS CAB (M, Gris Claro - 9734);EXPLORE PANTS;CAB;M;Gris Claro;1,00;Sambil Chacao ;mayo-2026
09/05/2026;PANNTCA66TS;[PANNTCA66TS] EXPLORE PANTS CAB (S, Verde Militar - 60620);EXPLORE PANTS;CAB;S;Verde Militar;1,00;Grandplaz ;mayo-2026
09/05/2026;PANNTDA33TL;[PANNTDA33TL] EXPLORE PANTS DAMA (L, Kaki - 80279);EXPLORE PANTS;DAMA;L;Kaki;1,00;Cerro Verde ;mayo-2026
09/05/2026;PANNTDA31TM;[PANNTDA31TM] EXPLORE PANTS DAMA (M, Gris Oscuro -  9356);EXPLORE PANTS;DAMA;M;Gris Oscuro;1,00;Tolon;mayo-2026
09/05/2026;PANNTDA66TM;[PANNTDA66TM] EXPLORE PANTS DAMA (M, Verde Militar - 60620);EXPLORE PANTS;DAMA;M;Verde Militar;1,00;Tolon;mayo-2026
09/05/2026;PANNTKI66T4;[PANNTKI66T4] EXPLORE PANTS KIDS (4, Verde Militar - 60620);EXPLORE PANTS;KIDS;4;Verde Militar;1,00;Sambil Valencia;mayo-2026
09/05/2026;PANNTKI43T4;[PANNTKI43T4] EXPLORE PANTS KIDS (4, Negro - 10);EXPLORE PANTS;KIDS;4;Negro;1,00;Sambil Valencia;mayo-2026
09/05/2026;PANNTCA31TL;[PANNTCA31TL] EXPLORE PANTS CAB (L, Gris Oscuro -  9356);EXPLORE PANTS;CAB;L;Gris Oscuro;1,00;Sambil Valencia;mayo-2026
09/05/2026;PANNTCA66TS;[PANNTCA66TS] EXPLORE PANTS CAB (S, Verde Militar - 60620);EXPLORE PANTS;CAB;S;Verde Militar;-1,00;Grandplaz ;mayo-2026
09/05/2026;PANNTCA12TXL;[PANNTCA12TXL] EXPLORE PANTS CAB (XL, Azul Marino - 5102);EXPLORE PANTS;CAB;XL;Azul Marino;1,00;Cerro Verde ;mayo-2026
09/05/2026;PANNTCA66TS;[PANNTCA66TS] EXPLORE PANTS CAB (S, Verde Militar - 60620);EXPLORE PANTS;CAB;S;Verde Militar;1,00;Grandplaz ;mayo-2026
09/05/2026;PANNTDA31TXS;[PANNTDA31TXS] EXPLORE PANTS DAMA (XS, Gris Oscuro -  9356);EXPLORE PANTS;DAMA;XS;Gris Oscuro;1,00;Cerro Verde ;mayo-2026
09/05/2026;PANNTCA66TS;[PANNTCA66TS] EXPLORE PANTS CAB (S, Verde Militar - 60620);EXPLORE PANTS;CAB;S;Verde Militar;1,00;Sambil Valencia;mayo-2026
09/05/2026;PANNTCA43TS;[PANNTCA43TS] EXPLORE PANTS CAB (S, Negro - 10);EXPLORE PANTS;CAB;S;Negro;1,00;Sambil Valencia;mayo-2026
09/05/2026;PANNTCA33TXL;[PANNTCA33TXL] EXPLORE PANTS CAB (XL, Kaki - 80279);EXPLORE PANTS;CAB;XL;Kaki;1,00;Sambil Valencia;mayo-2026
09/05/2026;PANNTDA66TL;[PANNTDA66TL] EXPLORE PANTS DAMA (L, Verde Militar - 60620);EXPLORE PANTS;DAMA;L;Verde Militar;1,00;Sambil Valencia;mayo-2026
09/05/2026;PANNTCA66TXL;[PANNTCA66TXL] EXPLORE PANTS CAB (XL, Verde Militar - 60620);EXPLORE PANTS;CAB;XL;Verde Militar;1,00;Sambil Chacao ;mayo-2026
09/05/2026;PANNTDA33TS;[PANNTDA33TS] EXPLORE PANTS DAMA (S, Kaki - 80279);EXPLORE PANTS;DAMA;S;Kaki;1,00;La Grieta;mayo-2026
09/05/2026;PANNTDA33TS;[PANNTDA33TS] EXPLORE PANTS DAMA (S, Kaki - 80279);EXPLORE PANTS;DAMA;S;Kaki;-1,00;La Grieta;mayo-2026
09/05/2026;PANNTDA33TM;[PANNTDA33TM] EXPLORE PANTS DAMA (M, Kaki - 80279);EXPLORE PANTS;DAMA;M;Kaki;1,00;La Grieta;mayo-2026
09/05/2026;PANNTDA33TM;[PANNTDA33TM] EXPLORE PANTS DAMA (M, Kaki - 80279);EXPLORE PANTS;DAMA;M;Kaki;1,00;La Grieta;mayo-2026
09/05/2026;PANNTDA66TM;[PANNTDA66TM] EXPLORE PANTS DAMA (M, Verde Militar - 60620);EXPLORE PANTS;DAMA;M;Verde Militar;1,00;Cerro Verde ;mayo-2026
10/05/2026;PANNTDA66TM;[PANNTDA66TM] EXPLORE PANTS DAMA (M, Verde Militar - 60620);EXPLORE PANTS;DAMA;M;Verde Militar;-1,00;Cerro Verde ;mayo-2026
10/05/2026;PANNTDA66TL;[PANNTDA66TL] EXPLORE PANTS DAMA (L, Verde Militar - 60620);EXPLORE PANTS;DAMA;L;Verde Militar;1,00;Cerro Verde ;mayo-2026
10/05/2026;PANNTCA43TL;[PANNTCA43TL] EXPLORE PANTS CAB (L, Negro - 10);EXPLORE PANTS;CAB;L;Negro;1,00;Sambil Chacao ;mayo-2026
10/05/2026;PANNTCA66TL;[PANNTCA66TL] EXPLORE PANTS CAB (L, Verde Militar - 60620);EXPLORE PANTS;CAB;L;Verde Militar;1,00;Sambil Chacao ;mayo-2026
10/05/2026;PANNTDA12TXL;[PANNTDA12TXL] EXPLORE PANTS DAMA (XL, Azul Marino - 5102);EXPLORE PANTS;DAMA;XL;Azul Marino;1,00;Sambil Chacao ;mayo-2026
10/05/2026;PANNTDA31TXL;[PANNTDA31TXL] EXPLORE PANTS DAMA (XL, Gris Oscuro -  9356);EXPLORE PANTS;DAMA;XL;Gris Oscuro;1,00;Sambil Chacao ;mayo-2026
11/05/2026;PANNTDA43TL;[PANNTDA43TL] EXPLORE PANTS DAMA (L, Negro - 10);EXPLORE PANTS;DAMA;L;Negro;-1,00;Grandplaz ;mayo-2026
11/05/2026;PANNTDA33TM;[PANNTDA33TM] EXPLORE PANTS DAMA (M, Kaki - 80279);EXPLORE PANTS;DAMA;M;Kaki;1,00;Sambil Valencia;mayo-2026
11/05/2026;PANNTDA33TXL;[PANNTDA33TXL] EXPLORE PANTS DAMA (XL, Kaki - 80279);EXPLORE PANTS;DAMA;XL;Kaki;1,00;Sambil Valencia;mayo-2026
11/05/2026;PANNTCA43TL;[PANNTCA43TL] EXPLORE PANTS CAB (L, Negro - 10);EXPLORE PANTS;CAB;L;Negro;1,00;Cerro Verde ;mayo-2026
11/05/2026;PANNTCA43TM;[PANNTCA43TM] EXPLORE PANTS CAB (M, Negro - 10);EXPLORE PANTS;CAB;M;Negro;1,00;Sambil Valencia;mayo-2026
11/05/2026;PANNTDA43TS;[PANNTDA43TS] EXPLORE PANTS DAMA (S, Negro - 10);EXPLORE PANTS;DAMA;S;Negro;1,00;Cerro Verde ;mayo-2026
11/05/2026;PANNTDA33TXL;[PANNTDA33TXL] EXPLORE PANTS DAMA (XL, Kaki - 80279);EXPLORE PANTS;DAMA;XL;Kaki;1,00;La Grieta;mayo-2026
11/05/2026;PANNTDA43TXL;[PANNTDA43TXL] EXPLORE PANTS DAMA (XL, Negro - 10);EXPLORE PANTS;DAMA;XL;Negro;1,00;La Grieta;mayo-2026
11/05/2026;PANNTDA33TS;[PANNTDA33TS] EXPLORE PANTS DAMA (S, Kaki - 80279);EXPLORE PANTS;DAMA;S;Kaki;1,00;Sambil Chacao ;mayo-2026
11/05/2026;PANNTDA43TXS;[PANNTDA43TXS] EXPLORE PANTS DAMA (XS, Negro - 10);EXPLORE PANTS;DAMA;XS;Negro;1,00;Sambil Chacao ;mayo-2026
12/05/2026;PANNTDA31TXS;[PANNTDA31TXS] EXPLORE PANTS DAMA (XS, Gris Oscuro -  9356);EXPLORE PANTS;DAMA;XS;Gris Oscuro;-1,00;Cerro Verde ;mayo-2026
12/05/2026;PANNTCA12TS;[PANNTCA12TS] EXPLORE PANTS CAB (S, Azul Marino - 5102);EXPLORE PANTS;CAB;S;Azul Marino;1,00;Cerro Verde ;mayo-2026
12/05/2026;PANNTCA33TL;[PANNTCA33TL] EXPLORE PANTS CAB (L, Kaki - 80279);EXPLORE PANTS;CAB;L;Kaki;1,00;Cerro Verde ;mayo-2026
12/05/2026;PANNTCA12TL;[PANNTCA12TL] EXPLORE PANTS CAB (L, Azul Marino - 5102);EXPLORE PANTS;CAB;L;Azul Marino;1,00;La Grieta;mayo-2026
12/05/2026;PANNTCA33TL;[PANNTCA33TL] EXPLORE PANTS CAB (L, Kaki - 80279);EXPLORE PANTS;CAB;L;Kaki;1,00;La Grieta;mayo-2026
12/05/2026;PANNTCA43TL;[PANNTCA43TL] EXPLORE PANTS CAB (L, Negro - 10);EXPLORE PANTS;CAB;L;Negro;1,00;La Grieta;mayo-2026
12/05/2026;PANNTCA43TXL;[PANNTCA43TXL] EXPLORE PANTS CAB (XL, Negro - 10);EXPLORE PANTS;CAB;XL;Negro;1,00;Grandplaz ;mayo-2026
12/05/2026;PANNTCA31TXL;[PANNTCA31TXL] EXPLORE PANTS CAB (XL, Gris Oscuro -  9356);EXPLORE PANTS;CAB;XL;Gris Oscuro;1,00;Grandplaz ;mayo-2026
12/05/2026;PANNTCA43TL;[PANNTCA43TL] EXPLORE PANTS CAB (L, Negro - 10);EXPLORE PANTS;CAB;L;Negro;1,00;Grandplaz ;mayo-2026
12/05/2026;PANNTCA31TL;[PANNTCA31TL] EXPLORE PANTS CAB (L, Gris Oscuro -  9356);EXPLORE PANTS;CAB;L;Gris Oscuro;1,00;Cerro Verde ;mayo-2026
13/05/2026;PANNTCA30TL;[PANNTCA30TL] EXPLORE PANTS CAB (L, Gris Claro - 9734);EXPLORE PANTS;CAB;L;Gris Claro;1,00;Cerro Verde ;mayo-2026
13/05/2026;PANNTCA12TL;[PANNTCA12TL] EXPLORE PANTS CAB (L, Azul Marino - 5102);EXPLORE PANTS;CAB;L;Azul Marino;1,00;La Grieta;mayo-2026
13/05/2026;PANNTDA12TS;[PANNTDA12TS] EXPLORE PANTS DAMA (S, Azul Marino - 5102);EXPLORE PANTS;DAMA;S;Azul Marino;1,00;La Grieta;mayo-2026
13/05/2026;PANNTDA66TL;[PANNTDA66TL] EXPLORE PANTS DAMA (L, Verde Militar - 60620);EXPLORE PANTS;DAMA;L;Verde Militar;1,00;Tolon;mayo-2026
13/05/2026;PANNTDA43TXS;[PANNTDA43TXS] EXPLORE PANTS DAMA (XS, Negro - 10);EXPLORE PANTS;DAMA;XS;Negro;1,00;Tolon;mayo-2026
14/05/2026;PANNTKI43T12;[PANNTKI43T12] EXPLORE PANTS KIDS (12, Negro - 10);EXPLORE PANTS;KIDS;12;Negro;1,00;La Grieta;mayo-2026
14/05/2026;PANNTCA12TXL;[PANNTCA12TXL] EXPLORE PANTS CAB (XL, Azul Marino - 5102);EXPLORE PANTS;CAB;XL;Azul Marino;1,00;La Grieta;mayo-2026
14/05/2026;PANNTCA43TM;[PANNTCA43TM] EXPLORE PANTS CAB (M, Negro - 10);EXPLORE PANTS;CAB;M;Negro;1,00;Sambil Valencia;mayo-2026
14/05/2026;PANNTCA66TS;[PANNTCA66TS] EXPLORE PANTS CAB (S, Verde Militar - 60620);EXPLORE PANTS;CAB;S;Verde Militar;-1,00;Sambil Chacao ;mayo-2026
14/05/2026;PANNTCA66TM;[PANNTCA66TM] EXPLORE PANTS CAB (M, Verde Militar - 60620);EXPLORE PANTS;CAB;M;Verde Militar;1,00;Sambil Chacao ;mayo-2026
14/05/2026;PANNTCA66TXL;[PANNTCA66TXL] EXPLORE PANTS CAB (XL, Verde Militar - 60620);EXPLORE PANTS;CAB;XL;Verde Militar;1,00;Grandplaz ;mayo-2026
14/05/2026;PANNTKI33T4;[PANNTKI33T4] EXPLORE PANTS KIDS (4, Kaki - 80279);EXPLORE PANTS;KIDS;4;Kaki;1,00;Sambil Valencia;mayo-2026
14/05/2026;PANNTDA30TXL;[PANNTDA30TXL] EXPLORE PANTS DAMA (XL, Gris Claro - 9734);EXPLORE PANTS;DAMA;XL;Gris Claro;1,00;Sambil Valencia;mayo-2026
15/05/2026;PANNTDA33TXL;[PANNTDA33TXL] EXPLORE PANTS DAMA (XL, Kaki - 80279);EXPLORE PANTS;DAMA;XL;Kaki;1,00;La Grieta;mayo-2026
15/05/2026;PANNTCA33TL;[PANNTCA33TL] EXPLORE PANTS CAB (L, Kaki - 80279);EXPLORE PANTS;CAB;L;Kaki;2,00;La Grieta;mayo-2026
15/05/2026;PANNTCA43TS;[PANNTCA43TS] EXPLORE PANTS CAB (S, Negro - 10);EXPLORE PANTS;CAB;S;Negro;1,00;Sambil Valencia;mayo-2026
15/05/2026;PANNTDA33TS;[PANNTDA33TS] EXPLORE PANTS DAMA (S, Kaki - 80279);EXPLORE PANTS;DAMA;S;Kaki;1,00;Cerro Verde ;mayo-2026
15/05/2026;PANNTDA43TS;[PANNTDA43TS] EXPLORE PANTS DAMA (S, Negro - 10);EXPLORE PANTS;DAMA;S;Negro;1,00;Cerro Verde ;mayo-2026
15/05/2026;PANNTCA66TM;[PANNTCA66TM] EXPLORE PANTS CAB (M, Verde Militar - 60620);EXPLORE PANTS;CAB;M;Verde Militar;1,00;Cerro Verde ;mayo-2026
15/05/2026;PANNTKI12T10;[PANNTKI12T10] EXPLORE PANTS KIDS (10, Azul Marino - 5102);EXPLORE PANTS;KIDS;10;Azul Marino;1,00;Cerro Verde ;mayo-2026
15/05/2026;PANNTKI12T8;[PANNTKI12T8] EXPLORE PANTS KIDS (8, Azul Marino - 5102);EXPLORE PANTS;KIDS;8;Azul Marino;1,00;Cerro Verde ;mayo-2026
15/05/2026;PANNTKI30T8;[PANNTKI30T8] EXPLORE PANTS KIDS (8, Gris Claro - 9734);EXPLORE PANTS;KIDS;8;Gris Claro;1,00;Cerro Verde ;mayo-2026
15/05/2026;PANNTKI31T12;[PANNTKI31T12] EXPLORE PANTS KIDS (12, Gris Oscuro -  9356);EXPLORE PANTS;KIDS;12;Gris Oscuro;1,00;La Grieta;mayo-2026
15/05/2026;EPNTKI33T12;[EPNTKI33T12] EXPLORE PANTS KIDS (12, Kaki - 80279);EXPLORE PANTS;KIDS;12;Kaki;1,00;La Grieta;mayo-2026
16/05/2026;PANNTCA43TL;[PANNTCA43TL] EXPLORE PANTS CAB (L, Negro - 10);EXPLORE PANTS;CAB;L;Negro;1,00;Sambil Valencia;mayo-2026
16/05/2026;PANNTCA33TL;[PANNTCA33TL] EXPLORE PANTS CAB (L, Kaki - 80279);EXPLORE PANTS;CAB;L;Kaki;-1,00;La Grieta;mayo-2026
16/05/2026;PANNTCA33TXL;[PANNTCA33TXL] EXPLORE PANTS CAB (XL, Kaki - 80279);EXPLORE PANTS;CAB;XL;Kaki;1,00;La Grieta;mayo-2026
16/05/2026;PANNTDA31TM;[PANNTDA31TM] EXPLORE PANTS DAMA (M, Gris Oscuro -  9356);EXPLORE PANTS;DAMA;M;Gris Oscuro;1,00;Sambil Chacao ;mayo-2026
16/05/2026;PANNTDA43TM;[PANNTDA43TM] EXPLORE PANTS DAMA (M, Negro - 10);EXPLORE PANTS;DAMA;M;Negro;1,00;Sambil Chacao ;mayo-2026
16/05/2026;PANNTCA30TXL;[PANNTCA30TXL] EXPLORE PANTS CAB (XL, Gris Claro - 9734);EXPLORE PANTS;CAB;XL;Gris Claro;1,00;Grandplaz ;mayo-2026
16/05/2026;PANNTDA30TS;[PANNTDA30TS] EXPLORE PANTS DAMA (S, Gris Claro - 9734);EXPLORE PANTS;DAMA;S;Gris Claro;1,00;Grandplaz ;mayo-2026
16/05/2026;PANNTDA31TM;[PANNTDA31TM] EXPLORE PANTS DAMA (M, Gris Oscuro -  9356);EXPLORE PANTS;DAMA;M;Gris Oscuro;2,00;Sambil Valencia;mayo-2026
16/05/2026;PANNTDA31TS;[PANNTDA31TS] EXPLORE PANTS DAMA (S, Gris Oscuro -  9356);EXPLORE PANTS;DAMA;S;Gris Oscuro;2,00;Sambil Valencia;mayo-2026
16/05/2026;PANNTCA31TL;[PANNTCA31TL] EXPLORE PANTS CAB (L, Gris Oscuro -  9356);EXPLORE PANTS;CAB;L;Gris Oscuro;1,00;Sambil Valencia;mayo-2026
16/05/2026;PANNTCA33TM;[PANNTCA33TM] EXPLORE PANTS CAB (M, Kaki - 80279);EXPLORE PANTS;CAB;M;Kaki;1,00;Cerro Verde ;mayo-2026
16/05/2026;PANNTCA66TXL;[PANNTCA66TXL] EXPLORE PANTS CAB (XL, Verde Militar - 60620);EXPLORE PANTS;CAB;XL;Verde Militar;1,00;Sambil Valencia;mayo-2026
16/05/2026;PANNTCA33TXL;[PANNTCA33TXL] EXPLORE PANTS CAB (XL, Kaki - 80279);EXPLORE PANTS;CAB;XL;Kaki;1,00;Sambil Valencia;mayo-2026
16/05/2026;PANNTDA66TL;[PANNTDA66TL] EXPLORE PANTS DAMA (L, Verde Militar - 60620);EXPLORE PANTS;DAMA;L;Verde Militar;1,00;Cerro Verde ;mayo-2026
16/05/2026;PANNTDA31TS;[PANNTDA31TS] EXPLORE PANTS DAMA (S, Gris Oscuro -  9356);EXPLORE PANTS;DAMA;S;Gris Oscuro;1,00;Cerro Verde ;mayo-2026
16/05/2026;PANNTCA43TL;[PANNTCA43TL] EXPLORE PANTS CAB (L, Negro - 10);EXPLORE PANTS;CAB;L;Negro;1,00;Cerro Verde ;mayo-2026
16/05/2026;PANNTCA43TM;[PANNTCA43TM] EXPLORE PANTS CAB (M, Negro - 10);EXPLORE PANTS;CAB;M;Negro;1,00;Cerro Verde ;mayo-2026
16/05/2026;PANNTDA33TS;[PANNTDA33TS] EXPLORE PANTS DAMA (S, Kaki - 80279);EXPLORE PANTS;DAMA;S;Kaki;1,00;Sambil Valencia;mayo-2026
16/05/2026;PANNTCA33TXL;[PANNTCA33TXL] EXPLORE PANTS CAB (XL, Kaki - 80279);EXPLORE PANTS;CAB;XL;Kaki;1,00;Sambil Chacao ;mayo-2026
16/05/2026;PANNTCA66TXL;[PANNTCA66TXL] EXPLORE PANTS CAB (XL, Verde Militar - 60620);EXPLORE PANTS;CAB;XL;Verde Militar;1,00;Sambil Chacao ;mayo-2026
16/05/2026;PANNTKI66T4;[PANNTKI66T4] EXPLORE PANTS KIDS (4, Verde Militar - 60620);EXPLORE PANTS;KIDS;4;Verde Militar;1,00;Sambil Chacao ;mayo-2026
16/05/2026;PANNTKI43T10;[PANNTKI43T10] EXPLORE PANTS KIDS (10, Negro - 10);EXPLORE PANTS;KIDS;10;Negro;1,00;Sambil Valencia;mayo-2026
16/05/2026;PANNTKI33T10;[PANNTKI33T10] EXPLORE PANTS KIDS (10, Kaki - 80279);EXPLORE PANTS;KIDS;10;Kaki;1,00;Sambil Valencia;mayo-2026
17/05/2026;PANNTDA43TM;[PANNTDA43TM] EXPLORE PANTS DAMA (M, Negro - 10);EXPLORE PANTS;DAMA;M;Negro;1,00;Cerro Verde ;mayo-2026
17/05/2026;PANNTDA33TM;[PANNTDA33TM] EXPLORE PANTS DAMA (M, Kaki - 80279);EXPLORE PANTS;DAMA;M;Kaki;1,00;Cerro Verde ;mayo-2026
17/05/2026;PANNTKI12T12;[PANNTKI12T12] EXPLORE PANTS KIDS (12, Azul Marino - 5102);EXPLORE PANTS;KIDS;12;Azul Marino;1,00;Cerro Verde ;mayo-2026
17/05/2026;PANNTDA43TS;[PANNTDA43TS] EXPLORE PANTS DAMA (S, Negro - 10);EXPLORE PANTS;DAMA;S;Negro;1,00;Cerro Verde ;mayo-2026
17/05/2026;PANNTDA33TXL;[PANNTDA33TXL] EXPLORE PANTS DAMA (XL, Kaki - 80279);EXPLORE PANTS;DAMA;XL;Kaki;1,00;Sambil Valencia;mayo-2026
17/05/2026;PANNTDA31TL;[PANNTDA31TL] EXPLORE PANTS DAMA (L, Gris Oscuro -  9356);EXPLORE PANTS;DAMA;L;Gris Oscuro;1,00;Sambil Valencia;mayo-2026
17/05/2026;PANNTDA66TXL;[PANNTDA66TXL] EXPLORE PANTS DAMA (XL, Verde Militar - 60620);EXPLORE PANTS;DAMA;XL;Verde Militar;1,00;Sambil Valencia;mayo-2026
18/05/2026;PANNTDA43TL;[PANNTDA43TL] EXPLORE PANTS DAMA (L, Negro - 10);EXPLORE PANTS;DAMA;L;Negro;1,00;La Grieta;mayo-2026
18/05/2026;PANNTCA33TS;[PANNTCA33TS] EXPLORE PANTS CAB (S, Kaki - 80279);EXPLORE PANTS;CAB;S;Kaki;1,00;Sambil Valencia;mayo-2026
18/05/2026;PANNTCA30TS;[PANNTCA30TS] EXPLORE PANTS CAB (S, Gris Claro - 9734);EXPLORE PANTS;CAB;S;Gris Claro;1,00;Sambil Valencia;mayo-2026
18/05/2026;PANNTCA33TS;[PANNTCA33TS] EXPLORE PANTS CAB (S, Kaki - 80279);EXPLORE PANTS;CAB;S;Kaki;1,00;Tolon;mayo-2026
19/05/2026;PANNTDA30TL;[PANNTDA30TL] EXPLORE PANTS DAMA (L, Gris Claro - 9734);EXPLORE PANTS;DAMA;L;Gris Claro;2,00;La Grieta;mayo-2026
19/05/2026;PANNTDA43TL;[PANNTDA43TL] EXPLORE PANTS DAMA (L, Negro - 10);EXPLORE PANTS;DAMA;L;Negro;2,00;La Grieta;mayo-2026
19/05/2026;PANNTCA30TS;[PANNTCA30TS] EXPLORE PANTS CAB (S, Gris Claro - 9734);EXPLORE PANTS;CAB;S;Gris Claro;1,00;La Grieta;mayo-2026
19/05/2026;PANNTCA33TS;[PANNTCA33TS] EXPLORE PANTS CAB (S, Kaki - 80279);EXPLORE PANTS;CAB;S;Kaki;1,00;La Grieta;mayo-2026
19/05/2026;PANNTCA33TL;[PANNTCA33TL] EXPLORE PANTS CAB (L, Kaki - 80279);EXPLORE PANTS;CAB;L;Kaki;1,00;La Grieta;mayo-2026
19/05/2026;PANNTCA31TS;[PANNTCA31TS] EXPLORE PANTS CAB (S, Gris Oscuro -  9356);EXPLORE PANTS;CAB;S;Gris Oscuro;1,00;La Grieta;mayo-2026
19/05/2026;PANNTDA33TM;[PANNTDA33TM] EXPLORE PANTS DAMA (M, Kaki - 80279);EXPLORE PANTS;DAMA;M;Kaki;1,00;Tolon;mayo-2026
19/05/2026;PANNTCA66TXL;[PANNTCA66TXL] EXPLORE PANTS CAB (XL, Verde Militar - 60620);EXPLORE PANTS;CAB;XL;Verde Militar;1,00;Sambil Chacao ;mayo-2026
19/05/2026;PANNTKI30T6;[PANNTKI30T6] EXPLORE PANTS KIDS (6, Gris Claro - 9734);EXPLORE PANTS;KIDS;6;Gris Claro;1,00;Sambil Chacao ;mayo-2026
19/05/2026;PANNTCA33TXL;[PANNTCA33TXL] EXPLORE PANTS CAB (XL, Kaki - 80279);EXPLORE PANTS;CAB;XL;Kaki;1,00;Sambil Chacao ;mayo-2026
19/05/2026;PANNTKI43T6;[PANNTKI43T6] EXPLORE PANTS KIDS (6, Negro - 10);EXPLORE PANTS;KIDS;6;Negro;1,00;Sambil Chacao ;mayo-2026
19/05/2026;PANNTCA43TL;[PANNTCA43TL] EXPLORE PANTS CAB (L, Negro - 10);EXPLORE PANTS;CAB;L;Negro;1,00;Sambil Chacao ;mayo-2026
20/05/2026;PANNTCA33TS;[PANNTCA33TS] EXPLORE PANTS CAB (S, Kaki - 80279);EXPLORE PANTS;CAB;S;Kaki;1,00;WEB;mayo-2026
20/05/2026;PANNTCA43TM;[PANNTCA43TM] EXPLORE PANTS CAB (M, Negro - 10);EXPLORE PANTS;CAB;M;Negro;1,00;Sambil Valencia;mayo-2026
20/05/2026;PANNTCA33TM;[PANNTCA33TM] EXPLORE PANTS CAB (M, Kaki - 80279);EXPLORE PANTS;CAB;M;Kaki;1,00;Sambil Chacao ;mayo-2026
20/05/2026;PANNTKI30T12;[PANNTKI30T12] EXPLORE PANTS KIDS (12, Gris Claro - 9734);EXPLORE PANTS;KIDS;12;Gris Claro;1,00;Sambil Chacao ;mayo-2026
20/05/2026;PANNTKI66T12;[PANNTKI66T12] EXPLORE PANTS KIDS (12, Verde Militar - 60620);EXPLORE PANTS;KIDS;12;Verde Militar;1,00;Sambil Chacao ;mayo-2026
20/05/2026;EPNTKI33T12;[EPNTKI33T12] EXPLORE PANTS KIDS (12, Kaki - 80279);EXPLORE PANTS;KIDS;12;Kaki;1,00;Sambil Chacao ;mayo-2026
20/05/2026;PANNTDA33TM;[PANNTDA33TM] EXPLORE PANTS DAMA (M, Kaki - 80279);EXPLORE PANTS;DAMA;M;Kaki;1,00;La Grieta;mayo-2026
20/05/2026;PANNTDA43TM;[PANNTDA43TM] EXPLORE PANTS DAMA (M, Negro - 10);EXPLORE PANTS;DAMA;M;Negro;1,00;Sambil Valencia;mayo-2026
20/05/2026;PANNTCA31TL;[PANNTCA31TL] EXPLORE PANTS CAB (L, Gris Oscuro -  9356);EXPLORE PANTS;CAB;L;Gris Oscuro;1,00;Sambil Chacao ;mayo-2026
20/05/2026;PANNTDA31TM;[PANNTDA31TM] EXPLORE PANTS DAMA (M, Gris Oscuro -  9356);EXPLORE PANTS;DAMA;M;Gris Oscuro;1,00;Tolon;mayo-2026
20/05/2026;PANNTCA31TL;[PANNTCA31TL] EXPLORE PANTS CAB (L, Gris Oscuro -  9356);EXPLORE PANTS;CAB;L;Gris Oscuro;1,00;Tolon;mayo-2026
20/05/2026;PANNTCA12TL;[PANNTCA12TL] EXPLORE PANTS CAB (L, Azul Marino - 5102);EXPLORE PANTS;CAB;L;Azul Marino;1,00;Tolon;mayo-2026
20/05/2026;PANNTDA43TS;[PANNTDA43TS] EXPLORE PANTS DAMA (S, Negro - 10);EXPLORE PANTS;DAMA;S;Negro;1,00;Sambil Valencia;mayo-2026
20/05/2026;PANNTCA66TL;[PANNTCA66TL] EXPLORE PANTS CAB (L, Verde Militar - 60620);EXPLORE PANTS;CAB;L;Verde Militar;1,00;Tolon;mayo-2026
20/05/2026;PANNTKI66T8;[PANNTKI66T8] EXPLORE PANTS KIDS (8, Verde Militar - 60620);EXPLORE PANTS;KIDS;8;Verde Militar;1,00;Tolon;mayo-2026
20/05/2026;PANNTKI66T6;[PANNTKI66T6] EXPLORE PANTS KIDS (6, Verde Militar - 60620);EXPLORE PANTS;KIDS;6;Verde Militar;1,00;Tolon;mayo-2026
20/05/2026;PANNTCA43TL;[PANNTCA43TL] EXPLORE PANTS CAB (L, Negro - 10);EXPLORE PANTS;CAB;L;Negro;1,00;Cerro Verde ;mayo-2026
21/05/2026;PANNTCA33TXL;[PANNTCA33TXL] EXPLORE PANTS CAB (XL, Kaki - 80279);EXPLORE PANTS;CAB;XL;Kaki;1,00;Cerro Verde ;mayo-2026
21/05/2026;PANNTDA33TL;[PANNTDA33TL] EXPLORE PANTS DAMA (L, Kaki - 80279);EXPLORE PANTS;DAMA;L;Kaki;1,00;Cerro Verde ;mayo-2026
21/05/2026;PANNTCA43TL;[PANNTCA43TL] EXPLORE PANTS CAB (L, Negro - 10);EXPLORE PANTS;CAB;L;Negro;1,00;Sambil Valencia;mayo-2026
21/05/2026;PANNTCA33TXL;[PANNTCA33TXL] EXPLORE PANTS CAB (XL, Kaki - 80279);EXPLORE PANTS;CAB;XL;Kaki;-1,00;Cerro Verde ;mayo-2026
21/05/2026;PANNTDA33TL;[PANNTDA33TL] EXPLORE PANTS DAMA (L, Kaki - 80279);EXPLORE PANTS;DAMA;L;Kaki;-1,00;Cerro Verde ;mayo-2026
21/05/2026;PANNTCA33TXL;[PANNTCA33TXL] EXPLORE PANTS CAB (XL, Kaki - 80279);EXPLORE PANTS;CAB;XL;Kaki;1,00;Cerro Verde ;mayo-2026
21/05/2026;PANNTDA33TL;[PANNTDA33TL] EXPLORE PANTS DAMA (L, Kaki - 80279);EXPLORE PANTS;DAMA;L;Kaki;1,00;Cerro Verde ;mayo-2026
21/05/2026;PANNTCA30TS;[PANNTCA30TS] EXPLORE PANTS CAB (S, Gris Claro - 9734);EXPLORE PANTS;CAB;S;Gris Claro;2,00;La Grieta;mayo-2026
21/05/2026;PANNTDA33TM;[PANNTDA33TM] EXPLORE PANTS DAMA (M, Kaki - 80279);EXPLORE PANTS;DAMA;M;Kaki;1,00;Sambil Chacao ;mayo-2026
22/05/2026;PANNTDA12TXL;[PANNTDA12TXL] EXPLORE PANTS DAMA (XL, Azul Marino - 5102);EXPLORE PANTS;DAMA;XL;Azul Marino;1,00;La Grieta;mayo-2026
22/05/2026;PANNTDA66TM;[PANNTDA66TM] EXPLORE PANTS DAMA (M, Verde Militar - 60620);EXPLORE PANTS;DAMA;M;Verde Militar;1,00;Sambil Chacao ;mayo-2026
22/05/2026;PANNTCA43TM;[PANNTCA43TM] EXPLORE PANTS CAB (M, Negro - 10);EXPLORE PANTS;CAB;M;Negro;1,00;La Grieta;mayo-2026
22/05/2026;PANNTCA43TL;[PANNTCA43TL] EXPLORE PANTS CAB (L, Negro - 10);EXPLORE PANTS;CAB;L;Negro;1,00;La Grieta;mayo-2026
22/05/2026;PANNTCA66TL;[PANNTCA66TL] EXPLORE PANTS CAB (L, Verde Militar - 60620);EXPLORE PANTS;CAB;L;Verde Militar;1,00;Sambil Chacao ;mayo-2026
22/05/2026;PANNTCA43TL;[PANNTCA43TL] EXPLORE PANTS CAB (L, Negro - 10);EXPLORE PANTS;CAB;L;Negro;1,00;Sambil Chacao ;mayo-2026
22/05/2026;PANNTCA30TS;[PANNTCA30TS] EXPLORE PANTS CAB (S, Gris Claro - 9734);EXPLORE PANTS;CAB;S;Gris Claro;1,00;Sambil Chacao ;mayo-2026
22/05/2026;PANNTCA66TS;[PANNTCA66TS] EXPLORE PANTS CAB (S, Verde Militar - 60620);EXPLORE PANTS;CAB;S;Verde Militar;1,00;Sambil Chacao ;mayo-2026
22/05/2026;PANNTCA43TS;[PANNTCA43TS] EXPLORE PANTS CAB (S, Negro - 10);EXPLORE PANTS;CAB;S;Negro;1,00;Sambil Chacao ;mayo-2026
22/05/2026;PANNTCA12TM;[PANNTCA12TM] EXPLORE PANTS CAB (M, Azul Marino - 5102);EXPLORE PANTS;CAB;M;Azul Marino;1,00;Sambil Chacao ;mayo-2026
22/05/2026;PANNTKI12T10;[PANNTKI12T10] EXPLORE PANTS KIDS (10, Azul Marino - 5102);EXPLORE PANTS;KIDS;10;Azul Marino;1,00;Cerro Verde ;mayo-2026
22/05/2026;PANNTKI12T10;[PANNTKI12T10] EXPLORE PANTS KIDS (10, Azul Marino - 5102);EXPLORE PANTS;KIDS;10;Azul Marino;-1,00;Cerro Verde ;mayo-2026
22/05/2026;PANNTKI12T12;[PANNTKI12T12] EXPLORE PANTS KIDS (12, Azul Marino - 5102);EXPLORE PANTS;KIDS;12;Azul Marino;1,00;Cerro Verde ;mayo-2026
22/05/2026;PANNTDA43TM;[PANNTDA43TM] EXPLORE PANTS DAMA (M, Negro - 10);EXPLORE PANTS;DAMA;M;Negro;1,00;Tolon;mayo-2026
22/05/2026;PANNTCA12TXL;[PANNTCA12TXL] EXPLORE PANTS CAB (XL, Azul Marino - 5102);EXPLORE PANTS;CAB;XL;Azul Marino;1,00;La Grieta;mayo-2026
22/05/2026;PANNTKI66T8;[PANNTKI66T8] EXPLORE PANTS KIDS (8, Verde Militar - 60620);EXPLORE PANTS;KIDS;8;Verde Militar;1,00;Sambil Chacao ;mayo-2026
23/05/2026;PANNTCA31TM;[PANNTCA31TM] EXPLORE PANTS CAB (M, Gris Oscuro -  9356);EXPLORE PANTS;CAB;M;Gris Oscuro;1,00;Sambil Valencia;mayo-2026
23/05/2026;PANNTDA43TXL;[PANNTDA43TXL] EXPLORE PANTS DAMA (XL, Negro - 10);EXPLORE PANTS;DAMA;XL;Negro;1,00;Cerro Verde ;mayo-2026
23/05/2026;PANNTDA33TXS;[PANNTDA33TXS] EXPLORE PANTS DAMA (XS, Kaki - 80279);EXPLORE PANTS;DAMA;XS;Kaki;-1,00;Sambil Chacao ;mayo-2026
23/05/2026;PANNTCA31TS;[PANNTCA31TS] EXPLORE PANTS CAB (S, Gris Oscuro -  9356);EXPLORE PANTS;CAB;S;Gris Oscuro;-1,00;Sambil Chacao ;mayo-2026
23/05/2026;PANNTKI31T10;[PANNTKI31T10] EXPLORE PANTS KIDS (10, Gris Oscuro -  9356);EXPLORE PANTS;KIDS;10;Gris Oscuro;-1,00;Sambil Chacao ;mayo-2026
23/05/2026;PANNTCA12TL;[PANNTCA12TL] EXPLORE PANTS CAB (L, Azul Marino - 5102);EXPLORE PANTS;CAB;L;Azul Marino;1,00;Sambil Chacao ;mayo-2026
23/05/2026;PANNTKI12T2;[PANNTKI12T2] EXPLORE PANTS KIDS (2, Azul Marino - 5102);EXPLORE PANTS;KIDS;2;Azul Marino;1,00;Sambil Chacao ;mayo-2026
23/05/2026;PANNTDA12TM;[PANNTDA12TM] EXPLORE PANTS DAMA (M, Azul Marino - 5102);EXPLORE PANTS;DAMA;M;Azul Marino;1,00;Sambil Chacao ;mayo-2026
23/05/2026;PANNTCA43TL;[PANNTCA43TL] EXPLORE PANTS CAB (L, Negro - 10);EXPLORE PANTS;CAB;L;Negro;1,00;Cerro Verde ;mayo-2026
23/05/2026;EPNTKI33T12;[EPNTKI33T12] EXPLORE PANTS KIDS (12, Kaki - 80279);EXPLORE PANTS;KIDS;12;Kaki;1,00;Sambil Chacao ;mayo-2026
23/05/2026;PANNTCA12TL;[PANNTCA12TL] EXPLORE PANTS CAB (L, Azul Marino - 5102);EXPLORE PANTS;CAB;L;Azul Marino;1,00;Cerro Verde ;mayo-2026
23/05/2026;PANNTDA33TM;[PANNTDA33TM] EXPLORE PANTS DAMA (M, Kaki - 80279);EXPLORE PANTS;DAMA;M;Kaki;1,00;Sambil Chacao ;mayo-2026
23/05/2026;PANNTCA31TXL;[PANNTCA31TXL] EXPLORE PANTS CAB (XL, Gris Oscuro -  9356);EXPLORE PANTS;CAB;XL;Gris Oscuro;1,00;Tolon;mayo-2026
23/05/2026;PANNTCA33TXL;[PANNTCA33TXL] EXPLORE PANTS CAB (XL, Kaki - 80279);EXPLORE PANTS;CAB;XL;Kaki;1,00;Tolon;mayo-2026
23/05/2026;PANNTCA12TS;[PANNTCA12TS] EXPLORE PANTS CAB (S, Azul Marino - 5102);EXPLORE PANTS;CAB;S;Azul Marino;2,00;Sambil Chacao ;mayo-2026
23/05/2026;PANNTCA12TXL;[PANNTCA12TXL] EXPLORE PANTS CAB (XL, Azul Marino - 5102);EXPLORE PANTS;CAB;XL;Azul Marino;1,00;Sambil Chacao ;mayo-2026
23/05/2026;PANNTCA31TL;[PANNTCA31TL] EXPLORE PANTS CAB (L, Gris Oscuro -  9356);EXPLORE PANTS;CAB;L;Gris Oscuro;1,00;Tolon;mayo-2026
23/05/2026;PANNTKI12T12;[PANNTKI12T12] EXPLORE PANTS KIDS (12, Azul Marino - 5102);EXPLORE PANTS;KIDS;12;Azul Marino;1,00;Cerro Verde ;mayo-2026
23/05/2026;PANNTKI12T2;[PANNTKI12T2] EXPLORE PANTS KIDS (2, Azul Marino - 5102);EXPLORE PANTS;KIDS;2;Azul Marino;-1,00;Sambil Chacao ;mayo-2026
23/05/2026;PANNTKI12T4;[PANNTKI12T4] EXPLORE PANTS KIDS (4, Azul Marino - 5102);EXPLORE PANTS;KIDS;4;Azul Marino;1,00;Sambil Chacao ;mayo-2026
23/05/2026;PANNTDA30TL;[PANNTDA30TL] EXPLORE PANTS DAMA (L, Gris Claro - 9734);EXPLORE PANTS;DAMA;L;Gris Claro;1,00;Sambil Valencia;mayo-2026
24/05/2026;PANNTDA33TM;[PANNTDA33TM] EXPLORE PANTS DAMA (M, Kaki - 80279);EXPLORE PANTS;DAMA;M;Kaki;-1,00;La Grieta;mayo-2026
24/05/2026;PANNTDA66TM;[PANNTDA66TM] EXPLORE PANTS DAMA (M, Verde Militar - 60620);EXPLORE PANTS;DAMA;M;Verde Militar;1,00;La Grieta;mayo-2026
24/05/2026;PANNTCA31TM;[PANNTCA31TM] EXPLORE PANTS CAB (M, Gris Oscuro -  9356);EXPLORE PANTS;CAB;M;Gris Oscuro;-1,00;Cerro Verde ;mayo-2026
24/05/2026;PANNTCA12TL;[PANNTCA12TL] EXPLORE PANTS CAB (L, Azul Marino - 5102);EXPLORE PANTS;CAB;L;Azul Marino;1,00;Cerro Verde ;mayo-2026
24/05/2026;PANNTKI66T12;[PANNTKI66T12] EXPLORE PANTS KIDS (12, Verde Militar - 60620);EXPLORE PANTS;KIDS;12;Verde Militar;1,00;Sambil Chacao ;mayo-2026
24/05/2026;PANNTDA12TS;[PANNTDA12TS] EXPLORE PANTS DAMA (S, Azul Marino - 5102);EXPLORE PANTS;DAMA;S;Azul Marino;1,00;Cerro Verde ;mayo-2026
24/05/2026;PANNTKI12T4;[PANNTKI12T4] EXPLORE PANTS KIDS (4, Azul Marino - 5102);EXPLORE PANTS;KIDS;4;Azul Marino;1,00;Sambil Chacao ;mayo-2026
24/05/2026;PANNTKI66T6;[PANNTKI66T6] EXPLORE PANTS KIDS (6, Verde Militar - 60620);EXPLORE PANTS;KIDS;6;Verde Militar;1,00;Sambil Chacao ;mayo-2026
24/05/2026;PANNTKI66T10;[PANNTKI66T10] EXPLORE PANTS KIDS (10, Verde Militar - 60620);EXPLORE PANTS;KIDS;10;Verde Militar;1,00;Sambil Chacao ;mayo-2026
24/05/2026;PANNTCA33TL;[PANNTCA33TL] EXPLORE PANTS CAB (L, Kaki - 80279);EXPLORE PANTS;CAB;L;Kaki;1,00;Sambil Chacao ;mayo-2026
24/05/2026;PANNTDA30TM;[PANNTDA30TM] EXPLORE PANTS DAMA (M, Gris Claro - 9734);EXPLORE PANTS;DAMA;M;Gris Claro;1,00;Sambil Chacao ;mayo-2026
24/05/2026;PANNTCA30TS;[PANNTCA30TS] EXPLORE PANTS CAB (S, Gris Claro - 9734);EXPLORE PANTS;CAB;S;Gris Claro;1,00;Sambil Chacao ;mayo-2026
24/05/2026;PANNTDA43TM;[PANNTDA43TM] EXPLORE PANTS DAMA (M, Negro - 10);EXPLORE PANTS;DAMA;M;Negro;1,00;Sambil Valencia;mayo-2026
25/05/2026;PANNTKI31T8;[PANNTKI31T8] EXPLORE PANTS KIDS (8, Gris Oscuro -  9356);EXPLORE PANTS;KIDS;8;Gris Oscuro;1,00;La Grieta;mayo-2026
25/05/2026;PANNTKI33T8;[PANNTKI33T8] EXPLORE PANTS KIDS (8, Kaki - 80279);EXPLORE PANTS;KIDS;8;Kaki;1,00;La Grieta;mayo-2026
25/05/2026;PANNTDA31TS;[PANNTDA31TS] EXPLORE PANTS DAMA (S, Gris Oscuro -  9356);EXPLORE PANTS;DAMA;S;Gris Oscuro;1,00;La Grieta;mayo-2026
25/05/2026;PANNTDA43TL;[PANNTDA43TL] EXPLORE PANTS DAMA (L, Negro - 10);EXPLORE PANTS;DAMA;L;Negro;1,00;Tolon;mayo-2026
26/05/2026;PANNTCA30TS;[PANNTCA30TS] EXPLORE PANTS CAB (S, Gris Claro - 9734);EXPLORE PANTS;CAB;S;Gris Claro;1,00;Sambil Chacao ;mayo-2026
26/05/2026;PANNTDA43TS;[PANNTDA43TS] EXPLORE PANTS DAMA (S, Negro - 10);EXPLORE PANTS;DAMA;S;Negro;1,00;Sambil Chacao ;mayo-2026
26/05/2026;PANNTDA66TM;[PANNTDA66TM] EXPLORE PANTS DAMA (M, Verde Militar - 60620);EXPLORE PANTS;DAMA;M;Verde Militar;-1,00;Sambil Chacao ;mayo-2026
26/05/2026;PANNTDA66TL;[PANNTDA66TL] EXPLORE PANTS DAMA (L, Verde Militar - 60620);EXPLORE PANTS;DAMA;L;Verde Militar;1,00;Sambil Chacao ;mayo-2026
26/05/2026;PANNTCA43TL;[PANNTCA43TL] EXPLORE PANTS CAB (L, Negro - 10);EXPLORE PANTS;CAB;L;Negro;1,00;Cerro Verde ;mayo-2026
26/05/2026;PANNTCA33TL;[PANNTCA33TL] EXPLORE PANTS CAB (L, Kaki - 80279);EXPLORE PANTS;CAB;L;Kaki;1,00;Cerro Verde ;mayo-2026
26/05/2026;PANNTCA31TM;[PANNTCA31TM] EXPLORE PANTS CAB (M, Gris Oscuro -  9356);EXPLORE PANTS;CAB;M;Gris Oscuro;1,00;Cerro Verde ;mayo-2026
26/05/2026;PANNTCA43TL;[PANNTCA43TL] EXPLORE PANTS CAB (L, Negro - 10);EXPLORE PANTS;CAB;L;Negro;1,00;Sambil Chacao ;mayo-2026
27/05/2026;PANNTDA66TXL;[PANNTDA66TXL] EXPLORE PANTS DAMA (XL, Verde Militar - 60620);EXPLORE PANTS;DAMA;XL;Verde Militar;1,00;Tolon;mayo-2026
27/05/2026;PANNTDA30TM;[PANNTDA30TM] EXPLORE PANTS DAMA (M, Gris Claro - 9734);EXPLORE PANTS;DAMA;M;Gris Claro;1,00;Tolon;mayo-2026
27/05/2026;PANNTCA33TM;[PANNTCA33TM] EXPLORE PANTS CAB (M, Kaki - 80279);EXPLORE PANTS;CAB;M;Kaki;1,00;Tolon;mayo-2026
27/05/2026;PANNTCA12TXL;[PANNTCA12TXL] EXPLORE PANTS CAB (XL, Azul Marino - 5102);EXPLORE PANTS;CAB;XL;Azul Marino;1,00;Sambil Valencia;mayo-2026
27/05/2026;PANNTKI66T6;[PANNTKI66T6] EXPLORE PANTS KIDS (6, Verde Militar - 60620);EXPLORE PANTS;KIDS;6;Verde Militar;1,00;Tolon;mayo-2026
27/05/2026;PANNTKI12T6;[PANNTKI12T6] EXPLORE PANTS KIDS (6, Azul Marino - 5102);EXPLORE PANTS;KIDS;6;Azul Marino;1,00;Tolon;mayo-2026
27/05/2026;PANNTCA43TL;[PANNTCA43TL] EXPLORE PANTS CAB (L, Negro - 10);EXPLORE PANTS;CAB;L;Negro;1,00;La Grieta;mayo-2026
27/05/2026;PANNTCA33TS;[PANNTCA33TS] EXPLORE PANTS CAB (S, Kaki - 80279);EXPLORE PANTS;CAB;S;Kaki;1,00;Cerro Verde ;mayo-2026
28/05/2026;PANNTCA31TL;[PANNTCA31TL] EXPLORE PANTS CAB (L, Gris Oscuro -  9356);EXPLORE PANTS;CAB;L;Gris Oscuro;1,00;La Grieta;mayo-2026
28/05/2026;PANNTCA43TS;[PANNTCA43TS] EXPLORE PANTS CAB (S, Negro - 10);EXPLORE PANTS;CAB;S;Negro;1,00;Cerro Verde ;mayo-2026
28/05/2026;PANNTCA12TL;[PANNTCA12TL] EXPLORE PANTS CAB (L, Azul Marino - 5102);EXPLORE PANTS;CAB;L;Azul Marino;1,00;La Grieta;mayo-2026
28/05/2026;PANNTDA33TM;[PANNTDA33TM] EXPLORE PANTS DAMA (M, Kaki - 80279);EXPLORE PANTS;DAMA;M;Kaki;1,00;Cerro Verde ;mayo-2026
28/05/2026;PANNTDA30TM;[PANNTDA30TM] EXPLORE PANTS DAMA (M, Gris Claro - 9734);EXPLORE PANTS;DAMA;M;Gris Claro;1,00;La Grieta;mayo-2026
28/05/2026;PANNTCA33TM;[PANNTCA33TM] EXPLORE PANTS CAB (M, Kaki - 80279);EXPLORE PANTS;CAB;M;Kaki;1,00;Sambil Chacao ;mayo-2026
28/05/2026;PANNTCA66TM;[PANNTCA66TM] EXPLORE PANTS CAB (M, Verde Militar - 60620);EXPLORE PANTS;CAB;M;Verde Militar;1,00;Sambil Chacao ;mayo-2026
28/05/2026;PANNTCA43TM;[PANNTCA43TM] EXPLORE PANTS CAB (M, Negro - 10);EXPLORE PANTS;CAB;M;Negro;1,00;Sambil Chacao ;mayo-2026
28/05/2026;PANNTCA33TL;[PANNTCA33TL] EXPLORE PANTS CAB (L, Kaki - 80279);EXPLORE PANTS;CAB;L;Kaki;1,00;Sambil Valencia;mayo-2026
28/05/2026;EPNTKI33T12;[EPNTKI33T12] EXPLORE PANTS KIDS (12, Kaki - 80279);EXPLORE PANTS;KIDS;12;Kaki;1,00;Sambil Valencia;mayo-2026
29/05/2026;PANNTCA66TS;[PANNTCA66TS] EXPLORE PANTS CAB (S, Verde Militar - 60620);EXPLORE PANTS;CAB;S;Verde Militar;1,00;Cerro Verde ;mayo-2026
29/05/2026;PANNTKI12T4;[PANNTKI12T4] EXPLORE PANTS KIDS (4, Azul Marino - 5102);EXPLORE PANTS;KIDS;4;Azul Marino;1,00;Tolon;mayo-2026
29/05/2026;PANNTKI66T4;[PANNTKI66T4] EXPLORE PANTS KIDS (4, Verde Militar - 60620);EXPLORE PANTS;KIDS;4;Verde Militar;1,00;Tolon;mayo-2026
29/05/2026;PANNTKI43T4;[PANNTKI43T4] EXPLORE PANTS KIDS (4, Negro - 10);EXPLORE PANTS;KIDS;4;Negro;1,00;Tolon;mayo-2026
29/05/2026;PANNTCA43TL;[PANNTCA43TL] EXPLORE PANTS CAB (L, Negro - 10);EXPLORE PANTS;CAB;L;Negro;1,00;Pedidos;mayo-2026
29/05/2026;PANNTCA66TL;[PANNTCA66TL] EXPLORE PANTS CAB (L, Verde Militar - 60620);EXPLORE PANTS;CAB;L;Verde Militar;1,00;La Grieta;mayo-2026
29/05/2026;PANNTDA43TM;[PANNTDA43TM] EXPLORE PANTS DAMA (M, Negro - 10);EXPLORE PANTS;DAMA;M;Negro;1,00;Tolon;mayo-2026
29/05/2026;PANNTDA43TM;[PANNTDA43TM] EXPLORE PANTS DAMA (M, Negro - 10);EXPLORE PANTS;DAMA;M;Negro;1,00;La Grieta;mayo-2026
29/05/2026;PANNTCA33TL;[PANNTCA33TL] EXPLORE PANTS CAB (L, Kaki - 80279);EXPLORE PANTS;CAB;L;Kaki;1,00;Cerro Verde ;mayo-2026
30/05/2026;PANNTCA43TM;[PANNTCA43TM] EXPLORE PANTS CAB (M, Negro - 10);EXPLORE PANTS;CAB;M;Negro;1,00;Cerro Verde ;mayo-2026
30/05/2026;PANNTCA43TL;[PANNTCA43TL] EXPLORE PANTS CAB (L, Negro - 10);EXPLORE PANTS;CAB;L;Negro;1,00;La Grieta;mayo-2026
30/05/2026;PANNTCA31TS;[PANNTCA31TS] EXPLORE PANTS CAB (S, Gris Oscuro -  9356);EXPLORE PANTS;CAB;S;Gris Oscuro;1,00;Tolon;mayo-2026
30/05/2026;PANNTCA43TM;[PANNTCA43TM] EXPLORE PANTS CAB (M, Negro - 10);EXPLORE PANTS;CAB;M;Negro;1,00;Sambil Valencia;mayo-2026
30/05/2026;PANNTDA30TXS;[PANNTDA30TXS] EXPLORE PANTS DAMA (XS, Gris Claro - 9734);EXPLORE PANTS;DAMA;XS;Gris Claro;1,00;La Grieta;mayo-2026
30/05/2026;PANNTCA43TM;[PANNTCA43TM] EXPLORE PANTS CAB (M, Negro - 10);EXPLORE PANTS;CAB;M;Negro;3,00;Sambil Chacao ;mayo-2026
30/05/2026;PANNTKI66T4;[PANNTKI66T4] EXPLORE PANTS KIDS (4, Verde Militar - 60620);EXPLORE PANTS;KIDS;4;Verde Militar;1,00;Sambil Valencia;mayo-2026
30/05/2026;PANNTCA66TXL;[PANNTCA66TXL] EXPLORE PANTS CAB (XL, Verde Militar - 60620);EXPLORE PANTS;CAB;XL;Verde Militar;1,00;Sambil Valencia;mayo-2026
31/05/2026;PANNTCA33TM;[PANNTCA33TM] EXPLORE PANTS CAB (M, Kaki - 80279);EXPLORE PANTS;CAB;M;Kaki;1,00;Cerro Verde ;mayo-2026
31/05/2026;PANNTCA43TM;[PANNTCA43TM] EXPLORE PANTS CAB (M, Negro - 10);EXPLORE PANTS;CAB;M;Negro;1,00;Cerro Verde ;mayo-2026
31/05/2026;PANNTCA43TL;[PANNTCA43TL] EXPLORE PANTS CAB (L, Negro - 10);EXPLORE PANTS;CAB;L;Negro;-1,00;La Grieta;mayo-2026
31/05/2026;PANNTDA43TXL;[PANNTDA43TXL] EXPLORE PANTS DAMA (XL, Negro - 10);EXPLORE PANTS;DAMA;XL;Negro;1,00;La Grieta;mayo-2026
01/06/2026;PANNTCA43TS;[PANNTCA43TS] EXPLORE PANTS CAB (Negro, S);EXPLORE PANTS;CAB;S;Negro;1,00;Sambil Chacao ;junio-2026
01/06/2026;PANNTDA33TM;[PANNTDA33TM] EXPLORE PANTS DAMA (Kaki, M);EXPLORE PANTS;DAMA;M;Kaki;1,00;Sambil Chacao ;junio-2026
01/06/2026;PANNTCA33TXL;[PANNTCA33TXL] EXPLORE PANTS CAB (Kaki, XL);EXPLORE PANTS;CAB;XL;Kaki;1,00;Sambil Chacao ;junio-2026
01/06/2026;PANNTCA43TL;[PANNTCA43TL] EXPLORE PANTS CAB (Negro, L);EXPLORE PANTS;CAB;L;Negro;1,00;Grandplaz ;junio-2026
01/06/2026;PANNTCA66TL;[PANNTCA66TL] EXPLORE PANTS CAB (Verde Militar, L);EXPLORE PANTS;CAB;L;Verde Militar;1,00;Grandplaz ;junio-2026
02/06/2026;PANNTDA66TL;[PANNTDA66TL] EXPLORE PANTS DAMA (Verde Militar, L);EXPLORE PANTS;DAMA;L;Verde Militar;1,00;Cerro Verde ;junio-2026
02/06/2026;PANNTDA66TM;[PANNTDA66TM] EXPLORE PANTS DAMA (Verde Militar, M);EXPLORE PANTS;DAMA;M;Verde Militar;1,00;Sambil Chacao ;junio-2026
03/06/2026;PANNTDA43TM;[PANNTDA43TM] EXPLORE PANTS DAMA (Negro, M);EXPLORE PANTS;DAMA;M;Negro;1,00;Cerro Verde ;junio-2026
03/06/2026;PANNTCA43TM;[PANNTCA43TM] EXPLORE PANTS CAB (Negro, M);EXPLORE PANTS;CAB;M;Negro;1,00;Cerro Verde ;junio-2026
03/06/2026;PANNTDA43TM;[PANNTDA43TM] EXPLORE PANTS DAMA (Negro, M);EXPLORE PANTS;DAMA;M;Negro;1,00;La Grieta;junio-2026
03/06/2026;PANNTDA33TM;[PANNTDA33TM] EXPLORE PANTS DAMA (Kaki, M);EXPLORE PANTS;DAMA;M;Kaki;1,00;La Grieta;junio-2026
03/06/2026;PANNTKI12T10;[PANNTKI12T10] EXPLORE PANTS KIDS (Azul Marino, 10);EXPLORE PANTS;KIDS;10;Azul Marino;1,00;Sambil Chacao ;junio-2026
03/06/2026;PANNTKI30T10;[PANNTKI30T10] EXPLORE PANTS KIDS (Gris Claro, 10);EXPLORE PANTS;KIDS;10;Gris Claro;1,00;Sambil Chacao ;junio-2026
03/06/2026;PANNTCA33TL;[PANNTCA33TL] EXPLORE PANTS CAB (Kaki, L);EXPLORE PANTS;CAB;L;Kaki;1,00;Tolon;junio-2026
03/06/2026;PANNTKI43T6;[PANNTKI43T6] EXPLORE PANTS KIDS (Negro, 6);EXPLORE PANTS;KIDS;6;Negro;1,00;Sambil Valencia;junio-2026
03/06/2026;PANNTKI12T10;[PANNTKI12T10] EXPLORE PANTS KIDS (Azul Marino, 10);EXPLORE PANTS;KIDS;10;Azul Marino;1,00;Sambil Valencia;junio-2026
03/06/2026;PANNTCA43TL;[PANNTCA43TL] EXPLORE PANTS CAB (Negro, L);EXPLORE PANTS;CAB;L;Negro;1,00;Sambil Valencia;junio-2026
03/06/2026;PANNTCA66TM;[PANNTCA66TM] EXPLORE PANTS CAB (Verde Militar, M);EXPLORE PANTS;CAB;M;Verde Militar;1,00;La Grieta;junio-2026
04/06/2026;PANNTCA43TS;[PANNTCA43TS] EXPLORE PANTS CAB (Negro, S);EXPLORE PANTS;CAB;S;Negro;1,00;Sambil Valencia;junio-2026
04/06/2026;PANNTCA43TM;[PANNTCA43TM] EXPLORE PANTS CAB (Negro, M);EXPLORE PANTS;CAB;M;Negro;1,00;La Grieta;junio-2026
04/06/2026;PANNTDA43TXS;[PANNTDA43TXS] EXPLORE PANTS DAMA (Negro, XS);EXPLORE PANTS;DAMA;XS;Negro;1,00;La Grieta;junio-2026
04/06/2026;EPNTKI33T12;[EPNTKI33T12] EXPLORE PANTS KIDS (Kaki, 12);EXPLORE PANTS;KIDS;12;Kaki;1,00;Cerro Verde ;junio-2026
04/06/2026;PANNTKI66T12;[PANNTKI66T12] EXPLORE PANTS KIDS (Verde Militar, 12);EXPLORE PANTS;KIDS;12;Verde Militar;1,00;Cerro Verde ;junio-2026
04/06/2026;PANNTCA43TL;[PANNTCA43TL] EXPLORE PANTS CAB (Negro, L);EXPLORE PANTS;CAB;L;Negro;1,00;La Grieta;junio-2026
04/06/2026;PANNTDA33TS;[PANNTDA33TS] EXPLORE PANTS DAMA (Kaki, S);EXPLORE PANTS;DAMA;S;Kaki;1,00;Sambil Chacao ;junio-2026
04/06/2026;PANNTDA43TS;[PANNTDA43TS] EXPLORE PANTS DAMA (Negro, S);EXPLORE PANTS;DAMA;S;Negro;1,00;Sambil Valencia;junio-2026
04/06/2026;PANNTDA31TS;[PANNTDA31TS] EXPLORE PANTS DAMA (Gris Oscuro, S);EXPLORE PANTS;DAMA;S;Gris Oscuro;1,00;Sambil Valencia;junio-2026
04/06/2026;PANNTDA31TS;[PANNTDA31TS] EXPLORE PANTS DAMA (Gris Oscuro, S);EXPLORE PANTS;DAMA;S;Gris Oscuro;1,00;Sambil Valencia;junio-2026
05/06/2026;PANNTDA66TL;[PANNTDA66TL] EXPLORE PANTS DAMA (Verde Militar, L);EXPLORE PANTS;DAMA;L;Verde Militar;1,00;Sambil Chacao ;junio-2026
05/06/2026;PANNTCA43TM;[PANNTCA43TM] EXPLORE PANTS CAB (Negro, M);EXPLORE PANTS;CAB;M;Negro;1,00;Cerro Verde ;junio-2026
05/06/2026;PANNTCA43TM;[PANNTCA43TM] EXPLORE PANTS CAB (Negro, M);EXPLORE PANTS;CAB;M;Negro;1,00;Sambil Chacao ;junio-2026
05/06/2026;PANNTCA43TM;[PANNTCA43TM] EXPLORE PANTS CAB (Negro, M);EXPLORE PANTS;CAB;M;Negro;1,00;Sambil Valencia;junio-2026
05/06/2026;PANNTDA31TM;[PANNTDA31TM] EXPLORE PANTS DAMA (Gris Oscuro, M);EXPLORE PANTS;DAMA;M;Gris Oscuro;1,00;Sambil Valencia;junio-2026
05/06/2026;PANNTDA43TM;[PANNTDA43TM] EXPLORE PANTS DAMA (Negro, M);EXPLORE PANTS;DAMA;M;Negro;1,00;Sambil Valencia;junio-2026
06/06/2026;PANNTDA66TL;[PANNTDA66TL] EXPLORE PANTS DAMA (Verde Militar, L);EXPLORE PANTS;DAMA;L;Verde Militar;1,00;Tolon;junio-2026
06/06/2026;PANNTCA33TL;[PANNTCA33TL] EXPLORE PANTS CAB (Kaki, L);EXPLORE PANTS;CAB;L;Kaki;1,00;Sambil Valencia;junio-2026
06/06/2026;PANNTCA43TL;[PANNTCA43TL] EXPLORE PANTS CAB (Negro, L);EXPLORE PANTS;CAB;L;Negro;1,00;Sambil Valencia;junio-2026
06/06/2026;PANNTDA43TL;[PANNTDA43TL] EXPLORE PANTS DAMA (Negro, L);EXPLORE PANTS;DAMA;L;Negro;1,00;Tolon;junio-2026
06/06/2026;PANNTDA33TM;[PANNTDA33TM] EXPLORE PANTS DAMA (Kaki, M);EXPLORE PANTS;DAMA;M;Kaki;1,00;Sambil Valencia;junio-2026
06/06/2026;PANNTCA43TL;[PANNTCA43TL] EXPLORE PANTS CAB (Negro, L);EXPLORE PANTS;CAB;L;Negro;1,00;Sambil Valencia;junio-2026
06/06/2026;PANNTCA33TM;[PANNTCA33TM] EXPLORE PANTS CAB (Kaki, M);EXPLORE PANTS;CAB;M;Kaki;1,00;Cerro Verde ;junio-2026
06/06/2026;PANNTDA33TXS;[PANNTDA33TXS] EXPLORE PANTS DAMA (Kaki, XS);EXPLORE PANTS;DAMA;XS;Kaki;1,00;Sambil Chacao ;junio-2026
06/06/2026;PANNTDA43TXS;[PANNTDA43TXS] EXPLORE PANTS DAMA (Negro, XS);EXPLORE PANTS;DAMA;XS;Negro;1,00;Sambil Chacao ;junio-2026
06/06/2026;PANNTDA66TXS;[PANNTDA66TXS] EXPLORE PANTS DAMA (Verde Militar, XS);EXPLORE PANTS;DAMA;XS;Verde Militar;1,00;Sambil Valencia;junio-2026
06/06/2026;PANNTDA33TM;[PANNTDA33TM] EXPLORE PANTS DAMA (Kaki, M);EXPLORE PANTS;DAMA;M;Kaki;-1,00;Sambil Valencia;junio-2026
06/06/2026;PANNTDA33TM;[PANNTDA33TM] EXPLORE PANTS DAMA (Kaki, M);EXPLORE PANTS;DAMA;M;Kaki;1,00;Sambil Valencia;junio-2026
07/06/2026;PANNTDA30TS;[PANNTDA30TS] EXPLORE PANTS DAMA (Gris Claro, S);EXPLORE PANTS;DAMA;S;Gris Claro;1,00;La Grieta;junio-2026
07/06/2026;PANNTDA31TXL;[PANNTDA31TXL] EXPLORE PANTS DAMA (Gris Oscuro, XL);EXPLORE PANTS;DAMA;XL;Gris Oscuro;1,00;Sambil Chacao ;junio-2026
07/06/2026;PANNTCA33TM;[PANNTCA33TM] EXPLORE PANTS CAB (Kaki, M);EXPLORE PANTS;CAB;M;Kaki;1,00;Cerro Verde ;junio-2026
07/06/2026;PANNTCA12TM;[PANNTCA12TM] EXPLORE PANTS CAB (Azul Marino, M);EXPLORE PANTS;CAB;M;Azul Marino;1,00;Cerro Verde ;junio-2026
07/06/2026;PANNTCA66TM;[PANNTCA66TM] EXPLORE PANTS CAB (Verde Militar, M);EXPLORE PANTS;CAB;M;Verde Militar;1,00;Cerro Verde ;junio-2026
07/06/2026;PANNTCA31TM;[PANNTCA31TM] EXPLORE PANTS CAB (Gris Oscuro, M);EXPLORE PANTS;CAB;M;Gris Oscuro;1,00;Cerro Verde ;junio-2026
07/06/2026;PANNTCA43TM;[PANNTCA43TM] EXPLORE PANTS CAB (Negro, M);EXPLORE PANTS;CAB;M;Negro;1,00;Sambil Chacao ;junio-2026
08/06/2026;PANNTCA66TM;[PANNTCA66TM] EXPLORE PANTS CAB (Verde Militar, M);EXPLORE PANTS;CAB;M;Verde Militar;1,00;Pedidos;junio-2026
08/06/2026;PANNTKI43T4;[PANNTKI43T4] EXPLORE PANTS KIDS (Negro, 4);EXPLORE PANTS;KIDS;4;Negro;1,00;Sambil Chacao ;junio-2026
08/06/2026;PANNTDA43TXS;[PANNTDA43TXS] EXPLORE PANTS DAMA (Negro, XS);EXPLORE PANTS;DAMA;XS;Negro;1,00;Cerro Verde ;junio-2026
08/06/2026;PANNTCA43TL;[PANNTCA43TL] EXPLORE PANTS CAB (Negro, L);EXPLORE PANTS;CAB;L;Negro;1,00;Sambil Chacao ;junio-2026
08/06/2026;PANNTDA12TL;[PANNTDA12TL] EXPLORE PANTS DAMA (Azul Marino, L);EXPLORE PANTS;DAMA;L;Azul Marino;1,00;Sambil Valencia;junio-2026
09/06/2026;PANNTCA33TM;[PANNTCA33TM] EXPLORE PANTS CAB (Kaki, M);EXPLORE PANTS;CAB;M;Kaki;1,00;La Grieta;junio-2026
09/06/2026;PANNTDA43TM;[PANNTDA43TM] EXPLORE PANTS DAMA (Negro, M);EXPLORE PANTS;DAMA;M;Negro;1,00;La Grieta;junio-2026
09/06/2026;PANNTCA43TS;[PANNTCA43TS] EXPLORE PANTS CAB (Negro, S);EXPLORE PANTS;CAB;S;Negro;-1,00;Sambil Chacao ;junio-2026
09/06/2026;PANNTCA43TM;[PANNTCA43TM] EXPLORE PANTS CAB (Negro, M);EXPLORE PANTS;CAB;M;Negro;1,00;Sambil Chacao ;junio-2026
09/06/2026;PANNTCA12TS;[PANNTCA12TS] EXPLORE PANTS CAB (Azul Marino, S);EXPLORE PANTS;CAB;S;Azul Marino;1,00;La Grieta;junio-2026
09/06/2026;PANNTCA31TM;[PANNTCA31TM] EXPLORE PANTS CAB (Gris Oscuro, M);EXPLORE PANTS;CAB;M;Gris Oscuro;1,00;Cerro Verde ;junio-2026
09/06/2026;PANNTCA12TXL;[PANNTCA12TXL] EXPLORE PANTS CAB (Azul Marino, XL);EXPLORE PANTS;CAB;XL;Azul Marino;1,00;Sambil Valencia;junio-2026
09/06/2026;PANNTDA66TL;[PANNTDA66TL] EXPLORE PANTS DAMA (Verde Militar, L);EXPLORE PANTS;DAMA;L;Verde Militar;1,00;Sambil Valencia;junio-2026
09/06/2026;PANNTDA33TS;[PANNTDA33TS] EXPLORE PANTS DAMA (Kaki, S);EXPLORE PANTS;DAMA;S;Kaki;1,00;Tolon;junio-2026
09/06/2026;PANNTDA43TM;[PANNTDA43TM] EXPLORE PANTS DAMA (Negro, M);EXPLORE PANTS;DAMA;M;Negro;-1,00;La Grieta;junio-2026
09/06/2026;PANNTDA43TM;[PANNTDA43TM] EXPLORE PANTS DAMA (Negro, M);EXPLORE PANTS;DAMA;M;Negro;1,00;La Grieta;junio-2026
10/06/2026;PANNTDA43TL;[PANNTDA43TL] EXPLORE PANTS DAMA (Negro, L);EXPLORE PANTS;DAMA;L;Negro;1,00;WEB;junio-2026
10/06/2026;PANNTDA66TM;[PANNTDA66TM] EXPLORE PANTS DAMA (Verde Militar, M);EXPLORE PANTS;DAMA;M;Verde Militar;1,00;Cerro Verde ;junio-2026
10/06/2026;PANNTCA43TL;[PANNTCA43TL] EXPLORE PANTS CAB (Negro, L);EXPLORE PANTS;CAB;L;Negro;1,00;La Grieta;junio-2026
10/06/2026;PANNTCA31TL;[PANNTCA31TL] EXPLORE PANTS CAB (Gris Oscuro, L);EXPLORE PANTS;CAB;L;Gris Oscuro;1,00;Tolon;junio-2026
10/06/2026;PANNTKI12T10;[PANNTKI12T10] EXPLORE PANTS KIDS (Azul Marino, 10);EXPLORE PANTS;KIDS;10;Azul Marino;-1,00;Sambil Valencia;junio-2026
10/06/2026;PANNTKI12T12;[PANNTKI12T12] EXPLORE PANTS KIDS (Azul Marino, 12);EXPLORE PANTS;KIDS;12;Azul Marino;1,00;Sambil Valencia;junio-2026
10/06/2026;PANNTCA31TM;[PANNTCA31TM] EXPLORE PANTS CAB (Gris Oscuro, M);EXPLORE PANTS;CAB;M;Gris Oscuro;1,00;La Grieta;junio-2026
10/06/2026;PANNTCA43TL;[PANNTCA43TL] EXPLORE PANTS CAB (Negro, L);EXPLORE PANTS;CAB;L;Negro;1,00;La Grieta;junio-2026
10/06/2026;PANNTCA43TM;[PANNTCA43TM] EXPLORE PANTS CAB (Negro, M);EXPLORE PANTS;CAB;M;Negro;1,00;La Grieta;junio-2026
10/06/2026;PANNTCA33TXL;[PANNTCA33TXL] EXPLORE PANTS CAB (Kaki, XL);EXPLORE PANTS;CAB;XL;Kaki;1,00;Cerro Verde ;junio-2026
11/06/2026;PANNTCA33TM;[PANNTCA33TM] EXPLORE PANTS CAB (Kaki, M);EXPLORE PANTS;CAB;M;Kaki;1,00;Tolon;junio-2026
11/06/2026;PANNTCA33TL;[PANNTCA33TL] EXPLORE PANTS CAB (Kaki, L);EXPLORE PANTS;CAB;L;Kaki;1,00;Sambil Chacao ;junio-2026
11/06/2026;PANNTCA33TM;[PANNTCA33TM] EXPLORE PANTS CAB (Kaki, M);EXPLORE PANTS;CAB;M;Kaki;1,00;Sambil Chacao ;junio-2026
11/06/2026;PANNTDA31TS;[PANNTDA31TS] EXPLORE PANTS DAMA (Gris Oscuro, S);EXPLORE PANTS;DAMA;S;Gris Oscuro;1,00;Sambil Valencia;junio-2026
11/06/2026;PANNTDA33TM;[PANNTDA33TM] EXPLORE PANTS DAMA (Kaki, M);EXPLORE PANTS;DAMA;M;Kaki;1,00;Tolon;junio-2026
11/06/2026;PANNTDA30TM;[PANNTDA30TM] EXPLORE PANTS DAMA (Gris Claro, M);EXPLORE PANTS;DAMA;M;Gris Claro;1,00;Sambil Valencia;junio-2026
11/06/2026;PANNTDA33TS;[PANNTDA33TS] EXPLORE PANTS DAMA (Kaki, S);EXPLORE PANTS;DAMA;S;Kaki;1,00;Cerro Verde ;junio-2026
12/06/2026;PANNTKI33T4;[PANNTKI33T4] EXPLORE PANTS KIDS (Kaki, 4);EXPLORE PANTS;KIDS;4;Kaki;1,00;La Grieta;junio-2026
12/06/2026;PANNTCA66TL;[PANNTCA66TL] EXPLORE PANTS CAB (Verde Militar, L);EXPLORE PANTS;CAB;L;Verde Militar;2,00;Pedidos;junio-2026
12/06/2026;PANNTDA66TXL;[PANNTDA66TXL] EXPLORE PANTS DAMA (Verde Militar, XL);EXPLORE PANTS;DAMA;XL;Verde Militar;1,00;Pedidos;junio-2026
12/06/2026;PANNTDA66TS;[PANNTDA66TS] EXPLORE PANTS DAMA (Verde Militar, S);EXPLORE PANTS;DAMA;S;Verde Militar;3,00;Pedidos;junio-2026
12/06/2026;PANNTDA66TL;[PANNTDA66TL] EXPLORE PANTS DAMA (Verde Militar, L);EXPLORE PANTS;DAMA;L;Verde Militar;2,00;Pedidos;junio-2026
12/06/2026;PANNTDA66TM;[PANNTDA66TM] EXPLORE PANTS DAMA (Verde Militar, M);EXPLORE PANTS;DAMA;M;Verde Militar;2,00;Pedidos;junio-2026
12/06/2026;PANNTCA66TL;[PANNTCA66TL] EXPLORE PANTS CAB (Verde Militar, L);EXPLORE PANTS;CAB;L;Verde Militar;1,00;La Grieta;junio-2026
12/06/2026;PANNTDA12TXS;[PANNTDA12TXS] EXPLORE PANTS DAMA (Azul Marino, XS);EXPLORE PANTS;DAMA;XS;Azul Marino;1,00;Cerro Verde ;junio-2026
12/06/2026;PANNTCA12TM;[PANNTCA12TM] EXPLORE PANTS CAB (Azul Marino, M);EXPLORE PANTS;CAB;M;Azul Marino;1,00;Sambil Chacao ;junio-2026
12/06/2026;PANNTDA43TL;[PANNTDA43TL] EXPLORE PANTS DAMA (Negro, L);EXPLORE PANTS;DAMA;L;Negro;1,00;Sambil Chacao ;junio-2026
12/06/2026;PANNTCA12TL;[PANNTCA12TL] EXPLORE PANTS CAB (Azul Marino, L);EXPLORE PANTS;CAB;L;Azul Marino;1,00;Cerro Verde ;junio-2026
12/06/2026;PANNTCA33TL;[PANNTCA33TL] EXPLORE PANTS CAB (Kaki, L);EXPLORE PANTS;CAB;L;Kaki;1,00;La Grieta;junio-2026
12/06/2026;PANNTDA43TXS;[PANNTDA43TXS] EXPLORE PANTS DAMA (Negro, XS);EXPLORE PANTS;DAMA;XS;Negro;1,00;Sambil Valencia;junio-2026
13/06/2026;PANNTCA33TL;[PANNTCA33TL] EXPLORE PANTS CAB (Kaki, L);EXPLORE PANTS;CAB;L;Kaki;1,00;La Grieta;junio-2026
13/06/2026;PANNTCA33TL;[PANNTCA33TL] EXPLORE PANTS CAB (Kaki, L);EXPLORE PANTS;CAB;L;Kaki;1,00;La Grieta;junio-2026
13/06/2026;PANNTDA66TM;[PANNTDA66TM] EXPLORE PANTS DAMA (Verde Militar, M);EXPLORE PANTS;DAMA;M;Verde Militar;1,00;Sambil Chacao ;junio-2026
13/06/2026;PANNTCA43TS;[PANNTCA43TS] EXPLORE PANTS CAB (Negro, S);EXPLORE PANTS;CAB;S;Negro;1,00;Cerro Verde ;junio-2026
13/06/2026;PANNTDA33TM;[PANNTDA33TM] EXPLORE PANTS DAMA (Kaki, M);EXPLORE PANTS;DAMA;M;Kaki;1,00;Sambil Chacao ;junio-2026
13/06/2026;PANNTCA33TL;[PANNTCA33TL] EXPLORE PANTS CAB (Kaki, L);EXPLORE PANTS;CAB;L;Kaki;1,00;Sambil Chacao ;junio-2026
13/06/2026;PANNTKI33T4;[PANNTKI33T4] EXPLORE PANTS KIDS (Kaki, 4);EXPLORE PANTS;KIDS;4;Kaki;1,00;Cerro Verde ;junio-2026
14/06/2026;PANNTCA43TL;[PANNTCA43TL] EXPLORE PANTS CAB (Negro, L);EXPLORE PANTS;CAB;L;Negro;1,00;Sambil Chacao ;junio-2026
14/06/2026;PANNTDA43TS;[PANNTDA43TS] EXPLORE PANTS DAMA (Negro, S);EXPLORE PANTS;DAMA;S;Negro;1,00;Cerro Verde ;junio-2026
14/06/2026;PANNTDA43TXS;[PANNTDA43TXS] EXPLORE PANTS DAMA (Negro, XS);EXPLORE PANTS;DAMA;XS;Negro;1,00;Sambil Chacao ;junio-2026
14/06/2026;PANNTCA33TL;[PANNTCA33TL] EXPLORE PANTS CAB (Kaki, L);EXPLORE PANTS;CAB;L;Kaki;1,00;Cerro Verde ;junio-2026
14/06/2026;PANNTDA30TL;[PANNTDA30TL] EXPLORE PANTS DAMA (Gris Claro, L);EXPLORE PANTS;DAMA;L;Gris Claro;1,00;Cerro Verde ;junio-2026
14/06/2026;PANNTDA12TL;[PANNTDA12TL] EXPLORE PANTS DAMA (Azul Marino, L);EXPLORE PANTS;DAMA;L;Azul Marino;1,00;Cerro Verde ;junio-2026
14/06/2026;PANNTCA33TS;[PANNTCA33TS] EXPLORE PANTS CAB (Kaki, S);EXPLORE PANTS;CAB;S;Kaki;1,00;Sambil Valencia;junio-2026
14/06/2026;PANNTCA30TL;[PANNTCA30TL] EXPLORE PANTS CAB (Gris Claro, L);EXPLORE PANTS;CAB;L;Gris Claro;1,00;Sambil Chacao ;junio-2026
14/06/2026;PANNTCA33TL;[PANNTCA33TL] EXPLORE PANTS CAB (Kaki, L);EXPLORE PANTS;CAB;L;Kaki;1,00;Sambil Chacao ;junio-2026
14/06/2026;PANNTCA43TL;[PANNTCA43TL] EXPLORE PANTS CAB (Negro, L);EXPLORE PANTS;CAB;L;Negro;1,00;Sambil Chacao ;junio-2026
14/06/2026;PANNTDA31TS;[PANNTDA31TS] EXPLORE PANTS DAMA (Gris Oscuro, S);EXPLORE PANTS;DAMA;S;Gris Oscuro;1,00;Sambil Chacao ;junio-2026
15/06/2026;PANNTDA43TL;[PANNTDA43TL] EXPLORE PANTS DAMA (Negro, L);EXPLORE PANTS;DAMA;L;Negro;1,00;Sambil Chacao ;junio-2026
15/06/2026;PANNTDA33TL;[PANNTDA33TL] EXPLORE PANTS DAMA (Kaki, L);EXPLORE PANTS;DAMA;L;Kaki;1,00;Sambil Chacao ;junio-2026
15/06/2026;PANNTDA33TL;[PANNTDA33TL] EXPLORE PANTS DAMA (Kaki, L);EXPLORE PANTS;DAMA;L;Kaki;1,00;La Grieta;junio-2026
15/06/2026;PANNTCA30TM;[PANNTCA30TM] EXPLORE PANTS CAB (Gris Claro, M);EXPLORE PANTS;CAB;M;Gris Claro;1,00;Grandplaz ;junio-2026
15/06/2026;PANNTCA31TM;[PANNTCA31TM] EXPLORE PANTS CAB (Gris Oscuro, M);EXPLORE PANTS;CAB;M;Gris Oscuro;1,00;Cerro Verde ;junio-2026
15/06/2026;PANNTCA33TM;[PANNTCA33TM] EXPLORE PANTS CAB (Kaki, M);EXPLORE PANTS;CAB;M;Kaki;1,00;Cerro Verde ;junio-2026
15/06/2026;PANNTCA43TL;[PANNTCA43TL] EXPLORE PANTS CAB (Negro, L);EXPLORE PANTS;CAB;L;Negro;1,00;Sambil Valencia;junio-2026
16/06/2026;PANNTDA43TXS;[PANNTDA43TXS] EXPLORE PANTS DAMA (Negro, XS);EXPLORE PANTS;DAMA;XS;Negro;1,00;Sambil Chacao ;junio-2026
16/06/2026;PANNTCA43TS;[PANNTCA43TS] EXPLORE PANTS CAB (Negro, S);EXPLORE PANTS;CAB;S;Negro;2,00;Cerro Verde ;junio-2026
16/06/2026;PANNTCA30TXL;[PANNTCA30TXL] EXPLORE PANTS CAB (Gris Claro, XL);EXPLORE PANTS;CAB;XL;Gris Claro;1,00;Cerro Verde ;junio-2026
16/06/2026;PANNTCA66TXL;[PANNTCA66TXL] EXPLORE PANTS CAB (Verde Militar, XL);EXPLORE PANTS;CAB;XL;Verde Militar;1,00;La Grieta;junio-2026
16/06/2026;PANNTCA12TXL;[PANNTCA12TXL] EXPLORE PANTS CAB (Azul Marino, XL);EXPLORE PANTS;CAB;XL;Azul Marino;1,00;La Grieta;junio-2026
16/06/2026;PANNTCA66TL;[PANNTCA66TL] EXPLORE PANTS CAB (Verde Militar, L);EXPLORE PANTS;CAB;L;Verde Militar;1,00;Cerro Verde ;junio-2026
16/06/2026;PANNTCA43TM;[PANNTCA43TM] EXPLORE PANTS CAB (Negro, M);EXPLORE PANTS;CAB;M;Negro;1,00;Sambil Valencia;junio-2026
16/06/2026;PANNTCA30TL;[PANNTCA30TL] EXPLORE PANTS CAB (Gris Claro, L);EXPLORE PANTS;CAB;L;Gris Claro;1,00;Sambil Valencia;junio-2026
16/06/2026;PANNTCA43TL;[PANNTCA43TL] EXPLORE PANTS CAB (Negro, L);EXPLORE PANTS;CAB;L;Negro;1,00;Sambil Valencia;junio-2026
16/06/2026;PANNTCA33TL;[PANNTCA33TL] EXPLORE PANTS CAB (Kaki, L);EXPLORE PANTS;CAB;L;Kaki;1,00;Sambil Valencia;junio-2026
16/06/2026;PANNTCA43TL;[PANNTCA43TL] EXPLORE PANTS CAB (Negro, L);EXPLORE PANTS;CAB;L;Negro;1,00;WEB;junio-2026
16/06/2026;PANNTCA31TM;[PANNTCA31TM] EXPLORE PANTS CAB (Gris Oscuro, M);EXPLORE PANTS;CAB;M;Gris Oscuro;1,00;Sambil Chacao ;junio-2026
16/06/2026;PANNTDA12TL;[PANNTDA12TL] EXPLORE PANTS DAMA (Azul Marino, L);EXPLORE PANTS;DAMA;L;Azul Marino;-1,00;Sambil Valencia;junio-2026
16/06/2026;PANNTDA12TM;[PANNTDA12TM] EXPLORE PANTS DAMA (Azul Marino, M);EXPLORE PANTS;DAMA;M;Azul Marino;1,00;Sambil Valencia;junio-2026
16/06/2026;PANNTCA31TM;[PANNTCA31TM] EXPLORE PANTS CAB (Gris Oscuro, M);EXPLORE PANTS;CAB;M;Gris Oscuro;1,00;Cerro Verde ;junio-2026
16/06/2026;PANNTDA30TS;[PANNTDA30TS] EXPLORE PANTS DAMA (Gris Claro, S);EXPLORE PANTS;DAMA;S;Gris Claro;1,00;Cerro Verde ;junio-2026
16/06/2026;PANNTDA43TM;[PANNTDA43TM] EXPLORE PANTS DAMA (Negro, M);EXPLORE PANTS;DAMA;M;Negro;1,00;Sambil Valencia;junio-2026
17/06/2026;PANNTCA66TS;[PANNTCA66TS] EXPLORE PANTS CAB (Verde Militar, S);EXPLORE PANTS;CAB;S;Verde Militar;1,00;Pedidos;junio-2026
17/06/2026;PANNTDA30TL;[PANNTDA30TL] EXPLORE PANTS DAMA (Gris Claro, L);EXPLORE PANTS;DAMA;L;Gris Claro;1,00;Sambil Valencia;junio-2026
17/06/2026;PANNTCA66TXL;[PANNTCA66TXL] EXPLORE PANTS CAB (Verde Militar, XL);EXPLORE PANTS;CAB;XL;Verde Militar;1,00;La Grieta;junio-2026
17/06/2026;PANNTKI43T2;[PANNTKI43T2] EXPLORE PANTS KIDS (Negro, 2);EXPLORE PANTS;KIDS;2;Negro;1,00;Sambil Chacao ;junio-2026
17/06/2026;PANNTCA43TS;[PANNTCA43TS] EXPLORE PANTS CAB (Negro, S);EXPLORE PANTS;CAB;S;Negro;1,00;Sambil Chacao ;junio-2026
17/06/2026;PANNTCA66TL;[PANNTCA66TL] EXPLORE PANTS CAB (Verde Militar, L);EXPLORE PANTS;CAB;L;Verde Militar;1,00;Sambil Chacao ;junio-2026
17/06/2026;PANNTCA31TXL;[PANNTCA31TXL] EXPLORE PANTS CAB (Gris Oscuro, XL);EXPLORE PANTS;CAB;XL;Gris Oscuro;1,00;Grandplaz ;junio-2026
17/06/2026;PANNTCA66TM;[PANNTCA66TM] EXPLORE PANTS CAB (Verde Militar, M);EXPLORE PANTS;CAB;M;Verde Militar;1,00;Cerro Verde ;junio-2026
17/06/2026;PANNTDA33TL;[PANNTDA33TL] EXPLORE PANTS DAMA (Kaki, L);EXPLORE PANTS;DAMA;L;Kaki;1,00;La Grieta;junio-2026
17/06/2026;PANNTDA43TXL;[PANNTDA43TXL] EXPLORE PANTS DAMA (Negro, XL);EXPLORE PANTS;DAMA;XL;Negro;1,00;Sambil Chacao ;junio-2026
17/06/2026;PANNTCA33TXL;[PANNTCA33TXL] EXPLORE PANTS CAB (Kaki, XL);EXPLORE PANTS;CAB;XL;Kaki;1,00;Cerro Verde ;junio-2026
17/06/2026;PANNTDA43TXL;[PANNTDA43TXL] EXPLORE PANTS DAMA (Negro, XL);EXPLORE PANTS;DAMA;XL;Negro;1,00;Sambil Chacao ;junio-2026
17/06/2026;PANNTDA31TXL;[PANNTDA31TXL] EXPLORE PANTS DAMA (Gris Oscuro, XL);EXPLORE PANTS;DAMA;XL;Gris Oscuro;1,00;Sambil Chacao ;junio-2026
17/06/2026;PANNTCA66TM;[PANNTCA66TM] EXPLORE PANTS CAB (Verde Militar, M);EXPLORE PANTS;CAB;M;Verde Militar;1,00;Cerro Verde ;junio-2026
17/06/2026;PANNTCA12TM;[PANNTCA12TM] EXPLORE PANTS CAB (Azul Marino, M);EXPLORE PANTS;CAB;M;Azul Marino;1,00;Grandplaz ;junio-2026
17/06/2026;PANNTDA12TL;[PANNTDA12TL] EXPLORE PANTS DAMA (Azul Marino, L);EXPLORE PANTS;DAMA;L;Azul Marino;1,00;Sambil Chacao ;junio-2026
17/06/2026;PANNTCA33TM;[PANNTCA33TM] EXPLORE PANTS CAB (Kaki, M);EXPLORE PANTS;CAB;M;Kaki;1,00;Sambil Chacao ;junio-2026
18/06/2026;PANNTDA43TM;[PANNTDA43TM] EXPLORE PANTS DAMA (Negro, M);EXPLORE PANTS;DAMA;M;Negro;1,00;La Grieta;junio-2026
18/06/2026;PANNTCA66TL;[PANNTCA66TL] EXPLORE PANTS CAB (Verde Militar, L);EXPLORE PANTS;CAB;L;Verde Militar;1,00;La Grieta;junio-2026
18/06/2026;PANNTDA43TL;[PANNTDA43TL] EXPLORE PANTS DAMA (Negro, L);EXPLORE PANTS;DAMA;L;Negro;1,00;La Grieta;junio-2026
18/06/2026;PANNTCA12TM;[PANNTCA12TM] EXPLORE PANTS CAB (Azul Marino, M);EXPLORE PANTS;CAB;M;Azul Marino;1,00;Cerro Verde ;junio-2026
18/06/2026;PANNTCA30TM;[PANNTCA30TM] EXPLORE PANTS CAB (Gris Claro, M);EXPLORE PANTS;CAB;M;Gris Claro;1,00;Cerro Verde ;junio-2026
18/06/2026;PANNTCA33TL;[PANNTCA33TL] EXPLORE PANTS CAB (Kaki, L);EXPLORE PANTS;CAB;L;Kaki;1,00;La Grieta;junio-2026
18/06/2026;PANNTCA12TM;[PANNTCA12TM] EXPLORE PANTS CAB (Azul Marino, M);EXPLORE PANTS;CAB;M;Azul Marino;1,00;Cerro Verde ;junio-2026
18/06/2026;PANNTKI43T8;[PANNTKI43T8] EXPLORE PANTS KIDS (Negro, 8);EXPLORE PANTS;KIDS;8;Negro;1,00;La Grieta;junio-2026
18/06/2026;PANNTCA12TM;[PANNTCA12TM] EXPLORE PANTS CAB (Azul Marino, M);EXPLORE PANTS;CAB;M;Azul Marino;1,00;Cerro Verde ;junio-2026
18/06/2026;PANNTDA30TL;[PANNTDA30TL] EXPLORE PANTS DAMA (Gris Claro, L);EXPLORE PANTS;DAMA;L;Gris Claro;1,00;La Grieta;junio-2026
18/06/2026;PANNTCA12TM;[PANNTCA12TM] EXPLORE PANTS CAB (Azul Marino, M);EXPLORE PANTS;CAB;M;Azul Marino;1,00;Cerro Verde ;junio-2026
18/06/2026;PANNTDA30TS;[PANNTDA30TS] EXPLORE PANTS DAMA (Gris Claro, S);EXPLORE PANTS;DAMA;S;Gris Claro;-1,00;Cerro Verde ;junio-2026
18/06/2026;PANNTDA33TM;[PANNTDA33TM] EXPLORE PANTS DAMA (Kaki, M);EXPLORE PANTS;DAMA;M;Kaki;1,00;Cerro Verde ;junio-2026
18/06/2026;PANNTCA33TL;[PANNTCA33TL] EXPLORE PANTS CAB (Kaki, L);EXPLORE PANTS;CAB;L;Kaki;1,00;Sambil Valencia;junio-2026
18/06/2026;PANNTDA33TM;[PANNTDA33TM] EXPLORE PANTS DAMA (Kaki, M);EXPLORE PANTS;DAMA;M;Kaki;1,00;Tolon;junio-2026
18/06/2026;PANNTDA43TM;[PANNTDA43TM] EXPLORE PANTS DAMA (Negro, M);EXPLORE PANTS;DAMA;M;Negro;1,00;Tolon;junio-2026
18/06/2026;PANNTCA33TS;[PANNTCA33TS] EXPLORE PANTS CAB (Kaki, S);EXPLORE PANTS;CAB;S;Kaki;1,00;Cerro Verde ;junio-2026
18/06/2026;PANNTDA43TXL;[PANNTDA43TXL] EXPLORE PANTS DAMA (Negro, XL);EXPLORE PANTS;DAMA;XL;Negro;1,00;Tolon;junio-2026
19/06/2026;PANNTKI33T10;[PANNTKI33T10] EXPLORE PANTS KIDS (Kaki, 10);EXPLORE PANTS;KIDS;10;Kaki;1,00;La Grieta;junio-2026
19/06/2026;PANNTCA43TM;[PANNTCA43TM] EXPLORE PANTS CAB (Negro, M);EXPLORE PANTS;CAB;M;Negro;1,00;La Grieta;junio-2026
19/06/2026;PANNTCA43TS;[PANNTCA43TS] EXPLORE PANTS CAB (Negro, S);EXPLORE PANTS;CAB;S;Negro;1,00;La Grieta;junio-2026
19/06/2026;PANNTCA43TM;[PANNTCA43TM] EXPLORE PANTS CAB (Negro, M);EXPLORE PANTS;CAB;M;Negro;1,00;La Grieta;junio-2026
19/06/2026;PANNTDA12TXL;[PANNTDA12TXL] EXPLORE PANTS DAMA (Azul Marino, XL);EXPLORE PANTS;DAMA;XL;Azul Marino;1,00;La Grieta;junio-2026
19/06/2026;PANNTKI12T12;[PANNTKI12T12] EXPLORE PANTS KIDS (Azul Marino, 12);EXPLORE PANTS;KIDS;12;Azul Marino;1,00;La Grieta;junio-2026
19/06/2026;PANNTCA43TM;[PANNTCA43TM] EXPLORE PANTS CAB (Negro, M);EXPLORE PANTS;CAB;M;Negro;1,00;Sambil Valencia;junio-2026
19/06/2026;PANNTDA33TL;[PANNTDA33TL] EXPLORE PANTS DAMA (Kaki, L);EXPLORE PANTS;DAMA;L;Kaki;1,00;Cerro Verde ;junio-2026
19/06/2026;PANNTCA66TL;[PANNTCA66TL] EXPLORE PANTS CAB (Verde Militar, L);EXPLORE PANTS;CAB;L;Verde Militar;1,00;Cerro Verde ;junio-2026
19/06/2026;PANNTCA12TL;[PANNTCA12TL] EXPLORE PANTS CAB (Azul Marino, L);EXPLORE PANTS;CAB;L;Azul Marino;1,00;Cerro Verde ;junio-2026
19/06/2026;PANNTCA66TM;[PANNTCA66TM] EXPLORE PANTS CAB (Verde Militar, M);EXPLORE PANTS;CAB;M;Verde Militar;1,00;Cerro Verde ;junio-2026
19/06/2026;PANNTCA31TL;[PANNTCA31TL] EXPLORE PANTS CAB (Gris Oscuro, L);EXPLORE PANTS;CAB;L;Gris Oscuro;1,00;La Grieta;junio-2026
19/06/2026;PANNTCA12TL;[PANNTCA12TL] EXPLORE PANTS CAB (Azul Marino, L);EXPLORE PANTS;CAB;L;Azul Marino;1,00;La Grieta;junio-2026
19/06/2026;PANNTDA66TM;[PANNTDA66TM] EXPLORE PANTS DAMA (Verde Militar, M);EXPLORE PANTS;DAMA;M;Verde Militar;1,00;Tolon;junio-2026
19/06/2026;PANNTCA31TM;[PANNTCA31TM] EXPLORE PANTS CAB (Gris Oscuro, M);EXPLORE PANTS;CAB;M;Gris Oscuro;1,00;Tolon;junio-2026
19/06/2026;PANNTDA43TM;[PANNTDA43TM] EXPLORE PANTS DAMA (Negro, M);EXPLORE PANTS;DAMA;M;Negro;1,00;Sambil Valencia;junio-2026
19/06/2026;PANNTDA12TM;[PANNTDA12TM] EXPLORE PANTS DAMA (Azul Marino, M);EXPLORE PANTS;DAMA;M;Azul Marino;1,00;La Grieta;junio-2026
19/06/2026;PANNTCA33TL;[PANNTCA33TL] EXPLORE PANTS CAB (Kaki, L);EXPLORE PANTS;CAB;L;Kaki;1,00;La Vela;junio-2026
19/06/2026;PANNTCA12TL;[PANNTCA12TL] EXPLORE PANTS CAB (Azul Marino, L);EXPLORE PANTS;CAB;L;Azul Marino;1,00;La Vela;junio-2026
19/06/2026;PANNTCA12TXL;[PANNTCA12TXL] EXPLORE PANTS CAB (Azul Marino, XL);EXPLORE PANTS;CAB;XL;Azul Marino;1,00;La Grieta;junio-2026
19/06/2026;PANNTCA66TM;[PANNTCA66TM] EXPLORE PANTS CAB (Verde Militar, M);EXPLORE PANTS;CAB;M;Verde Militar;1,00;Grandplaz ;junio-2026
19/06/2026;PANNTCA33TS;[PANNTCA33TS] EXPLORE PANTS CAB (Kaki, S);EXPLORE PANTS;CAB;S;Kaki;1,00;Sambil Valencia;junio-2026
20/06/2026;PANNTCA66TL;[PANNTCA66TL] EXPLORE PANTS CAB (Verde Militar, L);EXPLORE PANTS;CAB;L;Verde Militar;1,00;La Grieta;junio-2026
20/06/2026;PANNTCA12TL;[PANNTCA12TL] EXPLORE PANTS CAB (Azul Marino, L);EXPLORE PANTS;CAB;L;Azul Marino;1,00;Cerro Verde ;junio-2026
20/06/2026;PANNTCA12TM;[PANNTCA12TM] EXPLORE PANTS CAB (Azul Marino, M);EXPLORE PANTS;CAB;M;Azul Marino;1,00;Cerro Verde ;junio-2026
20/06/2026;PANNTDA31TM;[PANNTDA31TM] EXPLORE PANTS DAMA (Gris Oscuro, M);EXPLORE PANTS;DAMA;M;Gris Oscuro;1,00;Cerro Verde ;junio-2026
20/06/2026;PANNTCA66TL;[PANNTCA66TL] EXPLORE PANTS CAB (Verde Militar, L);EXPLORE PANTS;CAB;L;Verde Militar;1,00;Sambil Chacao ;junio-2026
20/06/2026;PANNTCA12TL;[PANNTCA12TL] EXPLORE PANTS CAB (Azul Marino, L);EXPLORE PANTS;CAB;L;Azul Marino;1,00;Sambil Chacao ;junio-2026
20/06/2026;PANNTCA33TL;[PANNTCA33TL] EXPLORE PANTS CAB (Kaki, L);EXPLORE PANTS;CAB;L;Kaki;1,00;Cerro Verde ;junio-2026
20/06/2026;PANNTCA30TL;[PANNTCA30TL] EXPLORE PANTS CAB (Gris Claro, L);EXPLORE PANTS;CAB;L;Gris Claro;1,00;Sambil Chacao ;junio-2026
20/06/2026;PANNTCA12TL;[PANNTCA12TL] EXPLORE PANTS CAB (Azul Marino, L);EXPLORE PANTS;CAB;L;Azul Marino;1,00;La Grieta;junio-2026
20/06/2026;EPNTKI33T12;[EPNTKI33T12] EXPLORE PANTS KIDS (Kaki, 12);EXPLORE PANTS;KIDS;12;Kaki;1,00;Cerro Verde ;junio-2026
20/06/2026;PANNTCA33TM;[PANNTCA33TM] EXPLORE PANTS CAB (Kaki, M);EXPLORE PANTS;CAB;M;Kaki;1,00;Tolon;junio-2026
20/06/2026;PANNTDA66TL;[PANNTDA66TL] EXPLORE PANTS DAMA (Verde Militar, L);EXPLORE PANTS;DAMA;L;Verde Militar;1,00;La Vela;junio-2026
20/06/2026;PANNTDA30TL;[PANNTDA30TL] EXPLORE PANTS DAMA (Gris Claro, L);EXPLORE PANTS;DAMA;L;Gris Claro;1,00;La Vela;junio-2026
20/06/2026;PANNTCA12TM;[PANNTCA12TM] EXPLORE PANTS CAB (Azul Marino, M);EXPLORE PANTS;CAB;M;Azul Marino;1,00;La Grieta;junio-2026
20/06/2026;PANNTCA12TM;[PANNTCA12TM] EXPLORE PANTS CAB (Azul Marino, M);EXPLORE PANTS;CAB;M;Azul Marino;1,00;Sambil Valencia;junio-2026
20/06/2026;PANNTCA43TXL;[PANNTCA43TXL] EXPLORE PANTS CAB (Negro, XL);EXPLORE PANTS;CAB;XL;Negro;1,00;Grandplaz ;junio-2026
20/06/2026;PANNTDA12TM;[PANNTDA12TM] EXPLORE PANTS DAMA (Azul Marino, M);EXPLORE PANTS;DAMA;M;Azul Marino;1,00;Sambil Valencia;junio-2026
20/06/2026;PANNTDA31TM;[PANNTDA31TM] EXPLORE PANTS DAMA (Gris Oscuro, M);EXPLORE PANTS;DAMA;M;Gris Oscuro;1,00;Sambil Valencia;junio-2026
20/06/2026;PANNTCA12TL;[PANNTCA12TL] EXPLORE PANTS CAB (Azul Marino, L);EXPLORE PANTS;CAB;L;Azul Marino;1,00;La Grieta;junio-2026
20/06/2026;PANNTCA33TL;[PANNTCA33TL] EXPLORE PANTS CAB (Kaki, L);EXPLORE PANTS;CAB;L;Kaki;1,00;Sambil Valencia;junio-2026
20/06/2026;PANNTDA33TS;[PANNTDA33TS] EXPLORE PANTS DAMA (Kaki, S);EXPLORE PANTS;DAMA;S;Kaki;1,00;La Vela;junio-2026
20/06/2026;PANNTCA12TL;[PANNTCA12TL] EXPLORE PANTS CAB (Azul Marino, L);EXPLORE PANTS;CAB;L;Azul Marino;1,00;Cerro Verde ;junio-2026
20/06/2026;PANNTCA33TM;[PANNTCA33TM] EXPLORE PANTS CAB (Kaki, M);EXPLORE PANTS;CAB;M;Kaki;1,00;La Grieta;junio-2026
20/06/2026;PANNTDA43TS;[PANNTDA43TS] EXPLORE PANTS DAMA (Negro, S);EXPLORE PANTS;DAMA;S;Negro;1,00;Sambil Valencia;junio-2026
20/06/2026;PANNTDA33TL;[PANNTDA33TL] EXPLORE PANTS DAMA (Kaki, L);EXPLORE PANTS;DAMA;L;Kaki;1,00;Tolon;junio-2026
20/06/2026;PANNTCA30TL;[PANNTCA30TL] EXPLORE PANTS CAB (Gris Claro, L);EXPLORE PANTS;CAB;L;Gris Claro;1,00;Sambil Chacao ;junio-2026
20/06/2026;PANNTCA33TM;[PANNTCA33TM] EXPLORE PANTS CAB (Kaki, M);EXPLORE PANTS;CAB;M;Kaki;1,00;Cerro Verde ;junio-2026
20/06/2026;PANNTDA33TM;[PANNTDA33TM] EXPLORE PANTS DAMA (Kaki, M);EXPLORE PANTS;DAMA;M;Kaki;1,00;Cerro Verde ;junio-2026
20/06/2026;PANNTCA31TL;[PANNTCA31TL] EXPLORE PANTS CAB (Gris Oscuro, L);EXPLORE PANTS;CAB;L;Gris Oscuro;1,00;Tolon;junio-2026
20/06/2026;PANNTCA66TM;[PANNTCA66TM] EXPLORE PANTS CAB (Verde Militar, M);EXPLORE PANTS;CAB;M;Verde Militar;1,00;La Grieta;junio-2026
20/06/2026;PANNTCA66TM;[PANNTCA66TM] EXPLORE PANTS CAB (Verde Militar, M);EXPLORE PANTS;CAB;M;Verde Militar;1,00;Sambil Chacao ;junio-2026
20/06/2026;PANNTDA12TS;[PANNTDA12TS] EXPLORE PANTS DAMA (Azul Marino, S);EXPLORE PANTS;DAMA;S;Azul Marino;1,00;Sambil Valencia;junio-2026
21/06/2026;PANNTCA31TM;[PANNTCA31TM] EXPLORE PANTS CAB (Gris Oscuro, M);EXPLORE PANTS;CAB;M;Gris Oscuro;-1,00;Cerro Verde ;junio-2026
21/06/2026;PANNTCA12TL;[PANNTCA12TL] EXPLORE PANTS CAB (Azul Marino, L);EXPLORE PANTS;CAB;L;Azul Marino;1,00;Cerro Verde ;junio-2026
21/06/2026;PANNTCA43TL;[PANNTCA43TL] EXPLORE PANTS CAB (Negro, L);EXPLORE PANTS;CAB;L;Negro;1,00;Sambil Valencia;junio-2026
21/06/2026;PANNTCA66TL;[PANNTCA66TL] EXPLORE PANTS CAB (Verde Militar, L);EXPLORE PANTS;CAB;L;Verde Militar;1,00;Sambil Valencia;junio-2026
21/06/2026;PANNTDA33TL;[PANNTDA33TL] EXPLORE PANTS DAMA (Kaki, L);EXPLORE PANTS;DAMA;L;Kaki;1,00;Grandplaz ;junio-2026
21/06/2026;PANNTCA33TM;[PANNTCA33TM] EXPLORE PANTS CAB (Kaki, M);EXPLORE PANTS;CAB;M;Kaki;1,00;La Grieta;junio-2026
21/06/2026;PANNTCA30TM;[PANNTCA30TM] EXPLORE PANTS CAB (Gris Claro, M);EXPLORE PANTS;CAB;M;Gris Claro;1,00;La Grieta;junio-2026
21/06/2026;PANNTDA33TS;[PANNTDA33TS] EXPLORE PANTS DAMA (Kaki, S);EXPLORE PANTS;DAMA;S;Kaki;1,00;La Grieta;junio-2026
21/06/2026;PANNTDA43TM;[PANNTDA43TM] EXPLORE PANTS DAMA (Negro, M);EXPLORE PANTS;DAMA;M;Negro;1,00;Cerro Verde ;junio-2026
21/06/2026;PANNTDA30TM;[PANNTDA30TM] EXPLORE PANTS DAMA (Gris Claro, M);EXPLORE PANTS;DAMA;M;Gris Claro;2,00;Cerro Verde ;junio-2026
21/06/2026;PANNTDA43TL;[PANNTDA43TL] EXPLORE PANTS DAMA (Negro, L);EXPLORE PANTS;DAMA;L;Negro;1,00;Cerro Verde ;junio-2026
21/06/2026;PANNTDA43TXL;[PANNTDA43TXL] EXPLORE PANTS DAMA (Negro, XL);EXPLORE PANTS;DAMA;XL;Negro;1,00;Cerro Verde ;junio-2026
21/06/2026;PANNTDA43TM;[PANNTDA43TM] EXPLORE PANTS DAMA (Negro, M);EXPLORE PANTS;DAMA;M;Negro;1,00;Cerro Verde ;junio-2026
21/06/2026;PANNTCA43TL;[PANNTCA43TL] EXPLORE PANTS CAB (Negro, L);EXPLORE PANTS;CAB;L;Negro;1,00;Sambil Chacao ;junio-2026
21/06/2026;PANNTCA43TL;[PANNTCA43TL] EXPLORE PANTS CAB (Negro, L);EXPLORE PANTS;CAB;L;Negro;1,00;La Vela;junio-2026
22/06/2026;PANNTCA66TM;[PANNTCA66TM] EXPLORE PANTS CAB (Verde Militar, M);EXPLORE PANTS;CAB;M;Verde Militar;1,00;Pedidos;junio-2026
22/06/2026;PANNTCA12TXL;[PANNTCA12TXL] EXPLORE PANTS CAB (Azul Marino, XL);EXPLORE PANTS;CAB;XL;Azul Marino;1,00;Sambil Chacao ;junio-2026
22/06/2026;PANNTKI66T10;[PANNTKI66T10] EXPLORE PANTS KIDS (Verde Militar, 10);EXPLORE PANTS;KIDS;10;Verde Militar;1,00;Sambil Chacao ;junio-2026
22/06/2026;PANNTDA12TXS;[PANNTDA12TXS] EXPLORE PANTS DAMA (Azul Marino, XS);EXPLORE PANTS;DAMA;XS;Azul Marino;1,00;Sambil Chacao ;junio-2026
22/06/2026;PANNTCA12TM;[PANNTCA12TM] EXPLORE PANTS CAB (Azul Marino, M);EXPLORE PANTS;CAB;M;Azul Marino;1,00;Sambil Chacao ;junio-2026
22/06/2026;PANNTDA66TL;[PANNTDA66TL] EXPLORE PANTS DAMA (Verde Militar, L);EXPLORE PANTS;DAMA;L;Verde Militar;1,00;Sambil Chacao ;junio-2026
22/06/2026;PANNTDA66TM;[PANNTDA66TM] EXPLORE PANTS DAMA (Verde Militar, M);EXPLORE PANTS;DAMA;M;Verde Militar;1,00;Sambil Chacao ;junio-2026
22/06/2026;PANNTCA31TXL;[PANNTCA31TXL] EXPLORE PANTS CAB (Gris Oscuro, XL);EXPLORE PANTS;CAB;XL;Gris Oscuro;1,00;Sambil Chacao ;junio-2026
22/06/2026;PANNTDA12TL;[PANNTDA12TL] EXPLORE PANTS DAMA (Azul Marino, L);EXPLORE PANTS;DAMA;L;Azul Marino;1,00;Sambil Chacao ;junio-2026
22/06/2026;PANNTCA66TM;[PANNTCA66TM] EXPLORE PANTS CAB (Verde Militar, M);EXPLORE PANTS;CAB;M;Verde Militar;1,00;Sambil Chacao ;junio-2026
22/06/2026;PANNTDA66TXS;[PANNTDA66TXS] EXPLORE PANTS DAMA (Verde Militar, XS);EXPLORE PANTS;DAMA;XS;Verde Militar;1,00;Sambil Chacao ;junio-2026
22/06/2026;PANNTKI12T12;[PANNTKI12T12] EXPLORE PANTS KIDS (Azul Marino, 12);EXPLORE PANTS;KIDS;12;Azul Marino;1,00;Sambil Chacao ;junio-2026
22/06/2026;PANNTDA30TS;[PANNTDA30TS] EXPLORE PANTS DAMA (Gris Claro, S);EXPLORE PANTS;DAMA;S;Gris Claro;1,00;Sambil Chacao ;junio-2026
22/06/2026;PANNTDA43TM;[PANNTDA43TM] EXPLORE PANTS DAMA (Negro, M);EXPLORE PANTS;DAMA;M;Negro;1,00;Sambil Chacao ;junio-2026
22/06/2026;PANNTDA43TS;[PANNTDA43TS] EXPLORE PANTS DAMA (Negro, S);EXPLORE PANTS;DAMA;S;Negro;1,00;Sambil Chacao ;junio-2026
22/06/2026;PANNTDA30TM;[PANNTDA30TM] EXPLORE PANTS DAMA (Gris Claro, M);EXPLORE PANTS;DAMA;M;Gris Claro;1,00;Sambil Chacao ;junio-2026
22/06/2026;PANNTCA33TM;[PANNTCA33TM] EXPLORE PANTS CAB (Kaki, M);EXPLORE PANTS;CAB;M;Kaki;1,00;Sambil Chacao ;junio-2026
22/06/2026;PANNTCA66TM;[PANNTCA66TM] EXPLORE PANTS CAB (Verde Militar, M);EXPLORE PANTS;CAB;M;Verde Militar;1,00;Sambil Chacao ;junio-2026
22/06/2026;PANNTDA66TXS;[PANNTDA66TXS] EXPLORE PANTS DAMA (Verde Militar, XS);EXPLORE PANTS;DAMA;XS;Verde Militar;1,00;La Vela;junio-2026
22/06/2026;PANNTDA30TXL;[PANNTDA30TXL] EXPLORE PANTS DAMA (Gris Claro, XL);EXPLORE PANTS;DAMA;XL;Gris Claro;1,00;La Grieta;junio-2026
22/06/2026;PANNTDA43TL;[PANNTDA43TL] EXPLORE PANTS DAMA (Negro, L);EXPLORE PANTS;DAMA;L;Negro;1,00;La Grieta;junio-2026
22/06/2026;PANNTDA33TS;[PANNTDA33TS] EXPLORE PANTS DAMA (Kaki, S);EXPLORE PANTS;DAMA;S;Kaki;1,00;La Vela;junio-2026
22/06/2026;PANNTCA43TM;[PANNTCA43TM] EXPLORE PANTS CAB (Negro, M);EXPLORE PANTS;CAB;M;Negro;1,00;La Vela;junio-2026
22/06/2026;PANNTCA33TM;[PANNTCA33TM] EXPLORE PANTS CAB (Kaki, M);EXPLORE PANTS;CAB;M;Kaki;1,00;La Vela;junio-2026
22/06/2026;PANNTDA33TXL;[PANNTDA33TXL] EXPLORE PANTS DAMA (Kaki, XL);EXPLORE PANTS;DAMA;XL;Kaki;1,00;La Vela;junio-2026
22/06/2026;PANNTCA33TM;[PANNTCA33TM] EXPLORE PANTS CAB (Kaki, M);EXPLORE PANTS;CAB;M;Kaki;-1,00;Tolon;junio-2026
22/06/2026;PANNTCA33TL;[PANNTCA33TL] EXPLORE PANTS CAB (Kaki, L);EXPLORE PANTS;CAB;L;Kaki;1,00;Tolon;junio-2026
22/06/2026;PANNTCA33TL;[PANNTCA33TL] EXPLORE PANTS CAB (Kaki, L);EXPLORE PANTS;CAB;L;Kaki;-1,00;La Grieta;junio-2026
22/06/2026;PANNTCA12TM;[PANNTCA12TM] EXPLORE PANTS CAB (Azul Marino, M);EXPLORE PANTS;CAB;M;Azul Marino;-1,00;Cerro Verde ;junio-2026
22/06/2026;PANNTCA12TL;[PANNTCA12TL] EXPLORE PANTS CAB (Azul Marino, L);EXPLORE PANTS;CAB;L;Azul Marino;1,00;Cerro Verde ;junio-2026
22/06/2026;PANNTDA43TL;[PANNTDA43TL] EXPLORE PANTS DAMA (Negro, L);EXPLORE PANTS;DAMA;L;Negro;1,00;Cerro Verde ;junio-2026
23/06/2026;PANNTCA33TM;[PANNTCA33TM] EXPLORE PANTS CAB (Kaki, M);EXPLORE PANTS;CAB;M;Kaki;1,00;La Grieta;junio-2026
23/06/2026;PANNTCA12TL;[PANNTCA12TL] EXPLORE PANTS CAB (Azul Marino, L);EXPLORE PANTS;CAB;L;Azul Marino;-1,00;Grandplaz ;junio-2026
23/06/2026;PANNTCA12TXL;[PANNTCA12TXL] EXPLORE PANTS CAB (Azul Marino, XL);EXPLORE PANTS;CAB;XL;Azul Marino;1,00;Grandplaz ;junio-2026
23/06/2026;PANNTDA66TM;[PANNTDA66TM] EXPLORE PANTS DAMA (Verde Militar, M);EXPLORE PANTS;DAMA;M;Verde Militar;1,00;Sambil Chacao ;junio-2026
23/06/2026;PANNTDA12TM;[PANNTDA12TM] EXPLORE PANTS DAMA (Azul Marino, M);EXPLORE PANTS;DAMA;M;Azul Marino;1,00;Sambil Chacao ;junio-2026
23/06/2026;PANNTDA66TXS;[PANNTDA66TXS] EXPLORE PANTS DAMA (Verde Militar, XS);EXPLORE PANTS;DAMA;XS;Verde Militar;-1,00;La Vela;junio-2026
23/06/2026;PANNTDA66TS;[PANNTDA66TS] EXPLORE PANTS DAMA (Verde Militar, S);EXPLORE PANTS;DAMA;S;Verde Militar;1,00;La Vela;junio-2026
23/06/2026;PANNTCA33TXL;[PANNTCA33TXL] EXPLORE PANTS CAB (Kaki, XL);EXPLORE PANTS;CAB;XL;Kaki;1,00;La Vela;junio-2026
23/06/2026;PANNTCA30TM;[PANNTCA30TM] EXPLORE PANTS CAB (Gris Claro, M);EXPLORE PANTS;CAB;M;Gris Claro;1,00;Cerro Verde ;junio-2026
24/06/2026;PANNTCA66TM;[PANNTCA66TM] EXPLORE PANTS CAB (Verde Militar, M);EXPLORE PANTS;CAB;M;Verde Militar;-1,00;Grandplaz ;junio-2026
24/06/2026;PANNTCA33TL;[PANNTCA33TL] EXPLORE PANTS CAB (Kaki, L);EXPLORE PANTS;CAB;L;Kaki;1,00;Grandplaz ;junio-2026
24/06/2026;PANNTDA33TXL;[PANNTDA33TXL] EXPLORE PANTS DAMA (Kaki, XL);EXPLORE PANTS;DAMA;XL;Kaki;1,00;La Grieta;junio-2026
24/06/2026;PANNTCA43TL;[PANNTCA43TL] EXPLORE PANTS CAB (Negro, L);EXPLORE PANTS;CAB;L;Negro;1,00;La Vela;junio-2026
25/06/2026;PANNTKI31T4;[PANNTKI31T4] EXPLORE PANTS KIDS (Gris Oscuro, 4);EXPLORE PANTS;KIDS;4;Gris Oscuro;1,00;La Grieta;junio-2026
25/06/2026;PANNTKI33T4;[PANNTKI33T4] EXPLORE PANTS KIDS (Kaki, 4);EXPLORE PANTS;KIDS;4;Kaki;1,00;La Grieta;junio-2026
25/06/2026;PANNTCA43TM;[PANNTCA43TM] EXPLORE PANTS CAB (Negro, M);EXPLORE PANTS;CAB;M;Negro;1,00;La Grieta;junio-2026
25/06/2026;PANNTDA12TL;[PANNTDA12TL] EXPLORE PANTS DAMA (Azul Marino, L);EXPLORE PANTS;DAMA;L;Azul Marino;1,00;La Vela;junio-2026
25/06/2026;PANNTCA33TM;[PANNTCA33TM] EXPLORE PANTS CAB (Kaki, M);EXPLORE PANTS;CAB;M;Kaki;1,00;La Vela;junio-2026
26/06/2026;PANNTDA43TXS;[PANNTDA43TXS] EXPLORE PANTS DAMA (Negro, XS);EXPLORE PANTS;DAMA;XS;Negro;1,00;WEB;junio-2026
26/06/2026;PANNTCA31TM;[PANNTCA31TM] EXPLORE PANTS CAB (Gris Oscuro, M);EXPLORE PANTS;CAB;M;Gris Oscuro;1,00;La Grieta;junio-2026
27/06/2026;PANNTKI43T12;[PANNTKI43T12] EXPLORE PANTS KIDS (Negro, 12);EXPLORE PANTS;KIDS;12;Negro;1,00;La Vela;junio-2026
27/06/2026;PANNTKI12T12;[PANNTKI12T12] EXPLORE PANTS KIDS (Azul Marino, 12);EXPLORE PANTS;KIDS;12;Azul Marino;1,00;La Vela;junio-2026
27/06/2026;PANNTKI33T4;[PANNTKI33T4] EXPLORE PANTS KIDS (Kaki, 4);EXPLORE PANTS;KIDS;4;Kaki;1,00;La Vela;junio-2026
27/06/2026;PANNTKI12T8;[PANNTKI12T8] EXPLORE PANTS KIDS (Azul Marino, 8);EXPLORE PANTS;KIDS;8;Azul Marino;1,00;La Vela;junio-2026
27/06/2026;PANNTDA43TXL;[PANNTDA43TXL] EXPLORE PANTS DAMA (Negro, XL);EXPLORE PANTS;DAMA;XL;Negro;1,00;La Vela;junio-2026
27/06/2026;PANNTDA33TXL;[PANNTDA33TXL] EXPLORE PANTS DAMA (Kaki, XL);EXPLORE PANTS;DAMA;XL;Kaki;1,00;La Vela;junio-2026
27/06/2026;PANNTCA43TL;[PANNTCA43TL] EXPLORE PANTS CAB (Negro, L);EXPLORE PANTS;CAB;L;Negro;1,00;La Vela;junio-2026
28/06/2026;PANNTCA66TL;[PANNTCA66TL] EXPLORE PANTS CAB (Verde Militar, L);EXPLORE PANTS;CAB;L;Verde Militar;1,00;Sambil Valencia;junio-2026
29/06/2026;PANNTDA66TL;[PANNTDA66TL] EXPLORE PANTS DAMA (Verde Militar, L);EXPLORE PANTS;DAMA;L;Verde Militar;1,00;La Vela;junio-2026
29/06/2026;PANNTCA12TM;[PANNTCA12TM] EXPLORE PANTS CAB (Azul Marino, M);EXPLORE PANTS;CAB;M;Azul Marino;1,00;La Grieta;junio-2026
29/06/2026;PANNTCA31TM;[PANNTCA31TM] EXPLORE PANTS CAB (Gris Oscuro, M);EXPLORE PANTS;CAB;M;Gris Oscuro;1,00;La Grieta;junio-2026
29/06/2026;PANNTCA66TL;[PANNTCA66TL] EXPLORE PANTS CAB (Verde Militar, L);EXPLORE PANTS;CAB;L;Verde Militar;1,00;Sambil Valencia;junio-2026
29/06/2026;PANNTCA12TM;[PANNTCA12TM] EXPLORE PANTS CAB (Azul Marino, M);EXPLORE PANTS;CAB;M;Azul Marino;1,00;La Grieta;junio-2026
29/06/2026;PANNTCA31TM;[PANNTCA31TM] EXPLORE PANTS CAB (Gris Oscuro, M);EXPLORE PANTS;CAB;M;Gris Oscuro;1,00;La Grieta;junio-2026
29/06/2026;PANNTCA12TL;[PANNTCA12TL] EXPLORE PANTS CAB (Azul Marino, L);EXPLORE PANTS;CAB;L;Azul Marino;1,00;Sambil Valencia;junio-2026
29/06/2026;PANNTKI66T12;[PANNTKI66T12] EXPLORE PANTS KIDS (Verde Militar, 12);EXPLORE PANTS;KIDS;12;Verde Militar;1,00;La Grieta;junio-2026
30/06/2026;PANNTCA31TM;[PANNTCA31TM] EXPLORE PANTS CAB (Gris Oscuro, M);EXPLORE PANTS;CAB;M;Gris Oscuro;1,00;La Grieta;junio-2026
30/06/2026;PANNTCA31TM;[PANNTCA31TM] EXPLORE PANTS CAB (Gris Oscuro, M);EXPLORE PANTS;CAB;M;Gris Oscuro;-1,00;La Grieta;junio-2026
30/06/2026;PANNTDA43TXL;[PANNTDA43TXL] EXPLORE PANTS DAMA (Negro, XL);EXPLORE PANTS;DAMA;XL;Negro;1,00;La Grieta;junio-2026
30/06/2026;PANNTDA12TS;[PANNTDA12TS] EXPLORE PANTS DAMA (Azul Marino, S);EXPLORE PANTS;DAMA;S;Azul Marino;1,00;Sambil Valencia;junio-2026
30/06/2026;PANNTCA33TL;[PANNTCA33TL] EXPLORE PANTS CAB (Kaki, L);EXPLORE PANTS;CAB;L;Kaki;1,00;Sambil Valencia;junio-2026
16/08/2026 19:21:22;PANNTCA66TM;[PANNTCA66TM] EXPLORE PANTS CAB (Verde Militar, M);EXPLORE PANTS;CAB;M;Verde Militar;1;Sambil Chacao ;agosto-2026
16/08/2026 19:21:22;PANNTCA43TM;[PANNTCA43TM] EXPLORE PANTS CAB (Negro, M);EXPLORE PANTS;CAB;M;Negro;1;Sambil Chacao ;agosto-2026
16/08/2026 19:15:51;PANNTKI12T8;[PANNTKI12T8] EXPLORE PANTS KIDS (Azul Marino, 8);EXPLORE PANTS;KIDS;8;Azul Marino;1;Cerro Verde ;agosto-2026
16/08/2026 19:15:51;PANNTKI33T6;[PANNTKI33T6] EXPLORE PANTS KIDS (Kaki, 6);EXPLORE PANTS;KIDS;6;Kaki;1;Cerro Verde ;agosto-2026
16/08/2026 19:03:54;PANNTCA43TL;[PANNTCA43TL] EXPLORE PANTS CAB (Negro, L);EXPLORE PANTS;CAB;L;Negro;1;Sambil Chacao ;agosto-2026
16/08/2026 19:03:54;PANNTCA66TL;[PANNTCA66TL] EXPLORE PANTS CAB (Verde Militar, L);EXPLORE PANTS;CAB;L;Verde Militar;1;Sambil Chacao ;agosto-2026
16/08/2026 19:01:13;PANNTKI66T12;[PANNTKI66T12] EXPLORE PANTS KIDS (Verde Militar, 12);EXPLORE PANTS;KIDS;12;Verde Militar;1;La Vela;agosto-2026
16/08/2026 18:16:29;PANNTCA43TXL;[PANNTCA43TXL] EXPLORE PANTS CAB (Negro, XL);EXPLORE PANTS;CAB;XL;Negro;1;Cerro Verde ;agosto-2026
16/08/2026 17:09:49;PANNTDA33TM;[PANNTDA33TM] EXPLORE PANTS DAMA (Kaki, M);EXPLORE PANTS;DAMA;M;Kaki;1;Sambil Valencia;agosto-2026
16/08/2026 17:07:00;PANNTKI43T8;[PANNTKI43T8] EXPLORE PANTS KIDS (Negro, 8);EXPLORE PANTS;KIDS;8;Negro;1;Cerro Verde ;agosto-2026
16/08/2026 15:22:13;PANNTDA43TM;[PANNTDA43TM] EXPLORE PANTS DAMA (Negro, M);EXPLORE PANTS;DAMA;M;Negro;1;Sambil Valencia;agosto-2026
16/08/2026 15:10:08;PANNTCA33TS;[PANNTCA33TS] EXPLORE PANTS CAB (Kaki, S);EXPLORE PANTS;CAB;S;Kaki;1;La Vela;agosto-2026
16/08/2026 13:31:47;PANNTCA66TM;[PANNTCA66TM] EXPLORE PANTS CAB (Verde Militar, M);EXPLORE PANTS;CAB;M;Verde Militar;1;Cerro Verde ;agosto-2026
16/08/2026 12:50:59;PANNTCA12TL;[PANNTCA12TL] EXPLORE PANTS CAB (Azul Marino, L);EXPLORE PANTS;CAB;L;Azul Marino;1;Sambil Chacao ;agosto-2026
16/08/2026 12:26:51;PANNTCA43TM;[PANNTCA43TM] EXPLORE PANTS CAB (Negro, M);EXPLORE PANTS;CAB;M;Negro;1;Sambil Chacao ;agosto-2026
16/08/2026 11:23:50;PANNTCA43TL;[PANNTCA43TL] EXPLORE PANTS CAB (Negro, L);EXPLORE PANTS;CAB;L;Negro;1;Tolon;agosto-2026
16/08/2026 11:23:24;PANNTCA43TM;[PANNTCA43TM] EXPLORE PANTS CAB (Negro, M);EXPLORE PANTS;CAB;M;Negro;-1;Tolon;agosto-2026
15/08/2026 20:57:59;PANNTCA43TS;[PANNTCA43TS] EXPLORE PANTS CAB (Negro, S);EXPLORE PANTS;CAB;S;Negro;1;Sambil Chacao ;agosto-2026
15/08/2026 19:46:32;PANNTKI33T2;[PANNTKI33T2] EXPLORE PANTS KIDS (Kaki, 2);EXPLORE PANTS;KIDS;2;Kaki;1;Sambil Valencia;agosto-2026
15/08/2026 19:38:16;PANNTDA12TXS;[PANNTDA12TXS] EXPLORE PANTS DAMA (Azul Marino, XS);EXPLORE PANTS;DAMA;XS;Azul Marino;1;Sambil Valencia;agosto-2026
15/08/2026 19:38:16;PANNTDA12TS;[PANNTDA12TS] EXPLORE PANTS DAMA (Azul Marino, S);EXPLORE PANTS;DAMA;S;Azul Marino;1;Sambil Valencia;agosto-2026
15/08/2026 19:38:16;PANNTKI12T10;[PANNTKI12T10] EXPLORE PANTS KIDS (Azul Marino, 10);EXPLORE PANTS;KIDS;10;Azul Marino;1;Sambil Valencia;agosto-2026
15/08/2026 19:17:29;PANNTCA33TL;[PANNTCA33TL] EXPLORE PANTS CAB (Kaki, L);EXPLORE PANTS;CAB;L;Kaki;1;Sambil Valencia;agosto-2026
15/08/2026 19:03:04;PANNTDA43TM;[PANNTDA43TM] EXPLORE PANTS DAMA (Negro, M);EXPLORE PANTS;DAMA;M;Negro;1;Sambil Valencia;agosto-2026
15/08/2026 17:40:29;PANNTCA66TL;[PANNTCA66TL] EXPLORE PANTS CAB (Verde Militar, L);EXPLORE PANTS;CAB;L;Verde Militar;1;La Vela;agosto-2026
15/08/2026 16:58:57;PANNTKI66T8;[PANNTKI66T8] EXPLORE PANTS KIDS (Verde Militar, 8);EXPLORE PANTS;KIDS;8;Verde Militar;1;Sambil Chacao ;agosto-2026
15/08/2026 16:58:57;PANNTCA43TM;[PANNTCA43TM] EXPLORE PANTS CAB (Negro, M);EXPLORE PANTS;CAB;M;Negro;1;Sambil Chacao ;agosto-2026
15/08/2026 16:58:57;PANNTKI30T8;[PANNTKI30T8] EXPLORE PANTS KIDS (Gris Claro, 8);EXPLORE PANTS;KIDS;8;Gris Claro;1;Sambil Chacao ;agosto-2026
15/08/2026 16:13:22;PANNTCA33TXL;[PANNTCA33TXL] EXPLORE PANTS CAB (Kaki, XL);EXPLORE PANTS;CAB;XL;Kaki;1;Cerro Verde ;agosto-2026
15/08/2026 16:13:12;PANNTCA66TM;[PANNTCA66TM] EXPLORE PANTS CAB (Verde Militar, M);EXPLORE PANTS;CAB;M;Verde Militar;1;Tolon;agosto-2026
15/08/2026 16:13:12;PANNTCA33TM;[PANNTCA33TM] EXPLORE PANTS CAB (Kaki, M);EXPLORE PANTS;CAB;M;Kaki;1;Tolon;agosto-2026
15/08/2026 15:16:28;PANNTDA33TL;[PANNTDA33TL] EXPLORE PANTS DAMA (Kaki, L);EXPLORE PANTS;DAMA;L;Kaki;1;Cerro Verde ;agosto-2026
15/08/2026 14:40:18;PANNTCA31TM;[PANNTCA31TM] EXPLORE PANTS CAB (Gris Oscuro, M);EXPLORE PANTS;CAB;M;Gris Oscuro;1;Sambil Chacao ;agosto-2026
15/08/2026 14:40:18;PANNTCA12TM;[PANNTCA12TM] EXPLORE PANTS CAB (Azul Marino, M);EXPLORE PANTS;CAB;M;Azul Marino;1;Sambil Chacao ;agosto-2026
15/08/2026 14:40:18;PANNTCA66TM;[PANNTCA66TM] EXPLORE PANTS CAB (Verde Militar, M);EXPLORE PANTS;CAB;M;Verde Militar;1;Sambil Chacao ;agosto-2026
15/08/2026 14:06:16;PANNTDA43TM;[PANNTDA43TM] EXPLORE PANTS DAMA (Negro, M);EXPLORE PANTS;DAMA;M;Negro;1;Sambil Chacao ;agosto-2026
15/08/2026 13:21:23;PANNTDA66TXS;[PANNTDA66TXS] EXPLORE PANTS DAMA (Verde Militar, XS);EXPLORE PANTS;DAMA;XS;Verde Militar;1;Sambil Valencia;agosto-2026
15/08/2026 11:52:29;PANNTCA66TXL;[PANNTCA66TXL] EXPLORE PANTS CAB (Verde Militar, XL);EXPLORE PANTS;CAB;XL;Verde Militar;1;La Grieta;agosto-2026
14/08/2026 20:50:16;PANNTDA12TXL;[PANNTDA12TXL] EXPLORE PANTS DAMA (Azul Marino, XL);EXPLORE PANTS;DAMA;XL;Azul Marino;1;Sambil Valencia;agosto-2026
14/08/2026 19:51:30;PANNTDA43TL;[PANNTDA43TL] EXPLORE PANTS DAMA (Negro, L);EXPLORE PANTS;DAMA;L;Negro;1;Sambil Chacao ;agosto-2026
14/08/2026 19:44:14;PANNTCA33TM;[PANNTCA33TM] EXPLORE PANTS CAB (Kaki, M);EXPLORE PANTS;CAB;M;Kaki;1;Cerro Verde ;agosto-2026
14/08/2026 19:30:13;PANNTCA12TM;[PANNTCA12TM] EXPLORE PANTS CAB (Azul Marino, M);EXPLORE PANTS;CAB;M;Azul Marino;1;Sambil Chacao ;agosto-2026
14/08/2026 18:59:05;PANNTCA33TXL;[PANNTCA33TXL] EXPLORE PANTS CAB (Kaki, XL);EXPLORE PANTS;CAB;XL;Kaki;1;Tolon;agosto-2026
14/08/2026 18:44:34;PANNTCA43TM;[PANNTCA43TM] EXPLORE PANTS CAB (Negro, M);EXPLORE PANTS;CAB;M;Negro;1;Sambil Chacao ;agosto-2026
14/08/2026 16:16:57;PANNTDA43TXL;[PANNTDA43TXL] EXPLORE PANTS DAMA (Negro, XL);EXPLORE PANTS;DAMA;XL;Negro;1;Sambil Valencia;agosto-2026
14/08/2026 16:09:28;PANNTDA12TXL;[PANNTDA12TXL] EXPLORE PANTS DAMA (Azul Marino, XL);EXPLORE PANTS;DAMA;XL;Azul Marino;1;Pedidos;agosto-2026
14/08/2026 14:57:25;PANNTCA43TL;[PANNTCA43TL] EXPLORE PANTS CAB (Negro, L);EXPLORE PANTS;CAB;L;Negro;1;Sambil Chacao ;agosto-2026
14/08/2026 14:57:25;PANNTCA33TL;[PANNTCA33TL] EXPLORE PANTS CAB (Kaki, L);EXPLORE PANTS;CAB;L;Kaki;1;Sambil Chacao ;agosto-2026
14/08/2026 14:56:36;PANNTDA66TXL;[PANNTDA66TXL] EXPLORE PANTS DAMA (Verde Militar, XL);EXPLORE PANTS;DAMA;XL;Verde Militar;1;La Grieta;agosto-2026
14/08/2026 12:39:08;PANNTCA43TM;[PANNTCA43TM] EXPLORE PANTS CAB (Negro, M);EXPLORE PANTS;CAB;M;Negro;1;Sambil Valencia;agosto-2026
13/08/2026 20:21:23;PANNTCA66T3XL;[PANNTCA66T3XL] EXPLORE PANTS CAB (Verde Militar, 3XL);EXPLORE PANTS;CAB;3XL;Verde Militar;1;Sambil Valencia;agosto-2026
13/08/2026 19:52:13;PANNTCA43T3XL;[PANNTCA43T3XL] EXPLORE PANTS CAB (Negro, 3XL);EXPLORE PANTS;CAB;3XL;Negro;1;Sambil Valencia;agosto-2026
13/08/2026 19:52:13;PANNTCA66T3XL;[PANNTCA66T3XL] EXPLORE PANTS CAB (Verde Militar, 3XL);EXPLORE PANTS;CAB;3XL;Verde Militar;0;Sambil Valencia;agosto-2026
13/08/2026 18:06:11;PANNTCA43T2XL;[PANNTCA43T2XL] EXPLORE PANTS CAB (Negro, 2XL);EXPLORE PANTS;CAB;2XL;Negro;1;Cerro Verde ;agosto-2026
13/08/2026 14:01:04;PANNTKI66T4;[PANNTKI66T4] EXPLORE PANTS KIDS (Verde Militar, 4);EXPLORE PANTS;KIDS;4;Verde Militar;1;La Vela;agosto-2026
13/08/2026 13:59:09;PANNTDA33TL;[PANNTDA33TL] EXPLORE PANTS DAMA (Kaki, L);EXPLORE PANTS;DAMA;L;Kaki;1;Sambil Chacao ;agosto-2026
13/08/2026 13:47:55;PANNTKI33T8;[PANNTKI33T8] EXPLORE PANTS KIDS (Kaki, 8);EXPLORE PANTS;KIDS;8;Kaki;1;Sambil Chacao ;agosto-2026
13/08/2026 13:47:55;PANNTKI33T10;[PANNTKI33T10] EXPLORE PANTS KIDS (Kaki, 10);EXPLORE PANTS;KIDS;10;Kaki;1;Sambil Chacao ;agosto-2026
13/08/2026 13:47:55;PANNTCA33TS;[PANNTCA33TS] EXPLORE PANTS CAB (Kaki, S);EXPLORE PANTS;CAB;S;Kaki;1;Sambil Chacao ;agosto-2026
13/08/2026 11:51:47;PANNTCA43T2XL;[PANNTCA43T2XL] EXPLORE PANTS CAB (Negro, 2XL);EXPLORE PANTS;CAB;2XL;Negro;1;Cerro Verde ;agosto-2026
13/08/2026 11:43:18;PANNTDA12TS;[PANNTDA12TS] EXPLORE PANTS DAMA (Azul Marino, S);EXPLORE PANTS;DAMA;S;Azul Marino;1;La Grieta;agosto-2026
13/08/2026 11:43:18;PANNTDA43TS;[PANNTDA43TS] EXPLORE PANTS DAMA (Negro, S);EXPLORE PANTS;DAMA;S;Negro;1;La Grieta;agosto-2026
13/08/2026 11:17:11;PANNTDA43TM;[PANNTDA43TM] EXPLORE PANTS DAMA (Negro, M);EXPLORE PANTS;DAMA;M;Negro;1;Pedidos;agosto-2026
12/08/2026 19:42:04;PANNTDA43TM;[PANNTDA43TM] EXPLORE PANTS DAMA (Negro, M);EXPLORE PANTS;DAMA;M;Negro;1;Sambil Chacao ;agosto-2026
12/08/2026 19:42:04;PANNTDA66TM;[PANNTDA66TM] EXPLORE PANTS DAMA (Verde Militar, M);EXPLORE PANTS;DAMA;M;Verde Militar;1;Sambil Chacao ;agosto-2026
12/08/2026 19:38:57;PANNTDA33TL;[PANNTDA33TL] EXPLORE PANTS DAMA (Kaki, L);EXPLORE PANTS;DAMA;L;Kaki;1;Sambil Chacao ;agosto-2026
12/08/2026 19:38:57;PANNTDA66TL;[PANNTDA66TL] EXPLORE PANTS DAMA (Verde Militar, L);EXPLORE PANTS;DAMA;L;Verde Militar;1;Sambil Chacao ;agosto-2026
12/08/2026 19:38:57;PANNTDA31TM;[PANNTDA31TM] EXPLORE PANTS DAMA (Gris Oscuro, M);EXPLORE PANTS;DAMA;M;Gris Oscuro;1;Sambil Chacao ;agosto-2026
12/08/2026 18:44:02;PANNTCA43TM;[PANNTCA43TM] EXPLORE PANTS CAB (Negro, M);EXPLORE PANTS;CAB;M;Negro;1;Tolon;agosto-2026
12/08/2026 18:10:01;PANNTDA33TXL;[PANNTDA33TXL] EXPLORE PANTS DAMA (Kaki, XL);EXPLORE PANTS;DAMA;XL;Kaki;1;La Grieta;agosto-2026
12/08/2026 18:06:39;PANNTCA31TS;[PANNTCA31TS] EXPLORE PANTS CAB (Gris Oscuro, S);EXPLORE PANTS;CAB;S;Gris Oscuro;1;La Grieta;agosto-2026
12/08/2026 18:06:39;PANNTCA43TS;[PANNTCA43TS] EXPLORE PANTS CAB (Negro, S);EXPLORE PANTS;CAB;S;Negro;1;La Grieta;agosto-2026
12/08/2026 18:05:28;PANNTKI43T8;[PANNTKI43T8] EXPLORE PANTS KIDS (Negro, 8);EXPLORE PANTS;KIDS;8;Negro;1;Cerro Verde ;agosto-2026
12/08/2026 18:02:12;PANNTDA33TXS;[PANNTDA33TXS] EXPLORE PANTS DAMA (Kaki, XS);EXPLORE PANTS;DAMA;XS;Kaki;1;Sambil Chacao ;agosto-2026
12/08/2026 18:02:12;PANNTDA33TL;[PANNTDA33TL] EXPLORE PANTS DAMA (Kaki, L);EXPLORE PANTS;DAMA;L;Kaki;1;Sambil Chacao ;agosto-2026
12/08/2026 16:38:40;PANNTCA43TXL;[PANNTCA43TXL] EXPLORE PANTS CAB (Negro, XL);EXPLORE PANTS;CAB;XL;Negro;1;La Grieta;agosto-2026
12/08/2026 16:30:41;PANNTCA43TXL;[PANNTCA43TXL] EXPLORE PANTS CAB (Negro, XL);EXPLORE PANTS;CAB;XL;Negro;1;Cerro Verde ;agosto-2026
12/08/2026 16:29:48;PANNTCA43TL;[PANNTCA43TL] EXPLORE PANTS CAB (Negro, L);EXPLORE PANTS;CAB;L;Negro;-1;Sambil Chacao ;agosto-2026
12/08/2026 13:33:03;PANNTCA43T2XL;[PANNTCA43T2XL] EXPLORE PANTS CAB (Negro, 2XL);EXPLORE PANTS;CAB;2XL;Negro;3;Sambil Chacao ;agosto-2026
12/08/2026 13:28:17;PANNTDA33TM;[PANNTDA33TM] EXPLORE PANTS DAMA (Kaki, M);EXPLORE PANTS;DAMA;M;Kaki;1;Cerro Verde ;agosto-2026
12/08/2026 12:34:49;PANNTCA33TS;[PANNTCA33TS] EXPLORE PANTS CAB (Kaki, S);EXPLORE PANTS;CAB;S;Kaki;1;La Grieta;agosto-2026
12/08/2026 11:32:13;PANNTCA66TL;[PANNTCA66TL] EXPLORE PANTS CAB (Verde Militar, L);EXPLORE PANTS;CAB;L;Verde Militar;1;Sambil Valencia;agosto-2026
12/08/2026 10:37:13;PANNTKI43T10;[PANNTKI43T10] EXPLORE PANTS KIDS (Negro, 10);EXPLORE PANTS;KIDS;10;Negro;1;La Vela;agosto-2026
12/08/2026 10:06:32;PANNTKI33T8;[PANNTKI33T8] EXPLORE PANTS KIDS (Kaki, 8);EXPLORE PANTS;KIDS;8;Kaki;1;Cerro Verde ;agosto-2026
12/08/2026 10:06:32;PANNTDA33TM;[PANNTDA33TM] EXPLORE PANTS DAMA (Kaki, M);EXPLORE PANTS;DAMA;M;Kaki;1;Cerro Verde ;agosto-2026
12/08/2026 10:06:32;PANNTDA33TXS;[PANNTDA33TXS] EXPLORE PANTS DAMA (Kaki, XS);EXPLORE PANTS;DAMA;XS;Kaki;1;Cerro Verde ;agosto-2026
11/08/2026 19:37:04;PANNTCA33TL;[PANNTCA33TL] EXPLORE PANTS CAB (Kaki, L);EXPLORE PANTS;CAB;L;Kaki;1;Tolon;agosto-2026
11/08/2026 18:44:09;PANNTCA43TXL;[PANNTCA43TXL] EXPLORE PANTS CAB (Negro, XL);EXPLORE PANTS;CAB;XL;Negro;1;Cerro Verde ;agosto-2026
11/08/2026 18:44:09;PANNTCA33T2XL;[PANNTCA33T2XL] EXPLORE PANTS CAB (Kaki, 2XL);EXPLORE PANTS;CAB;2XL;Kaki;1;Cerro Verde ;agosto-2026
11/08/2026 18:23:22;PANNTCA43TL;[PANNTCA43TL] EXPLORE PANTS CAB (Negro, L);EXPLORE PANTS;CAB;L;Negro;1;Sambil Chacao ;agosto-2026
11/08/2026 16:51:01;PANNTDA33TM;[PANNTDA33TM] EXPLORE PANTS DAMA (Kaki, M);EXPLORE PANTS;DAMA;M;Kaki;1;La Vela;agosto-2026
11/08/2026 16:05:27;PANNTDA43TS;[PANNTDA43TS] EXPLORE PANTS DAMA (Negro, S);EXPLORE PANTS;DAMA;S;Negro;1;Sambil Valencia;agosto-2026
11/08/2026 16:01:46;PANNTCA33TL;[PANNTCA33TL] EXPLORE PANTS CAB (Kaki, L);EXPLORE PANTS;CAB;L;Kaki;1;La Vela;agosto-2026
11/08/2026 14:55:30;PANNTCA33T2XL;[PANNTCA33T2XL] EXPLORE PANTS CAB (Kaki, 2XL);EXPLORE PANTS;CAB;2XL;Kaki;1;Cerro Verde ;agosto-2026
11/08/2026 14:54:04;PANNTCA43T2XL;[PANNTCA43T2XL] EXPLORE PANTS CAB (Negro, 2XL);EXPLORE PANTS;CAB;2XL;Negro;-1;Cerro Verde ;agosto-2026
11/08/2026 12:52:02;PANNTDA33TXS;[PANNTDA33TXS] EXPLORE PANTS DAMA (Kaki, XS);EXPLORE PANTS;DAMA;XS;Kaki;1;Pedidos;agosto-2026
11/08/2026 12:15:11;PANNTDA66TM;[PANNTDA66TM] EXPLORE PANTS DAMA (Verde Militar, M);EXPLORE PANTS;DAMA;M;Verde Militar;1;Sambil Chacao ;agosto-2026
11/08/2026 12:13:49;PANNTCA43TXL;[PANNTCA43TXL] EXPLORE PANTS CAB (Negro, XL);EXPLORE PANTS;CAB;XL;Negro;1;Sambil Chacao ;agosto-2026
11/08/2026 10:47:47;PANNTDA31TXS;[PANNTDA31TXS] EXPLORE PANTS DAMA (Gris Oscuro, XS);EXPLORE PANTS;DAMA;XS;Gris Oscuro;1;La Grieta;agosto-2026
10/08/2026 20:05:45;PANNTDA12TXS;[PANNTDA12TXS] EXPLORE PANTS DAMA (Azul Marino, XS);EXPLORE PANTS;DAMA;XS;Azul Marino;1;Cerro Verde ;agosto-2026
10/08/2026 19:11:55;PANNTCA43TL;[PANNTCA43TL] EXPLORE PANTS CAB (Negro, L);EXPLORE PANTS;CAB;L;Negro;1;Sambil Chacao ;agosto-2026
10/08/2026 18:39:42;PANNTCA43TM;[PANNTCA43TM] EXPLORE PANTS CAB (Negro, M);EXPLORE PANTS;CAB;M;Negro;1;Tolon;agosto-2026
10/08/2026 16:25:42;PANNTCA66TM;[PANNTCA66TM] EXPLORE PANTS CAB (Verde Militar, M);EXPLORE PANTS;CAB;M;Verde Militar;1;Sambil Chacao ;agosto-2026
10/08/2026 15:30:34;PANNTCA33TM;[PANNTCA33TM] EXPLORE PANTS CAB (Kaki, M);EXPLORE PANTS;CAB;M;Kaki;1;La Vela;agosto-2026
10/08/2026 14:57:40;PANNTCA33TL;[PANNTCA33TL] EXPLORE PANTS CAB (Kaki, L);EXPLORE PANTS;CAB;L;Kaki;1;La Grieta;agosto-2026
10/08/2026 14:20:35;PANNTDA33TXS;[PANNTDA33TXS] EXPLORE PANTS DAMA (Kaki, XS);EXPLORE PANTS;DAMA;XS;Kaki;1;Sambil Chacao ;agosto-2026
10/08/2026 13:26:20;PANNTCA43TS;[PANNTCA43TS] EXPLORE PANTS CAB (Negro, S);EXPLORE PANTS;CAB;S;Negro;1;Cerro Verde ;agosto-2026
09/08/2026 19:16:09;PANNTCA43TS;[PANNTCA43TS] EXPLORE PANTS CAB (Negro, S);EXPLORE PANTS;CAB;S;Negro;1;Sambil Chacao ;agosto-2026
09/08/2026 19:05:29;PANNTCA43T2XL;[PANNTCA43T2XL] EXPLORE PANTS CAB (Negro, 2XL);EXPLORE PANTS;CAB;2XL;Negro;1;Sambil Chacao ;agosto-2026
09/08/2026 18:43:41;PANNTDA43TS;[PANNTDA43TS] EXPLORE PANTS DAMA (Negro, S);EXPLORE PANTS;DAMA;S;Negro;1;Sambil Chacao ;agosto-2026
09/08/2026 17:47:09;PANNTDA43TXS;[PANNTDA43TXS] EXPLORE PANTS DAMA (Negro, XS);EXPLORE PANTS;DAMA;XS;Negro;1;Tolon;agosto-2026
09/08/2026 17:06:25;PANNTKI12T12;[PANNTKI12T12] EXPLORE PANTS KIDS (Azul Marino, 12);EXPLORE PANTS;KIDS;12;Azul Marino;1;Cerro Verde ;agosto-2026
09/08/2026 17:06:25;EPNTKI33T12;[EPNTKI33T12] EXPLORE PANTS KIDS (Kaki, 12);EXPLORE PANTS;KIDS;12;Kaki;1;Cerro Verde ;agosto-2026
09/08/2026 16:34:06;PANNTCA12TM;[PANNTCA12TM] EXPLORE PANTS CAB (Azul Marino, M);EXPLORE PANTS;CAB;M;Azul Marino;2;Cerro Verde ;agosto-2026
09/08/2026 16:34:06;PANNTCA12TS;[PANNTCA12TS] EXPLORE PANTS CAB (Azul Marino, S);EXPLORE PANTS;CAB;S;Azul Marino;1;Cerro Verde ;agosto-2026
09/08/2026 16:25:59;EPNTKI33T12;[EPNTKI33T12] EXPLORE PANTS KIDS (Kaki, 12);EXPLORE PANTS;KIDS;12;Kaki;1;Tolon;agosto-2026
09/08/2026 16:25:59;PANNTKI33T8;[PANNTKI33T8] EXPLORE PANTS KIDS (Kaki, 8);EXPLORE PANTS;KIDS;8;Kaki;1;Tolon;agosto-2026
09/08/2026 16:19:49;PANNTCA33TS;[PANNTCA33TS] EXPLORE PANTS CAB (Kaki, S);EXPLORE PANTS;CAB;S;Kaki;1;Cerro Verde ;agosto-2026
09/08/2026 15:42:14;PANNTCA43TXL;[PANNTCA43TXL] EXPLORE PANTS CAB (Negro, XL);EXPLORE PANTS;CAB;XL;Negro;1;La Grieta;agosto-2026
09/08/2026 14:48:43;PANNTCA33TL;[PANNTCA33TL] EXPLORE PANTS CAB (Kaki, L);EXPLORE PANTS;CAB;L;Kaki;1;Cerro Verde ;agosto-2026
09/08/2026 14:48:43;PANNTDA33TS;[PANNTDA33TS] EXPLORE PANTS DAMA (Kaki, S);EXPLORE PANTS;DAMA;S;Kaki;1;Cerro Verde ;agosto-2026
09/08/2026 14:44:51;PANNTCA43TM;[PANNTCA43TM] EXPLORE PANTS CAB (Negro, M);EXPLORE PANTS;CAB;M;Negro;1;Sambil Chacao ;agosto-2026
09/08/2026 14:44:51;PANNTCA66TM;[PANNTCA66TM] EXPLORE PANTS CAB (Verde Militar, M);EXPLORE PANTS;CAB;M;Verde Militar;1;Sambil Chacao ;agosto-2026
09/08/2026 14:44:51;PANNTCA33TM;[PANNTCA33TM] EXPLORE PANTS CAB (Kaki, M);EXPLORE PANTS;CAB;M;Kaki;1;Sambil Chacao ;agosto-2026
09/08/2026 14:05:37;PANNTDA12TL;[PANNTDA12TL] EXPLORE PANTS DAMA (Azul Marino, L);EXPLORE PANTS;DAMA;L;Azul Marino;1;Sambil Valencia;agosto-2026
09/08/2026 14:04:53;PANNTCA12TL;[PANNTCA12TL] EXPLORE PANTS CAB (Azul Marino, L);EXPLORE PANTS;CAB;L;Azul Marino;1;Sambil Valencia;agosto-2026
09/08/2026 14:04:53;PANNTCA43TL;[PANNTCA43TL] EXPLORE PANTS CAB (Negro, L);EXPLORE PANTS;CAB;L;Negro;1;Sambil Valencia;agosto-2026
09/08/2026 13:46:16;PANNTCA66TL;[PANNTCA66TL] EXPLORE PANTS CAB (Verde Militar, L);EXPLORE PANTS;CAB;L;Verde Militar;1;Sambil Chacao ;agosto-2026
09/08/2026 13:46:16;PANNTDA12TL;[PANNTDA12TL] EXPLORE PANTS DAMA (Azul Marino, L);EXPLORE PANTS;DAMA;L;Azul Marino;1;Sambil Chacao ;agosto-2026
09/08/2026 12:39:50;PANNTDA33TL;[PANNTDA33TL] EXPLORE PANTS DAMA (Kaki, L);EXPLORE PANTS;DAMA;L;Kaki;1;Tolon;agosto-2026
09/08/2026 12:30:13;PANNTCA12TL;[PANNTCA12TL] EXPLORE PANTS CAB (Azul Marino, L);EXPLORE PANTS;CAB;L;Azul Marino;1;Tolon;agosto-2026
08/08/2026 20:15:48;PANNTDA33TM;[PANNTDA33TM] EXPLORE PANTS DAMA (Kaki, M);EXPLORE PANTS;DAMA;M;Kaki;1;La Vela;agosto-2026
08/08/2026 20:15:48;PANNTDA33TL;[PANNTDA33TL] EXPLORE PANTS DAMA (Kaki, L);EXPLORE PANTS;DAMA;L;Kaki;1;La Vela;agosto-2026
08/08/2026 19:50:37;PANNTDA12TXL;[PANNTDA12TXL] EXPLORE PANTS DAMA (Azul Marino, XL);EXPLORE PANTS;DAMA;XL;Azul Marino;1;Sambil Chacao ;agosto-2026
08/08/2026 19:50:36;PANNTCA12TM;[PANNTCA12TM] EXPLORE PANTS CAB (Azul Marino, M);EXPLORE PANTS;CAB;M;Azul Marino;1;La Vela;agosto-2026
08/08/2026 19:36:14;PANNTDA43TM;[PANNTDA43TM] EXPLORE PANTS DAMA (Negro, M);EXPLORE PANTS;DAMA;M;Negro;1;Cerro Verde ;agosto-2026
08/08/2026 19:10:54;PANNTCA43TS;[PANNTCA43TS] EXPLORE PANTS CAB (Negro, S);EXPLORE PANTS;CAB;S;Negro;1;La Grieta;agosto-2026
08/08/2026 19:00:33;PANNTCA33TXL;[PANNTCA33TXL] EXPLORE PANTS CAB (Kaki, XL);EXPLORE PANTS;CAB;XL;Kaki;1;Cerro Verde ;agosto-2026
08/08/2026 18:29:37;PANNTCA66TL;[PANNTCA66TL] EXPLORE PANTS CAB (Verde Militar, L);EXPLORE PANTS;CAB;L;Verde Militar;1;La Grieta;agosto-2026
08/08/2026 18:01:39;PANNTCA12TM;[PANNTCA12TM] EXPLORE PANTS CAB (Azul Marino, M);EXPLORE PANTS;CAB;M;Azul Marino;1;Sambil Valencia;agosto-2026
08/08/2026 17:47:23;PANNTKI12T4;[PANNTKI12T4] EXPLORE PANTS KIDS (Azul Marino, 4);EXPLORE PANTS;KIDS;4;Azul Marino;1;Cerro Verde ;agosto-2026
08/08/2026 17:42:15;PANNTCA31TS;[PANNTCA31TS] EXPLORE PANTS CAB (Gris Oscuro, S);EXPLORE PANTS;CAB;S;Gris Oscuro;1;La Grieta;agosto-2026
08/08/2026 17:42:15;PANNTCA12TS;[PANNTCA12TS] EXPLORE PANTS CAB (Azul Marino, S);EXPLORE PANTS;CAB;S;Azul Marino;1;La Grieta;agosto-2026
08/08/2026 15:31:26;PANNTDA31TM;[PANNTDA31TM] EXPLORE PANTS DAMA (Gris Oscuro, M);EXPLORE PANTS;DAMA;M;Gris Oscuro;1;Cerro Verde ;agosto-2026
08/08/2026 14:03:32;PANNTCA43TL;[PANNTCA43TL] EXPLORE PANTS CAB (Negro, L);EXPLORE PANTS;CAB;L;Negro;1;Cerro Verde ;agosto-2026
08/08/2026 13:46:31;PANNTCA43TM;[PANNTCA43TM] EXPLORE PANTS CAB (Negro, M);EXPLORE PANTS;CAB;M;Negro;1;Grandplaz ;agosto-2026
08/08/2026 13:46:31;PANNTDA43TS;[PANNTDA43TS] EXPLORE PANTS DAMA (Negro, S);EXPLORE PANTS;DAMA;S;Negro;1;Grandplaz ;agosto-2026
08/08/2026 13:46:31;PANNTDA33TS;[PANNTDA33TS] EXPLORE PANTS DAMA (Kaki, S);EXPLORE PANTS;DAMA;S;Kaki;1;Grandplaz ;agosto-2026
08/08/2026 11:55:04;PANNTCA33T3XL;[PANNTCA33T3XL] EXPLORE PANTS CAB (Kaki, 3XL);EXPLORE PANTS;CAB;3XL;Kaki;1;Sambil Valencia;agosto-2026
07/08/2026 20:24:01;PANNTDA33TXS;[PANNTDA33TXS] EXPLORE PANTS DAMA (Kaki, XS);EXPLORE PANTS;DAMA;XS;Kaki;1;Sambil Valencia;agosto-2026
07/08/2026 18:55:28;PANNTCA33TM;[PANNTCA33TM] EXPLORE PANTS CAB (Kaki, M);EXPLORE PANTS;CAB;M;Kaki;1;Tolon;agosto-2026
07/08/2026 18:35:46;PANNTDA66TM;[PANNTDA66TM] EXPLORE PANTS DAMA (Verde Militar, M);EXPLORE PANTS;DAMA;M;Verde Militar;1;Cerro Verde ;agosto-2026
07/08/2026 18:35:46;PANNTKI12T10;[PANNTKI12T10] EXPLORE PANTS KIDS (Azul Marino, 10);EXPLORE PANTS;KIDS;10;Azul Marino;1;Cerro Verde ;agosto-2026
07/08/2026 18:34:38;PANNTDA33TL;[PANNTDA33TL] EXPLORE PANTS DAMA (Kaki, L);EXPLORE PANTS;DAMA;L;Kaki;1;La Vela;agosto-2026
07/08/2026 18:32:49;PANNTKI43T10;[PANNTKI43T10] EXPLORE PANTS KIDS (Negro, 10);EXPLORE PANTS;KIDS;10;Negro;1;La Grieta;agosto-2026
07/08/2026 17:48:09;PANNTCA43TM;[PANNTCA43TM] EXPLORE PANTS CAB (Negro, M);EXPLORE PANTS;CAB;M;Negro;1;Sambil Valencia;agosto-2026
07/08/2026 17:32:55;PANNTDA43TS;[PANNTDA43TS] EXPLORE PANTS DAMA (Negro, S);EXPLORE PANTS;DAMA;S;Negro;1;Sambil Valencia;agosto-2026
07/08/2026 17:13:37;PANNTDA33TL;[PANNTDA33TL] EXPLORE PANTS DAMA (Kaki, L);EXPLORE PANTS;DAMA;L;Kaki;1;Sambil Valencia;agosto-2026
07/08/2026 16:38:50;PANNTCA33TM;[PANNTCA33TM] EXPLORE PANTS CAB (Kaki, M);EXPLORE PANTS;CAB;M;Kaki;1;Sambil Chacao ;agosto-2026
07/08/2026 16:38:50;PANNTKI33T6;[PANNTKI33T6] EXPLORE PANTS KIDS (Kaki, 6);EXPLORE PANTS;KIDS;6;Kaki;1;Sambil Chacao ;agosto-2026
07/08/2026 16:38:50;PANNTDA33TL;[PANNTDA33TL] EXPLORE PANTS DAMA (Kaki, L);EXPLORE PANTS;DAMA;L;Kaki;1;Sambil Chacao ;agosto-2026
07/08/2026 16:34:44;PANNTCA12TM;[PANNTCA12TM] EXPLORE PANTS CAB (Azul Marino, M);EXPLORE PANTS;CAB;M;Azul Marino;1;Pedidos;agosto-2026
07/08/2026 15:50:51;PANNTCA33TM;[PANNTCA33TM] EXPLORE PANTS CAB (Kaki, M);EXPLORE PANTS;CAB;M;Kaki;1;Sambil Valencia;agosto-2026
07/08/2026 15:44:06;PANNTDA43TM;[PANNTDA43TM] EXPLORE PANTS DAMA (Negro, M);EXPLORE PANTS;DAMA;M;Negro;1;La Vela;agosto-2026
07/08/2026 15:44:06;PANNTKI43T6;[PANNTKI43T6] EXPLORE PANTS KIDS (Negro, 6);EXPLORE PANTS;KIDS;6;Negro;1;La Vela;agosto-2026
07/08/2026 15:44:06;PANNTKI43T8;[PANNTKI43T8] EXPLORE PANTS KIDS (Negro, 8);EXPLORE PANTS;KIDS;8;Negro;1;La Vela;agosto-2026
07/08/2026 15:17:51;PANNTCA43TL;[PANNTCA43TL] EXPLORE PANTS CAB (Negro, L);EXPLORE PANTS;CAB;L;Negro;1;Sambil Chacao ;agosto-2026
07/08/2026 14:08:44;PANNTCA43TL;[PANNTCA43TL] EXPLORE PANTS CAB (Negro, L);EXPLORE PANTS;CAB;L;Negro;1;Sambil Chacao ;agosto-2026
07/08/2026 12:36:07;PANNTKI43T6;[PANNTKI43T6] EXPLORE PANTS KIDS (Negro, 6);EXPLORE PANTS;KIDS;6;Negro;1;Cerro Verde ;agosto-2026
06/08/2026 17:39:50;PANNTCA43TXL;[PANNTCA43TXL] EXPLORE PANTS CAB (Negro, XL);EXPLORE PANTS;CAB;XL;Negro;1;Cerro Verde ;agosto-2026
06/08/2026 16:30:20;PANNTCA33TS;[PANNTCA33TS] EXPLORE PANTS CAB (Kaki, S);EXPLORE PANTS;CAB;S;Kaki;1;Sambil Valencia;agosto-2026
06/08/2026 14:06:51;PANNTCA66TL;[PANNTCA66TL] EXPLORE PANTS CAB (Verde Militar, L);EXPLORE PANTS;CAB;L;Verde Militar;1;La Grieta;agosto-2026
06/08/2026 13:40:26;PANNTKI43T8;[PANNTKI43T8] EXPLORE PANTS KIDS (Negro, 8);EXPLORE PANTS;KIDS;8;Negro;1;La Grieta;agosto-2026
06/08/2026 11:48:22;PANNTDA12TXS;[PANNTDA12TXS] EXPLORE PANTS DAMA (Azul Marino, XS);EXPLORE PANTS;DAMA;XS;Azul Marino;1;Grandplaz ;agosto-2026
05/08/2026 19:22:57;PANNTDA12TL;[PANNTDA12TL] EXPLORE PANTS DAMA (Azul Marino, L);EXPLORE PANTS;DAMA;L;Azul Marino;1;Cerro Verde ;agosto-2026
05/08/2026 19:22:57;PANNTDA12TXL;[PANNTDA12TXL] EXPLORE PANTS DAMA (Azul Marino, XL);EXPLORE PANTS;DAMA;XL;Azul Marino;1;Cerro Verde ;agosto-2026
05/08/2026 18:59:33;PANNTCA12TXL;[PANNTCA12TXL] EXPLORE PANTS CAB (Azul Marino, XL);EXPLORE PANTS;CAB;XL;Azul Marino;1;La Grieta;agosto-2026
05/08/2026 17:29:55;PANNTCA12TM;[PANNTCA12TM] EXPLORE PANTS CAB (Azul Marino, M);EXPLORE PANTS;CAB;M;Azul Marino;1;Sambil Chacao ;agosto-2026
05/08/2026 16:21:41;PANNTDA43TS;[PANNTDA43TS] EXPLORE PANTS DAMA (Negro, S);EXPLORE PANTS;DAMA;S;Negro;1;Pedidos;agosto-2026
05/08/2026 16:04:08;PANNTCA43T2XL;[PANNTCA43T2XL] EXPLORE PANTS CAB (Negro, 2XL);EXPLORE PANTS;CAB;2XL;Negro;1;Sambil Valencia;agosto-2026
05/08/2026 15:34:18;PANNTCA33TXL;[PANNTCA33TXL] EXPLORE PANTS CAB (Kaki, XL);EXPLORE PANTS;CAB;XL;Kaki;1;Sambil Valencia;agosto-2026
05/08/2026 15:34:18;PANNTCA43TXL;[PANNTCA43TXL] EXPLORE PANTS CAB (Negro, XL);EXPLORE PANTS;CAB;XL;Negro;1;Sambil Valencia;agosto-2026
05/08/2026 14:34:56;PANNTCA12TXL;[PANNTCA12TXL] EXPLORE PANTS CAB (Azul Marino, XL);EXPLORE PANTS;CAB;XL;Azul Marino;1;La Grieta;agosto-2026
05/08/2026 13:36:32;PANNTCA33TS;[PANNTCA33TS] EXPLORE PANTS CAB (Kaki, S);EXPLORE PANTS;CAB;S;Kaki;1;Tolon;agosto-2026
05/08/2026 13:14:28;PANNTCA66TM;[PANNTCA66TM] EXPLORE PANTS CAB (Verde Militar, M);EXPLORE PANTS;CAB;M;Verde Militar;1;Sambil Valencia;agosto-2026
05/08/2026 13:14:28;PANNTCA12TM;[PANNTCA12TM] EXPLORE PANTS CAB (Azul Marino, M);EXPLORE PANTS;CAB;M;Azul Marino;1;Sambil Valencia;agosto-2026
05/08/2026 13:02:01;PANNTCA30TM;[PANNTCA30TM] EXPLORE PANTS CAB (Gris Claro, M);EXPLORE PANTS;CAB;M;Gris Claro;1;Pedidos;agosto-2026
05/08/2026 13:02:01;PANNTCA31TXL;[PANNTCA31TXL] EXPLORE PANTS CAB (Gris Oscuro, XL);EXPLORE PANTS;CAB;XL;Gris Oscuro;2;Pedidos;agosto-2026
05/08/2026 13:02:01;PANNTCA31TS;[PANNTCA31TS] EXPLORE PANTS CAB (Gris Oscuro, S);EXPLORE PANTS;CAB;S;Gris Oscuro;3;Pedidos;agosto-2026
05/08/2026 13:02:01;PANNTCA30TS;[PANNTCA30TS] EXPLORE PANTS CAB (Gris Claro, S);EXPLORE PANTS;CAB;S;Gris Claro;3;Pedidos;agosto-2026
05/08/2026 13:02:01;PANNTCA31TM;[PANNTCA31TM] EXPLORE PANTS CAB (Gris Oscuro, M);EXPLORE PANTS;CAB;M;Gris Oscuro;1;Pedidos;agosto-2026
05/08/2026 12:29:53;PANNTDA30TM;[PANNTDA30TM] EXPLORE PANTS DAMA (Gris Claro, M);EXPLORE PANTS;DAMA;M;Gris Claro;1;Tolon;agosto-2026
05/08/2026 12:26:23;PANNTDA43TM;[PANNTDA43TM] EXPLORE PANTS DAMA (Negro, M);EXPLORE PANTS;DAMA;M;Negro;1;La Grieta;agosto-2026
05/08/2026 11:31:56;PANNTCA43TXL;[PANNTCA43TXL] EXPLORE PANTS CAB (Negro, XL);EXPLORE PANTS;CAB;XL;Negro;1;La Grieta;agosto-2026
05/08/2026 11:27:03;PANNTCA43TS;[PANNTCA43TS] EXPLORE PANTS CAB (Negro, S);EXPLORE PANTS;CAB;S;Negro;1;Cerro Verde ;agosto-2026
05/08/2026 11:17:22;PANNTCA12TL;[PANNTCA12TL] EXPLORE PANTS CAB (Azul Marino, L);EXPLORE PANTS;CAB;L;Azul Marino;1;La Grieta;agosto-2026
05/08/2026 11:16:25;PANNTCA12TM;[PANNTCA12TM] EXPLORE PANTS CAB (Azul Marino, M);EXPLORE PANTS;CAB;M;Azul Marino;-1;La Grieta;agosto-2026
05/08/2026 11:14:25;PANNTCA43TL;[PANNTCA43TL] EXPLORE PANTS CAB (Negro, L);EXPLORE PANTS;CAB;L;Negro;1;Cerro Verde ;agosto-2026
04/08/2026 19:04:40;PANNTCA43TS;[PANNTCA43TS] EXPLORE PANTS CAB (Negro, S);EXPLORE PANTS;CAB;S;Negro;1;Sambil Valencia;agosto-2026
04/08/2026 19:02:45;PANNTCA43TS;[PANNTCA43TS] EXPLORE PANTS CAB (Negro, S);EXPLORE PANTS;CAB;S;Negro;-1;Sambil Valencia;agosto-2026
04/08/2026 18:58:40;PANNTCA43TS;[PANNTCA43TS] EXPLORE PANTS CAB (Negro, S);EXPLORE PANTS;CAB;S;Negro;1;Sambil Valencia;agosto-2026
04/08/2026 16:39:12;PANNTDA33TS;[PANNTDA33TS] EXPLORE PANTS DAMA (Kaki, S);EXPLORE PANTS;DAMA;S;Kaki;1;Sambil Valencia;agosto-2026
04/08/2026 16:35:03;PANNTCA30TM;[PANNTCA30TM] EXPLORE PANTS CAB (Gris Claro, M);EXPLORE PANTS;CAB;M;Gris Claro;1;La Grieta;agosto-2026
04/08/2026 16:11:00;PANNTDA30TL;[PANNTDA30TL] EXPLORE PANTS DAMA (Gris Claro, L);EXPLORE PANTS;DAMA;L;Gris Claro;1;Sambil Valencia;agosto-2026
04/08/2026 15:25:33;PANNTDA43TM;[PANNTDA43TM] EXPLORE PANTS DAMA (Negro, M);EXPLORE PANTS;DAMA;M;Negro;1;Sambil Chacao ;agosto-2026
04/08/2026 15:24:58;PANNTDA43TS;[PANNTDA43TS] EXPLORE PANTS DAMA (Negro, S);EXPLORE PANTS;DAMA;S;Negro;-1;Sambil Chacao ;agosto-2026
04/08/2026 14:33:45;PANNTCA43TL;[PANNTCA43TL] EXPLORE PANTS CAB (Negro, L);EXPLORE PANTS;CAB;L;Negro;1;Pedidos;agosto-2026
04/08/2026 14:25:23;PANNTCA43T2XL;[PANNTCA43T2XL] EXPLORE PANTS CAB (Negro, 2XL);EXPLORE PANTS;CAB;2XL;Negro;1;Sambil Valencia;agosto-2026
04/08/2026 12:28:14;PANNTCA43T2XL;[PANNTCA43T2XL] EXPLORE PANTS CAB (Negro, 2XL);EXPLORE PANTS;CAB;2XL;Negro;1;Sambil Chacao ;agosto-2026
04/08/2026 10:20:07;PANNTDA33TL;[PANNTDA33TL] EXPLORE PANTS DAMA (Kaki, L);EXPLORE PANTS;DAMA;L;Kaki;1;Cerro Verde ;agosto-2026
03/08/2026 19:00:09;PANNTDA66TS;[PANNTDA66TS] EXPLORE PANTS DAMA (Verde Militar, S);EXPLORE PANTS;DAMA;S;Verde Militar;1;La Vela;agosto-2026
03/08/2026 19:00:09;PANNTCA66TL;[PANNTCA66TL] EXPLORE PANTS CAB (Verde Militar, L);EXPLORE PANTS;CAB;L;Verde Militar;1;La Vela;agosto-2026
03/08/2026 19:00:09;PANNTCA66TM;[PANNTCA66TM] EXPLORE PANTS CAB (Verde Militar, M);EXPLORE PANTS;CAB;M;Verde Militar;1;La Vela;agosto-2026
03/08/2026 14:42:50;PANNTDA31TM;[PANNTDA31TM] EXPLORE PANTS DAMA (Gris Oscuro, M);EXPLORE PANTS;DAMA;M;Gris Oscuro;1;La Grieta;agosto-2026
03/08/2026 13:53:43;PANNTDA43TS;[PANNTDA43TS] EXPLORE PANTS DAMA (Negro, S);EXPLORE PANTS;DAMA;S;Negro;1;Sambil Chacao ;agosto-2026
03/08/2026 13:52:18;PANNTKI33T6;[PANNTKI33T6] EXPLORE PANTS KIDS (Kaki, 6);EXPLORE PANTS;KIDS;6;Kaki;1;La Grieta;agosto-2026
03/08/2026 13:45:17;PANNTDA66TS;[PANNTDA66TS] EXPLORE PANTS DAMA (Verde Militar, S);EXPLORE PANTS;DAMA;S;Verde Militar;1;Sambil Valencia;agosto-2026
03/08/2026 13:45:17;PANNTDA43TS;[PANNTDA43TS] EXPLORE PANTS DAMA (Negro, S);EXPLORE PANTS;DAMA;S;Negro;1;Sambil Valencia;agosto-2026
03/08/2026 13:14:00;PANNTCA33T2XL;[PANNTCA33T2XL] EXPLORE PANTS CAB (Kaki, 2XL);EXPLORE PANTS;CAB;2XL;Kaki;1;Sambil Valencia;agosto-2026
03/08/2026 12:44:54;PANNTCA43TS;[PANNTCA43TS] EXPLORE PANTS CAB (Negro, S);EXPLORE PANTS;CAB;S;Negro;1;Sambil Chacao ;agosto-2026
02/08/2026 20:09:59;PANNTKI30T4;[PANNTKI30T4] EXPLORE PANTS KIDS (Gris Claro, 4);EXPLORE PANTS;KIDS;4;Gris Claro;1;Sambil Valencia;agosto-2026
02/08/2026 20:09:59;PANNTKI30T2;[PANNTKI30T2] EXPLORE PANTS KIDS (Gris Claro, 2);EXPLORE PANTS;KIDS;2;Gris Claro;1;Sambil Valencia;agosto-2026
02/08/2026 18:29:59;PANNTCA43TM;[PANNTCA43TM] EXPLORE PANTS CAB (Negro, M);EXPLORE PANTS;CAB;M;Negro;1;Cerro Verde ;agosto-2026
02/08/2026 18:26:38;PANNTDA33TM;[PANNTDA33TM] EXPLORE PANTS DAMA (Kaki, M);EXPLORE PANTS;DAMA;M;Kaki;1;Sambil Valencia;agosto-2026
02/08/2026 18:26:38;PANNTDA31TM;[PANNTDA31TM] EXPLORE PANTS DAMA (Gris Oscuro, M);EXPLORE PANTS;DAMA;M;Gris Oscuro;1;Sambil Valencia;agosto-2026
02/08/2026 18:09:37;PANNTCA66TL;[PANNTCA66TL] EXPLORE PANTS CAB (Verde Militar, L);EXPLORE PANTS;CAB;L;Verde Militar;1;Sambil Chacao ;agosto-2026
02/08/2026 18:09:37;PANNTCA12TL;[PANNTCA12TL] EXPLORE PANTS CAB (Azul Marino, L);EXPLORE PANTS;CAB;L;Azul Marino;1;Sambil Chacao ;agosto-2026
02/08/2026 17:24:23;PANNTDA33TXL;[PANNTDA33TXL] EXPLORE PANTS DAMA (Kaki, XL);EXPLORE PANTS;DAMA;XL;Kaki;1;Cerro Verde ;agosto-2026
02/08/2026 16:59:29;PANNTCA12TXL;[PANNTCA12TXL] EXPLORE PANTS CAB (Azul Marino, XL);EXPLORE PANTS;CAB;XL;Azul Marino;1;Tolon;agosto-2026
02/08/2026 16:59:28;PANNTCA33TL;[PANNTCA33TL] EXPLORE PANTS CAB (Kaki, L);EXPLORE PANTS;CAB;L;Kaki;1;Sambil Valencia;agosto-2026
02/08/2026 16:57:51;PANNTCA12TL;[PANNTCA12TL] EXPLORE PANTS CAB (Azul Marino, L);EXPLORE PANTS;CAB;L;Azul Marino;-1;Cerro Verde ;agosto-2026
02/08/2026 16:47:58;PANNTCA30TS;[PANNTCA30TS] EXPLORE PANTS CAB (Gris Claro, S);EXPLORE PANTS;CAB;S;Gris Claro;1;Sambil Valencia;agosto-2026
02/08/2026 15:27:39;PANNTDA33TXL;[PANNTDA33TXL] EXPLORE PANTS DAMA (Kaki, XL);EXPLORE PANTS;DAMA;XL;Kaki;1;Cerro Verde ;agosto-2026
02/08/2026 15:27:39;PANNTCA66TL;[PANNTCA66TL] EXPLORE PANTS CAB (Verde Militar, L);EXPLORE PANTS;CAB;L;Verde Militar;1;Cerro Verde ;agosto-2026
02/08/2026 15:16:34;PANNTCA30T2XL;[PANNTCA30T2XL] EXPLORE PANTS CAB (Gris Claro, 2XL);EXPLORE PANTS;CAB;2XL;Gris Claro;2;Tolon;agosto-2026
02/08/2026 15:16:34;PANNTCA30TM;[PANNTCA30TM] EXPLORE PANTS CAB (Gris Claro, M);EXPLORE PANTS;CAB;M;Gris Claro;2;Tolon;agosto-2026
02/08/2026 14:49:10;PANNTDA12TL;[PANNTDA12TL] EXPLORE PANTS DAMA (Azul Marino, L);EXPLORE PANTS;DAMA;L;Azul Marino;1;Tolon;agosto-2026
02/08/2026 14:49:10;PANNTDA33TM;[PANNTDA33TM] EXPLORE PANTS DAMA (Kaki, M);EXPLORE PANTS;DAMA;M;Kaki;1;Tolon;agosto-2026
02/08/2026 14:35:17;PANNTKI43T12;[PANNTKI43T12] EXPLORE PANTS KIDS (Negro, 12);EXPLORE PANTS;KIDS;12;Negro;1;La Vela;agosto-2026
02/08/2026 13:51:02;PANNTDA33TM;[PANNTDA33TM] EXPLORE PANTS DAMA (Kaki, M);EXPLORE PANTS;DAMA;M;Kaki;1;Sambil Valencia;agosto-2026
02/08/2026 12:46:34;PANNTCA33TXL;[PANNTCA33TXL] EXPLORE PANTS CAB (Kaki, XL);EXPLORE PANTS;CAB;XL;Kaki;1;Sambil Valencia;agosto-2026
01/08/2026 20:55:39;PANNTDA43TS;[PANNTDA43TS] EXPLORE PANTS DAMA (Negro, S);EXPLORE PANTS;DAMA;S;Negro;1;Sambil Valencia;agosto-2026
01/08/2026 19:51:14;PANNTCA33TXL;[PANNTCA33TXL] EXPLORE PANTS CAB (Kaki, XL);EXPLORE PANTS;CAB;XL;Kaki;1;Sambil Valencia;agosto-2026
01/08/2026 19:51:14;PANNTCA43TXL;[PANNTCA43TXL] EXPLORE PANTS CAB (Negro, XL);EXPLORE PANTS;CAB;XL;Negro;1;Sambil Valencia;agosto-2026
01/08/2026 19:48:19;PANNTCA12TL;[PANNTCA12TL] EXPLORE PANTS CAB (Azul Marino, L);EXPLORE PANTS;CAB;L;Azul Marino;1;Sambil Valencia;agosto-2026
01/08/2026 19:13:09;PANNTCA43TS;[PANNTCA43TS] EXPLORE PANTS CAB (Negro, S);EXPLORE PANTS;CAB;S;Negro;1;Sambil Chacao ;agosto-2026
01/08/2026 19:13:09;PANNTCA31TS;[PANNTCA31TS] EXPLORE PANTS CAB (Gris Oscuro, S);EXPLORE PANTS;CAB;S;Gris Oscuro;1;Sambil Chacao ;agosto-2026
01/08/2026 19:05:15;PANNTDA33TM;[PANNTDA33TM] EXPLORE PANTS DAMA (Kaki, M);EXPLORE PANTS;DAMA;M;Kaki;1;Sambil Valencia;agosto-2026
01/08/2026 18:22:58;PANNTKI33T6;[PANNTKI33T6] EXPLORE PANTS KIDS (Kaki, 6);EXPLORE PANTS;KIDS;6;Kaki;1;Sambil Chacao ;agosto-2026
01/08/2026 18:15:58;PANNTDA43TXS;[PANNTDA43TXS] EXPLORE PANTS DAMA (Negro, XS);EXPLORE PANTS;DAMA;XS;Negro;1;Sambil Valencia;agosto-2026
01/08/2026 18:00:49;PANNTDA12TS;[PANNTDA12TS] EXPLORE PANTS DAMA (Azul Marino, S);EXPLORE PANTS;DAMA;S;Azul Marino;1;Cerro Verde ;agosto-2026
01/08/2026 18:00:49;PANNTCA43TXL;[PANNTCA43TXL] EXPLORE PANTS CAB (Negro, XL);EXPLORE PANTS;CAB;XL;Negro;1;Cerro Verde ;agosto-2026
01/08/2026 17:55:16;PANNTKI43T12;[PANNTKI43T12] EXPLORE PANTS KIDS (Negro, 12);EXPLORE PANTS;KIDS;12;Negro;1;Sambil Valencia;agosto-2026
01/08/2026 16:44:24;PANNTDA33TL;[PANNTDA33TL] EXPLORE PANTS DAMA (Kaki, L);EXPLORE PANTS;DAMA;L;Kaki;1;Sambil Chacao ;agosto-2026
01/08/2026 16:26:44;PANNTDA43TM;[PANNTDA43TM] EXPLORE PANTS DAMA (Negro, M);EXPLORE PANTS;DAMA;M;Negro;1;Sambil Chacao ;agosto-2026
01/08/2026 16:26:44;PANNTDA12TM;[PANNTDA12TM] EXPLORE PANTS DAMA (Azul Marino, M);EXPLORE PANTS;DAMA;M;Azul Marino;1;Sambil Chacao ;agosto-2026
01/08/2026 16:12:33;PANNTKI31T6;[PANNTKI31T6] EXPLORE PANTS KIDS (Gris Oscuro, 6);EXPLORE PANTS;KIDS;6;Gris Oscuro;1;La Grieta;agosto-2026
01/08/2026 16:07:52;PANNTDA66TXL;[PANNTDA66TXL] EXPLORE PANTS DAMA (Verde Militar, XL);EXPLORE PANTS;DAMA;XL;Verde Militar;1;Sambil Valencia;agosto-2026
01/08/2026 14:07:34;PANNTDA12TS;[PANNTDA12TS] EXPLORE PANTS DAMA (Azul Marino, S);EXPLORE PANTS;DAMA;S;Azul Marino;1;Sambil Valencia;agosto-2026
01/08/2026 13:56:17;PANNTDA33TS;[PANNTDA33TS] EXPLORE PANTS DAMA (Kaki, S);EXPLORE PANTS;DAMA;S;Kaki;1;La Vela;agosto-2026
01/08/2026 13:41:57;PANNTCA43T2XL;[PANNTCA43T2XL] EXPLORE PANTS CAB (Negro, 2XL);EXPLORE PANTS;CAB;2XL;Negro;1;Cerro Verde ;agosto-2026
01/08/2026 12:48:11;PANNTDA43TXS;[PANNTDA43TXS] EXPLORE PANTS DAMA (Negro, XS);EXPLORE PANTS;DAMA;XS;Negro;1;Cerro Verde ;agosto-2026
01/08/2026 12:48:11;PANNTDA66TXS;[PANNTDA66TXS] EXPLORE PANTS DAMA (Verde Militar, XS);EXPLORE PANTS;DAMA;XS;Verde Militar;1;Cerro Verde ;agosto-2026
01/08/2026 12:15:20;PANNTDA12TM;[PANNTDA12TM] EXPLORE PANTS DAMA (Azul Marino, M);EXPLORE PANTS;DAMA;M;Azul Marino;1;Cerro Verde ;agosto-2026
01/08/2026 12:15:20;PANNTDA30TM;[PANNTDA30TM] EXPLORE PANTS DAMA (Gris Claro, M);EXPLORE PANTS;DAMA;M;Gris Claro;1;Cerro Verde ;agosto-2026
31/07/2026 20:33:03;PANNTCA33TL;[PANNTCA33TL] EXPLORE PANTS CAB (Kaki, L);EXPLORE PANTS;CAB;L;Kaki;1;La Vela;julio-2026
31/07/2026 18:52:28;PANNTCA43T3XL;[PANNTCA43T3XL] EXPLORE PANTS CAB (Negro, 3XL);EXPLORE PANTS;CAB;3XL;Negro;1;Sambil Valencia;julio-2026
31/07/2026 18:46:31;PANNTKI30T12;[PANNTKI30T12] EXPLORE PANTS KIDS (Gris Claro, 12);EXPLORE PANTS;KIDS;12;Gris Claro;1;Cerro Verde ;julio-2026
31/07/2026 18:46:31;PANNTKI12T12;[PANNTKI12T12] EXPLORE PANTS KIDS (Azul Marino, 12);EXPLORE PANTS;KIDS;12;Azul Marino;1;Cerro Verde ;julio-2026
31/07/2026 18:46:31;EPNTKI33T12;[EPNTKI33T12] EXPLORE PANTS KIDS (Kaki, 12);EXPLORE PANTS;KIDS;12;Kaki;1;Cerro Verde ;julio-2026
31/07/2026 18:32:02;PANNTCA43TL;[PANNTCA43TL] EXPLORE PANTS CAB (Negro, L);EXPLORE PANTS;CAB;L;Negro;1;Sambil Chacao ;julio-2026
31/07/2026 18:32:02;PANNTCA33TL;[PANNTCA33TL] EXPLORE PANTS CAB (Kaki, L);EXPLORE PANTS;CAB;L;Kaki;1;Sambil Chacao ;julio-2026
31/07/2026 17:30:57;PANNTCA43TL;[PANNTCA43TL] EXPLORE PANTS CAB (Negro, L);EXPLORE PANTS;CAB;L;Negro;1;La Grieta;julio-2026
31/07/2026 17:22:13;PANNTDA12TXL;[PANNTDA12TXL] EXPLORE PANTS DAMA (Azul Marino, XL);EXPLORE PANTS;DAMA;XL;Azul Marino;1;Cerro Verde ;julio-2026
31/07/2026 17:22:13;PANNTKI12T2;[PANNTKI12T2] EXPLORE PANTS KIDS (Azul Marino, 2);EXPLORE PANTS;KIDS;2;Azul Marino;1;Cerro Verde ;julio-2026
31/07/2026 17:10:33;PANNTCA43TXL;[PANNTCA43TXL] EXPLORE PANTS CAB (Negro, XL);EXPLORE PANTS;CAB;XL;Negro;1;Sambil Valencia;julio-2026
31/07/2026 16:24:41;PANNTCA43TL;[PANNTCA43TL] EXPLORE PANTS CAB (Negro, L);EXPLORE PANTS;CAB;L;Negro;1;Tolon;julio-2026
31/07/2026 15:17:36;PANNTDA12TS;[PANNTDA12TS] EXPLORE PANTS DAMA (Azul Marino, S);EXPLORE PANTS;DAMA;S;Azul Marino;2;La Vela;julio-2026
31/07/2026 11:29:58;PANNTCA12TL;[PANNTCA12TL] EXPLORE PANTS CAB (Azul Marino, L);EXPLORE PANTS;CAB;L;Azul Marino;1;Sambil Valencia;julio-2026
31/07/2026 11:29:58;PANNTDA12TM;[PANNTDA12TM] EXPLORE PANTS DAMA (Azul Marino, M);EXPLORE PANTS;DAMA;M;Azul Marino;1;Sambil Valencia;julio-2026
30/07/2026 18:56:24;PANNTKI33T8;[PANNTKI33T8] EXPLORE PANTS KIDS (Kaki, 8);EXPLORE PANTS;KIDS;8;Kaki;1;La Grieta;julio-2026
30/07/2026 18:34:38;PANNTCA43TM;[PANNTCA43TM] EXPLORE PANTS CAB (Negro, M);EXPLORE PANTS;CAB;M;Negro;1;Sambil Chacao ;julio-2026
30/07/2026 18:22:31;PANNTKI66T12;[PANNTKI66T12] EXPLORE PANTS KIDS (Verde Militar, 12);EXPLORE PANTS;KIDS;12;Verde Militar;1;La Grieta;julio-2026
30/07/2026 17:24:23;PANNTDA31TM;[PANNTDA31TM] EXPLORE PANTS DAMA (Gris Oscuro, M);EXPLORE PANTS;DAMA;M;Gris Oscuro;1;La Grieta;julio-2026
30/07/2026 17:24:02;PANNTDA31TS;[PANNTDA31TS] EXPLORE PANTS DAMA (Gris Oscuro, S);EXPLORE PANTS;DAMA;S;Gris Oscuro;-1;La Grieta;julio-2026
30/07/2026 17:13:17;PANNTCA33TM;[PANNTCA33TM] EXPLORE PANTS CAB (Kaki, M);EXPLORE PANTS;CAB;M;Kaki;1;Sambil Valencia;julio-2026
30/07/2026 17:09:56;PANNTCA33TM;[PANNTCA33TM] EXPLORE PANTS CAB (Kaki, M);EXPLORE PANTS;CAB;M;Kaki;-1;Sambil Valencia;julio-2026
30/07/2026 16:31:11;PANNTKI66T12;[PANNTKI66T12] EXPLORE PANTS KIDS (Verde Militar, 12);EXPLORE PANTS;KIDS;12;Verde Militar;1;La Grieta;julio-2026
30/07/2026 16:31:11;EPNTKI33T12;[EPNTKI33T12] EXPLORE PANTS KIDS (Kaki, 12);EXPLORE PANTS;KIDS;12;Kaki;1;La Grieta;julio-2026
30/07/2026 16:18:50;PANNTCA33TM;[PANNTCA33TM] EXPLORE PANTS CAB (Kaki, M);EXPLORE PANTS;CAB;M;Kaki;1;Cerro Verde ;julio-2026
30/07/2026 16:11:52;PANNTCA33TM;[PANNTCA33TM] EXPLORE PANTS CAB (Kaki, M);EXPLORE PANTS;CAB;M;Kaki;1;Sambil Valencia;julio-2026
30/07/2026 15:13:35;EPNTKI33T12;[EPNTKI33T12] EXPLORE PANTS KIDS (Kaki, 12);EXPLORE PANTS;KIDS;12;Kaki;1;La Vela;julio-2026
30/07/2026 15:13:35;PANNTKI43T12;[PANNTKI43T12] EXPLORE PANTS KIDS (Negro, 12);EXPLORE PANTS;KIDS;12;Negro;1;La Vela;julio-2026
30/07/2026 15:11:58;PANNTCA33TL;[PANNTCA33TL] EXPLORE PANTS CAB (Kaki, L);EXPLORE PANTS;CAB;L;Kaki;1;Sambil Chacao ;julio-2026
30/07/2026 14:31:01;PANNTCA43TL;[PANNTCA43TL] EXPLORE PANTS CAB (Negro, L);EXPLORE PANTS;CAB;L;Negro;1;Sambil Chacao ;julio-2026
30/07/2026 11:54:34;PANNTCA43TL;[PANNTCA43TL] EXPLORE PANTS CAB (Negro, L);EXPLORE PANTS;CAB;L;Negro;1;Cerro Verde ;julio-2026
30/07/2026 10:50:43;PANNTCA43TL;[PANNTCA43TL] EXPLORE PANTS CAB (Negro, L);EXPLORE PANTS;CAB;L;Negro;1;La Grieta;julio-2026
30/07/2026 10:50:43;PANNTCA12TM;[PANNTCA12TM] EXPLORE PANTS CAB (Azul Marino, M);EXPLORE PANTS;CAB;M;Azul Marino;1;La Grieta;julio-2026
30/07/2026 10:02:21;PANNTKI66T6;[PANNTKI66T6] EXPLORE PANTS KIDS (Verde Militar, 6);EXPLORE PANTS;KIDS;6;Verde Militar;1;La Grieta;julio-2026
29/07/2026 19:13:46;PANNTDA43TL;[PANNTDA43TL] EXPLORE PANTS DAMA (Negro, L);EXPLORE PANTS;DAMA;L;Negro;1;Cerro Verde ;julio-2026
29/07/2026 18:57:01;PANNTCA43TM;[PANNTCA43TM] EXPLORE PANTS CAB (Negro, M);EXPLORE PANTS;CAB;M;Negro;1;Sambil Valencia;julio-2026
29/07/2026 18:32:12;PANNTDA12TL;[PANNTDA12TL] EXPLORE PANTS DAMA (Azul Marino, L);EXPLORE PANTS;DAMA;L;Azul Marino;1;Grandplaz ;julio-2026
29/07/2026 18:30:00;PANNTCA30TM;[PANNTCA30TM] EXPLORE PANTS CAB (Gris Claro, M);EXPLORE PANTS;CAB;M;Gris Claro;-1;Cerro Verde ;julio-2026
29/07/2026 17:59:13;PANNTCA43TM;[PANNTCA43TM] EXPLORE PANTS CAB (Negro, M);EXPLORE PANTS;CAB;M;Negro;1;Sambil Chacao ;julio-2026
29/07/2026 17:59:13;PANNTCA33TM;[PANNTCA33TM] EXPLORE PANTS CAB (Kaki, M);EXPLORE PANTS;CAB;M;Kaki;1;Sambil Chacao ;julio-2026
29/07/2026 17:16:42;PANNTDA12TS;[PANNTDA12TS] EXPLORE PANTS DAMA (Azul Marino, S);EXPLORE PANTS;DAMA;S;Azul Marino;1;La Grieta;julio-2026
29/07/2026 17:16:42;PANNTDA43TS;[PANNTDA43TS] EXPLORE PANTS DAMA (Negro, S);EXPLORE PANTS;DAMA;S;Negro;1;La Grieta;julio-2026
29/07/2026 16:40:19;PANNTDA33TM;[PANNTDA33TM] EXPLORE PANTS DAMA (Kaki, M);EXPLORE PANTS;DAMA;M;Kaki;1;La Grieta;julio-2026
29/07/2026 16:40:19;PANNTCA43TM;[PANNTCA43TM] EXPLORE PANTS CAB (Negro, M);EXPLORE PANTS;CAB;M;Negro;1;La Grieta;julio-2026
29/07/2026 16:07:34;PANNTCA43TL;[PANNTCA43TL] EXPLORE PANTS CAB (Negro, L);EXPLORE PANTS;CAB;L;Negro;1;Tolon;julio-2026
29/07/2026 15:51:37;PANNTKI33T10;[PANNTKI33T10] EXPLORE PANTS KIDS (Kaki, 10);EXPLORE PANTS;KIDS;10;Kaki;1;Sambil Valencia;julio-2026
29/07/2026 15:51:37;PANNTDA12TS;[PANNTDA12TS] EXPLORE PANTS DAMA (Azul Marino, S);EXPLORE PANTS;DAMA;S;Azul Marino;1;Sambil Valencia;julio-2026
29/07/2026 14:42:30;PANNTDA66TXL;[PANNTDA66TXL] EXPLORE PANTS DAMA (Verde Militar, XL);EXPLORE PANTS;DAMA;XL;Verde Militar;1;La Grieta;julio-2026
29/07/2026 14:13:48;PANNTDA31TS;[PANNTDA31TS] EXPLORE PANTS DAMA (Gris Oscuro, S);EXPLORE PANTS;DAMA;S;Gris Oscuro;1;Sambil Valencia;julio-2026
29/07/2026 13:43:46;PANNTCA33TS;[PANNTCA33TS] EXPLORE PANTS CAB (Kaki, S);EXPLORE PANTS;CAB;S;Kaki;1;Sambil Chacao ;julio-2026
29/07/2026 10:04:39;PANNTCA33TXL;[PANNTCA33TXL] EXPLORE PANTS CAB (Kaki, XL);EXPLORE PANTS;CAB;XL;Kaki;1;La Grieta;julio-2026
28/07/2026 18:54:24;PANNTCA43TL;[PANNTCA43TL] EXPLORE PANTS CAB (Negro, L);EXPLORE PANTS;CAB;L;Negro;1;Cerro Verde ;julio-2026
28/07/2026 18:48:50;PANNTDA33TM;[PANNTDA33TM] EXPLORE PANTS DAMA (Kaki, M);EXPLORE PANTS;DAMA;M;Kaki;1;La Grieta;julio-2026
28/07/2026 18:48:50;PANNTDA33TS;[PANNTDA33TS] EXPLORE PANTS DAMA (Kaki, S);EXPLORE PANTS;DAMA;S;Kaki;1;La Grieta;julio-2026
28/07/2026 17:21:24;PANNTCA33TL;[PANNTCA33TL] EXPLORE PANTS CAB (Kaki, L);EXPLORE PANTS;CAB;L;Kaki;1;Grandplaz ;julio-2026
28/07/2026 16:00:59;PANNTCA43TXL;[PANNTCA43TXL] EXPLORE PANTS CAB (Negro, XL);EXPLORE PANTS;CAB;XL;Negro;1;Sambil Chacao ;julio-2026
28/07/2026 12:57:16;PANNTDA31TM;[PANNTDA31TM] EXPLORE PANTS DAMA (Gris Oscuro, M);EXPLORE PANTS;DAMA;M;Gris Oscuro;1;Cerro Verde ;julio-2026
28/07/2026 12:57:16;PANNTDA12TM;[PANNTDA12TM] EXPLORE PANTS DAMA (Azul Marino, M);EXPLORE PANTS;DAMA;M;Azul Marino;1;Cerro Verde ;julio-2026
28/07/2026 12:11:04;PANNTDA30TXS;[PANNTDA30TXS] EXPLORE PANTS DAMA (Gris Claro, XS);EXPLORE PANTS;DAMA;XS;Gris Claro;1;Sambil Chacao ;julio-2026
27/07/2026 19:36:04;PANNTDA30TXS;[PANNTDA30TXS] EXPLORE PANTS DAMA (Gris Claro, XS);EXPLORE PANTS;DAMA;XS;Gris Claro;1;Cerro Verde ;julio-2026
27/07/2026 17:55:04;PANNTDA43TM;[PANNTDA43TM] EXPLORE PANTS DAMA (Negro, M);EXPLORE PANTS;DAMA;M;Negro;1;La Vela;julio-2026
27/07/2026 15:14:36;PANNTDA31TM;[PANNTDA31TM] EXPLORE PANTS DAMA (Gris Oscuro, M);EXPLORE PANTS;DAMA;M;Gris Oscuro;1;Sambil Valencia;julio-2026
27/07/2026 14:55:47;PANNTDA33TM;[PANNTDA33TM] EXPLORE PANTS DAMA (Kaki, M);EXPLORE PANTS;DAMA;M;Kaki;1;Sambil Chacao ;julio-2026
27/07/2026 14:55:47;PANNTDA43TM;[PANNTDA43TM] EXPLORE PANTS DAMA (Negro, M);EXPLORE PANTS;DAMA;M;Negro;1;Sambil Chacao ;julio-2026
27/07/2026 14:55:47;PANNTDA66TM;[PANNTDA66TM] EXPLORE PANTS DAMA (Verde Militar, M);EXPLORE PANTS;DAMA;M;Verde Militar;1;Sambil Chacao ;julio-2026
27/07/2026 12:13:22;PANNTDA31TXS;[PANNTDA31TXS] EXPLORE PANTS DAMA (Gris Oscuro, XS);EXPLORE PANTS;DAMA;XS;Gris Oscuro;1;Sambil Chacao ;julio-2026
27/07/2026 12:09:14;PANNTCA43TM;[PANNTCA43TM] EXPLORE PANTS CAB (Negro, M);EXPLORE PANTS;CAB;M;Negro;1;Cerro Verde ;julio-2026
26/07/2026 19:02:18;PANNTCA43TM;[PANNTCA43TM] EXPLORE PANTS CAB (Negro, M);EXPLORE PANTS;CAB;M;Negro;1;Sambil Chacao ;julio-2026
26/07/2026 18:58:26;PANNTDA43TM;[PANNTDA43TM] EXPLORE PANTS DAMA (Negro, M);EXPLORE PANTS;DAMA;M;Negro;1;Sambil Valencia;julio-2026
26/07/2026 18:58:26;PANNTCA43TL;[PANNTCA43TL] EXPLORE PANTS CAB (Negro, L);EXPLORE PANTS;CAB;L;Negro;1;Sambil Valencia;julio-2026
26/07/2026 17:58:33;PANNTKI66T10;[PANNTKI66T10] EXPLORE PANTS KIDS (Verde Militar, 10);EXPLORE PANTS;KIDS;10;Verde Militar;1;Cerro Verde ;julio-2026
26/07/2026 17:58:33;PANNTCA43TM;[PANNTCA43TM] EXPLORE PANTS CAB (Negro, M);EXPLORE PANTS;CAB;M;Negro;1;Cerro Verde ;julio-2026
26/07/2026 17:12:02;PANNTCA43TM;[PANNTCA43TM] EXPLORE PANTS CAB (Negro, M);EXPLORE PANTS;CAB;M;Negro;1;Tolon;julio-2026
26/07/2026 17:09:23;PANNTCA43TXL;[PANNTCA43TXL] EXPLORE PANTS CAB (Negro, XL);EXPLORE PANTS;CAB;XL;Negro;1;Cerro Verde ;julio-2026
26/07/2026 16:51:32;PANNTCA43T2XL;[PANNTCA43T2XL] EXPLORE PANTS CAB (Negro, 2XL);EXPLORE PANTS;CAB;2XL;Negro;1;Cerro Verde ;julio-2026
26/07/2026 15:44:43;PANNTCA43T2XL;[PANNTCA43T2XL] EXPLORE PANTS CAB (Negro, 2XL);EXPLORE PANTS;CAB;2XL;Negro;1;Cerro Verde ;julio-2026
26/07/2026 14:54:17;PANNTCA12TXL;[PANNTCA12TXL] EXPLORE PANTS CAB (Azul Marino, XL);EXPLORE PANTS;CAB;XL;Azul Marino;1;Tolon;julio-2026
26/07/2026 14:20:34;PANNTDA33TS;[PANNTDA33TS] EXPLORE PANTS DAMA (Kaki, S);EXPLORE PANTS;DAMA;S;Kaki;1;Cerro Verde ;julio-2026
26/07/2026 13:27:19;PANNTCA43T2XL;[PANNTCA43T2XL] EXPLORE PANTS CAB (Negro, 2XL);EXPLORE PANTS;CAB;2XL;Negro;1;Sambil Chacao ;julio-2026
26/07/2026 12:46:21;PANNTCA66TM;[PANNTCA66TM] EXPLORE PANTS CAB (Verde Militar, M);EXPLORE PANTS;CAB;M;Verde Militar;1;Sambil Valencia;julio-2026
26/07/2026 12:27:17;PANNTCA33T2XL;[PANNTCA33T2XL] EXPLORE PANTS CAB (Kaki, 2XL);EXPLORE PANTS;CAB;2XL;Kaki;1;La Grieta;julio-2026
26/07/2026 12:11:22;PANNTCA12TXL;[PANNTCA12TXL] EXPLORE PANTS CAB (Azul Marino, XL);EXPLORE PANTS;CAB;XL;Azul Marino;-1;La Grieta;julio-2026
26/07/2026 11:16:58;PANNTCA66TXL;[PANNTCA66TXL] EXPLORE PANTS CAB (Verde Militar, XL);EXPLORE PANTS;CAB;XL;Verde Militar;1;La Grieta;julio-2026
26/07/2026 11:16:58;PANNTDA66TL;[PANNTDA66TL] EXPLORE PANTS DAMA (Verde Militar, L);EXPLORE PANTS;DAMA;L;Verde Militar;1;La Grieta;julio-2026
26/07/2026 11:16:58;PANNTCA12TXL;[PANNTCA12TXL] EXPLORE PANTS CAB (Azul Marino, XL);EXPLORE PANTS;CAB;XL;Azul Marino;1;La Grieta;julio-2026
25/07/2026 19:39:22;PANNTCA43TM;[PANNTCA43TM] EXPLORE PANTS CAB (Negro, M);EXPLORE PANTS;CAB;M;Negro;1;La Vela;julio-2026
25/07/2026 18:27:14;PANNTCA66TM;[PANNTCA66TM] EXPLORE PANTS CAB (Verde Militar, M);EXPLORE PANTS;CAB;M;Verde Militar;1;Grandplaz ;julio-2026
25/07/2026 17:50:31;PANNTDA12TXL;[PANNTDA12TXL] EXPLORE PANTS DAMA (Azul Marino, XL);EXPLORE PANTS;DAMA;XL;Azul Marino;1;Sambil Chacao ;julio-2026
25/07/2026 17:00:52;PANNTKI12T12;[PANNTKI12T12] EXPLORE PANTS KIDS (Azul Marino, 12);EXPLORE PANTS;KIDS;12;Azul Marino;1;Sambil Valencia;julio-2026
25/07/2026 16:25:11;PANNTCA43TXL;[PANNTCA43TXL] EXPLORE PANTS CAB (Negro, XL);EXPLORE PANTS;CAB;XL;Negro;1;Sambil Chacao ;julio-2026
25/07/2026 16:25:11;PANNTCA66TL;[PANNTCA66TL] EXPLORE PANTS CAB (Verde Militar, L);EXPLORE PANTS;CAB;L;Verde Militar;1;Sambil Chacao ;julio-2026
25/07/2026 16:24:20;PANNTCA43TS;[PANNTCA43TS] EXPLORE PANTS CAB (Negro, S);EXPLORE PANTS;CAB;S;Negro;1;Tolon;julio-2026
25/07/2026 16:19:08;PANNTDA12TM;[PANNTDA12TM] EXPLORE PANTS DAMA (Azul Marino, M);EXPLORE PANTS;DAMA;M;Azul Marino;1;La Vela;julio-2026
25/07/2026 16:05:19;PANNTDA12TM;[PANNTDA12TM] EXPLORE PANTS DAMA (Azul Marino, M);EXPLORE PANTS;DAMA;M;Azul Marino;1;La Vela;julio-2026
25/07/2026 15:48:52;PANNTDA43TXL;[PANNTDA43TXL] EXPLORE PANTS DAMA (Negro, XL);EXPLORE PANTS;DAMA;XL;Negro;1;Cerro Verde ;julio-2026
25/07/2026 15:41:50;PANNTKI66T12;[PANNTKI66T12] EXPLORE PANTS KIDS (Verde Militar, 12);EXPLORE PANTS;KIDS;12;Verde Militar;1;Cerro Verde ;julio-2026
25/07/2026 15:34:26;PANNTCA43TXL;[PANNTCA43TXL] EXPLORE PANTS CAB (Negro, XL);EXPLORE PANTS;CAB;XL;Negro;1;Sambil Valencia;julio-2026
25/07/2026 15:14:09;PANNTCA43TS;[PANNTCA43TS] EXPLORE PANTS CAB (Negro, S);EXPLORE PANTS;CAB;S;Negro;1;Cerro Verde ;julio-2026
25/07/2026 15:14:09;PANNTCA66TS;[PANNTCA66TS] EXPLORE PANTS CAB (Verde Militar, S);EXPLORE PANTS;CAB;S;Verde Militar;1;Cerro Verde ;julio-2026
25/07/2026 15:13:35;PANNTCA43TL;[PANNTCA43TL] EXPLORE PANTS CAB (Negro, L);EXPLORE PANTS;CAB;L;Negro;1;Cerro Verde ;julio-2026
25/07/2026 14:08:52;PANNTCA43TXL;[PANNTCA43TXL] EXPLORE PANTS CAB (Negro, XL);EXPLORE PANTS;CAB;XL;Negro;1;Cerro Verde ;julio-2026
25/07/2026 14:08:52;PANNTCA12TXL;[PANNTCA12TXL] EXPLORE PANTS CAB (Azul Marino, XL);EXPLORE PANTS;CAB;XL;Azul Marino;1;Cerro Verde ;julio-2026
25/07/2026 13:32:08;PANNTDA30TM;[PANNTDA30TM] EXPLORE PANTS DAMA (Gris Claro, M);EXPLORE PANTS;DAMA;M;Gris Claro;1;Cerro Verde ;julio-2026
25/07/2026 13:14:00;PANNTDA43TXS;[PANNTDA43TXS] EXPLORE PANTS DAMA (Negro, XS);EXPLORE PANTS;DAMA;XS;Negro;1;Cerro Verde ;julio-2026
25/07/2026 13:14:00;PANNTDA66TL;[PANNTDA66TL] EXPLORE PANTS DAMA (Verde Militar, L);EXPLORE PANTS;DAMA;L;Verde Militar;1;Cerro Verde ;julio-2026
25/07/2026 13:14:00;PANNTDA31TXS;[PANNTDA31TXS] EXPLORE PANTS DAMA (Gris Oscuro, XS);EXPLORE PANTS;DAMA;XS;Gris Oscuro;1;Cerro Verde ;julio-2026
25/07/2026 12:23:26;PANNTCA43TXL;[PANNTCA43TXL] EXPLORE PANTS CAB (Negro, XL);EXPLORE PANTS;CAB;XL;Negro;1;La Grieta;julio-2026
25/07/2026 12:14:56;PANNTCA33TL;[PANNTCA33TL] EXPLORE PANTS CAB (Kaki, L);EXPLORE PANTS;CAB;L;Kaki;1;Tolon;julio-2026
25/07/2026 12:14:56;PANNTCA43TL;[PANNTCA43TL] EXPLORE PANTS CAB (Negro, L);EXPLORE PANTS;CAB;L;Negro;1;Tolon;julio-2026
25/07/2026 11:54:31;PANNTDA30TM;[PANNTDA30TM] EXPLORE PANTS DAMA (Gris Claro, M);EXPLORE PANTS;DAMA;M;Gris Claro;1;Tolon;julio-2026
25/07/2026 11:54:31;PANNTDA30TS;[PANNTDA30TS] EXPLORE PANTS DAMA (Gris Claro, S);EXPLORE PANTS;DAMA;S;Gris Claro;1;Tolon;julio-2026
25/07/2026 11:54:31;PANNTDA30TXS;[PANNTDA30TXS] EXPLORE PANTS DAMA (Gris Claro, XS);EXPLORE PANTS;DAMA;XS;Gris Claro;1;Tolon;julio-2026
25/07/2026 11:54:31;PANNTCA30TM;[PANNTCA30TM] EXPLORE PANTS CAB (Gris Claro, M);EXPLORE PANTS;CAB;M;Gris Claro;1;Tolon;julio-2026
24/07/2026 19:45:37;PANNTDA30TXS;[PANNTDA30TXS] EXPLORE PANTS DAMA (Gris Claro, XS);EXPLORE PANTS;DAMA;XS;Gris Claro;1;Sambil Chacao ;julio-2026
24/07/2026 19:45:37;PANNTDA33TS;[PANNTDA33TS] EXPLORE PANTS DAMA (Kaki, S);EXPLORE PANTS;DAMA;S;Kaki;1;Sambil Chacao ;julio-2026
24/07/2026 19:12:30;PANNTDA33TS;[PANNTDA33TS] EXPLORE PANTS DAMA (Kaki, S);EXPLORE PANTS;DAMA;S;Kaki;1;Sambil Valencia;julio-2026
24/07/2026 19:11:32;PANNTCA43TM;[PANNTCA43TM] EXPLORE PANTS CAB (Negro, M);EXPLORE PANTS;CAB;M;Negro;1;Sambil Valencia;julio-2026
24/07/2026 17:30:36;PANNTCA66TXL;[PANNTCA66TXL] EXPLORE PANTS CAB (Verde Militar, XL);EXPLORE PANTS;CAB;XL;Verde Militar;1;Sambil Valencia;julio-2026
24/07/2026 17:24:40;PANNTCA12TL;[PANNTCA12TL] EXPLORE PANTS CAB (Azul Marino, L);EXPLORE PANTS;CAB;L;Azul Marino;-1;Sambil Valencia;julio-2026
24/07/2026 16:28:32;PANNTKI43T6;[PANNTKI43T6] EXPLORE PANTS KIDS (Negro, 6);EXPLORE PANTS;KIDS;6;Negro;1;Sambil Chacao ;julio-2026
24/07/2026 16:17:53;PANNTDA43TL;[PANNTDA43TL] EXPLORE PANTS DAMA (Negro, L);EXPLORE PANTS;DAMA;L;Negro;1;Cerro Verde ;julio-2026
24/07/2026 15:36:59;PANNTDA66TL;[PANNTDA66TL] EXPLORE PANTS DAMA (Verde Militar, L);EXPLORE PANTS;DAMA;L;Verde Militar;1;La Grieta;julio-2026
24/07/2026 15:16:06;PANNTCA43TL;[PANNTCA43TL] EXPLORE PANTS CAB (Negro, L);EXPLORE PANTS;CAB;L;Negro;1;Cerro Verde ;julio-2026
24/07/2026 15:16:06;PANNTKI43T12;[PANNTKI43T12] EXPLORE PANTS KIDS (Negro, 12);EXPLORE PANTS;KIDS;12;Negro;1;Cerro Verde ;julio-2026
24/07/2026 15:16:06;PANNTDA43TS;[PANNTDA43TS] EXPLORE PANTS DAMA (Negro, S);EXPLORE PANTS;DAMA;S;Negro;1;Cerro Verde ;julio-2026
24/07/2026 14:20:26;PANNTCA12TL;[PANNTCA12TL] EXPLORE PANTS CAB (Azul Marino, L);EXPLORE PANTS;CAB;L;Azul Marino;1;Sambil Chacao ;julio-2026
24/07/2026 14:20:26;PANNTCA33TL;[PANNTCA33TL] EXPLORE PANTS CAB (Kaki, L);EXPLORE PANTS;CAB;L;Kaki;1;Sambil Chacao ;julio-2026
24/07/2026 14:14:41;PANNTCA43TXL;[PANNTCA43TXL] EXPLORE PANTS CAB (Negro, XL);EXPLORE PANTS;CAB;XL;Negro;1;Sambil Chacao ;julio-2026
24/07/2026 14:07:06;PANNTDA30TXL;[PANNTDA30TXL] EXPLORE PANTS DAMA (Gris Claro, XL);EXPLORE PANTS;DAMA;XL;Gris Claro;1;Sambil Chacao ;julio-2026
24/07/2026 13:26:22;PANNTCA43TM;[PANNTCA43TM] EXPLORE PANTS CAB (Negro, M);EXPLORE PANTS;CAB;M;Negro;1;Cerro Verde ;julio-2026
24/07/2026 13:09:07;PANNTDA66TS;[PANNTDA66TS] EXPLORE PANTS DAMA (Verde Militar, S);EXPLORE PANTS;DAMA;S;Verde Militar;1;La Grieta;julio-2026
24/07/2026 12:22:34;PANNTCA43TS;[PANNTCA43TS] EXPLORE PANTS CAB (Negro, S);EXPLORE PANTS;CAB;S;Negro;1;Sambil Chacao ;julio-2026
24/07/2026 12:15:43;PANNTCA66TL;[PANNTCA66TL] EXPLORE PANTS CAB (Verde Militar, L);EXPLORE PANTS;CAB;L;Verde Militar;1;La Grieta;julio-2026
23/07/2026 21:16:11;PANNTDA30TXS;[PANNTDA30TXS] EXPLORE PANTS DAMA (Gris Claro, XS);EXPLORE PANTS;DAMA;XS;Gris Claro;1;Sambil Valencia;julio-2026
23/07/2026 21:16:11;PANNTDA33TXS;[PANNTDA33TXS] EXPLORE PANTS DAMA (Kaki, XS);EXPLORE PANTS;DAMA;XS;Kaki;1;Sambil Valencia;julio-2026
23/07/2026 20:44:32;PANNTCA66TM;[PANNTCA66TM] EXPLORE PANTS CAB (Verde Militar, M);EXPLORE PANTS;CAB;M;Verde Militar;1;La Vela;julio-2026
23/07/2026 20:32:39;PANNTCA43TXL;[PANNTCA43TXL] EXPLORE PANTS CAB (Negro, XL);EXPLORE PANTS;CAB;XL;Negro;1;Sambil Valencia;julio-2026
23/07/2026 20:10:49;PANNTDA43TM;[PANNTDA43TM] EXPLORE PANTS DAMA (Negro, M);EXPLORE PANTS;DAMA;M;Negro;1;Tolon;julio-2026
23/07/2026 20:10:49;PANNTDA43TXS;[PANNTDA43TXS] EXPLORE PANTS DAMA (Negro, XS);EXPLORE PANTS;DAMA;XS;Negro;1;Tolon;julio-2026
23/07/2026 20:10:49;PANNTCA43TXL;[PANNTCA43TXL] EXPLORE PANTS CAB (Negro, XL);EXPLORE PANTS;CAB;XL;Negro;1;Tolon;julio-2026
23/07/2026 19:35:36;PANNTCA43TS;[PANNTCA43TS] EXPLORE PANTS CAB (Negro, S);EXPLORE PANTS;CAB;S;Negro;1;Sambil Chacao ;julio-2026
23/07/2026 13:19:44;PANNTKI12T2;[PANNTKI12T2] EXPLORE PANTS KIDS (Azul Marino, 2);EXPLORE PANTS;KIDS;2;Azul Marino;1;Sambil Chacao ;julio-2026
23/07/2026 13:19:44;PANNTKI43T2;[PANNTKI43T2] EXPLORE PANTS KIDS (Negro, 2);EXPLORE PANTS;KIDS;2;Negro;1;Sambil Chacao ;julio-2026
22/07/2026 17:44:18;PANNTKI66T6;[PANNTKI66T6] EXPLORE PANTS KIDS (Verde Militar, 6);EXPLORE PANTS;KIDS;6;Verde Militar;1;La Grieta;julio-2026
22/07/2026 17:44:18;PANNTKI33T6;[PANNTKI33T6] EXPLORE PANTS KIDS (Kaki, 6);EXPLORE PANTS;KIDS;6;Kaki;1;La Grieta;julio-2026
22/07/2026 17:44:18;PANNTKI12T4;[PANNTKI12T4] EXPLORE PANTS KIDS (Azul Marino, 4);EXPLORE PANTS;KIDS;4;Azul Marino;1;La Grieta;julio-2026
22/07/2026 17:44:18;PANNTKI33T4;[PANNTKI33T4] EXPLORE PANTS KIDS (Kaki, 4);EXPLORE PANTS;KIDS;4;Kaki;1;La Grieta;julio-2026
22/07/2026 17:31:56;PANNTCA66TXL;[PANNTCA66TXL] EXPLORE PANTS CAB (Verde Militar, XL);EXPLORE PANTS;CAB;XL;Verde Militar;1;Sambil Valencia;julio-2026
22/07/2026 17:26:15;PANNTCA33TM;[PANNTCA33TM] EXPLORE PANTS CAB (Kaki, M);EXPLORE PANTS;CAB;M;Kaki;1;Sambil Valencia;julio-2026
22/07/2026 16:29:30;PANNTCA43TM;[PANNTCA43TM] EXPLORE PANTS CAB (Negro, M);EXPLORE PANTS;CAB;M;Negro;1;Sambil Chacao ;julio-2026
22/07/2026 16:00:03;PANNTCA66TL;[PANNTCA66TL] EXPLORE PANTS CAB (Verde Militar, L);EXPLORE PANTS;CAB;L;Verde Militar;1;Grandplaz ;julio-2026
22/07/2026 12:18:30;PANNTCA43TL;[PANNTCA43TL] EXPLORE PANTS CAB (Negro, L);EXPLORE PANTS;CAB;L;Negro;1;Cerro Verde ;julio-2026
22/07/2026 12:18:30;PANNTKI66T6;[PANNTKI66T6] EXPLORE PANTS KIDS (Verde Militar, 6);EXPLORE PANTS;KIDS;6;Verde Militar;1;Cerro Verde ;julio-2026
22/07/2026 09:54:02;PANNTKI33T6;[PANNTKI33T6] EXPLORE PANTS KIDS (Kaki, 6);EXPLORE PANTS;KIDS;6;Kaki;1;Pedidos;julio-2026
22/07/2026 09:54:02;PANNTKI12T4;[PANNTKI12T4] EXPLORE PANTS KIDS (Azul Marino, 4);EXPLORE PANTS;KIDS;4;Azul Marino;1;Pedidos;julio-2026
22/07/2026 09:54:02;PANNTKI33T4;[PANNTKI33T4] EXPLORE PANTS KIDS (Kaki, 4);EXPLORE PANTS;KIDS;4;Kaki;1;Pedidos;julio-2026
22/07/2026 09:54:02;PANNTDA12TS;[PANNTDA12TS] EXPLORE PANTS DAMA (Azul Marino, S);EXPLORE PANTS;DAMA;S;Azul Marino;2;Pedidos;julio-2026
22/07/2026 09:54:02;PANNTDA33TS;[PANNTDA33TS] EXPLORE PANTS DAMA (Kaki, S);EXPLORE PANTS;DAMA;S;Kaki;1;Pedidos;julio-2026
22/07/2026 09:54:02;PANNTKI66T6;[PANNTKI66T6] EXPLORE PANTS KIDS (Verde Militar, 6);EXPLORE PANTS;KIDS;6;Verde Militar;1;Pedidos;julio-2026
21/07/2026 19:40:31;PANNTCA43TM;[PANNTCA43TM] EXPLORE PANTS CAB (Negro, M);EXPLORE PANTS;CAB;M;Negro;1;Cerro Verde ;julio-2026
21/07/2026 19:40:31;PANNTDA43TM;[PANNTDA43TM] EXPLORE PANTS DAMA (Negro, M);EXPLORE PANTS;DAMA;M;Negro;1;Cerro Verde ;julio-2026
21/07/2026 19:21:06;PANNTDA66TL;[PANNTDA66TL] EXPLORE PANTS DAMA (Verde Militar, L);EXPLORE PANTS;DAMA;L;Verde Militar;1;La Grieta;julio-2026
21/07/2026 19:05:51;PANNTCA12TM;[PANNTCA12TM] EXPLORE PANTS CAB (Azul Marino, M);EXPLORE PANTS;CAB;M;Azul Marino;1;Sambil Chacao ;julio-2026
21/07/2026 18:23:04;PANNTCA33TM;[PANNTCA33TM] EXPLORE PANTS CAB (Kaki, M);EXPLORE PANTS;CAB;M;Kaki;1;Sambil Valencia;julio-2026
21/07/2026 17:21:53;PANNTDA31TS;[PANNTDA31TS] EXPLORE PANTS DAMA (Gris Oscuro, S);EXPLORE PANTS;DAMA;S;Gris Oscuro;1;La Grieta;julio-2026
21/07/2026 16:17:53;PANNTCA66TL;[PANNTCA66TL] EXPLORE PANTS CAB (Verde Militar, L);EXPLORE PANTS;CAB;L;Verde Militar;2;La Grieta;julio-2026
21/07/2026 15:02:48;PANNTCA43T2XL;[PANNTCA43T2XL] EXPLORE PANTS CAB (Negro, 2XL);EXPLORE PANTS;CAB;2XL;Negro;1;Cerro Verde ;julio-2026
21/07/2026 12:04:00;PANNTCA43TL;[PANNTCA43TL] EXPLORE PANTS CAB (Negro, L);EXPLORE PANTS;CAB;L;Negro;1;Sambil Valencia;julio-2026
21/07/2026 10:19:47;PANNTDA43TM;[PANNTDA43TM] EXPLORE PANTS DAMA (Negro, M);EXPLORE PANTS;DAMA;M;Negro;1;La Grieta;julio-2026
20/07/2026 19:17:38;PANNTCA43TL;[PANNTCA43TL] EXPLORE PANTS CAB (Negro, L);EXPLORE PANTS;CAB;L;Negro;1;Sambil Chacao ;julio-2026
20/07/2026 18:46:41;PANNTDA66TM;[PANNTDA66TM] EXPLORE PANTS DAMA (Verde Militar, M);EXPLORE PANTS;DAMA;M;Verde Militar;1;La Grieta;julio-2026
20/07/2026 18:01:29;PANNTDA43TXS;[PANNTDA43TXS] EXPLORE PANTS DAMA (Negro, XS);EXPLORE PANTS;DAMA;XS;Negro;1;Tolon;julio-2026
20/07/2026 17:41:00;PANNTDA33TS;[PANNTDA33TS] EXPLORE PANTS DAMA (Kaki, S);EXPLORE PANTS;DAMA;S;Kaki;1;Cerro Verde ;julio-2026
20/07/2026 17:40:29;PANNTDA31TS;[PANNTDA31TS] EXPLORE PANTS DAMA (Gris Oscuro, S);EXPLORE PANTS;DAMA;S;Gris Oscuro;-1;Sambil Chacao ;julio-2026
20/07/2026 12:40:34;PANNTCA43TXL;[PANNTCA43TXL] EXPLORE PANTS CAB (Negro, XL);EXPLORE PANTS;CAB;XL;Negro;1;Sambil Chacao ;julio-2026
19/07/2026 19:38:19;PANNTKI12T12;[PANNTKI12T12] EXPLORE PANTS KIDS (Azul Marino, 12);EXPLORE PANTS;KIDS;12;Azul Marino;1;Sambil Chacao ;julio-2026
19/07/2026 19:38:19;PANNTKI30T10;[PANNTKI30T10] EXPLORE PANTS KIDS (Gris Claro, 10);EXPLORE PANTS;KIDS;10;Gris Claro;1;Sambil Chacao ;julio-2026
19/07/2026 19:38:19;PANNTDA33TXS;[PANNTDA33TXS] EXPLORE PANTS DAMA (Kaki, XS);EXPLORE PANTS;DAMA;XS;Kaki;1;Sambil Chacao ;julio-2026
19/07/2026 19:38:19;EPNTKI33T12;[EPNTKI33T12] EXPLORE PANTS KIDS (Kaki, 12);EXPLORE PANTS;KIDS;12;Kaki;1;Sambil Chacao ;julio-2026
19/07/2026 19:38:19;PANNTDA43TXS;[PANNTDA43TXS] EXPLORE PANTS DAMA (Negro, XS);EXPLORE PANTS;DAMA;XS;Negro;1;Sambil Chacao ;julio-2026
19/07/2026 19:38:19;PANNTKI66T10;[PANNTKI66T10] EXPLORE PANTS KIDS (Verde Militar, 10);EXPLORE PANTS;KIDS;10;Verde Militar;1;Sambil Chacao ;julio-2026
19/07/2026 16:06:13;PANNTCA31TS;[PANNTCA31TS] EXPLORE PANTS CAB (Gris Oscuro, S);EXPLORE PANTS;CAB;S;Gris Oscuro;1;Tolon;julio-2026
19/07/2026 16:06:13;PANNTCA33TS;[PANNTCA33TS] EXPLORE PANTS CAB (Kaki, S);EXPLORE PANTS;CAB;S;Kaki;1;Tolon;julio-2026
19/07/2026 13:20:56;PANNTCA12TL;[PANNTCA12TL] EXPLORE PANTS CAB (Azul Marino, L);EXPLORE PANTS;CAB;L;Azul Marino;1;Sambil Valencia;julio-2026
19/07/2026 12:59:52;PANNTDA43TM;[PANNTDA43TM] EXPLORE PANTS DAMA (Negro, M);EXPLORE PANTS;DAMA;M;Negro;1;Sambil Chacao ;julio-2026
18/07/2026 20:55:37;PANNTCA43TXL;[PANNTCA43TXL] EXPLORE PANTS CAB (Negro, XL);EXPLORE PANTS;CAB;XL;Negro;1;Sambil Valencia;julio-2026
18/07/2026 17:52:28;PANNTDA43TS;[PANNTDA43TS] EXPLORE PANTS DAMA (Negro, S);EXPLORE PANTS;DAMA;S;Negro;1;Tolon;julio-2026
18/07/2026 17:51:10;PANNTCA66TXL;[PANNTCA66TXL] EXPLORE PANTS CAB (Verde Militar, XL);EXPLORE PANTS;CAB;XL;Verde Militar;1;Sambil Valencia;julio-2026
18/07/2026 17:06:32;PANNTDA43TS;[PANNTDA43TS] EXPLORE PANTS DAMA (Negro, S);EXPLORE PANTS;DAMA;S;Negro;-100;Tolon;julio-2026
18/07/2026 16:55:59;PANNTCA33TM;[PANNTCA33TM] EXPLORE PANTS CAB (Kaki, M);EXPLORE PANTS;CAB;M;Kaki;1;Sambil Valencia;julio-2026
18/07/2026 16:55:59;PANNTDA33TXS;[PANNTDA33TXS] EXPLORE PANTS DAMA (Kaki, XS);EXPLORE PANTS;DAMA;XS;Kaki;1;Sambil Valencia;julio-2026
18/07/2026 16:46:25;PANNTDA43TS;[PANNTDA43TS] EXPLORE PANTS DAMA (Negro, S);EXPLORE PANTS;DAMA;S;Negro;100;Tolon;julio-2026
18/07/2026 16:33:00;PANNTDA43TXL;[PANNTDA43TXL] EXPLORE PANTS DAMA (Negro, XL);EXPLORE PANTS;DAMA;XL;Negro;1;Cerro Verde ;julio-2026
18/07/2026 16:30:15;PANNTCA43TS;[PANNTCA43TS] EXPLORE PANTS CAB (Negro, S);EXPLORE PANTS;CAB;S;Negro;1;Sambil Chacao ;julio-2026
18/07/2026 16:30:15;PANNTDA43TXS;[PANNTDA43TXS] EXPLORE PANTS DAMA (Negro, XS);EXPLORE PANTS;DAMA;XS;Negro;1;Sambil Chacao ;julio-2026
18/07/2026 14:23:57;PANNTCA66TL;[PANNTCA66TL] EXPLORE PANTS CAB (Verde Militar, L);EXPLORE PANTS;CAB;L;Verde Militar;1;Sambil Chacao ;julio-2026
18/07/2026 14:11:35;PANNTDA43TS;[PANNTDA43TS] EXPLORE PANTS DAMA (Negro, S);EXPLORE PANTS;DAMA;S;Negro;1;Sambil Chacao ;julio-2026
18/07/2026 14:11:35;PANNTCA43TL;[PANNTCA43TL] EXPLORE PANTS CAB (Negro, L);EXPLORE PANTS;CAB;L;Negro;1;Sambil Chacao ;julio-2026
18/07/2026 14:11:35;PANNTCA12TL;[PANNTCA12TL] EXPLORE PANTS CAB (Azul Marino, L);EXPLORE PANTS;CAB;L;Azul Marino;1;Sambil Chacao ;julio-2026
18/07/2026 14:11:35;PANNTDA33TS;[PANNTDA33TS] EXPLORE PANTS DAMA (Kaki, S);EXPLORE PANTS;DAMA;S;Kaki;1;Sambil Chacao ;julio-2026
18/07/2026 13:43:30;PANNTDA31TS;[PANNTDA31TS] EXPLORE PANTS DAMA (Gris Oscuro, S);EXPLORE PANTS;DAMA;S;Gris Oscuro;1;Sambil Chacao ;julio-2026
18/07/2026 12:29:53;PANNTCA43TL;[PANNTCA43TL] EXPLORE PANTS CAB (Negro, L);EXPLORE PANTS;CAB;L;Negro;1;Sambil Chacao ;julio-2026
18/07/2026 12:07:24;PANNTKI33T10;[PANNTKI33T10] EXPLORE PANTS KIDS (Kaki, 10);EXPLORE PANTS;KIDS;10;Kaki;1;Cerro Verde ;julio-2026
18/07/2026 12:07:24;PANNTKI33T6;[PANNTKI33T6] EXPLORE PANTS KIDS (Kaki, 6);EXPLORE PANTS;KIDS;6;Kaki;1;Cerro Verde ;julio-2026
18/07/2026 11:53:52;PANNTCA66TL;[PANNTCA66TL] EXPLORE PANTS CAB (Verde Militar, L);EXPLORE PANTS;CAB;L;Verde Militar;1;Cerro Verde ;julio-2026
18/07/2026 11:44:54;PANNTKI12T2;[PANNTKI12T2] EXPLORE PANTS KIDS (Azul Marino, 2);EXPLORE PANTS;KIDS;2;Azul Marino;1;Cerro Verde ;julio-2026
18/07/2026 11:44:54;PANNTKI33T2;[PANNTKI33T2] EXPLORE PANTS KIDS (Kaki, 2);EXPLORE PANTS;KIDS;2;Kaki;1;Cerro Verde ;julio-2026
17/07/2026 19:05:27;PANNTDA33TS;[PANNTDA33TS] EXPLORE PANTS DAMA (Kaki, S);EXPLORE PANTS;DAMA;S;Kaki;1;Sambil Chacao ;julio-2026
17/07/2026 19:01:26;PANNTCA33TM;[PANNTCA33TM] EXPLORE PANTS CAB (Kaki, M);EXPLORE PANTS;CAB;M;Kaki;1;Sambil Chacao ;julio-2026
17/07/2026 19:01:26;PANNTDA43TL;[PANNTDA43TL] EXPLORE PANTS DAMA (Negro, L);EXPLORE PANTS;DAMA;L;Negro;1;Sambil Chacao ;julio-2026
17/07/2026 17:07:35;PANNTDA12TM;[PANNTDA12TM] EXPLORE PANTS DAMA (Azul Marino, M);EXPLORE PANTS;DAMA;M;Azul Marino;1;Sambil Valencia;julio-2026
17/07/2026 16:55:01;PANNTDA33TL;[PANNTDA33TL] EXPLORE PANTS DAMA (Kaki, L);EXPLORE PANTS;DAMA;L;Kaki;1;La Grieta;julio-2026
17/07/2026 16:19:58;PANNTCA43TXL;[PANNTCA43TXL] EXPLORE PANTS CAB (Negro, XL);EXPLORE PANTS;CAB;XL;Negro;1;Cerro Verde ;julio-2026
17/07/2026 15:53:19;PANNTCA43TXL;[PANNTCA43TXL] EXPLORE PANTS CAB (Negro, XL);EXPLORE PANTS;CAB;XL;Negro;1;Sambil Chacao ;julio-2026
17/07/2026 15:15:57;PANNTCA43T3XL;[PANNTCA43T3XL] EXPLORE PANTS CAB (Negro, 3XL);EXPLORE PANTS;CAB;3XL;Negro;1;Sambil Valencia;julio-2026
17/07/2026 13:45:43;PANNTDA43TM;[PANNTDA43TM] EXPLORE PANTS DAMA (Negro, M);EXPLORE PANTS;DAMA;M;Negro;1;Sambil Valencia;julio-2026
17/07/2026 11:57:39;PANNTDA43TM;[PANNTDA43TM] EXPLORE PANTS DAMA (Negro, M);EXPLORE PANTS;DAMA;M;Negro;1;Sambil Chacao ;julio-2026
17/07/2026 10:12:04;PANNTCA43T2XL;[PANNTCA43T2XL] EXPLORE PANTS CAB (Negro, 2XL);EXPLORE PANTS;CAB;2XL;Negro;1;Cerro Verde ;julio-2026
16/07/2026 19:24:05;PANNTDA12TM;[PANNTDA12TM] EXPLORE PANTS DAMA (Azul Marino, M);EXPLORE PANTS;DAMA;M;Azul Marino;1;Sambil Chacao ;julio-2026
16/07/2026 17:45:20;PANNTKI30T8;[PANNTKI30T8] EXPLORE PANTS KIDS (Gris Claro, 8);EXPLORE PANTS;KIDS;8;Gris Claro;1;Sambil Valencia;julio-2026
16/07/2026 17:40:58;PANNTCA66TS;[PANNTCA66TS] EXPLORE PANTS CAB (Verde Militar, S);EXPLORE PANTS;CAB;S;Verde Militar;1;Cerro Verde ;julio-2026
16/07/2026 17:40:58;PANNTCA30TS;[PANNTCA30TS] EXPLORE PANTS CAB (Gris Claro, S);EXPLORE PANTS;CAB;S;Gris Claro;1;Cerro Verde ;julio-2026
16/07/2026 17:25:03;PANNTCA66T3XL;[PANNTCA66T3XL] EXPLORE PANTS CAB (Verde Militar, 3XL);EXPLORE PANTS;CAB;3XL;Verde Militar;1;La Grieta;julio-2026
16/07/2026 17:25:03;PANNTCA33T2XL;[PANNTCA33T2XL] EXPLORE PANTS CAB (Kaki, 2XL);EXPLORE PANTS;CAB;2XL;Kaki;1;La Grieta;julio-2026
16/07/2026 16:43:30;PANNTCA33T2XL;[PANNTCA33T2XL] EXPLORE PANTS CAB (Kaki, 2XL);EXPLORE PANTS;CAB;2XL;Kaki;1;La Grieta;julio-2026
16/07/2026 16:43:30;PANNTCA12TXL;[PANNTCA12TXL] EXPLORE PANTS CAB (Azul Marino, XL);EXPLORE PANTS;CAB;XL;Azul Marino;1;La Grieta;julio-2026
16/07/2026 16:43:30;PANNTCA66TXL;[PANNTCA66TXL] EXPLORE PANTS CAB (Verde Militar, XL);EXPLORE PANTS;CAB;XL;Verde Militar;1;La Grieta;julio-2026
16/07/2026 11:58:21;PANNTCA33TL;[PANNTCA33TL] EXPLORE PANTS CAB (Kaki, L);EXPLORE PANTS;CAB;L;Kaki;1;Sambil Chacao ;julio-2026
15/07/2026 20:35:31;PANNTDA31TL;[PANNTDA31TL] EXPLORE PANTS DAMA (Gris Oscuro, L);EXPLORE PANTS;DAMA;L;Gris Oscuro;1;Sambil Valencia;julio-2026
15/07/2026 18:17:51;PANNTDA66TL;[PANNTDA66TL] EXPLORE PANTS DAMA (Verde Militar, L);EXPLORE PANTS;DAMA;L;Verde Militar;1;Sambil Chacao ;julio-2026
15/07/2026 18:17:13;PANNTDA43TL;[PANNTDA43TL] EXPLORE PANTS DAMA (Negro, L);EXPLORE PANTS;DAMA;L;Negro;-1;Sambil Chacao ;julio-2026
15/07/2026 18:15:19;PANNTDA43TL;[PANNTDA43TL] EXPLORE PANTS DAMA (Negro, L);EXPLORE PANTS;DAMA;L;Negro;1;Sambil Chacao ;julio-2026
15/07/2026 15:28:55;PANNTCA43TXL;[PANNTCA43TXL] EXPLORE PANTS CAB (Negro, XL);EXPLORE PANTS;CAB;XL;Negro;1;Sambil Chacao ;julio-2026
14/07/2026 20:19:39;PANNTCA33TM;[PANNTCA33TM] EXPLORE PANTS CAB (Kaki, M);EXPLORE PANTS;CAB;M;Kaki;1;Sambil Chacao ;julio-2026
14/07/2026 17:09:15;PANNTCA30TM;[PANNTCA30TM] EXPLORE PANTS CAB (Gris Claro, M);EXPLORE PANTS;CAB;M;Gris Claro;1;Sambil Valencia;julio-2026
14/07/2026 15:07:31;PANNTDA12TL;[PANNTDA12TL] EXPLORE PANTS DAMA (Azul Marino, L);EXPLORE PANTS;DAMA;L;Azul Marino;1;Tolon;julio-2026
14/07/2026 15:06:59;PANNTDA33TL;[PANNTDA33TL] EXPLORE PANTS DAMA (Kaki, L);EXPLORE PANTS;DAMA;L;Kaki;-1;Cerro Verde ;julio-2026
14/07/2026 14:44:49;PANNTDA31TM;[PANNTDA31TM] EXPLORE PANTS DAMA (Gris Oscuro, M);EXPLORE PANTS;DAMA;M;Gris Oscuro;1;La Grieta;julio-2026
13/07/2026 17:46:01;PANNTDA33TXS;[PANNTDA33TXS] EXPLORE PANTS DAMA (Kaki, XS);EXPLORE PANTS;DAMA;XS;Kaki;1;Sambil Chacao ;julio-2026
13/07/2026 17:10:51;PANNTCA33TM;[PANNTCA33TM] EXPLORE PANTS CAB (Kaki, M);EXPLORE PANTS;CAB;M;Kaki;1;La Grieta;julio-2026
13/07/2026 17:02:06;PANNTCA66TM;[PANNTCA66TM] EXPLORE PANTS CAB (Verde Militar, M);EXPLORE PANTS;CAB;M;Verde Militar;-1;La Grieta;julio-2026
13/07/2026 15:19:58;PANNTKI43T10;[PANNTKI43T10] EXPLORE PANTS KIDS (Negro, 10);EXPLORE PANTS;KIDS;10;Negro;1;Sambil Valencia;julio-2026
13/07/2026 14:34:10;PANNTCA30TM;[PANNTCA30TM] EXPLORE PANTS CAB (Gris Claro, M);EXPLORE PANTS;CAB;M;Gris Claro;1;Cerro Verde ;julio-2026
13/07/2026 14:34:10;PANNTDA43TXL;[PANNTDA43TXL] EXPLORE PANTS DAMA (Negro, XL);EXPLORE PANTS;DAMA;XL;Negro;1;Cerro Verde ;julio-2026
13/07/2026 14:34:10;PANNTDA33TXL;[PANNTDA33TXL] EXPLORE PANTS DAMA (Kaki, XL);EXPLORE PANTS;DAMA;XL;Kaki;1;Cerro Verde ;julio-2026
13/07/2026 10:33:27;PANNTDA12TS;[PANNTDA12TS] EXPLORE PANTS DAMA (Azul Marino, S);EXPLORE PANTS;DAMA;S;Azul Marino;1;La Grieta;julio-2026
13/07/2026 10:33:27;PANNTDA33TM;[PANNTDA33TM] EXPLORE PANTS DAMA (Kaki, M);EXPLORE PANTS;DAMA;M;Kaki;1;La Grieta;julio-2026
13/07/2026 10:33:27;PANNTDA12TXL;[PANNTDA12TXL] EXPLORE PANTS DAMA (Azul Marino, XL);EXPLORE PANTS;DAMA;XL;Azul Marino;1;La Grieta;julio-2026
13/07/2026 10:33:27;PANNTKI66T12;[PANNTKI66T12] EXPLORE PANTS KIDS (Verde Militar, 12);EXPLORE PANTS;KIDS;12;Verde Militar;1;La Grieta;julio-2026
12/07/2026 18:15:42;PANNTCA12TM;[PANNTCA12TM] EXPLORE PANTS CAB (Azul Marino, M);EXPLORE PANTS;CAB;M;Azul Marino;1;Sambil Chacao ;julio-2026
12/07/2026 17:11:32;PANNTDA43TXL;[PANNTDA43TXL] EXPLORE PANTS DAMA (Negro, XL);EXPLORE PANTS;DAMA;XL;Negro;1;Grandplaz ;julio-2026
12/07/2026 16:34:42;PANNTDA31TXS;[PANNTDA31TXS] EXPLORE PANTS DAMA (Gris Oscuro, XS);EXPLORE PANTS;DAMA;XS;Gris Oscuro;1;Cerro Verde ;julio-2026
12/07/2026 16:34:42;PANNTDA43TXS;[PANNTDA43TXS] EXPLORE PANTS DAMA (Negro, XS);EXPLORE PANTS;DAMA;XS;Negro;1;Cerro Verde ;julio-2026
12/07/2026 16:06:26;PANNTCA12TL;[PANNTCA12TL] EXPLORE PANTS CAB (Azul Marino, L);EXPLORE PANTS;CAB;L;Azul Marino;1;Cerro Verde ;julio-2026
12/07/2026 16:06:26;PANNTKI43T8;[PANNTKI43T8] EXPLORE PANTS KIDS (Negro, 8);EXPLORE PANTS;KIDS;8;Negro;1;Cerro Verde ;julio-2026
12/07/2026 15:59:26;PANNTCA33TL;[PANNTCA33TL] EXPLORE PANTS CAB (Kaki, L);EXPLORE PANTS;CAB;L;Kaki;1;Sambil Chacao ;julio-2026
12/07/2026 15:44:19;PANNTCA12TL;[PANNTCA12TL] EXPLORE PANTS CAB (Azul Marino, L);EXPLORE PANTS;CAB;L;Azul Marino;1;Tolon;julio-2026
12/07/2026 14:39:34;PANNTDA33TM;[PANNTDA33TM] EXPLORE PANTS DAMA (Kaki, M);EXPLORE PANTS;DAMA;M;Kaki;1;Tolon;julio-2026
12/07/2026 14:03:05;PANNTCA66TL;[PANNTCA66TL] EXPLORE PANTS CAB (Verde Militar, L);EXPLORE PANTS;CAB;L;Verde Militar;1;Cerro Verde ;julio-2026
11/07/2026 20:16:20;PANNTDA33TM;[PANNTDA33TM] EXPLORE PANTS DAMA (Kaki, M);EXPLORE PANTS;DAMA;M;Kaki;1;La Vela;julio-2026
11/07/2026 18:30:55;PANNTCA33TM;[PANNTCA33TM] EXPLORE PANTS CAB (Kaki, M);EXPLORE PANTS;CAB;M;Kaki;1;La Grieta;julio-2026
11/07/2026 18:05:15;PANNTDA43TS;[PANNTDA43TS] EXPLORE PANTS DAMA (Negro, S);EXPLORE PANTS;DAMA;S;Negro;1;Grandplaz ;julio-2026
11/07/2026 16:06:48;PANNTCA33TXL;[PANNTCA33TXL] EXPLORE PANTS CAB (Kaki, XL);EXPLORE PANTS;CAB;XL;Kaki;1;Grandplaz ;julio-2026
11/07/2026 16:04:27;PANNTCA33TL;[PANNTCA33TL] EXPLORE PANTS CAB (Kaki, L);EXPLORE PANTS;CAB;L;Kaki;-1;Cerro Verde ;julio-2026
11/07/2026 15:04:43;PANNTDA66TXL;[PANNTDA66TXL] EXPLORE PANTS DAMA (Verde Militar, XL);EXPLORE PANTS;DAMA;XL;Verde Militar;1;Cerro Verde ;julio-2026
11/07/2026 14:02:23;PANNTCA12TS;[PANNTCA12TS] EXPLORE PANTS CAB (Azul Marino, S);EXPLORE PANTS;CAB;S;Azul Marino;1;La Grieta;julio-2026
11/07/2026 13:56:05;PANNTDA43TXS;[PANNTDA43TXS] EXPLORE PANTS DAMA (Negro, XS);EXPLORE PANTS;DAMA;XS;Negro;1;Tolon;julio-2026
10/07/2026 19:59:47;PANNTKI12T12;[PANNTKI12T12] EXPLORE PANTS KIDS (Azul Marino, 12);EXPLORE PANTS;KIDS;12;Azul Marino;1;Cerro Verde ;julio-2026
10/07/2026 19:59:27;PANNTKI12T10;[PANNTKI12T10] EXPLORE PANTS KIDS (Azul Marino, 10);EXPLORE PANTS;KIDS;10;Azul Marino;-1;Cerro Verde ;julio-2026
10/07/2026 19:47:29;PANNTKI33T10;[PANNTKI33T10] EXPLORE PANTS KIDS (Kaki, 10);EXPLORE PANTS;KIDS;10;Kaki;1;Cerro Verde ;julio-2026
10/07/2026 19:47:29;PANNTKI12T10;[PANNTKI12T10] EXPLORE PANTS KIDS (Azul Marino, 10);EXPLORE PANTS;KIDS;10;Azul Marino;1;Cerro Verde ;julio-2026
10/07/2026 19:47:29;PANNTCA66TM;[PANNTCA66TM] EXPLORE PANTS CAB (Verde Militar, M);EXPLORE PANTS;CAB;M;Verde Militar;1;Cerro Verde ;julio-2026
10/07/2026 18:45:07;PANNTDA43TM;[PANNTDA43TM] EXPLORE PANTS DAMA (Negro, M);EXPLORE PANTS;DAMA;M;Negro;1;La Grieta;julio-2026
10/07/2026 18:38:43;PANNTCA31TM;[PANNTCA31TM] EXPLORE PANTS CAB (Gris Oscuro, M);EXPLORE PANTS;CAB;M;Gris Oscuro;1;Cerro Verde ;julio-2026
10/07/2026 18:38:43;PANNTCA12TM;[PANNTCA12TM] EXPLORE PANTS CAB (Azul Marino, M);EXPLORE PANTS;CAB;M;Azul Marino;1;Cerro Verde ;julio-2026
10/07/2026 18:38:43;PANNTCA66TM;[PANNTCA66TM] EXPLORE PANTS CAB (Verde Militar, M);EXPLORE PANTS;CAB;M;Verde Militar;1;Cerro Verde ;julio-2026
10/07/2026 18:04:21;PANNTCA12TM;[PANNTCA12TM] EXPLORE PANTS CAB (Azul Marino, M);EXPLORE PANTS;CAB;M;Azul Marino;1;Tolon;julio-2026
10/07/2026 18:00:07;PANNTKI33T4;[PANNTKI33T4] EXPLORE PANTS KIDS (Kaki, 4);EXPLORE PANTS;KIDS;4;Kaki;1;Grandplaz ;julio-2026
10/07/2026 18:00:07;PANNTKI66T4;[PANNTKI66T4] EXPLORE PANTS KIDS (Verde Militar, 4);EXPLORE PANTS;KIDS;4;Verde Militar;1;Grandplaz ;julio-2026
10/07/2026 17:40:02;PANNTDA30TM;[PANNTDA30TM] EXPLORE PANTS DAMA (Gris Claro, M);EXPLORE PANTS;DAMA;M;Gris Claro;1;Tolon;julio-2026
10/07/2026 15:51:25;PANNTDA43TS;[PANNTDA43TS] EXPLORE PANTS DAMA (Negro, S);EXPLORE PANTS;DAMA;S;Negro;1;Cerro Verde ;julio-2026
10/07/2026 15:42:15;PANNTCA66TL;[PANNTCA66TL] EXPLORE PANTS CAB (Verde Militar, L);EXPLORE PANTS;CAB;L;Verde Militar;1;Sambil Valencia;julio-2026
10/07/2026 13:42:09;PANNTCA43TM;[PANNTCA43TM] EXPLORE PANTS CAB (Negro, M);EXPLORE PANTS;CAB;M;Negro;1;Sambil Valencia;julio-2026
09/07/2026 17:24:22;PANNTCA12TM;[PANNTCA12TM] EXPLORE PANTS CAB (Azul Marino, M);EXPLORE PANTS;CAB;M;Azul Marino;1;Tolon;julio-2026
09/07/2026 17:24:22;PANNTCA33TM;[PANNTCA33TM] EXPLORE PANTS CAB (Kaki, M);EXPLORE PANTS;CAB;M;Kaki;1;Tolon;julio-2026
09/07/2026 17:06:10;PANNTCA12TL;[PANNTCA12TL] EXPLORE PANTS CAB (Azul Marino, L);EXPLORE PANTS;CAB;L;Azul Marino;1;Sambil Valencia;julio-2026
09/07/2026 14:30:08;PANNTDA12TXL;[PANNTDA12TXL] EXPLORE PANTS DAMA (Azul Marino, XL);EXPLORE PANTS;DAMA;XL;Azul Marino;1;La Grieta;julio-2026
09/07/2026 14:30:08;PANNTKI12T12;[PANNTKI12T12] EXPLORE PANTS KIDS (Azul Marino, 12);EXPLORE PANTS;KIDS;12;Azul Marino;1;La Grieta;julio-2026
09/07/2026 11:06:21;PANNTDA31TXS;[PANNTDA31TXS] EXPLORE PANTS DAMA (Gris Oscuro, XS);EXPLORE PANTS;DAMA;XS;Gris Oscuro;1;La Grieta;julio-2026
08/07/2026 18:14:57;PANNTDA33TXS;[PANNTDA33TXS] EXPLORE PANTS DAMA (Kaki, XS);EXPLORE PANTS;DAMA;XS;Kaki;1;La Grieta;julio-2026
08/07/2026 16:49:51;PANNTKI30T10;[PANNTKI30T10] EXPLORE PANTS KIDS (Gris Claro, 10);EXPLORE PANTS;KIDS;10;Gris Claro;1;Cerro Verde ;julio-2026
08/07/2026 16:49:51;PANNTKI33T10;[PANNTKI33T10] EXPLORE PANTS KIDS (Kaki, 10);EXPLORE PANTS;KIDS;10;Kaki;1;Cerro Verde ;julio-2026
08/07/2026 16:00:55;PANNTCA66TM;[PANNTCA66TM] EXPLORE PANTS CAB (Verde Militar, M);EXPLORE PANTS;CAB;M;Verde Militar;1;La Grieta;julio-2026
08/07/2026 15:28:10;PANNTCA33TM;[PANNTCA33TM] EXPLORE PANTS CAB (Kaki, M);EXPLORE PANTS;CAB;M;Kaki;1;La Grieta;julio-2026
08/07/2026 12:12:59;PANNTDA30TL;[PANNTDA30TL] EXPLORE PANTS DAMA (Gris Claro, L);EXPLORE PANTS;DAMA;L;Gris Claro;1;La Grieta;julio-2026
07/07/2026 19:39:02;PANNTDA43TS;[PANNTDA43TS] EXPLORE PANTS DAMA (Negro, S);EXPLORE PANTS;DAMA;S;Negro;1;Sambil Chacao ;julio-2026
07/07/2026 19:38:15;PANNTDA43TXS;[PANNTDA43TXS] EXPLORE PANTS DAMA (Negro, XS);EXPLORE PANTS;DAMA;XS;Negro;-1;Sambil Chacao ;julio-2026
07/07/2026 16:36:43;PANNTCA66TM;[PANNTCA66TM] EXPLORE PANTS CAB (Verde Militar, M);EXPLORE PANTS;CAB;M;Verde Militar;1;La Grieta;julio-2026
07/07/2026 16:36:43;PANNTCA12TM;[PANNTCA12TM] EXPLORE PANTS CAB (Azul Marino, M);EXPLORE PANTS;CAB;M;Azul Marino;1;La Grieta;julio-2026
07/07/2026 15:33:27;PANNTCA33TS;[PANNTCA33TS] EXPLORE PANTS CAB (Kaki, S);EXPLORE PANTS;CAB;S;Kaki;1;Sambil Valencia;julio-2026
07/07/2026 15:33:27;PANNTCA43TS;[PANNTCA43TS] EXPLORE PANTS CAB (Negro, S);EXPLORE PANTS;CAB;S;Negro;1;Sambil Valencia;julio-2026
07/07/2026 12:29:17;PANNTCA66TL;[PANNTCA66TL] EXPLORE PANTS CAB (Verde Militar, L);EXPLORE PANTS;CAB;L;Verde Militar;1;Cerro Verde ;julio-2026
07/07/2026 12:28:28;PANNTCA12TM;[PANNTCA12TM] EXPLORE PANTS CAB (Azul Marino, M);EXPLORE PANTS;CAB;M;Azul Marino;-1;Cerro Verde ;julio-2026
06/07/2026 20:09:25;PANNTDA66TS;[PANNTDA66TS] EXPLORE PANTS DAMA (Verde Militar, S);EXPLORE PANTS;DAMA;S;Verde Militar;3;La Vela;julio-2026
06/07/2026 20:09:25;PANNTCA66TM;[PANNTCA66TM] EXPLORE PANTS CAB (Verde Militar, M);EXPLORE PANTS;CAB;M;Verde Militar;1;La Vela;julio-2026
06/07/2026 20:09:25;PANNTDA66TM;[PANNTDA66TM] EXPLORE PANTS DAMA (Verde Militar, M);EXPLORE PANTS;DAMA;M;Verde Militar;1;La Vela;julio-2026
06/07/2026 20:09:25;PANNTCA66TS;[PANNTCA66TS] EXPLORE PANTS CAB (Verde Militar, S);EXPLORE PANTS;CAB;S;Verde Militar;1;La Vela;julio-2026
06/07/2026 20:09:25;PANNTDA66TL;[PANNTDA66TL] EXPLORE PANTS DAMA (Verde Militar, L);EXPLORE PANTS;DAMA;L;Verde Militar;1;La Vela;julio-2026
06/07/2026 20:09:25;PANNTDA43TM;[PANNTDA43TM] EXPLORE PANTS DAMA (Negro, M);EXPLORE PANTS;DAMA;M;Negro;1;La Vela;julio-2026
06/07/2026 19:51:54;PANNTDA43TXS;[PANNTDA43TXS] EXPLORE PANTS DAMA (Negro, XS);EXPLORE PANTS;DAMA;XS;Negro;1;Sambil Chacao ;julio-2026
06/07/2026 18:34:12;PANNTCA43TL;[PANNTCA43TL] EXPLORE PANTS CAB (Negro, L);EXPLORE PANTS;CAB;L;Negro;1;Sambil Chacao ;julio-2026
06/07/2026 16:55:47;PANNTDA33TL;[PANNTDA33TL] EXPLORE PANTS DAMA (Kaki, L);EXPLORE PANTS;DAMA;L;Kaki;1;La Grieta;julio-2026
06/07/2026 15:20:17;PANNTCA12TL;[PANNTCA12TL] EXPLORE PANTS CAB (Azul Marino, L);EXPLORE PANTS;CAB;L;Azul Marino;1;Sambil Valencia;julio-2026
05/07/2026 18:52:01;PANNTCA30TL;[PANNTCA30TL] EXPLORE PANTS CAB (Gris Claro, L);EXPLORE PANTS;CAB;L;Gris Claro;1;Cerro Verde ;julio-2026
05/07/2026 16:28:44;PANNTCA31TM;[PANNTCA31TM] EXPLORE PANTS CAB (Gris Oscuro, M);EXPLORE PANTS;CAB;M;Gris Oscuro;1;Tolon;julio-2026
05/07/2026 16:25:46;PANNTCA33TS;[PANNTCA33TS] EXPLORE PANTS CAB (Kaki, S);EXPLORE PANTS;CAB;S;Kaki;1;Tolon;julio-2026
05/07/2026 15:09:14;PANNTCA33TL;[PANNTCA33TL] EXPLORE PANTS CAB (Kaki, L);EXPLORE PANTS;CAB;L;Kaki;1;Sambil Valencia;julio-2026
04/07/2026 19:16:14;PANNTCA33TL;[PANNTCA33TL] EXPLORE PANTS CAB (Kaki, L);EXPLORE PANTS;CAB;L;Kaki;1;Sambil Chacao ;julio-2026
04/07/2026 18:57:45;PANNTDA33TS;[PANNTDA33TS] EXPLORE PANTS DAMA (Kaki, S);EXPLORE PANTS;DAMA;S;Kaki;1;Tolon;julio-2026
04/07/2026 17:17:33;PANNTCA43TM;[PANNTCA43TM] EXPLORE PANTS CAB (Negro, M);EXPLORE PANTS;CAB;M;Negro;1;La Grieta;julio-2026
04/07/2026 16:49:57;PANNTDA66TXL;[PANNTDA66TXL] EXPLORE PANTS DAMA (Verde Militar, XL);EXPLORE PANTS;DAMA;XL;Verde Militar;1;Sambil Valencia;julio-2026
04/07/2026 13:06:16;PANNTCA33TL;[PANNTCA33TL] EXPLORE PANTS CAB (Kaki, L);EXPLORE PANTS;CAB;L;Kaki;1;La Grieta;julio-2026
04/07/2026 13:05:26;PANNTCA33TM;[PANNTCA33TM] EXPLORE PANTS CAB (Kaki, M);EXPLORE PANTS;CAB;M;Kaki;-1;La Grieta;julio-2026
03/07/2026 21:03:32;PANNTDA43TM;[PANNTDA43TM] EXPLORE PANTS DAMA (Negro, M);EXPLORE PANTS;DAMA;M;Negro;1;Sambil Valencia;julio-2026
03/07/2026 19:31:18;PANNTDA12TL;[PANNTDA12TL] EXPLORE PANTS DAMA (Azul Marino, L);EXPLORE PANTS;DAMA;L;Azul Marino;1;Sambil Chacao ;julio-2026
03/07/2026 19:31:18;PANNTDA33TL;[PANNTDA33TL] EXPLORE PANTS DAMA (Kaki, L);EXPLORE PANTS;DAMA;L;Kaki;1;Sambil Chacao ;julio-2026
03/07/2026 18:56:19;PANNTDA43TM;[PANNTDA43TM] EXPLORE PANTS DAMA (Negro, M);EXPLORE PANTS;DAMA;M;Negro;1;Sambil Chacao ;julio-2026
03/07/2026 17:30:16;PANNTCA30TM;[PANNTCA30TM] EXPLORE PANTS CAB (Gris Claro, M);EXPLORE PANTS;CAB;M;Gris Claro;1;La Grieta;julio-2026
03/07/2026 17:18:54;PANNTDA66TXL;[PANNTDA66TXL] EXPLORE PANTS DAMA (Verde Militar, XL);EXPLORE PANTS;DAMA;XL;Verde Militar;1;La Grieta;julio-2026
03/07/2026 12:49:43;PANNTDA66TL;[PANNTDA66TL] EXPLORE PANTS DAMA (Verde Militar, L);EXPLORE PANTS;DAMA;L;Verde Militar;1;La Grieta;julio-2026
02/07/2026 18:53:42;PANNTCA30TL;[PANNTCA30TL] EXPLORE PANTS CAB (Gris Claro, L);EXPLORE PANTS;CAB;L;Gris Claro;1;Sambil Chacao ;julio-2026
02/07/2026 18:53:42;PANNTCA43TS;[PANNTCA43TS] EXPLORE PANTS CAB (Negro, S);EXPLORE PANTS;CAB;S;Negro;1;Sambil Chacao ;julio-2026
02/07/2026 16:53:15;PANNTCA43TL;[PANNTCA43TL] EXPLORE PANTS CAB (Negro, L);EXPLORE PANTS;CAB;L;Negro;1;Sambil Chacao ;julio-2026
02/07/2026 15:03:38;PANNTKI43T10;[PANNTKI43T10] EXPLORE PANTS KIDS (Negro, 10);EXPLORE PANTS;KIDS;10;Negro;1;La Grieta;julio-2026
01/07/2026 16:54:59;PANNTCA43TL;[PANNTCA43TL] EXPLORE PANTS CAB (Negro, L);EXPLORE PANTS;CAB;L;Negro;1;Sambil Chacao ;julio-2026
01/07/2026 16:54:59;PANNTCA30TL;[PANNTCA30TL] EXPLORE PANTS CAB (Gris Claro, L);EXPLORE PANTS;CAB;L;Gris Claro;1;Sambil Chacao ;julio-2026
01/07/2026 12:24:46;PANNTCA33TS;[PANNTCA33TS] EXPLORE PANTS CAB (Kaki, S);EXPLORE PANTS;CAB;S;Kaki;1;La Grieta;julio-2026
