Ubicación;Producto;SKU;MODELO;GENERO;TALLA;COLOR;Cantidad en inventario
CERRO VERDE;[JAPCA162TS] CUADRO JACKET 2.0 CAB (S, Azul Polo);JAPCA162TS;CUADRO JACKET 2.0 CAB;Caballero;S;Azul Polo;7,00
CERRO VERDE;[JAPCA43TS] CUADRO JACKET 2.0 CAB (S, NEGRO);JAPCA43TS;CUADRO JACKET 2.0 CAB;Caballero;S;Negro;2,00
CERRO VERDE;[JAPCA01TS] CUADRO JACKET 2.0 CAB (S, AGUAMARINA);JAPCA01TS;CUADRO JACKET 2.0 CAB;Caballero;S;Aguamarina;13,00
CERRO VERDE;[JAPCA66TS] CUADRO JACKET 2.0 CAB (S, VERDE MILITAR);JAPCA66TS;CUADRO JACKET 2.0 CAB;Caballero;S;Verde Militar;9,00
CERRO VERDE;[JAPCA16TS] CUADRO JACKET 2.0 CAB (S, BLANCO);JAPCA16TS;CUADRO JACKET 2.0 CAB;Caballero;S;Blanco;12,00
CERRO VERDE;[JAPCA66TM] CUADRO JACKET 2.0 CAB (M, VERDE MILITAR);JAPCA66TM;CUADRO JACKET 2.0 CAB;Caballero;M;Verde Militar;6,00
CERRO VERDE;[JAPCA43TM] CUADRO JACKET 2.0 CAB (M, NEGRO);JAPCA43TM;CUADRO JACKET 2.0 CAB;Caballero;M;Negro;9,00
CERRO VERDE;[JAPCA01TM] CUADRO JACKET 2.0 CAB (M, AGUAMARINA);JAPCA01TM;CUADRO JACKET 2.0 CAB;Caballero;M;Aguamarina;11,00
CERRO VERDE;[JAPCA16TM] CUADRO JACKET 2.0 CAB (M, BLANCO);JAPCA16TM;CUADRO JACKET 2.0 CAB;Caballero;M;Blanco;8,00
CERRO VERDE;[JAPCA162TL] CUADRO JACKET 2.0 CAB (L, Azul Polo);JAPCA162TL;CUADRO JACKET 2.0 CAB;Caballero;L;Azul Polo;4,00
CERRO VERDE;[JAPCA43TL] CUADRO JACKET 2.0 CAB (L, NEGRO);JAPCA43TL;CUADRO JACKET 2.0 CAB;Caballero;L;Negro;8,00
CERRO VERDE;[JAPCA66TL] CUADRO JACKET 2.0 CAB (L, VERDE MILITAR);JAPCA66TL;CUADRO JACKET 2.0 CAB;Caballero;L;Verde Militar;11,00
CERRO VERDE;[JAPCA01TL] CUADRO JACKET 2.0 CAB (L, AGUAMARINA);JAPCA01TL;CUADRO JACKET 2.0 CAB;Caballero;L;Aguamarina;10,00
CERRO VERDE;[JAPCA16TL] CUADRO JACKET 2.0 CAB (L, BLANCO);JAPCA16TL;CUADRO JACKET 2.0 CAB;Caballero;L;Blanco;8,00
CERRO VERDE;[JAPCA162T2XL] CUADRO JACKET 2.0 CAB (2XL, Azul Polo);JAPCA162T2XL;CUADRO JACKET 2.0 CAB;Caballero;2XL;Azul Polo;7,00
CERRO VERDE;[JAPCA43T2XL] CUADRO JACKET 2.0 CAB (2XL, NEGRO);JAPCA43T2XL;CUADRO JACKET 2.0 CAB;Caballero;2XL;Negro;7,00
CERRO VERDE;[JAPCA66T2XL] CUADRO JACKET 2.0 CAB (2XL, VERDE MILITAR);JAPCA66T2XL;CUADRO JACKET 2.0 CAB;Caballero;2XL;Verde Militar;4,00
CERRO VERDE;[JAPCA01T2XL] CUADRO JACKET 2.0 CAB (2XL, AGUAMARINA);JAPCA01T2XL;CUADRO JACKET 2.0 CAB;Caballero;2XL;Aguamarina;10,00
CERRO VERDE;[JAPCA16T2XL] CUADRO JACKET 2.0 CAB (2XL, BLANCO);JAPCA16T2XL;CUADRO JACKET 2.0 CAB;Caballero;2XL;Blanco;9,00
CERRO VERDE;[JAPDA162TXL] CUADRO JACKET 2.0 DAMA (XL, Azul Polo);JAPDA162TXL;CUADRO JACKET 2.0 DAMA;Dama;XL;Azul Polo;10,00
CERRO VERDE;[JAPCA01TXL] CUADRO JACKET 2.0 CAB (XL, AGUAMARINA);JAPCA01TXL;CUADRO JACKET 2.0 CAB;Caballero;XL;Aguamarina;10,00
CERRO VERDE;[JAPCA16TXL] CUADRO JACKET 2.0 CAB (XL, BLANCO);JAPCA16TXL;CUADRO JACKET 2.0 CAB;Caballero;XL;Blanco;8,00
CERRO VERDE;[JAPCA66TXL] CUADRO JACKET 2.0 CAB (XL, VERDE MILITAR);JAPCA66TXL;CUADRO JACKET 2.0 CAB;Caballero;XL;Verde Militar;10,00
CERRO VERDE;[JAPDA162TXS] CUADRO JACKET 2.0 DAMA (XS, Azul Polo);JAPDA162TXS;CUADRO JACKET 2.0 DAMA;Dama;XS;Azul Polo;2,00
CERRO VERDE;[JAPDA01TXS] CUADRO JACKET 2.0 DAMA (XS, AGUAMARINA);JAPDA01TXS;CUADRO JACKET 2.0 DAMA;Dama;XS;Aguamarina;9,00
CERRO VERDE;[JAPDA35TXS] CUADRO JACKET 2.0 DAMA (XS, Magenta);JAPDA35TXS;CUADRO JACKET 2.0 DAMA;Dama;XS;Magenta;7,00
CERRO VERDE;[JAPDA16TXS] CUADRO JACKET 2.0 DAMA (XS, BLANCO);JAPDA16TXS;CUADRO JACKET 2.0 DAMA;Dama;XS;Blanco;9,00
CERRO VERDE;[JAPDA43TXS] CUADRO JACKET 2.0 DAMA (XS, NEGRO);JAPDA43TXS;CUADRO JACKET 2.0 DAMA;Dama;XS;Negro;8,00
CERRO VERDE;[JAPDA66TXS] CUADRO JACKET 2.0 DAMA (XS, VERDE MILITAR);JAPDA66TXS;CUADRO JACKET 2.0 DAMA;Dama;XS;Verde Militar;9,00
CERRO VERDE;[JAPDA01TS] CUADRO JACKET 2.0 DAMA (S, AGUAMARINA);JAPDA01TS;CUADRO JACKET 2.0 DAMA;Dama;S;Aguamarina;8,00
CERRO VERDE;[JAPDA66TS] CUADRO JACKET 2.0 DAMA (S, VERDE MILITAR);JAPDA66TS;CUADRO JACKET 2.0 DAMA;Dama;S;Verde Militar;4,00
CERRO VERDE;[JAPDA162TS] CUADRO JACKET 2.0 DAMA (S, Azul Polo);JAPDA162TS;CUADRO JACKET 2.0 DAMA;Dama;S;Azul Polo;9,00
CERRO VERDE;[JAPDA35TS] CUADRO JACKET 2.0 DAMA (S, Magenta);JAPDA35TS;CUADRO JACKET 2.0 DAMA;Dama;S;Magenta;7,00
CERRO VERDE;[JAPDA16TS] CUADRO JACKET 2.0 DAMA (S, BLANCO);JAPDA16TS;CUADRO JACKET 2.0 DAMA;Dama;S;Blanco;11,00
CERRO VERDE;[JAPDA43TS] CUADRO JACKET 2.0 DAMA (S, NEGRO);JAPDA43TS;CUADRO JACKET 2.0 DAMA;Dama;S;Negro;6,00
CERRO VERDE;[JAPDA16TM] CUADRO JACKET 2.0 DAMA (M, BLANCO);JAPDA16TM;CUADRO JACKET 2.0 DAMA;Dama;M;Blanco;9,00
CERRO VERDE;[JAPDA43TM] CUADRO JACKET 2.0 DAMA (M, NEGRO);JAPDA43TM;CUADRO JACKET 2.0 DAMA;Dama;M;Negro;6,00
CERRO VERDE;[JAPDA35TM] CUADRO JACKET 2.0 DAMA (M, Magenta);JAPDA35TM;CUADRO JACKET 2.0 DAMA;Dama;M;Magenta;8,00
CERRO VERDE;[JAPDA162TM] CUADRO JACKET 2.0 DAMA (M, Azul Polo);JAPDA162TM;CUADRO JACKET 2.0 DAMA;Dama;M;Azul Polo;10,00
CERRO VERDE;[JAPDA01TM] CUADRO JACKET 2.0 DAMA (M, AGUAMARINA);JAPDA01TM;CUADRO JACKET 2.0 DAMA;Dama;M;Aguamarina;8,00
CERRO VERDE;[JAPDA66TM] CUADRO JACKET 2.0 DAMA (M, VERDE MILITAR);JAPDA66TM;CUADRO JACKET 2.0 DAMA;Dama;M;Verde Militar;8,00
CERRO VERDE;[JAPDA01TL] CUADRO JACKET 2.0 DAMA (L, AGUAMARINA);JAPDA01TL;CUADRO JACKET 2.0 DAMA;Dama;L;Aguamarina;8,00
CERRO VERDE;[JAPDA66TL] CUADRO JACKET 2.0 DAMA (L, VERDE MILITAR);JAPDA66TL;CUADRO JACKET 2.0 DAMA;Dama;L;Verde Militar;7,00
CERRO VERDE;[JAPDA162TL] CUADRO JACKET 2.0 DAMA (L, Azul Polo);JAPDA162TL;CUADRO JACKET 2.0 DAMA;Dama;L;Azul Polo;5,00
CERRO VERDE;[JAPDA35TL] CUADRO JACKET 2.0 DAMA (L, Magenta);JAPDA35TL;CUADRO JACKET 2.0 DAMA;Dama;L;Magenta;10,00
CERRO VERDE;[JAPDA43TL] CUADRO JACKET 2.0 DAMA (L, NEGRO);JAPDA43TL;CUADRO JACKET 2.0 DAMA;Dama;L;Negro;11,00
CERRO VERDE;[JAPDA16TL] CUADRO JACKET 2.0 DAMA (L, BLANCO);JAPDA16TL;CUADRO JACKET 2.0 DAMA;Dama;L;Blanco;9,00
CERRO VERDE;[JAPDA66TXL] CUADRO JACKET 2.0 DAMA (XL, VERDE MILITAR);JAPDA66TXL;CUADRO JACKET 2.0 DAMA;Dama;XL;Verde Militar;13,00
CERRO VERDE;[JAPDA43TXL] CUADRO JACKET 2.0 DAMA (XL, NEGRO);JAPDA43TXL;CUADRO JACKET 2.0 DAMA;Dama;XL;Negro;12,00
CERRO VERDE;[JAPDA01TXL] CUADRO JACKET 2.0 DAMA (XL, AGUAMARINA);JAPDA01TXL;CUADRO JACKET 2.0 DAMA;Dama;XL;Aguamarina;11,00
CERRO VERDE;[JAPDA16TXL] CUADRO JACKET 2.0 DAMA (XL, BLANCO);JAPDA16TXL;CUADRO JACKET 2.0 DAMA;Dama;XL;Blanco;9,00
CERRO VERDE;[JAPCA162TXL] CUADRO JACKET 2.0 CAB (XL, Azul Polo);JAPCA162TXL;CUADRO JACKET 2.0 CAB;Caballero;XL;Azul Polo;6,00
CERRO VERDE;[JAPDA35TXL] CUADRO JACKET 2.0 DAMA (XL, Magenta);JAPDA35TXL;CUADRO JACKET 2.0 DAMA;Dama;XL;Magenta;11,00
CERRO VERDE;[JAPKI162T2] CUADRO JACKET 2.0 KIDS (2, Azul Polo);JAPKI162T2;CUADRO JACKET 2.0 KIDS;Kids;2;Azul Polo;4,00
CERRO VERDE;[JAPKI35T2] CUADRO JACKET 2.0 KIDS (2, Magenta);JAPKI35T2;CUADRO JACKET 2.0 KIDS;Kids;2;Magenta;7,00
CERRO VERDE;[JAPKI01T2] CUADRO JACKET 2.0 KIDS (2, AGUAMARINA);JAPKI01T2;CUADRO JACKET 2.0 KIDS;Kids;2;Aguamarina;8,00
CERRO VERDE;[JAPKI43T2] CUADRO JACKET 2.0 KIDS (2, NEGRO);JAPKI43T2;CUADRO JACKET 2.0 KIDS;Kids;2;Negro;11,00
CERRO VERDE;[JAPKI35T4] CUADRO JACKET 2.0 KIDS (4, Magenta);JAPKI35T4;CUADRO JACKET 2.0 KIDS;Kids;4;Magenta;5,00
CERRO VERDE;[JAPKI43T4] CUADRO JACKET 2.0 KIDS (4, NEGRO);JAPKI43T4;CUADRO JACKET 2.0 KIDS;Kids;4;Negro;8,00
CERRO VERDE;[JAPKI01T4] CUADRO JACKET 2.0 KIDS (4, AGUAMARINA);JAPKI01T4;CUADRO JACKET 2.0 KIDS;Kids;4;Aguamarina;5,00
CERRO VERDE;[JAPKI35T6] CUADRO JACKET 2.0 KIDS (6, Magenta);JAPKI35T6;CUADRO JACKET 2.0 KIDS;Kids;6;Magenta;3,00
CERRO VERDE;[JAPKI43T6] CUADRO JACKET 2.0 KIDS (6, NEGRO);JAPKI43T6;CUADRO JACKET 2.0 KIDS;Kids;6;Negro;5,00
CERRO VERDE;[JAPKI01T8] CUADRO JACKET 2.0 KIDS (8, AGUAMARINA);JAPKI01T8;CUADRO JACKET 2.0 KIDS;Kids;8;Aguamarina;10,00
CERRO VERDE;[JAPKI162T8] CUADRO JACKET 2.0 KIDS (8, Azul Polo);JAPKI162T8;CUADRO JACKET 2.0 KIDS;Kids;8;Azul Polo;5,00
CERRO VERDE;[JAPKI35T8] CUADRO JACKET 2.0 KIDS (8, Magenta);JAPKI35T8;CUADRO JACKET 2.0 KIDS;Kids;8;Magenta;10,00
CERRO VERDE;[JAPKI01T6] CUADRO JACKET 2.0 KIDS (6, AGUAMARINA);JAPKI01T6;CUADRO JACKET 2.0 KIDS;Kids;6;Aguamarina;5,00
CERRO VERDE;[JAPKI43T8] CUADRO JACKET 2.0 KIDS (8, NEGRO);JAPKI43T8;CUADRO JACKET 2.0 KIDS;Kids;8;Negro;7,00
CERRO VERDE;[JAPKI35T10] CUADRO JACKET 2.0 KIDS (10, Magenta);JAPKI35T10;CUADRO JACKET 2.0 KIDS;Kids;10;Magenta;6,00
CERRO VERDE;[JAPKI162T10] CUADRO JACKET 2.0 KIDS (10, Azul Polo);JAPKI162T10;CUADRO JACKET 2.0 KIDS;Kids;10;Azul Polo;6,00
CERRO VERDE;[JAPKI01T10] CUADRO JACKET 2.0 KIDS (10, AGUAMARINA);JAPKI01T10;CUADRO JACKET 2.0 KIDS;Kids;10;Aguamarina;7,00
CERRO VERDE;[JAPKI43T10] CUADRO JACKET 2.0 KIDS (10, NEGRO);JAPKI43T10;CUADRO JACKET 2.0 KIDS;Kids;10;Negro;7,00
CERRO VERDE;[JAPKI43T12] CUADRO JACKET 2.0 KIDS (12, NEGRO);JAPKI43T12;CUADRO JACKET 2.0 KIDS;Kids;12;Negro;8,00
CERRO VERDE;[JAPKI35T12] CUADRO JACKET 2.0 KIDS (12, Magenta);JAPKI35T12;CUADRO JACKET 2.0 KIDS;Kids;12;Magenta;5,00
CERRO VERDE;[JAPKI01T12] CUADRO JACKET 2.0 KIDS (12, AGUAMARINA);JAPKI01T12;CUADRO JACKET 2.0 KIDS;Kids;12;Aguamarina;4,00
CERRO VERDE;[JAPKI162T12] CUADRO JACKET 2.0 KIDS (12, Azul Polo);JAPKI162T12;CUADRO JACKET 2.0 KIDS;Kids;12;Azul Polo;6,00
CERRO VERDE;[JAPCA43TXL] CUADRO JACKET 2.0 CAB (XL, NEGRO);JAPCA43TXL;CUADRO JACKET 2.0 CAB;Caballero;XL;Negro;9,00
CERRO VERDE;[JAPCA162TM] CUADRO JACKET 2.0 CAB (M, Azul Polo);JAPCA162TM;CUADRO JACKET 2.0 CAB;Caballero;M;Azul Polo;6,00
CERRO VERDE;[JAPDA16TS] CUADRO JACKET 2.0 DAMA (S, BLANCO);JAPDA16TS;CUADRO JACKET 2.0 DAMA;Dama;S;Blanco;2,00
CERRO VERDE;[JAPDA01TXS] CUADRO JACKET 2.0 DAMA (XS, AGUAMARINA);JAPDA01TXS;CUADRO JACKET 2.0 DAMA;Dama;XS;Aguamarina;3,00
CERRO VERDE;[JAPDA16TM] CUADRO JACKET 2.0 DAMA (M, BLANCO);JAPDA16TM;CUADRO JACKET 2.0 DAMA;Dama;M;Blanco;2,00
CERRO VERDE;[JAPDA16TL] CUADRO JACKET 2.0 DAMA (L, BLANCO);JAPDA16TL;CUADRO JACKET 2.0 DAMA;Dama;L;Blanco;2,00
CERRO VERDE;[JAPDA16TXL] CUADRO JACKET 2.0 DAMA (XL, BLANCO);JAPDA16TXL;CUADRO JACKET 2.0 DAMA;Dama;XL;Blanco;1,00
CERRO VERDE;[JAPDA35TL] CUADRO JACKET 2.0 DAMA (L, Magenta);JAPDA35TL;CUADRO JACKET 2.0 DAMA;Dama;L;Magenta;3,00
CERRO VERDE;[JAPDA35TXL] CUADRO JACKET 2.0 DAMA (XL, Magenta);JAPDA35TXL;CUADRO JACKET 2.0 DAMA;Dama;XL;Magenta;1,00
CERRO VERDE;[JAPDA66TXS] CUADRO JACKET 2.0 DAMA (XS, VERDE MILITAR);JAPDA66TXS;CUADRO JACKET 2.0 DAMA;Dama;XS;Verde Militar;2,00
CERRO VERDE;[JAPDA66TS] CUADRO JACKET 2.0 DAMA (S, VERDE MILITAR);JAPDA66TS;CUADRO JACKET 2.0 DAMA;Dama;S;Verde Militar;4,00
CERRO VERDE;[JAPDA66TL] CUADRO JACKET 2.0 DAMA (L, VERDE MILITAR);JAPDA66TL;CUADRO JACKET 2.0 DAMA;Dama;L;Verde Militar;4,00
CERRO VERDE;[JAPDA43TL] CUADRO JACKET 2.0 DAMA (L, NEGRO);JAPDA43TL;CUADRO JACKET 2.0 DAMA;Dama;L;Negro;2,00
CERRO VERDE;[JAPCA01T2XL] CUADRO JACKET 2.0 CAB (2XL, AGUAMARINA);JAPCA01T2XL;CUADRO JACKET 2.0 CAB;Caballero;2XL;Aguamarina;1,00
CERRO VERDE;[JAPCA01TXL] CUADRO JACKET 2.0 CAB (XL, AGUAMARINA);JAPCA01TXL;CUADRO JACKET 2.0 CAB;Caballero;XL;Aguamarina;1,00
CERRO VERDE;[JAPCA01TS] CUADRO JACKET 2.0 CAB (S, AGUAMARINA);JAPCA01TS;CUADRO JACKET 2.0 CAB;Caballero;S;Aguamarina;1,00
CERRO VERDE;[JAPCA43T2XL] CUADRO JACKET 2.0 CAB (2XL, NEGRO);JAPCA43T2XL;CUADRO JACKET 2.0 CAB;Caballero;2XL;Negro;5,00
CERRO VERDE;[JAPCA43TL] CUADRO JACKET 2.0 CAB (L, NEGRO);JAPCA43TL;CUADRO JACKET 2.0 CAB;Caballero;L;Negro;8,00
CERRO VERDE;[JAPCA16TXL] CUADRO JACKET 2.0 CAB (XL, BLANCO);JAPCA16TXL;CUADRO JACKET 2.0 CAB;Caballero;XL;Blanco;3,00
CERRO VERDE;[JAPCA16TS] CUADRO JACKET 2.0 CAB (S, BLANCO);JAPCA16TS;CUADRO JACKET 2.0 CAB;Caballero;S;Blanco;1,00
CERRO VERDE;[JAPCA162T2XL] CUADRO JACKET 2.0 CAB (2XL, Azul Polo);JAPCA162T2XL;CUADRO JACKET 2.0 CAB;Caballero;2XL;Azul Polo;1,00
CERRO VERDE;[JAPKI01T2] CUADRO JACKET 2.0 KIDS (2, AGUAMARINA);JAPKI01T2;CUADRO JACKET 2.0 KIDS;Kids;2;Aguamarina;1,00
CERRO VERDE;[JAPKI43T8] CUADRO JACKET 2.0 KIDS (8, NEGRO);JAPKI43T8;CUADRO JACKET 2.0 KIDS;Kids;8;Negro;3,00
CERRO VERDE;[JAPKI43T4] CUADRO JACKET 2.0 KIDS (4, NEGRO);JAPKI43T4;CUADRO JACKET 2.0 KIDS;Kids;4;Negro;1,00
CERRO VERDE;[JAPKI43T2] CUADRO JACKET 2.0 KIDS (2, NEGRO);JAPKI43T2;CUADRO JACKET 2.0 KIDS;Kids;2;Negro;1,00
CERRO VERDE;[JAPKI162T2] CUADRO JACKET 2.0 KIDS (2, Azul Polo);JAPKI162T2;CUADRO JACKET 2.0 KIDS;Kids;2;Azul Polo;2,00
CERRO VERDE;[JAPKI35T4] CUADRO JACKET 2.0 KIDS (4, Magenta);JAPKI35T4;CUADRO JACKET 2.0 KIDS;Kids;4;Magenta;2,00
CERRO VERDE;[JAPKI35T6] CUADRO JACKET 2.0 KIDS (6, Magenta);JAPKI35T6;CUADRO JACKET 2.0 KIDS;Kids;6;Magenta;1,00
CERRO VERDE;[JAPKI35T10] CUADRO JACKET 2.0 KIDS (10, Magenta);JAPKI35T10;CUADRO JACKET 2.0 KIDS;Kids;10;Magenta;3,00
CERRO VERDE;[JAPCA43TM] CUADRO JACKET 2.0 CAB (M, NEGRO);JAPCA43TM;CUADRO JACKET 2.0 CAB;Caballero;M;Negro;5,00
CERRO VERDE;[JAPCA66TXL] CUADRO JACKET 2.0 CAB (XL, VERDE MILITAR);JAPCA66TXL;CUADRO JACKET 2.0 CAB;Caballero;XL;Verde Militar;1,00
CERRO VERDE;[JAPKI35T8] CUADRO JACKET 2.0 KIDS (8, Magenta);JAPKI35T8;CUADRO JACKET 2.0 KIDS;Kids;8;Magenta;2,00
CERRO VERDE;[JAPDA162TM] CUADRO JACKET 2.0 DAMA (M, Azul Polo);JAPDA162TM;CUADRO JACKET 2.0 DAMA;Dama;M;Azul Polo;2,00
CERRO VERDE;[JAPCA01TM] CUADRO JACKET 2.0 CAB (M, AGUAMARINA);JAPCA01TM;CUADRO JACKET 2.0 CAB;Caballero;M;Aguamarina;1,00
CERRO VERDE;[JAPDA66TM] CUADRO JACKET 2.0 DAMA (M, VERDE MILITAR);JAPDA66TM;CUADRO JACKET 2.0 DAMA;Dama;M;Verde Militar;3,00
CERRO VERDE;[JAPCA43TXL] CUADRO JACKET 2.0 CAB (XL, NEGRO);JAPCA43TXL;CUADRO JACKET 2.0 CAB;Caballero;XL;Negro;7,00
CERRO VERDE;[JAPDA01TXL] CUADRO JACKET 2.0 DAMA (XL, AGUAMARINA);JAPDA01TXL;CUADRO JACKET 2.0 DAMA;Dama;XL;Aguamarina;1,00
CERRO VERDE;[JAPDA66TXL] CUADRO JACKET 2.0 DAMA (XL, VERDE MILITAR);JAPDA66TXL;CUADRO JACKET 2.0 DAMA;Dama;XL;Verde Militar;1,00
CERRO VERDE;[JAPKI162T10] CUADRO JACKET 2.0 KIDS (10, Azul Polo);JAPKI162T10;CUADRO JACKET 2.0 KIDS;Kids;10;Azul Polo;3,00
CERRO VERDE;[JAPKI43T10] CUADRO JACKET 2.0 KIDS (10, NEGRO);JAPKI43T10;CUADRO JACKET 2.0 KIDS;Kids;10;Negro;4,00
CERRO VERDE;[JAPDA43TXS] CUADRO JACKET 2.0 DAMA (XS, NEGRO);JAPDA43TXS;CUADRO JACKET 2.0 DAMA;Dama;XS;Negro;2,00
CERRO VERDE;[JAPKI01T8] CUADRO JACKET 2.0 KIDS (8, AGUAMARINA);JAPKI01T8;CUADRO JACKET 2.0 KIDS;Kids;8;Aguamarina;1,00
CERRO VERDE;[JAPCA162TM] CUADRO JACKET 2.0 CAB (M, Azul Polo);JAPCA162TM;CUADRO JACKET 2.0 CAB;Caballero;M;Azul Polo;5,00
CERRO VERDE;[JAPDA35TM] CUADRO JACKET 2.0 DAMA (M, Magenta);JAPDA35TM;CUADRO JACKET 2.0 DAMA;Dama;M;Magenta;2,00
CERRO VERDE;[JAPKI162T8] CUADRO JACKET 2.0 KIDS (8, Azul Polo);JAPKI162T8;CUADRO JACKET 2.0 KIDS;Kids;8;Azul Polo;3,00
CERRO VERDE;[JAPKI43T6] CUADRO JACKET 2.0 KIDS (6, NEGRO);JAPKI43T6;CUADRO JACKET 2.0 KIDS;Kids;6;Negro;1,00
CERRO VERDE;[JAPCA66TL] CUADRO JACKET 2.0 CAB (L, VERDE MILITAR);JAPCA66TL;CUADRO JACKET 2.0 CAB;Caballero;L;Verde Militar;1,00
CERRO VERDE;[JAPCA66T2XL] CUADRO JACKET 2.0 CAB (2XL, VERDE MILITAR);JAPCA66T2XL;CUADRO JACKET 2.0 CAB;Caballero;2XL;Verde Militar;3,00
CERRO VERDE;[JAPCA43TS] CUADRO JACKET 2.0 CAB (S, NEGRO);JAPCA43TS;CUADRO JACKET 2.0 CAB;Caballero;S;Negro;3,00
CERRO VERDE;[JAPDA01TL] CUADRO JACKET 2.0 DAMA (L, AGUAMARINA);JAPDA01TL;CUADRO JACKET 2.0 DAMA;Dama;L;Aguamarina;2,00
CERRO VERDE;[JAPDA162TL] CUADRO JACKET 2.0 DAMA (L, Azul Polo);JAPDA162TL;CUADRO JACKET 2.0 DAMA;Dama;L;Azul Polo;1,00
CERRO VERDE;[JAPCA66TM] CUADRO JACKET 2.0 CAB (M, VERDE MILITAR);JAPCA66TM;CUADRO JACKET 2.0 CAB;Caballero;M;Verde Militar;5,00
CERRO VERDE;[JAPCA16TM] CUADRO JACKET 2.0 CAB (M, BLANCO);JAPCA16TM;CUADRO JACKET 2.0 CAB;Caballero;M;Blanco;2,00
CERRO VERDE;[JAPCA16TL] CUADRO JACKET 2.0 CAB (L, BLANCO);JAPCA16TL;CUADRO JACKET 2.0 CAB;Caballero;L;Blanco;2,00
CERRO VERDE;[JAPDA01TM] CUADRO JACKET 2.0 DAMA (M, AGUAMARINA);JAPDA01TM;CUADRO JACKET 2.0 DAMA;Dama;M;Aguamarina;1,00
CERRO VERDE;[JAPCA01TL] CUADRO JACKET 2.0 CAB (L, AGUAMARINA);JAPCA01TL;CUADRO JACKET 2.0 CAB;Caballero;L;Aguamarina;1,00
CERRO VERDE;[JAPKI35T12] CUADRO JACKET 2.0 KIDS (12, Magenta);JAPKI35T12;CUADRO JACKET 2.0 KIDS;Kids;12;Magenta;1,00
CERRO VERDE;[JAPDA35TS] CUADRO JACKET 2.0 DAMA (S, Magenta);JAPDA35TS;CUADRO JACKET 2.0 DAMA;Dama;S;Magenta;1,00
CERRO VERDE;[JAPDA16TXS] CUADRO JACKET 2.0 DAMA (XS, BLANCO);JAPDA16TXS;CUADRO JACKET 2.0 DAMA;Dama;XS;Blanco;1,00
CERRO VERDE;[JAPKI01T4] CUADRO JACKET 2.0 KIDS (4, AGUAMARINA);JAPKI01T4;CUADRO JACKET 2.0 KIDS;Kids;4;Aguamarina;1,00
CERRO VERDE;[JAPKI01T6] CUADRO JACKET 2.0 KIDS (6, AGUAMARINA);JAPKI01T6;CUADRO JACKET 2.0 KIDS;Kids;6;Aguamarina;1,00
CERRO VERDE;[JAPCA162TXL] CUADRO JACKET 2.0 CAB (XL, Azul Polo);JAPCA162TXL;CUADRO JACKET 2.0 CAB;Caballero;XL;Azul Polo;1,00
CERRO VERDE;[JAPDA43TS] CUADRO JACKET 2.0 DAMA (S, NEGRO);JAPDA43TS;CUADRO JACKET 2.0 DAMA;Dama;S;Negro;1,00
CERRO VERDE;[JAPCA16T2XL] CUADRO JACKET 2.0 CAB (2XL, BLANCO);JAPCA16T2XL;CUADRO JACKET 2.0 CAB;Caballero;2XL;Blanco;1,00
CERRO VERDE;[JAPKI162T12] CUADRO JACKET 2.0 KIDS (12, Azul Polo);JAPKI162T12;CUADRO JACKET 2.0 KIDS;Kids;12;Azul Polo;1,00
CERRO VERDE;[JAPDA43TM] CUADRO JACKET 2.0 DAMA (M, NEGRO);JAPDA43TM;CUADRO JACKET 2.0 DAMA;Dama;M;Negro;1,00
CERRO VERDE;[JAPKI01T12] CUADRO JACKET 2.0 KIDS (12, AGUAMARINA);JAPKI01T12;CUADRO JACKET 2.0 KIDS;Kids;12;Aguamarina;2,00
CERRO VERDE;[JAPDA162TXS] CUADRO JACKET 2.0 DAMA (XS, Azul Polo);JAPDA162TXS;CUADRO JACKET 2.0 DAMA;Dama;XS;Azul Polo;1,00
CHACAO;[JAPDA35TXL] CUADRO JACKET 2.0 DAMA (XL, Magenta);JAPDA35TXL;CUADRO JACKET 2.0 DAMA;Dama;XL;Magenta;7,00
CHACAO;[JAPDA01TXL] CUADRO JACKET 2.0 DAMA (XL, AGUAMARINA);JAPDA01TXL;CUADRO JACKET 2.0 DAMA;Dama;XL;Aguamarina;17,00
CHACAO;[JAPDA162TXL] CUADRO JACKET 2.0 DAMA (XL, Azul Polo);JAPDA162TXL;CUADRO JACKET 2.0 DAMA;Dama;XL;Azul Polo;9,00
CHACAO;[JAPDA16TXL] CUADRO JACKET 2.0 DAMA (XL, BLANCO);JAPDA16TXL;CUADRO JACKET 2.0 DAMA;Dama;XL;Blanco;15,00
CHACAO;[JAPDA43TXL] CUADRO JACKET 2.0 DAMA (XL, NEGRO);JAPDA43TXL;CUADRO JACKET 2.0 DAMA;Dama;XL;Negro;12,00
CHACAO;[JAPDA66TXL] CUADRO JACKET 2.0 DAMA (XL, VERDE MILITAR);JAPDA66TXL;CUADRO JACKET 2.0 DAMA;Dama;XL;Verde Militar;15,00
CHACAO;[JAPDA01TL] CUADRO JACKET 2.0 DAMA (L, AGUAMARINA);JAPDA01TL;CUADRO JACKET 2.0 DAMA;Dama;L;Aguamarina;9,00
CHACAO;[JAPDA35TL] CUADRO JACKET 2.0 DAMA (L, Magenta);JAPDA35TL;CUADRO JACKET 2.0 DAMA;Dama;L;Magenta;8,00
CHACAO;[JAPDA16TL] CUADRO JACKET 2.0 DAMA (L, BLANCO);JAPDA16TL;CUADRO JACKET 2.0 DAMA;Dama;L;Blanco;8,00
CHACAO;[JAPDA43TL] CUADRO JACKET 2.0 DAMA (L, NEGRO);JAPDA43TL;CUADRO JACKET 2.0 DAMA;Dama;L;Negro;9,00
CHACAO;[JAPDA66TL] CUADRO JACKET 2.0 DAMA (L, VERDE MILITAR);JAPDA66TL;CUADRO JACKET 2.0 DAMA;Dama;L;Verde Militar;13,00
CHACAO;[JAPDA162TL] CUADRO JACKET 2.0 DAMA (L, Azul Polo);JAPDA162TL;CUADRO JACKET 2.0 DAMA;Dama;L;Azul Polo;9,00
CHACAO;[JAPDA35TM] CUADRO JACKET 2.0 DAMA (M, Magenta);JAPDA35TM;CUADRO JACKET 2.0 DAMA;Dama;M;Magenta;6,00
CHACAO;[JAPDA01TM] CUADRO JACKET 2.0 DAMA (M, AGUAMARINA);JAPDA01TM;CUADRO JACKET 2.0 DAMA;Dama;M;Aguamarina;6,00
CHACAO;[JAPDA66TM] CUADRO JACKET 2.0 DAMA (M, VERDE MILITAR);JAPDA66TM;CUADRO JACKET 2.0 DAMA;Dama;M;Verde Militar;15,00
CHACAO;[JAPDA162TM] CUADRO JACKET 2.0 DAMA (M, Azul Polo);JAPDA162TM;CUADRO JACKET 2.0 DAMA;Dama;M;Azul Polo;11,00
CHACAO;[JAPDA43TM] CUADRO JACKET 2.0 DAMA (M, NEGRO);JAPDA43TM;CUADRO JACKET 2.0 DAMA;Dama;M;Negro;8,00
CHACAO;[JAPDA01TS] CUADRO JACKET 2.0 DAMA (S, AGUAMARINA);JAPDA01TS;CUADRO JACKET 2.0 DAMA;Dama;S;Aguamarina;9,00
CHACAO;[JAPDA43TS] CUADRO JACKET 2.0 DAMA (S, NEGRO);JAPDA43TS;CUADRO JACKET 2.0 DAMA;Dama;S;Negro;10,00
CHACAO;[JAPDA35TS] CUADRO JACKET 2.0 DAMA (S, Magenta);JAPDA35TS;CUADRO JACKET 2.0 DAMA;Dama;S;Magenta;8,00
CHACAO;[JAPDA162TS] CUADRO JACKET 2.0 DAMA (S, Azul Polo);JAPDA162TS;CUADRO JACKET 2.0 DAMA;Dama;S;Azul Polo;8,00
CHACAO;[JAPDA66TS] CUADRO JACKET 2.0 DAMA (S, VERDE MILITAR);JAPDA66TS;CUADRO JACKET 2.0 DAMA;Dama;S;Verde Militar;17,00
CHACAO;[JAPDA01TXS] CUADRO JACKET 2.0 DAMA (XS, AGUAMARINA);JAPDA01TXS;CUADRO JACKET 2.0 DAMA;Dama;XS;Aguamarina;6,00
CHACAO;[JAPDA162TXS] CUADRO JACKET 2.0 DAMA (XS, Azul Polo);JAPDA162TXS;CUADRO JACKET 2.0 DAMA;Dama;XS;Azul Polo;6,00
CHACAO;[JAPDA35TXS] CUADRO JACKET 2.0 DAMA (XS, Magenta);JAPDA35TXS;CUADRO JACKET 2.0 DAMA;Dama;XS;Magenta;7,00
CHACAO;[JAPDA16TXS] CUADRO JACKET 2.0 DAMA (XS, BLANCO);JAPDA16TXS;CUADRO JACKET 2.0 DAMA;Dama;XS;Blanco;8,00
CHACAO;[JAPDA66TXS] CUADRO JACKET 2.0 DAMA (XS, VERDE MILITAR);JAPDA66TXS;CUADRO JACKET 2.0 DAMA;Dama;XS;Verde Militar;20,00
CHACAO;[JAPCA43T2XL] CUADRO JACKET 2.0 CAB (2XL, NEGRO);JAPCA43T2XL;CUADRO JACKET 2.0 CAB;Caballero;2XL;Negro;14,00
CHACAO;[JAPCA66T2XL] CUADRO JACKET 2.0 CAB (2XL, VERDE MILITAR);JAPCA66T2XL;CUADRO JACKET 2.0 CAB;Caballero;2XL;Verde Militar;6,00
CHACAO;[JAPCA01T2XL] CUADRO JACKET 2.0 CAB (2XL, AGUAMARINA);JAPCA01T2XL;CUADRO JACKET 2.0 CAB;Caballero;2XL;Aguamarina;18,00
CHACAO;[JAPCA16T2XL] CUADRO JACKET 2.0 CAB (2XL, BLANCO);JAPCA16T2XL;CUADRO JACKET 2.0 CAB;Caballero;2XL;Blanco;13,00
CHACAO;[JAPCA162TXL] CUADRO JACKET 2.0 CAB (XL, Azul Polo);JAPCA162TXL;CUADRO JACKET 2.0 CAB;Caballero;XL;Azul Polo;8,00
CHACAO;[JAPCA16TXL] CUADRO JACKET 2.0 CAB (XL, BLANCO);JAPCA16TXL;CUADRO JACKET 2.0 CAB;Caballero;XL;Blanco;9,00
CHACAO;[JAPCA01TXL] CUADRO JACKET 2.0 CAB (XL, AGUAMARINA);JAPCA01TXL;CUADRO JACKET 2.0 CAB;Caballero;XL;Aguamarina;11,00
CHACAO;[JAPCA66TXL] CUADRO JACKET 2.0 CAB (XL, VERDE MILITAR);JAPCA66TXL;CUADRO JACKET 2.0 CAB;Caballero;XL;Verde Militar;9,00
CHACAO;[JAPCA43TXL] CUADRO JACKET 2.0 CAB (XL, NEGRO);JAPCA43TXL;CUADRO JACKET 2.0 CAB;Caballero;XL;Negro;8,00
CHACAO;[JAPCA01TL] CUADRO JACKET 2.0 CAB (L, AGUAMARINA);JAPCA01TL;CUADRO JACKET 2.0 CAB;Caballero;L;Aguamarina;14,00
CHACAO;[JAPCA16TL] CUADRO JACKET 2.0 CAB (L, BLANCO);JAPCA16TL;CUADRO JACKET 2.0 CAB;Caballero;L;Blanco;9,00
CHACAO;[JAPCA43TL] CUADRO JACKET 2.0 CAB (L, NEGRO);JAPCA43TL;CUADRO JACKET 2.0 CAB;Caballero;L;Negro;5,00
CHACAO;[JAPCA162TL] CUADRO JACKET 2.0 CAB (L, Azul Polo);JAPCA162TL;CUADRO JACKET 2.0 CAB;Caballero;L;Azul Polo;10,00
CHACAO;[JAPCA66TM] CUADRO JACKET 2.0 CAB (M, VERDE MILITAR);JAPCA66TM;CUADRO JACKET 2.0 CAB;Caballero;M;Verde Militar;8,00
CHACAO;[JAPCA01TM] CUADRO JACKET 2.0 CAB (M, AGUAMARINA);JAPCA01TM;CUADRO JACKET 2.0 CAB;Caballero;M;Aguamarina;19,00
CHACAO;[JAPCA162TM] CUADRO JACKET 2.0 CAB (M, Azul Polo);JAPCA162TM;CUADRO JACKET 2.0 CAB;Caballero;M;Azul Polo;6,00
CHACAO;[JAPCA01TS] CUADRO JACKET 2.0 CAB (S, AGUAMARINA);JAPCA01TS;CUADRO JACKET 2.0 CAB;Caballero;S;Aguamarina;16,00
CHACAO;[JAPCA66TS] CUADRO JACKET 2.0 CAB (S, VERDE MILITAR);JAPCA66TS;CUADRO JACKET 2.0 CAB;Caballero;S;Verde Militar;18,00
CHACAO;[JAPCA16TS] CUADRO JACKET 2.0 CAB (S, BLANCO);JAPCA16TS;CUADRO JACKET 2.0 CAB;Caballero;S;Blanco;12,00
CHACAO;[JAPCA162TS] CUADRO JACKET 2.0 CAB (S, Azul Polo);JAPCA162TS;CUADRO JACKET 2.0 CAB;Caballero;S;Azul Polo;8,00
CHACAO;[JAPCA43TS] CUADRO JACKET 2.0 CAB (S, NEGRO);JAPCA43TS;CUADRO JACKET 2.0 CAB;Caballero;S;Negro;8,00
CHACAO;[JAPKI43T12] CUADRO JACKET 2.0 KIDS (12, NEGRO);JAPKI43T12;CUADRO JACKET 2.0 KIDS;Kids;12;Negro;4,00
CHACAO;[JAPKI162T12] CUADRO JACKET 2.0 KIDS (12, Azul Polo);JAPKI162T12;CUADRO JACKET 2.0 KIDS;Kids;12;Azul Polo;5,00
CHACAO;[JAPKI35T12] CUADRO JACKET 2.0 KIDS (12, Magenta);JAPKI35T12;CUADRO JACKET 2.0 KIDS;Kids;12;Magenta;10,00
CHACAO;[JAPKI01T12] CUADRO JACKET 2.0 KIDS (12, AGUAMARINA);JAPKI01T12;CUADRO JACKET 2.0 KIDS;Kids;12;Aguamarina;8,00
CHACAO;[JAPKI43T10] CUADRO JACKET 2.0 KIDS (10, NEGRO);JAPKI43T10;CUADRO JACKET 2.0 KIDS;Kids;10;Negro;5,00
CHACAO;[JAPKI35T10] CUADRO JACKET 2.0 KIDS (10, Magenta);JAPKI35T10;CUADRO JACKET 2.0 KIDS;Kids;10;Magenta;7,00
CHACAO;[JAPKI01T10] CUADRO JACKET 2.0 KIDS (10, AGUAMARINA);JAPKI01T10;CUADRO JACKET 2.0 KIDS;Kids;10;Aguamarina;6,00
CHACAO;[JAPKI162T10] CUADRO JACKET 2.0 KIDS (10, Azul Polo);JAPKI162T10;CUADRO JACKET 2.0 KIDS;Kids;10;Azul Polo;9,00
CHACAO;[JAPKI43T8] CUADRO JACKET 2.0 KIDS (8, NEGRO);JAPKI43T8;CUADRO JACKET 2.0 KIDS;Kids;8;Negro;6,00
CHACAO;[JAPKI162T8] CUADRO JACKET 2.0 KIDS (8, Azul Polo);JAPKI162T8;CUADRO JACKET 2.0 KIDS;Kids;8;Azul Polo;9,00
CHACAO;[JAPKI01T8] CUADRO JACKET 2.0 KIDS (8, AGUAMARINA);JAPKI01T8;CUADRO JACKET 2.0 KIDS;Kids;8;Aguamarina;7,00
CHACAO;[JAPKI35T8] CUADRO JACKET 2.0 KIDS (8, Magenta);JAPKI35T8;CUADRO JACKET 2.0 KIDS;Kids;8;Magenta;7,00
CHACAO;[JAPKI43T6] CUADRO JACKET 2.0 KIDS (6, NEGRO);JAPKI43T6;CUADRO JACKET 2.0 KIDS;Kids;6;Negro;2,00
CHACAO;[JAPKI162T6] CUADRO JACKET 2.0 KIDS (6, Azul Polo);JAPKI162T6;CUADRO JACKET 2.0 KIDS;Kids;6;Azul Polo;1,00
CHACAO;[JAPKI01T4] CUADRO JACKET 2.0 KIDS (4, AGUAMARINA);JAPKI01T4;CUADRO JACKET 2.0 KIDS;Kids;4;Aguamarina;5,00
CHACAO;[JAPKI43T4] CUADRO JACKET 2.0 KIDS (4, NEGRO);JAPKI43T4;CUADRO JACKET 2.0 KIDS;Kids;4;Negro;4,00
CHACAO;[JAPKI43T2] CUADRO JACKET 2.0 KIDS (2, NEGRO);JAPKI43T2;CUADRO JACKET 2.0 KIDS;Kids;2;Negro;6,00
CHACAO;[JAPKI35T2] CUADRO JACKET 2.0 KIDS (2, Magenta);JAPKI35T2;CUADRO JACKET 2.0 KIDS;Kids;2;Magenta;1,00
CHACAO;[JAPKI01T2] CUADRO JACKET 2.0 KIDS (2, AGUAMARINA);JAPKI01T2;CUADRO JACKET 2.0 KIDS;Kids;2;Aguamarina;3,00
CHACAO;[JAPKI162T2] CUADRO JACKET 2.0 KIDS (2, Azul Polo);JAPKI162T2;CUADRO JACKET 2.0 KIDS;Kids;2;Azul Polo;4,00
CHACAO;[JAPDA16TM] CUADRO JACKET 2.0 DAMA (M, BLANCO);JAPDA16TM;CUADRO JACKET 2.0 DAMA;Dama;M;Blanco;5,00
CHACAO;[JAPCA16TM] CUADRO JACKET 2.0 CAB (M, BLANCO);JAPCA16TM;CUADRO JACKET 2.0 CAB;Caballero;M;Blanco;13,00
CHACAO;[JAPKI01T6] CUADRO JACKET 2.0 KIDS (6, AGUAMARINA);JAPKI01T6;CUADRO JACKET 2.0 KIDS;Kids;6;Aguamarina;1,00
CHACAO;[JAPCA162T2XL] CUADRO JACKET 2.0 CAB (2XL, Azul Polo);JAPCA162T2XL;CUADRO JACKET 2.0 CAB;Caballero;2XL;Azul Polo;14,00
CHACAO;[JAPCA43TM] CUADRO JACKET 2.0 CAB (M, NEGRO);JAPCA43TM;CUADRO JACKET 2.0 CAB;Caballero;M;Negro;8,00
CHACAO;[JAPDA43TXS] CUADRO JACKET 2.0 DAMA (XS, NEGRO);JAPDA43TXS;CUADRO JACKET 2.0 DAMA;Dama;XS;Negro;2,00
CHACAO;[JAPCA16TS] CUADRO JACKET 2.0 CAB (S, BLANCO);JAPCA16TS;CUADRO JACKET 2.0 CAB;Caballero;S;Blanco;3,00
CHACAO;[JAPCA01TL] CUADRO JACKET 2.0 CAB (L, AGUAMARINA);JAPCA01TL;CUADRO JACKET 2.0 CAB;Caballero;L;Aguamarina;3,00
CHACAO;[JAPCA01T2XL] CUADRO JACKET 2.0 CAB (2XL, AGUAMARINA);JAPCA01T2XL;CUADRO JACKET 2.0 CAB;Caballero;2XL;Aguamarina;2,00
CHACAO;[JAPCA66TS] CUADRO JACKET 2.0 CAB (S, VERDE MILITAR);JAPCA66TS;CUADRO JACKET 2.0 CAB;Caballero;S;Verde Militar;2,00
CHACAO;[JAPCA66TM] CUADRO JACKET 2.0 CAB (M, VERDE MILITAR);JAPCA66TM;CUADRO JACKET 2.0 CAB;Caballero;M;Verde Militar;3,00
CHACAO;[JAPCA66TL] CUADRO JACKET 2.0 CAB (L, VERDE MILITAR);JAPCA66TL;CUADRO JACKET 2.0 CAB;Caballero;L;Verde Militar;1,00
CHACAO;[JAPCA01TS] CUADRO JACKET 2.0 CAB (S, AGUAMARINA);JAPCA01TS;CUADRO JACKET 2.0 CAB;Caballero;S;Aguamarina;1,00
CHACAO;[JAPCA01TM] CUADRO JACKET 2.0 CAB (M, AGUAMARINA);JAPCA01TM;CUADRO JACKET 2.0 CAB;Caballero;M;Aguamarina;1,00
CHACAO;[JAPCA16T2XL] CUADRO JACKET 2.0 CAB (2XL, BLANCO);JAPCA16T2XL;CUADRO JACKET 2.0 CAB;Caballero;2XL;Blanco;1,00
CHACAO;[JAPCA01TXL] CUADRO JACKET 2.0 CAB (XL, AGUAMARINA);JAPCA01TXL;CUADRO JACKET 2.0 CAB;Caballero;XL;Aguamarina;1,00
CHACAO;[JAPKI35T10] CUADRO JACKET 2.0 KIDS (10, Magenta);JAPKI35T10;CUADRO JACKET 2.0 KIDS;Kids;10;Magenta;1,00
CHACAO;[JAPKI01T2] CUADRO JACKET 2.0 KIDS (2, AGUAMARINA);JAPKI01T2;CUADRO JACKET 2.0 KIDS;Kids;2;Aguamarina;1,00
CHACAO;[JAPKI01T8] CUADRO JACKET 2.0 KIDS (8, AGUAMARINA);JAPKI01T8;CUADRO JACKET 2.0 KIDS;Kids;8;Aguamarina;1,00
CHACAO;[JAPKI01T4] CUADRO JACKET 2.0 KIDS (4, AGUAMARINA);JAPKI01T4;CUADRO JACKET 2.0 KIDS;Kids;4;Aguamarina;1,00
CHACAO;[JAPKI01T10] CUADRO JACKET 2.0 KIDS (10, AGUAMARINA);JAPKI01T10;CUADRO JACKET 2.0 KIDS;Kids;10;Aguamarina;1,00
CHACAO;[JAPKI162T6] CUADRO JACKET 2.0 KIDS (6, Azul Polo);JAPKI162T6;CUADRO JACKET 2.0 KIDS;Kids;6;Azul Polo;1,00
CHACAO;[JAPKI162T8] CUADRO JACKET 2.0 KIDS (8, Azul Polo);JAPKI162T8;CUADRO JACKET 2.0 KIDS;Kids;8;Azul Polo;1,00
CHACAO;[JAPKI162T10] CUADRO JACKET 2.0 KIDS (10, Azul Polo);JAPKI162T10;CUADRO JACKET 2.0 KIDS;Kids;10;Azul Polo;1,00
CHACAO;[JAPKI162T12] CUADRO JACKET 2.0 KIDS (12, Azul Polo);JAPKI162T12;CUADRO JACKET 2.0 KIDS;Kids;12;Azul Polo;1,00
CHACAO;[JAPKI43T2] CUADRO JACKET 2.0 KIDS (2, NEGRO);JAPKI43T2;CUADRO JACKET 2.0 KIDS;Kids;2;Negro;1,00
CHACAO;[JAPKI43T6] CUADRO JACKET 2.0 KIDS (6, NEGRO);JAPKI43T6;CUADRO JACKET 2.0 KIDS;Kids;6;Negro;1,00
CHACAO;[JAPKI43T8] CUADRO JACKET 2.0 KIDS (8, NEGRO);JAPKI43T8;CUADRO JACKET 2.0 KIDS;Kids;8;Negro;1,00
CHACAO;[JAPKI43T12] CUADRO JACKET 2.0 KIDS (12, NEGRO);JAPKI43T12;CUADRO JACKET 2.0 KIDS;Kids;12;Negro;1,00
CHACAO;[JAPDA66TXL] CUADRO JACKET 2.0 DAMA (XL, VERDE MILITAR);JAPDA66TXL;CUADRO JACKET 2.0 DAMA;Dama;XL;Verde Militar;1,00
CHACAO;[JAPDA66TL] CUADRO JACKET 2.0 DAMA (L, VERDE MILITAR);JAPDA66TL;CUADRO JACKET 2.0 DAMA;Dama;L;Verde Militar;1,00
CHACAO;[JAPDA66TM] CUADRO JACKET 2.0 DAMA (M, VERDE MILITAR);JAPDA66TM;CUADRO JACKET 2.0 DAMA;Dama;M;Verde Militar;3,00
CHACAO;[JAPDA66TXS] CUADRO JACKET 2.0 DAMA (XS, VERDE MILITAR);JAPDA66TXS;CUADRO JACKET 2.0 DAMA;Dama;XS;Verde Militar;2,00
CHACAO;[JAPDA162TXL] CUADRO JACKET 2.0 DAMA (XL, Azul Polo);JAPDA162TXL;CUADRO JACKET 2.0 DAMA;Dama;XL;Azul Polo;1,00
CHACAO;[JAPDA162TL] CUADRO JACKET 2.0 DAMA (L, Azul Polo);JAPDA162TL;CUADRO JACKET 2.0 DAMA;Dama;L;Azul Polo;2,00
CHACAO;[JAPDA162TS] CUADRO JACKET 2.0 DAMA (S, Azul Polo);JAPDA162TS;CUADRO JACKET 2.0 DAMA;Dama;S;Azul Polo;3,00
CHACAO;[JAPDA162TXS] CUADRO JACKET 2.0 DAMA (XS, Azul Polo);JAPDA162TXS;CUADRO JACKET 2.0 DAMA;Dama;XS;Azul Polo;4,00
CHACAO;[JAPDA43TXL] CUADRO JACKET 2.0 DAMA (XL, NEGRO);JAPDA43TXL;CUADRO JACKET 2.0 DAMA;Dama;XL;Negro;2,00
CHACAO;[JAPDA43TL] CUADRO JACKET 2.0 DAMA (L, NEGRO);JAPDA43TL;CUADRO JACKET 2.0 DAMA;Dama;L;Negro;2,00
CHACAO;[JAPDA43TM] CUADRO JACKET 2.0 DAMA (M, NEGRO);JAPDA43TM;CUADRO JACKET 2.0 DAMA;Dama;M;Negro;2,00
CHACAO;[JAPDA35TXL] CUADRO JACKET 2.0 DAMA (XL, Magenta);JAPDA35TXL;CUADRO JACKET 2.0 DAMA;Dama;XL;Magenta;2,00
CHACAO;[JAPDA35TL] CUADRO JACKET 2.0 DAMA (L, Magenta);JAPDA35TL;CUADRO JACKET 2.0 DAMA;Dama;L;Magenta;2,00
CHACAO;[JAPDA35TXS] CUADRO JACKET 2.0 DAMA (XS, Magenta);JAPDA35TXS;CUADRO JACKET 2.0 DAMA;Dama;XS;Magenta;5,00
CHACAO;[JAPDA16TS] CUADRO JACKET 2.0 DAMA (S, BLANCO);JAPDA16TS;CUADRO JACKET 2.0 DAMA;Dama;S;Blanco;1,00
CHACAO;[JAPDA01TXL] CUADRO JACKET 2.0 DAMA (XL, AGUAMARINA);JAPDA01TXL;CUADRO JACKET 2.0 DAMA;Dama;XL;Aguamarina;3,00
CHACAO;[JAPDA16TXL] CUADRO JACKET 2.0 DAMA (XL, BLANCO);JAPDA16TXL;CUADRO JACKET 2.0 DAMA;Dama;XL;Blanco;1,00
CHACAO;[JAPDA35TS] CUADRO JACKET 2.0 DAMA (S, Magenta);JAPDA35TS;CUADRO JACKET 2.0 DAMA;Dama;S;Magenta;1,00
CHACAO;[JAPDA162TM] CUADRO JACKET 2.0 DAMA (M, Azul Polo);JAPDA162TM;CUADRO JACKET 2.0 DAMA;Dama;M;Azul Polo;4,00
CHACAO;[JAPDA01TXS] CUADRO JACKET 2.0 DAMA (XS, AGUAMARINA);JAPDA01TXS;CUADRO JACKET 2.0 DAMA;Dama;XS;Aguamarina;2,00
CHACAO;[JAPDA16TXS] CUADRO JACKET 2.0 DAMA (XS, BLANCO);JAPDA16TXS;CUADRO JACKET 2.0 DAMA;Dama;XS;Blanco;1,00
CHACAO;[JAPDA43TS] CUADRO JACKET 2.0 DAMA (S, NEGRO);JAPDA43TS;CUADRO JACKET 2.0 DAMA;Dama;S;Negro;1,00
CHACAO;[JAPDA35TM] CUADRO JACKET 2.0 DAMA (M, Magenta);JAPDA35TM;CUADRO JACKET 2.0 DAMA;Dama;M;Magenta;3,00
CHACAO;[JAPCA66TXL] CUADRO JACKET 2.0 CAB (XL, VERDE MILITAR);JAPCA66TXL;CUADRO JACKET 2.0 CAB;Caballero;XL;Verde Militar;2,00
CHACAO;[JAPKI35T8] CUADRO JACKET 2.0 KIDS (8, Magenta);JAPKI35T8;CUADRO JACKET 2.0 KIDS;Kids;8;Magenta;1,00
CHACAO;[JAPKI01T6] CUADRO JACKET 2.0 KIDS (6, AGUAMARINA);JAPKI01T6;CUADRO JACKET 2.0 KIDS;Kids;6;Aguamarina;1,00
CHACAO;[JAPDA01TL] CUADRO JACKET 2.0 DAMA (L, AGUAMARINA);JAPDA01TL;CUADRO JACKET 2.0 DAMA;Dama;L;Aguamarina;2,00
CHACAO;[JAPDA01TS] CUADRO JACKET 2.0 DAMA (S, AGUAMARINA);JAPDA01TS;CUADRO JACKET 2.0 DAMA;Dama;S;Aguamarina;2,00
CHACAO;[JAPCA43TS] CUADRO JACKET 2.0 CAB (S, NEGRO);JAPCA43TS;CUADRO JACKET 2.0 CAB;Caballero;S;Negro;2,00
CHACAO;[JAPCA43T2XL] CUADRO JACKET 2.0 CAB (2XL, NEGRO);JAPCA43T2XL;CUADRO JACKET 2.0 CAB;Caballero;2XL;Negro;2,00
CHACAO;[JAPCA162T2XL] CUADRO JACKET 2.0 CAB (2XL, Azul Polo);JAPCA162T2XL;CUADRO JACKET 2.0 CAB;Caballero;2XL;Azul Polo;1,00
CHACAO;[JAPKI01T12] CUADRO JACKET 2.0 KIDS (12, AGUAMARINA);JAPKI01T12;CUADRO JACKET 2.0 KIDS;Kids;12;Aguamarina;2,00
CHACAO;[JAPKI162T4] CUADRO JACKET 2.0 KIDS (4, Azul Polo);JAPKI162T4;CUADRO JACKET 2.0 KIDS;Kids;4;Azul Polo;1,00
CHACAO;[JAPKI162T2] CUADRO JACKET 2.0 KIDS (2, Azul Polo);JAPKI162T2;CUADRO JACKET 2.0 KIDS;Kids;2;Azul Polo;1,00
CHACAO;[JAPKI35T12] CUADRO JACKET 2.0 KIDS (12, Magenta);JAPKI35T12;CUADRO JACKET 2.0 KIDS;Kids;12;Magenta;1,00
CHACAO;[JAPDA16TM] CUADRO JACKET 2.0 DAMA (M, BLANCO);JAPDA16TM;CUADRO JACKET 2.0 DAMA;Dama;M;Blanco;2,00
CHACAO;[JAPDA16TL] CUADRO JACKET 2.0 DAMA (L, BLANCO);JAPDA16TL;CUADRO JACKET 2.0 DAMA;Dama;L;Blanco;1,00
CHACAO;[JAPCA162TM] CUADRO JACKET 2.0 CAB (M, Azul Polo);JAPCA162TM;CUADRO JACKET 2.0 CAB;Caballero;M;Azul Polo;3,00
CHACAO;[JAPCA16TM] CUADRO JACKET 2.0 CAB (M, BLANCO);JAPCA16TM;CUADRO JACKET 2.0 CAB;Caballero;M;Blanco;1,00
CHACAO;[JAPCA162TL] CUADRO JACKET 2.0 CAB (L, Azul Polo);JAPCA162TL;CUADRO JACKET 2.0 CAB;Caballero;L;Azul Polo;2,00
CHACAO;[JAPDA66TS] CUADRO JACKET 2.0 DAMA (S, VERDE MILITAR);JAPDA66TS;CUADRO JACKET 2.0 DAMA;Dama;S;Verde Militar;3,00
CHACAO;[JAPCA16TXL] CUADRO JACKET 2.0 CAB (XL, BLANCO);JAPCA16TXL;CUADRO JACKET 2.0 CAB;Caballero;XL;Blanco;1,00
CHACAO;[JAPCA16TL] CUADRO JACKET 2.0 CAB (L, BLANCO);JAPCA16TL;CUADRO JACKET 2.0 CAB;Caballero;L;Blanco;1,00
CHACAO;[JAPCA162TXL] CUADRO JACKET 2.0 CAB (XL, Azul Polo);JAPCA162TXL;CUADRO JACKET 2.0 CAB;Caballero;XL;Azul Polo;2,00
CHACAO;[JAPCA43TL] CUADRO JACKET 2.0 CAB (L, NEGRO);JAPCA43TL;CUADRO JACKET 2.0 CAB;Caballero;L;Negro;2,00
CHACAO;[JAPKI43T10] CUADRO JACKET 2.0 KIDS (10, NEGRO);JAPKI43T10;CUADRO JACKET 2.0 KIDS;Kids;10;Negro;1,00
CHACAO;[JAPDA01TM] CUADRO JACKET 2.0 DAMA (M, AGUAMARINA);JAPDA01TM;CUADRO JACKET 2.0 DAMA;Dama;M;Aguamarina;1,00
CHACAO;[JAPDA43TXS] CUADRO JACKET 2.0 DAMA (XS, NEGRO);JAPDA43TXS;CUADRO JACKET 2.0 DAMA;Dama;XS;Negro;2,00
CHACAO;[JAPCA66T2XL] CUADRO JACKET 2.0 CAB (2XL, VERDE MILITAR);JAPCA66T2XL;CUADRO JACKET 2.0 CAB;Caballero;2XL;Verde Militar;1,00
CHACAO;[JAPCA43TXL] CUADRO JACKET 2.0 CAB (XL, NEGRO);JAPCA43TXL;CUADRO JACKET 2.0 CAB;Caballero;XL;Negro;1,00
CHACAO;[JAPCA43TM] CUADRO JACKET 2.0 CAB (M, NEGRO);JAPCA43TM;CUADRO JACKET 2.0 CAB;Caballero;M;Negro;1,00
CHACAO;[JAPCA162TS] CUADRO JACKET 2.0 CAB (S, Azul Polo);JAPCA162TS;CUADRO JACKET 2.0 CAB;Caballero;S;Azul Polo;1,00
GRANDPLAZ;[JAPKI35T8] CUADRO JACKET 2.0 KIDS (8, Magenta);JAPKI35T8;CUADRO JACKET 2.0 KIDS;Kids;8;Magenta;1,00
GRANDPLAZ;[JAPDA16TL] CUADRO JACKET 2.0 DAMA (L, BLANCO);JAPDA16TL;CUADRO JACKET 2.0 DAMA;Dama;L;Blanco;2,00
GRANDPLAZ;[JAPDA162TXS] CUADRO JACKET 2.0 DAMA (XS, Azul Polo);JAPDA162TXS;CUADRO JACKET 2.0 DAMA;Dama;XS;Azul Polo;1,00
GRANDPLAZ;[JAPDA162TS] CUADRO JACKET 2.0 DAMA (S, Azul Polo);JAPDA162TS;CUADRO JACKET 2.0 DAMA;Dama;S;Azul Polo;1,00
GRANDPLAZ;[JAPDA162TL] CUADRO JACKET 2.0 DAMA (L, Azul Polo);JAPDA162TL;CUADRO JACKET 2.0 DAMA;Dama;L;Azul Polo;2,00
GRANDPLAZ;[JAPDA01TS] CUADRO JACKET 2.0 DAMA (S, AGUAMARINA);JAPDA01TS;CUADRO JACKET 2.0 DAMA;Dama;S;Aguamarina;2,00
GRANDPLAZ;[JAPDA66TS] CUADRO JACKET 2.0 DAMA (S, VERDE MILITAR);JAPDA66TS;CUADRO JACKET 2.0 DAMA;Dama;S;Verde Militar;1,00
GRANDPLAZ;[JAPDA43TL] CUADRO JACKET 2.0 DAMA (L, NEGRO);JAPDA43TL;CUADRO JACKET 2.0 DAMA;Dama;L;Negro;1,00
GRANDPLAZ;[JAPDA35TS] CUADRO JACKET 2.0 DAMA (S, Magenta);JAPDA35TS;CUADRO JACKET 2.0 DAMA;Dama;S;Magenta;1,00
GRANDPLAZ;[JAPCA16TM] CUADRO JACKET 2.0 CAB (M, BLANCO);JAPCA16TM;CUADRO JACKET 2.0 CAB;Caballero;M;Blanco;2,00
GRANDPLAZ;[JAPCA01TM] CUADRO JACKET 2.0 CAB (M, AGUAMARINA);JAPCA01TM;CUADRO JACKET 2.0 CAB;Caballero;M;Aguamarina;1,00
GRANDPLAZ;[JAPCA01TXL] CUADRO JACKET 2.0 CAB (XL, AGUAMARINA);JAPCA01TXL;CUADRO JACKET 2.0 CAB;Caballero;XL;Aguamarina;1,00
GRANDPLAZ;[JAPCA66TM] CUADRO JACKET 2.0 CAB (M, VERDE MILITAR);JAPCA66TM;CUADRO JACKET 2.0 CAB;Caballero;M;Verde Militar;2,00
GRANDPLAZ;[JAPCA66TXL] CUADRO JACKET 2.0 CAB (XL, VERDE MILITAR);JAPCA66TXL;CUADRO JACKET 2.0 CAB;Caballero;XL;Verde Militar;1,00
GRANDPLAZ;[JAPCA66T2XL] CUADRO JACKET 2.0 CAB (2XL, VERDE MILITAR);JAPCA66T2XL;CUADRO JACKET 2.0 CAB;Caballero;2XL;Verde Militar;1,00
GRANDPLAZ;[JAPCA43TM] CUADRO JACKET 2.0 CAB (M, NEGRO);JAPCA43TM;CUADRO JACKET 2.0 CAB;Caballero;M;Negro;1,00
GRANDPLAZ;[JAPCA43T2XL] CUADRO JACKET 2.0 CAB (2XL, NEGRO);JAPCA43T2XL;CUADRO JACKET 2.0 CAB;Caballero;2XL;Negro;1,00
GRANDPLAZ;[JAPKI35T10] CUADRO JACKET 2.0 KIDS (10, Magenta);JAPKI35T10;CUADRO JACKET 2.0 KIDS;Kids;10;Magenta;1,00
GRANDPLAZ;[JAPKI01T12] CUADRO JACKET 2.0 KIDS (12, AGUAMARINA);JAPKI01T12;CUADRO JACKET 2.0 KIDS;Kids;12;Aguamarina;1,00
GRANDPLAZ;[JAPKI162T12] CUADRO JACKET 2.0 KIDS (12, Azul Polo);JAPKI162T12;CUADRO JACKET 2.0 KIDS;Kids;12;Azul Polo;1,00
GRANDPLAZ;[JAPDA16TM] CUADRO JACKET 2.0 DAMA (M, BLANCO);JAPDA16TM;CUADRO JACKET 2.0 DAMA;Dama;M;Blanco;2,00
GRANDPLAZ;[JAPCA43TXL] CUADRO JACKET 2.0 CAB (XL, NEGRO);JAPCA43TXL;CUADRO JACKET 2.0 CAB;Caballero;XL;Negro;4,00
GRANDPLAZ;[JAPDA35TXL] CUADRO JACKET 2.0 DAMA (XL, Magenta);JAPDA35TXL;CUADRO JACKET 2.0 DAMA;Dama;XL;Magenta;1,00
GRANDPLAZ;[JAPDA35TL] CUADRO JACKET 2.0 DAMA (L, Magenta);JAPDA35TL;CUADRO JACKET 2.0 DAMA;Dama;L;Magenta;1,00
GRANDPLAZ;[JAPCA66TL] CUADRO JACKET 2.0 CAB (L, VERDE MILITAR);JAPCA66TL;CUADRO JACKET 2.0 CAB;Caballero;L;Verde Militar;1,00
GRANDPLAZ;[JAPDA66TXL] CUADRO JACKET 2.0 DAMA (XL, VERDE MILITAR);JAPDA66TXL;CUADRO JACKET 2.0 DAMA;Dama;XL;Verde Militar;1,00
GRANDPLAZ;[JAPDA16TXL] CUADRO JACKET 2.0 DAMA (XL, BLANCO);JAPDA16TXL;CUADRO JACKET 2.0 DAMA;Dama;XL;Blanco;1,00
GRANDPLAZ;[JAPDA43TXS] CUADRO JACKET 2.0 DAMA (XS, NEGRO);JAPDA43TXS;CUADRO JACKET 2.0 DAMA;Dama;XS;Negro;1,00
GRANDPLAZ;[JAPDA01TXL] CUADRO JACKET 2.0 DAMA (XL, AGUAMARINA);JAPDA01TXL;CUADRO JACKET 2.0 DAMA;Dama;XL;Aguamarina;2,00
GRANDPLAZ;[JAPDA01TL] CUADRO JACKET 2.0 DAMA (L, AGUAMARINA);JAPDA01TL;CUADRO JACKET 2.0 DAMA;Dama;L;Aguamarina;2,00
GRANDPLAZ;[JAPDA01TM] CUADRO JACKET 2.0 DAMA (M, AGUAMARINA);JAPDA01TM;CUADRO JACKET 2.0 DAMA;Dama;M;Aguamarina;2,00
GRANDPLAZ;[JAPDA01TXS] CUADRO JACKET 2.0 DAMA (XS, AGUAMARINA);JAPDA01TXS;CUADRO JACKET 2.0 DAMA;Dama;XS;Aguamarina;2,00
GRANDPLAZ;[JAPDA16TXS] CUADRO JACKET 2.0 DAMA (XS, BLANCO);JAPDA16TXS;CUADRO JACKET 2.0 DAMA;Dama;XS;Blanco;2,00
GRANDPLAZ;[JAPDA16TS] CUADRO JACKET 2.0 DAMA (S, BLANCO);JAPDA16TS;CUADRO JACKET 2.0 DAMA;Dama;S;Blanco;2,00
GRANDPLAZ;[JAPDA16TL] CUADRO JACKET 2.0 DAMA (L, BLANCO);JAPDA16TL;CUADRO JACKET 2.0 DAMA;Dama;L;Blanco;2,00
GRANDPLAZ;[JAPDA16TXL] CUADRO JACKET 2.0 DAMA (XL, BLANCO);JAPDA16TXL;CUADRO JACKET 2.0 DAMA;Dama;XL;Blanco;2,00
GRANDPLAZ;[JAPDA66TXS] CUADRO JACKET 2.0 DAMA (XS, VERDE MILITAR);JAPDA66TXS;CUADRO JACKET 2.0 DAMA;Dama;XS;Verde Militar;2,00
GRANDPLAZ;[JAPDA66TS] CUADRO JACKET 2.0 DAMA (S, VERDE MILITAR);JAPDA66TS;CUADRO JACKET 2.0 DAMA;Dama;S;Verde Militar;2,00
GRANDPLAZ;[JAPDA66TM] CUADRO JACKET 2.0 DAMA (M, VERDE MILITAR);JAPDA66TM;CUADRO JACKET 2.0 DAMA;Dama;M;Verde Militar;2,00
GRANDPLAZ;[JAPDA66TL] CUADRO JACKET 2.0 DAMA (L, VERDE MILITAR);JAPDA66TL;CUADRO JACKET 2.0 DAMA;Dama;L;Verde Militar;2,00
GRANDPLAZ;[JAPDA66TXL] CUADRO JACKET 2.0 DAMA (XL, VERDE MILITAR);JAPDA66TXL;CUADRO JACKET 2.0 DAMA;Dama;XL;Verde Militar;2,00
GRANDPLAZ;[JAPDA162TS] CUADRO JACKET 2.0 DAMA (S, Azul Polo);JAPDA162TS;CUADRO JACKET 2.0 DAMA;Dama;S;Azul Polo;2,00
GRANDPLAZ;[JAPDA162TM] CUADRO JACKET 2.0 DAMA (M, Azul Polo);JAPDA162TM;CUADRO JACKET 2.0 DAMA;Dama;M;Azul Polo;2,00
GRANDPLAZ;[JAPDA162TL] CUADRO JACKET 2.0 DAMA (L, Azul Polo);JAPDA162TL;CUADRO JACKET 2.0 DAMA;Dama;L;Azul Polo;2,00
GRANDPLAZ;[JAPDA162TXL] CUADRO JACKET 2.0 DAMA (XL, Azul Polo);JAPDA162TXL;CUADRO JACKET 2.0 DAMA;Dama;XL;Azul Polo;2,00
GRANDPLAZ;[JAPDA35TS] CUADRO JACKET 2.0 DAMA (S, Magenta);JAPDA35TS;CUADRO JACKET 2.0 DAMA;Dama;S;Magenta;2,00
GRANDPLAZ;[JAPDA35TXS] CUADRO JACKET 2.0 DAMA (XS, Magenta);JAPDA35TXS;CUADRO JACKET 2.0 DAMA;Dama;XS;Magenta;2,00
GRANDPLAZ;[JAPDA35TM] CUADRO JACKET 2.0 DAMA (M, Magenta);JAPDA35TM;CUADRO JACKET 2.0 DAMA;Dama;M;Magenta;2,00
GRANDPLAZ;[JAPDA35TL] CUADRO JACKET 2.0 DAMA (L, Magenta);JAPDA35TL;CUADRO JACKET 2.0 DAMA;Dama;L;Magenta;2,00
GRANDPLAZ;[JAPDA43TXS] CUADRO JACKET 2.0 DAMA (XS, NEGRO);JAPDA43TXS;CUADRO JACKET 2.0 DAMA;Dama;XS;Negro;2,00
GRANDPLAZ;[JAPDA43TM] CUADRO JACKET 2.0 DAMA (M, NEGRO);JAPDA43TM;CUADRO JACKET 2.0 DAMA;Dama;M;Negro;2,00
GRANDPLAZ;[JAPDA43TL] CUADRO JACKET 2.0 DAMA (L, NEGRO);JAPDA43TL;CUADRO JACKET 2.0 DAMA;Dama;L;Negro;2,00
GRANDPLAZ;[JAPDA43TXL] CUADRO JACKET 2.0 DAMA (XL, NEGRO);JAPDA43TXL;CUADRO JACKET 2.0 DAMA;Dama;XL;Negro;2,00
GRANDPLAZ;[JAPCA16TXL] CUADRO JACKET 2.0 CAB (XL, BLANCO);JAPCA16TXL;CUADRO JACKET 2.0 CAB;Caballero;XL;Blanco;3,00
GRANDPLAZ;[JAPDA43TS] CUADRO JACKET 2.0 DAMA (S, NEGRO);JAPDA43TS;CUADRO JACKET 2.0 DAMA;Dama;S;Negro;2,00
GRANDPLAZ;[JAPKI01T2] CUADRO JACKET 2.0 KIDS (2, AGUAMARINA);JAPKI01T2;CUADRO JACKET 2.0 KIDS;Kids;2;Aguamarina;1,00
GRANDPLAZ;[JAPKI01T6] CUADRO JACKET 2.0 KIDS (6, AGUAMARINA);JAPKI01T6;CUADRO JACKET 2.0 KIDS;Kids;6;Aguamarina;1,00
GRANDPLAZ;[JAPKI01T8] CUADRO JACKET 2.0 KIDS (8, AGUAMARINA);JAPKI01T8;CUADRO JACKET 2.0 KIDS;Kids;8;Aguamarina;1,00
GRANDPLAZ;[JAPKI01T10] CUADRO JACKET 2.0 KIDS (10, AGUAMARINA);JAPKI01T10;CUADRO JACKET 2.0 KIDS;Kids;10;Aguamarina;1,00
GRANDPLAZ;[JAPKI01T4] CUADRO JACKET 2.0 KIDS (4, AGUAMARINA);JAPKI01T4;CUADRO JACKET 2.0 KIDS;Kids;4;Aguamarina;1,00
GRANDPLAZ;[JAPKI35T10] CUADRO JACKET 2.0 KIDS (10, Magenta);JAPKI35T10;CUADRO JACKET 2.0 KIDS;Kids;10;Magenta;1,00
GRANDPLAZ;[JAPKI35T2] CUADRO JACKET 2.0 KIDS (2, Magenta);JAPKI35T2;CUADRO JACKET 2.0 KIDS;Kids;2;Magenta;1,00
GRANDPLAZ;[JAPKI35T4] CUADRO JACKET 2.0 KIDS (4, Magenta);JAPKI35T4;CUADRO JACKET 2.0 KIDS;Kids;4;Magenta;1,00
GRANDPLAZ;[JAPKI35T12] CUADRO JACKET 2.0 KIDS (12, Magenta);JAPKI35T12;CUADRO JACKET 2.0 KIDS;Kids;12;Magenta;1,00
GRANDPLAZ;[JAPKI43T2] CUADRO JACKET 2.0 KIDS (2, NEGRO);JAPKI43T2;CUADRO JACKET 2.0 KIDS;Kids;2;Negro;1,00
GRANDPLAZ;[JAPKI43T4] CUADRO JACKET 2.0 KIDS (4, NEGRO);JAPKI43T4;CUADRO JACKET 2.0 KIDS;Kids;4;Negro;1,00
GRANDPLAZ;[JAPKI43T8] CUADRO JACKET 2.0 KIDS (8, NEGRO);JAPKI43T8;CUADRO JACKET 2.0 KIDS;Kids;8;Negro;1,00
GRANDPLAZ;[JAPKI43T10] CUADRO JACKET 2.0 KIDS (10, NEGRO);JAPKI43T10;CUADRO JACKET 2.0 KIDS;Kids;10;Negro;1,00
GRANDPLAZ;[JAPKI162T2] CUADRO JACKET 2.0 KIDS (2, Azul Polo);JAPKI162T2;CUADRO JACKET 2.0 KIDS;Kids;2;Azul Polo;1,00
GRANDPLAZ;[JAPKI162T6] CUADRO JACKET 2.0 KIDS (6, Azul Polo);JAPKI162T6;CUADRO JACKET 2.0 KIDS;Kids;6;Azul Polo;1,00
GRANDPLAZ;[JAPKI162T8] CUADRO JACKET 2.0 KIDS (8, Azul Polo);JAPKI162T8;CUADRO JACKET 2.0 KIDS;Kids;8;Azul Polo;1,00
GRANDPLAZ;[JAPKI162T10] CUADRO JACKET 2.0 KIDS (10, Azul Polo);JAPKI162T10;CUADRO JACKET 2.0 KIDS;Kids;10;Azul Polo;1,00
GRANDPLAZ;[JAPKI43T6] CUADRO JACKET 2.0 KIDS (6, NEGRO);JAPKI43T6;CUADRO JACKET 2.0 KIDS;Kids;6;Negro;1,00
GRANDPLAZ;[JAPKI43T12] CUADRO JACKET 2.0 KIDS (12, NEGRO);JAPKI43T12;CUADRO JACKET 2.0 KIDS;Kids;12;Negro;1,00
GRANDPLAZ;[JAPCA16T2XL] CUADRO JACKET 2.0 CAB (2XL, BLANCO);JAPCA16T2XL;CUADRO JACKET 2.0 CAB;Caballero;2XL;Blanco;2,00
GRANDPLAZ;[JAPCA01TS] CUADRO JACKET 2.0 CAB (S, AGUAMARINA);JAPCA01TS;CUADRO JACKET 2.0 CAB;Caballero;S;Aguamarina;2,00
GRANDPLAZ;[JAPCA01T2XL] CUADRO JACKET 2.0 CAB (2XL, AGUAMARINA);JAPCA01T2XL;CUADRO JACKET 2.0 CAB;Caballero;2XL;Aguamarina;2,00
GRANDPLAZ;[JAPCA43TXL] CUADRO JACKET 2.0 CAB (XL, NEGRO);JAPCA43TXL;CUADRO JACKET 2.0 CAB;Caballero;XL;Negro;2,00
GRANDPLAZ;[JAPCA43TL] CUADRO JACKET 2.0 CAB (L, NEGRO);JAPCA43TL;CUADRO JACKET 2.0 CAB;Caballero;L;Negro;2,00
GRANDPLAZ;[JAPCA162TXL] CUADRO JACKET 2.0 CAB (XL, Azul Polo);JAPCA162TXL;CUADRO JACKET 2.0 CAB;Caballero;XL;Azul Polo;2,00
GRANDPLAZ;[JAPCA01TM] CUADRO JACKET 2.0 CAB (M, AGUAMARINA);JAPCA01TM;CUADRO JACKET 2.0 CAB;Caballero;M;Aguamarina;2,00
GRANDPLAZ;[JAPCA01TL] CUADRO JACKET 2.0 CAB (L, AGUAMARINA);JAPCA01TL;CUADRO JACKET 2.0 CAB;Caballero;L;Aguamarina;2,00
GRANDPLAZ;[JAPCA01TXL] CUADRO JACKET 2.0 CAB (XL, AGUAMARINA);JAPCA01TXL;CUADRO JACKET 2.0 CAB;Caballero;XL;Aguamarina;2,00
GRANDPLAZ;[JAPCA162TS] CUADRO JACKET 2.0 CAB (S, Azul Polo);JAPCA162TS;CUADRO JACKET 2.0 CAB;Caballero;S;Azul Polo;3,00
GRANDPLAZ;[JAPCA162TM] CUADRO JACKET 2.0 CAB (M, Azul Polo);JAPCA162TM;CUADRO JACKET 2.0 CAB;Caballero;M;Azul Polo;2,00
GRANDPLAZ;[JAPCA162TL] CUADRO JACKET 2.0 CAB (L, Azul Polo);JAPCA162TL;CUADRO JACKET 2.0 CAB;Caballero;L;Azul Polo;1,00
GRANDPLAZ;[JAPCA16TS] CUADRO JACKET 2.0 CAB (S, BLANCO);JAPCA16TS;CUADRO JACKET 2.0 CAB;Caballero;S;Blanco;2,00
GRANDPLAZ;[JAPCA16TM] CUADRO JACKET 2.0 CAB (M, BLANCO);JAPCA16TM;CUADRO JACKET 2.0 CAB;Caballero;M;Blanco;1,00
GRANDPLAZ;[JAPCA16TL] CUADRO JACKET 2.0 CAB (L, BLANCO);JAPCA16TL;CUADRO JACKET 2.0 CAB;Caballero;L;Blanco;2,00
GRANDPLAZ;[JAPCA66TS] CUADRO JACKET 2.0 CAB (S, VERDE MILITAR);JAPCA66TS;CUADRO JACKET 2.0 CAB;Caballero;S;Verde Militar;2,00
GRANDPLAZ;[JAPCA66TM] CUADRO JACKET 2.0 CAB (M, VERDE MILITAR);JAPCA66TM;CUADRO JACKET 2.0 CAB;Caballero;M;Verde Militar;2,00
GRANDPLAZ;[JAPCA66TL] CUADRO JACKET 2.0 CAB (L, VERDE MILITAR);JAPCA66TL;CUADRO JACKET 2.0 CAB;Caballero;L;Verde Militar;2,00
GRANDPLAZ;[JAPCA66TXL] CUADRO JACKET 2.0 CAB (XL, VERDE MILITAR);JAPCA66TXL;CUADRO JACKET 2.0 CAB;Caballero;XL;Verde Militar;2,00
GRANDPLAZ;[JAPCA66T2XL] CUADRO JACKET 2.0 CAB (2XL, VERDE MILITAR);JAPCA66T2XL;CUADRO JACKET 2.0 CAB;Caballero;2XL;Verde Militar;2,00
GRANDPLAZ;[JAPCA43TM] CUADRO JACKET 2.0 CAB (M, NEGRO);JAPCA43TM;CUADRO JACKET 2.0 CAB;Caballero;M;Negro;2,00
GRANDPLAZ;[JAPCA43T2XL] CUADRO JACKET 2.0 CAB (2XL, NEGRO);JAPCA43T2XL;CUADRO JACKET 2.0 CAB;Caballero;2XL;Negro;2,00
GRANDPLAZ;[JAPCA43TS] CUADRO JACKET 2.0 CAB (S, NEGRO);JAPCA43TS;CUADRO JACKET 2.0 CAB;Caballero;S;Negro;2,00
GRANDPLAZ;[JAPDA162TXS] CUADRO JACKET 2.0 DAMA (XS, Azul Polo);JAPDA162TXS;CUADRO JACKET 2.0 DAMA;Dama;XS;Azul Polo;2,00
GRANDPLAZ;[JAPKI01T12] CUADRO JACKET 2.0 KIDS (12, AGUAMARINA);JAPKI01T12;CUADRO JACKET 2.0 KIDS;Kids;12;Aguamarina;1,00
GRANDPLAZ;[JAPDA16TM] CUADRO JACKET 2.0 DAMA (M, BLANCO);JAPDA16TM;CUADRO JACKET 2.0 DAMA;Dama;M;Blanco;1,00
GRANDPLAZ;[JAPDA01TS] CUADRO JACKET 2.0 DAMA (S, AGUAMARINA);JAPDA01TS;CUADRO JACKET 2.0 DAMA;Dama;S;Aguamarina;2,00
GRANDPLAZ;[JAPKI162T12] CUADRO JACKET 2.0 KIDS (12, Azul Polo);JAPKI162T12;CUADRO JACKET 2.0 KIDS;Kids;12;Azul Polo;1,00
GRANDPLAZ;[JAPKI162T4] CUADRO JACKET 2.0 KIDS (4, Azul Polo);JAPKI162T4;CUADRO JACKET 2.0 KIDS;Kids;4;Azul Polo;1,00
GRANDPLAZ;[JAPKI35T8] CUADRO JACKET 2.0 KIDS (8, Magenta);JAPKI35T8;CUADRO JACKET 2.0 KIDS;Kids;8;Magenta;1,00
GRANDPLAZ;[JAPDA35TXL] CUADRO JACKET 2.0 DAMA (XL, Magenta);JAPDA35TXL;CUADRO JACKET 2.0 DAMA;Dama;XL;Magenta;2,00
GRANDPLAZ;[JAPCA162T2XL] CUADRO JACKET 2.0 CAB (2XL, Azul Polo);JAPCA162T2XL;CUADRO JACKET 2.0 CAB;Caballero;2XL;Azul Polo;1,00
GRIETA;[JAPKI01T12] CUADRO JACKET 2.0 KIDS (12, AGUAMARINA);JAPKI01T12;CUADRO JACKET 2.0 KIDS;Kids;12;Aguamarina;1,00
GRIETA;[JAPKI162T12] CUADRO JACKET 2.0 KIDS (12, Azul Polo);JAPKI162T12;CUADRO JACKET 2.0 KIDS;Kids;12;Azul Polo;4,00
GRIETA;[JAPKI35T12] CUADRO JACKET 2.0 KIDS (12, Magenta);JAPKI35T12;CUADRO JACKET 2.0 KIDS;Kids;12;Magenta;3,00
GRIETA;[JAPKI01T8] CUADRO JACKET 2.0 KIDS (8, AGUAMARINA);JAPKI01T8;CUADRO JACKET 2.0 KIDS;Kids;8;Aguamarina;4,00
GRIETA;[JAPKI162T8] CUADRO JACKET 2.0 KIDS (8, Azul Polo);JAPKI162T8;CUADRO JACKET 2.0 KIDS;Kids;8;Azul Polo;3,00
GRIETA;[JAPKI35T8] CUADRO JACKET 2.0 KIDS (8, Magenta);JAPKI35T8;CUADRO JACKET 2.0 KIDS;Kids;8;Magenta;1,00
GRIETA;[JAPKI43T8] CUADRO JACKET 2.0 KIDS (8, NEGRO);JAPKI43T8;CUADRO JACKET 2.0 KIDS;Kids;8;Negro;3,00
GRIETA;[JAPKI01T10] CUADRO JACKET 2.0 KIDS (10, AGUAMARINA);JAPKI01T10;CUADRO JACKET 2.0 KIDS;Kids;10;Aguamarina;2,00
GRIETA;[JAPKI162T10] CUADRO JACKET 2.0 KIDS (10, Azul Polo);JAPKI162T10;CUADRO JACKET 2.0 KIDS;Kids;10;Azul Polo;3,00
GRIETA;[JAPKI35T10] CUADRO JACKET 2.0 KIDS (10, Magenta);JAPKI35T10;CUADRO JACKET 2.0 KIDS;Kids;10;Magenta;2,00
GRIETA;[JAPKI43T10] CUADRO JACKET 2.0 KIDS (10, NEGRO);JAPKI43T10;CUADRO JACKET 2.0 KIDS;Kids;10;Negro;5,00
GRIETA;[JAPKI01T4] CUADRO JACKET 2.0 KIDS (4, AGUAMARINA);JAPKI01T4;CUADRO JACKET 2.0 KIDS;Kids;4;Aguamarina;3,00
GRIETA;[JAPKI162T2] CUADRO JACKET 2.0 KIDS (2, Azul Polo);JAPKI162T2;CUADRO JACKET 2.0 KIDS;Kids;2;Azul Polo;2,00
GRIETA;[JAPKI43T2] CUADRO JACKET 2.0 KIDS (2, NEGRO);JAPKI43T2;CUADRO JACKET 2.0 KIDS;Kids;2;Negro;3,00
GRIETA;[JAPKI01T2] CUADRO JACKET 2.0 KIDS (2, AGUAMARINA);JAPKI01T2;CUADRO JACKET 2.0 KIDS;Kids;2;Aguamarina;1,00
GRIETA;[JAPKI35T2] CUADRO JACKET 2.0 KIDS (2, Magenta);JAPKI35T2;CUADRO JACKET 2.0 KIDS;Kids;2;Magenta;3,00
GRIETA;[JAPKI43T6] CUADRO JACKET 2.0 KIDS (6, NEGRO);JAPKI43T6;CUADRO JACKET 2.0 KIDS;Kids;6;Negro;6,00
GRIETA;[JAPKI162T6] CUADRO JACKET 2.0 KIDS (6, Azul Polo);JAPKI162T6;CUADRO JACKET 2.0 KIDS;Kids;6;Azul Polo;1,00
GRIETA;[JAPKI35T6] CUADRO JACKET 2.0 KIDS (6, Magenta);JAPKI35T6;CUADRO JACKET 2.0 KIDS;Kids;6;Magenta;2,00
GRIETA;[JAPKI01T6] CUADRO JACKET 2.0 KIDS (6, AGUAMARINA);JAPKI01T6;CUADRO JACKET 2.0 KIDS;Kids;6;Aguamarina;5,00
GRIETA;[JAPKI35T4] CUADRO JACKET 2.0 KIDS (4, Magenta);JAPKI35T4;CUADRO JACKET 2.0 KIDS;Kids;4;Magenta;3,00
GRIETA;[JAPKI43T4] CUADRO JACKET 2.0 KIDS (4, NEGRO);JAPKI43T4;CUADRO JACKET 2.0 KIDS;Kids;4;Negro;4,00
GRIETA;[JAPKI162T4] CUADRO JACKET 2.0 KIDS (4, Azul Polo);JAPKI162T4;CUADRO JACKET 2.0 KIDS;Kids;4;Azul Polo;3,00
GRIETA;[JAPDA35TS] CUADRO JACKET 2.0 DAMA (S, Magenta);JAPDA35TS;CUADRO JACKET 2.0 DAMA;Dama;S;Magenta;7,00
GRIETA;[JAPDA35TM] CUADRO JACKET 2.0 DAMA (M, Magenta);JAPDA35TM;CUADRO JACKET 2.0 DAMA;Dama;M;Magenta;6,00
GRIETA;[JAPDA35TL] CUADRO JACKET 2.0 DAMA (L, Magenta);JAPDA35TL;CUADRO JACKET 2.0 DAMA;Dama;L;Magenta;5,00
GRIETA;[JAPDA35TXL] CUADRO JACKET 2.0 DAMA (XL, Magenta);JAPDA35TXL;CUADRO JACKET 2.0 DAMA;Dama;XL;Magenta;5,00
GRIETA;[JAPDA162TXL] CUADRO JACKET 2.0 DAMA (XL, Azul Polo);JAPDA162TXL;CUADRO JACKET 2.0 DAMA;Dama;XL;Azul Polo;4,00
GRIETA;[JAPDA162TL] CUADRO JACKET 2.0 DAMA (L, Azul Polo);JAPDA162TL;CUADRO JACKET 2.0 DAMA;Dama;L;Azul Polo;4,00
GRIETA;[JAPDA162TM] CUADRO JACKET 2.0 DAMA (M, Azul Polo);JAPDA162TM;CUADRO JACKET 2.0 DAMA;Dama;M;Azul Polo;1,00
GRIETA;[JAPDA162TS] CUADRO JACKET 2.0 DAMA (S, Azul Polo);JAPDA162TS;CUADRO JACKET 2.0 DAMA;Dama;S;Azul Polo;2,00
GRIETA;[JAPDA162TXS] CUADRO JACKET 2.0 DAMA (XS, Azul Polo);JAPDA162TXS;CUADRO JACKET 2.0 DAMA;Dama;XS;Azul Polo;5,00
GRIETA;[JAPDA43TXS] CUADRO JACKET 2.0 DAMA (XS, NEGRO);JAPDA43TXS;CUADRO JACKET 2.0 DAMA;Dama;XS;Negro;2,00
GRIETA;[JAPDA43TS] CUADRO JACKET 2.0 DAMA (S, NEGRO);JAPDA43TS;CUADRO JACKET 2.0 DAMA;Dama;S;Negro;3,00
GRIETA;[JAPDA43TL] CUADRO JACKET 2.0 DAMA (L, NEGRO);JAPDA43TL;CUADRO JACKET 2.0 DAMA;Dama;L;Negro;4,00
GRIETA;[JAPDA43TXL] CUADRO JACKET 2.0 DAMA (XL, NEGRO);JAPDA43TXL;CUADRO JACKET 2.0 DAMA;Dama;XL;Negro;5,00
GRIETA;[JAPDA01TXL] CUADRO JACKET 2.0 DAMA (XL, AGUAMARINA);JAPDA01TXL;CUADRO JACKET 2.0 DAMA;Dama;XL;Aguamarina;5,00
GRIETA;[JAPDA01TL] CUADRO JACKET 2.0 DAMA (L, AGUAMARINA);JAPDA01TL;CUADRO JACKET 2.0 DAMA;Dama;L;Aguamarina;5,00
GRIETA;[JAPDA01TM] CUADRO JACKET 2.0 DAMA (M, AGUAMARINA);JAPDA01TM;CUADRO JACKET 2.0 DAMA;Dama;M;Aguamarina;5,00
GRIETA;[JAPDA01TS] CUADRO JACKET 2.0 DAMA (S, AGUAMARINA);JAPDA01TS;CUADRO JACKET 2.0 DAMA;Dama;S;Aguamarina;5,00
GRIETA;[JAPDA01TXS] CUADRO JACKET 2.0 DAMA (XS, AGUAMARINA);JAPDA01TXS;CUADRO JACKET 2.0 DAMA;Dama;XS;Aguamarina;4,00
GRIETA;[JAPDA16TXS] CUADRO JACKET 2.0 DAMA (XS, BLANCO);JAPDA16TXS;CUADRO JACKET 2.0 DAMA;Dama;XS;Blanco;3,00
GRIETA;[JAPDA16TS] CUADRO JACKET 2.0 DAMA (S, BLANCO);JAPDA16TS;CUADRO JACKET 2.0 DAMA;Dama;S;Blanco;3,00
GRIETA;[JAPDA16TL] CUADRO JACKET 2.0 DAMA (L, BLANCO);JAPDA16TL;CUADRO JACKET 2.0 DAMA;Dama;L;Blanco;5,00
GRIETA;[JAPDA16TXL] CUADRO JACKET 2.0 DAMA (XL, BLANCO);JAPDA16TXL;CUADRO JACKET 2.0 DAMA;Dama;XL;Blanco;5,00
GRIETA;[JAPDA66TXL] CUADRO JACKET 2.0 DAMA (XL, VERDE MILITAR);JAPDA66TXL;CUADRO JACKET 2.0 DAMA;Dama;XL;Verde Militar;5,00
GRIETA;[JAPDA66TL] CUADRO JACKET 2.0 DAMA (L, VERDE MILITAR);JAPDA66TL;CUADRO JACKET 2.0 DAMA;Dama;L;Verde Militar;5,00
GRIETA;[JAPDA66TM] CUADRO JACKET 2.0 DAMA (M, VERDE MILITAR);JAPDA66TM;CUADRO JACKET 2.0 DAMA;Dama;M;Verde Militar;3,00
GRIETA;[JAPDA66TS] CUADRO JACKET 2.0 DAMA (S, VERDE MILITAR);JAPDA66TS;CUADRO JACKET 2.0 DAMA;Dama;S;Verde Militar;3,00
GRIETA;[JAPDA66TXS] CUADRO JACKET 2.0 DAMA (XS, VERDE MILITAR);JAPDA66TXS;CUADRO JACKET 2.0 DAMA;Dama;XS;Verde Militar;4,00
GRIETA;[JAPCA43TS] CUADRO JACKET 2.0 CAB (S, NEGRO);JAPCA43TS;CUADRO JACKET 2.0 CAB;Caballero;S;Negro;4,00
GRIETA;[JAPCA43TM] CUADRO JACKET 2.0 CAB (M, NEGRO);JAPCA43TM;CUADRO JACKET 2.0 CAB;Caballero;M;Negro;1,00
GRIETA;[JAPCA43TL] CUADRO JACKET 2.0 CAB (L, NEGRO);JAPCA43TL;CUADRO JACKET 2.0 CAB;Caballero;L;Negro;1,00
GRIETA;[JAPCA43TXL] CUADRO JACKET 2.0 CAB (XL, NEGRO);JAPCA43TXL;CUADRO JACKET 2.0 CAB;Caballero;XL;Negro;4,00
GRIETA;[JAPCA43T2XL] CUADRO JACKET 2.0 CAB (2XL, NEGRO);JAPCA43T2XL;CUADRO JACKET 2.0 CAB;Caballero;2XL;Negro;2,00
GRIETA;[JAPCA162T2XL] CUADRO JACKET 2.0 CAB (2XL, Azul Polo);JAPCA162T2XL;CUADRO JACKET 2.0 CAB;Caballero;2XL;Azul Polo;9,00
GRIETA;[JAPCA162TXL] CUADRO JACKET 2.0 CAB (XL, Azul Polo);JAPCA162TXL;CUADRO JACKET 2.0 CAB;Caballero;XL;Azul Polo;7,00
GRIETA;[JAPCA162TM] CUADRO JACKET 2.0 CAB (M, Azul Polo);JAPCA162TM;CUADRO JACKET 2.0 CAB;Caballero;M;Azul Polo;1,00
GRIETA;[JAPCA162TS] CUADRO JACKET 2.0 CAB (S, Azul Polo);JAPCA162TS;CUADRO JACKET 2.0 CAB;Caballero;S;Azul Polo;4,00
GRIETA;[JAPCA01TS] CUADRO JACKET 2.0 CAB (S, AGUAMARINA);JAPCA01TS;CUADRO JACKET 2.0 CAB;Caballero;S;Aguamarina;9,00
GRIETA;[JAPCA01TM] CUADRO JACKET 2.0 CAB (M, AGUAMARINA);JAPCA01TM;CUADRO JACKET 2.0 CAB;Caballero;M;Aguamarina;9,00
GRIETA;[JAPCA01TL] CUADRO JACKET 2.0 CAB (L, AGUAMARINA);JAPCA01TL;CUADRO JACKET 2.0 CAB;Caballero;L;Aguamarina;9,00
GRIETA;[JAPCA01TXL] CUADRO JACKET 2.0 CAB (XL, AGUAMARINA);JAPCA01TXL;CUADRO JACKET 2.0 CAB;Caballero;XL;Aguamarina;6,00
GRIETA;[JAPCA01T2XL] CUADRO JACKET 2.0 CAB (2XL, AGUAMARINA);JAPCA01T2XL;CUADRO JACKET 2.0 CAB;Caballero;2XL;Aguamarina;9,00
GRIETA;[JAPCA66T2XL] CUADRO JACKET 2.0 CAB (2XL, VERDE MILITAR);JAPCA66T2XL;CUADRO JACKET 2.0 CAB;Caballero;2XL;Verde Militar;9,00
GRIETA;[JAPCA16T2XL] CUADRO JACKET 2.0 CAB (2XL, BLANCO);JAPCA16T2XL;CUADRO JACKET 2.0 CAB;Caballero;2XL;Blanco;11,00
GRIETA;[JAPCA16TXL] CUADRO JACKET 2.0 CAB (XL, BLANCO);JAPCA16TXL;CUADRO JACKET 2.0 CAB;Caballero;XL;Blanco;10,00
GRIETA;[JAPCA66TXL] CUADRO JACKET 2.0 CAB (XL, VERDE MILITAR);JAPCA66TXL;CUADRO JACKET 2.0 CAB;Caballero;XL;Verde Militar;3,00
GRIETA;[JAPCA66TL] CUADRO JACKET 2.0 CAB (L, VERDE MILITAR);JAPCA66TL;CUADRO JACKET 2.0 CAB;Caballero;L;Verde Militar;5,00
GRIETA;[JAPCA16TL] CUADRO JACKET 2.0 CAB (L, BLANCO);JAPCA16TL;CUADRO JACKET 2.0 CAB;Caballero;L;Blanco;5,00
GRIETA;[JAPCA16TM] CUADRO JACKET 2.0 CAB (M, BLANCO);JAPCA16TM;CUADRO JACKET 2.0 CAB;Caballero;M;Blanco;3,00
GRIETA;[JAPCA66TM] CUADRO JACKET 2.0 CAB (M, VERDE MILITAR);JAPCA66TM;CUADRO JACKET 2.0 CAB;Caballero;M;Verde Militar;5,00
GRIETA;[JAPCA66TS] CUADRO JACKET 2.0 CAB (S, VERDE MILITAR);JAPCA66TS;CUADRO JACKET 2.0 CAB;Caballero;S;Verde Militar;7,00
GRIETA;[JAPCA16TS] CUADRO JACKET 2.0 CAB (S, BLANCO);JAPCA16TS;CUADRO JACKET 2.0 CAB;Caballero;S;Blanco;8,00
GRIETA;[JAPDA35TXS] CUADRO JACKET 2.0 DAMA (XS, Magenta);JAPDA35TXS;CUADRO JACKET 2.0 DAMA;Dama;XS;Magenta;5,00
GRIETA;[JAPDA16TM] CUADRO JACKET 2.0 DAMA (M, BLANCO);JAPDA16TM;CUADRO JACKET 2.0 DAMA;Dama;M;Blanco;7,00
GRIETA;[JAPCA162TL] CUADRO JACKET 2.0 CAB (L, Azul Polo);JAPCA162TL;CUADRO JACKET 2.0 CAB;Caballero;L;Azul Polo;6,00
GRIETA;[JAPKI43T12] CUADRO JACKET 2.0 KIDS (12, NEGRO);JAPKI43T12;CUADRO JACKET 2.0 KIDS;Kids;12;Negro;4,00
GRIETA;[JAPCA16TS] CUADRO JACKET 2.0 CAB (S, BLANCO);JAPCA16TS;CUADRO JACKET 2.0 CAB;Caballero;S;Blanco;1,00
GRIETA;[JAPCA01TS] CUADRO JACKET 2.0 CAB (S, AGUAMARINA);JAPCA01TS;CUADRO JACKET 2.0 CAB;Caballero;S;Aguamarina;1,00
GRIETA;[JAPCA01TL] CUADRO JACKET 2.0 CAB (L, AGUAMARINA);JAPCA01TL;CUADRO JACKET 2.0 CAB;Caballero;L;Aguamarina;1,00
GRIETA;[JAPCA01T2XL] CUADRO JACKET 2.0 CAB (2XL, AGUAMARINA);JAPCA01T2XL;CUADRO JACKET 2.0 CAB;Caballero;2XL;Aguamarina;1,00
GRIETA;[JAPCA66TXL] CUADRO JACKET 2.0 CAB (XL, VERDE MILITAR);JAPCA66TXL;CUADRO JACKET 2.0 CAB;Caballero;XL;Verde Militar;2,00
GRIETA;[JAPDA01TXS] CUADRO JACKET 2.0 DAMA (XS, AGUAMARINA);JAPDA01TXS;CUADRO JACKET 2.0 DAMA;Dama;XS;Aguamarina;1,00
GRIETA;[JAPDA16TM] CUADRO JACKET 2.0 DAMA (M, BLANCO);JAPDA16TM;CUADRO JACKET 2.0 DAMA;Dama;M;Blanco;1,00
GRIETA;[JAPKI35T12] CUADRO JACKET 2.0 KIDS (12, Magenta);JAPKI35T12;CUADRO JACKET 2.0 KIDS;Kids;12;Magenta;1,00
GRIETA;[JAPKI01T4] CUADRO JACKET 2.0 KIDS (4, AGUAMARINA);JAPKI01T4;CUADRO JACKET 2.0 KIDS;Kids;4;Aguamarina;1,00
GRIETA;[JAPKI01T10] CUADRO JACKET 2.0 KIDS (10, AGUAMARINA);JAPKI01T10;CUADRO JACKET 2.0 KIDS;Kids;10;Aguamarina;1,00
GRIETA;[JAPDA35TL] CUADRO JACKET 2.0 DAMA (L, Magenta);JAPDA35TL;CUADRO JACKET 2.0 DAMA;Dama;L;Magenta;2,00
GRIETA;[JAPDA43TXL] CUADRO JACKET 2.0 DAMA (XL, NEGRO);JAPDA43TXL;CUADRO JACKET 2.0 DAMA;Dama;XL;Negro;1,00
GRIETA;[JAPKI162T10] CUADRO JACKET 2.0 KIDS (10, Azul Polo);JAPKI162T10;CUADRO JACKET 2.0 KIDS;Kids;10;Azul Polo;1,00
GRIETA;[JAPKI162T2] CUADRO JACKET 2.0 KIDS (2, Azul Polo);JAPKI162T2;CUADRO JACKET 2.0 KIDS;Kids;2;Azul Polo;1,00
GRIETA;[JAPDA01TS] CUADRO JACKET 2.0 DAMA (S, AGUAMARINA);JAPDA01TS;CUADRO JACKET 2.0 DAMA;Dama;S;Aguamarina;1,00
GRIETA;[JAPCA162TL] CUADRO JACKET 2.0 CAB (L, Azul Polo);JAPCA162TL;CUADRO JACKET 2.0 CAB;Caballero;L;Azul Polo;1,00
GRIETA;[JAPKI43T2] CUADRO JACKET 2.0 KIDS (2, NEGRO);JAPKI43T2;CUADRO JACKET 2.0 KIDS;Kids;2;Negro;1,00
GRIETA;[JAPDA01TL] CUADRO JACKET 2.0 DAMA (L, AGUAMARINA);JAPDA01TL;CUADRO JACKET 2.0 DAMA;Dama;L;Aguamarina;1,00
GRIETA;[JAPDA66TS] CUADRO JACKET 2.0 DAMA (S, VERDE MILITAR);JAPDA66TS;CUADRO JACKET 2.0 DAMA;Dama;S;Verde Militar;1,00
GRIETA;[JAPKI35T4] CUADRO JACKET 2.0 KIDS (4, Magenta);JAPKI35T4;CUADRO JACKET 2.0 KIDS;Kids;4;Magenta;1,00
GRIETA;[JAPCA01TM] CUADRO JACKET 2.0 CAB (M, AGUAMARINA);JAPCA01TM;CUADRO JACKET 2.0 CAB;Caballero;M;Aguamarina;1,00
GRIETA;[JAPDA162TS] CUADRO JACKET 2.0 DAMA (S, Azul Polo);JAPDA162TS;CUADRO JACKET 2.0 DAMA;Dama;S;Azul Polo;1,00
GRIETA;[JAPKI01T2] CUADRO JACKET 2.0 KIDS (2, AGUAMARINA);JAPKI01T2;CUADRO JACKET 2.0 KIDS;Kids;2;Aguamarina;1,00
GRIETA;[JAPCA162TM] CUADRO JACKET 2.0 CAB (M, Azul Polo);JAPCA162TM;CUADRO JACKET 2.0 CAB;Caballero;M;Azul Polo;1,00
GRIETA;[JAPKI01T12] CUADRO JACKET 2.0 KIDS (12, AGUAMARINA);JAPKI01T12;CUADRO JACKET 2.0 KIDS;Kids;12;Aguamarina;1,00
GRIETA;[JAPCA16TM] CUADRO JACKET 2.0 CAB (M, BLANCO);JAPCA16TM;CUADRO JACKET 2.0 CAB;Caballero;M;Blanco;1,00
SAMBIL;[JAPCA01TS] CUADRO JACKET 2.0 CAB (S, AGUAMARINA);JAPCA01TS;CUADRO JACKET 2.0 CAB;Caballero;S;Aguamarina;11,00
SAMBIL;[JAPCA66TM] CUADRO JACKET 2.0 CAB (M, VERDE MILITAR);JAPCA66TM;CUADRO JACKET 2.0 CAB;Caballero;M;Verde Militar;10,00
SAMBIL;[JAPCA162TL] CUADRO JACKET 2.0 CAB (L, Azul Polo);JAPCA162TL;CUADRO JACKET 2.0 CAB;Caballero;L;Azul Polo;5,00
SAMBIL;[JAPDA43TM] CUADRO JACKET 2.0 DAMA (M, NEGRO);JAPDA43TM;CUADRO JACKET 2.0 DAMA;Dama;M;Negro;8,00
SAMBIL;[JAPDA43TL] CUADRO JACKET 2.0 DAMA (L, NEGRO);JAPDA43TL;CUADRO JACKET 2.0 DAMA;Dama;L;Negro;7,00
SAMBIL;[JAPDA43TXL] CUADRO JACKET 2.0 DAMA (XL, NEGRO);JAPDA43TXL;CUADRO JACKET 2.0 DAMA;Dama;XL;Negro;7,00
SAMBIL;[JAPCA16T2XL] CUADRO JACKET 2.0 CAB (2XL, BLANCO);JAPCA16T2XL;CUADRO JACKET 2.0 CAB;Caballero;2XL;Blanco;3,00
SAMBIL;[JAPDA16TXL] CUADRO JACKET 2.0 DAMA (XL, BLANCO);JAPDA16TXL;CUADRO JACKET 2.0 DAMA;Dama;XL;Blanco;17,00
SAMBIL;[JAPDA16TL] CUADRO JACKET 2.0 DAMA (L, BLANCO);JAPDA16TL;CUADRO JACKET 2.0 DAMA;Dama;L;Blanco;9,00
SAMBIL;[JAPDA16TM] CUADRO JACKET 2.0 DAMA (M, BLANCO);JAPDA16TM;CUADRO JACKET 2.0 DAMA;Dama;M;Blanco;8,00
SAMBIL;[JAPDA16TS] CUADRO JACKET 2.0 DAMA (S, BLANCO);JAPDA16TS;CUADRO JACKET 2.0 DAMA;Dama;S;Blanco;7,00
SAMBIL;[JAPDA16TXS] CUADRO JACKET 2.0 DAMA (XS, BLANCO);JAPDA16TXS;CUADRO JACKET 2.0 DAMA;Dama;XS;Blanco;7,00
SAMBIL;[JAPCA16TXL] CUADRO JACKET 2.0 CAB (XL, BLANCO);JAPCA16TXL;CUADRO JACKET 2.0 CAB;Caballero;XL;Blanco;10,00
SAMBIL;[JAPCA16TL] CUADRO JACKET 2.0 CAB (L, BLANCO);JAPCA16TL;CUADRO JACKET 2.0 CAB;Caballero;L;Blanco;7,00
SAMBIL;[JAPCA16TM] CUADRO JACKET 2.0 CAB (M, BLANCO);JAPCA16TM;CUADRO JACKET 2.0 CAB;Caballero;M;Blanco;6,00
SAMBIL;[JAPCA16TS] CUADRO JACKET 2.0 CAB (S, BLANCO);JAPCA16TS;CUADRO JACKET 2.0 CAB;Caballero;S;Blanco;8,00
SAMBIL;[JAPDA01TXS] CUADRO JACKET 2.0 DAMA (XS, AGUAMARINA);JAPDA01TXS;CUADRO JACKET 2.0 DAMA;Dama;XS;Aguamarina;9,00
SAMBIL;[JAPDA01TS] CUADRO JACKET 2.0 DAMA (S, AGUAMARINA);JAPDA01TS;CUADRO JACKET 2.0 DAMA;Dama;S;Aguamarina;5,00
SAMBIL;[JAPDA01TM] CUADRO JACKET 2.0 DAMA (M, AGUAMARINA);JAPDA01TM;CUADRO JACKET 2.0 DAMA;Dama;M;Aguamarina;13,00
SAMBIL;[JAPDA01TL] CUADRO JACKET 2.0 DAMA (L, AGUAMARINA);JAPDA01TL;CUADRO JACKET 2.0 DAMA;Dama;L;Aguamarina;9,00
SAMBIL;[JAPCA01TM] CUADRO JACKET 2.0 CAB (M, AGUAMARINA);JAPCA01TM;CUADRO JACKET 2.0 CAB;Caballero;M;Aguamarina;10,00
SAMBIL;[JAPCA01TL] CUADRO JACKET 2.0 CAB (L, AGUAMARINA);JAPCA01TL;CUADRO JACKET 2.0 CAB;Caballero;L;Aguamarina;10,00
SAMBIL;[JAPCA01TXL] CUADRO JACKET 2.0 CAB (XL, AGUAMARINA);JAPCA01TXL;CUADRO JACKET 2.0 CAB;Caballero;XL;Aguamarina;9,00
SAMBIL;[JAPDA01TXL] CUADRO JACKET 2.0 DAMA (XL, AGUAMARINA);JAPDA01TXL;CUADRO JACKET 2.0 DAMA;Dama;XL;Aguamarina;7,00
SAMBIL;[JAPCA162TXL] CUADRO JACKET 2.0 CAB (XL, Azul Polo);JAPCA162TXL;CUADRO JACKET 2.0 CAB;Caballero;XL;Azul Polo;6,00
SAMBIL;[JAPCA162T2XL] CUADRO JACKET 2.0 CAB (2XL, Azul Polo);JAPCA162T2XL;CUADRO JACKET 2.0 CAB;Caballero;2XL;Azul Polo;4,00
SAMBIL;[JAPCA162TM] CUADRO JACKET 2.0 CAB (M, Azul Polo);JAPCA162TM;CUADRO JACKET 2.0 CAB;Caballero;M;Azul Polo;6,00
SAMBIL;[JAPCA162TS] CUADRO JACKET 2.0 CAB (S, Azul Polo);JAPCA162TS;CUADRO JACKET 2.0 CAB;Caballero;S;Azul Polo;6,00
SAMBIL;[JAPDA162TL] CUADRO JACKET 2.0 DAMA (L, Azul Polo);JAPDA162TL;CUADRO JACKET 2.0 DAMA;Dama;L;Azul Polo;8,00
SAMBIL;[JAPDA162TM] CUADRO JACKET 2.0 DAMA (M, Azul Polo);JAPDA162TM;CUADRO JACKET 2.0 DAMA;Dama;M;Azul Polo;6,00
SAMBIL;[JAPDA162TS] CUADRO JACKET 2.0 DAMA (S, Azul Polo);JAPDA162TS;CUADRO JACKET 2.0 DAMA;Dama;S;Azul Polo;6,00
SAMBIL;[JAPDA162TXS] CUADRO JACKET 2.0 DAMA (XS, Azul Polo);JAPDA162TXS;CUADRO JACKET 2.0 DAMA;Dama;XS;Azul Polo;8,00
SAMBIL;[JAPDA35TXL] CUADRO JACKET 2.0 DAMA (XL, Magenta);JAPDA35TXL;CUADRO JACKET 2.0 DAMA;Dama;XL;Magenta;9,00
SAMBIL;[JAPDA35TL] CUADRO JACKET 2.0 DAMA (L, Magenta);JAPDA35TL;CUADRO JACKET 2.0 DAMA;Dama;L;Magenta;4,00
SAMBIL;[JAPDA35TM] CUADRO JACKET 2.0 DAMA (M, Magenta);JAPDA35TM;CUADRO JACKET 2.0 DAMA;Dama;M;Magenta;5,00
SAMBIL;[JAPDA35TXS] CUADRO JACKET 2.0 DAMA (XS, Magenta);JAPDA35TXS;CUADRO JACKET 2.0 DAMA;Dama;XS;Magenta;6,00
SAMBIL;[JAPCA66TXL] CUADRO JACKET 2.0 CAB (XL, VERDE MILITAR);JAPCA66TXL;CUADRO JACKET 2.0 CAB;Caballero;XL;Verde Militar;6,00
SAMBIL;[JAPCA66TL] CUADRO JACKET 2.0 CAB (L, VERDE MILITAR);JAPCA66TL;CUADRO JACKET 2.0 CAB;Caballero;L;Verde Militar;7,00
SAMBIL;[JAPCA66TS] CUADRO JACKET 2.0 CAB (S, VERDE MILITAR);JAPCA66TS;CUADRO JACKET 2.0 CAB;Caballero;S;Verde Militar;9,00
SAMBIL;[JAPDA66TXL] CUADRO JACKET 2.0 DAMA (XL, VERDE MILITAR);JAPDA66TXL;CUADRO JACKET 2.0 DAMA;Dama;XL;Verde Militar;17,00
SAMBIL;[JAPDA66TL] CUADRO JACKET 2.0 DAMA (L, VERDE MILITAR);JAPDA66TL;CUADRO JACKET 2.0 DAMA;Dama;L;Verde Militar;10,00
SAMBIL;[JAPDA66TM] CUADRO JACKET 2.0 DAMA (M, VERDE MILITAR);JAPDA66TM;CUADRO JACKET 2.0 DAMA;Dama;M;Verde Militar;9,00
SAMBIL;[JAPDA66TS] CUADRO JACKET 2.0 DAMA (S, VERDE MILITAR);JAPDA66TS;CUADRO JACKET 2.0 DAMA;Dama;S;Verde Militar;8,00
SAMBIL;[JAPDA66TXS] CUADRO JACKET 2.0 DAMA (XS, VERDE MILITAR);JAPDA66TXS;CUADRO JACKET 2.0 DAMA;Dama;XS;Verde Militar;13,00
SAMBIL;[JAPKI43T6] CUADRO JACKET 2.0 KIDS (6, NEGRO);JAPKI43T6;CUADRO JACKET 2.0 KIDS;Kids;6;Negro;2,00
SAMBIL;[JAPKI35T6] CUADRO JACKET 2.0 KIDS (6, Magenta);JAPKI35T6;CUADRO JACKET 2.0 KIDS;Kids;6;Magenta;3,00
SAMBIL;[JAPKI01T6] CUADRO JACKET 2.0 KIDS (6, AGUAMARINA);JAPKI01T6;CUADRO JACKET 2.0 KIDS;Kids;6;Aguamarina;6,00
SAMBIL;[JAPKI43T4] CUADRO JACKET 2.0 KIDS (4, NEGRO);JAPKI43T4;CUADRO JACKET 2.0 KIDS;Kids;4;Negro;2,00
SAMBIL;[JAPKI35T4] CUADRO JACKET 2.0 KIDS (4, Magenta);JAPKI35T4;CUADRO JACKET 2.0 KIDS;Kids;4;Magenta;1,00
SAMBIL;[JAPKI01T4] CUADRO JACKET 2.0 KIDS (4, AGUAMARINA);JAPKI01T4;CUADRO JACKET 2.0 KIDS;Kids;4;Aguamarina;5,00
SAMBIL;[JAPKI162T4] CUADRO JACKET 2.0 KIDS (4, Azul Polo);JAPKI162T4;CUADRO JACKET 2.0 KIDS;Kids;4;Azul Polo;1,00
SAMBIL;[JAPKI01T2] CUADRO JACKET 2.0 KIDS (2, AGUAMARINA);JAPKI01T2;CUADRO JACKET 2.0 KIDS;Kids;2;Aguamarina;3,00
SAMBIL;[JAPKI43T2] CUADRO JACKET 2.0 KIDS (2, NEGRO);JAPKI43T2;CUADRO JACKET 2.0 KIDS;Kids;2;Negro;4,00
SAMBIL;[JAPKI162T2] CUADRO JACKET 2.0 KIDS (2, Azul Polo);JAPKI162T2;CUADRO JACKET 2.0 KIDS;Kids;2;Azul Polo;5,00
SAMBIL;[JAPKI01T8] CUADRO JACKET 2.0 KIDS (8, AGUAMARINA);JAPKI01T8;CUADRO JACKET 2.0 KIDS;Kids;8;Aguamarina;6,00
SAMBIL;[JAPKI43T8] CUADRO JACKET 2.0 KIDS (8, NEGRO);JAPKI43T8;CUADRO JACKET 2.0 KIDS;Kids;8;Negro;6,00
SAMBIL;[JAPKI01T10] CUADRO JACKET 2.0 KIDS (10, AGUAMARINA);JAPKI01T10;CUADRO JACKET 2.0 KIDS;Kids;10;Aguamarina;3,00
SAMBIL;[JAPKI43T10] CUADRO JACKET 2.0 KIDS (10, NEGRO);JAPKI43T10;CUADRO JACKET 2.0 KIDS;Kids;10;Negro;3,00
SAMBIL;[JAPKI35T10] CUADRO JACKET 2.0 KIDS (10, Magenta);JAPKI35T10;CUADRO JACKET 2.0 KIDS;Kids;10;Magenta;2,00
SAMBIL;[JAPKI162T10] CUADRO JACKET 2.0 KIDS (10, Azul Polo);JAPKI162T10;CUADRO JACKET 2.0 KIDS;Kids;10;Azul Polo;3,00
SAMBIL;[JAPDA162TXL] CUADRO JACKET 2.0 DAMA (XL, Azul Polo);JAPDA162TXL;CUADRO JACKET 2.0 DAMA;Dama;XL;Azul Polo;9,00
SAMBIL;[JAPKI162T8] CUADRO JACKET 2.0 KIDS (8, Azul Polo);JAPKI162T8;CUADRO JACKET 2.0 KIDS;Kids;8;Azul Polo;4,00
SAMBIL;[JAPCA01T2XL] CUADRO JACKET 2.0 CAB (2XL, AGUAMARINA);JAPCA01T2XL;CUADRO JACKET 2.0 CAB;Caballero;2XL;Aguamarina;6,00
SAMBIL;[JAPDA43TS] CUADRO JACKET 2.0 DAMA (S, NEGRO);JAPDA43TS;CUADRO JACKET 2.0 DAMA;Dama;S;Negro;7,00
SAMBIL;[JAPDA35TS] CUADRO JACKET 2.0 DAMA (S, Magenta);JAPDA35TS;CUADRO JACKET 2.0 DAMA;Dama;S;Magenta;6,00
SAMBIL;[JAPKI35T8] CUADRO JACKET 2.0 KIDS (8, Magenta);JAPKI35T8;CUADRO JACKET 2.0 KIDS;Kids;8;Magenta;3,00
SAMBIL;[JAPCA66T2XL] CUADRO JACKET 2.0 CAB (2XL, VERDE MILITAR);JAPCA66T2XL;CUADRO JACKET 2.0 CAB;Caballero;2XL;Verde Militar;4,00
SAMBIL;[JAPDA43TXS] CUADRO JACKET 2.0 DAMA (XS, NEGRO);JAPDA43TXS;CUADRO JACKET 2.0 DAMA;Dama;XS;Negro;6,00
SAMBIL;[JAPCA43TS] CUADRO JACKET 2.0 CAB (S, NEGRO);JAPCA43TS;CUADRO JACKET 2.0 CAB;Caballero;S;Negro;9,00
SAMBIL;[JAPCA43TL] CUADRO JACKET 2.0 CAB (L, NEGRO);JAPCA43TL;CUADRO JACKET 2.0 CAB;Caballero;L;Negro;7,00
SAMBIL;[JAPCA43TM] CUADRO JACKET 2.0 CAB (M, NEGRO);JAPCA43TM;CUADRO JACKET 2.0 CAB;Caballero;M;Negro;9,00
SAMBIL;[JAPCA43TXL] CUADRO JACKET 2.0 CAB (XL, NEGRO);JAPCA43TXL;CUADRO JACKET 2.0 CAB;Caballero;XL;Negro;5,00
SAMBIL;[JAPCA43T2XL] CUADRO JACKET 2.0 CAB (2XL, NEGRO);JAPCA43T2XL;CUADRO JACKET 2.0 CAB;Caballero;2XL;Negro;3,00
SAMBIL;[JAPKI162T12] CUADRO JACKET 2.0 KIDS (12, Azul Polo);JAPKI162T12;CUADRO JACKET 2.0 KIDS;Kids;12;Azul Polo;5,00
SAMBIL;[JAPKI43T12] CUADRO JACKET 2.0 KIDS (12, NEGRO);JAPKI43T12;CUADRO JACKET 2.0 KIDS;Kids;12;Negro;4,00
SAMBIL;[JAPKI35T12] CUADRO JACKET 2.0 KIDS (12, Magenta);JAPKI35T12;CUADRO JACKET 2.0 KIDS;Kids;12;Magenta;3,00
SAMBIL;[JAPCA01T2XL] CUADRO JACKET 2.0 CAB (2XL, AGUAMARINA);JAPCA01T2XL;CUADRO JACKET 2.0 CAB;Caballero;2XL;Aguamarina;1,00
SAMBIL;[JAPCA01TL] CUADRO JACKET 2.0 CAB (L, AGUAMARINA);JAPCA01TL;CUADRO JACKET 2.0 CAB;Caballero;L;Aguamarina;1,00
SAMBIL;[JAPCA01TXL] CUADRO JACKET 2.0 CAB (XL, AGUAMARINA);JAPCA01TXL;CUADRO JACKET 2.0 CAB;Caballero;XL;Aguamarina;1,00
SAMBIL;[JAPKI01T10] CUADRO JACKET 2.0 KIDS (10, AGUAMARINA);JAPKI01T10;CUADRO JACKET 2.0 KIDS;Kids;10;Aguamarina;1,00
SAMBIL;[JAPKI162T2] CUADRO JACKET 2.0 KIDS (2, Azul Polo);JAPKI162T2;CUADRO JACKET 2.0 KIDS;Kids;2;Azul Polo;1,00
SAMBIL;[JAPCA01TS] CUADRO JACKET 2.0 CAB (S, AGUAMARINA);JAPCA01TS;CUADRO JACKET 2.0 CAB;Caballero;S;Aguamarina;1,00
SAMBIL;[JAPCA16TXL] CUADRO JACKET 2.0 CAB (XL, BLANCO);JAPCA16TXL;CUADRO JACKET 2.0 CAB;Caballero;XL;Blanco;1,00
SAMBIL;[JAPKI43T2] CUADRO JACKET 2.0 KIDS (2, NEGRO);JAPKI43T2;CUADRO JACKET 2.0 KIDS;Kids;2;Negro;1,00
SAMBIL;[JAPKI35T4] CUADRO JACKET 2.0 KIDS (4, Magenta);JAPKI35T4;CUADRO JACKET 2.0 KIDS;Kids;4;Magenta;1,00
SAMBIL;[JAPCA66TS] CUADRO JACKET 2.0 CAB (S, VERDE MILITAR);JAPCA66TS;CUADRO JACKET 2.0 CAB;Caballero;S;Verde Militar;1,00
SAMBIL;[JAPCA01TM] CUADRO JACKET 2.0 CAB (M, AGUAMARINA);JAPCA01TM;CUADRO JACKET 2.0 CAB;Caballero;M;Aguamarina;1,00
SAMBIL;[JAPKI01T6] CUADRO JACKET 2.0 KIDS (6, AGUAMARINA);JAPKI01T6;CUADRO JACKET 2.0 KIDS;Kids;6;Aguamarina;1,00
SAMBIL;[JAPKI01T4] CUADRO JACKET 2.0 KIDS (4, AGUAMARINA);JAPKI01T4;CUADRO JACKET 2.0 KIDS;Kids;4;Aguamarina;1,00
SAMBIL;[JAPCA66TXL] CUADRO JACKET 2.0 CAB (XL, VERDE MILITAR);JAPCA66TXL;CUADRO JACKET 2.0 CAB;Caballero;XL;Verde Militar;1,00
SAMBIL;[JAPKI01T2] CUADRO JACKET 2.0 KIDS (2, AGUAMARINA);JAPKI01T2;CUADRO JACKET 2.0 KIDS;Kids;2;Aguamarina;1,00
SAMBIL;[JAPCA43T2XL] CUADRO JACKET 2.0 CAB (2XL, NEGRO);JAPCA43T2XL;CUADRO JACKET 2.0 CAB;Caballero;2XL;Negro;1,00
SAMBIL;[JAPDA35TXL] CUADRO JACKET 2.0 DAMA (XL, Magenta);JAPDA35TXL;CUADRO JACKET 2.0 DAMA;Dama;XL;Magenta;1,00
SAMBIL;[JAPDA35TM] CUADRO JACKET 2.0 DAMA (M, Magenta);JAPDA35TM;CUADRO JACKET 2.0 DAMA;Dama;M;Magenta;1,00
SAMBIL;[JAPDA66TL] CUADRO JACKET 2.0 DAMA (L, VERDE MILITAR);JAPDA66TL;CUADRO JACKET 2.0 DAMA;Dama;L;Verde Militar;1,00
SAMBIL;[JAPDA162TL] CUADRO JACKET 2.0 DAMA (L, Azul Polo);JAPDA162TL;CUADRO JACKET 2.0 DAMA;Dama;L;Azul Polo;1,00
SAMBIL;[JAPDA35TL] CUADRO JACKET 2.0 DAMA (L, Magenta);JAPDA35TL;CUADRO JACKET 2.0 DAMA;Dama;L;Magenta;2,00
SAMBIL;[JAPCA66TM] CUADRO JACKET 2.0 CAB (M, VERDE MILITAR);JAPCA66TM;CUADRO JACKET 2.0 CAB;Caballero;M;Verde Militar;1,00
SAMBIL;[JAPDA43TM] CUADRO JACKET 2.0 DAMA (M, NEGRO);JAPDA43TM;CUADRO JACKET 2.0 DAMA;Dama;M;Negro;2,00
SAMBIL;[JAPCA162TXL] CUADRO JACKET 2.0 CAB (XL, Azul Polo);JAPCA162TXL;CUADRO JACKET 2.0 CAB;Caballero;XL;Azul Polo;1,00
SAMBIL;[JAPCA16TS] CUADRO JACKET 2.0 CAB (S, BLANCO);JAPCA16TS;CUADRO JACKET 2.0 CAB;Caballero;S;Blanco;1,00
SAMBIL;[JAPKI35T8] CUADRO JACKET 2.0 KIDS (8, Magenta);JAPKI35T8;CUADRO JACKET 2.0 KIDS;Kids;8;Magenta;1,00
SAMBIL;[JAPKI43T4] CUADRO JACKET 2.0 KIDS (4, NEGRO);JAPKI43T4;CUADRO JACKET 2.0 KIDS;Kids;4;Negro;1,00
SAMBIL;[JAPKI35T6] CUADRO JACKET 2.0 KIDS (6, Magenta);JAPKI35T6;CUADRO JACKET 2.0 KIDS;Kids;6;Magenta;1,00
SAMBIL;[JAPKI43T10] CUADRO JACKET 2.0 KIDS (10, NEGRO);JAPKI43T10;CUADRO JACKET 2.0 KIDS;Kids;10;Negro;1,00
SAMBIL;[JAPKI01T8] CUADRO JACKET 2.0 KIDS (8, AGUAMARINA);JAPKI01T8;CUADRO JACKET 2.0 KIDS;Kids;8;Aguamarina;1,00
SAMBIL;[JAPKI01T12] CUADRO JACKET 2.0 KIDS (12, AGUAMARINA);JAPKI01T12;CUADRO JACKET 2.0 KIDS;Kids;12;Aguamarina;1,00
SAMBIL;[JAPKI162T10] CUADRO JACKET 2.0 KIDS (10, Azul Polo);JAPKI162T10;CUADRO JACKET 2.0 KIDS;Kids;10;Azul Polo;1,00
SAMBIL;[JAPCA16TM] CUADRO JACKET 2.0 CAB (M, BLANCO);JAPCA16TM;CUADRO JACKET 2.0 CAB;Caballero;M;Blanco;1,00
SAMBIL;[JAPCA66TL] CUADRO JACKET 2.0 CAB (L, VERDE MILITAR);JAPCA66TL;CUADRO JACKET 2.0 CAB;Caballero;L;Verde Militar;1,00
SAMBIL;[JAPKI162T8] CUADRO JACKET 2.0 KIDS (8, Azul Polo);JAPKI162T8;CUADRO JACKET 2.0 KIDS;Kids;8;Azul Polo;1,00
SAMBIL;[JAPDA162TS] CUADRO JACKET 2.0 DAMA (S, Azul Polo);JAPDA162TS;CUADRO JACKET 2.0 DAMA;Dama;S;Azul Polo;2,00
SAMBIL;[JAPDA66TXS] CUADRO JACKET 2.0 DAMA (XS, VERDE MILITAR);JAPDA66TXS;CUADRO JACKET 2.0 DAMA;Dama;XS;Verde Militar;1,00
SAMBIL;[JAPDA35TXS] CUADRO JACKET 2.0 DAMA (XS, Magenta);JAPDA35TXS;CUADRO JACKET 2.0 DAMA;Dama;XS;Magenta;1,00
SAMBIL;[JAPCA43TM] CUADRO JACKET 2.0 CAB (M, NEGRO);JAPCA43TM;CUADRO JACKET 2.0 CAB;Caballero;M;Negro;1,00
SAMBIL;[JAPDA01TXS] CUADRO JACKET 2.0 DAMA (XS, AGUAMARINA);JAPDA01TXS;CUADRO JACKET 2.0 DAMA;Dama;XS;Aguamarina;1,00
SAMBIL;[JAPDA01TS] CUADRO JACKET 2.0 DAMA (S, AGUAMARINA);JAPDA01TS;CUADRO JACKET 2.0 DAMA;Dama;S;Aguamarina;1,00
SAMBIL;[JAPDA43TS] CUADRO JACKET 2.0 DAMA (S, NEGRO);JAPDA43TS;CUADRO JACKET 2.0 DAMA;Dama;S;Negro;2,00
SAMBIL;[JAPDA66TM] CUADRO JACKET 2.0 DAMA (M, VERDE MILITAR);JAPDA66TM;CUADRO JACKET 2.0 DAMA;Dama;M;Verde Militar;1,00
SAMBIL;[JAPKI162T12] CUADRO JACKET 2.0 KIDS (12, Azul Polo);JAPKI162T12;CUADRO JACKET 2.0 KIDS;Kids;12;Azul Polo;2,00
SAMBIL;[JAPDA162TXS] CUADRO JACKET 2.0 DAMA (XS, Azul Polo);JAPDA162TXS;CUADRO JACKET 2.0 DAMA;Dama;XS;Azul Polo;1,00
SAMBIL;[JAPKI43T8] CUADRO JACKET 2.0 KIDS (8, NEGRO);JAPKI43T8;CUADRO JACKET 2.0 KIDS;Kids;8;Negro;1,00
SAMBIL;[JAPKI162T4] CUADRO JACKET 2.0 KIDS (4, Azul Polo);JAPKI162T4;CUADRO JACKET 2.0 KIDS;Kids;4;Azul Polo;1,00
SAMBIL;[JAPDA66TS] CUADRO JACKET 2.0 DAMA (S, VERDE MILITAR);JAPDA66TS;CUADRO JACKET 2.0 DAMA;Dama;S;Verde Militar;1,00
SAMBIL;[JAPDA01TL] CUADRO JACKET 2.0 DAMA (L, AGUAMARINA);JAPDA01TL;CUADRO JACKET 2.0 DAMA;Dama;L;Aguamarina;1,00
SAMBIL;[JAPCA162TS] CUADRO JACKET 2.0 CAB (S, Azul Polo);JAPCA162TS;CUADRO JACKET 2.0 CAB;Caballero;S;Azul Polo;1,00
SAMBIL;[JAPCA16T2XL] CUADRO JACKET 2.0 CAB (2XL, BLANCO);JAPCA16T2XL;CUADRO JACKET 2.0 CAB;Caballero;2XL;Blanco;1,00
SAMBIL;[JAPDA16TM] CUADRO JACKET 2.0 DAMA (M, BLANCO);JAPDA16TM;CUADRO JACKET 2.0 DAMA;Dama;M;Blanco;1,00
SAMBIL;[JAPKI43T12] CUADRO JACKET 2.0 KIDS (12, NEGRO);JAPKI43T12;CUADRO JACKET 2.0 KIDS;Kids;12;Negro;1,00
SAMBIL;[JAPKI43T6] CUADRO JACKET 2.0 KIDS (6, NEGRO);JAPKI43T6;CUADRO JACKET 2.0 KIDS;Kids;6;Negro;1,00
SAMBIL;[JAPDA162TM] CUADRO JACKET 2.0 DAMA (M, Azul Polo);JAPDA162TM;CUADRO JACKET 2.0 DAMA;Dama;M;Azul Polo;1,00
SAMBIL;[JAPCA162TL] CUADRO JACKET 2.0 CAB (L, Azul Polo);JAPCA162TL;CUADRO JACKET 2.0 CAB;Caballero;L;Azul Polo;1,00
SAMBIL;[JAPKI35T12] CUADRO JACKET 2.0 KIDS (12, Magenta);JAPKI35T12;CUADRO JACKET 2.0 KIDS;Kids;12;Magenta;1,00
SAMBIL;[JAPKI35T10] CUADRO JACKET 2.0 KIDS (10, Magenta);JAPKI35T10;CUADRO JACKET 2.0 KIDS;Kids;10;Magenta;1,00
SAMBIL;[JAPCA43TXL] CUADRO JACKET 2.0 CAB (XL, NEGRO);JAPCA43TXL;CUADRO JACKET 2.0 CAB;Caballero;XL;Negro;1,00
TALLER;[JAPKI162T8] CUADRO JACKET 2.0 KIDS (8, Azul Polo);JAPKI162T8;CUADRO JACKET 2.0 KIDS;Kids;8;Azul Polo;44,00
TALLER;[JAPKI162T10] CUADRO JACKET 2.0 KIDS (10, Azul Polo);JAPKI162T10;CUADRO JACKET 2.0 KIDS;Kids;10;Azul Polo;51,00
TALLER;[JAPKI162T12] CUADRO JACKET 2.0 KIDS (12, Azul Polo);JAPKI162T12;CUADRO JACKET 2.0 KIDS;Kids;12;Azul Polo;16,00
TALLER;[JAPKI01T2] CUADRO JACKET 2.0 KIDS (2, AGUAMARINA);JAPKI01T2;CUADRO JACKET 2.0 KIDS;Kids;2;Aguamarina;1,00
TALLER;[JAPKI01T4] CUADRO JACKET 2.0 KIDS (4, AGUAMARINA);JAPKI01T4;CUADRO JACKET 2.0 KIDS;Kids;4;Aguamarina;1,00
TALLER;[JAPKI01T8] CUADRO JACKET 2.0 KIDS (8, AGUAMARINA);JAPKI01T8;CUADRO JACKET 2.0 KIDS;Kids;8;Aguamarina;36,00
TALLER;[JAPKI01T10] CUADRO JACKET 2.0 KIDS (10, AGUAMARINA);JAPKI01T10;CUADRO JACKET 2.0 KIDS;Kids;10;Aguamarina;3,00
TALLER;[JAPKI01T12] CUADRO JACKET 2.0 KIDS (12, AGUAMARINA);JAPKI01T12;CUADRO JACKET 2.0 KIDS;Kids;12;Aguamarina;10,00
TALLER;[JAPKI43T2] CUADRO JACKET 2.0 KIDS (2, NEGRO);JAPKI43T2;CUADRO JACKET 2.0 KIDS;Kids;2;Negro;7,00
TALLER;[JAPKI43T8] CUADRO JACKET 2.0 KIDS (8, NEGRO);JAPKI43T8;CUADRO JACKET 2.0 KIDS;Kids;8;Negro;28,00
TALLER;[JAPKI43T10] CUADRO JACKET 2.0 KIDS (10, NEGRO);JAPKI43T10;CUADRO JACKET 2.0 KIDS;Kids;10;Negro;53,00
TALLER;[JAPKI43T12] CUADRO JACKET 2.0 KIDS (12, NEGRO);JAPKI43T12;CUADRO JACKET 2.0 KIDS;Kids;12;Negro;60,00
TALLER;[JAPKI35T8] CUADRO JACKET 2.0 KIDS (8, Magenta);JAPKI35T8;CUADRO JACKET 2.0 KIDS;Kids;8;Magenta;40,00
TALLER;[JAPKI35T10] CUADRO JACKET 2.0 KIDS (10, Magenta);JAPKI35T10;CUADRO JACKET 2.0 KIDS;Kids;10;Magenta;46,00
TALLER;[JAPKI35T12] CUADRO JACKET 2.0 KIDS (12, Magenta);JAPKI35T12;CUADRO JACKET 2.0 KIDS;Kids;12;Magenta;66,00
TALLER;[JAPCA43TM] CUADRO JACKET 2.0 CAB (M, NEGRO);JAPCA43TM;CUADRO JACKET 2.0 CAB;Caballero;M;Negro;141,00
TALLER;[JAPCA43TXL] CUADRO JACKET 2.0 CAB (XL, NEGRO);JAPCA43TXL;CUADRO JACKET 2.0 CAB;Caballero;XL;Negro;244,00
TALLER;[JAPCA43TS] CUADRO JACKET 2.0 CAB (S, NEGRO);JAPCA43TS;CUADRO JACKET 2.0 CAB;Caballero;S;Negro;163,00
TALLER;[JAPCA43T2XL] CUADRO JACKET 2.0 CAB (2XL, NEGRO);JAPCA43T2XL;CUADRO JACKET 2.0 CAB;Caballero;2XL;Negro;78,00
TALLER;[JAPCA43TL] CUADRO JACKET 2.0 CAB (L, NEGRO);JAPCA43TL;CUADRO JACKET 2.0 CAB;Caballero;L;Negro;144,00
TALLER;[JAPDA01TS] CUADRO JACKET 2.0 DAMA (S, AGUAMARINA);JAPDA01TS;CUADRO JACKET 2.0 DAMA;Dama;S;Aguamarina;75,00
TALLER;[JAPCA66TM] CUADRO JACKET 2.0 CAB (M, VERDE MILITAR);JAPCA66TM;CUADRO JACKET 2.0 CAB;Caballero;M;Verde Militar;15,00
TALLER;[JAPDA43TXS] CUADRO JACKET 2.0 DAMA (XS, NEGRO);JAPDA43TXS;CUADRO JACKET 2.0 DAMA;Dama;XS;Negro;133,00
TALLER;[JAPDA43TXL] CUADRO JACKET 2.0 DAMA (XL, NEGRO);JAPDA43TXL;CUADRO JACKET 2.0 DAMA;Dama;XL;Negro;155,00
TALLER;[JAPDA43TS] CUADRO JACKET 2.0 DAMA (S, NEGRO);JAPDA43TS;CUADRO JACKET 2.0 DAMA;Dama;S;Negro;156,00
TALLER;[JAPDA43TM] CUADRO JACKET 2.0 DAMA (M, NEGRO);JAPDA43TM;CUADRO JACKET 2.0 DAMA;Dama;M;Negro;163,00
TALLER;[JAPDA01TXL] CUADRO JACKET 2.0 DAMA (XL, AGUAMARINA);JAPDA01TXL;CUADRO JACKET 2.0 DAMA;Dama;XL;Aguamarina;2,00
TALLER;[JAPCA16TXL] CUADRO JACKET 2.0 CAB (XL, BLANCO);JAPCA16TXL;CUADRO JACKET 2.0 CAB;Caballero;XL;Blanco;70,00
TALLER;[JAPCA16TL] CUADRO JACKET 2.0 CAB (L, BLANCO);JAPCA16TL;CUADRO JACKET 2.0 CAB;Caballero;L;Blanco;51,00
TALLER;[JAPCA16TS] CUADRO JACKET 2.0 CAB (S, BLANCO);JAPCA16TS;CUADRO JACKET 2.0 CAB;Caballero;S;Blanco;19,00
TALLER;[JAPCA16TM] CUADRO JACKET 2.0 CAB (M, BLANCO);JAPCA16TM;CUADRO JACKET 2.0 CAB;Caballero;M;Blanco;21,00
TALLER;[JAPCA16T2XL] CUADRO JACKET 2.0 CAB (2XL, BLANCO);JAPCA16T2XL;CUADRO JACKET 2.0 CAB;Caballero;2XL;Blanco;41,00
TALLER;[JAPCA66TXL] CUADRO JACKET 2.0 CAB (XL, VERDE MILITAR);JAPCA66TXL;CUADRO JACKET 2.0 CAB;Caballero;XL;Verde Militar;45,00
TALLER;[JAPCA66TL] CUADRO JACKET 2.0 CAB (L, VERDE MILITAR);JAPCA66TL;CUADRO JACKET 2.0 CAB;Caballero;L;Verde Militar;10,00
TALLER;[JAPCA66T2XL] CUADRO JACKET 2.0 CAB (2XL, VERDE MILITAR);JAPCA66T2XL;CUADRO JACKET 2.0 CAB;Caballero;2XL;Verde Militar;29,00
TALLER;[JAPCA66TS] CUADRO JACKET 2.0 CAB (S, VERDE MILITAR);JAPCA66TS;CUADRO JACKET 2.0 CAB;Caballero;S;Verde Militar;20,00
TALLER;[JAPCA01TL] CUADRO JACKET 2.0 CAB (L, AGUAMARINA);JAPCA01TL;CUADRO JACKET 2.0 CAB;Caballero;L;Aguamarina;47,00
TALLER;[JAPCA01TS] CUADRO JACKET 2.0 CAB (S, AGUAMARINA);JAPCA01TS;CUADRO JACKET 2.0 CAB;Caballero;S;Aguamarina;102,00
TALLER;[JAPCA01TM] CUADRO JACKET 2.0 CAB (M, AGUAMARINA);JAPCA01TM;CUADRO JACKET 2.0 CAB;Caballero;M;Aguamarina;79,00
TALLER;[JAPCA01T2XL] CUADRO JACKET 2.0 CAB (2XL, AGUAMARINA);JAPCA01T2XL;CUADRO JACKET 2.0 CAB;Caballero;2XL;Aguamarina;96,00
TALLER;[JAPCA01TXL] CUADRO JACKET 2.0 CAB (XL, AGUAMARINA);JAPCA01TXL;CUADRO JACKET 2.0 CAB;Caballero;XL;Aguamarina;85,00
TALLER;[JAPCA162T2XL] CUADRO JACKET 2.0 CAB (2XL, Azul Polo);JAPCA162T2XL;CUADRO JACKET 2.0 CAB;Caballero;2XL;Azul Polo;7,00
TALLER;[JAPCA162TS] CUADRO JACKET 2.0 CAB (S, Azul Polo);JAPCA162TS;CUADRO JACKET 2.0 CAB;Caballero;S;Azul Polo;12,00
TALLER;[JAPDA43TL] CUADRO JACKET 2.0 DAMA (L, NEGRO);JAPDA43TL;CUADRO JACKET 2.0 DAMA;Dama;L;Negro;107,00
TALLER;[JAPDA16TXL] CUADRO JACKET 2.0 DAMA (XL, BLANCO);JAPDA16TXL;CUADRO JACKET 2.0 DAMA;Dama;XL;Blanco;21,00
TALLER;[JAPDA16TL] CUADRO JACKET 2.0 DAMA (L, BLANCO);JAPDA16TL;CUADRO JACKET 2.0 DAMA;Dama;L;Blanco;13,00
TALLER;[JAPDA66TXS] CUADRO JACKET 2.0 DAMA (XS, VERDE MILITAR);JAPDA66TXS;CUADRO JACKET 2.0 DAMA;Dama;XS;Verde Militar;7,00
TALLER;[JAPDA66TS] CUADRO JACKET 2.0 DAMA (S, VERDE MILITAR);JAPDA66TS;CUADRO JACKET 2.0 DAMA;Dama;S;Verde Militar;15,00
TALLER;[JAPDA66TXL] CUADRO JACKET 2.0 DAMA (XL, VERDE MILITAR);JAPDA66TXL;CUADRO JACKET 2.0 DAMA;Dama;XL;Verde Militar;31,00
TALLER;[JAPDA66TL] CUADRO JACKET 2.0 DAMA (L, VERDE MILITAR);JAPDA66TL;CUADRO JACKET 2.0 DAMA;Dama;L;Verde Militar;25,00
TALLER;[JAPDA66TM] CUADRO JACKET 2.0 DAMA (M, VERDE MILITAR);JAPDA66TM;CUADRO JACKET 2.0 DAMA;Dama;M;Verde Militar;47,00
TALLER;[JAPDA01TM] CUADRO JACKET 2.0 DAMA (M, AGUAMARINA);JAPDA01TM;CUADRO JACKET 2.0 DAMA;Dama;M;Aguamarina;68,00
TALLER;[JAPDA01TL] CUADRO JACKET 2.0 DAMA (L, AGUAMARINA);JAPDA01TL;CUADRO JACKET 2.0 DAMA;Dama;L;Aguamarina;31,00
TALLER;[JAPDA01TXS] CUADRO JACKET 2.0 DAMA (XS, AGUAMARINA);JAPDA01TXS;CUADRO JACKET 2.0 DAMA;Dama;XS;Aguamarina;42,00
TALLER;[JAPDA162TL] CUADRO JACKET 2.0 DAMA (L, Azul Polo);JAPDA162TL;CUADRO JACKET 2.0 DAMA;Dama;L;Azul Polo;15,00
TALLER;[JAPDA162TM] CUADRO JACKET 2.0 DAMA (M, Azul Polo);JAPDA162TM;CUADRO JACKET 2.0 DAMA;Dama;M;Azul Polo;18,00
TALLER;[JAPDA162TS] CUADRO JACKET 2.0 DAMA (S, Azul Polo);JAPDA162TS;CUADRO JACKET 2.0 DAMA;Dama;S;Azul Polo;39,00
TALLER;[JAPDA162TXS] CUADRO JACKET 2.0 DAMA (XS, Azul Polo);JAPDA162TXS;CUADRO JACKET 2.0 DAMA;Dama;XS;Azul Polo;10,00
TALLER;[JAPDA35TM] CUADRO JACKET 2.0 DAMA (M, Magenta);JAPDA35TM;CUADRO JACKET 2.0 DAMA;Dama;M;Magenta;20,00
TALLER;[JAPDA35TXL] CUADRO JACKET 2.0 DAMA (XL, Magenta);JAPDA35TXL;CUADRO JACKET 2.0 DAMA;Dama;XL;Magenta;44,00
TALLER;[JAPDA35TL] CUADRO JACKET 2.0 DAMA (L, Magenta);JAPDA35TL;CUADRO JACKET 2.0 DAMA;Dama;L;Magenta;19,00
TALLER;[JAPDA35TXS] CUADRO JACKET 2.0 DAMA (XS, Magenta);JAPDA35TXS;CUADRO JACKET 2.0 DAMA;Dama;XS;Magenta;13,00
TALLER;[JAPDA35TS] CUADRO JACKET 2.0 DAMA (S, Magenta);JAPDA35TS;CUADRO JACKET 2.0 DAMA;Dama;S;Magenta;23,00
TALLER;[JAPCA16TS] CUADRO JACKET 2.0 CAB (S, BLANCO);JAPCA16TS;CUADRO JACKET 2.0 CAB;Caballero;S;Blanco;80,00
TALLER;[JAPCA16TM] CUADRO JACKET 2.0 CAB (M, BLANCO);JAPCA16TM;CUADRO JACKET 2.0 CAB;Caballero;M;Blanco;115,00
TALLER;[JAPCA16TL] CUADRO JACKET 2.0 CAB (L, BLANCO);JAPCA16TL;CUADRO JACKET 2.0 CAB;Caballero;L;Blanco;111,00
TALLER;[JAPCA16TXL] CUADRO JACKET 2.0 CAB (XL, BLANCO);JAPCA16TXL;CUADRO JACKET 2.0 CAB;Caballero;XL;Blanco;99,00
TALLER;[JAPCA16T2XL] CUADRO JACKET 2.0 CAB (2XL, BLANCO);JAPCA16T2XL;CUADRO JACKET 2.0 CAB;Caballero;2XL;Blanco;70,00
TALLER;[JAPCA162TS] CUADRO JACKET 2.0 CAB (S, Azul Polo);JAPCA162TS;CUADRO JACKET 2.0 CAB;Caballero;S;Azul Polo;82,00
TALLER;[JAPCA162TM] CUADRO JACKET 2.0 CAB (M, Azul Polo);JAPCA162TM;CUADRO JACKET 2.0 CAB;Caballero;M;Azul Polo;99,00
TALLER;[JAPCA162TL] CUADRO JACKET 2.0 CAB (L, Azul Polo);JAPCA162TL;CUADRO JACKET 2.0 CAB;Caballero;L;Azul Polo;110,00
TALLER;[JAPCA162TXL] CUADRO JACKET 2.0 CAB (XL, Azul Polo);JAPCA162TXL;CUADRO JACKET 2.0 CAB;Caballero;XL;Azul Polo;139,00
TALLER;[JAPCA162T2XL] CUADRO JACKET 2.0 CAB (2XL, Azul Polo);JAPCA162T2XL;CUADRO JACKET 2.0 CAB;Caballero;2XL;Azul Polo;80,00
TALLER;[JAPCA01TS] CUADRO JACKET 2.0 CAB (S, AGUAMARINA);JAPCA01TS;CUADRO JACKET 2.0 CAB;Caballero;S;Aguamarina;100,00
TALLER;[JAPCA01TM] CUADRO JACKET 2.0 CAB (M, AGUAMARINA);JAPCA01TM;CUADRO JACKET 2.0 CAB;Caballero;M;Aguamarina;100,00
TALLER;[JAPCA01TL] CUADRO JACKET 2.0 CAB (L, AGUAMARINA);JAPCA01TL;CUADRO JACKET 2.0 CAB;Caballero;L;Aguamarina;80,00
TALLER;[JAPCA01TXL] CUADRO JACKET 2.0 CAB (XL, AGUAMARINA);JAPCA01TXL;CUADRO JACKET 2.0 CAB;Caballero;XL;Aguamarina;79,00
TALLER;[JAPCA01T2XL] CUADRO JACKET 2.0 CAB (2XL, AGUAMARINA);JAPCA01T2XL;CUADRO JACKET 2.0 CAB;Caballero;2XL;Aguamarina;100,00
TALLER;[JAPCA43TS] CUADRO JACKET 2.0 CAB (S, NEGRO);JAPCA43TS;CUADRO JACKET 2.0 CAB;Caballero;S;Negro;71,00
TALLER;[JAPCA43TM] CUADRO JACKET 2.0 CAB (M, NEGRO);JAPCA43TM;CUADRO JACKET 2.0 CAB;Caballero;M;Negro;252,00
TALLER;[JAPCA43TL] CUADRO JACKET 2.0 CAB (L, NEGRO);JAPCA43TL;CUADRO JACKET 2.0 CAB;Caballero;L;Negro;99,00
TALLER;[JAPCA43TXL] CUADRO JACKET 2.0 CAB (XL, NEGRO);JAPCA43TXL;CUADRO JACKET 2.0 CAB;Caballero;XL;Negro;272,00
TALLER;[JAPCA43T2XL] CUADRO JACKET 2.0 CAB (2XL, NEGRO);JAPCA43T2XL;CUADRO JACKET 2.0 CAB;Caballero;2XL;Negro;240,00
TALLER;[JAPCA66TS] CUADRO JACKET 2.0 CAB (S, VERDE MILITAR);JAPCA66TS;CUADRO JACKET 2.0 CAB;Caballero;S;Verde Militar;164,00
TALLER;[JAPCA66TM] CUADRO JACKET 2.0 CAB (M, VERDE MILITAR);JAPCA66TM;CUADRO JACKET 2.0 CAB;Caballero;M;Verde Militar;249,00
TALLER;[JAPCA66TL] CUADRO JACKET 2.0 CAB (L, VERDE MILITAR);JAPCA66TL;CUADRO JACKET 2.0 CAB;Caballero;L;Verde Militar;269,00
TALLER;[JAPCA66TXL] CUADRO JACKET 2.0 CAB (XL, VERDE MILITAR);JAPCA66TXL;CUADRO JACKET 2.0 CAB;Caballero;XL;Verde Militar;249,00
TALLER;[JAPCA66T2XL] CUADRO JACKET 2.0 CAB (2XL, VERDE MILITAR);JAPCA66T2XL;CUADRO JACKET 2.0 CAB;Caballero;2XL;Verde Militar;129,00
TALLER;[JAPDA16TXS] CUADRO JACKET 2.0 DAMA (XS, BLANCO);JAPDA16TXS;CUADRO JACKET 2.0 DAMA;Dama;XS;Blanco;80,00
TALLER;[JAPDA16TS] CUADRO JACKET 2.0 DAMA (S, BLANCO);JAPDA16TS;CUADRO JACKET 2.0 DAMA;Dama;S;Blanco;98,00
TALLER;[JAPDA16TM] CUADRO JACKET 2.0 DAMA (M, BLANCO);JAPDA16TM;CUADRO JACKET 2.0 DAMA;Dama;M;Blanco;101,00
TALLER;[JAPDA16TL] CUADRO JACKET 2.0 DAMA (L, BLANCO);JAPDA16TL;CUADRO JACKET 2.0 DAMA;Dama;L;Blanco;69,00
TALLER;[JAPDA16TXL] CUADRO JACKET 2.0 DAMA (XL, BLANCO);JAPDA16TXL;CUADRO JACKET 2.0 DAMA;Dama;XL;Blanco;69,00
TALLER;[JAPDA162TXS] CUADRO JACKET 2.0 DAMA (XS, Azul Polo);JAPDA162TXS;CUADRO JACKET 2.0 DAMA;Dama;XS;Azul Polo;79,00
TALLER;[JAPDA162TS] CUADRO JACKET 2.0 DAMA (S, Azul Polo);JAPDA162TS;CUADRO JACKET 2.0 DAMA;Dama;S;Azul Polo;110,00
TALLER;[JAPDA162TM] CUADRO JACKET 2.0 DAMA (M, Azul Polo);JAPDA162TM;CUADRO JACKET 2.0 DAMA;Dama;M;Azul Polo;113,00
TALLER;[JAPDA162TL] CUADRO JACKET 2.0 DAMA (L, Azul Polo);JAPDA162TL;CUADRO JACKET 2.0 DAMA;Dama;L;Azul Polo;74,00
TALLER;[JAPDA162TXL] CUADRO JACKET 2.0 DAMA (XL, Azul Polo);JAPDA162TXL;CUADRO JACKET 2.0 DAMA;Dama;XL;Azul Polo;50,00
TALLER;[JAPDA01TXS] CUADRO JACKET 2.0 DAMA (XS, AGUAMARINA);JAPDA01TXS;CUADRO JACKET 2.0 DAMA;Dama;XS;Aguamarina;87,00
TALLER;[JAPDA01TS] CUADRO JACKET 2.0 DAMA (S, AGUAMARINA);JAPDA01TS;CUADRO JACKET 2.0 DAMA;Dama;S;Aguamarina;110,00
TALLER;[JAPDA01TM] CUADRO JACKET 2.0 DAMA (M, AGUAMARINA);JAPDA01TM;CUADRO JACKET 2.0 DAMA;Dama;M;Aguamarina;111,00
TALLER;[JAPDA01TL] CUADRO JACKET 2.0 DAMA (L, AGUAMARINA);JAPDA01TL;CUADRO JACKET 2.0 DAMA;Dama;L;Aguamarina;69,00
TALLER;[JAPDA01TXL] CUADRO JACKET 2.0 DAMA (XL, AGUAMARINA);JAPDA01TXL;CUADRO JACKET 2.0 DAMA;Dama;XL;Aguamarina;50,00
TALLER;[JAPDA43TXS] CUADRO JACKET 2.0 DAMA (XS, NEGRO);JAPDA43TXS;CUADRO JACKET 2.0 DAMA;Dama;XS;Negro;169,00
TALLER;[JAPDA43TS] CUADRO JACKET 2.0 DAMA (S, NEGRO);JAPDA43TS;CUADRO JACKET 2.0 DAMA;Dama;S;Negro;211,00
TALLER;[JAPDA43TM] CUADRO JACKET 2.0 DAMA (M, NEGRO);JAPDA43TM;CUADRO JACKET 2.0 DAMA;Dama;M;Negro;215,00
TALLER;[JAPDA43TL] CUADRO JACKET 2.0 DAMA (L, NEGRO);JAPDA43TL;CUADRO JACKET 2.0 DAMA;Dama;L;Negro;131,00
TALLER;[JAPDA43TXL] CUADRO JACKET 2.0 DAMA (XL, NEGRO);JAPDA43TXL;CUADRO JACKET 2.0 DAMA;Dama;XL;Negro;140,00
TALLER;[JAPDA66TXS] CUADRO JACKET 2.0 DAMA (XS, VERDE MILITAR);JAPDA66TXS;CUADRO JACKET 2.0 DAMA;Dama;XS;Verde Militar;60,00
TALLER;[JAPDA66TS] CUADRO JACKET 2.0 DAMA (S, VERDE MILITAR);JAPDA66TS;CUADRO JACKET 2.0 DAMA;Dama;S;Verde Militar;112,00
TALLER;[JAPDA66TM] CUADRO JACKET 2.0 DAMA (M, VERDE MILITAR);JAPDA66TM;CUADRO JACKET 2.0 DAMA;Dama;M;Verde Militar;100,00
TALLER;[JAPDA66TL] CUADRO JACKET 2.0 DAMA (L, VERDE MILITAR);JAPDA66TL;CUADRO JACKET 2.0 DAMA;Dama;L;Verde Militar;70,00
TALLER;[JAPDA66TXL] CUADRO JACKET 2.0 DAMA (XL, VERDE MILITAR);JAPDA66TXL;CUADRO JACKET 2.0 DAMA;Dama;XL;Verde Militar;69,00
TALLER;[JAPDA35TXS] CUADRO JACKET 2.0 DAMA (XS, Magenta);JAPDA35TXS;CUADRO JACKET 2.0 DAMA;Dama;XS;Magenta;82,00
TALLER;[JAPDA35TS] CUADRO JACKET 2.0 DAMA (S, Magenta);JAPDA35TS;CUADRO JACKET 2.0 DAMA;Dama;S;Magenta;110,00
TALLER;[JAPDA35TM] CUADRO JACKET 2.0 DAMA (M, Magenta);JAPDA35TM;CUADRO JACKET 2.0 DAMA;Dama;M;Magenta;102,00
TALLER;[JAPDA35TL] CUADRO JACKET 2.0 DAMA (L, Magenta);JAPDA35TL;CUADRO JACKET 2.0 DAMA;Dama;L;Magenta;69,00
TALLER;[JAPDA35TXL] CUADRO JACKET 2.0 DAMA (XL, Magenta);JAPDA35TXL;CUADRO JACKET 2.0 DAMA;Dama;XL;Magenta;70,00
TOLON;[JAPDA16TM] CUADRO JACKET 2.0 DAMA (M, BLANCO);JAPDA16TM;CUADRO JACKET 2.0 DAMA;Dama;M;Blanco;9,00
TOLON;[JAPDA43TM] CUADRO JACKET 2.0 DAMA (M, NEGRO);JAPDA43TM;CUADRO JACKET 2.0 DAMA;Dama;M;Negro;8,00
TOLON;[JAPDA162TM] CUADRO JACKET 2.0 DAMA (M, Azul Polo);JAPDA162TM;CUADRO JACKET 2.0 DAMA;Dama;M;Azul Polo;11,00
TOLON;[JAPDA35TM] CUADRO JACKET 2.0 DAMA (M, Magenta);JAPDA35TM;CUADRO JACKET 2.0 DAMA;Dama;M;Magenta;10,00
TOLON;[JAPDA01TM] CUADRO JACKET 2.0 DAMA (M, AGUAMARINA);JAPDA01TM;CUADRO JACKET 2.0 DAMA;Dama;M;Aguamarina;14,00
TOLON;[JAPDA66TM] CUADRO JACKET 2.0 DAMA (M, VERDE MILITAR);JAPDA66TM;CUADRO JACKET 2.0 DAMA;Dama;M;Verde Militar;14,00
TOLON;[JAPCA01T2XL] CUADRO JACKET 2.0 CAB (2XL, AGUAMARINA);JAPCA01T2XL;CUADRO JACKET 2.0 CAB;Caballero;2XL;Aguamarina;10,00
TOLON;[JAPCA43T2XL] CUADRO JACKET 2.0 CAB (2XL, NEGRO);JAPCA43T2XL;CUADRO JACKET 2.0 CAB;Caballero;2XL;Negro;13,00
TOLON;[JAPCA162T2XL] CUADRO JACKET 2.0 CAB (2XL, Azul Polo);JAPCA162T2XL;CUADRO JACKET 2.0 CAB;Caballero;2XL;Azul Polo;14,00
TOLON;[JAPCA66T2XL] CUADRO JACKET 2.0 CAB (2XL, VERDE MILITAR);JAPCA66T2XL;CUADRO JACKET 2.0 CAB;Caballero;2XL;Verde Militar;13,00
TOLON;[JAPCA16T2XL] CUADRO JACKET 2.0 CAB (2XL, BLANCO);JAPCA16T2XL;CUADRO JACKET 2.0 CAB;Caballero;2XL;Blanco;6,00
TOLON;[JAPCA01TXL] CUADRO JACKET 2.0 CAB (XL, AGUAMARINA);JAPCA01TXL;CUADRO JACKET 2.0 CAB;Caballero;XL;Aguamarina;10,00
TOLON;[JAPCA66TXL] CUADRO JACKET 2.0 CAB (XL, VERDE MILITAR);JAPCA66TXL;CUADRO JACKET 2.0 CAB;Caballero;XL;Verde Militar;11,00
TOLON;[JAPCA43TXL] CUADRO JACKET 2.0 CAB (XL, NEGRO);JAPCA43TXL;CUADRO JACKET 2.0 CAB;Caballero;XL;Negro;11,00
TOLON;[JAPCA162TXL] CUADRO JACKET 2.0 CAB (XL, Azul Polo);JAPCA162TXL;CUADRO JACKET 2.0 CAB;Caballero;XL;Azul Polo;8,00
TOLON;[JAPCA16TXL] CUADRO JACKET 2.0 CAB (XL, BLANCO);JAPCA16TXL;CUADRO JACKET 2.0 CAB;Caballero;XL;Blanco;10,00
TOLON;[JAPDA43TS] CUADRO JACKET 2.0 DAMA (S, NEGRO);JAPDA43TS;CUADRO JACKET 2.0 DAMA;Dama;S;Negro;12,00
TOLON;[JAPDA16TS] CUADRO JACKET 2.0 DAMA (S, BLANCO);JAPDA16TS;CUADRO JACKET 2.0 DAMA;Dama;S;Blanco;10,00
TOLON;[JAPDA162TS] CUADRO JACKET 2.0 DAMA (S, Azul Polo);JAPDA162TS;CUADRO JACKET 2.0 DAMA;Dama;S;Azul Polo;7,00
TOLON;[JAPDA35TS] CUADRO JACKET 2.0 DAMA (S, Magenta);JAPDA35TS;CUADRO JACKET 2.0 DAMA;Dama;S;Magenta;8,00
TOLON;[JAPDA01TS] CUADRO JACKET 2.0 DAMA (S, AGUAMARINA);JAPDA01TS;CUADRO JACKET 2.0 DAMA;Dama;S;Aguamarina;10,00
TOLON;[JAPDA66TS] CUADRO JACKET 2.0 DAMA (S, VERDE MILITAR);JAPDA66TS;CUADRO JACKET 2.0 DAMA;Dama;S;Verde Militar;10,00
TOLON;[JAPDA43TXL] CUADRO JACKET 2.0 DAMA (XL, NEGRO);JAPDA43TXL;CUADRO JACKET 2.0 DAMA;Dama;XL;Negro;9,00
TOLON;[JAPDA16TXL] CUADRO JACKET 2.0 DAMA (XL, BLANCO);JAPDA16TXL;CUADRO JACKET 2.0 DAMA;Dama;XL;Blanco;10,00
TOLON;[JAPDA162TXL] CUADRO JACKET 2.0 DAMA (XL, Azul Polo);JAPDA162TXL;CUADRO JACKET 2.0 DAMA;Dama;XL;Azul Polo;7,00
TOLON;[JAPDA35TXL] CUADRO JACKET 2.0 DAMA (XL, Magenta);JAPDA35TXL;CUADRO JACKET 2.0 DAMA;Dama;XL;Magenta;11,00
TOLON;[JAPDA01TXL] CUADRO JACKET 2.0 DAMA (XL, AGUAMARINA);JAPDA01TXL;CUADRO JACKET 2.0 DAMA;Dama;XL;Aguamarina;12,00
TOLON;[JAPDA66TXL] CUADRO JACKET 2.0 DAMA (XL, VERDE MILITAR);JAPDA66TXL;CUADRO JACKET 2.0 DAMA;Dama;XL;Verde Militar;9,00
TOLON;[JAPDA43TL] CUADRO JACKET 2.0 DAMA (L, NEGRO);JAPDA43TL;CUADRO JACKET 2.0 DAMA;Dama;L;Negro;13,00
TOLON;[JAPDA16TL] CUADRO JACKET 2.0 DAMA (L, BLANCO);JAPDA16TL;CUADRO JACKET 2.0 DAMA;Dama;L;Blanco;12,00
TOLON;[JAPDA162TL] CUADRO JACKET 2.0 DAMA (L, Azul Polo);JAPDA162TL;CUADRO JACKET 2.0 DAMA;Dama;L;Azul Polo;12,00
TOLON;[JAPDA35TL] CUADRO JACKET 2.0 DAMA (L, Magenta);JAPDA35TL;CUADRO JACKET 2.0 DAMA;Dama;L;Magenta;12,00
TOLON;[JAPDA01TL] CUADRO JACKET 2.0 DAMA (L, AGUAMARINA);JAPDA01TL;CUADRO JACKET 2.0 DAMA;Dama;L;Aguamarina;11,00
TOLON;[JAPDA66TL] CUADRO JACKET 2.0 DAMA (L, VERDE MILITAR);JAPDA66TL;CUADRO JACKET 2.0 DAMA;Dama;L;Verde Militar;8,00
TOLON;[JAPDA43TXS] CUADRO JACKET 2.0 DAMA (XS, NEGRO);JAPDA43TXS;CUADRO JACKET 2.0 DAMA;Dama;XS;Negro;12,00
TOLON;[JAPDA01TXS] CUADRO JACKET 2.0 DAMA (XS, AGUAMARINA);JAPDA01TXS;CUADRO JACKET 2.0 DAMA;Dama;XS;Aguamarina;12,00
TOLON;[JAPDA35TXS] CUADRO JACKET 2.0 DAMA (XS, Magenta);JAPDA35TXS;CUADRO JACKET 2.0 DAMA;Dama;XS;Magenta;9,00
TOLON;[JAPDA66TXS] CUADRO JACKET 2.0 DAMA (XS, VERDE MILITAR);JAPDA66TXS;CUADRO JACKET 2.0 DAMA;Dama;XS;Verde Militar;9,00
TOLON;[JAPDA16TXS] CUADRO JACKET 2.0 DAMA (XS, BLANCO);JAPDA16TXS;CUADRO JACKET 2.0 DAMA;Dama;XS;Blanco;10,00
TOLON;[JAPDA162TXS] CUADRO JACKET 2.0 DAMA (XS, Azul Polo);JAPDA162TXS;CUADRO JACKET 2.0 DAMA;Dama;XS;Azul Polo;9,00
TOLON;[JAPCA162TM] CUADRO JACKET 2.0 CAB (M, Azul Polo);JAPCA162TM;CUADRO JACKET 2.0 CAB;Caballero;M;Azul Polo;13,00
TOLON;[JAPCA16TM] CUADRO JACKET 2.0 CAB (M, BLANCO);JAPCA16TM;CUADRO JACKET 2.0 CAB;Caballero;M;Blanco;7,00
TOLON;[JAPCA66TM] CUADRO JACKET 2.0 CAB (M, VERDE MILITAR);JAPCA66TM;CUADRO JACKET 2.0 CAB;Caballero;M;Verde Militar;6,00
TOLON;[JAPCA01TM] CUADRO JACKET 2.0 CAB (M, AGUAMARINA);JAPCA01TM;CUADRO JACKET 2.0 CAB;Caballero;M;Aguamarina;11,00
TOLON;[JAPCA43TM] CUADRO JACKET 2.0 CAB (M, NEGRO);JAPCA43TM;CUADRO JACKET 2.0 CAB;Caballero;M;Negro;6,00
TOLON;[JAPCA66TS] CUADRO JACKET 2.0 CAB (S, VERDE MILITAR);JAPCA66TS;CUADRO JACKET 2.0 CAB;Caballero;S;Verde Militar;10,00
TOLON;[JAPCA43TS] CUADRO JACKET 2.0 CAB (S, NEGRO);JAPCA43TS;CUADRO JACKET 2.0 CAB;Caballero;S;Negro;7,00
TOLON;[JAPCA16TS] CUADRO JACKET 2.0 CAB (S, BLANCO);JAPCA16TS;CUADRO JACKET 2.0 CAB;Caballero;S;Blanco;10,00
TOLON;[JAPCA162TS] CUADRO JACKET 2.0 CAB (S, Azul Polo);JAPCA162TS;CUADRO JACKET 2.0 CAB;Caballero;S;Azul Polo;8,00
TOLON;[JAPCA162TL] CUADRO JACKET 2.0 CAB (L, Azul Polo);JAPCA162TL;CUADRO JACKET 2.0 CAB;Caballero;L;Azul Polo;8,00
TOLON;[JAPCA01TS] CUADRO JACKET 2.0 CAB (S, AGUAMARINA);JAPCA01TS;CUADRO JACKET 2.0 CAB;Caballero;S;Aguamarina;11,00
TOLON;[JAPCA01TL] CUADRO JACKET 2.0 CAB (L, AGUAMARINA);JAPCA01TL;CUADRO JACKET 2.0 CAB;Caballero;L;Aguamarina;12,00
TOLON;[JAPCA16TL] CUADRO JACKET 2.0 CAB (L, BLANCO);JAPCA16TL;CUADRO JACKET 2.0 CAB;Caballero;L;Blanco;11,00
TOLON;[JAPCA43TL] CUADRO JACKET 2.0 CAB (L, NEGRO);JAPCA43TL;CUADRO JACKET 2.0 CAB;Caballero;L;Negro;9,00
TOLON;[JAPKI43T4] CUADRO JACKET 2.0 KIDS (4, NEGRO);JAPKI43T4;CUADRO JACKET 2.0 KIDS;Kids;4;Negro;7,00
TOLON;[JAPKI01T4] CUADRO JACKET 2.0 KIDS (4, AGUAMARINA);JAPKI01T4;CUADRO JACKET 2.0 KIDS;Kids;4;Aguamarina;4,00
TOLON;[JAPKI35T4] CUADRO JACKET 2.0 KIDS (4, Magenta);JAPKI35T4;CUADRO JACKET 2.0 KIDS;Kids;4;Magenta;7,00
TOLON;[JAPKI35T2] CUADRO JACKET 2.0 KIDS (2, Magenta);JAPKI35T2;CUADRO JACKET 2.0 KIDS;Kids;2;Magenta;8,00
TOLON;[JAPKI43T2] CUADRO JACKET 2.0 KIDS (2, NEGRO);JAPKI43T2;CUADRO JACKET 2.0 KIDS;Kids;2;Negro;10,00
TOLON;[JAPKI01T2] CUADRO JACKET 2.0 KIDS (2, AGUAMARINA);JAPKI01T2;CUADRO JACKET 2.0 KIDS;Kids;2;Aguamarina;7,00
TOLON;[JAPKI162T2] CUADRO JACKET 2.0 KIDS (2, Azul Polo);JAPKI162T2;CUADRO JACKET 2.0 KIDS;Kids;2;Azul Polo;4,00
TOLON;[JAPKI43T6] CUADRO JACKET 2.0 KIDS (6, NEGRO);JAPKI43T6;CUADRO JACKET 2.0 KIDS;Kids;6;Negro;7,00
TOLON;[JAPKI162T8] CUADRO JACKET 2.0 KIDS (8, Azul Polo);JAPKI162T8;CUADRO JACKET 2.0 KIDS;Kids;8;Azul Polo;8,00
TOLON;[JAPKI01T8] CUADRO JACKET 2.0 KIDS (8, AGUAMARINA);JAPKI01T8;CUADRO JACKET 2.0 KIDS;Kids;8;Aguamarina;8,00
TOLON;[JAPKI35T8] CUADRO JACKET 2.0 KIDS (8, Magenta);JAPKI35T8;CUADRO JACKET 2.0 KIDS;Kids;8;Magenta;10,00
TOLON;[JAPKI162T4] CUADRO JACKET 2.0 KIDS (4, Azul Polo);JAPKI162T4;CUADRO JACKET 2.0 KIDS;Kids;4;Azul Polo;5,00
TOLON;[JAPKI162T12] CUADRO JACKET 2.0 KIDS (12, Azul Polo);JAPKI162T12;CUADRO JACKET 2.0 KIDS;Kids;12;Azul Polo;2,00
TOLON;[JAPKI43T10] CUADRO JACKET 2.0 KIDS (10, NEGRO);JAPKI43T10;CUADRO JACKET 2.0 KIDS;Kids;10;Negro;7,00
TOLON;[JAPKI35T10] CUADRO JACKET 2.0 KIDS (10, Magenta);JAPKI35T10;CUADRO JACKET 2.0 KIDS;Kids;10;Magenta;9,00
TOLON;[JAPKI35T12] CUADRO JACKET 2.0 KIDS (12, Magenta);JAPKI35T12;CUADRO JACKET 2.0 KIDS;Kids;12;Magenta;10,00
TOLON;[JAPKI162T10] CUADRO JACKET 2.0 KIDS (10, Azul Polo);JAPKI162T10;CUADRO JACKET 2.0 KIDS;Kids;10;Azul Polo;9,00
TOLON;[JAPKI43T12] CUADRO JACKET 2.0 KIDS (12, NEGRO);JAPKI43T12;CUADRO JACKET 2.0 KIDS;Kids;12;Negro;9,00
TOLON;[JAPKI01T10] CUADRO JACKET 2.0 KIDS (10, AGUAMARINA);JAPKI01T10;CUADRO JACKET 2.0 KIDS;Kids;10;Aguamarina;10,00
TOLON;[JAPKI01T12] CUADRO JACKET 2.0 KIDS (12, AGUAMARINA);JAPKI01T12;CUADRO JACKET 2.0 KIDS;Kids;12;Aguamarina;9,00
TOLON;[JAPKI43T8] CUADRO JACKET 2.0 KIDS (8, NEGRO);JAPKI43T8;CUADRO JACKET 2.0 KIDS;Kids;8;Negro;10,00
TOLON;[JAPKI35T6] CUADRO JACKET 2.0 KIDS (6, Magenta);JAPKI35T6;CUADRO JACKET 2.0 KIDS;Kids;6;Magenta;4,00
TOLON;[JAPKI01T6] CUADRO JACKET 2.0 KIDS (6, AGUAMARINA);JAPKI01T6;CUADRO JACKET 2.0 KIDS;Kids;6;Aguamarina;1,00
TOLON;[JAPCA66TL] CUADRO JACKET 2.0 CAB (L, VERDE MILITAR);JAPCA66TL;CUADRO JACKET 2.0 CAB;Caballero;L;Verde Militar;1,00
TOLON;[JAPDA66TM] CUADRO JACKET 2.0 DAMA (M, VERDE MILITAR);JAPDA66TM;CUADRO JACKET 2.0 DAMA;Dama;M;Verde Militar;1,00
TOLON;[JAPDA35TM] CUADRO JACKET 2.0 DAMA (M, Magenta);JAPDA35TM;CUADRO JACKET 2.0 DAMA;Dama;M;Magenta;2,00
TOLON;[JAPDA162TM] CUADRO JACKET 2.0 DAMA (M, Azul Polo);JAPDA162TM;CUADRO JACKET 2.0 DAMA;Dama;M;Azul Polo;2,00
TOLON;[JAPDA01TM] CUADRO JACKET 2.0 DAMA (M, AGUAMARINA);JAPDA01TM;CUADRO JACKET 2.0 DAMA;Dama;M;Aguamarina;2,00
TOLON;[JAPCA01TXL] CUADRO JACKET 2.0 CAB (XL, AGUAMARINA);JAPCA01TXL;CUADRO JACKET 2.0 CAB;Caballero;XL;Aguamarina;2,00
TOLON;[JAPCA66TXL] CUADRO JACKET 2.0 CAB (XL, VERDE MILITAR);JAPCA66TXL;CUADRO JACKET 2.0 CAB;Caballero;XL;Verde Militar;1,00
TOLON;[JAPCA43TXL] CUADRO JACKET 2.0 CAB (XL, NEGRO);JAPCA43TXL;CUADRO JACKET 2.0 CAB;Caballero;XL;Negro;1,00
TOLON;[JAPCA66TM] CUADRO JACKET 2.0 CAB (M, VERDE MILITAR);JAPCA66TM;CUADRO JACKET 2.0 CAB;Caballero;M;Verde Militar;1,00
TOLON;[JAPCA01TM] CUADRO JACKET 2.0 CAB (M, AGUAMARINA);JAPCA01TM;CUADRO JACKET 2.0 CAB;Caballero;M;Aguamarina;2,00
TOLON;[JAPCA66TS] CUADRO JACKET 2.0 CAB (S, VERDE MILITAR);JAPCA66TS;CUADRO JACKET 2.0 CAB;Caballero;S;Verde Militar;2,00
TOLON;[JAPCA43TS] CUADRO JACKET 2.0 CAB (S, NEGRO);JAPCA43TS;CUADRO JACKET 2.0 CAB;Caballero;S;Negro;2,00
TOLON;[JAPCA16TS] CUADRO JACKET 2.0 CAB (S, BLANCO);JAPCA16TS;CUADRO JACKET 2.0 CAB;Caballero;S;Blanco;2,00
TOLON;[JAPCA01TS] CUADRO JACKET 2.0 CAB (S, AGUAMARINA);JAPCA01TS;CUADRO JACKET 2.0 CAB;Caballero;S;Aguamarina;2,00
TOLON;[JAPCA01TL] CUADRO JACKET 2.0 CAB (L, AGUAMARINA);JAPCA01TL;CUADRO JACKET 2.0 CAB;Caballero;L;Aguamarina;1,00
TOLON;[JAPCA16TL] CUADRO JACKET 2.0 CAB (L, BLANCO);JAPCA16TL;CUADRO JACKET 2.0 CAB;Caballero;L;Blanco;2,00
TOLON;[JAPCA43TL] CUADRO JACKET 2.0 CAB (L, NEGRO);JAPCA43TL;CUADRO JACKET 2.0 CAB;Caballero;L;Negro;2,00
TOLON;[JAPDA01TS] CUADRO JACKET 2.0 DAMA (S, AGUAMARINA);JAPDA01TS;CUADRO JACKET 2.0 DAMA;Dama;S;Aguamarina;1,00
TOLON;[JAPDA35TS] CUADRO JACKET 2.0 DAMA (S, Magenta);JAPDA35TS;CUADRO JACKET 2.0 DAMA;Dama;S;Magenta;2,00
TOLON;[JAPDA162TS] CUADRO JACKET 2.0 DAMA (S, Azul Polo);JAPDA162TS;CUADRO JACKET 2.0 DAMA;Dama;S;Azul Polo;2,00
TOLON;[JAPDA43TS] CUADRO JACKET 2.0 DAMA (S, NEGRO);JAPDA43TS;CUADRO JACKET 2.0 DAMA;Dama;S;Negro;1,00
TOLON;[JAPDA35TXS] CUADRO JACKET 2.0 DAMA (XS, Magenta);JAPDA35TXS;CUADRO JACKET 2.0 DAMA;Dama;XS;Magenta;2,00
TOLON;[JAPDA35TXL] CUADRO JACKET 2.0 DAMA (XL, Magenta);JAPDA35TXL;CUADRO JACKET 2.0 DAMA;Dama;XL;Magenta;1,00
TOLON;[JAPDA162TXL] CUADRO JACKET 2.0 DAMA (XL, Azul Polo);JAPDA162TXL;CUADRO JACKET 2.0 DAMA;Dama;XL;Azul Polo;1,00
TOLON;[JAPKI43T6] CUADRO JACKET 2.0 KIDS (6, NEGRO);JAPKI43T6;CUADRO JACKET 2.0 KIDS;Kids;6;Negro;1,00
TOLON;[JAPKI162T2] CUADRO JACKET 2.0 KIDS (2, Azul Polo);JAPKI162T2;CUADRO JACKET 2.0 KIDS;Kids;2;Azul Polo;1,00
TOLON;[JAPDA01TXL] CUADRO JACKET 2.0 DAMA (XL, AGUAMARINA);JAPDA01TXL;CUADRO JACKET 2.0 DAMA;Dama;XL;Aguamarina;1,00
TOLON;[JAPKI162T8] CUADRO JACKET 2.0 KIDS (8, Azul Polo);JAPKI162T8;CUADRO JACKET 2.0 KIDS;Kids;8;Azul Polo;1,00
TOLON;[JAPDA01TXS] CUADRO JACKET 2.0 DAMA (XS, AGUAMARINA);JAPDA01TXS;CUADRO JACKET 2.0 DAMA;Dama;XS;Aguamarina;1,00
TOLON;[JAPKI35T8] CUADRO JACKET 2.0 KIDS (8, Magenta);JAPKI35T8;CUADRO JACKET 2.0 KIDS;Kids;8;Magenta;1,00
TOLON;[JAPKI01T2] CUADRO JACKET 2.0 KIDS (2, AGUAMARINA);JAPKI01T2;CUADRO JACKET 2.0 KIDS;Kids;2;Aguamarina;1,00
TOLON;[JAPKI43T2] CUADRO JACKET 2.0 KIDS (2, NEGRO);JAPKI43T2;CUADRO JACKET 2.0 KIDS;Kids;2;Negro;1,00
TOLON;[JAPKI35T12] CUADRO JACKET 2.0 KIDS (12, Magenta);JAPKI35T12;CUADRO JACKET 2.0 KIDS;Kids;12;Magenta;1,00
TOLON;[JAPKI01T10] CUADRO JACKET 2.0 KIDS (10, AGUAMARINA);JAPKI01T10;CUADRO JACKET 2.0 KIDS;Kids;10;Aguamarina;1,00
TOLON;[JAPDA66TS] CUADRO JACKET 2.0 DAMA (S, VERDE MILITAR);JAPDA66TS;CUADRO JACKET 2.0 DAMA;Dama;S;Verde Militar;2,00
TOLON;[JAPDA162TL] CUADRO JACKET 2.0 DAMA (L, Azul Polo);JAPDA162TL;CUADRO JACKET 2.0 DAMA;Dama;L;Azul Polo;1,00
TOLON;[JAPDA01TL] CUADRO JACKET 2.0 DAMA (L, AGUAMARINA);JAPDA01TL;CUADRO JACKET 2.0 DAMA;Dama;L;Aguamarina;1,00
TOLON;[JAPDA16TL] CUADRO JACKET 2.0 DAMA (L, BLANCO);JAPDA16TL;CUADRO JACKET 2.0 DAMA;Dama;L;Blanco;1,00
TOLON;[JAPDA35TL] CUADRO JACKET 2.0 DAMA (L, Magenta);JAPDA35TL;CUADRO JACKET 2.0 DAMA;Dama;L;Magenta;1,00
TOLON;[JAPDA43TL] CUADRO JACKET 2.0 DAMA (L, NEGRO);JAPDA43TL;CUADRO JACKET 2.0 DAMA;Dama;L;Negro;1,00
TOLON;[JAPKI43T8] CUADRO JACKET 2.0 KIDS (8, NEGRO);JAPKI43T8;CUADRO JACKET 2.0 KIDS;Kids;8;Negro;1,00
TOLON;[JAPKI35T4] CUADRO JACKET 2.0 KIDS (4, Magenta);JAPKI35T4;CUADRO JACKET 2.0 KIDS;Kids;4;Magenta;1,00
TOLON;[JAPKI35T2] CUADRO JACKET 2.0 KIDS (2, Magenta);JAPKI35T2;CUADRO JACKET 2.0 KIDS;Kids;2;Magenta;1,00
TOLON;[JAPCA01T2XL] CUADRO JACKET 2.0 CAB (2XL, AGUAMARINA);JAPCA01T2XL;CUADRO JACKET 2.0 CAB;Caballero;2XL;Aguamarina;1,00
TOLON;[JAPDA16TXL] CUADRO JACKET 2.0 DAMA (XL, BLANCO);JAPDA16TXL;CUADRO JACKET 2.0 DAMA;Dama;XL;Blanco;1,00
TOLON;[JAPCA162TM] CUADRO JACKET 2.0 CAB (M, Azul Polo);JAPCA162TM;CUADRO JACKET 2.0 CAB;Caballero;M;Azul Polo;1,00
TOLON;[JAPDA16TXS] CUADRO JACKET 2.0 DAMA (XS, BLANCO);JAPDA16TXS;CUADRO JACKET 2.0 DAMA;Dama;XS;Blanco;1,00
TOLON;[JAPDA16TS] CUADRO JACKET 2.0 DAMA (S, BLANCO);JAPDA16TS;CUADRO JACKET 2.0 DAMA;Dama;S;Blanco;1,00
TOLON;[JAPDA66TXL] CUADRO JACKET 2.0 DAMA (XL, VERDE MILITAR);JAPDA66TXL;CUADRO JACKET 2.0 DAMA;Dama;XL;Verde Militar;1,00
TOLON;[JAPCA162TL] CUADRO JACKET 2.0 CAB (L, Azul Polo);JAPCA162TL;CUADRO JACKET 2.0 CAB;Caballero;L;Azul Polo;1,00
TOLON;[JAPDA162TXS] CUADRO JACKET 2.0 DAMA (XS, Azul Polo);JAPDA162TXS;CUADRO JACKET 2.0 DAMA;Dama;XS;Azul Polo;1,00
TOLON;[JAPCA162TS] CUADRO JACKET 2.0 CAB (S, Azul Polo);JAPCA162TS;CUADRO JACKET 2.0 CAB;Caballero;S;Azul Polo;2,00
TOLON;[JAPDA43TXS] CUADRO JACKET 2.0 DAMA (XS, NEGRO);JAPDA43TXS;CUADRO JACKET 2.0 DAMA;Dama;XS;Negro;1,00
TOLON;[JAPKI35T10] CUADRO JACKET 2.0 KIDS (10, Magenta);JAPKI35T10;CUADRO JACKET 2.0 KIDS;Kids;10;Magenta;1,00
TOLON;[JAPKI162T12] CUADRO JACKET 2.0 KIDS (12, Azul Polo);JAPKI162T12;CUADRO JACKET 2.0 KIDS;Kids;12;Azul Polo;2,00
TOLON;[JAPCA16TM] CUADRO JACKET 2.0 CAB (M, BLANCO);JAPCA16TM;CUADRO JACKET 2.0 CAB;Caballero;M;Blanco;2,00
TOLON;[JAPKI01T12] CUADRO JACKET 2.0 KIDS (12, AGUAMARINA);JAPKI01T12;CUADRO JACKET 2.0 KIDS;Kids;12;Aguamarina;1,00
TOLON;[JAPKI01T4] CUADRO JACKET 2.0 KIDS (4, AGUAMARINA);JAPKI01T4;CUADRO JACKET 2.0 KIDS;Kids;4;Aguamarina;1,00
TOLON;[JAPKI01T8] CUADRO JACKET 2.0 KIDS (8, AGUAMARINA);JAPKI01T8;CUADRO JACKET 2.0 KIDS;Kids;8;Aguamarina;1,00
TOLON;[JAPKI162T10] CUADRO JACKET 2.0 KIDS (10, Azul Polo);JAPKI162T10;CUADRO JACKET 2.0 KIDS;Kids;10;Azul Polo;1,00
TOLON;[JAPDA43TXL] CUADRO JACKET 2.0 DAMA (XL, NEGRO);JAPDA43TXL;CUADRO JACKET 2.0 DAMA;Dama;XL;Negro;1,00
TOLON;[JAPCA16TXL] CUADRO JACKET 2.0 CAB (XL, BLANCO);JAPCA16TXL;CUADRO JACKET 2.0 CAB;Caballero;XL;Blanco;1,00
TOLON;[JAPDA16TM] CUADRO JACKET 2.0 DAMA (M, BLANCO);JAPDA16TM;CUADRO JACKET 2.0 DAMA;Dama;M;Blanco;1,00
TOLON;[JAPCA162TXL] CUADRO JACKET 2.0 CAB (XL, Azul Polo);JAPCA162TXL;CUADRO JACKET 2.0 CAB;Caballero;XL;Azul Polo;1,00
TOLON;[JAPDA43TM] CUADRO JACKET 2.0 DAMA (M, NEGRO);JAPDA43TM;CUADRO JACKET 2.0 DAMA;Dama;M;Negro;2,00
TOLON;[JAPCA43TM] CUADRO JACKET 2.0 CAB (M, NEGRO);JAPCA43TM;CUADRO JACKET 2.0 CAB;Caballero;M;Negro;2,00
TOLON;[JAPDA66TXS] CUADRO JACKET 2.0 DAMA (XS, VERDE MILITAR);JAPDA66TXS;CUADRO JACKET 2.0 DAMA;Dama;XS;Verde Militar;1,00
TOLON;[JAPCA66TL] CUADRO JACKET 2.0 CAB (L, VERDE MILITAR);JAPCA66TL;CUADRO JACKET 2.0 CAB;Caballero;L;Verde Militar;1,00
TOLON;[JAPKI35T6] CUADRO JACKET 2.0 KIDS (6, Magenta);JAPKI35T6;CUADRO JACKET 2.0 KIDS;Kids;6;Magenta;1,00
TOLON;[JAPKI01T6] CUADRO JACKET 2.0 KIDS (6, AGUAMARINA);JAPKI01T6;CUADRO JACKET 2.0 KIDS;Kids;6;Aguamarina;1,00
TOLON;[JAPKI43T4] CUADRO JACKET 2.0 KIDS (4, NEGRO);JAPKI43T4;CUADRO JACKET 2.0 KIDS;Kids;4;Negro;1,00
TOLON;[JAPKI43T10] CUADRO JACKET 2.0 KIDS (10, NEGRO);JAPKI43T10;CUADRO JACKET 2.0 KIDS;Kids;10;Negro;1,00
TOLON;[JAPKI43T12] CUADRO JACKET 2.0 KIDS (12, NEGRO);JAPKI43T12;CUADRO JACKET 2.0 KIDS;Kids;12;Negro;1,00
TOLON;[JAPDA66TL] CUADRO JACKET 2.0 DAMA (L, VERDE MILITAR);JAPDA66TL;CUADRO JACKET 2.0 DAMA;Dama;L;Verde Militar;1,00
TOLON;[JAPCA16T2XL] CUADRO JACKET 2.0 CAB (2XL, BLANCO);JAPCA16T2XL;CUADRO JACKET 2.0 CAB;Caballero;2XL;Blanco;1,00
TOLON;[JAPKI162T6] CUADRO JACKET 2.0 KIDS (6, Azul Polo);JAPKI162T6;CUADRO JACKET 2.0 KIDS;Kids;6;Azul Polo;1,00
VELA;[JAPDA35TXS] CUADRO JACKET 2.0 DAMA (XS, Magenta);JAPDA35TXS;CUADRO JACKET 2.0 DAMA;Dama;XS;Magenta;9,00
VELA;[JAPDA01TXL] CUADRO JACKET 2.0 DAMA (XL, AGUAMARINA);JAPDA01TXL;CUADRO JACKET 2.0 DAMA;Dama;XL;Aguamarina;11,00
VELA;[JAPDA16TL] CUADRO JACKET 2.0 DAMA (L, BLANCO);JAPDA16TL;CUADRO JACKET 2.0 DAMA;Dama;L;Blanco;8,00
VELA;[JAPDA16TXL] CUADRO JACKET 2.0 DAMA (XL, BLANCO);JAPDA16TXL;CUADRO JACKET 2.0 DAMA;Dama;XL;Blanco;13,00
VELA;[JAPDA35TS] CUADRO JACKET 2.0 DAMA (S, Magenta);JAPDA35TS;CUADRO JACKET 2.0 DAMA;Dama;S;Magenta;8,00
VELA;[JAPDA35TM] CUADRO JACKET 2.0 DAMA (M, Magenta);JAPDA35TM;CUADRO JACKET 2.0 DAMA;Dama;M;Magenta;7,00
VELA;[JAPDA35TL] CUADRO JACKET 2.0 DAMA (L, Magenta);JAPDA35TL;CUADRO JACKET 2.0 DAMA;Dama;L;Magenta;9,00
VELA;[JAPDA35TXL] CUADRO JACKET 2.0 DAMA (XL, Magenta);JAPDA35TXL;CUADRO JACKET 2.0 DAMA;Dama;XL;Magenta;12,00
VELA;[JAPDA01TXS] CUADRO JACKET 2.0 DAMA (XS, AGUAMARINA);JAPDA01TXS;CUADRO JACKET 2.0 DAMA;Dama;XS;Aguamarina;8,00
VELA;[JAPDA01TS] CUADRO JACKET 2.0 DAMA (S, AGUAMARINA);JAPDA01TS;CUADRO JACKET 2.0 DAMA;Dama;S;Aguamarina;7,00
VELA;[JAPDA01TM] CUADRO JACKET 2.0 DAMA (M, AGUAMARINA);JAPDA01TM;CUADRO JACKET 2.0 DAMA;Dama;M;Aguamarina;7,00
VELA;[JAPDA01TL] CUADRO JACKET 2.0 DAMA (L, AGUAMARINA);JAPDA01TL;CUADRO JACKET 2.0 DAMA;Dama;L;Aguamarina;11,00
VELA;[JAPDA66TXL] CUADRO JACKET 2.0 DAMA (XL, VERDE MILITAR);JAPDA66TXL;CUADRO JACKET 2.0 DAMA;Dama;XL;Verde Militar;11,00
VELA;[JAPDA162TXL] CUADRO JACKET 2.0 DAMA (XL, Azul Polo);JAPDA162TXL;CUADRO JACKET 2.0 DAMA;Dama;XL;Azul Polo;11,00
VELA;[JAPDA16TXS] CUADRO JACKET 2.0 DAMA (XS, BLANCO);JAPDA16TXS;CUADRO JACKET 2.0 DAMA;Dama;XS;Blanco;11,00
VELA;[JAPDA16TS] CUADRO JACKET 2.0 DAMA (S, BLANCO);JAPDA16TS;CUADRO JACKET 2.0 DAMA;Dama;S;Blanco;8,00
VELA;[JAPDA16TM] CUADRO JACKET 2.0 DAMA (M, BLANCO);JAPDA16TM;CUADRO JACKET 2.0 DAMA;Dama;M;Blanco;7,00
VELA;[JAPDA162TXS] CUADRO JACKET 2.0 DAMA (XS, Azul Polo);JAPDA162TXS;CUADRO JACKET 2.0 DAMA;Dama;XS;Azul Polo;10,00
VELA;[JAPDA162TS] CUADRO JACKET 2.0 DAMA (S, Azul Polo);JAPDA162TS;CUADRO JACKET 2.0 DAMA;Dama;S;Azul Polo;10,00
VELA;[JAPDA162TM] CUADRO JACKET 2.0 DAMA (M, Azul Polo);JAPDA162TM;CUADRO JACKET 2.0 DAMA;Dama;M;Azul Polo;11,00
VELA;[JAPDA162TL] CUADRO JACKET 2.0 DAMA (L, Azul Polo);JAPDA162TL;CUADRO JACKET 2.0 DAMA;Dama;L;Azul Polo;11,00
VELA;[JAPDA43TXS] CUADRO JACKET 2.0 DAMA (XS, NEGRO);JAPDA43TXS;CUADRO JACKET 2.0 DAMA;Dama;XS;Negro;8,00
VELA;[JAPDA43TS] CUADRO JACKET 2.0 DAMA (S, NEGRO);JAPDA43TS;CUADRO JACKET 2.0 DAMA;Dama;S;Negro;9,00
VELA;[JAPDA43TM] CUADRO JACKET 2.0 DAMA (M, NEGRO);JAPDA43TM;CUADRO JACKET 2.0 DAMA;Dama;M;Negro;10,00
VELA;[JAPDA43TL] CUADRO JACKET 2.0 DAMA (L, NEGRO);JAPDA43TL;CUADRO JACKET 2.0 DAMA;Dama;L;Negro;12,00
VELA;[JAPDA43TXL] CUADRO JACKET 2.0 DAMA (XL, NEGRO);JAPDA43TXL;CUADRO JACKET 2.0 DAMA;Dama;XL;Negro;11,00
VELA;[JAPDA66TXS] CUADRO JACKET 2.0 DAMA (XS, VERDE MILITAR);JAPDA66TXS;CUADRO JACKET 2.0 DAMA;Dama;XS;Verde Militar;11,00
VELA;[JAPDA66TS] CUADRO JACKET 2.0 DAMA (S, VERDE MILITAR);JAPDA66TS;CUADRO JACKET 2.0 DAMA;Dama;S;Verde Militar;9,00
VELA;[JAPDA66TM] CUADRO JACKET 2.0 DAMA (M, VERDE MILITAR);JAPDA66TM;CUADRO JACKET 2.0 DAMA;Dama;M;Verde Militar;9,00
VELA;[JAPDA66TL] CUADRO JACKET 2.0 DAMA (L, VERDE MILITAR);JAPDA66TL;CUADRO JACKET 2.0 DAMA;Dama;L;Verde Militar;10,00
VELA;[JAPCA01TS] CUADRO JACKET 2.0 CAB (S, AGUAMARINA);JAPCA01TS;CUADRO JACKET 2.0 CAB;Caballero;S;Aguamarina;18,00
VELA;[JAPCA01TM] CUADRO JACKET 2.0 CAB (M, AGUAMARINA);JAPCA01TM;CUADRO JACKET 2.0 CAB;Caballero;M;Aguamarina;18,00
VELA;[JAPCA01T2XL] CUADRO JACKET 2.0 CAB (2XL, AGUAMARINA);JAPCA01T2XL;CUADRO JACKET 2.0 CAB;Caballero;2XL;Aguamarina;30,00
VELA;[JAPCA162TS] CUADRO JACKET 2.0 CAB (S, Azul Polo);JAPCA162TS;CUADRO JACKET 2.0 CAB;Caballero;S;Azul Polo;14,00
VELA;[JAPCA162TM] CUADRO JACKET 2.0 CAB (M, Azul Polo);JAPCA162TM;CUADRO JACKET 2.0 CAB;Caballero;M;Azul Polo;17,00
VELA;[JAPCA162TL] CUADRO JACKET 2.0 CAB (L, Azul Polo);JAPCA162TL;CUADRO JACKET 2.0 CAB;Caballero;L;Azul Polo;17,00
VELA;[JAPCA162TXL] CUADRO JACKET 2.0 CAB (XL, Azul Polo);JAPCA162TXL;CUADRO JACKET 2.0 CAB;Caballero;XL;Azul Polo;15,00
VELA;[JAPCA162T2XL] CUADRO JACKET 2.0 CAB (2XL, Azul Polo);JAPCA162T2XL;CUADRO JACKET 2.0 CAB;Caballero;2XL;Azul Polo;20,00
VELA;[JAPCA43TM] CUADRO JACKET 2.0 CAB (M, NEGRO);JAPCA43TM;CUADRO JACKET 2.0 CAB;Caballero;M;Negro;15,00
VELA;[JAPCA16TL] CUADRO JACKET 2.0 CAB (L, BLANCO);JAPCA16TL;CUADRO JACKET 2.0 CAB;Caballero;L;Blanco;20,00
VELA;[JAPCA66T2XL] CUADRO JACKET 2.0 CAB (2XL, VERDE MILITAR);JAPCA66T2XL;CUADRO JACKET 2.0 CAB;Caballero;2XL;Verde Militar;18,00
VELA;[JAPCA66TXL] CUADRO JACKET 2.0 CAB (XL, VERDE MILITAR);JAPCA66TXL;CUADRO JACKET 2.0 CAB;Caballero;XL;Verde Militar;14,00
VELA;[JAPCA66TL] CUADRO JACKET 2.0 CAB (L, VERDE MILITAR);JAPCA66TL;CUADRO JACKET 2.0 CAB;Caballero;L;Verde Militar;15,00
VELA;[JAPCA43TS] CUADRO JACKET 2.0 CAB (S, NEGRO);JAPCA43TS;CUADRO JACKET 2.0 CAB;Caballero;S;Negro;14,00
VELA;[JAPCA43TL] CUADRO JACKET 2.0 CAB (L, NEGRO);JAPCA43TL;CUADRO JACKET 2.0 CAB;Caballero;L;Negro;12,00
VELA;[JAPCA43T2XL] CUADRO JACKET 2.0 CAB (2XL, NEGRO);JAPCA43T2XL;CUADRO JACKET 2.0 CAB;Caballero;2XL;Negro;15,00
VELA;[JAPCA16TS] CUADRO JACKET 2.0 CAB (S, BLANCO);JAPCA16TS;CUADRO JACKET 2.0 CAB;Caballero;S;Blanco;17,00
VELA;[JAPCA16TM] CUADRO JACKET 2.0 CAB (M, BLANCO);JAPCA16TM;CUADRO JACKET 2.0 CAB;Caballero;M;Blanco;16,00
VELA;[JAPCA16TXL] CUADRO JACKET 2.0 CAB (XL, BLANCO);JAPCA16TXL;CUADRO JACKET 2.0 CAB;Caballero;XL;Blanco;14,00
VELA;[JAPCA16T2XL] CUADRO JACKET 2.0 CAB (2XL, BLANCO);JAPCA16T2XL;CUADRO JACKET 2.0 CAB;Caballero;2XL;Blanco;19,00
VELA;[JAPCA66TS] CUADRO JACKET 2.0 CAB (S, VERDE MILITAR);JAPCA66TS;CUADRO JACKET 2.0 CAB;Caballero;S;Verde Militar;15,00
VELA;[JAPCA66TM] CUADRO JACKET 2.0 CAB (M, VERDE MILITAR);JAPCA66TM;CUADRO JACKET 2.0 CAB;Caballero;M;Verde Militar;10,00
VELA;[JAPKI01T10] CUADRO JACKET 2.0 KIDS (10, AGUAMARINA);JAPKI01T10;CUADRO JACKET 2.0 KIDS;Kids;10;Aguamarina;6,00
VELA;[JAPKI01T8] CUADRO JACKET 2.0 KIDS (8, AGUAMARINA);JAPKI01T8;CUADRO JACKET 2.0 KIDS;Kids;8;Aguamarina;6,00
VELA;[JAPKI01T12] CUADRO JACKET 2.0 KIDS (12, AGUAMARINA);JAPKI01T12;CUADRO JACKET 2.0 KIDS;Kids;12;Aguamarina;5,00
VELA;[JAPKI35T12] CUADRO JACKET 2.0 KIDS (12, Magenta);JAPKI35T12;CUADRO JACKET 2.0 KIDS;Kids;12;Magenta;3,00
VELA;[JAPKI35T8] CUADRO JACKET 2.0 KIDS (8, Magenta);JAPKI35T8;CUADRO JACKET 2.0 KIDS;Kids;8;Magenta;4,00
VELA;[JAPKI35T10] CUADRO JACKET 2.0 KIDS (10, Magenta);JAPKI35T10;CUADRO JACKET 2.0 KIDS;Kids;10;Magenta;6,00
VELA;[JAPKI162T12] CUADRO JACKET 2.0 KIDS (12, Azul Polo);JAPKI162T12;CUADRO JACKET 2.0 KIDS;Kids;12;Azul Polo;4,00
VELA;[JAPKI162T10] CUADRO JACKET 2.0 KIDS (10, Azul Polo);JAPKI162T10;CUADRO JACKET 2.0 KIDS;Kids;10;Azul Polo;5,00
VELA;[JAPKI162T8] CUADRO JACKET 2.0 KIDS (8, Azul Polo);JAPKI162T8;CUADRO JACKET 2.0 KIDS;Kids;8;Azul Polo;7,00
VELA;[JAPKI43T2] CUADRO JACKET 2.0 KIDS (2, NEGRO);JAPKI43T2;CUADRO JACKET 2.0 KIDS;Kids;2;Negro;6,00
VELA;[JAPKI43T8] CUADRO JACKET 2.0 KIDS (8, NEGRO);JAPKI43T8;CUADRO JACKET 2.0 KIDS;Kids;8;Negro;6,00
VELA;[JAPKI43T10] CUADRO JACKET 2.0 KIDS (10, NEGRO);JAPKI43T10;CUADRO JACKET 2.0 KIDS;Kids;10;Negro;7,00
VELA;[JAPKI43T4] CUADRO JACKET 2.0 KIDS (4, NEGRO);JAPKI43T4;CUADRO JACKET 2.0 KIDS;Kids;4;Negro;1,00
VELA;[JAPCA01TL] CUADRO JACKET 2.0 CAB (L, AGUAMARINA);JAPCA01TL;CUADRO JACKET 2.0 CAB;Caballero;L;Aguamarina;8,00
VELA;[JAPCA43TXL] CUADRO JACKET 2.0 CAB (XL, NEGRO);JAPCA43TXL;CUADRO JACKET 2.0 CAB;Caballero;XL;Negro;5,00
VELA;[JAPKI43T12] CUADRO JACKET 2.0 KIDS (12, NEGRO);JAPKI43T12;CUADRO JACKET 2.0 KIDS;Kids;12;Negro;1,00
VELA;[JAPDA43TXL] CUADRO JACKET 2.0 DAMA (XL, NEGRO);JAPDA43TXL;CUADRO JACKET 2.0 DAMA;Dama;XL;Negro;2,00
VELA;[JAPDA43TL] CUADRO JACKET 2.0 DAMA (L, NEGRO);JAPDA43TL;CUADRO JACKET 2.0 DAMA;Dama;L;Negro;1,00
VELA;[JAPDA162TM] CUADRO JACKET 2.0 DAMA (M, Azul Polo);JAPDA162TM;CUADRO JACKET 2.0 DAMA;Dama;M;Azul Polo;3,00
VELA;[JAPDA162TXL] CUADRO JACKET 2.0 DAMA (XL, Azul Polo);JAPDA162TXL;CUADRO JACKET 2.0 DAMA;Dama;XL;Azul Polo;2,00
VELA;[JAPDA16TXL] CUADRO JACKET 2.0 DAMA (XL, BLANCO);JAPDA16TXL;CUADRO JACKET 2.0 DAMA;Dama;XL;Blanco;1,00
VELA;[JAPDA01TXL] CUADRO JACKET 2.0 DAMA (XL, AGUAMARINA);JAPDA01TXL;CUADRO JACKET 2.0 DAMA;Dama;XL;Aguamarina;2,00
VELA;[JAPDA66TL] CUADRO JACKET 2.0 DAMA (L, VERDE MILITAR);JAPDA66TL;CUADRO JACKET 2.0 DAMA;Dama;L;Verde Militar;2,00
VELA;[JAPDA66TXL] CUADRO JACKET 2.0 DAMA (XL, VERDE MILITAR);JAPDA66TXL;CUADRO JACKET 2.0 DAMA;Dama;XL;Verde Militar;1,00
VELA;[JAPDA01TL] CUADRO JACKET 2.0 DAMA (L, AGUAMARINA);JAPDA01TL;CUADRO JACKET 2.0 DAMA;Dama;L;Aguamarina;2,00
VELA;[JAPCA01TS] CUADRO JACKET 2.0 CAB (S, AGUAMARINA);JAPCA01TS;CUADRO JACKET 2.0 CAB;Caballero;S;Aguamarina;1,00
VELA;[JAPCA01TM] CUADRO JACKET 2.0 CAB (M, AGUAMARINA);JAPCA01TM;CUADRO JACKET 2.0 CAB;Caballero;M;Aguamarina;2,00
VELA;[JAPCA01TL] CUADRO JACKET 2.0 CAB (L, AGUAMARINA);JAPCA01TL;CUADRO JACKET 2.0 CAB;Caballero;L;Aguamarina;2,00
VELA;[JAPCA162TS] CUADRO JACKET 2.0 CAB (S, Azul Polo);JAPCA162TS;CUADRO JACKET 2.0 CAB;Caballero;S;Azul Polo;2,00
VELA;[JAPCA43TS] CUADRO JACKET 2.0 CAB (S, NEGRO);JAPCA43TS;CUADRO JACKET 2.0 CAB;Caballero;S;Negro;2,00
VELA;[JAPCA16T2XL] CUADRO JACKET 2.0 CAB (2XL, BLANCO);JAPCA16T2XL;CUADRO JACKET 2.0 CAB;Caballero;2XL;Blanco;1,00
VELA;[JAPKI01T10] CUADRO JACKET 2.0 KIDS (10, AGUAMARINA);JAPKI01T10;CUADRO JACKET 2.0 KIDS;Kids;10;Aguamarina;1,00
VELA;[JAPKI01T2] CUADRO JACKET 2.0 KIDS (2, AGUAMARINA);JAPKI01T2;CUADRO JACKET 2.0 KIDS;Kids;2;Aguamarina;2,00
VELA;[JAPKI01T8] CUADRO JACKET 2.0 KIDS (8, AGUAMARINA);JAPKI01T8;CUADRO JACKET 2.0 KIDS;Kids;8;Aguamarina;1,00
VELA;[JAPKI162T10] CUADRO JACKET 2.0 KIDS (10, Azul Polo);JAPKI162T10;CUADRO JACKET 2.0 KIDS;Kids;10;Azul Polo;2,00
VELA;[JAPKI162T12] CUADRO JACKET 2.0 KIDS (12, Azul Polo);JAPKI162T12;CUADRO JACKET 2.0 KIDS;Kids;12;Azul Polo;2,00
VELA;[JAPKI162T8] CUADRO JACKET 2.0 KIDS (8, Azul Polo);JAPKI162T8;CUADRO JACKET 2.0 KIDS;Kids;8;Azul Polo;2,00
VELA;[JAPKI43T10] CUADRO JACKET 2.0 KIDS (10, NEGRO);JAPKI43T10;CUADRO JACKET 2.0 KIDS;Kids;10;Negro;1,00
VELA;[JAPKI43T2] CUADRO JACKET 2.0 KIDS (2, NEGRO);JAPKI43T2;CUADRO JACKET 2.0 KIDS;Kids;2;Negro;2,00
VELA;[JAPKI35T10] CUADRO JACKET 2.0 KIDS (10, Magenta);JAPKI35T10;CUADRO JACKET 2.0 KIDS;Kids;10;Magenta;1,00
VELA;[JAPKI35T12] CUADRO JACKET 2.0 KIDS (12, Magenta);JAPKI35T12;CUADRO JACKET 2.0 KIDS;Kids;12;Magenta;4,00
VELA;[JAPKI35T8] CUADRO JACKET 2.0 KIDS (8, Magenta);JAPKI35T8;CUADRO JACKET 2.0 KIDS;Kids;8;Magenta;1,00
VELA;[JAPCA16TXL] CUADRO JACKET 2.0 CAB (XL, BLANCO);JAPCA16TXL;CUADRO JACKET 2.0 CAB;Caballero;XL;Blanco;2,00
VELA;[JAPDA01TXS] CUADRO JACKET 2.0 DAMA (XS, AGUAMARINA);JAPDA01TXS;CUADRO JACKET 2.0 DAMA;Dama;XS;Aguamarina;3,00
VELA;[JAPDA01TS] CUADRO JACKET 2.0 DAMA (S, AGUAMARINA);JAPDA01TS;CUADRO JACKET 2.0 DAMA;Dama;S;Aguamarina;3,00
VELA;[JAPDA35TXL] CUADRO JACKET 2.0 DAMA (XL, Magenta);JAPDA35TXL;CUADRO JACKET 2.0 DAMA;Dama;XL;Magenta;1,00
VELA;[JAPDA35TXS] CUADRO JACKET 2.0 DAMA (XS, Magenta);JAPDA35TXS;CUADRO JACKET 2.0 DAMA;Dama;XS;Magenta;1,00
VELA;[JAPCA43TXL] CUADRO JACKET 2.0 CAB (XL, NEGRO);JAPCA43TXL;CUADRO JACKET 2.0 CAB;Caballero;XL;Negro;3,00
VELA;[JAPDA01TM] CUADRO JACKET 2.0 DAMA (M, AGUAMARINA);JAPDA01TM;CUADRO JACKET 2.0 DAMA;Dama;M;Aguamarina;2,00
VELA;[JAPDA43TM] CUADRO JACKET 2.0 DAMA (M, NEGRO);JAPDA43TM;CUADRO JACKET 2.0 DAMA;Dama;M;Negro;2,00
VELA;[JAPCA66TM] CUADRO JACKET 2.0 CAB (M, VERDE MILITAR);JAPCA66TM;CUADRO JACKET 2.0 CAB;Caballero;M;Verde Militar;3,00
VELA;[JAPCA162TM] CUADRO JACKET 2.0 CAB (M, Azul Polo);JAPCA162TM;CUADRO JACKET 2.0 CAB;Caballero;M;Azul Polo;2,00
VELA;[JAPCA16TM] CUADRO JACKET 2.0 CAB (M, BLANCO);JAPCA16TM;CUADRO JACKET 2.0 CAB;Caballero;M;Blanco;2,00
VELA;[JAPDA43TS] CUADRO JACKET 2.0 DAMA (S, NEGRO);JAPDA43TS;CUADRO JACKET 2.0 DAMA;Dama;S;Negro;2,00
VELA;[JAPDA162TXS] CUADRO JACKET 2.0 DAMA (XS, Azul Polo);JAPDA162TXS;CUADRO JACKET 2.0 DAMA;Dama;XS;Azul Polo;1,00
VELA;[JAPKI43T12] CUADRO JACKET 2.0 KIDS (12, NEGRO);JAPKI43T12;CUADRO JACKET 2.0 KIDS;Kids;12;Negro;1,00
VELA;[JAPDA66TM] CUADRO JACKET 2.0 DAMA (M, VERDE MILITAR);JAPDA66TM;CUADRO JACKET 2.0 DAMA;Dama;M;Verde Militar;1,00
VELA;[JAPCA16TL] CUADRO JACKET 2.0 CAB (L, BLANCO);JAPCA16TL;CUADRO JACKET 2.0 CAB;Caballero;L;Blanco;1,00
VELA;[JAPDA35TM] CUADRO JACKET 2.0 DAMA (M, Magenta);JAPDA35TM;CUADRO JACKET 2.0 DAMA;Dama;M;Magenta;1,00
VELA;[JAPCA43TM] CUADRO JACKET 2.0 CAB (M, NEGRO);JAPCA43TM;CUADRO JACKET 2.0 CAB;Caballero;M;Negro;2,00
VELA;[JAPDA66TXS] CUADRO JACKET 2.0 DAMA (XS, VERDE MILITAR);JAPDA66TXS;CUADRO JACKET 2.0 DAMA;Dama;XS;Verde Militar;1,00
VELA;[JAPCA66TS] CUADRO JACKET 2.0 CAB (S, VERDE MILITAR);JAPCA66TS;CUADRO JACKET 2.0 CAB;Caballero;S;Verde Militar;3,00
VELA;[JAPCA162TXL] CUADRO JACKET 2.0 CAB (XL, Azul Polo);JAPCA162TXL;CUADRO JACKET 2.0 CAB;Caballero;XL;Azul Polo;1,00
VELA;[JAPDA162TL] CUADRO JACKET 2.0 DAMA (L, Azul Polo);JAPDA162TL;CUADRO JACKET 2.0 DAMA;Dama;L;Azul Polo;1,00
VELA;[JAPCA66T2XL] CUADRO JACKET 2.0 CAB (2XL, VERDE MILITAR);JAPCA66T2XL;CUADRO JACKET 2.0 CAB;Caballero;2XL;Verde Militar;2,00
VELA;[JAPDA66TS] CUADRO JACKET 2.0 DAMA (S, VERDE MILITAR);JAPDA66TS;CUADRO JACKET 2.0 DAMA;Dama;S;Verde Militar;2,00
VELA;[JAPCA43T2XL] CUADRO JACKET 2.0 CAB (2XL, NEGRO);JAPCA43T2XL;CUADRO JACKET 2.0 CAB;Caballero;2XL;Negro;1,00
VELA;[JAPCA43TL] CUADRO JACKET 2.0 CAB (L, NEGRO);JAPCA43TL;CUADRO JACKET 2.0 CAB;Caballero;L;Negro;2,00
VELA;[JAPCA66TL] CUADRO JACKET 2.0 CAB (L, VERDE MILITAR);JAPCA66TL;CUADRO JACKET 2.0 CAB;Caballero;L;Verde Militar;2,00
VELA;[JAPDA162TS] CUADRO JACKET 2.0 DAMA (S, Azul Polo);JAPDA162TS;CUADRO JACKET 2.0 DAMA;Dama;S;Azul Polo;1,00
VELA;[JAPCA162TL] CUADRO JACKET 2.0 CAB (L, Azul Polo);JAPCA162TL;CUADRO JACKET 2.0 CAB;Caballero;L;Azul Polo;1,00
VELA;[JAPDA43TXS] CUADRO JACKET 2.0 DAMA (XS, NEGRO);JAPDA43TXS;CUADRO JACKET 2.0 DAMA;Dama;XS;Negro;1,00
VELA;[JAPCA162T2XL] CUADRO JACKET 2.0 CAB (2XL, Azul Polo);JAPCA162T2XL;CUADRO JACKET 2.0 CAB;Caballero;2XL;Azul Polo;1,00
