Año;Mes;Producto;Variante del producto;SKU;GENERO;COLOR;TALLA;tienda / ubicación;Cant. ordenada
2025;DICIEMBRE;CUADRO JACKET 2.0 DAMA;[JAPDA16TM] CUADRO JACKET 2.0 DAMA (M, BLANCO);JAPDA16TM;DAMA;Blanco;M;WEB;1
2025;DICIEMBRE;CUADRO JACKET 2.0 CAB;[JAPCA43TXL] CUADRO JACKET 2.0 CAB (XL, NEGRO);JAPCA43TXL;CAB;Negro;XL;SAMBIL CHACAO;1
2025;DICIEMBRE;CUADRO JACKET 2.0 KIDS;[JAPKI01T2] CUADRO JACKET 2.0 KIDS (2, AGUAMARINA);JAPKI01T2;KIDS;Aguamarina;2;GRAND PLAZ;1
2025;DICIEMBRE;CUADRO JACKET 2.0 CAB;[JAPCA43TS] CUADRO JACKET 2.0 CAB (S, NEGRO);JAPCA43TS;CAB;Negro;S;SAMBIL CHACAO;1
2025;DICIEMBRE;CUADRO JACKET 2.0 CAB;[JAPCA162TS] CUADRO JACKET 2.0 CAB (S, AZUL POLO);JAPCA162TS;CAB;Azul Polo;S;CERRO VERDE;1
2025;DICIEMBRE;CUADRO JACKET 2.0 CAB;[JAPCA66TXL] CUADRO JACKET 2.0 CAB (XL, VERDE MILITAR);JAPCA66TXL;CAB;Verde Militar;XL;SAMBIL CHACAO;1
2025;DICIEMBRE;CUADRO JACKET 2.0 CAB;[JAPCA43TL] CUADRO JACKET 2.0 CAB (L, NEGRO);JAPCA43TL;CAB;Negro;L;CERRO VERDE;1
2025;DICIEMBRE;CUADRO JACKET 2.0 CAB;[JAPCA162TM] CUADRO JACKET 2.0 CAB (M, AZUL POLO);JAPCA162TM;CAB;Azul Polo;M;CERRO VERDE;1
2025;DICIEMBRE;CUADRO JACKET 2.0 CAB;[JAPCA162TL] CUADRO JACKET 2.0 CAB (L, AZUL POLO);JAPCA162TL;CAB;Azul Polo;L;CERRO VERDE;1
2025;DICIEMBRE;CUADRO JACKET 2.0 CAB;[JAPCA162TS] CUADRO JACKET 2.0 CAB (S, AZUL POLO);JAPCA162TS;CAB;Azul Polo;S;CERRO VERDE;-1
2025;DICIEMBRE;CUADRO JACKET 2.0 CAB;[JAPCA162TM] CUADRO JACKET 2.0 CAB (M, AZUL POLO);JAPCA162TM;CAB;Azul Polo;M;CERRO VERDE;1
2025;DICIEMBRE;CUADRO JACKET 2.0 CAB;[JAPCA66TXL] CUADRO JACKET 2.0 CAB (XL, VERDE MILITAR);JAPCA66TXL;CAB;Verde Militar;XL;SAMBIL CHACAO;1
2025;DICIEMBRE;CUADRO JACKET 2.0 CAB;[JAPCA43TM] CUADRO JACKET 2.0 CAB (M, NEGRO);JAPCA43TM;CAB;Negro;M;CERRO VERDE;1
2025;DICIEMBRE;CUADRO JACKET 2.0 CAB;[JAPCA66TXL] CUADRO JACKET 2.0 CAB (XL, VERDE MILITAR);JAPCA66TXL;CAB;Verde Militar;XL;CERRO VERDE;1
2025;DICIEMBRE;CUADRO JACKET 2.0 CAB;[JAPCA162TS] CUADRO JACKET 2.0 CAB (S, AZUL POLO);JAPCA162TS;CAB;Azul Polo;S;CERRO VERDE;1
2025;DICIEMBRE;CUADRO JACKET 2.0 CAB;[JAPCA162TL] CUADRO JACKET 2.0 CAB (L, AZUL POLO);JAPCA162TL;CAB;Azul Polo;L;CERRO VERDE;1
2025;DICIEMBRE;CUADRO JACKET 2.0 CAB;[JAPCA66TS] CUADRO JACKET 2.0 CAB (S, VERDE MILITAR);JAPCA66TS;CAB;Verde Militar;S;SAMBIL CHACAO;1
2025;DICIEMBRE;CUADRO JACKET 2.0 CAB;[JAPCA66TM] CUADRO JACKET 2.0 CAB (M, VERDE MILITAR);JAPCA66TM;CAB;Verde Militar;M;CERRO VERDE;1
2025;DICIEMBRE;CUADRO JACKET 2.0 CAB;[JAPCA43TM] CUADRO JACKET 2.0 CAB (M, NEGRO);JAPCA43TM;CAB;Negro;M;CERRO VERDE;1
2025;DICIEMBRE;CUADRO JACKET 2.0 CAB;[JAPCA43TL] CUADRO JACKET 2.0 CAB (L, NEGRO);JAPCA43TL;CAB;Negro;L;CERRO VERDE;1
2025;DICIEMBRE;CUADRO JACKET 2.0 CAB;[JAPCA66TL] CUADRO JACKET 2.0 CAB (L, VERDE MILITAR);JAPCA66TL;CAB;Verde Militar;L;CERRO VERDE;1
2025;DICIEMBRE;CUADRO JACKET 2.0 CAB;[JAPCA66TXL] CUADRO JACKET 2.0 CAB (XL, VERDE MILITAR);JAPCA66TXL;CAB;Verde Militar;XL;SAMBIL CHACAO;1
2025;DICIEMBRE;CUADRO JACKET 2.0 DAMA;[JAPDA01TL] CUADRO JACKET 2.0 DAMA (L, AGUAMARINA);JAPDA01TL;DAMA;Aguamarina;L;SAMBIL CHACAO;1
2025;DICIEMBRE;CUADRO JACKET 2.0 KIDS;[JAPKI35T4] CUADRO JACKET 2.0 KIDS (4, MAGENTA);JAPKI35T4;KIDS;Magenta;4;SAMBIL CHACAO;1
2025;DICIEMBRE;CUADRO JACKET 2.0 CAB;[JAPCA43TM] CUADRO JACKET 2.0 CAB (M, NEGRO);JAPCA43TM;CAB;Negro;M;CERRO VERDE;1
2025;DICIEMBRE;CUADRO JACKET 2.0 CAB;[JAPCA16TM] CUADRO JACKET 2.0 CAB (M, BLANCO);JAPCA16TM;CAB;Blanco;M;SAMBIL CHACAO;1
2025;DICIEMBRE;CUADRO JACKET 2.0 CAB;[JAPCA16T2XL] CUADRO JACKET 2.0 CAB (2XL, BLANCO);JAPCA16T2XL;CAB;Blanco;2XL;SAMBIL CHACAO;1
2025;DICIEMBRE;CUADRO JACKET 2.0 CAB;[JAPCA66TXL] CUADRO JACKET 2.0 CAB (XL, VERDE MILITAR);JAPCA66TXL;CAB;Verde Militar;XL;SAMBIL CHACAO;1
2025;DICIEMBRE;CUADRO JACKET 2.0 CAB;[JAPCA66TXL] CUADRO JACKET 2.0 CAB (XL, VERDE MILITAR);JAPCA66TXL;CAB;Verde Militar;XL;SAMBIL CHACAO;1
2025;DICIEMBRE;CUADRO JACKET 2.0 CAB;[JAPCA43TM] CUADRO JACKET 2.0 CAB (M, NEGRO);JAPCA43TM;CAB;Negro;M;CERRO VERDE;1
2025;DICIEMBRE;CUADRO JACKET 2.0 CAB;[JAPCA43T2XL] CUADRO JACKET 2.0 CAB (2XL, NEGRO);JAPCA43T2XL;CAB;Negro;2XL;SAMBIL CHACAO;1
2025;DICIEMBRE;CUADRO JACKET 2.0 CAB;[JAPCA66TM] CUADRO JACKET 2.0 CAB (M, VERDE MILITAR);JAPCA66TM;CAB;Verde Militar;M;SAMBIL CHACAO;1
2025;DICIEMBRE;CUADRO JACKET 2.0 DAMA;[JAPDA35TXS] CUADRO JACKET 2.0 DAMA (XS, MAGENTA);JAPDA35TXS;DAMA;Magenta;XS;SAMBIL VALENCIA;1
2025;DICIEMBRE;CUADRO JACKET 2.0 CAB;[JAPCA66TXL] CUADRO JACKET 2.0 CAB (XL, VERDE MILITAR);JAPCA66TXL;CAB;Verde Militar;XL;CERRO VERDE;1
2025;DICIEMBRE;CUADRO JACKET 2.0 CAB;[JAPCA66TXL] CUADRO JACKET 2.0 CAB (XL, VERDE MILITAR);JAPCA66TXL;CAB;Verde Militar;XL;CERRO VERDE;1
2025;DICIEMBRE;CUADRO JACKET 2.0 CAB;[JAPCA43TM] CUADRO JACKET 2.0 CAB (M, NEGRO);JAPCA43TM;CAB;Negro;M;SAMBIL CHACAO;1
2025;DICIEMBRE;CUADRO JACKET 2.0 DAMA;[JAPDA16TS] CUADRO JACKET 2.0 DAMA (S, BLANCO);JAPDA16TS;DAMA;Blanco;S;GRIETA;1
2025;DICIEMBRE;CUADRO JACKET 2.0 CAB;[JAPCA16TM] CUADRO JACKET 2.0 CAB (M, BLANCO);JAPCA16TM;CAB;Blanco;M;SAMBIL CHACAO;1
2025;DICIEMBRE;CUADRO JACKET 2.0 CAB;[JAPCA43TXL] CUADRO JACKET 2.0 CAB (XL, NEGRO);JAPCA43TXL;CAB;Negro;XL;CERRO VERDE;1
2025;DICIEMBRE;CUADRO JACKET 2.0 CAB;[JAPCA16TXL] CUADRO JACKET 2.0 CAB (XL, BLANCO);JAPCA16TXL;CAB;Blanco;XL;SAMBIL CHACAO;1
2025;DICIEMBRE;CUADRO JACKET 2.0 DAMA;[JAPDA35TS] CUADRO JACKET 2.0 DAMA (S, MAGENTA);JAPDA35TS;DAMA;Magenta;S;SAMBIL VALENCIA;1
2025;DICIEMBRE;CUADRO JACKET 2.0 KIDS;[JAPKI35T10] CUADRO JACKET 2.0 KIDS (10, MAGENTA);JAPKI35T10;KIDS;Magenta;10;SAMBIL VALENCIA;1
2025;DICIEMBRE;CUADRO JACKET 2.0 DAMA;[JAPDA16TL] CUADRO JACKET 2.0 DAMA (L, BLANCO);JAPDA16TL;DAMA;Blanco;L;GRIETA;1
2025;DICIEMBRE;CUADRO JACKET 2.0 CAB;[JAPCA162TL] CUADRO JACKET 2.0 CAB (L, AZUL POLO);JAPCA162TL;CAB;Azul Polo;L;CERRO VERDE;1
2025;DICIEMBRE;CUADRO JACKET 2.0 CAB;[JAPCA16TL] CUADRO JACKET 2.0 CAB (L, BLANCO);JAPCA16TL;CAB;Blanco;L;CERRO VERDE;1
2025;DICIEMBRE;CUADRO JACKET 2.0 CAB;[JAPCA162TS] CUADRO JACKET 2.0 CAB (S, AZUL POLO);JAPCA162TS;CAB;Azul Polo;S;SAMBIL CHACAO;1
2025;DICIEMBRE;CUADRO JACKET 2.0 CAB;[JAPCA162TM] CUADRO JACKET 2.0 CAB (M, AZUL POLO);JAPCA162TM;CAB;Azul Polo;M;SAMBIL CHACAO;1
2025;DICIEMBRE;CUADRO JACKET 2.0 CAB;[JAPCA162TM] CUADRO JACKET 2.0 CAB (M, AZUL POLO);JAPCA162TM;CAB;Azul Polo;M;CERRO VERDE;1
2025;DICIEMBRE;CUADRO JACKET 2.0 CAB;[JAPCA43TXL] CUADRO JACKET 2.0 CAB (XL, NEGRO);JAPCA43TXL;CAB;Negro;XL;CERRO VERDE;-1
2025;DICIEMBRE;CUADRO JACKET 2.0 DAMA;[JAPDA43TL] CUADRO JACKET 2.0 DAMA (L, NEGRO);JAPDA43TL;DAMA;Negro;L;SAMBIL CHACAO;1
2025;DICIEMBRE;CUADRO JACKET 2.0 DAMA;[JAPDA43TS] CUADRO JACKET 2.0 DAMA (S, NEGRO);JAPDA43TS;DAMA;Negro;S;SAMBIL VALENCIA;1
2025;DICIEMBRE;CUADRO JACKET 2.0 CAB;[JAPCA43TL] CUADRO JACKET 2.0 CAB (L, NEGRO);JAPCA43TL;CAB;Negro;L;CERRO VERDE;1
2025;DICIEMBRE;CUADRO JACKET 2.0 KIDS;[JAPKI35T10] CUADRO JACKET 2.0 KIDS (10, MAGENTA);JAPKI35T10;KIDS;Magenta;10;SAMBIL VALENCIA;1
2025;DICIEMBRE;CUADRO JACKET 2.0 CAB;[JAPCA43TS] CUADRO JACKET 2.0 CAB (S, NEGRO);JAPCA43TS;CAB;Negro;S;SAMBIL CHACAO;1
2025;DICIEMBRE;CUADRO JACKET 2.0 CAB;[JAPCA43TXL] CUADRO JACKET 2.0 CAB (XL, NEGRO);JAPCA43TXL;CAB;Negro;XL;CERRO VERDE;1
2025;DICIEMBRE;CUADRO JACKET 2.0 CAB;[JAPCA43TXL] CUADRO JACKET 2.0 CAB (XL, NEGRO);JAPCA43TXL;CAB;Negro;XL;CERRO VERDE;1
2025;DICIEMBRE;CUADRO JACKET 2.0 DAMA;[JAPDA01TS] CUADRO JACKET 2.0 DAMA (S, AGUAMARINA);JAPDA01TS;DAMA;Aguamarina;S;SAMBIL CHACAO;1
2025;DICIEMBRE;CUADRO JACKET 2.0 DAMA;[JAPDA162TS] CUADRO JACKET 2.0 DAMA (S, AZUL POLO);JAPDA162TS;DAMA;Azul Polo;S;SAMBIL CHACAO;1
2025;DICIEMBRE;CUADRO JACKET 2.0 KIDS;[JAPKI43T8] CUADRO JACKET 2.0 KIDS (8, NEGRO);JAPKI43T8;KIDS;Negro;8;CERRO VERDE;1
2025;DICIEMBRE;CUADRO JACKET 2.0 CAB;[JAPCA16TXL] CUADRO JACKET 2.0 CAB (XL, BLANCO);JAPCA16TXL;CAB;Blanco;XL;CERRO VERDE;1
2025;DICIEMBRE;CUADRO JACKET 2.0 KIDS;[JAPKI43T6] CUADRO JACKET 2.0 KIDS (6, NEGRO);JAPKI43T6;KIDS;Negro;6;SAMBIL CHACAO;1
2025;DICIEMBRE;CUADRO JACKET 2.0 DAMA;[JAPDA01TM] CUADRO JACKET 2.0 DAMA (M, AGUAMARINA);JAPDA01TM;DAMA;Aguamarina;M;SAMBIL CHACAO;1
2025;DICIEMBRE;CUADRO JACKET 2.0 DAMA;[JAPDA66TM] CUADRO JACKET 2.0 DAMA (M, VERDE MILITAR);JAPDA66TM;DAMA;Verde Militar;M;SAMBIL VALENCIA;1
2025;DICIEMBRE;CUADRO JACKET 2.0 DAMA;[JAPDA35TS] CUADRO JACKET 2.0 DAMA (S, MAGENTA);JAPDA35TS;DAMA;Magenta;S;CERRO VERDE;1
2025;DICIEMBRE;CUADRO JACKET 2.0 DAMA;[JAPDA43TL] CUADRO JACKET 2.0 DAMA (L, NEGRO);JAPDA43TL;DAMA;Negro;L;SAMBIL VALENCIA;1
2025;DICIEMBRE;CUADRO JACKET 2.0 DAMA;[JAPDA16TL] CUADRO JACKET 2.0 DAMA (L, BLANCO);JAPDA16TL;DAMA;Blanco;L;SAMBIL VALENCIA;1
2025;DICIEMBRE;CUADRO JACKET 2.0 CAB;[JAPCA66T2XL] CUADRO JACKET 2.0 CAB (2XL, VERDE MILITAR);JAPCA66T2XL;CAB;Verde Militar;2XL;SAMBIL CHACAO;1
2025;DICIEMBRE;CUADRO JACKET 2.0 DAMA;[JAPDA162TL] CUADRO JACKET 2.0 DAMA (L, AZUL POLO);JAPDA162TL;DAMA;Azul Polo;L;SAMBIL CHACAO;1
2025;DICIEMBRE;CUADRO JACKET 2.0 DAMA;[JAPDA16TL] CUADRO JACKET 2.0 DAMA (L, BLANCO);JAPDA16TL;DAMA;Blanco;L;CERRO VERDE;1
2025;DICIEMBRE;CUADRO JACKET 2.0 DAMA;[JAPDA16TS] CUADRO JACKET 2.0 DAMA (S, BLANCO);JAPDA16TS;DAMA;Blanco;S;CERRO VERDE;1
2025;DICIEMBRE;CUADRO JACKET 2.0 CAB;[JAPCA16TM] CUADRO JACKET 2.0 CAB (M, BLANCO);JAPCA16TM;CAB;Blanco;M;CERRO VERDE;1
2025;DICIEMBRE;CUADRO JACKET 2.0 KIDS;[JAPKI43T4] CUADRO JACKET 2.0 KIDS (4, NEGRO);JAPKI43T4;KIDS;Negro;4;SAMBIL VALENCIA;1
2025;DICIEMBRE;CUADRO JACKET 2.0 DAMA;[JAPDA16TXS] CUADRO JACKET 2.0 DAMA (XS, BLANCO);JAPDA16TXS;DAMA;Blanco;XS;SAMBIL VALENCIA;1
2025;DICIEMBRE;CUADRO JACKET 2.0 CAB;[JAPCA16TM] CUADRO JACKET 2.0 CAB (M, BLANCO);JAPCA16TM;CAB;Blanco;M;SAMBIL VALENCIA;1
2025;DICIEMBRE;CUADRO JACKET 2.0 DAMA;[JAPDA35TXS] CUADRO JACKET 2.0 DAMA (XS, MAGENTA);JAPDA35TXS;DAMA;Magenta;XS;CERRO VERDE;1
2025;DICIEMBRE;CUADRO JACKET 2.0 DAMA;[JAPDA16TS] CUADRO JACKET 2.0 DAMA (S, BLANCO);JAPDA16TS;DAMA;Blanco;S;SAMBIL CHACAO;1
2025;DICIEMBRE;CUADRO JACKET 2.0 KIDS;[JAPKI01T2] CUADRO JACKET 2.0 KIDS (2, AGUAMARINA);JAPKI01T2;KIDS;Aguamarina;2;SAMBIL CHACAO;1
2025;DICIEMBRE;CUADRO JACKET 2.0 DAMA;[JAPDA43TXS] CUADRO JACKET 2.0 DAMA (XS, NEGRO);JAPDA43TXS;DAMA;Negro;XS;SAMBIL CHACAO;1
2025;DICIEMBRE;CUADRO JACKET 2.0 DAMA;[JAPDA43TXL] CUADRO JACKET 2.0 DAMA (XL, NEGRO);JAPDA43TXL;DAMA;Negro;XL;SAMBIL CHACAO;1
2025;DICIEMBRE;CUADRO JACKET 2.0 CAB;[JAPCA43TS] CUADRO JACKET 2.0 CAB (S, NEGRO);JAPCA43TS;CAB;Negro;S;SAMBIL CHACAO;1
2025;DICIEMBRE;CUADRO JACKET 2.0 DAMA;[JAPDA35TS] CUADRO JACKET 2.0 DAMA (S, MAGENTA);JAPDA35TS;DAMA;Magenta;S;SAMBIL CHACAO;1
2025;DICIEMBRE;CUADRO JACKET 2.0 DAMA;[JAPDA16TS] CUADRO JACKET 2.0 DAMA (S, BLANCO);JAPDA16TS;DAMA;Blanco;S;GRIETA;2
2025;DICIEMBRE;CUADRO JACKET 2.0 DAMA;[JAPDA66TS] CUADRO JACKET 2.0 DAMA (S, VERDE MILITAR);JAPDA66TS;DAMA;Verde Militar;S;GRIETA;1
2025;DICIEMBRE;CUADRO JACKET 2.0 CAB;[JAPCA66TL] CUADRO JACKET 2.0 CAB (L, VERDE MILITAR);JAPCA66TL;CAB;Verde Militar;L;GRIETA;1
2025;DICIEMBRE;CUADRO JACKET 2.0 DAMA;[JAPDA43TM] CUADRO JACKET 2.0 DAMA (M, NEGRO);JAPDA43TM;DAMA;Negro;M;GRIETA;1
2025;DICIEMBRE;CUADRO JACKET 2.0 CAB;[JAPCA162TL] CUADRO JACKET 2.0 CAB (L, AZUL POLO);JAPCA162TL;CAB;Azul Polo;L;GRIETA;1
2025;DICIEMBRE;CUADRO JACKET 2.0 DAMA;[JAPDA162TS] CUADRO JACKET 2.0 DAMA (S, AZUL POLO);JAPDA162TS;DAMA;Azul Polo;S;SAMBIL CHACAO;1
2025;DICIEMBRE;CUADRO JACKET 2.0 CAB;[JAPCA162T2XL] CUADRO JACKET 2.0 CAB (2XL, AZUL POLO);JAPCA162T2XL;CAB;Azul Polo;2XL;SAMBIL CHACAO;1
2025;DICIEMBRE;CUADRO JACKET 2.0 CAB;[JAPCA16TS] CUADRO JACKET 2.0 CAB (S, BLANCO);JAPCA16TS;CAB;Blanco;S;SAMBIL CHACAO;1
2025;DICIEMBRE;CUADRO JACKET 2.0 CAB;[JAPCA162TXL] CUADRO JACKET 2.0 CAB (XL, AZUL POLO);JAPCA162TXL;CAB;Azul Polo;XL;CERRO VERDE;1
2025;DICIEMBRE;CUADRO JACKET 2.0 CAB;[JAPCA162TL] CUADRO JACKET 2.0 CAB (L, AZUL POLO);JAPCA162TL;CAB;Azul Polo;L;CERRO VERDE;3
2025;DICIEMBRE;CUADRO JACKET 2.0 CAB;[JAPCA162TM] CUADRO JACKET 2.0 CAB (M, AZUL POLO);JAPCA162TM;CAB;Azul Polo;M;CERRO VERDE;2
2025;DICIEMBRE;CUADRO JACKET 2.0 DAMA;[JAPDA35TXS] CUADRO JACKET 2.0 DAMA (XS, MAGENTA);JAPDA35TXS;DAMA;Magenta;XS;SAMBIL VALENCIA;1
2025;DICIEMBRE;CUADRO JACKET 2.0 DAMA;[JAPDA16TS] CUADRO JACKET 2.0 DAMA (S, BLANCO);JAPDA16TS;DAMA;Blanco;S;CERRO VERDE;1
2025;DICIEMBRE;CUADRO JACKET 2.0 DAMA;[JAPDA35TXS] CUADRO JACKET 2.0 DAMA (XS, MAGENTA);JAPDA35TXS;DAMA;Magenta;XS;SAMBIL VALENCIA;1
2025;DICIEMBRE;CUADRO JACKET 2.0 KIDS;[JAPKI35T8] CUADRO JACKET 2.0 KIDS (8, MAGENTA);JAPKI35T8;KIDS;Magenta;8;SAMBIL VALENCIA;1
2025;DICIEMBRE;CUADRO JACKET 2.0 DAMA;[JAPDA01TS] CUADRO JACKET 2.0 DAMA (S, AGUAMARINA);JAPDA01TS;DAMA;Aguamarina;S;CERRO VERDE;1
2025;DICIEMBRE;CUADRO JACKET 2.0 CAB;[JAPCA43TM] CUADRO JACKET 2.0 CAB (M, NEGRO);JAPCA43TM;CAB;Negro;M;CERRO VERDE;1
2025;DICIEMBRE;CUADRO JACKET 2.0 CAB;[JAPCA43TL] CUADRO JACKET 2.0 CAB (L, NEGRO);JAPCA43TL;CAB;Negro;L;SAMBIL VALENCIA;1
2025;DICIEMBRE;CUADRO JACKET 2.0 DAMA;[JAPDA162TM] CUADRO JACKET 2.0 DAMA (M, AZUL POLO);JAPDA162TM;DAMA;Azul Polo;M;GRIETA;1
2025;DICIEMBRE;CUADRO JACKET 2.0 DAMA;[JAPDA162TS] CUADRO JACKET 2.0 DAMA (S, AZUL POLO);JAPDA162TS;DAMA;Azul Polo;S;SAMBIL VALENCIA;1
2025;DICIEMBRE;CUADRO JACKET 2.0 CAB;[JAPCA66T2XL] CUADRO JACKET 2.0 CAB (2XL, VERDE MILITAR);JAPCA66T2XL;CAB;Verde Militar;2XL;CERRO VERDE;1
2025;DICIEMBRE;CUADRO JACKET 2.0 CAB;[JAPCA43T2XL] CUADRO JACKET 2.0 CAB (2XL, NEGRO);JAPCA43T2XL;CAB;Negro;2XL;CERRO VERDE;1
2025;DICIEMBRE;CUADRO JACKET 2.0 CAB;[JAPCA66TM] CUADRO JACKET 2.0 CAB (M, VERDE MILITAR);JAPCA66TM;CAB;Verde Militar;M;CERRO VERDE;1
2025;DICIEMBRE;CUADRO JACKET 2.0 CAB;[JAPCA162T2XL] CUADRO JACKET 2.0 CAB (2XL, AZUL POLO);JAPCA162T2XL;CAB;Azul Polo;2XL;CERRO VERDE;1
2025;DICIEMBRE;CUADRO JACKET 2.0 KIDS;[JAPKI162T10] CUADRO JACKET 2.0 KIDS (10, AZUL POLO);JAPKI162T10;KIDS;Azul Polo;10;SAMBIL CHACAO;1
2025;DICIEMBRE;CUADRO JACKET 2.0 CAB;[JAPCA162TXL] CUADRO JACKET 2.0 CAB (XL, AZUL POLO);JAPCA162TXL;CAB;Azul Polo;XL;SAMBIL CHACAO;1
2025;DICIEMBRE;CUADRO JACKET 2.0 CAB;[JAPCA43TXL] CUADRO JACKET 2.0 CAB (XL, NEGRO);JAPCA43TXL;CAB;Negro;XL;SAMBIL VALENCIA;1
2025;DICIEMBRE;CUADRO JACKET 2.0 DAMA;[JAPDA16TXS] CUADRO JACKET 2.0 DAMA (XS, BLANCO);JAPDA16TXS;DAMA;Blanco;XS;SAMBIL VALENCIA;1
2025;DICIEMBRE;CUADRO JACKET 2.0 KIDS;[JAPKI43T8] CUADRO JACKET 2.0 KIDS (8, NEGRO);JAPKI43T8;KIDS;Negro;8;SAMBIL CHACAO;1
2025;DICIEMBRE;CUADRO JACKET 2.0 DAMA;[JAPDA66TXL] CUADRO JACKET 2.0 DAMA (XL, VERDE MILITAR);JAPDA66TXL;DAMA;Verde Militar;XL;SAMBIL VALENCIA;1
2025;DICIEMBRE;CUADRO JACKET 2.0 CAB;[JAPCA16TL] CUADRO JACKET 2.0 CAB (L, BLANCO);JAPCA16TL;CAB;Blanco;L;SAMBIL VALENCIA;1
2025;DICIEMBRE;CUADRO JACKET 2.0 DAMA;[JAPDA43TXS] CUADRO JACKET 2.0 DAMA (XS, NEGRO);JAPDA43TXS;DAMA;Negro;XS;SAMBIL CHACAO;1
2025;DICIEMBRE;CUADRO JACKET 2.0 DAMA;[JAPDA66TS] CUADRO JACKET 2.0 DAMA (S, VERDE MILITAR);JAPDA66TS;DAMA;Verde Militar;S;SAMBIL VALENCIA;1
2025;DICIEMBRE;CUADRO JACKET 2.0 CAB;[JAPCA66T2XL] CUADRO JACKET 2.0 CAB (2XL, VERDE MILITAR);JAPCA66T2XL;CAB;Verde Militar;2XL;SAMBIL CHACAO;1
2025;DICIEMBRE;CUADRO JACKET 2.0 CAB;[JAPCA66TL] CUADRO JACKET 2.0 CAB (L, VERDE MILITAR);JAPCA66TL;CAB;Verde Militar;L;SAMBIL CHACAO;1
2025;DICIEMBRE;CUADRO JACKET 2.0 DAMA;[JAPDA35TS] CUADRO JACKET 2.0 DAMA (S, MAGENTA);JAPDA35TS;DAMA;Magenta;S;SAMBIL CHACAO;1
2025;DICIEMBRE;CUADRO JACKET 2.0 DAMA;[JAPDA01TM] CUADRO JACKET 2.0 DAMA (M, AGUAMARINA);JAPDA01TM;DAMA;Aguamarina;M;SAMBIL CHACAO;1
2025;DICIEMBRE;CUADRO JACKET 2.0 DAMA;[JAPDA01TS] CUADRO JACKET 2.0 DAMA (S, AGUAMARINA);JAPDA01TS;DAMA;Aguamarina;S;SAMBIL CHACAO;1
2025;DICIEMBRE;CUADRO JACKET 2.0 DAMA;[JAPDA16TS] CUADRO JACKET 2.0 DAMA (S, BLANCO);JAPDA16TS;DAMA;Blanco;S;SAMBIL CHACAO;1
2025;DICIEMBRE;CUADRO JACKET 2.0 CAB;[JAPCA162TS] CUADRO JACKET 2.0 CAB (S, AZUL POLO);JAPCA162TS;CAB;Azul Polo;S;SAMBIL CHACAO;1
2025;DICIEMBRE;CUADRO JACKET 2.0 DAMA;[JAPDA43TXS] CUADRO JACKET 2.0 DAMA (XS, NEGRO);JAPDA43TXS;DAMA;Negro;XS;SAMBIL CHACAO;1
2025;DICIEMBRE;CUADRO JACKET 2.0 DAMA;[JAPDA43TXS] CUADRO JACKET 2.0 DAMA (XS, NEGRO);JAPDA43TXS;DAMA;Negro;XS;SAMBIL CHACAO;-1
2025;DICIEMBRE;CUADRO JACKET 2.0 DAMA;[JAPDA43TXS] CUADRO JACKET 2.0 DAMA (XS, NEGRO);JAPDA43TXS;DAMA;Negro;XS;SAMBIL CHACAO;1
2025;DICIEMBRE;CUADRO JACKET 2.0 KIDS;[JAPKI43T6] CUADRO JACKET 2.0 KIDS (6, NEGRO);JAPKI43T6;KIDS;Negro;6;SAMBIL CHACAO;1
2025;DICIEMBRE;CUADRO JACKET 2.0 CAB;[JAPCA43TXL] CUADRO JACKET 2.0 CAB (XL, NEGRO);JAPCA43TXL;CAB;Negro;XL;SAMBIL CHACAO;1
2025;DICIEMBRE;CUADRO JACKET 2.0 CAB;[JAPCA162TXL] CUADRO JACKET 2.0 CAB (XL, AZUL POLO);JAPCA162TXL;CAB;Azul Polo;XL;SAMBIL CHACAO;1
2025;DICIEMBRE;CUADRO JACKET 2.0 CAB;[JAPCA43TM] CUADRO JACKET 2.0 CAB (M, NEGRO);JAPCA43TM;CAB;Negro;M;SAMBIL CHACAO;1
2025;DICIEMBRE;CUADRO JACKET 2.0 CAB;[JAPCA162TM] CUADRO JACKET 2.0 CAB (M, AZUL POLO);JAPCA162TM;CAB;Azul Polo;M;SAMBIL CHACAO;1
2025;DICIEMBRE;CUADRO JACKET 2.0 KIDS;[JAPKI43T2] CUADRO JACKET 2.0 KIDS (2, NEGRO);JAPKI43T2;KIDS;Negro;2;SAMBIL CHACAO;1
2025;DICIEMBRE;CUADRO JACKET 2.0 DAMA;[JAPDA43TXS] CUADRO JACKET 2.0 DAMA (XS, NEGRO);JAPDA43TXS;DAMA;Negro;XS;SAMBIL CHACAO;1
2025;DICIEMBRE;CUADRO JACKET 2.0 CAB;[JAPCA43TM] CUADRO JACKET 2.0 CAB (M, NEGRO);JAPCA43TM;CAB;Negro;M;SAMBIL CHACAO;1
2025;DICIEMBRE;CUADRO JACKET 2.0 CAB;[JAPCA162TM] CUADRO JACKET 2.0 CAB (M, AZUL POLO);JAPCA162TM;CAB;Azul Polo;M;SAMBIL CHACAO;1
2025;DICIEMBRE;CUADRO JACKET 2.0 CAB;[JAPCA43TXL] CUADRO JACKET 2.0 CAB (XL, NEGRO);JAPCA43TXL;CAB;Negro;XL;SAMBIL CHACAO;1
2025;DICIEMBRE;CUADRO JACKET 2.0 DAMA;[JAPDA35TM] CUADRO JACKET 2.0 DAMA (M, MAGENTA);JAPDA35TM;DAMA;Magenta;M;GRIETA;1
2025;DICIEMBRE;CUADRO JACKET 2.0 CAB;[JAPCA162TM] CUADRO JACKET 2.0 CAB (M, AZUL POLO);JAPCA162TM;CAB;Azul Polo;M;CERRO VERDE;1
2025;DICIEMBRE;CUADRO JACKET 2.0 CAB;[JAPCA66TM] CUADRO JACKET 2.0 CAB (M, VERDE MILITAR);JAPCA66TM;CAB;Verde Militar;M;SAMBIL CHACAO;1
2025;DICIEMBRE;CUADRO JACKET 2.0 DAMA;[JAPDA35TXL] CUADRO JACKET 2.0 DAMA (XL, MAGENTA);JAPDA35TXL;DAMA;Magenta;XL;GRIETA;1
2025;DICIEMBRE;CUADRO JACKET 2.0 DAMA;[JAPDA66TXS] CUADRO JACKET 2.0 DAMA (XS, VERDE MILITAR);JAPDA66TXS;DAMA;Verde Militar;XS;GRIETA;1
2025;DICIEMBRE;CUADRO JACKET 2.0 DAMA;[JAPDA16TS] CUADRO JACKET 2.0 DAMA (S, BLANCO);JAPDA16TS;DAMA;Blanco;S;CERRO VERDE;1
2025;DICIEMBRE;CUADRO JACKET 2.0 CAB;[JAPCA43TM] CUADRO JACKET 2.0 CAB (M, NEGRO);JAPCA43TM;CAB;Negro;M;CERRO VERDE;1
2025;DICIEMBRE;CUADRO JACKET 2.0 CAB;[JAPCA43T2XL] CUADRO JACKET 2.0 CAB (2XL, NEGRO);JAPCA43T2XL;CAB;Negro;2XL;SAMBIL VALENCIA;1
2025;DICIEMBRE;CUADRO JACKET 2.0 CAB;[JAPCA162TL] CUADRO JACKET 2.0 CAB (L, AZUL POLO);JAPCA162TL;CAB;Azul Polo;L;SAMBIL CHACAO;1
2025;DICIEMBRE;CUADRO JACKET 2.0 DAMA;[JAPDA01TM] CUADRO JACKET 2.0 DAMA (M, AGUAMARINA);JAPDA01TM;DAMA;Aguamarina;M;CERRO VERDE;1
2025;DICIEMBRE;CUADRO JACKET 2.0 CAB;[JAPCA43TXL] CUADRO JACKET 2.0 CAB (XL, NEGRO);JAPCA43TXL;CAB;Negro;XL;SAMBIL VALENCIA;1
2025;DICIEMBRE;CUADRO JACKET 2.0 DAMA;[JAPDA16TL] CUADRO JACKET 2.0 DAMA (L, BLANCO);JAPDA16TL;DAMA;Blanco;L;CERRO VERDE;1
2025;DICIEMBRE;CUADRO JACKET 2.0 DAMA;[JAPDA01TS] CUADRO JACKET 2.0 DAMA (S, AGUAMARINA);JAPDA01TS;DAMA;Aguamarina;S;GRIETA;1
2025;DICIEMBRE;CUADRO JACKET 2.0 DAMA;[JAPDA01TS] CUADRO JACKET 2.0 DAMA (S, AGUAMARINA);JAPDA01TS;DAMA;Aguamarina;S;CERRO VERDE;1
2025;DICIEMBRE;CUADRO JACKET 2.0 CAB;[JAPCA43TL] CUADRO JACKET 2.0 CAB (L, NEGRO);JAPCA43TL;CAB;Negro;L;CERRO VERDE;1
2025;DICIEMBRE;CUADRO JACKET 2.0 DAMA;[JAPDA16TS] CUADRO JACKET 2.0 DAMA (S, BLANCO);JAPDA16TS;DAMA;Blanco;S;GRIETA;1
2025;DICIEMBRE;CUADRO JACKET 2.0 DAMA;[JAPDA66TM] CUADRO JACKET 2.0 DAMA (M, VERDE MILITAR);JAPDA66TM;DAMA;Verde Militar;M;SAMBIL CHACAO;1
2025;DICIEMBRE;CUADRO JACKET 2.0 CAB;[JAPCA66TL] CUADRO JACKET 2.0 CAB (L, VERDE MILITAR);JAPCA66TL;CAB;Verde Militar;L;CERRO VERDE;1
2025;DICIEMBRE;CUADRO JACKET 2.0 CAB;[JAPCA66TM] CUADRO JACKET 2.0 CAB (M, VERDE MILITAR);JAPCA66TM;CAB;Verde Militar;M;CERRO VERDE;1
2025;DICIEMBRE;CUADRO JACKET 2.0 CAB;[JAPCA162TM] CUADRO JACKET 2.0 CAB (M, AZUL POLO);JAPCA162TM;CAB;Azul Polo;M;CERRO VERDE;1
2025;DICIEMBRE;CUADRO JACKET 2.0 DAMA;[JAPDA43TXS] CUADRO JACKET 2.0 DAMA (XS, NEGRO);JAPDA43TXS;DAMA;Negro;XS;SAMBIL VALENCIA;1
2025;DICIEMBRE;CUADRO JACKET 2.0 CAB;[JAPCA43TM] CUADRO JACKET 2.0 CAB (M, NEGRO);JAPCA43TM;CAB;Negro;M;SAMBIL CHACAO;-1
2025;DICIEMBRE;CUADRO JACKET 2.0 DAMA;[JAPDA43TXL] CUADRO JACKET 2.0 DAMA (XL, NEGRO);JAPDA43TXL;DAMA;Negro;XL;SAMBIL VALENCIA;1
2025;DICIEMBRE;CUADRO JACKET 2.0 CAB;[JAPCA43TXL] CUADRO JACKET 2.0 CAB (XL, NEGRO);JAPCA43TXL;CAB;Negro;XL;SAMBIL CHACAO;1
2025;DICIEMBRE;CUADRO JACKET 2.0 DAMA;[JAPDA16TL] CUADRO JACKET 2.0 DAMA (L, BLANCO);JAPDA16TL;DAMA;Blanco;L;CERRO VERDE;1
2025;DICIEMBRE;CUADRO JACKET 2.0 CAB;[JAPCA43TL] CUADRO JACKET 2.0 CAB (L, NEGRO);JAPCA43TL;CAB;Negro;L;SAMBIL VALENCIA;1
2025;DICIEMBRE;CUADRO JACKET 2.0 CAB;[JAPCA162TM] CUADRO JACKET 2.0 CAB (M, AZUL POLO);JAPCA162TM;CAB;Azul Polo;M;SAMBIL VALENCIA;1
2025;DICIEMBRE;CUADRO JACKET 2.0 DAMA;[JAPDA162TS] CUADRO JACKET 2.0 DAMA (S, AZUL POLO);JAPDA162TS;DAMA;Azul Polo;S;GRIETA;1
2025;DICIEMBRE;CUADRO JACKET 2.0 CAB;[JAPCA162TM] CUADRO JACKET 2.0 CAB (M, AZUL POLO);JAPCA162TM;CAB;Azul Polo;M;SAMBIL CHACAO;1
2025;DICIEMBRE;CUADRO JACKET 2.0 CAB;[JAPCA43TL] CUADRO JACKET 2.0 CAB (L, NEGRO);JAPCA43TL;CAB;Negro;L;SAMBIL VALENCIA;1
2025;DICIEMBRE;CUADRO JACKET 2.0 DAMA;[JAPDA16TL] CUADRO JACKET 2.0 DAMA (L, BLANCO);JAPDA16TL;DAMA;Blanco;L;SAMBIL VALENCIA;1
2025;DICIEMBRE;CUADRO JACKET 2.0 DAMA;[JAPDA43TXL] CUADRO JACKET 2.0 DAMA (XL, NEGRO);JAPDA43TXL;DAMA;Negro;XL;SAMBIL VALENCIA;1
2025;DICIEMBRE;CUADRO JACKET 2.0 CAB;[JAPCA43TL] CUADRO JACKET 2.0 CAB (L, NEGRO);JAPCA43TL;CAB;Negro;L;SAMBIL VALENCIA;1
2025;DICIEMBRE;CUADRO JACKET 2.0 DAMA;[JAPDA43TXS] CUADRO JACKET 2.0 DAMA (XS, NEGRO);JAPDA43TXS;DAMA;Negro;XS;SAMBIL VALENCIA;1
2025;DICIEMBRE;CUADRO JACKET 2.0 CAB;[JAPCA16TXL] CUADRO JACKET 2.0 CAB (XL, BLANCO);JAPCA16TXL;CAB;Blanco;XL;SAMBIL VALENCIA;1
2025;DICIEMBRE;CUADRO JACKET 2.0 CAB;[JAPCA162TM] CUADRO JACKET 2.0 CAB (M, AZUL POLO);JAPCA162TM;CAB;Azul Polo;M;SAMBIL CHACAO;1
2025;DICIEMBRE;CUADRO JACKET 2.0 DAMA;[JAPDA16TS] CUADRO JACKET 2.0 DAMA (S, BLANCO);JAPDA16TS;DAMA;Blanco;S;SAMBIL CHACAO;1
2025;DICIEMBRE;CUADRO JACKET 2.0 DAMA;[JAPDA16TM] CUADRO JACKET 2.0 DAMA (M, BLANCO);JAPDA16TM;DAMA;Blanco;M;GRIETA;1
2025;DICIEMBRE;CUADRO JACKET 2.0 CAB;[JAPCA162TM] CUADRO JACKET 2.0 CAB (M, AZUL POLO);JAPCA162TM;CAB;Azul Polo;M;GRIETA;1
2025;DICIEMBRE;CUADRO JACKET 2.0 DAMA;[JAPDA16TXS] CUADRO JACKET 2.0 DAMA (XS, BLANCO);JAPDA16TXS;DAMA;Blanco;XS;GRIETA;1
2025;DICIEMBRE;CUADRO JACKET 2.0 DAMA;[JAPDA35TXS] CUADRO JACKET 2.0 DAMA (XS, MAGENTA);JAPDA35TXS;DAMA;Magenta;XS;GRIETA;1
2025;DICIEMBRE;CUADRO JACKET 2.0 DAMA;[JAPDA162TM] CUADRO JACKET 2.0 DAMA (M, AZUL POLO);JAPDA162TM;DAMA;Azul Polo;M;GRIETA;1
2025;DICIEMBRE;CUADRO JACKET 2.0 KIDS;[JAPKI35T2] CUADRO JACKET 2.0 KIDS (2, MAGENTA);JAPKI35T2;KIDS;Magenta;2;SAMBIL VALENCIA;1
2025;DICIEMBRE;CUADRO JACKET 2.0 CAB;[JAPCA66TM] CUADRO JACKET 2.0 CAB (M, VERDE MILITAR);JAPCA66TM;CAB;Verde Militar;M;SAMBIL CHACAO;1
2025;DICIEMBRE;CUADRO JACKET 2.0 DAMA;[JAPDA16TS] CUADRO JACKET 2.0 DAMA (S, BLANCO);JAPDA16TS;DAMA;Blanco;S;WEB;1
2025;DICIEMBRE;CUADRO JACKET 2.0 CAB;[JAPCA66TM] CUADRO JACKET 2.0 CAB (M, VERDE MILITAR);JAPCA66TM;CAB;Verde Militar;M;SAMBIL CHACAO;1
2025;DICIEMBRE;CUADRO JACKET 2.0 DAMA;[JAPDA162TS] CUADRO JACKET 2.0 DAMA (S, AZUL POLO);JAPDA162TS;DAMA;Azul Polo;S;CERRO VERDE;2
2025;DICIEMBRE;CUADRO JACKET 2.0 CAB;[JAPCA162TXL] CUADRO JACKET 2.0 CAB (XL, AZUL POLO);JAPCA162TXL;CAB;Azul Polo;XL;SAMBIL CHACAO;1
2025;DICIEMBRE;CUADRO JACKET 2.0 DAMA;[JAPDA35TXS] CUADRO JACKET 2.0 DAMA (XS, MAGENTA);JAPDA35TXS;DAMA;Magenta;XS;SAMBIL CHACAO;1
2025;DICIEMBRE;CUADRO JACKET 2.0 CAB;[JAPCA16TXL] CUADRO JACKET 2.0 CAB (XL, BLANCO);JAPCA16TXL;CAB;Blanco;XL;SAMBIL VALENCIA;2
2025;DICIEMBRE;CUADRO JACKET 2.0 DAMA;[JAPDA16TS] CUADRO JACKET 2.0 DAMA (S, BLANCO);JAPDA16TS;DAMA;Blanco;S;SAMBIL VALENCIA;1
2025;DICIEMBRE;CUADRO JACKET 2.0 DAMA;[JAPDA162TL] CUADRO JACKET 2.0 DAMA (L, AZUL POLO);JAPDA162TL;DAMA;Azul Polo;L;SAMBIL VALENCIA;1
2025;DICIEMBRE;CUADRO JACKET 2.0 CAB;[JAPCA162TXL] CUADRO JACKET 2.0 CAB (XL, AZUL POLO);JAPCA162TXL;CAB;Azul Polo;XL;GRIETA;1
2025;DICIEMBRE;CUADRO JACKET 2.0 CAB;[JAPCA162TXL] CUADRO JACKET 2.0 CAB (XL, AZUL POLO);JAPCA162TXL;CAB;Azul Polo;XL;SAMBIL CHACAO;1
2025;DICIEMBRE;CUADRO JACKET 2.0 DAMA;[JAPDA16TL] CUADRO JACKET 2.0 DAMA (L, BLANCO);JAPDA16TL;DAMA;Blanco;L;GRIETA;1
2025;DICIEMBRE;CUADRO JACKET 2.0 CAB;[JAPCA162TM] CUADRO JACKET 2.0 CAB (M, AZUL POLO);JAPCA162TM;CAB;Azul Polo;M;SAMBIL CHACAO;1
2025;DICIEMBRE;CUADRO JACKET 2.0 CAB;[JAPCA162TM] CUADRO JACKET 2.0 CAB (M, AZUL POLO);JAPCA162TM;CAB;Azul Polo;M;SAMBIL CHACAO;1
2025;DICIEMBRE;CUADRO JACKET 2.0 CAB;[JAPCA66TM] CUADRO JACKET 2.0 CAB (M, VERDE MILITAR);JAPCA66TM;CAB;Verde Militar;M;SAMBIL CHACAO;1
2025;DICIEMBRE;CUADRO JACKET 2.0 CAB;[JAPCA16TM] CUADRO JACKET 2.0 CAB (M, BLANCO);JAPCA16TM;CAB;Blanco;M;SAMBIL CHACAO;1
2025;DICIEMBRE;CUADRO JACKET 2.0 CAB;[JAPCA43TL] CUADRO JACKET 2.0 CAB (L, NEGRO);JAPCA43TL;CAB;Negro;L;SAMBIL VALENCIA;1
2025;DICIEMBRE;CUADRO JACKET 2.0 KIDS;[JAPKI01T6] CUADRO JACKET 2.0 KIDS (6, AGUAMARINA);JAPKI01T6;KIDS;Aguamarina;6;GRIETA;1
2025;DICIEMBRE;CUADRO JACKET 2.0 CAB;[JAPCA43TL] CUADRO JACKET 2.0 CAB (L, NEGRO);JAPCA43TL;CAB;Negro;L;CERRO VERDE;1
2025;DICIEMBRE;CUADRO JACKET 2.0 CAB;[JAPCA162TL] CUADRO JACKET 2.0 CAB (L, AZUL POLO);JAPCA162TL;CAB;Azul Polo;L;SAMBIL CHACAO;1
2025;DICIEMBRE;CUADRO JACKET 2.0 CAB;[JAPCA43TM] CUADRO JACKET 2.0 CAB (M, NEGRO);JAPCA43TM;CAB;Negro;M;GRIETA;1
2025;DICIEMBRE;CUADRO JACKET 2.0 DAMA;[JAPDA16TL] CUADRO JACKET 2.0 DAMA (L, BLANCO);JAPDA16TL;DAMA;Blanco;L;SAMBIL VALENCIA;-1
2025;DICIEMBRE;CUADRO JACKET 2.0 DAMA;[JAPDA16TM] CUADRO JACKET 2.0 DAMA (M, BLANCO);JAPDA16TM;DAMA;Blanco;M;CERRO VERDE;1
2025;DICIEMBRE;CUADRO JACKET 2.0 CAB;[JAPCA16TL] CUADRO JACKET 2.0 CAB (L, BLANCO);JAPCA16TL;CAB;Blanco;L;CERRO VERDE;1
2025;DICIEMBRE;CUADRO JACKET 2.0 CAB;[JAPCA162TM] CUADRO JACKET 2.0 CAB (M, AZUL POLO);JAPCA162TM;CAB;Azul Polo;M;CERRO VERDE;1
2025;DICIEMBRE;CUADRO JACKET 2.0 KIDS;[JAPKI162T12] CUADRO JACKET 2.0 KIDS (12, AZUL POLO);JAPKI162T12;KIDS;Azul Polo;12;SAMBIL CHACAO;1
2025;DICIEMBRE;CUADRO JACKET 2.0 CAB;[JAPCA162TL] CUADRO JACKET 2.0 CAB (L, AZUL POLO);JAPCA162TL;CAB;Azul Polo;L;SAMBIL VALENCIA;1
2025;DICIEMBRE;CUADRO JACKET 2.0 DAMA;[JAPDA162TXS] CUADRO JACKET 2.0 DAMA (XS, AZUL POLO);JAPDA162TXS;DAMA;Azul Polo;XS;SAMBIL VALENCIA;1
2025;DICIEMBRE;CUADRO JACKET 2.0 CAB;[JAPCA162TM] CUADRO JACKET 2.0 CAB (M, AZUL POLO);JAPCA162TM;CAB;Azul Polo;M;CERRO VERDE;1
2025;DICIEMBRE;CUADRO JACKET 2.0 DAMA;[JAPDA35TM] CUADRO JACKET 2.0 DAMA (M, MAGENTA);JAPDA35TM;DAMA;Magenta;M;CERRO VERDE;1
2025;DICIEMBRE;CUADRO JACKET 2.0 CAB;[JAPCA43TM] CUADRO JACKET 2.0 CAB (M, NEGRO);JAPCA43TM;CAB;Negro;M;CERRO VERDE;1
2025;DICIEMBRE;CUADRO JACKET 2.0 DAMA;[JAPDA16TXS] CUADRO JACKET 2.0 DAMA (XS, BLANCO);JAPDA16TXS;DAMA;Blanco;XS;CERRO VERDE;1
2025;DICIEMBRE;CUADRO JACKET 2.0 CAB;[JAPCA43TS] CUADRO JACKET 2.0 CAB (S, NEGRO);JAPCA43TS;CAB;Negro;S;CERRO VERDE;1
2025;DICIEMBRE;CUADRO JACKET 2.0 CAB;[JAPCA43TM] CUADRO JACKET 2.0 CAB (M, NEGRO);JAPCA43TM;CAB;Negro;M;SAMBIL CHACAO;1
2025;DICIEMBRE;CUADRO JACKET 2.0 KIDS;[JAPKI35T8] CUADRO JACKET 2.0 KIDS (8, MAGENTA);JAPKI35T8;KIDS;Magenta;8;SAMBIL VALENCIA;1
2025;DICIEMBRE;CUADRO JACKET 2.0 CAB;[JAPCA16TXL] CUADRO JACKET 2.0 CAB (XL, BLANCO);JAPCA16TXL;CAB;Blanco;XL;SAMBIL VALENCIA;1
2025;DICIEMBRE;CUADRO JACKET 2.0 CAB;[JAPCA16TL] CUADRO JACKET 2.0 CAB (L, BLANCO);JAPCA16TL;CAB;Blanco;L;CERRO VERDE;1
2025;DICIEMBRE;CUADRO JACKET 2.0 DAMA;[JAPDA16TS] CUADRO JACKET 2.0 DAMA (S, BLANCO);JAPDA16TS;DAMA;Blanco;S;SAMBIL VALENCIA;1
2025;DICIEMBRE;CUADRO JACKET 2.0 CAB;[JAPCA66TM] CUADRO JACKET 2.0 CAB (M, VERDE MILITAR);JAPCA66TM;CAB;Verde Militar;M;SAMBIL CHACAO;1
2025;DICIEMBRE;CUADRO JACKET 2.0 DAMA;[JAPDA16TM] CUADRO JACKET 2.0 DAMA (M, BLANCO);JAPDA16TM;DAMA;Blanco;M;CERRO VERDE;1
2025;DICIEMBRE;CUADRO JACKET 2.0 CAB;[JAPCA43TL] CUADRO JACKET 2.0 CAB (L, NEGRO);JAPCA43TL;CAB;Negro;L;GRIETA;1
2025;DICIEMBRE;CUADRO JACKET 2.0 DAMA;[JAPDA35TS] CUADRO JACKET 2.0 DAMA (S, MAGENTA);JAPDA35TS;DAMA;Magenta;S;SAMBIL CHACAO;1
2025;DICIEMBRE;CUADRO JACKET 2.0 CAB;[JAPCA162T2XL] CUADRO JACKET 2.0 CAB (2XL, AZUL POLO);JAPCA162T2XL;CAB;Azul Polo;2XL;SAMBIL CHACAO;1
2025;DICIEMBRE;CUADRO JACKET 2.0 CAB;[JAPCA43T2XL] CUADRO JACKET 2.0 CAB (2XL, NEGRO);JAPCA43T2XL;CAB;Negro;2XL;SAMBIL VALENCIA;1
2025;DICIEMBRE;CUADRO JACKET 2.0 DAMA;[JAPDA43TXS] CUADRO JACKET 2.0 DAMA (XS, NEGRO);JAPDA43TXS;DAMA;Negro;XS;GRIETA;1
2025;DICIEMBRE;CUADRO JACKET 2.0 DAMA;[JAPDA16TXS] CUADRO JACKET 2.0 DAMA (XS, BLANCO);JAPDA16TXS;DAMA;Blanco;XS;GRIETA;1
2025;DICIEMBRE;CUADRO JACKET 2.0 DAMA;[JAPDA35TM] CUADRO JACKET 2.0 DAMA (M, MAGENTA);JAPDA35TM;DAMA;Magenta;M;CERRO VERDE;1
2025;DICIEMBRE;CUADRO JACKET 2.0 CAB;[JAPCA162TM] CUADRO JACKET 2.0 CAB (M, AZUL POLO);JAPCA162TM;CAB;Azul Polo;M;CERRO VERDE;1
2025;DICIEMBRE;CUADRO JACKET 2.0 CAB;[JAPCA01T2XL] CUADRO JACKET 2.0 CAB (2XL, AGUAMARINA);JAPCA01T2XL;CAB;Aguamarina;2XL;SAMBIL CHACAO;1
2025;DICIEMBRE;CUADRO JACKET 2.0 DAMA;[JAPDA16TM] CUADRO JACKET 2.0 DAMA (M, BLANCO);JAPDA16TM;DAMA;Blanco;M;SAMBIL VALENCIA;1
2025;DICIEMBRE;CUADRO JACKET 2.0 CAB;[JAPCA43TM] CUADRO JACKET 2.0 CAB (M, NEGRO);JAPCA43TM;CAB;Negro;M;CERRO VERDE;1
2025;DICIEMBRE;CUADRO JACKET 2.0 CAB;[JAPCA162TM] CUADRO JACKET 2.0 CAB (M, AZUL POLO);JAPCA162TM;CAB;Azul Polo;M;CERRO VERDE;1
2025;DICIEMBRE;CUADRO JACKET 2.0 DAMA;[JAPDA16TS] CUADRO JACKET 2.0 DAMA (S, BLANCO);JAPDA16TS;DAMA;Blanco;S;SAMBIL VALENCIA;1
2025;DICIEMBRE;CUADRO JACKET 2.0 CAB;[JAPCA43TM] CUADRO JACKET 2.0 CAB (M, NEGRO);JAPCA43TM;CAB;Negro;M;CERRO VERDE;1
2025;DICIEMBRE;CUADRO JACKET 2.0 DAMA;[JAPDA66TS] CUADRO JACKET 2.0 DAMA (S, VERDE MILITAR);JAPDA66TS;DAMA;Verde Militar;S;CERRO VERDE;1
2025;DICIEMBRE;CUADRO JACKET 2.0 CAB;[JAPCA162TM] CUADRO JACKET 2.0 CAB (M, AZUL POLO);JAPCA162TM;CAB;Azul Polo;M;CERRO VERDE;1
2025;DICIEMBRE;CUADRO JACKET 2.0 KIDS;[JAPKI35T12] CUADRO JACKET 2.0 KIDS (12, MAGENTA);JAPKI35T12;KIDS;Magenta;12;SAMBIL CHACAO;1
2025;DICIEMBRE;CUADRO JACKET 2.0 CAB;[JAPCA43TL] CUADRO JACKET 2.0 CAB (L, NEGRO);JAPCA43TL;CAB;Negro;L;GRIETA;1
2025;DICIEMBRE;CUADRO JACKET 2.0 CAB;[JAPCA16TL] CUADRO JACKET 2.0 CAB (L, BLANCO);JAPCA16TL;CAB;Blanco;L;CERRO VERDE;1
2025;DICIEMBRE;CUADRO JACKET 2.0 DAMA;[JAPDA16TM] CUADRO JACKET 2.0 DAMA (M, BLANCO);JAPDA16TM;DAMA;Blanco;M;SAMBIL VALENCIA;1
2025;DICIEMBRE;CUADRO JACKET 2.0 DAMA;[JAPDA43TL] CUADRO JACKET 2.0 DAMA (L, NEGRO);JAPDA43TL;DAMA;Negro;L;CERRO VERDE;1
2025;DICIEMBRE;CUADRO JACKET 2.0 CAB;[JAPCA162TM] CUADRO JACKET 2.0 CAB (M, AZUL POLO);JAPCA162TM;CAB;Azul Polo;M;SAMBIL CHACAO;1
2025;DICIEMBRE;CUADRO JACKET 2.0 DAMA;[JAPDA162TXS] CUADRO JACKET 2.0 DAMA (XS, AZUL POLO);JAPDA162TXS;DAMA;Azul Polo;XS;SAMBIL CHACAO;1
2025;DICIEMBRE;CUADRO JACKET 2.0 CAB;[JAPCA66TL] CUADRO JACKET 2.0 CAB (L, VERDE MILITAR);JAPCA66TL;CAB;Verde Militar;L;CERRO VERDE;1
2025;DICIEMBRE;CUADRO JACKET 2.0 DAMA;[JAPDA16TS] CUADRO JACKET 2.0 DAMA (S, BLANCO);JAPDA16TS;DAMA;Blanco;S;CERRO VERDE;1
2025;DICIEMBRE;CUADRO JACKET 2.0 DAMA;[JAPDA16TM] CUADRO JACKET 2.0 DAMA (M, BLANCO);JAPDA16TM;DAMA;Blanco;M;SAMBIL VALENCIA;1
2025;DICIEMBRE;CUADRO JACKET 2.0 CAB;[JAPCA43TL] CUADRO JACKET 2.0 CAB (L, NEGRO);JAPCA43TL;CAB;Negro;L;SAMBIL CHACAO;1
2025;DICIEMBRE;CUADRO JACKET 2.0 DAMA;[JAPDA162TXS] CUADRO JACKET 2.0 DAMA (XS, AZUL POLO);JAPDA162TXS;DAMA;Azul Polo;XS;SAMBIL CHACAO;1
2025;DICIEMBRE;CUADRO JACKET 2.0 DAMA;[JAPDA35TS] CUADRO JACKET 2.0 DAMA (S, MAGENTA);JAPDA35TS;DAMA;Magenta;S;SAMBIL VALENCIA;1
2025;DICIEMBRE;CUADRO JACKET 2.0 CAB;[JAPCA43TL] CUADRO JACKET 2.0 CAB (L, NEGRO);JAPCA43TL;CAB;Negro;L;CERRO VERDE;1
2025;DICIEMBRE;CUADRO JACKET 2.0 CAB;[JAPCA43TL] CUADRO JACKET 2.0 CAB (L, NEGRO);JAPCA43TL;CAB;Negro;L;SAMBIL CHACAO;1
2025;DICIEMBRE;CUADRO JACKET 2.0 DAMA;[JAPDA35TM] CUADRO JACKET 2.0 DAMA (M, MAGENTA);JAPDA35TM;DAMA;Magenta;M;SAMBIL VALENCIA;1
2025;DICIEMBRE;CUADRO JACKET 2.0 DAMA;[JAPDA35TXL] CUADRO JACKET 2.0 DAMA (XL, MAGENTA);JAPDA35TXL;DAMA;Magenta;XL;SAMBIL CHACAO;1
2025;DICIEMBRE;CUADRO JACKET 2.0 CAB;[JAPCA162TS] CUADRO JACKET 2.0 CAB (S, AZUL POLO);JAPCA162TS;CAB;Azul Polo;S;GRIETA;1
2025;DICIEMBRE;CUADRO JACKET 2.0 CAB;[JAPCA43TM] CUADRO JACKET 2.0 CAB (M, NEGRO);JAPCA43TM;CAB;Negro;M;GRIETA;1
2025;DICIEMBRE;CUADRO JACKET 2.0 DAMA;[JAPDA35TM] CUADRO JACKET 2.0 DAMA (M, MAGENTA);JAPDA35TM;DAMA;Magenta;M;SAMBIL CHACAO;1
2025;DICIEMBRE;CUADRO JACKET 2.0 DAMA;[JAPDA35TS] CUADRO JACKET 2.0 DAMA (S, MAGENTA);JAPDA35TS;DAMA;Magenta;S;SAMBIL CHACAO;1
2025;DICIEMBRE;CUADRO JACKET 2.0 DAMA;[JAPDA01TL] CUADRO JACKET 2.0 DAMA (L, AGUAMARINA);JAPDA01TL;DAMA;Aguamarina;L;GRIETA;1
2025;DICIEMBRE;CUADRO JACKET 2.0 DAMA;[JAPDA01TS] CUADRO JACKET 2.0 DAMA (S, AGUAMARINA);JAPDA01TS;DAMA;Aguamarina;S;CERRO VERDE;1
2025;DICIEMBRE;CUADRO JACKET 2.0 CAB;[JAPCA162TXL] CUADRO JACKET 2.0 CAB (XL, AZUL POLO);JAPCA162TXL;CAB;Azul Polo;XL;CERRO VERDE;1
2025;DICIEMBRE;CUADRO JACKET 2.0 KIDS;[JAPKI162T8] CUADRO JACKET 2.0 KIDS (8, AZUL POLO);JAPKI162T8;KIDS;Azul Polo;8;GRIETA;1
2025;DICIEMBRE;CUADRO JACKET 2.0 CAB;[JAPCA43TXL] CUADRO JACKET 2.0 CAB (XL, NEGRO);JAPCA43TXL;CAB;Negro;XL;GRIETA;1
2025;DICIEMBRE;CUADRO JACKET 2.0 DAMA;[JAPDA162TS] CUADRO JACKET 2.0 DAMA (S, AZUL POLO);JAPDA162TS;DAMA;Azul Polo;S;CERRO VERDE;1
2025;DICIEMBRE;CUADRO JACKET 2.0 CAB;[JAPCA162TM] CUADRO JACKET 2.0 CAB (M, AZUL POLO);JAPCA162TM;CAB;Azul Polo;M;SAMBIL CHACAO;1
2025;DICIEMBRE;CUADRO JACKET 2.0 CAB;[JAPCA01TXL] CUADRO JACKET 2.0 CAB (XL, AGUAMARINA);JAPCA01TXL;CAB;Aguamarina;XL;CERRO VERDE;1
2025;DICIEMBRE;CUADRO JACKET 2.0 CAB;[JAPCA162TM] CUADRO JACKET 2.0 CAB (M, AZUL POLO);JAPCA162TM;CAB;Azul Polo;M;CERRO VERDE;1
2025;DICIEMBRE;CUADRO JACKET 2.0 DAMA;[JAPDA01TS] CUADRO JACKET 2.0 DAMA (S, AGUAMARINA);JAPDA01TS;DAMA;Aguamarina;S;CERRO VERDE;1
2025;DICIEMBRE;CUADRO JACKET 2.0 DAMA;[JAPDA35TXS] CUADRO JACKET 2.0 DAMA (XS, MAGENTA);JAPDA35TXS;DAMA;Magenta;XS;CERRO VERDE;1
2025;DICIEMBRE;CUADRO JACKET 2.0 KIDS;[JAPKI01T2] CUADRO JACKET 2.0 KIDS (2, AGUAMARINA);JAPKI01T2;KIDS;Aguamarina;2;CERRO VERDE;1
2025;DICIEMBRE;CUADRO JACKET 2.0 KIDS;[JAPKI01T12] CUADRO JACKET 2.0 KIDS (12, AGUAMARINA);JAPKI01T12;KIDS;Aguamarina;12;CERRO VERDE;1
2025;DICIEMBRE;CUADRO JACKET 2.0 DAMA;[JAPDA01TXS] CUADRO JACKET 2.0 DAMA (XS, AGUAMARINA);JAPDA01TXS;DAMA;Aguamarina;XS;SAMBIL VALENCIA;1
2025;DICIEMBRE;CUADRO JACKET 2.0 CAB;[JAPCA162TS] CUADRO JACKET 2.0 CAB (S, AZUL POLO);JAPCA162TS;CAB;Azul Polo;S;SAMBIL CHACAO;1
2025;DICIEMBRE;CUADRO JACKET 2.0 DAMA;[JAPDA16TXS] CUADRO JACKET 2.0 DAMA (XS, BLANCO);JAPDA16TXS;DAMA;Blanco;XS;CERRO VERDE;1
2025;DICIEMBRE;CUADRO JACKET 2.0 CAB;[JAPCA43TXL] CUADRO JACKET 2.0 CAB (XL, NEGRO);JAPCA43TXL;CAB;Negro;XL;SAMBIL VALENCIA;1
2025;DICIEMBRE;CUADRO JACKET 2.0 CAB;[JAPCA66TM] CUADRO JACKET 2.0 CAB (M, VERDE MILITAR);JAPCA66TM;CAB;Verde Militar;M;SAMBIL VALENCIA;1
2025;DICIEMBRE;CUADRO JACKET 2.0 DAMA;[JAPDA01TM] CUADRO JACKET 2.0 DAMA (M, AGUAMARINA);JAPDA01TM;DAMA;Aguamarina;M;GRIETA;1
2025;DICIEMBRE;CUADRO JACKET 2.0 CAB;[JAPCA43TS] CUADRO JACKET 2.0 CAB (S, NEGRO);JAPCA43TS;CAB;Negro;S;SAMBIL CHACAO;1
2025;DICIEMBRE;CUADRO JACKET 2.0 CAB;[JAPCA162TL] CUADRO JACKET 2.0 CAB (L, AZUL POLO);JAPCA162TL;CAB;Azul Polo;L;CERRO VERDE;1
2025;DICIEMBRE;CUADRO JACKET 2.0 DAMA;[JAPDA43TM] CUADRO JACKET 2.0 DAMA (M, NEGRO);JAPDA43TM;DAMA;Negro;M;CERRO VERDE;1
2025;DICIEMBRE;CUADRO JACKET 2.0 KIDS;[JAPKI43T4] CUADRO JACKET 2.0 KIDS (4, NEGRO);JAPKI43T4;KIDS;Negro;4;SAMBIL CHACAO;1
2025;DICIEMBRE;CUADRO JACKET 2.0 KIDS;[JAPKI43T6] CUADRO JACKET 2.0 KIDS (6, NEGRO);JAPKI43T6;KIDS;Negro;6;SAMBIL CHACAO;1
2025;DICIEMBRE;CUADRO JACKET 2.0 DAMA;[JAPDA66TS] CUADRO JACKET 2.0 DAMA (S, VERDE MILITAR);JAPDA66TS;DAMA;Verde Militar;S;SAMBIL CHACAO;1
2025;DICIEMBRE;CUADRO JACKET 2.0 DAMA;[JAPDA43TL] CUADRO JACKET 2.0 DAMA (L, NEGRO);JAPDA43TL;DAMA;Negro;L;GRIETA;1
2025;DICIEMBRE;CUADRO JACKET 2.0 CAB;[JAPCA162TL] CUADRO JACKET 2.0 CAB (L, AZUL POLO);JAPCA162TL;CAB;Azul Polo;L;GRIETA;1
2025;DICIEMBRE;CUADRO JACKET 2.0 DAMA;[JAPDA01TXS] CUADRO JACKET 2.0 DAMA (XS, AGUAMARINA);JAPDA01TXS;DAMA;Aguamarina;XS;GRIETA;1
2025;DICIEMBRE;CUADRO JACKET 2.0 DAMA;[JAPDA01TM] CUADRO JACKET 2.0 DAMA (M, AGUAMARINA);JAPDA01TM;DAMA;Aguamarina;M;GRIETA;1
2025;DICIEMBRE;CUADRO JACKET 2.0 DAMA;[JAPDA01TS] CUADRO JACKET 2.0 DAMA (S, AGUAMARINA);JAPDA01TS;DAMA;Aguamarina;S;GRIETA;1
2025;DICIEMBRE;CUADRO JACKET 2.0 CAB;[JAPCA162TL] CUADRO JACKET 2.0 CAB (L, AZUL POLO);JAPCA162TL;CAB;Azul Polo;L;GRIETA;1
2025;DICIEMBRE;CUADRO JACKET 2.0 CAB;[JAPCA162TM] CUADRO JACKET 2.0 CAB (M, AZUL POLO);JAPCA162TM;CAB;Azul Polo;M;GRIETA;1
2025;DICIEMBRE;CUADRO JACKET 2.0 DAMA;[JAPDA16TXL] CUADRO JACKET 2.0 DAMA (XL, BLANCO);JAPDA16TXL;DAMA;Blanco;XL;SAMBIL CHACAO;1
2025;DICIEMBRE;CUADRO JACKET 2.0 DAMA;[JAPDA43TS] CUADRO JACKET 2.0 DAMA (S, NEGRO);JAPDA43TS;DAMA;Negro;S;CERRO VERDE;1
2025;DICIEMBRE;CUADRO JACKET 2.0 CAB;[JAPCA66TL] CUADRO JACKET 2.0 CAB (L, VERDE MILITAR);JAPCA66TL;CAB;Verde Militar;L;CERRO VERDE;1
2025;DICIEMBRE;CUADRO JACKET 2.0 DAMA;[JAPDA162TL] CUADRO JACKET 2.0 DAMA (L, AZUL POLO);JAPDA162TL;DAMA;Azul Polo;L;CERRO VERDE;1
2025;DICIEMBRE;CUADRO JACKET 2.0 CAB;[JAPCA43TL] CUADRO JACKET 2.0 CAB (L, NEGRO);JAPCA43TL;CAB;Negro;L;CERRO VERDE;1
2025;DICIEMBRE;CUADRO JACKET 2.0 DAMA;[JAPDA35TS] CUADRO JACKET 2.0 DAMA (S, MAGENTA);JAPDA35TS;DAMA;Magenta;S;GRIETA;1
2025;DICIEMBRE;CUADRO JACKET 2.0 DAMA;[JAPDA16TS] CUADRO JACKET 2.0 DAMA (S, BLANCO);JAPDA16TS;DAMA;Blanco;S;SAMBIL VALENCIA;1
2025;DICIEMBRE;CUADRO JACKET 2.0 CAB;[JAPCA16TM] CUADRO JACKET 2.0 CAB (M, BLANCO);JAPCA16TM;CAB;Blanco;M;GRIETA;1
2025;DICIEMBRE;CUADRO JACKET 2.0 CAB;[JAPCA162T2XL] CUADRO JACKET 2.0 CAB (2XL, AZUL POLO);JAPCA162T2XL;CAB;Azul Polo;2XL;GRIETA;1
2025;DICIEMBRE;CUADRO JACKET 2.0 DAMA;[JAPDA162TL] CUADRO JACKET 2.0 DAMA (L, AZUL POLO);JAPDA162TL;DAMA;Azul Polo;L;GRIETA;1
2025;DICIEMBRE;CUADRO JACKET 2.0 DAMA;[JAPDA162TM] CUADRO JACKET 2.0 DAMA (M, AZUL POLO);JAPDA162TM;DAMA;Azul Polo;M;GRIETA;1
2025;DICIEMBRE;CUADRO JACKET 2.0 DAMA;[JAPDA35TXS] CUADRO JACKET 2.0 DAMA (XS, MAGENTA);JAPDA35TXS;DAMA;Magenta;XS;SAMBIL CHACAO;1
2025;DICIEMBRE;CUADRO JACKET 2.0 KIDS;[JAPKI35T10] CUADRO JACKET 2.0 KIDS (10, MAGENTA);JAPKI35T10;KIDS;Magenta;10;SAMBIL CHACAO;1
2025;DICIEMBRE;CUADRO JACKET 2.0 CAB;[JAPCA16TXL] CUADRO JACKET 2.0 CAB (XL, BLANCO);JAPCA16TXL;CAB;Blanco;XL;GRIETA;1
2025;DICIEMBRE;CUADRO JACKET 2.0 CAB;[JAPCA43TL] CUADRO JACKET 2.0 CAB (L, NEGRO);JAPCA43TL;CAB;Negro;L;GRIETA;1
2025;DICIEMBRE;CUADRO JACKET 2.0 CAB;[JAPCA16TXL] CUADRO JACKET 2.0 CAB (XL, BLANCO);JAPCA16TXL;CAB;Blanco;XL;GRIETA;1
2025;DICIEMBRE;CUADRO JACKET 2.0 DAMA;[JAPDA16TS] CUADRO JACKET 2.0 DAMA (S, BLANCO);JAPDA16TS;DAMA;Blanco;S;GRIETA;1
2025;DICIEMBRE;CUADRO JACKET 2.0 DAMA;[JAPDA35TM] CUADRO JACKET 2.0 DAMA (M, MAGENTA);JAPDA35TM;DAMA;Magenta;M;GRIETA;1
2025;DICIEMBRE;CUADRO JACKET 2.0 DAMA;[JAPDA16TM] CUADRO JACKET 2.0 DAMA (M, BLANCO);JAPDA16TM;DAMA;Blanco;M;SAMBIL VALENCIA;2
2025;DICIEMBRE;CUADRO JACKET 2.0 DAMA;[JAPDA162TM] CUADRO JACKET 2.0 DAMA (M, AZUL POLO);JAPDA162TM;DAMA;Azul Polo;M;CERRO VERDE;1
2025;DICIEMBRE;CUADRO JACKET 2.0 CAB;[JAPCA162TM] CUADRO JACKET 2.0 CAB (M, AZUL POLO);JAPCA162TM;CAB;Azul Polo;M;SAMBIL VALENCIA;1
2025;DICIEMBRE;CUADRO JACKET 2.0 CAB;[JAPCA162TS] CUADRO JACKET 2.0 CAB (S, AZUL POLO);JAPCA162TS;CAB;Azul Polo;S;SAMBIL VALENCIA;1
2025;DICIEMBRE;CUADRO JACKET 2.0 DAMA;[JAPDA01TXS] CUADRO JACKET 2.0 DAMA (XS, AGUAMARINA);JAPDA01TXS;DAMA;Aguamarina;XS;SAMBIL CHACAO;1
2025;DICIEMBRE;CUADRO JACKET 2.0 CAB;[JAPCA66TM] CUADRO JACKET 2.0 CAB (M, VERDE MILITAR);JAPCA66TM;CAB;Verde Militar;M;SAMBIL CHACAO;1
2025;DICIEMBRE;CUADRO JACKET 2.0 KIDS;[JAPKI43T12] CUADRO JACKET 2.0 KIDS (12, NEGRO);JAPKI43T12;KIDS;Negro;12;CERRO VERDE;2
2025;DICIEMBRE;CUADRO JACKET 2.0 DAMA;[JAPDA43TS] CUADRO JACKET 2.0 DAMA (S, NEGRO);JAPDA43TS;DAMA;Negro;S;SAMBIL VALENCIA;1
2025;DICIEMBRE;CUADRO JACKET 2.0 DAMA;[JAPDA43TM] CUADRO JACKET 2.0 DAMA (M, NEGRO);JAPDA43TM;DAMA;Negro;M;SAMBIL CHACAO;2
2025;DICIEMBRE;CUADRO JACKET 2.0 CAB;[JAPCA43TM] CUADRO JACKET 2.0 CAB (M, NEGRO);JAPCA43TM;CAB;Negro;M;CERRO VERDE;1
2025;DICIEMBRE;CUADRO JACKET 2.0 DAMA;[JAPDA35TS] CUADRO JACKET 2.0 DAMA (S, MAGENTA);JAPDA35TS;DAMA;Magenta;S;SAMBIL VALENCIA;1
2025;DICIEMBRE;CUADRO JACKET 2.0 DAMA;[JAPDA01TM] CUADRO JACKET 2.0 DAMA (M, AGUAMARINA);JAPDA01TM;DAMA;Aguamarina;M;SAMBIL VALENCIA;1
2025;DICIEMBRE;CUADRO JACKET 2.0 CAB;[JAPCA43TM] CUADRO JACKET 2.0 CAB (M, NEGRO);JAPCA43TM;CAB;Negro;M;SAMBIL VALENCIA;1
2025;DICIEMBRE;CUADRO JACKET 2.0 CAB;[JAPCA162TM] CUADRO JACKET 2.0 CAB (M, AZUL POLO);JAPCA162TM;CAB;Azul Polo;M;SAMBIL CHACAO;1
2025;DICIEMBRE;CUADRO JACKET 2.0 CAB;[JAPCA66TS] CUADRO JACKET 2.0 CAB (S, VERDE MILITAR);JAPCA66TS;CAB;Verde Militar;S;GRIETA;1
2025;DICIEMBRE;CUADRO JACKET 2.0 CAB;[JAPCA162TM] CUADRO JACKET 2.0 CAB (M, AZUL POLO);JAPCA162TM;CAB;Azul Polo;M;SAMBIL CHACAO;1
2025;DICIEMBRE;CUADRO JACKET 2.0 DAMA;[JAPDA01TM] CUADRO JACKET 2.0 DAMA (M, AGUAMARINA);JAPDA01TM;DAMA;Aguamarina;M;GRIETA;1
2025;DICIEMBRE;CUADRO JACKET 2.0 CAB;[JAPCA66T2XL] CUADRO JACKET 2.0 CAB (2XL, VERDE MILITAR);JAPCA66T2XL;CAB;Verde Militar;2XL;SAMBIL CHACAO;1
2025;DICIEMBRE;CUADRO JACKET 2.0 CAB;[JAPCA01TXL] CUADRO JACKET 2.0 CAB (XL, AGUAMARINA);JAPCA01TXL;CAB;Aguamarina;XL;CERRO VERDE;1
2025;DICIEMBRE;CUADRO JACKET 2.0 KIDS;[JAPKI01T10] CUADRO JACKET 2.0 KIDS (10, AGUAMARINA);JAPKI01T10;KIDS;Aguamarina;10;GRIETA;1
2025;DICIEMBRE;CUADRO JACKET 2.0 CAB;[JAPCA16TL] CUADRO JACKET 2.0 CAB (L, BLANCO);JAPCA16TL;CAB;Blanco;L;SAMBIL CHACAO;1
2025;DICIEMBRE;CUADRO JACKET 2.0 CAB;[JAPCA16TM] CUADRO JACKET 2.0 CAB (M, BLANCO);JAPCA16TM;CAB;Blanco;M;SAMBIL CHACAO;1
2025;DICIEMBRE;CUADRO JACKET 2.0 KIDS;[JAPKI43T4] CUADRO JACKET 2.0 KIDS (4, NEGRO);JAPKI43T4;KIDS;Negro;4;GRIETA;1
2025;DICIEMBRE;CUADRO JACKET 2.0 DAMA;[JAPDA43TXS] CUADRO JACKET 2.0 DAMA (XS, NEGRO);JAPDA43TXS;DAMA;Negro;XS;GRIETA;1
2025;DICIEMBRE;CUADRO JACKET 2.0 CAB;[JAPCA43TXL] CUADRO JACKET 2.0 CAB (XL, NEGRO);JAPCA43TXL;CAB;Negro;XL;GRIETA;1
2025;DICIEMBRE;CUADRO JACKET 2.0 KIDS;[JAPKI162T10] CUADRO JACKET 2.0 KIDS (10, AZUL POLO);JAPKI162T10;KIDS;Azul Polo;10;GRIETA;1
2025;DICIEMBRE;CUADRO JACKET 2.0 KIDS;[JAPKI162T6] CUADRO JACKET 2.0 KIDS (6, AZUL POLO);JAPKI162T6;KIDS;Azul Polo;6;GRIETA;1
2025;DICIEMBRE;CUADRO JACKET 2.0 CAB;[JAPCA66TL] CUADRO JACKET 2.0 CAB (L, VERDE MILITAR);JAPCA66TL;CAB;Verde Militar;L;SAMBIL CHACAO;1
2025;DICIEMBRE;CUADRO JACKET 2.0 DAMA;[JAPDA16TXS] CUADRO JACKET 2.0 DAMA (XS, BLANCO);JAPDA16TXS;DAMA;Blanco;XS;CERRO VERDE;1
2025;DICIEMBRE;CUADRO JACKET 2.0 CAB;[JAPCA66TL] CUADRO JACKET 2.0 CAB (L, VERDE MILITAR);JAPCA66TL;CAB;Verde Militar;L;GRIETA;1
2025;DICIEMBRE;CUADRO JACKET 2.0 DAMA;[JAPDA16TXL] CUADRO JACKET 2.0 DAMA (XL, BLANCO);JAPDA16TXL;DAMA;Blanco;XL;GRIETA;1
2025;DICIEMBRE;CUADRO JACKET 2.0 CAB;[JAPCA43TL] CUADRO JACKET 2.0 CAB (L, NEGRO);JAPCA43TL;CAB;Negro;L;GRIETA;1
2025;DICIEMBRE;CUADRO JACKET 2.0 DAMA;[JAPDA16TXS] CUADRO JACKET 2.0 DAMA (XS, BLANCO);JAPDA16TXS;DAMA;Blanco;XS;CERRO VERDE;1
2025;DICIEMBRE;CUADRO JACKET 2.0 CAB;[JAPCA43TM] CUADRO JACKET 2.0 CAB (M, NEGRO);JAPCA43TM;CAB;Negro;M;CERRO VERDE;1
2025;DICIEMBRE;CUADRO JACKET 2.0 CAB;[JAPCA162TXL] CUADRO JACKET 2.0 CAB (XL, AZUL POLO);JAPCA162TXL;CAB;Azul Polo;XL;SAMBIL VALENCIA;1
2025;DICIEMBRE;CUADRO JACKET 2.0 CAB;[JAPCA66TS] CUADRO JACKET 2.0 CAB (S, VERDE MILITAR);JAPCA66TS;CAB;Verde Militar;S;GRIETA;-1
2025;DICIEMBRE;CUADRO JACKET 2.0 DAMA;[JAPDA35TM] CUADRO JACKET 2.0 DAMA (M, MAGENTA);JAPDA35TM;DAMA;Magenta;M;SAMBIL VALENCIA;1
2025;DICIEMBRE;CUADRO JACKET 2.0 CAB;[JAPCA66TM] CUADRO JACKET 2.0 CAB (M, VERDE MILITAR);JAPCA66TM;CAB;Verde Militar;M;GRIETA;1
2025;DICIEMBRE;CUADRO JACKET 2.0 DAMA;[JAPDA16TS] CUADRO JACKET 2.0 DAMA (S, BLANCO);JAPDA16TS;DAMA;Blanco;S;SAMBIL CHACAO;1
2025;DICIEMBRE;CUADRO JACKET 2.0 DAMA;[JAPDA01TM] CUADRO JACKET 2.0 DAMA (M, AGUAMARINA);JAPDA01TM;DAMA;Aguamarina;M;SAMBIL CHACAO;1
2025;DICIEMBRE;CUADRO JACKET 2.0 KIDS;[JAPKI01T8] CUADRO JACKET 2.0 KIDS (8, AGUAMARINA);JAPKI01T8;KIDS;Aguamarina;8;SAMBIL CHACAO;1
2025;DICIEMBRE;CUADRO JACKET 2.0 CAB;[JAPCA01TL] CUADRO JACKET 2.0 CAB (L, AGUAMARINA);JAPCA01TL;CAB;Aguamarina;L;SAMBIL CHACAO;1
2025;DICIEMBRE;CUADRO JACKET 2.0 CAB;[JAPCA43TXL] CUADRO JACKET 2.0 CAB (XL, NEGRO);JAPCA43TXL;CAB;Negro;XL;CERRO VERDE;1
2025;DICIEMBRE;CUADRO JACKET 2.0 CAB;[JAPCA43TL] CUADRO JACKET 2.0 CAB (L, NEGRO);JAPCA43TL;CAB;Negro;L;SAMBIL CHACAO;1
2025;DICIEMBRE;CUADRO JACKET 2.0 DAMA;[JAPDA16TS] CUADRO JACKET 2.0 DAMA (S, BLANCO);JAPDA16TS;DAMA;Blanco;S;GRIETA;1
2025;DICIEMBRE;CUADRO JACKET 2.0 CAB;[JAPCA43TM] CUADRO JACKET 2.0 CAB (M, NEGRO);JAPCA43TM;CAB;Negro;M;GRIETA;1
2025;DICIEMBRE;CUADRO JACKET 2.0 DAMA;[JAPDA162TM] CUADRO JACKET 2.0 DAMA (M, AZUL POLO);JAPDA162TM;DAMA;Azul Polo;M;SAMBIL CHACAO;1
2025;DICIEMBRE;CUADRO JACKET 2.0 CAB;[JAPCA162TXL] CUADRO JACKET 2.0 CAB (XL, AZUL POLO);JAPCA162TXL;CAB;Azul Polo;XL;SAMBIL CHACAO;1
2025;DICIEMBRE;CUADRO JACKET 2.0 KIDS;[JAPKI162T4] CUADRO JACKET 2.0 KIDS (4, AZUL POLO);JAPKI162T4;KIDS;Azul Polo;4;SAMBIL CHACAO;1
2025;DICIEMBRE;CUADRO JACKET 2.0 CAB;[JAPCA16TL] CUADRO JACKET 2.0 CAB (L, BLANCO);JAPCA16TL;CAB;Blanco;L;GRIETA;1
2025;DICIEMBRE;CUADRO JACKET 2.0 DAMA;[JAPDA66TM] CUADRO JACKET 2.0 DAMA (M, VERDE MILITAR);JAPDA66TM;DAMA;Verde Militar;M;CERRO VERDE;1
2025;DICIEMBRE;CUADRO JACKET 2.0 CAB;[JAPCA162TM] CUADRO JACKET 2.0 CAB (M, AZUL POLO);JAPCA162TM;CAB;Azul Polo;M;CERRO VERDE;1
2025;DICIEMBRE;CUADRO JACKET 2.0 CAB;[JAPCA16TS] CUADRO JACKET 2.0 CAB (S, BLANCO);JAPCA16TS;CAB;Blanco;S;SAMBIL VALENCIA;1
2025;DICIEMBRE;CUADRO JACKET 2.0 CAB;[JAPCA43T2XL] CUADRO JACKET 2.0 CAB (2XL, NEGRO);JAPCA43T2XL;CAB;Negro;2XL;CERRO VERDE;1
2025;DICIEMBRE;CUADRO JACKET 2.0 CAB;[JAPCA162T2XL] CUADRO JACKET 2.0 CAB (2XL, AZUL POLO);JAPCA162T2XL;CAB;Azul Polo;2XL;CERRO VERDE;1
2025;DICIEMBRE;CUADRO JACKET 2.0 CAB;[JAPCA16T2XL] CUADRO JACKET 2.0 CAB (2XL, BLANCO);JAPCA16T2XL;CAB;Blanco;2XL;CERRO VERDE;1
2025;DICIEMBRE;CUADRO JACKET 2.0 CAB;[JAPCA66T2XL] CUADRO JACKET 2.0 CAB (2XL, VERDE MILITAR);JAPCA66T2XL;CAB;Verde Militar;2XL;CERRO VERDE;1
2025;DICIEMBRE;CUADRO JACKET 2.0 DAMA;[JAPDA01TS] CUADRO JACKET 2.0 DAMA (S, AGUAMARINA);JAPDA01TS;DAMA;Aguamarina;S;CERRO VERDE;1
2025;DICIEMBRE;CUADRO JACKET 2.0 CAB;[JAPCA66TL] CUADRO JACKET 2.0 CAB (L, VERDE MILITAR);JAPCA66TL;CAB;Verde Militar;L;SAMBIL CHACAO;1
2025;DICIEMBRE;CUADRO JACKET 2.0 CAB;[JAPCA66TXL] CUADRO JACKET 2.0 CAB (XL, VERDE MILITAR);JAPCA66TXL;CAB;Verde Militar;XL;GRIETA;1
2025;DICIEMBRE;CUADRO JACKET 2.0 DAMA;[JAPDA16TS] CUADRO JACKET 2.0 DAMA (S, BLANCO);JAPDA16TS;DAMA;Blanco;S;GRIETA;1
2025;DICIEMBRE;CUADRO JACKET 2.0 DAMA;[JAPDA16TXS] CUADRO JACKET 2.0 DAMA (XS, BLANCO);JAPDA16TXS;DAMA;Blanco;XS;CERRO VERDE;1
2025;DICIEMBRE;CUADRO JACKET 2.0 DAMA;[JAPDA16TXS] CUADRO JACKET 2.0 DAMA (XS, BLANCO);JAPDA16TXS;DAMA;Blanco;XS;CERRO VERDE;1
2025;DICIEMBRE;CUADRO JACKET 2.0 DAMA;[JAPDA16TS] CUADRO JACKET 2.0 DAMA (S, BLANCO);JAPDA16TS;DAMA;Blanco;S;CERRO VERDE;1
2025;DICIEMBRE;CUADRO JACKET 2.0 CAB;[JAPCA66TM] CUADRO JACKET 2.0 CAB (M, VERDE MILITAR);JAPCA66TM;CAB;Verde Militar;M;SAMBIL CHACAO;1
2025;DICIEMBRE;CUADRO JACKET 2.0 CAB;[JAPCA43TXL] CUADRO JACKET 2.0 CAB (XL, NEGRO);JAPCA43TXL;CAB;Negro;XL;CERRO VERDE;1
2025;DICIEMBRE;CUADRO JACKET 2.0 CAB;[JAPCA16TL] CUADRO JACKET 2.0 CAB (L, BLANCO);JAPCA16TL;CAB;Blanco;L;CERRO VERDE;1
2025;DICIEMBRE;CUADRO JACKET 2.0 CAB;[JAPCA162TM] CUADRO JACKET 2.0 CAB (M, AZUL POLO);JAPCA162TM;CAB;Azul Polo;M;CERRO VERDE;1
2025;DICIEMBRE;CUADRO JACKET 2.0 CAB;[JAPCA66TM] CUADRO JACKET 2.0 CAB (M, VERDE MILITAR);JAPCA66TM;CAB;Verde Militar;M;CERRO VERDE;1
2025;DICIEMBRE;CUADRO JACKET 2.0 CAB;[JAPCA43TL] CUADRO JACKET 2.0 CAB (L, NEGRO);JAPCA43TL;CAB;Negro;L;CERRO VERDE;1
2025;DICIEMBRE;CUADRO JACKET 2.0 DAMA;[JAPDA43TXS] CUADRO JACKET 2.0 DAMA (XS, NEGRO);JAPDA43TXS;DAMA;Negro;XS;SAMBIL VALENCIA;1
2025;DICIEMBRE;CUADRO JACKET 2.0 DAMA;[JAPDA35TS] CUADRO JACKET 2.0 DAMA (S, MAGENTA);JAPDA35TS;DAMA;Magenta;S;CERRO VERDE;1
2025;DICIEMBRE;CUADRO JACKET 2.0 DAMA;[JAPDA16TS] CUADRO JACKET 2.0 DAMA (S, BLANCO);JAPDA16TS;DAMA;Blanco;S;CERRO VERDE;1
2025;DICIEMBRE;CUADRO JACKET 2.0 CAB;[JAPCA162TXL] CUADRO JACKET 2.0 CAB (XL, AZUL POLO);JAPCA162TXL;CAB;Azul Polo;XL;SAMBIL VALENCIA;1
2025;DICIEMBRE;CUADRO JACKET 2.0 DAMA;[JAPDA16TL] CUADRO JACKET 2.0 DAMA (L, BLANCO);JAPDA16TL;DAMA;Blanco;L;CERRO VERDE;1
2025;DICIEMBRE;CUADRO JACKET 2.0 DAMA;[JAPDA16TM] CUADRO JACKET 2.0 DAMA (M, BLANCO);JAPDA16TM;DAMA;Blanco;M;GRIETA;1
2025;DICIEMBRE;CUADRO JACKET 2.0 DAMA;[JAPDA162TS] CUADRO JACKET 2.0 DAMA (S, AZUL POLO);JAPDA162TS;DAMA;Azul Polo;S;CERRO VERDE;1
2025;DICIEMBRE;CUADRO JACKET 2.0 CAB;[JAPCA43TXL] CUADRO JACKET 2.0 CAB (XL, NEGRO);JAPCA43TXL;CAB;Negro;XL;SAMBIL VALENCIA;1
2025;DICIEMBRE;CUADRO JACKET 2.0 CAB;[JAPCA43TL] CUADRO JACKET 2.0 CAB (L, NEGRO);JAPCA43TL;CAB;Negro;L;CERRO VERDE;1
2025;DICIEMBRE;CUADRO JACKET 2.0 DAMA;[JAPDA43TS] CUADRO JACKET 2.0 DAMA (S, NEGRO);JAPDA43TS;DAMA;Negro;S;CERRO VERDE;1
2025;DICIEMBRE;CUADRO JACKET 2.0 CAB;[JAPCA162TL] CUADRO JACKET 2.0 CAB (L, AZUL POLO);JAPCA162TL;CAB;Azul Polo;L;SAMBIL CHACAO;1
2025;DICIEMBRE;CUADRO JACKET 2.0 CAB;[JAPCA43TL] CUADRO JACKET 2.0 CAB (L, NEGRO);JAPCA43TL;CAB;Negro;L;GRIETA;1
2025;DICIEMBRE;CUADRO JACKET 2.0 CAB;[JAPCA16TXL] CUADRO JACKET 2.0 CAB (XL, BLANCO);JAPCA16TXL;CAB;Blanco;XL;SAMBIL VALENCIA;1
2025;DICIEMBRE;CUADRO JACKET 2.0 CAB;[JAPCA43TXL] CUADRO JACKET 2.0 CAB (XL, NEGRO);JAPCA43TXL;CAB;Negro;XL;CERRO VERDE;-1
2025;DICIEMBRE;CUADRO JACKET 2.0 CAB;[JAPCA43TXL] CUADRO JACKET 2.0 CAB (XL, NEGRO);JAPCA43TXL;CAB;Negro;XL;CERRO VERDE;1
2025;DICIEMBRE;CUADRO JACKET 2.0 CAB;[JAPCA43TL] CUADRO JACKET 2.0 CAB (L, NEGRO);JAPCA43TL;CAB;Negro;L;CERRO VERDE;-1
2025;DICIEMBRE;CUADRO JACKET 2.0 KIDS;[JAPKI01T12] CUADRO JACKET 2.0 KIDS (12, AGUAMARINA);JAPKI01T12;KIDS;Aguamarina;12;GRIETA;1
2025;DICIEMBRE;CUADRO JACKET 2.0 KIDS;[JAPKI35T12] CUADRO JACKET 2.0 KIDS (12, MAGENTA);JAPKI35T12;KIDS;Magenta;12;SAMBIL CHACAO;1
2025;DICIEMBRE;CUADRO JACKET 2.0 KIDS;[JAPKI162T10] CUADRO JACKET 2.0 KIDS (10, AZUL POLO);JAPKI162T10;KIDS;Azul Polo;10;CERRO VERDE;1
2025;DICIEMBRE;CUADRO JACKET 2.0 DAMA;[JAPDA16TXS] CUADRO JACKET 2.0 DAMA (XS, BLANCO);JAPDA16TXS;DAMA;Blanco;XS;CERRO VERDE;1
2025;DICIEMBRE;CUADRO JACKET 2.0 DAMA;[JAPDA162TM] CUADRO JACKET 2.0 DAMA (M, AZUL POLO);JAPDA162TM;DAMA;Azul Polo;M;CERRO VERDE;1
2025;DICIEMBRE;CUADRO JACKET 2.0 CAB;[JAPCA162TXL] CUADRO JACKET 2.0 CAB (XL, AZUL POLO);JAPCA162TXL;CAB;Azul Polo;XL;CERRO VERDE;1
2025;DICIEMBRE;CUADRO JACKET 2.0 CAB;[JAPCA43TM] CUADRO JACKET 2.0 CAB (M, NEGRO);JAPCA43TM;CAB;Negro;M;CERRO VERDE;1
2025;DICIEMBRE;CUADRO JACKET 2.0 DAMA;[JAPDA162TXS] CUADRO JACKET 2.0 DAMA (XS, AZUL POLO);JAPDA162TXS;DAMA;Azul Polo;XS;CERRO VERDE;1
2025;DICIEMBRE;CUADRO JACKET 2.0 DAMA;[JAPDA43TXS] CUADRO JACKET 2.0 DAMA (XS, NEGRO);JAPDA43TXS;DAMA;Negro;XS;SAMBIL CHACAO;1
2025;DICIEMBRE;CUADRO JACKET 2.0 DAMA;[JAPDA16TM] CUADRO JACKET 2.0 DAMA (M, BLANCO);JAPDA16TM;DAMA;Blanco;M;SAMBIL VALENCIA;1
2025;DICIEMBRE;CUADRO JACKET 2.0 CAB;[JAPCA43TL] CUADRO JACKET 2.0 CAB (L, NEGRO);JAPCA43TL;CAB;Negro;L;SAMBIL CHACAO;1
2025;DICIEMBRE;CUADRO JACKET 2.0 DAMA;[JAPDA35TM] CUADRO JACKET 2.0 DAMA (M, MAGENTA);JAPDA35TM;DAMA;Magenta;M;SAMBIL VALENCIA;1
2025;DICIEMBRE;CUADRO JACKET 2.0 DAMA;[JAPDA66TM] CUADRO JACKET 2.0 DAMA (M, VERDE MILITAR);JAPDA66TM;DAMA;Verde Militar;M;SAMBIL CHACAO;1
2025;DICIEMBRE;CUADRO JACKET 2.0 CAB;[JAPCA16TL] CUADRO JACKET 2.0 CAB (L, BLANCO);JAPCA16TL;CAB;Blanco;L;GRIETA;1
2025;DICIEMBRE;CUADRO JACKET 2.0 CAB;[JAPCA66TL] CUADRO JACKET 2.0 CAB (L, VERDE MILITAR);JAPCA66TL;CAB;Verde Militar;L;SAMBIL CHACAO;1
2025;DICIEMBRE;CUADRO JACKET 2.0 DAMA;[JAPDA01TS] CUADRO JACKET 2.0 DAMA (S, AGUAMARINA);JAPDA01TS;DAMA;Aguamarina;S;CERRO VERDE;1
2025;DICIEMBRE;CUADRO JACKET 2.0 CAB;[JAPCA162TXL] CUADRO JACKET 2.0 CAB (XL, AZUL POLO);JAPCA162TXL;CAB;Azul Polo;XL;SAMBIL CHACAO;1
2025;DICIEMBRE;CUADRO JACKET 2.0 CAB;[JAPCA66T2XL] CUADRO JACKET 2.0 CAB (2XL, VERDE MILITAR);JAPCA66T2XL;CAB;Verde Militar;2XL;SAMBIL CHACAO;1
2025;DICIEMBRE;CUADRO JACKET 2.0 CAB;[JAPCA162T2XL] CUADRO JACKET 2.0 CAB (2XL, AZUL POLO);JAPCA162T2XL;CAB;Azul Polo;2XL;SAMBIL CHACAO;1
2025;DICIEMBRE;CUADRO JACKET 2.0 DAMA;[JAPDA16TL] CUADRO JACKET 2.0 DAMA (L, BLANCO);JAPDA16TL;DAMA;Blanco;L;SAMBIL CHACAO;1
2025;DICIEMBRE;CUADRO JACKET 2.0 CAB;[JAPCA16TXL] CUADRO JACKET 2.0 CAB (XL, BLANCO);JAPCA16TXL;CAB;Blanco;XL;SAMBIL CHACAO;1
2025;DICIEMBRE;CUADRO JACKET 2.0 DAMA;[JAPDA43TXS] CUADRO JACKET 2.0 DAMA (XS, NEGRO);JAPDA43TXS;DAMA;Negro;XS;SAMBIL CHACAO;1
2025;DICIEMBRE;CUADRO JACKET 2.0 CAB;[JAPCA43TM] CUADRO JACKET 2.0 CAB (M, NEGRO);JAPCA43TM;CAB;Negro;M;SAMBIL VALENCIA;1
2025;DICIEMBRE;CUADRO JACKET 2.0 DAMA;[JAPDA16TXS] CUADRO JACKET 2.0 DAMA (XS, BLANCO);JAPDA16TXS;DAMA;Blanco;XS;SAMBIL CHACAO;1
2025;DICIEMBRE;CUADRO JACKET 2.0 CAB;[JAPCA162TS] CUADRO JACKET 2.0 CAB (S, AZUL POLO);JAPCA162TS;CAB;Azul Polo;S;SAMBIL CHACAO;1
2025;DICIEMBRE;CUADRO JACKET 2.0 CAB;[JAPCA162TS] CUADRO JACKET 2.0 CAB (S, AZUL POLO);JAPCA162TS;CAB;Azul Polo;S;SAMBIL CHACAO;3
2025;DICIEMBRE;CUADRO JACKET 2.0 CAB;[JAPCA162TM] CUADRO JACKET 2.0 CAB (M, AZUL POLO);JAPCA162TM;CAB;Azul Polo;M;SAMBIL CHACAO;3
2025;DICIEMBRE;CUADRO JACKET 2.0 CAB;[JAPCA162TXL] CUADRO JACKET 2.0 CAB (XL, AZUL POLO);JAPCA162TXL;CAB;Azul Polo;XL;SAMBIL CHACAO;1
2025;DICIEMBRE;CUADRO JACKET 2.0 DAMA;[JAPDA162TS] CUADRO JACKET 2.0 DAMA (S, AZUL POLO);JAPDA162TS;DAMA;Azul Polo;S;SAMBIL CHACAO;2
2025;DICIEMBRE;CUADRO JACKET 2.0 DAMA;[JAPDA162TXS] CUADRO JACKET 2.0 DAMA (XS, AZUL POLO);JAPDA162TXS;DAMA;Azul Polo;XS;SAMBIL CHACAO;1
2025;DICIEMBRE;CUADRO JACKET 2.0 CAB;[JAPCA43TXL] CUADRO JACKET 2.0 CAB (XL, NEGRO);JAPCA43TXL;CAB;Negro;XL;CERRO VERDE;1
2025;DICIEMBRE;CUADRO JACKET 2.0 CAB;[JAPCA43T2XL] CUADRO JACKET 2.0 CAB (2XL, NEGRO);JAPCA43T2XL;CAB;Negro;2XL;SAMBIL VALENCIA;1
2025;DICIEMBRE;CUADRO JACKET 2.0 DAMA;[JAPDA162TS] CUADRO JACKET 2.0 DAMA (S, AZUL POLO);JAPDA162TS;DAMA;Azul Polo;S;SAMBIL VALENCIA;1
2025;DICIEMBRE;CUADRO JACKET 2.0 CAB;[JAPCA162TL] CUADRO JACKET 2.0 CAB (L, AZUL POLO);JAPCA162TL;CAB;Azul Polo;L;SAMBIL CHACAO;1
2025;DICIEMBRE;CUADRO JACKET 2.0 DAMA;[JAPDA16TS] CUADRO JACKET 2.0 DAMA (S, BLANCO);JAPDA16TS;DAMA;Blanco;S;SAMBIL VALENCIA;1
2025;DICIEMBRE;CUADRO JACKET 2.0 DAMA;[JAPDA162TS] CUADRO JACKET 2.0 DAMA (S, AZUL POLO);JAPDA162TS;DAMA;Azul Polo;S;GRIETA;1
2025;DICIEMBRE;CUADRO JACKET 2.0 CAB;[JAPCA43TL] CUADRO JACKET 2.0 CAB (L, NEGRO);JAPCA43TL;CAB;Negro;L;CERRO VERDE;-1
2025;DICIEMBRE;CUADRO JACKET 2.0 CAB;[JAPCA43TM] CUADRO JACKET 2.0 CAB (M, NEGRO);JAPCA43TM;CAB;Negro;M;CERRO VERDE;1
2025;DICIEMBRE;CUADRO JACKET 2.0 CAB;[JAPCA01TS] CUADRO JACKET 2.0 CAB (S, AGUAMARINA);JAPCA01TS;CAB;Aguamarina;S;CERRO VERDE;1
2025;DICIEMBRE;CUADRO JACKET 2.0 DAMA;[JAPDA43TL] CUADRO JACKET 2.0 DAMA (L, NEGRO);JAPDA43TL;DAMA;Negro;L;SAMBIL VALENCIA;1
2025;DICIEMBRE;CUADRO JACKET 2.0 CAB;[JAPCA162TL] CUADRO JACKET 2.0 CAB (L, AZUL POLO);JAPCA162TL;CAB;Azul Polo;L;CERRO VERDE;1
2025;DICIEMBRE;CUADRO JACKET 2.0 DAMA;[JAPDA01TL] CUADRO JACKET 2.0 DAMA (L, AGUAMARINA);JAPDA01TL;DAMA;Aguamarina;L;CERRO VERDE;1
2025;DICIEMBRE;CUADRO JACKET 2.0 DAMA;[JAPDA43TXS] CUADRO JACKET 2.0 DAMA (XS, NEGRO);JAPDA43TXS;DAMA;Negro;XS;SAMBIL VALENCIA;1
2025;DICIEMBRE;CUADRO JACKET 2.0 DAMA;[JAPDA35TM] CUADRO JACKET 2.0 DAMA (M, MAGENTA);JAPDA35TM;DAMA;Magenta;M;GRIETA;1
2025;DICIEMBRE;CUADRO JACKET 2.0 CAB;[JAPCA66TL] CUADRO JACKET 2.0 CAB (L, VERDE MILITAR);JAPCA66TL;CAB;Verde Militar;L;CERRO VERDE;1
2025;DICIEMBRE;CUADRO JACKET 2.0 CAB;[JAPCA43TM] CUADRO JACKET 2.0 CAB (M, NEGRO);JAPCA43TM;CAB;Negro;M;SAMBIL CHACAO;1
2025;DICIEMBRE;CUADRO JACKET 2.0 DAMA;[JAPDA66TM] CUADRO JACKET 2.0 DAMA (M, VERDE MILITAR);JAPDA66TM;DAMA;Verde Militar;M;GRIETA;1
2025;DICIEMBRE;CUADRO JACKET 2.0 DAMA;[JAPDA16TS] CUADRO JACKET 2.0 DAMA (S, BLANCO);JAPDA16TS;DAMA;Blanco;S;GRIETA;1
2025;DICIEMBRE;CUADRO JACKET 2.0 CAB;[JAPCA43TL] CUADRO JACKET 2.0 CAB (L, NEGRO);JAPCA43TL;CAB;Negro;L;GRAND PLAZ;1
2025;DICIEMBRE;CUADRO JACKET 2.0 CAB;[JAPCA43TM] CUADRO JACKET 2.0 CAB (M, NEGRO);JAPCA43TM;CAB;Negro;M;GRAND PLAZ;1
2025;DICIEMBRE;CUADRO JACKET 2.0 KIDS;[JAPKI43T12] CUADRO JACKET 2.0 KIDS (12, NEGRO);JAPKI43T12;KIDS;Negro;12;SAMBIL VALENCIA;1
2025;DICIEMBRE;CUADRO JACKET 2.0 DAMA;[JAPDA01TS] CUADRO JACKET 2.0 DAMA (S, AGUAMARINA);JAPDA01TS;DAMA;Aguamarina;S;SAMBIL CHACAO;1
2025;DICIEMBRE;CUADRO JACKET 2.0 DAMA;[JAPDA162TM] CUADRO JACKET 2.0 DAMA (M, AZUL POLO);JAPDA162TM;DAMA;Azul Polo;M;SAMBIL CHACAO;1
2025;DICIEMBRE;CUADRO JACKET 2.0 KIDS;[JAPKI162T10] CUADRO JACKET 2.0 KIDS (10, AZUL POLO);JAPKI162T10;KIDS;Azul Polo;10;SAMBIL VALENCIA;1
2025;DICIEMBRE;CUADRO JACKET 2.0 CAB;[JAPCA66TM] CUADRO JACKET 2.0 CAB (M, VERDE MILITAR);JAPCA66TM;CAB;Verde Militar;M;SAMBIL CHACAO;1
2025;DICIEMBRE;CUADRO JACKET 2.0 CAB;[JAPCA162TL] CUADRO JACKET 2.0 CAB (L, AZUL POLO);JAPCA162TL;CAB;Azul Polo;L;GRIETA;1
2025;DICIEMBRE;CUADRO JACKET 2.0 CAB;[JAPCA43T2XL] CUADRO JACKET 2.0 CAB (2XL, NEGRO);JAPCA43T2XL;CAB;Negro;2XL;CERRO VERDE;1
2025;DICIEMBRE;CUADRO JACKET 2.0 CAB;[JAPCA43TL] CUADRO JACKET 2.0 CAB (L, NEGRO);JAPCA43TL;CAB;Negro;L;CERRO VERDE;1
2025;DICIEMBRE;CUADRO JACKET 2.0 CAB;[JAPCA162TXL] CUADRO JACKET 2.0 CAB (XL, AZUL POLO);JAPCA162TXL;CAB;Azul Polo;XL;SAMBIL CHACAO;1
2025;DICIEMBRE;CUADRO JACKET 2.0 DAMA;[JAPDA35TS] CUADRO JACKET 2.0 DAMA (S, MAGENTA);JAPDA35TS;DAMA;Magenta;S;SAMBIL VALENCIA;1
2025;DICIEMBRE;CUADRO JACKET 2.0 DAMA;[JAPDA16TS] CUADRO JACKET 2.0 DAMA (S, BLANCO);JAPDA16TS;DAMA;Blanco;S;GRIETA;1
2025;DICIEMBRE;CUADRO JACKET 2.0 DAMA;[JAPDA35TM] CUADRO JACKET 2.0 DAMA (M, MAGENTA);JAPDA35TM;DAMA;Magenta;M;CERRO VERDE;1
2025;DICIEMBRE;CUADRO JACKET 2.0 KIDS;[JAPKI35T8] CUADRO JACKET 2.0 KIDS (8, MAGENTA);JAPKI35T8;KIDS;Magenta;8;CERRO VERDE;1
2025;DICIEMBRE;CUADRO JACKET 2.0 DAMA;[JAPDA43TXL] CUADRO JACKET 2.0 DAMA (XL, NEGRO);JAPDA43TXL;DAMA;Negro;XL;CERRO VERDE;1
2025;DICIEMBRE;CUADRO JACKET 2.0 CAB;[JAPCA16TL] CUADRO JACKET 2.0 CAB (L, BLANCO);JAPCA16TL;CAB;Blanco;L;CERRO VERDE;1
2025;DICIEMBRE;CUADRO JACKET 2.0 CAB;[JAPCA162T2XL] CUADRO JACKET 2.0 CAB (2XL, AZUL POLO);JAPCA162T2XL;CAB;Azul Polo;2XL;SAMBIL VALENCIA;1
2025;DICIEMBRE;CUADRO JACKET 2.0 DAMA;[JAPDA16TS] CUADRO JACKET 2.0 DAMA (S, BLANCO);JAPDA16TS;DAMA;Blanco;S;SAMBIL VALENCIA;1
2025;DICIEMBRE;CUADRO JACKET 2.0 DAMA;[JAPDA01TM] CUADRO JACKET 2.0 DAMA (M, AGUAMARINA);JAPDA01TM;DAMA;Aguamarina;M;GRIETA;1
2025;DICIEMBRE;CUADRO JACKET 2.0 DAMA;[JAPDA162TM] CUADRO JACKET 2.0 DAMA (M, AZUL POLO);JAPDA162TM;DAMA;Azul Polo;M;CERRO VERDE;1
2025;DICIEMBRE;CUADRO JACKET 2.0 DAMA;[JAPDA16TM] CUADRO JACKET 2.0 DAMA (M, BLANCO);JAPDA16TM;DAMA;Blanco;M;SAMBIL CHACAO;1
2025;DICIEMBRE;CUADRO JACKET 2.0 DAMA;[JAPDA01TM] CUADRO JACKET 2.0 DAMA (M, AGUAMARINA);JAPDA01TM;DAMA;Aguamarina;M;GRIETA;-1
2025;DICIEMBRE;CUADRO JACKET 2.0 DAMA;[JAPDA35TL] CUADRO JACKET 2.0 DAMA (L, MAGENTA);JAPDA35TL;DAMA;Magenta;L;GRIETA;1
2025;DICIEMBRE;CUADRO JACKET 2.0 DAMA;[JAPDA16TXL] CUADRO JACKET 2.0 DAMA (XL, BLANCO);JAPDA16TXL;DAMA;Blanco;XL;SAMBIL CHACAO;1
2025;DICIEMBRE;CUADRO JACKET 2.0 DAMA;[JAPDA16TXS] CUADRO JACKET 2.0 DAMA (XS, BLANCO);JAPDA16TXS;DAMA;Blanco;XS;CERRO VERDE;1
2025;DICIEMBRE;CUADRO JACKET 2.0 DAMA;[JAPDA35TL] CUADRO JACKET 2.0 DAMA (L, MAGENTA);JAPDA35TL;DAMA;Magenta;L;SAMBIL VALENCIA;1
2025;DICIEMBRE;CUADRO JACKET 2.0 CAB;[JAPCA66TXL] CUADRO JACKET 2.0 CAB (XL, VERDE MILITAR);JAPCA66TXL;CAB;Verde Militar;XL;CERRO VERDE;1
2025;DICIEMBRE;CUADRO JACKET 2.0 CAB;[JAPCA66TM] CUADRO JACKET 2.0 CAB (M, VERDE MILITAR);JAPCA66TM;CAB;Verde Militar;M;GRIETA;1
2025;DICIEMBRE;CUADRO JACKET 2.0 CAB;[JAPCA43TS] CUADRO JACKET 2.0 CAB (S, NEGRO);JAPCA43TS;CAB;Negro;S;CERRO VERDE;1
2025;DICIEMBRE;CUADRO JACKET 2.0 CAB;[JAPCA66TM] CUADRO JACKET 2.0 CAB (M, VERDE MILITAR);JAPCA66TM;CAB;Verde Militar;M;CERRO VERDE;1
2025;DICIEMBRE;CUADRO JACKET 2.0 DAMA;[JAPDA35TM] CUADRO JACKET 2.0 DAMA (M, MAGENTA);JAPDA35TM;DAMA;Magenta;M;GRIETA;1
2025;DICIEMBRE;CUADRO JACKET 2.0 DAMA;[JAPDA162TS] CUADRO JACKET 2.0 DAMA (S, AZUL POLO);JAPDA162TS;DAMA;Azul Polo;S;SAMBIL CHACAO;1
2025;DICIEMBRE;CUADRO JACKET 2.0 CAB;[JAPCA162TL] CUADRO JACKET 2.0 CAB (L, AZUL POLO);JAPCA162TL;CAB;Azul Polo;L;SAMBIL CHACAO;1
2025;DICIEMBRE;CUADRO JACKET 2.0 CAB;[JAPCA43TM] CUADRO JACKET 2.0 CAB (M, NEGRO);JAPCA43TM;CAB;Negro;M;SAMBIL CHACAO;1
2025;DICIEMBRE;CUADRO JACKET 2.0 DAMA;[JAPDA35TS] CUADRO JACKET 2.0 DAMA (S, MAGENTA);JAPDA35TS;DAMA;Magenta;S;GRIETA;1
2025;DICIEMBRE;CUADRO JACKET 2.0 KIDS;[JAPKI162T12] CUADRO JACKET 2.0 KIDS (12, AZUL POLO);JAPKI162T12;KIDS;Azul Polo;12;GRIETA;1
2025;DICIEMBRE;CUADRO JACKET 2.0 CAB;[JAPCA162TM] CUADRO JACKET 2.0 CAB (M, AZUL POLO);JAPCA162TM;CAB;Azul Polo;M;CERRO VERDE;1
2025;DICIEMBRE;CUADRO JACKET 2.0 DAMA;[JAPDA16TXL] CUADRO JACKET 2.0 DAMA (XL, BLANCO);JAPDA16TXL;DAMA;Blanco;XL;CERRO VERDE;1
2025;DICIEMBRE;CUADRO JACKET 2.0 DAMA;[JAPDA162TS] CUADRO JACKET 2.0 DAMA (S, AZUL POLO);JAPDA162TS;DAMA;Azul Polo;S;SAMBIL CHACAO;-1
2025;DICIEMBRE;CUADRO JACKET 2.0 CAB;[JAPCA162TL] CUADRO JACKET 2.0 CAB (L, AZUL POLO);JAPCA162TL;CAB;Azul Polo;L;SAMBIL CHACAO;-1
2025;DICIEMBRE;CUADRO JACKET 2.0 CAB;[JAPCA43TM] CUADRO JACKET 2.0 CAB (M, NEGRO);JAPCA43TM;CAB;Negro;M;SAMBIL CHACAO;-1
2025;DICIEMBRE;CUADRO JACKET 2.0 DAMA;[JAPDA66TL] CUADRO JACKET 2.0 DAMA (L, VERDE MILITAR);JAPDA66TL;DAMA;Verde Militar;L;CERRO VERDE;1
2025;DICIEMBRE;CUADRO JACKET 2.0 CAB;[JAPCA162TXL] CUADRO JACKET 2.0 CAB (XL, AZUL POLO);JAPCA162TXL;CAB;Azul Polo;XL;CERRO VERDE;1
2025;DICIEMBRE;CUADRO JACKET 2.0 DAMA;[JAPDA162TS] CUADRO JACKET 2.0 DAMA (S, AZUL POLO);JAPDA162TS;DAMA;Azul Polo;S;SAMBIL CHACAO;1
2025;DICIEMBRE;CUADRO JACKET 2.0 CAB;[JAPCA43TL] CUADRO JACKET 2.0 CAB (L, NEGRO);JAPCA43TL;CAB;Negro;L;SAMBIL CHACAO;1
2025;DICIEMBRE;CUADRO JACKET 2.0 CAB;[JAPCA43TM] CUADRO JACKET 2.0 CAB (M, NEGRO);JAPCA43TM;CAB;Negro;M;SAMBIL CHACAO;1
2025;DICIEMBRE;CUADRO JACKET 2.0 KIDS;[JAPKI43T4] CUADRO JACKET 2.0 KIDS (4, NEGRO);JAPKI43T4;KIDS;Negro;4;CERRO VERDE;1
2025;DICIEMBRE;CUADRO JACKET 2.0 DAMA;[JAPDA162TXS] CUADRO JACKET 2.0 DAMA (XS, AZUL POLO);JAPDA162TXS;DAMA;Azul Polo;XS;GRIETA;1
2025;DICIEMBRE;CUADRO JACKET 2.0 CAB;[JAPCA43TL] CUADRO JACKET 2.0 CAB (L, NEGRO);JAPCA43TL;CAB;Negro;L;SAMBIL CHACAO;1
2025;DICIEMBRE;CUADRO JACKET 2.0 CAB;[JAPCA43TM] CUADRO JACKET 2.0 CAB (M, NEGRO);JAPCA43TM;CAB;Negro;M;GRAND PLAZ;1
2025;DICIEMBRE;CUADRO JACKET 2.0 DAMA;[JAPDA35TM] CUADRO JACKET 2.0 DAMA (M, MAGENTA);JAPDA35TM;DAMA;Magenta;M;SAMBIL CHACAO;1
2025;DICIEMBRE;CUADRO JACKET 2.0 CAB;[JAPCA43TXL] CUADRO JACKET 2.0 CAB (XL, NEGRO);JAPCA43TXL;CAB;Negro;XL;CERRO VERDE;1
2025;DICIEMBRE;CUADRO JACKET 2.0 KIDS;[JAPKI35T8] CUADRO JACKET 2.0 KIDS (8, MAGENTA);JAPKI35T8;KIDS;Magenta;8;SAMBIL VALENCIA;1
2025;DICIEMBRE;CUADRO JACKET 2.0 KIDS;[JAPKI162T10] CUADRO JACKET 2.0 KIDS (10, AZUL POLO);JAPKI162T10;KIDS;Azul Polo;10;GRIETA;1
2025;DICIEMBRE;CUADRO JACKET 2.0 CAB;[JAPCA162TL] CUADRO JACKET 2.0 CAB (L, AZUL POLO);JAPCA162TL;CAB;Azul Polo;L;CERRO VERDE;1
2025;DICIEMBRE;CUADRO JACKET 2.0 DAMA;[JAPDA35TM] CUADRO JACKET 2.0 DAMA (M, MAGENTA);JAPDA35TM;DAMA;Magenta;M;CERRO VERDE;1
2025;DICIEMBRE;CUADRO JACKET 2.0 DAMA;[JAPDA43TL] CUADRO JACKET 2.0 DAMA (L, NEGRO);JAPDA43TL;DAMA;Negro;L;SAMBIL CHACAO;1
2025;DICIEMBRE;CUADRO JACKET 2.0 CAB;[JAPCA162TL] CUADRO JACKET 2.0 CAB (L, AZUL POLO);JAPCA162TL;CAB;Azul Polo;L;GRIETA;1
2025;DICIEMBRE;CUADRO JACKET 2.0 CAB;[JAPCA16TL] CUADRO JACKET 2.0 CAB (L, BLANCO);JAPCA16TL;CAB;Blanco;L;GRIETA;1
2025;DICIEMBRE;CUADRO JACKET 2.0 CAB;[JAPCA43TM] CUADRO JACKET 2.0 CAB (M, NEGRO);JAPCA43TM;CAB;Negro;M;SAMBIL VALENCIA;1
2025;DICIEMBRE;CUADRO JACKET 2.0 DAMA;[JAPDA16TM] CUADRO JACKET 2.0 DAMA (M, BLANCO);JAPDA16TM;DAMA;Blanco;M;SAMBIL VALENCIA;1
2025;DICIEMBRE;CUADRO JACKET 2.0 CAB;[JAPCA43TS] CUADRO JACKET 2.0 CAB (S, NEGRO);JAPCA43TS;CAB;Negro;S;SAMBIL VALENCIA;1
2025;DICIEMBRE;CUADRO JACKET 2.0 CAB;[JAPCA43TM] CUADRO JACKET 2.0 CAB (M, NEGRO);JAPCA43TM;CAB;Negro;M;SAMBIL CHACAO;1
2025;DICIEMBRE;CUADRO JACKET 2.0 CAB;[JAPCA43TL] CUADRO JACKET 2.0 CAB (L, NEGRO);JAPCA43TL;CAB;Negro;L;CERRO VERDE;1
2025;DICIEMBRE;CUADRO JACKET 2.0 CAB;[JAPCA66TXL] CUADRO JACKET 2.0 CAB (XL, VERDE MILITAR);JAPCA66TXL;CAB;Verde Militar;XL;GRIETA;1
2025;DICIEMBRE;CUADRO JACKET 2.0 CAB;[JAPCA66T2XL] CUADRO JACKET 2.0 CAB (2XL, VERDE MILITAR);JAPCA66T2XL;CAB;Verde Militar;2XL;GRIETA;1
2025;DICIEMBRE;CUADRO JACKET 2.0 KIDS;[JAPKI162T6] CUADRO JACKET 2.0 KIDS (6, AZUL POLO);JAPKI162T6;KIDS;Azul Polo;6;SAMBIL VALENCIA;1
2025;DICIEMBRE;CUADRO JACKET 2.0 CAB;[JAPCA162TL] CUADRO JACKET 2.0 CAB (L, AZUL POLO);JAPCA162TL;CAB;Azul Polo;L;CERRO VERDE;1
2025;DICIEMBRE;CUADRO JACKET 2.0 DAMA;[JAPDA35TXS] CUADRO JACKET 2.0 DAMA (XS, MAGENTA);JAPDA35TXS;DAMA;Magenta;XS;CERRO VERDE;1
2025;DICIEMBRE;CUADRO JACKET 2.0 DAMA;[JAPDA43TXS] CUADRO JACKET 2.0 DAMA (XS, NEGRO);JAPDA43TXS;DAMA;Negro;XS;SAMBIL VALENCIA;1
2025;DICIEMBRE;CUADRO JACKET 2.0 DAMA;[JAPDA35TL] CUADRO JACKET 2.0 DAMA (L, MAGENTA);JAPDA35TL;DAMA;Magenta;L;CERRO VERDE;1
2025;DICIEMBRE;CUADRO JACKET 2.0 CAB;[JAPCA43TL] CUADRO JACKET 2.0 CAB (L, NEGRO);JAPCA43TL;CAB;Negro;L;CERRO VERDE;1
2025;DICIEMBRE;CUADRO JACKET 2.0 DAMA;[JAPDA43TM] CUADRO JACKET 2.0 DAMA (M, NEGRO);JAPDA43TM;DAMA;Negro;M;GRIETA;1
2025;DICIEMBRE;CUADRO JACKET 2.0 CAB;[JAPCA66TL] CUADRO JACKET 2.0 CAB (L, VERDE MILITAR);JAPCA66TL;CAB;Verde Militar;L;CERRO VERDE;1
2025;DICIEMBRE;CUADRO JACKET 2.0 DAMA;[JAPDA16TXS] CUADRO JACKET 2.0 DAMA (XS, BLANCO);JAPDA16TXS;DAMA;Blanco;XS;SAMBIL VALENCIA;1
2025;DICIEMBRE;CUADRO JACKET 2.0 DAMA;[JAPDA16TM] CUADRO JACKET 2.0 DAMA (M, BLANCO);JAPDA16TM;DAMA;Blanco;M;SAMBIL VALENCIA;1
2025;DICIEMBRE;CUADRO JACKET 2.0 DAMA;[JAPDA43TS] CUADRO JACKET 2.0 DAMA (S, NEGRO);JAPDA43TS;DAMA;Negro;S;GRIETA;1
2025;DICIEMBRE;CUADRO JACKET 2.0 CAB;[JAPCA16TL] CUADRO JACKET 2.0 CAB (L, BLANCO);JAPCA16TL;CAB;Blanco;L;CERRO VERDE;-1
2025;DICIEMBRE;CUADRO JACKET 2.0 CAB;[JAPCA16TXL] CUADRO JACKET 2.0 CAB (XL, BLANCO);JAPCA16TXL;CAB;Blanco;XL;CERRO VERDE;2
2025;DICIEMBRE;CUADRO JACKET 2.0 DAMA;[JAPDA16TS] CUADRO JACKET 2.0 DAMA (S, BLANCO);JAPDA16TS;DAMA;Blanco;S;GRIETA;-1
2025;DICIEMBRE;CUADRO JACKET 2.0 CAB;[JAPCA16TM] CUADRO JACKET 2.0 CAB (M, BLANCO);JAPCA16TM;CAB;Blanco;M;GRIETA;1
2025;DICIEMBRE;CUADRO JACKET 2.0 DAMA;[JAPDA16TS] CUADRO JACKET 2.0 DAMA (S, BLANCO);JAPDA16TS;DAMA;Blanco;S;GRIETA;1
2025;DICIEMBRE;CUADRO JACKET 2.0 DAMA;[JAPDA35TL] CUADRO JACKET 2.0 DAMA (L, MAGENTA);JAPDA35TL;DAMA;Magenta;L;GRIETA;1
2025;DICIEMBRE;CUADRO JACKET 2.0 DAMA;[JAPDA16TXL] CUADRO JACKET 2.0 DAMA (XL, BLANCO);JAPDA16TXL;DAMA;Blanco;XL;GRIETA;1
2025;DICIEMBRE;CUADRO JACKET 2.0 DAMA;[JAPDA35TS] CUADRO JACKET 2.0 DAMA (S, MAGENTA);JAPDA35TS;DAMA;Magenta;S;GRIETA;-1
2025;DICIEMBRE;CUADRO JACKET 2.0 DAMA;[JAPDA35TM] CUADRO JACKET 2.0 DAMA (M, MAGENTA);JAPDA35TM;DAMA;Magenta;M;GRIETA;1
2025;DICIEMBRE;CUADRO JACKET 2.0 DAMA;[JAPDA43TL] CUADRO JACKET 2.0 DAMA (L, NEGRO);JAPDA43TL;DAMA;Negro;L;SAMBIL CHACAO;-1
2025;DICIEMBRE;CUADRO JACKET 2.0 CAB;[JAPCA162TL] CUADRO JACKET 2.0 CAB (L, AZUL POLO);JAPCA162TL;CAB;Azul Polo;L;SAMBIL VALENCIA;1
2025;DICIEMBRE;CUADRO JACKET 2.0 CAB;[JAPCA162TXL] CUADRO JACKET 2.0 CAB (XL, AZUL POLO);JAPCA162TXL;CAB;Azul Polo;XL;SAMBIL CHACAO;-1
2025;DICIEMBRE;CUADRO JACKET 2.0 CAB;[JAPCA162T2XL] CUADRO JACKET 2.0 CAB (2XL, AZUL POLO);JAPCA162T2XL;CAB;Azul Polo;2XL;SAMBIL CHACAO;1
2025;DICIEMBRE;CUADRO JACKET 2.0 CAB;[JAPCA43TL] CUADRO JACKET 2.0 CAB (L, NEGRO);JAPCA43TL;CAB;Negro;L;SAMBIL VALENCIA;1
2025;DICIEMBRE;CUADRO JACKET 2.0 CAB;[JAPCA66TXL] CUADRO JACKET 2.0 CAB (XL, VERDE MILITAR);JAPCA66TXL;CAB;Verde Militar;XL;SAMBIL CHACAO;1
2025;DICIEMBRE;CUADRO JACKET 2.0 CAB;[JAPCA43T2XL] CUADRO JACKET 2.0 CAB (2XL, NEGRO);JAPCA43T2XL;CAB;Negro;2XL;CERRO VERDE;1
2025;DICIEMBRE;CUADRO JACKET 2.0 CAB;[JAPCA43TXL] CUADRO JACKET 2.0 CAB (XL, NEGRO);JAPCA43TXL;CAB;Negro;XL;CERRO VERDE;1
2025;DICIEMBRE;CUADRO JACKET 2.0 KIDS;[JAPKI01T12] CUADRO JACKET 2.0 KIDS (12, AGUAMARINA);JAPKI01T12;KIDS;Aguamarina;12;CERRO VERDE;1
2025;DICIEMBRE;CUADRO JACKET 2.0 CAB;[JAPCA43TM] CUADRO JACKET 2.0 CAB (M, NEGRO);JAPCA43TM;CAB;Negro;M;GRIETA;1
2025;DICIEMBRE;CUADRO JACKET 2.0 KIDS;[JAPKI35T10] CUADRO JACKET 2.0 KIDS (10, MAGENTA);JAPKI35T10;KIDS;Magenta;10;CERRO VERDE;1
2025;DICIEMBRE;CUADRO JACKET 2.0 CAB;[JAPCA01TL] CUADRO JACKET 2.0 CAB (L, AGUAMARINA);JAPCA01TL;CAB;Aguamarina;L;SAMBIL CHACAO;1
2025;DICIEMBRE;CUADRO JACKET 2.0 DAMA;[JAPDA01TM] CUADRO JACKET 2.0 DAMA (M, AGUAMARINA);JAPDA01TM;DAMA;Aguamarina;M;SAMBIL CHACAO;1
2025;DICIEMBRE;CUADRO JACKET 2.0 DAMA;[JAPDA162TM] CUADRO JACKET 2.0 DAMA (M, AZUL POLO);JAPDA162TM;DAMA;Azul Polo;M;SAMBIL VALENCIA;1
2025;DICIEMBRE;CUADRO JACKET 2.0 CAB;[JAPCA162TL] CUADRO JACKET 2.0 CAB (L, AZUL POLO);JAPCA162TL;CAB;Azul Polo;L;CERRO VERDE;1
2025;DICIEMBRE;CUADRO JACKET 2.0 CAB;[JAPCA16TL] CUADRO JACKET 2.0 CAB (L, BLANCO);JAPCA16TL;CAB;Blanco;L;SAMBIL VALENCIA;1
2025;DICIEMBRE;CUADRO JACKET 2.0 CAB;[JAPCA162TL] CUADRO JACKET 2.0 CAB (L, AZUL POLO);JAPCA162TL;CAB;Azul Polo;L;GRIETA;1
2025;DICIEMBRE;CUADRO JACKET 2.0 CAB;[JAPCA16TL] CUADRO JACKET 2.0 CAB (L, BLANCO);JAPCA16TL;CAB;Blanco;L;GRIETA;1
2025;DICIEMBRE;CUADRO JACKET 2.0 KIDS;[JAPKI01T8] CUADRO JACKET 2.0 KIDS (8, AGUAMARINA);JAPKI01T8;KIDS;Aguamarina;8;GRIETA;1
2025;DICIEMBRE;CUADRO JACKET 2.0 KIDS;[JAPKI162T6] CUADRO JACKET 2.0 KIDS (6, AZUL POLO);JAPKI162T6;KIDS;Azul Polo;6;GRIETA;1
2025;DICIEMBRE;CUADRO JACKET 2.0 DAMA;[JAPDA16TS] CUADRO JACKET 2.0 DAMA (S, BLANCO);JAPDA16TS;DAMA;Blanco;S;GRIETA;1
2025;DICIEMBRE;CUADRO JACKET 2.0 CAB;[JAPCA66TL] CUADRO JACKET 2.0 CAB (L, VERDE MILITAR);JAPCA66TL;CAB;Verde Militar;L;GRIETA;1
2025;DICIEMBRE;CUADRO JACKET 2.0 DAMA;[JAPDA35TM] CUADRO JACKET 2.0 DAMA (M, MAGENTA);JAPDA35TM;DAMA;Magenta;M;SAMBIL VALENCIA;1
2025;DICIEMBRE;CUADRO JACKET 2.0 DAMA;[JAPDA43TXS] CUADRO JACKET 2.0 DAMA (XS, NEGRO);JAPDA43TXS;DAMA;Negro;XS;GRIETA;1
2025;DICIEMBRE;CUADRO JACKET 2.0 DAMA;[JAPDA35TXS] CUADRO JACKET 2.0 DAMA (XS, MAGENTA);JAPDA35TXS;DAMA;Magenta;XS;SAMBIL VALENCIA;1
2025;DICIEMBRE;CUADRO JACKET 2.0 DAMA;[JAPDA162TL] CUADRO JACKET 2.0 DAMA (L, AZUL POLO);JAPDA162TL;DAMA;Azul Polo;L;CERRO VERDE;-1
2025;DICIEMBRE;CUADRO JACKET 2.0 CAB;[JAPCA162TL] CUADRO JACKET 2.0 CAB (L, AZUL POLO);JAPCA162TL;CAB;Azul Polo;L;CERRO VERDE;1
2025;DICIEMBRE;CUADRO JACKET 2.0 DAMA;[JAPDA01TS] CUADRO JACKET 2.0 DAMA (S, AGUAMARINA);JAPDA01TS;DAMA;Aguamarina;S;CERRO VERDE;1
2025;DICIEMBRE;CUADRO JACKET 2.0 CAB;[JAPCA43T2XL] CUADRO JACKET 2.0 CAB (2XL, NEGRO);JAPCA43T2XL;CAB;Negro;2XL;GRIETA;1
2025;DICIEMBRE;CUADRO JACKET 2.0 CAB;[JAPCA66TXL] CUADRO JACKET 2.0 CAB (XL, VERDE MILITAR);JAPCA66TXL;CAB;Verde Militar;XL;SAMBIL CHACAO;1
2025;DICIEMBRE;CUADRO JACKET 2.0 CAB;[JAPCA162TM] CUADRO JACKET 2.0 CAB (M, AZUL POLO);JAPCA162TM;CAB;Azul Polo;M;CERRO VERDE;1
2025;DICIEMBRE;CUADRO JACKET 2.0 DAMA;[JAPDA43TS] CUADRO JACKET 2.0 DAMA (S, NEGRO);JAPDA43TS;DAMA;Negro;S;GRIETA;1
2025;DICIEMBRE;CUADRO JACKET 2.0 CAB;[JAPCA43TS] CUADRO JACKET 2.0 CAB (S, NEGRO);JAPCA43TS;CAB;Negro;S;CERRO VERDE;1
2025;DICIEMBRE;CUADRO JACKET 2.0 CAB;[JAPCA43TXL] CUADRO JACKET 2.0 CAB (XL, NEGRO);JAPCA43TXL;CAB;Negro;XL;SAMBIL VALENCIA;1
2025;DICIEMBRE;CUADRO JACKET 2.0 CAB;[JAPCA66TS] CUADRO JACKET 2.0 CAB (S, VERDE MILITAR);JAPCA66TS;CAB;Verde Militar;S;SAMBIL CHACAO;1
2025;DICIEMBRE;CUADRO JACKET 2.0 DAMA;[JAPDA43TXS] CUADRO JACKET 2.0 DAMA (XS, NEGRO);JAPDA43TXS;DAMA;Negro;XS;SAMBIL VALENCIA;1
2025;DICIEMBRE;CUADRO JACKET 2.0 DAMA;[JAPDA16TL] CUADRO JACKET 2.0 DAMA (L, BLANCO);JAPDA16TL;DAMA;Blanco;L;SAMBIL CHACAO;1
2025;DICIEMBRE;CUADRO JACKET 2.0 DAMA;[JAPDA16TXS] CUADRO JACKET 2.0 DAMA (XS, BLANCO);JAPDA16TXS;DAMA;Blanco;XS;SAMBIL CHACAO;1
2025;DICIEMBRE;CUADRO JACKET 2.0 CAB;[JAPCA16TL] CUADRO JACKET 2.0 CAB (L, BLANCO);JAPCA16TL;CAB;Blanco;L;SAMBIL VALENCIA;-1
2025;DICIEMBRE;CUADRO JACKET 2.0 CAB;[JAPCA162TM] CUADRO JACKET 2.0 CAB (M, AZUL POLO);JAPCA162TM;CAB;Azul Polo;M;SAMBIL CHACAO;1
2025;DICIEMBRE;CUADRO JACKET 2.0 CAB;[JAPCA66TL] CUADRO JACKET 2.0 CAB (L, VERDE MILITAR);JAPCA66TL;CAB;Verde Militar;L;SAMBIL VALENCIA;1
2025;DICIEMBRE;CUADRO JACKET 2.0 DAMA;[JAPDA35TS] CUADRO JACKET 2.0 DAMA (S, MAGENTA);JAPDA35TS;DAMA;Magenta;S;CERRO VERDE;1
2025;DICIEMBRE;CUADRO JACKET 2.0 CAB;[JAPCA162TL] CUADRO JACKET 2.0 CAB (L, AZUL POLO);JAPCA162TL;CAB;Azul Polo;L;CERRO VERDE;1
2025;DICIEMBRE;CUADRO JACKET 2.0 CAB;[JAPCA43TXL] CUADRO JACKET 2.0 CAB (XL, NEGRO);JAPCA43TXL;CAB;Negro;XL;CERRO VERDE;1
2025;DICIEMBRE;CUADRO JACKET 2.0 DAMA;[JAPDA66TM] CUADRO JACKET 2.0 DAMA (M, VERDE MILITAR);JAPDA66TM;DAMA;Verde Militar;M;SAMBIL CHACAO;1
2025;DICIEMBRE;CUADRO JACKET 2.0 CAB;[JAPCA66TXL] CUADRO JACKET 2.0 CAB (XL, VERDE MILITAR);JAPCA66TXL;CAB;Verde Militar;XL;SAMBIL CHACAO;1
2025;DICIEMBRE;CUADRO JACKET 2.0 DAMA;[JAPDA35TS] CUADRO JACKET 2.0 DAMA (S, MAGENTA);JAPDA35TS;DAMA;Magenta;S;SAMBIL CHACAO;1
2025;DICIEMBRE;CUADRO JACKET 2.0 DAMA;[JAPDA16TXS] CUADRO JACKET 2.0 DAMA (XS, BLANCO);JAPDA16TXS;DAMA;Blanco;XS;SAMBIL VALENCIA;1
2025;DICIEMBRE;CUADRO JACKET 2.0 DAMA;[JAPDA43TXL] CUADRO JACKET 2.0 DAMA (XL, NEGRO);JAPDA43TXL;DAMA;Negro;XL;SAMBIL VALENCIA;1
2025;DICIEMBRE;CUADRO JACKET 2.0 CAB;[JAPCA43TM] CUADRO JACKET 2.0 CAB (M, NEGRO);JAPCA43TM;CAB;Negro;M;SAMBIL VALENCIA;1
2025;DICIEMBRE;CUADRO JACKET 2.0 DAMA;[JAPDA66TS] CUADRO JACKET 2.0 DAMA (S, VERDE MILITAR);JAPDA66TS;DAMA;Verde Militar;S;SAMBIL VALENCIA;1
2025;DICIEMBRE;CUADRO JACKET 2.0 CAB;[JAPCA162TXL] CUADRO JACKET 2.0 CAB (XL, AZUL POLO);JAPCA162TXL;CAB;Azul Polo;XL;GRIETA;-1
2025;DICIEMBRE;CUADRO JACKET 2.0 CAB;[JAPCA162T2XL] CUADRO JACKET 2.0 CAB (2XL, AZUL POLO);JAPCA162T2XL;CAB;Azul Polo;2XL;GRIETA;1
2025;DICIEMBRE;CUADRO JACKET 2.0 CAB;[JAPCA43TM] CUADRO JACKET 2.0 CAB (M, NEGRO);JAPCA43TM;CAB;Negro;M;SAMBIL CHACAO;1
2025;DICIEMBRE;CUADRO JACKET 2.0 DAMA;[JAPDA162TXL] CUADRO JACKET 2.0 DAMA (XL, AZUL POLO);JAPDA162TXL;DAMA;Azul Polo;XL;CERRO VERDE;1
2025;DICIEMBRE;CUADRO JACKET 2.0 DAMA;[JAPDA43TXL] CUADRO JACKET 2.0 DAMA (XL, NEGRO);JAPDA43TXL;DAMA;Negro;XL;SAMBIL VALENCIA;1
2025;DICIEMBRE;CUADRO JACKET 2.0 DAMA;[JAPDA35TS] CUADRO JACKET 2.0 DAMA (S, MAGENTA);JAPDA35TS;DAMA;Magenta;S;SAMBIL VALENCIA;-1
2025;DICIEMBRE;CUADRO JACKET 2.0 DAMA;[JAPDA35TM] CUADRO JACKET 2.0 DAMA (M, MAGENTA);JAPDA35TM;DAMA;Magenta;M;SAMBIL VALENCIA;1
2025;DICIEMBRE;CUADRO JACKET 2.0 CAB;[JAPCA162TM] CUADRO JACKET 2.0 CAB (M, AZUL POLO);JAPCA162TM;CAB;Azul Polo;M;GRIETA;1
2025;DICIEMBRE;CUADRO JACKET 2.0 DAMA;[JAPDA16TXL] CUADRO JACKET 2.0 DAMA (XL, BLANCO);JAPDA16TXL;DAMA;Blanco;XL;SAMBIL CHACAO;-1
2025;DICIEMBRE;CUADRO JACKET 2.0 CAB;[JAPCA16T2XL] CUADRO JACKET 2.0 CAB (2XL, BLANCO);JAPCA16T2XL;CAB;Blanco;2XL;SAMBIL CHACAO;1
2025;DICIEMBRE;CUADRO JACKET 2.0 DAMA;[JAPDA16TS] CUADRO JACKET 2.0 DAMA (S, BLANCO);JAPDA16TS;DAMA;Blanco;S;CERRO VERDE;1
2025;DICIEMBRE;CUADRO JACKET 2.0 DAMA;[JAPDA35TXS] CUADRO JACKET 2.0 DAMA (XS, MAGENTA);JAPDA35TXS;DAMA;Magenta;XS;SAMBIL CHACAO;1
2025;DICIEMBRE;CUADRO JACKET 2.0 DAMA;[JAPDA35TS] CUADRO JACKET 2.0 DAMA (S, MAGENTA);JAPDA35TS;DAMA;Magenta;S;SAMBIL CHACAO;1
2025;DICIEMBRE;CUADRO JACKET 2.0 CAB;[JAPCA66TM] CUADRO JACKET 2.0 CAB (M, VERDE MILITAR);JAPCA66TM;CAB;Verde Militar;M;SAMBIL CHACAO;1
2025;DICIEMBRE;CUADRO JACKET 2.0 CAB;[JAPCA162TM] CUADRO JACKET 2.0 CAB (M, AZUL POLO);JAPCA162TM;CAB;Azul Polo;M;SAMBIL CHACAO;1
2025;DICIEMBRE;CUADRO JACKET 2.0 DAMA;[JAPDA162TM] CUADRO JACKET 2.0 DAMA (M, AZUL POLO);JAPDA162TM;DAMA;Azul Polo;M;SAMBIL VALENCIA;1
2025;DICIEMBRE;CUADRO JACKET 2.0 CAB;[JAPCA162TL] CUADRO JACKET 2.0 CAB (L, AZUL POLO);JAPCA162TL;CAB;Azul Polo;L;SAMBIL VALENCIA;1
2025;DICIEMBRE;CUADRO JACKET 2.0 CAB;[JAPCA162TM] CUADRO JACKET 2.0 CAB (M, AZUL POLO);JAPCA162TM;CAB;Azul Polo;M;SAMBIL VALENCIA;1
2025;DICIEMBRE;CUADRO JACKET 2.0 DAMA;[JAPDA43TS] CUADRO JACKET 2.0 DAMA (S, NEGRO);JAPDA43TS;DAMA;Negro;S;SAMBIL VALENCIA;1
2025;DICIEMBRE;CUADRO JACKET 2.0 CAB;[JAPCA43TXL] CUADRO JACKET 2.0 CAB (XL, NEGRO);JAPCA43TXL;CAB;Negro;XL;SAMBIL CHACAO;1
2025;DICIEMBRE;CUADRO JACKET 2.0 DAMA;[JAPDA162TXS] CUADRO JACKET 2.0 DAMA (XS, AZUL POLO);JAPDA162TXS;DAMA;Azul Polo;XS;GRIETA;1
2025;DICIEMBRE;CUADRO JACKET 2.0 CAB;[JAPCA43TXL] CUADRO JACKET 2.0 CAB (XL, NEGRO);JAPCA43TXL;CAB;Negro;XL;SAMBIL VALENCIA;1
2025;DICIEMBRE;CUADRO JACKET 2.0 CAB;[JAPCA43TXL] CUADRO JACKET 2.0 CAB (XL, NEGRO);JAPCA43TXL;CAB;Negro;XL;CERRO VERDE;1
2025;DICIEMBRE;CUADRO JACKET 2.0 DAMA;[JAPDA16TXS] CUADRO JACKET 2.0 DAMA (XS, BLANCO);JAPDA16TXS;DAMA;Blanco;XS;SAMBIL VALENCIA;1
2025;DICIEMBRE;CUADRO JACKET 2.0 CAB;[JAPCA66TL] CUADRO JACKET 2.0 CAB (L, VERDE MILITAR);JAPCA66TL;CAB;Verde Militar;L;CERRO VERDE;1
2025;DICIEMBRE;CUADRO JACKET 2.0 KIDS;[JAPKI35T12] CUADRO JACKET 2.0 KIDS (12, MAGENTA);JAPKI35T12;KIDS;Magenta;12;SAMBIL VALENCIA;1
2025;DICIEMBRE;CUADRO JACKET 2.0 CAB;[JAPCA43TM] CUADRO JACKET 2.0 CAB (M, NEGRO);JAPCA43TM;CAB;Negro;M;SAMBIL VALENCIA;1
2025;DICIEMBRE;CUADRO JACKET 2.0 DAMA;[JAPDA66TM] CUADRO JACKET 2.0 DAMA (M, VERDE MILITAR);JAPDA66TM;DAMA;Verde Militar;M;GRIETA;1
2025;DICIEMBRE;CUADRO JACKET 2.0 CAB;[JAPCA16TM] CUADRO JACKET 2.0 CAB (M, BLANCO);JAPCA16TM;CAB;Blanco;M;SAMBIL CHACAO;1
2025;DICIEMBRE;CUADRO JACKET 2.0 DAMA;[JAPDA16TM] CUADRO JACKET 2.0 DAMA (M, BLANCO);JAPDA16TM;DAMA;Blanco;M;SAMBIL CHACAO;1
2025;DICIEMBRE;CUADRO JACKET 2.0 CAB;[JAPCA162TXL] CUADRO JACKET 2.0 CAB (XL, AZUL POLO);JAPCA162TXL;CAB;Azul Polo;XL;SAMBIL CHACAO;1
2025;DICIEMBRE;CUADRO JACKET 2.0 DAMA;[JAPDA35TS] CUADRO JACKET 2.0 DAMA (S, MAGENTA);JAPDA35TS;DAMA;Magenta;S;CERRO VERDE;1
2025;DICIEMBRE;CUADRO JACKET 2.0 CAB;[JAPCA162TM] CUADRO JACKET 2.0 CAB (M, AZUL POLO);JAPCA162TM;CAB;Azul Polo;M;SAMBIL VALENCIA;1
2025;DICIEMBRE;CUADRO JACKET 2.0 DAMA;[JAPDA66TS] CUADRO JACKET 2.0 DAMA (S, VERDE MILITAR);JAPDA66TS;DAMA;Verde Militar;S;SAMBIL VALENCIA;1
2025;DICIEMBRE;CUADRO JACKET 2.0 DAMA;[JAPDA16TS] CUADRO JACKET 2.0 DAMA (S, BLANCO);JAPDA16TS;DAMA;Blanco;S;GRIETA;1
2025;DICIEMBRE;CUADRO JACKET 2.0 DAMA;[JAPDA162TL] CUADRO JACKET 2.0 DAMA (L, AZUL POLO);JAPDA162TL;DAMA;Azul Polo;L;SAMBIL VALENCIA;1
2025;DICIEMBRE;CUADRO JACKET 2.0 CAB;[JAPCA43TM] CUADRO JACKET 2.0 CAB (M, NEGRO);JAPCA43TM;CAB;Negro;M;SAMBIL VALENCIA;1
2025;DICIEMBRE;CUADRO JACKET 2.0 CAB;[JAPCA01TL] CUADRO JACKET 2.0 CAB (L, AGUAMARINA);JAPCA01TL;CAB;Aguamarina;L;SAMBIL CHACAO;1
2025;DICIEMBRE;CUADRO JACKET 2.0 KIDS;[JAPKI35T8] CUADRO JACKET 2.0 KIDS (8, MAGENTA);JAPKI35T8;KIDS;Magenta;8;SAMBIL CHACAO;1
2025;DICIEMBRE;CUADRO JACKET 2.0 KIDS;[JAPKI35T8] CUADRO JACKET 2.0 KIDS (8, MAGENTA);JAPKI35T8;KIDS;Magenta;8;SAMBIL CHACAO;2
2025;DICIEMBRE;CUADRO JACKET 2.0 DAMA;[JAPDA35TXS] CUADRO JACKET 2.0 DAMA (XS, MAGENTA);JAPDA35TXS;DAMA;Magenta;XS;SAMBIL CHACAO;1
2025;DICIEMBRE;CUADRO JACKET 2.0 DAMA;[JAPDA43TXS] CUADRO JACKET 2.0 DAMA (XS, NEGRO);JAPDA43TXS;DAMA;Negro;XS;CERRO VERDE;1
2025;DICIEMBRE;CUADRO JACKET 2.0 DAMA;[JAPDA16TS] CUADRO JACKET 2.0 DAMA (S, BLANCO);JAPDA16TS;DAMA;Blanco;S;CERRO VERDE;1
2025;DICIEMBRE;CUADRO JACKET 2.0 CAB;[JAPCA43TL] CUADRO JACKET 2.0 CAB (L, NEGRO);JAPCA43TL;CAB;Negro;L;CERRO VERDE;1
2025;DICIEMBRE;CUADRO JACKET 2.0 DAMA;[JAPDA162TM] CUADRO JACKET 2.0 DAMA (M, AZUL POLO);JAPDA162TM;DAMA;Azul Polo;M;SAMBIL VALENCIA;1
2025;DICIEMBRE;CUADRO JACKET 2.0 CAB;[JAPCA43T2XL] CUADRO JACKET 2.0 CAB (2XL, NEGRO);JAPCA43T2XL;CAB;Negro;2XL;SAMBIL VALENCIA;1
2025;DICIEMBRE;CUADRO JACKET 2.0 CAB;[JAPCA66TXL] CUADRO JACKET 2.0 CAB (XL, VERDE MILITAR);JAPCA66TXL;CAB;Verde Militar;XL;CERRO VERDE;1
2025;DICIEMBRE;CUADRO JACKET 2.0 KIDS;[JAPKI162T8] CUADRO JACKET 2.0 KIDS (8, AZUL POLO);JAPKI162T8;KIDS;Azul Polo;8;SAMBIL CHACAO;1
2025;DICIEMBRE;CUADRO JACKET 2.0 CAB;[JAPCA43TL] CUADRO JACKET 2.0 CAB (L, NEGRO);JAPCA43TL;CAB;Negro;L;SAMBIL CHACAO;1
2025;DICIEMBRE;CUADRO JACKET 2.0 CAB;[JAPCA66TL] CUADRO JACKET 2.0 CAB (L, VERDE MILITAR);JAPCA66TL;CAB;Verde Militar;L;SAMBIL CHACAO;1
2025;DICIEMBRE;CUADRO JACKET 2.0 DAMA;[JAPDA16TXL] CUADRO JACKET 2.0 DAMA (XL, BLANCO);JAPDA16TXL;DAMA;Blanco;XL;SAMBIL VALENCIA;1
2025;DICIEMBRE;CUADRO JACKET 2.0 DAMA;[JAPDA16TM] CUADRO JACKET 2.0 DAMA (M, BLANCO);JAPDA16TM;DAMA;Blanco;M;SAMBIL CHACAO;1
2025;DICIEMBRE;CUADRO JACKET 2.0 KIDS;[JAPKI43T8] CUADRO JACKET 2.0 KIDS (8, NEGRO);JAPKI43T8;KIDS;Negro;8;SAMBIL CHACAO;1
2025;DICIEMBRE;CUADRO JACKET 2.0 CAB;[JAPCA43TL] CUADRO JACKET 2.0 CAB (L, NEGRO);JAPCA43TL;CAB;Negro;L;SAMBIL CHACAO;1
2025;DICIEMBRE;CUADRO JACKET 2.0 CAB;[JAPCA43TL] CUADRO JACKET 2.0 CAB (L, NEGRO);JAPCA43TL;CAB;Negro;L;SAMBIL VALENCIA;1
2025;DICIEMBRE;CUADRO JACKET 2.0 CAB;[JAPCA66TXL] CUADRO JACKET 2.0 CAB (XL, VERDE MILITAR);JAPCA66TXL;CAB;Verde Militar;XL;GRIETA;1
2025;DICIEMBRE;CUADRO JACKET 2.0 CAB;[JAPCA16TL] CUADRO JACKET 2.0 CAB (L, BLANCO);JAPCA16TL;CAB;Blanco;L;CERRO VERDE;1
2025;DICIEMBRE;CUADRO JACKET 2.0 DAMA;[JAPDA16TS] CUADRO JACKET 2.0 DAMA (S, BLANCO);JAPDA16TS;DAMA;Blanco;S;CERRO VERDE;1
2025;DICIEMBRE;CUADRO JACKET 2.0 KIDS;[JAPKI162T4] CUADRO JACKET 2.0 KIDS (4, AZUL POLO);JAPKI162T4;KIDS;Azul Polo;4;CERRO VERDE;1
2025;DICIEMBRE;CUADRO JACKET 2.0 CAB;[JAPCA162TL] CUADRO JACKET 2.0 CAB (L, AZUL POLO);JAPCA162TL;CAB;Azul Polo;L;CERRO VERDE;-1
2025;DICIEMBRE;CUADRO JACKET 2.0 CAB;[JAPCA162TS] CUADRO JACKET 2.0 CAB (S, AZUL POLO);JAPCA162TS;CAB;Azul Polo;S;CERRO VERDE;1
2025;DICIEMBRE;CUADRO JACKET 2.0 DAMA;[JAPDA01TXS] CUADRO JACKET 2.0 DAMA (XS, AGUAMARINA);JAPDA01TXS;DAMA;Aguamarina;XS;SAMBIL CHACAO;1
2025;DICIEMBRE;CUADRO JACKET 2.0 DAMA;[JAPDA162TXS] CUADRO JACKET 2.0 DAMA (XS, AZUL POLO);JAPDA162TXS;DAMA;Azul Polo;XS;SAMBIL CHACAO;1
2025;DICIEMBRE;CUADRO JACKET 2.0 CAB;[JAPCA01TXL] CUADRO JACKET 2.0 CAB (XL, AGUAMARINA);JAPCA01TXL;CAB;Aguamarina;XL;SAMBIL CHACAO;1
2025;DICIEMBRE;CUADRO JACKET 2.0 CAB;[JAPCA162TXL] CUADRO JACKET 2.0 CAB (XL, AZUL POLO);JAPCA162TXL;CAB;Azul Polo;XL;SAMBIL CHACAO;1
2025;DICIEMBRE;CUADRO JACKET 2.0 DAMA;[JAPDA35TS] CUADRO JACKET 2.0 DAMA (S, MAGENTA);JAPDA35TS;DAMA;Magenta;S;SAMBIL CHACAO;1
2025;DICIEMBRE;CUADRO JACKET 2.0 DAMA;[JAPDA01TS] CUADRO JACKET 2.0 DAMA (S, AGUAMARINA);JAPDA01TS;DAMA;Aguamarina;S;SAMBIL CHACAO;1
2025;DICIEMBRE;CUADRO JACKET 2.0 DAMA;[JAPDA162TS] CUADRO JACKET 2.0 DAMA (S, AZUL POLO);JAPDA162TS;DAMA;Azul Polo;S;SAMBIL CHACAO;1
2025;DICIEMBRE;CUADRO JACKET 2.0 CAB;[JAPCA01TXL] CUADRO JACKET 2.0 CAB (XL, AGUAMARINA);JAPCA01TXL;CAB;Aguamarina;XL;SAMBIL CHACAO;1
2025;DICIEMBRE;CUADRO JACKET 2.0 KIDS;[JAPKI35T4] CUADRO JACKET 2.0 KIDS (4, MAGENTA);JAPKI35T4;KIDS;Magenta;4;CERRO VERDE;1
2025;DICIEMBRE;CUADRO JACKET 2.0 CAB;[JAPCA43TL] CUADRO JACKET 2.0 CAB (L, NEGRO);JAPCA43TL;CAB;Negro;L;CERRO VERDE;-1
2025;DICIEMBRE;CUADRO JACKET 2.0 CAB;[JAPCA43T2XL] CUADRO JACKET 2.0 CAB (2XL, NEGRO);JAPCA43T2XL;CAB;Negro;2XL;CERRO VERDE;1
2025;DICIEMBRE;CUADRO JACKET 2.0 CAB;[JAPCA43TS] CUADRO JACKET 2.0 CAB (S, NEGRO);JAPCA43TS;CAB;Negro;S;SAMBIL VALENCIA;1
2025;DICIEMBRE;CUADRO JACKET 2.0 CAB;[JAPCA43TL] CUADRO JACKET 2.0 CAB (L, NEGRO);JAPCA43TL;CAB;Negro;L;SAMBIL VALENCIA;1
2025;DICIEMBRE;CUADRO JACKET 2.0 CAB;[JAPCA43T2XL] CUADRO JACKET 2.0 CAB (2XL, NEGRO);JAPCA43T2XL;CAB;Negro;2XL;SAMBIL VALENCIA;1
2025;DICIEMBRE;CUADRO JACKET 2.0 DAMA;[JAPDA16TXS] CUADRO JACKET 2.0 DAMA (XS, BLANCO);JAPDA16TXS;DAMA;Blanco;XS;SAMBIL CHACAO;1
2025;DICIEMBRE;CUADRO JACKET 2.0 CAB;[JAPCA66TL] CUADRO JACKET 2.0 CAB (L, VERDE MILITAR);JAPCA66TL;CAB;Verde Militar;L;SAMBIL CHACAO;1
2025;DICIEMBRE;CUADRO JACKET 2.0 CAB;[JAPCA16TL] CUADRO JACKET 2.0 CAB (L, BLANCO);JAPCA16TL;CAB;Blanco;L;SAMBIL CHACAO;1
2025;DICIEMBRE;CUADRO JACKET 2.0 CAB;[JAPCA43TXL] CUADRO JACKET 2.0 CAB (XL, NEGRO);JAPCA43TXL;CAB;Negro;XL;CERRO VERDE;-1
2025;DICIEMBRE;CUADRO JACKET 2.0 CAB;[JAPCA43T2XL] CUADRO JACKET 2.0 CAB (2XL, NEGRO);JAPCA43T2XL;CAB;Negro;2XL;CERRO VERDE;1
2025;DICIEMBRE;CUADRO JACKET 2.0 DAMA;[JAPDA16TS] CUADRO JACKET 2.0 DAMA (S, BLANCO);JAPDA16TS;DAMA;Blanco;S;SAMBIL VALENCIA;1
2025;DICIEMBRE;CUADRO JACKET 2.0 CAB;[JAPCA16TL] CUADRO JACKET 2.0 CAB (L, BLANCO);JAPCA16TL;CAB;Blanco;L;SAMBIL VALENCIA;1
2025;DICIEMBRE;CUADRO JACKET 2.0 CAB;[JAPCA162TL] CUADRO JACKET 2.0 CAB (L, AZUL POLO);JAPCA162TL;CAB;Azul Polo;L;SAMBIL VALENCIA;1
2025;DICIEMBRE;CUADRO JACKET 2.0 DAMA;[JAPDA35TS] CUADRO JACKET 2.0 DAMA (S, MAGENTA);JAPDA35TS;DAMA;Magenta;S;CERRO VERDE;1
2025;DICIEMBRE;CUADRO JACKET 2.0 DAMA;[JAPDA35TS] CUADRO JACKET 2.0 DAMA (S, MAGENTA);JAPDA35TS;DAMA;Magenta;S;SAMBIL VALENCIA;1
2025;DICIEMBRE;CUADRO JACKET 2.0 KIDS;[JAPKI43T8] CUADRO JACKET 2.0 KIDS (8, NEGRO);JAPKI43T8;KIDS;Negro;8;SAMBIL VALENCIA;1
2025;DICIEMBRE;CUADRO JACKET 2.0 CAB;[JAPCA16TXL] CUADRO JACKET 2.0 CAB (XL, BLANCO);JAPCA16TXL;CAB;Blanco;XL;SAMBIL CHACAO;1
2025;DICIEMBRE;CUADRO JACKET 2.0 CAB;[JAPCA162TM] CUADRO JACKET 2.0 CAB (M, AZUL POLO);JAPCA162TM;CAB;Azul Polo;M;SAMBIL CHACAO;1
2025;DICIEMBRE;CUADRO JACKET 2.0 CAB;[JAPCA43TM] CUADRO JACKET 2.0 CAB (M, NEGRO);JAPCA43TM;CAB;Negro;M;SAMBIL VALENCIA;1
2025;DICIEMBRE;CUADRO JACKET 2.0 CAB;[JAPCA43T2XL] CUADRO JACKET 2.0 CAB (2XL, NEGRO);JAPCA43T2XL;CAB;Negro;2XL;SAMBIL VALENCIA;1
2025;DICIEMBRE;CUADRO JACKET 2.0 DAMA;[JAPDA16TXS] CUADRO JACKET 2.0 DAMA (XS, BLANCO);JAPDA16TXS;DAMA;Blanco;XS;SAMBIL VALENCIA;1
2025;DICIEMBRE;CUADRO JACKET 2.0 DAMA;[JAPDA16TS] CUADRO JACKET 2.0 DAMA (S, BLANCO);JAPDA16TS;DAMA;Blanco;S;GRIETA;1
2025;DICIEMBRE;CUADRO JACKET 2.0 KIDS;[JAPKI162T12] CUADRO JACKET 2.0 KIDS (12, AZUL POLO);JAPKI162T12;KIDS;Azul Polo;12;SAMBIL VALENCIA;1
2025;DICIEMBRE;CUADRO JACKET 2.0 CAB;[JAPCA43TS] CUADRO JACKET 2.0 CAB (S, NEGRO);JAPCA43TS;CAB;Negro;S;SAMBIL VALENCIA;1
2025;DICIEMBRE;CUADRO JACKET 2.0 KIDS;[JAPKI162T12] CUADRO JACKET 2.0 KIDS (12, AZUL POLO);JAPKI162T12;KIDS;Azul Polo;12;SAMBIL CHACAO;1
2025;DICIEMBRE;CUADRO JACKET 2.0 DAMA;[JAPDA01TM] CUADRO JACKET 2.0 DAMA (M, AGUAMARINA);JAPDA01TM;DAMA;Aguamarina;M;SAMBIL CHACAO;1
2025;DICIEMBRE;CUADRO JACKET 2.0 CAB;[JAPCA43T2XL] CUADRO JACKET 2.0 CAB (2XL, NEGRO);JAPCA43T2XL;CAB;Negro;2XL;SAMBIL VALENCIA;1
2025;DICIEMBRE;CUADRO JACKET 2.0 DAMA;[JAPDA16TM] CUADRO JACKET 2.0 DAMA (M, BLANCO);JAPDA16TM;DAMA;Blanco;M;GRIETA;1
2025;DICIEMBRE;CUADRO JACKET 2.0 KIDS;[JAPKI162T8] CUADRO JACKET 2.0 KIDS (8, AZUL POLO);JAPKI162T8;KIDS;Azul Polo;8;SAMBIL VALENCIA;1
2025;DICIEMBRE;CUADRO JACKET 2.0 DAMA;[JAPDA01TXS] CUADRO JACKET 2.0 DAMA (XS, AGUAMARINA);JAPDA01TXS;DAMA;Aguamarina;XS;SAMBIL CHACAO;1
2025;DICIEMBRE;CUADRO JACKET 2.0 DAMA;[JAPDA43TM] CUADRO JACKET 2.0 DAMA (M, NEGRO);JAPDA43TM;DAMA;Negro;M;GRIETA;1
2025;DICIEMBRE;CUADRO JACKET 2.0 DAMA;[JAPDA16TXS] CUADRO JACKET 2.0 DAMA (XS, BLANCO);JAPDA16TXS;DAMA;Blanco;XS;CERRO VERDE;1
2025;DICIEMBRE;CUADRO JACKET 2.0 CAB;[JAPCA16TM] CUADRO JACKET 2.0 CAB (M, BLANCO);JAPCA16TM;CAB;Blanco;M;CERRO VERDE;1
2025;DICIEMBRE;CUADRO JACKET 2.0 CAB;[JAPCA66TM] CUADRO JACKET 2.0 CAB (M, VERDE MILITAR);JAPCA66TM;CAB;Verde Militar;M;CERRO VERDE;1
2025;DICIEMBRE;CUADRO JACKET 2.0 KIDS;[JAPKI43T2] CUADRO JACKET 2.0 KIDS (2, NEGRO);JAPKI43T2;KIDS;Negro;2;SAMBIL CHACAO;1
2025;DICIEMBRE;CUADRO JACKET 2.0 CAB;[JAPCA43TM] CUADRO JACKET 2.0 CAB (M, NEGRO);JAPCA43TM;CAB;Negro;M;SAMBIL VALENCIA;1
2025;DICIEMBRE;CUADRO JACKET 2.0 CAB;[JAPCA43TL] CUADRO JACKET 2.0 CAB (L, NEGRO);JAPCA43TL;CAB;Negro;L;SAMBIL VALENCIA;1
2025;DICIEMBRE;CUADRO JACKET 2.0 CAB;[JAPCA43TM] CUADRO JACKET 2.0 CAB (M, NEGRO);JAPCA43TM;CAB;Negro;M;SAMBIL VALENCIA;1
2025;DICIEMBRE;CUADRO JACKET 2.0 DAMA;[JAPDA162TXS] CUADRO JACKET 2.0 DAMA (XS, AZUL POLO);JAPDA162TXS;DAMA;Azul Polo;XS;SAMBIL CHACAO;-1
2025;DICIEMBRE;CUADRO JACKET 2.0 DAMA;[JAPDA162TS] CUADRO JACKET 2.0 DAMA (S, AZUL POLO);JAPDA162TS;DAMA;Azul Polo;S;SAMBIL CHACAO;1
2025;DICIEMBRE;CUADRO JACKET 2.0 DAMA;[JAPDA16TXS] CUADRO JACKET 2.0 DAMA (XS, BLANCO);JAPDA16TXS;DAMA;Blanco;XS;SAMBIL VALENCIA;1
2025;DICIEMBRE;CUADRO JACKET 2.0 DAMA;[JAPDA43TXS] CUADRO JACKET 2.0 DAMA (XS, NEGRO);JAPDA43TXS;DAMA;Negro;XS;SAMBIL VALENCIA;1
2025;DICIEMBRE;CUADRO JACKET 2.0 DAMA;[JAPDA43TS] CUADRO JACKET 2.0 DAMA (S, NEGRO);JAPDA43TS;DAMA;Negro;S;SAMBIL VALENCIA;1
2025;DICIEMBRE;CUADRO JACKET 2.0 CAB;[JAPCA43TL] CUADRO JACKET 2.0 CAB (L, NEGRO);JAPCA43TL;CAB;Negro;L;SAMBIL VALENCIA;1
2025;DICIEMBRE;CUADRO JACKET 2.0 KIDS;[JAPKI43T8] CUADRO JACKET 2.0 KIDS (8, NEGRO);JAPKI43T8;KIDS;Negro;8;SAMBIL CHACAO;1
2025;DICIEMBRE;CUADRO JACKET 2.0 DAMA;[JAPDA16TXS] CUADRO JACKET 2.0 DAMA (XS, BLANCO);JAPDA16TXS;DAMA;Blanco;XS;CERRO VERDE;1
2025;DICIEMBRE;CUADRO JACKET 2.0 CAB;[JAPCA66TXL] CUADRO JACKET 2.0 CAB (XL, VERDE MILITAR);JAPCA66TXL;CAB;Verde Militar;XL;CERRO VERDE;1
2025;DICIEMBRE;CUADRO JACKET 2.0 CAB;[JAPCA43TL] CUADRO JACKET 2.0 CAB (L, NEGRO);JAPCA43TL;CAB;Negro;L;GRIETA;1
2025;DICIEMBRE;CUADRO JACKET 2.0 KIDS;[JAPKI01T2] CUADRO JACKET 2.0 KIDS (2, AGUAMARINA);JAPKI01T2;KIDS;Aguamarina;2;GRIETA;1
2025;DICIEMBRE;CUADRO JACKET 2.0 DAMA;[JAPDA66TM] CUADRO JACKET 2.0 DAMA (M, VERDE MILITAR);JAPDA66TM;DAMA;Verde Militar;M;GRIETA;1
2025;DICIEMBRE;CUADRO JACKET 2.0 CAB;[JAPCA43TM] CUADRO JACKET 2.0 CAB (M, NEGRO);JAPCA43TM;CAB;Negro;M;SAMBIL VALENCIA;1
2025;DICIEMBRE;CUADRO JACKET 2.0 DAMA;[JAPDA16TS] CUADRO JACKET 2.0 DAMA (S, BLANCO);JAPDA16TS;DAMA;Blanco;S;GRIETA;-1
2025;DICIEMBRE;CUADRO JACKET 2.0 DAMA;[JAPDA16TM] CUADRO JACKET 2.0 DAMA (M, BLANCO);JAPDA16TM;DAMA;Blanco;M;GRIETA;1
2025;DICIEMBRE;CUADRO JACKET 2.0 KIDS;[JAPKI43T8] CUADRO JACKET 2.0 KIDS (8, NEGRO);JAPKI43T8;KIDS;Negro;8;SAMBIL CHACAO;1
2025;DICIEMBRE;CUADRO JACKET 2.0 KIDS;[JAPKI43T10] CUADRO JACKET 2.0 KIDS (10, NEGRO);JAPKI43T10;KIDS;Negro;10;SAMBIL CHACAO;1
2025;DICIEMBRE;CUADRO JACKET 2.0 DAMA;[JAPDA43TM] CUADRO JACKET 2.0 DAMA (M, NEGRO);JAPDA43TM;DAMA;Negro;M;SAMBIL VALENCIA;1
2025;DICIEMBRE;CUADRO JACKET 2.0 DAMA;[JAPDA16TXS] CUADRO JACKET 2.0 DAMA (XS, BLANCO);JAPDA16TXS;DAMA;Blanco;XS;SAMBIL CHACAO;1
2025;DICIEMBRE;CUADRO JACKET 2.0 CAB;[JAPCA43TS] CUADRO JACKET 2.0 CAB (S, NEGRO);JAPCA43TS;CAB;Negro;S;SAMBIL VALENCIA;1
2025;DICIEMBRE;CUADRO JACKET 2.0 CAB;[JAPCA16TXL] CUADRO JACKET 2.0 CAB (XL, BLANCO);JAPCA16TXL;CAB;Blanco;XL;CERRO VERDE;1
2025;DICIEMBRE;CUADRO JACKET 2.0 CAB;[JAPCA16TXL] CUADRO JACKET 2.0 CAB (XL, BLANCO);JAPCA16TXL;CAB;Blanco;XL;SAMBIL VALENCIA;1
2025;DICIEMBRE;CUADRO JACKET 2.0 KIDS;[JAPKI162T12] CUADRO JACKET 2.0 KIDS (12, AZUL POLO);JAPKI162T12;KIDS;Azul Polo;12;SAMBIL VALENCIA;1
2025;DICIEMBRE;CUADRO JACKET 2.0 CAB;[JAPCA43TS] CUADRO JACKET 2.0 CAB (S, NEGRO);JAPCA43TS;CAB;Negro;S;SAMBIL VALENCIA;1
2025;DICIEMBRE;CUADRO JACKET 2.0 CAB;[JAPCA162TS] CUADRO JACKET 2.0 CAB (S, AZUL POLO);JAPCA162TS;CAB;Azul Polo;S;SAMBIL CHACAO;1
2025;DICIEMBRE;CUADRO JACKET 2.0 CAB;[JAPCA162TL] CUADRO JACKET 2.0 CAB (L, AZUL POLO);JAPCA162TL;CAB;Azul Polo;L;SAMBIL CHACAO;1
2025;DICIEMBRE;CUADRO JACKET 2.0 DAMA;[JAPDA01TXS] CUADRO JACKET 2.0 DAMA (XS, AGUAMARINA);JAPDA01TXS;DAMA;Aguamarina;XS;SAMBIL CHACAO;1
2025;DICIEMBRE;CUADRO JACKET 2.0 CAB;[JAPCA01TL] CUADRO JACKET 2.0 CAB (L, AGUAMARINA);JAPCA01TL;CAB;Aguamarina;L;SAMBIL CHACAO;1
2025;DICIEMBRE;CUADRO JACKET 2.0 DAMA;[JAPDA43TS] CUADRO JACKET 2.0 DAMA (S, NEGRO);JAPDA43TS;DAMA;Negro;S;SAMBIL VALENCIA;1
2025;DICIEMBRE;CUADRO JACKET 2.0 DAMA;[JAPDA35TXS] CUADRO JACKET 2.0 DAMA (XS, MAGENTA);JAPDA35TXS;DAMA;Magenta;XS;SAMBIL CHACAO;1
2025;DICIEMBRE;CUADRO JACKET 2.0 CAB;[JAPCA162TL] CUADRO JACKET 2.0 CAB (L, AZUL POLO);JAPCA162TL;CAB;Azul Polo;L;SAMBIL CHACAO;-1
2025;DICIEMBRE;CUADRO JACKET 2.0 CAB;[JAPCA162TM] CUADRO JACKET 2.0 CAB (M, AZUL POLO);JAPCA162TM;CAB;Azul Polo;M;SAMBIL CHACAO;1
2025;DICIEMBRE;CUADRO JACKET 2.0 DAMA;[JAPDA16TS] CUADRO JACKET 2.0 DAMA (S, BLANCO);JAPDA16TS;DAMA;Blanco;S;SAMBIL VALENCIA;1
2025;DICIEMBRE;CUADRO JACKET 2.0 CAB;[JAPCA43TL] CUADRO JACKET 2.0 CAB (L, NEGRO);JAPCA43TL;CAB;Negro;L;SAMBIL CHACAO;1
2025;DICIEMBRE;CUADRO JACKET 2.0 CAB;[JAPCA43TS] CUADRO JACKET 2.0 CAB (S, NEGRO);JAPCA43TS;CAB;Negro;S;GRIETA;1
2025;DICIEMBRE;CUADRO JACKET 2.0 CAB;[JAPCA16TXL] CUADRO JACKET 2.0 CAB (XL, BLANCO);JAPCA16TXL;CAB;Blanco;XL;SAMBIL VALENCIA;1
2025;DICIEMBRE;CUADRO JACKET 2.0 DAMA;[JAPDA01TL] CUADRO JACKET 2.0 DAMA (L, AGUAMARINA);JAPDA01TL;DAMA;Aguamarina;L;GRIETA;1
2025;DICIEMBRE;CUADRO JACKET 2.0 DAMA;[JAPDA66TM] CUADRO JACKET 2.0 DAMA (M, VERDE MILITAR);JAPDA66TM;DAMA;Verde Militar;M;SAMBIL VALENCIA;1
2025;DICIEMBRE;CUADRO JACKET 2.0 KIDS;[JAPKI43T6] CUADRO JACKET 2.0 KIDS (6, NEGRO);JAPKI43T6;KIDS;Negro;6;SAMBIL VALENCIA;1
2025;DICIEMBRE;CUADRO JACKET 2.0 DAMA;[JAPDA43TS] CUADRO JACKET 2.0 DAMA (S, NEGRO);JAPDA43TS;DAMA;Negro;S;SAMBIL VALENCIA;1
2025;DICIEMBRE;CUADRO JACKET 2.0 CAB;[JAPCA43TM] CUADRO JACKET 2.0 CAB (M, NEGRO);JAPCA43TM;CAB;Negro;M;SAMBIL VALENCIA;1
2025;DICIEMBRE;CUADRO JACKET 2.0 DAMA;[JAPDA01TS] CUADRO JACKET 2.0 DAMA (S, AGUAMARINA);JAPDA01TS;DAMA;Aguamarina;S;GRIETA;1
2025;DICIEMBRE;CUADRO JACKET 2.0 CAB;[JAPCA01TL] CUADRO JACKET 2.0 CAB (L, AGUAMARINA);JAPCA01TL;CAB;Aguamarina;L;GRIETA;1
2025;DICIEMBRE;CUADRO JACKET 2.0 DAMA;[JAPDA43TXS] CUADRO JACKET 2.0 DAMA (XS, NEGRO);JAPDA43TXS;DAMA;Negro;XS;SAMBIL CHACAO;1
2025;DICIEMBRE;CUADRO JACKET 2.0 KIDS;[JAPKI43T12] CUADRO JACKET 2.0 KIDS (12, NEGRO);JAPKI43T12;KIDS;Negro;12;SAMBIL CHACAO;1
2025;DICIEMBRE;CUADRO JACKET 2.0 CAB;[JAPCA162TM] CUADRO JACKET 2.0 CAB (M, AZUL POLO);JAPCA162TM;CAB;Azul Polo;M;CERRO VERDE;1
2025;DICIEMBRE;CUADRO JACKET 2.0 CAB;[JAPCA162TS] CUADRO JACKET 2.0 CAB (S, AZUL POLO);JAPCA162TS;CAB;Azul Polo;S;SAMBIL VALENCIA;1
2025;DICIEMBRE;CUADRO JACKET 2.0 CAB;[JAPCA162TM] CUADRO JACKET 2.0 CAB (M, AZUL POLO);JAPCA162TM;CAB;Azul Polo;M;SAMBIL CHACAO;-1
2025;DICIEMBRE;CUADRO JACKET 2.0 CAB;[JAPCA162TL] CUADRO JACKET 2.0 CAB (L, AZUL POLO);JAPCA162TL;CAB;Azul Polo;L;SAMBIL CHACAO;1
2025;DICIEMBRE;CUADRO JACKET 2.0 CAB;[JAPCA16TS] CUADRO JACKET 2.0 CAB (S, BLANCO);JAPCA16TS;CAB;Blanco;S;SAMBIL VALENCIA;1
2025;DICIEMBRE;CUADRO JACKET 2.0 CAB;[JAPCA16TM] CUADRO JACKET 2.0 CAB (M, BLANCO);JAPCA16TM;CAB;Blanco;M;CERRO VERDE;1
2025;DICIEMBRE;CUADRO JACKET 2.0 DAMA;[JAPDA162TS] CUADRO JACKET 2.0 DAMA (S, AZUL POLO);JAPDA162TS;DAMA;Azul Polo;S;GRAND PLAZ;1
2025;DICIEMBRE;CUADRO JACKET 2.0 CAB;[JAPCA43TL] CUADRO JACKET 2.0 CAB (L, NEGRO);JAPCA43TL;CAB;Negro;L;SAMBIL VALENCIA;1
2025;DICIEMBRE;CUADRO JACKET 2.0 DAMA;[JAPDA66TM] CUADRO JACKET 2.0 DAMA (M, VERDE MILITAR);JAPDA66TM;DAMA;Verde Militar;M;CERRO VERDE;1
2025;DICIEMBRE;CUADRO JACKET 2.0 DAMA;[JAPDA16TM] CUADRO JACKET 2.0 DAMA (M, BLANCO);JAPDA16TM;DAMA;Blanco;M;CERRO VERDE;1
2025;DICIEMBRE;CUADRO JACKET 2.0 CAB;[JAPCA43TXL] CUADRO JACKET 2.0 CAB (XL, NEGRO);JAPCA43TXL;CAB;Negro;XL;CERRO VERDE;1
2025;DICIEMBRE;CUADRO JACKET 2.0 DAMA;[JAPDA16TM] CUADRO JACKET 2.0 DAMA (M, BLANCO);JAPDA16TM;DAMA;Blanco;M;GRIETA;1
2025;DICIEMBRE;CUADRO JACKET 2.0 CAB;[JAPCA16TM] CUADRO JACKET 2.0 CAB (M, BLANCO);JAPCA16TM;CAB;Blanco;M;SAMBIL CHACAO;1
2025;DICIEMBRE;CUADRO JACKET 2.0 DAMA;[JAPDA16TXS] CUADRO JACKET 2.0 DAMA (XS, BLANCO);JAPDA16TXS;DAMA;Blanco;XS;SAMBIL CHACAO;1
2025;DICIEMBRE;CUADRO JACKET 2.0 CAB;[JAPCA162TL] CUADRO JACKET 2.0 CAB (L, AZUL POLO);JAPCA162TL;CAB;Azul Polo;L;SAMBIL CHACAO;1
2025;DICIEMBRE;CUADRO JACKET 2.0 CAB;[JAPCA162TM] CUADRO JACKET 2.0 CAB (M, AZUL POLO);JAPCA162TM;CAB;Azul Polo;M;CERRO VERDE;1
2025;DICIEMBRE;CUADRO JACKET 2.0 CAB;[JAPCA43TM] CUADRO JACKET 2.0 CAB (M, NEGRO);JAPCA43TM;CAB;Negro;M;SAMBIL VALENCIA;1
2025;DICIEMBRE;CUADRO JACKET 2.0 CAB;[JAPCA16TS] CUADRO JACKET 2.0 CAB (S, BLANCO);JAPCA16TS;CAB;Blanco;S;SAMBIL VALENCIA;1
2025;DICIEMBRE;CUADRO JACKET 2.0 CAB;[JAPCA43TM] CUADRO JACKET 2.0 CAB (M, NEGRO);JAPCA43TM;CAB;Negro;M;SAMBIL VALENCIA;1
2025;DICIEMBRE;CUADRO JACKET 2.0 DAMA;[JAPDA43TL] CUADRO JACKET 2.0 DAMA (L, NEGRO);JAPDA43TL;DAMA;Negro;L;SAMBIL VALENCIA;1
2025;DICIEMBRE;CUADRO JACKET 2.0 CAB;[JAPCA43TXL] CUADRO JACKET 2.0 CAB (XL, NEGRO);JAPCA43TXL;CAB;Negro;XL;SAMBIL VALENCIA;1
2025;DICIEMBRE;CUADRO JACKET 2.0 DAMA;[JAPDA43TL] CUADRO JACKET 2.0 DAMA (L, NEGRO);JAPDA43TL;DAMA;Negro;L;SAMBIL VALENCIA;1
2025;DICIEMBRE;CUADRO JACKET 2.0 DAMA;[JAPDA43TM] CUADRO JACKET 2.0 DAMA (M, NEGRO);JAPDA43TM;DAMA;Negro;M;SAMBIL VALENCIA;1
2025;DICIEMBRE;CUADRO JACKET 2.0 CAB;[JAPCA43TXL] CUADRO JACKET 2.0 CAB (XL, NEGRO);JAPCA43TXL;CAB;Negro;XL;SAMBIL VALENCIA;1
2025;DICIEMBRE;CUADRO JACKET 2.0 CAB;[JAPCA43TM] CUADRO JACKET 2.0 CAB (M, NEGRO);JAPCA43TM;CAB;Negro;M;SAMBIL VALENCIA;1
2025;DICIEMBRE;CUADRO JACKET 2.0 CAB;[JAPCA43TS] CUADRO JACKET 2.0 CAB (S, NEGRO);JAPCA43TS;CAB;Negro;S;SAMBIL VALENCIA;1
2025;DICIEMBRE;CUADRO JACKET 2.0 DAMA;[JAPDA16TS] CUADRO JACKET 2.0 DAMA (S, BLANCO);JAPDA16TS;DAMA;Blanco;S;GRIETA;1
2025;DICIEMBRE;CUADRO JACKET 2.0 DAMA;[JAPDA66TM] CUADRO JACKET 2.0 DAMA (M, VERDE MILITAR);JAPDA66TM;DAMA;Verde Militar;M;GRIETA;-1
2025;DICIEMBRE;CUADRO JACKET 2.0 DAMA;[JAPDA16TS] CUADRO JACKET 2.0 DAMA (S, BLANCO);JAPDA16TS;DAMA;Blanco;S;GRIETA;1
2025;DICIEMBRE;CUADRO JACKET 2.0 KIDS;[JAPKI162T2] CUADRO JACKET 2.0 KIDS (2, AZUL POLO);JAPKI162T2;KIDS;Azul Polo;2;CERRO VERDE;1
2025;DICIEMBRE;CUADRO JACKET 2.0 KIDS;[JAPKI162T10] CUADRO JACKET 2.0 KIDS (10, AZUL POLO);JAPKI162T10;KIDS;Azul Polo;10;CERRO VERDE;1
2025;DICIEMBRE;CUADRO JACKET 2.0 DAMA;[JAPDA01TS] CUADRO JACKET 2.0 DAMA (S, AGUAMARINA);JAPDA01TS;DAMA;Aguamarina;S;SAMBIL VALENCIA;1
2025;DICIEMBRE;CUADRO JACKET 2.0 KIDS;[JAPKI162T6] CUADRO JACKET 2.0 KIDS (6, AZUL POLO);JAPKI162T6;KIDS;Azul Polo;6;CERRO VERDE;1
2025;DICIEMBRE;CUADRO JACKET 2.0 DAMA;[JAPDA16TM] CUADRO JACKET 2.0 DAMA (M, BLANCO);JAPDA16TM;DAMA;Blanco;M;GRIETA;1
2025;DICIEMBRE;CUADRO JACKET 2.0 CAB;[JAPCA16T2XL] CUADRO JACKET 2.0 CAB (2XL, BLANCO);JAPCA16T2XL;CAB;Blanco;2XL;SAMBIL VALENCIA;1
2025;DICIEMBRE;CUADRO JACKET 2.0 DAMA;[JAPDA01TS] CUADRO JACKET 2.0 DAMA (S, AGUAMARINA);JAPDA01TS;DAMA;Aguamarina;S;SAMBIL VALENCIA;1
2025;DICIEMBRE;CUADRO JACKET 2.0 CAB;[JAPCA43TL] CUADRO JACKET 2.0 CAB (L, NEGRO);JAPCA43TL;CAB;Negro;L;SAMBIL CHACAO;1
2025;DICIEMBRE;CUADRO JACKET 2.0 CAB;[JAPCA43TL] CUADRO JACKET 2.0 CAB (L, NEGRO);JAPCA43TL;CAB;Negro;L;SAMBIL VALENCIA;1
2025;DICIEMBRE;CUADRO JACKET 2.0 DAMA;[JAPDA43TM] CUADRO JACKET 2.0 DAMA (M, NEGRO);JAPDA43TM;DAMA;Negro;M;SAMBIL VALENCIA;1
2025;DICIEMBRE;CUADRO JACKET 2.0 CAB;[JAPCA162TM] CUADRO JACKET 2.0 CAB (M, AZUL POLO);JAPCA162TM;CAB;Azul Polo;M;GRIETA;1
2025;DICIEMBRE;CUADRO JACKET 2.0 DAMA;[JAPDA43TS] CUADRO JACKET 2.0 DAMA (S, NEGRO);JAPDA43TS;DAMA;Negro;S;GRAND PLAZ;1
2025;DICIEMBRE;CUADRO JACKET 2.0 CAB;[JAPCA43TS] CUADRO JACKET 2.0 CAB (S, NEGRO);JAPCA43TS;CAB;Negro;S;GRAND PLAZ;2
2025;DICIEMBRE;CUADRO JACKET 2.0 CAB;[JAPCA162TS] CUADRO JACKET 2.0 CAB (S, AZUL POLO);JAPCA162TS;CAB;Azul Polo;S;GRAND PLAZ;1
2025;DICIEMBRE;CUADRO JACKET 2.0 DAMA;[JAPDA35TXL] CUADRO JACKET 2.0 DAMA (XL, MAGENTA);JAPDA35TXL;DAMA;Magenta;XL;GRIETA;1
2025;DICIEMBRE;CUADRO JACKET 2.0 DAMA;[JAPDA35TM] CUADRO JACKET 2.0 DAMA (M, MAGENTA);JAPDA35TM;DAMA;Magenta;M;SAMBIL CHACAO;1
2025;DICIEMBRE;CUADRO JACKET 2.0 DAMA;[JAPDA35TXS] CUADRO JACKET 2.0 DAMA (XS, MAGENTA);JAPDA35TXS;DAMA;Magenta;XS;GRIETA;1
2025;DICIEMBRE;CUADRO JACKET 2.0 CAB;[JAPCA43TL] CUADRO JACKET 2.0 CAB (L, NEGRO);JAPCA43TL;CAB;Negro;L;SAMBIL VALENCIA;1
2025;DICIEMBRE;CUADRO JACKET 2.0 CAB;[JAPCA43TL] CUADRO JACKET 2.0 CAB (L, NEGRO);JAPCA43TL;CAB;Negro;L;GRIETA;1
2025;DICIEMBRE;CUADRO JACKET 2.0 CAB;[JAPCA162TXL] CUADRO JACKET 2.0 CAB (XL, AZUL POLO);JAPCA162TXL;CAB;Azul Polo;XL;SAMBIL CHACAO;1
2025;DICIEMBRE;CUADRO JACKET 2.0 DAMA;[JAPDA66TS] CUADRO JACKET 2.0 DAMA (S, VERDE MILITAR);JAPDA66TS;DAMA;Verde Militar;S;SAMBIL CHACAO;1
2025;DICIEMBRE;CUADRO JACKET 2.0 DAMA;[JAPDA162TS] CUADRO JACKET 2.0 DAMA (S, AZUL POLO);JAPDA162TS;DAMA;Azul Polo;S;SAMBIL CHACAO;1
2025;DICIEMBRE;CUADRO JACKET 2.0 KIDS;[JAPKI162T8] CUADRO JACKET 2.0 KIDS (8, AZUL POLO);JAPKI162T8;KIDS;Azul Polo;8;SAMBIL CHACAO;1
2025;DICIEMBRE;CUADRO JACKET 2.0 CAB;[JAPCA43TM] CUADRO JACKET 2.0 CAB (M, NEGRO);JAPCA43TM;CAB;Negro;M;SAMBIL VALENCIA;1
2025;DICIEMBRE;CUADRO JACKET 2.0 CAB;[JAPCA43TS] CUADRO JACKET 2.0 CAB (S, NEGRO);JAPCA43TS;CAB;Negro;S;SAMBIL CHACAO;1
2025;DICIEMBRE;CUADRO JACKET 2.0 DAMA;[JAPDA16TXL] CUADRO JACKET 2.0 DAMA (XL, BLANCO);JAPDA16TXL;DAMA;Blanco;XL;SAMBIL VALENCIA;1
2025;DICIEMBRE;CUADRO JACKET 2.0 CAB;[JAPCA66TM] CUADRO JACKET 2.0 CAB (M, VERDE MILITAR);JAPCA66TM;CAB;Verde Militar;M;SAMBIL CHACAO;1
2025;DICIEMBRE;CUADRO JACKET 2.0 KIDS;[JAPKI01T6] CUADRO JACKET 2.0 KIDS (6, AGUAMARINA);JAPKI01T6;KIDS;Aguamarina;6;SAMBIL CHACAO;1
2025;DICIEMBRE;CUADRO JACKET 2.0 DAMA;[JAPDA01TM] CUADRO JACKET 2.0 DAMA (M, AGUAMARINA);JAPDA01TM;DAMA;Aguamarina;M;SAMBIL CHACAO;1
2025;DICIEMBRE;CUADRO JACKET 2.0 CAB;[JAPCA43TM] CUADRO JACKET 2.0 CAB (M, NEGRO);JAPCA43TM;CAB;Negro;M;SAMBIL CHACAO;1
2025;DICIEMBRE;CUADRO JACKET 2.0 CAB;[JAPCA43T2XL] CUADRO JACKET 2.0 CAB (2XL, NEGRO);JAPCA43T2XL;CAB;Negro;2XL;SAMBIL VALENCIA;1
2026;JUNIO;CUADRO JACKET 2.0 DAMA;[JAPDA43TS] CUADRO JACKET 2.0 DAMA (S, NEGRO);JAPDA43TS;DAMA;Negro;S;CERRO VERDE;1
2026;ENERO;CUADRO JACKET 2.0 DAMA;[JAPDA16TM] CUADRO JACKET 2.0 DAMA (M, BLANCO);JAPDA16TM;DAMA;Blanco;M;GRIETA;1
2026;ENERO;CUADRO JACKET 2.0 CAB;[JAPCA162T2XL] CUADRO JACKET 2.0 CAB (2XL, AZUL POLO);JAPCA162T2XL;CAB;Azul Polo;2XL;GRIETA;1
2026;ENERO;CUADRO JACKET 2.0 DAMA;[JAPDA162TS] CUADRO JACKET 2.0 DAMA (S, AZUL POLO);JAPDA162TS;DAMA;Azul Polo;S;CERRO VERDE;1
2026;ENERO;CUADRO JACKET 2.0 DAMA;[JAPDA66TS] CUADRO JACKET 2.0 DAMA (S, VERDE MILITAR);JAPDA66TS;DAMA;Verde Militar;S;CERRO VERDE;1
2026;ENERO;CUADRO JACKET 2.0 DAMA;[JAPDA16TXS] CUADRO JACKET 2.0 DAMA (XS, BLANCO);JAPDA16TXS;DAMA;Blanco;XS;GRIETA;1
2026;ENERO;CUADRO JACKET 2.0 CAB;[JAPCA162TM] CUADRO JACKET 2.0 CAB (M, AZUL POLO);JAPCA162TM;CAB;Azul Polo;M;GRIETA;1
2026;ENERO;CUADRO JACKET 2.0 CAB;[JAPCA16TM] CUADRO JACKET 2.0 CAB (M, BLANCO);JAPCA16TM;CAB;Blanco;M;GRIETA;1
2026;ENERO;CUADRO JACKET 2.0 CAB;[JAPCA162TXL] CUADRO JACKET 2.0 CAB (XL, AZUL POLO);JAPCA162TXL;CAB;Azul Polo;XL;GRIETA;1
2026;ENERO;CUADRO JACKET 2.0 DAMA;[JAPDA66TXS] CUADRO JACKET 2.0 DAMA (XS, VERDE MILITAR);JAPDA66TXS;DAMA;Verde Militar;XS;CERRO VERDE;1
2026;ENERO;CUADRO JACKET 2.0 CAB;[JAPCA66TL] CUADRO JACKET 2.0 CAB (L, VERDE MILITAR);JAPCA66TL;CAB;Verde Militar;L;CERRO VERDE;1
2026;ENERO;CUADRO JACKET 2.0 CAB;[JAPCA162T2XL] CUADRO JACKET 2.0 CAB (2XL, AZUL POLO);JAPCA162T2XL;CAB;Azul Polo;2XL;GRIETA;1
2026;ENERO;CUADRO JACKET 2.0 CAB;[JAPCA16TXL] CUADRO JACKET 2.0 CAB (XL, BLANCO);JAPCA16TXL;CAB;Blanco;XL;SAMBIL CHACAO;1
2026;ENERO;CUADRO JACKET 2.0 CAB;[JAPCA162T2XL] CUADRO JACKET 2.0 CAB (2XL, AZUL POLO);JAPCA162T2XL;CAB;Azul Polo;2XL;CERRO VERDE;1
2026;ENERO;CUADRO JACKET 2.0 CAB;[JAPCA66TL] CUADRO JACKET 2.0 CAB (L, VERDE MILITAR);JAPCA66TL;CAB;Verde Militar;L;CERRO VERDE;1
2026;ENERO;CUADRO JACKET 2.0 DAMA;[JAPDA43TXS] CUADRO JACKET 2.0 DAMA (XS, NEGRO);JAPDA43TXS;DAMA;Negro;XS;SAMBIL CHACAO;1
2026;ENERO;CUADRO JACKET 2.0 CAB;[JAPCA66TL] CUADRO JACKET 2.0 CAB (L, VERDE MILITAR);JAPCA66TL;CAB;Verde Militar;L;SAMBIL CHACAO;1
2026;ENERO;CUADRO JACKET 2.0 DAMA;[JAPDA35TS] CUADRO JACKET 2.0 DAMA (S, MAGENTA);JAPDA35TS;DAMA;Magenta;S;SAMBIL CHACAO;1
2026;ENERO;CUADRO JACKET 2.0 CAB;[JAPCA16TXL] CUADRO JACKET 2.0 CAB (XL, BLANCO);JAPCA16TXL;CAB;Blanco;XL;GRIETA;1
2026;ENERO;CUADRO JACKET 2.0 CAB;[JAPCA162TXL] CUADRO JACKET 2.0 CAB (XL, AZUL POLO);JAPCA162TXL;CAB;Azul Polo;XL;GRIETA;1
2026;ENERO;CUADRO JACKET 2.0 CAB;[JAPCA162T2XL] CUADRO JACKET 2.0 CAB (2XL, AZUL POLO);JAPCA162T2XL;CAB;Azul Polo;2XL;GRIETA;1
2026;ENERO;CUADRO JACKET 2.0 DAMA;[JAPDA16TM] CUADRO JACKET 2.0 DAMA (M, BLANCO);JAPDA16TM;DAMA;Blanco;M;GRIETA;1
2026;ENERO;CUADRO JACKET 2.0 KIDS;[JAPKI35T2] CUADRO JACKET 2.0 KIDS (2, MAGENTA);JAPKI35T2;KIDS;Magenta;2;GRIETA;1
2026;ENERO;CUADRO JACKET 2.0 KIDS;[JAPKI01T8] CUADRO JACKET 2.0 KIDS (8, AGUAMARINA);JAPKI01T8;KIDS;Aguamarina;8;GRIETA;1
2026;ENERO;CUADRO JACKET 2.0 CAB;[JAPCA43TL] CUADRO JACKET 2.0 CAB (L, NEGRO);JAPCA43TL;CAB;Negro;L;SAMBIL VALENCIA;1
2026;ENERO;CUADRO JACKET 2.0 CAB;[JAPCA66TS] CUADRO JACKET 2.0 CAB (S, VERDE MILITAR);JAPCA66TS;CAB;Verde Militar;S;CERRO VERDE;1
2026;ENERO;CUADRO JACKET 2.0 KIDS;[JAPKI43T12] CUADRO JACKET 2.0 KIDS (12, NEGRO);JAPKI43T12;KIDS;Negro;12;CERRO VERDE;1
2026;ENERO;CUADRO JACKET 2.0 DAMA;[JAPDA43TXS] CUADRO JACKET 2.0 DAMA (XS, NEGRO);JAPDA43TXS;DAMA;Negro;XS;CERRO VERDE;1
2026;ENERO;CUADRO JACKET 2.0 CAB;[JAPCA43TL] CUADRO JACKET 2.0 CAB (L, NEGRO);JAPCA43TL;CAB;Negro;L;CERRO VERDE;1
2026;ENERO;CUADRO JACKET 2.0 CAB;[JAPCA01T2XL] CUADRO JACKET 2.0 CAB (2XL, AGUAMARINA);JAPCA01T2XL;CAB;Aguamarina;2XL;SAMBIL VALENCIA;1
2026;ENERO;CUADRO JACKET 2.0 DAMA;[JAPDA01TM] CUADRO JACKET 2.0 DAMA (M, AGUAMARINA);JAPDA01TM;DAMA;Aguamarina;M;SAMBIL VALENCIA;1
2026;ENERO;CUADRO JACKET 2.0 DAMA;[JAPDA35TS] CUADRO JACKET 2.0 DAMA (S, MAGENTA);JAPDA35TS;DAMA;Magenta;S;CERRO VERDE;1
2026;ENERO;CUADRO JACKET 2.0 DAMA;[JAPDA16TS] CUADRO JACKET 2.0 DAMA (S, BLANCO);JAPDA16TS;DAMA;Blanco;S;CERRO VERDE;1
2026;ENERO;CUADRO JACKET 2.0 DAMA;[JAPDA16TM] CUADRO JACKET 2.0 DAMA (M, BLANCO);JAPDA16TM;DAMA;Blanco;M;SAMBIL CHACAO;1
2026;ENERO;CUADRO JACKET 2.0 DAMA;[JAPDA43TS] CUADRO JACKET 2.0 DAMA (S, NEGRO);JAPDA43TS;DAMA;Negro;S;SAMBIL VALENCIA;1
2026;ENERO;CUADRO JACKET 2.0 KIDS;[JAPKI43T6] CUADRO JACKET 2.0 KIDS (6, NEGRO);JAPKI43T6;KIDS;Negro;6;CERRO VERDE;-1
2026;ENERO;CUADRO JACKET 2.0 KIDS;[JAPKI43T12] CUADRO JACKET 2.0 KIDS (12, NEGRO);JAPKI43T12;KIDS;Negro;12;CERRO VERDE;1
2026;ENERO;CUADRO JACKET 2.0 DAMA;[JAPDA43TXS] CUADRO JACKET 2.0 DAMA (XS, NEGRO);JAPDA43TXS;DAMA;Negro;XS;SAMBIL VALENCIA;1
2026;ENERO;CUADRO JACKET 2.0 KIDS;[JAPKI43T10] CUADRO JACKET 2.0 KIDS (10, NEGRO);JAPKI43T10;KIDS;Negro;10;SAMBIL VALENCIA;1
2026;ENERO;CUADRO JACKET 2.0 DAMA;[JAPDA16TM] CUADRO JACKET 2.0 DAMA (M, BLANCO);JAPDA16TM;DAMA;Blanco;M;SAMBIL VALENCIA;1
2026;ENERO;CUADRO JACKET 2.0 CAB;[JAPCA16TL] CUADRO JACKET 2.0 CAB (L, BLANCO);JAPCA16TL;CAB;Blanco;L;SAMBIL VALENCIA;1
2026;ENERO;CUADRO JACKET 2.0 KIDS;[JAPKI01T4] CUADRO JACKET 2.0 KIDS (4, AGUAMARINA);JAPKI01T4;KIDS;Aguamarina;4;GRIETA;1
2026;ENERO;CUADRO JACKET 2.0 CAB;[JAPCA16TXL] CUADRO JACKET 2.0 CAB (XL, BLANCO);JAPCA16TXL;CAB;Blanco;XL;CERRO VERDE;1
2026;ENERO;CUADRO JACKET 2.0 DAMA;[JAPDA35TS] CUADRO JACKET 2.0 DAMA (S, MAGENTA);JAPDA35TS;DAMA;Magenta;S;SAMBIL VALENCIA;1
2026;ENERO;CUADRO JACKET 2.0 DAMA;[JAPDA43TXS] CUADRO JACKET 2.0 DAMA (XS, NEGRO);JAPDA43TXS;DAMA;Negro;XS;GRIETA;1
2026;ENERO;CUADRO JACKET 2.0 CAB;[JAPCA16TM] CUADRO JACKET 2.0 CAB (M, BLANCO);JAPCA16TM;CAB;Blanco;M;SAMBIL VALENCIA;1
2026;ENERO;CUADRO JACKET 2.0 KIDS;[JAPKI43T12] CUADRO JACKET 2.0 KIDS (12, NEGRO);JAPKI43T12;KIDS;Negro;12;GRIETA;1
2026;ENERO;CUADRO JACKET 2.0 KIDS;[JAPKI162T6] CUADRO JACKET 2.0 KIDS (6, AZUL POLO);JAPKI162T6;KIDS;Azul Polo;6;SAMBIL VALENCIA;1
2026;ENERO;CUADRO JACKET 2.0 DAMA;[JAPDA16TM] CUADRO JACKET 2.0 DAMA (M, BLANCO);JAPDA16TM;DAMA;Blanco;M;GRIETA;-1
2026;ENERO;CUADRO JACKET 2.0 KIDS;[JAPKI162T12] CUADRO JACKET 2.0 KIDS (12, AZUL POLO);JAPKI162T12;KIDS;Azul Polo;12;SAMBIL VALENCIA;1
2026;ENERO;CUADRO JACKET 2.0 CAB;[JAPCA43TL] CUADRO JACKET 2.0 CAB (L, NEGRO);JAPCA43TL;CAB;Negro;L;GRIETA;1
2026;ENERO;CUADRO JACKET 2.0 DAMA;[JAPDA43TS] CUADRO JACKET 2.0 DAMA (S, NEGRO);JAPDA43TS;DAMA;Negro;S;SAMBIL VALENCIA;1
2026;ENERO;CUADRO JACKET 2.0 CAB;[JAPCA43TS] CUADRO JACKET 2.0 CAB (S, NEGRO);JAPCA43TS;CAB;Negro;S;SAMBIL VALENCIA;1
2026;ENERO;CUADRO JACKET 2.0 DAMA;[JAPDA162TXS] CUADRO JACKET 2.0 DAMA (XS, AZUL POLO);JAPDA162TXS;DAMA;Azul Polo;XS;SAMBIL VALENCIA;1
2026;ENERO;CUADRO JACKET 2.0 CAB;[JAPCA43TL] CUADRO JACKET 2.0 CAB (L, NEGRO);JAPCA43TL;CAB;Negro;L;CERRO VERDE;1
2026;ENERO;CUADRO JACKET 2.0 KIDS;[JAPKI35T10] CUADRO JACKET 2.0 KIDS (10, MAGENTA);JAPKI35T10;KIDS;Magenta;10;CERRO VERDE;1
2026;ENERO;CUADRO JACKET 2.0 DAMA;[JAPDA35TXS] CUADRO JACKET 2.0 DAMA (XS, MAGENTA);JAPDA35TXS;DAMA;Magenta;XS;SAMBIL CHACAO;1
2026;ENERO;CUADRO JACKET 2.0 DAMA;[JAPDA16TM] CUADRO JACKET 2.0 DAMA (M, BLANCO);JAPDA16TM;DAMA;Blanco;M;SAMBIL CHACAO;1
2026;ENERO;CUADRO JACKET 2.0 CAB;[JAPCA43TM] CUADRO JACKET 2.0 CAB (M, NEGRO);JAPCA43TM;CAB;Negro;M;SAMBIL CHACAO;1
2026;ENERO;CUADRO JACKET 2.0 DAMA;[JAPDA162TM] CUADRO JACKET 2.0 DAMA (M, AZUL POLO);JAPDA162TM;DAMA;Azul Polo;M;GRIETA;1
2026;ENERO;CUADRO JACKET 2.0 DAMA;[JAPDA43TXS] CUADRO JACKET 2.0 DAMA (XS, NEGRO);JAPDA43TXS;DAMA;Negro;XS;SAMBIL VALENCIA;1
2026;ENERO;CUADRO JACKET 2.0 DAMA;[JAPDA43TXS] CUADRO JACKET 2.0 DAMA (XS, NEGRO);JAPDA43TXS;DAMA;Negro;XS;SAMBIL VALENCIA;1
2026;ENERO;CUADRO JACKET 2.0 CAB;[JAPCA162TM] CUADRO JACKET 2.0 CAB (M, AZUL POLO);JAPCA162TM;CAB;Azul Polo;M;SAMBIL VALENCIA;1
2026;ENERO;CUADRO JACKET 2.0 DAMA;[JAPDA16TS] CUADRO JACKET 2.0 DAMA (S, BLANCO);JAPDA16TS;DAMA;Blanco;S;GRIETA;-1
2026;ENERO;CUADRO JACKET 2.0 DAMA;[JAPDA16TM] CUADRO JACKET 2.0 DAMA (M, BLANCO);JAPDA16TM;DAMA;Blanco;M;GRIETA;1
2026;ENERO;CUADRO JACKET 2.0 KIDS;[JAPKI43T12] CUADRO JACKET 2.0 KIDS (12, NEGRO);JAPKI43T12;KIDS;Negro;12;SAMBIL VALENCIA;1
2026;ENERO;CUADRO JACKET 2.0 DAMA;[JAPDA43TS] CUADRO JACKET 2.0 DAMA (S, NEGRO);JAPDA43TS;DAMA;Negro;S;SAMBIL VALENCIA;1
2026;ENERO;CUADRO JACKET 2.0 CAB;[JAPCA43TS] CUADRO JACKET 2.0 CAB (S, NEGRO);JAPCA43TS;CAB;Negro;S;SAMBIL VALENCIA;1
2026;ENERO;CUADRO JACKET 2.0 DAMA;[JAPDA16TM] CUADRO JACKET 2.0 DAMA (M, BLANCO);JAPDA16TM;DAMA;Blanco;M;WEB;1
2026;ENERO;CUADRO JACKET 2.0 KIDS;[JAPKI43T12] CUADRO JACKET 2.0 KIDS (12, NEGRO);JAPKI43T12;KIDS;Negro;12;GRIETA;1
2026;ENERO;CUADRO JACKET 2.0 CAB;[JAPCA43TL] CUADRO JACKET 2.0 CAB (L, NEGRO);JAPCA43TL;CAB;Negro;L;GRIETA;1
2026;ENERO;CUADRO JACKET 2.0 CAB;[JAPCA162TXL] CUADRO JACKET 2.0 CAB (XL, AZUL POLO);JAPCA162TXL;CAB;Azul Polo;XL;GRIETA;1
2026;ENERO;CUADRO JACKET 2.0 CAB;[JAPCA43TL] CUADRO JACKET 2.0 CAB (L, NEGRO);JAPCA43TL;CAB;Negro;L;GRIETA;1
2026;ENERO;CUADRO JACKET 2.0 DAMA;[JAPDA16TL] CUADRO JACKET 2.0 DAMA (L, BLANCO);JAPDA16TL;DAMA;Blanco;L;GRIETA;1
2026;ENERO;CUADRO JACKET 2.0 CAB;[JAPCA66TM] CUADRO JACKET 2.0 CAB (M, VERDE MILITAR);JAPCA66TM;CAB;Verde Militar;M;SAMBIL CHACAO;1
2026;ENERO;CUADRO JACKET 2.0 CAB;[JAPCA43T2XL] CUADRO JACKET 2.0 CAB (2XL, NEGRO);JAPCA43T2XL;CAB;Negro;2XL;SAMBIL VALENCIA;1
2026;ENERO;CUADRO JACKET 2.0 CAB;[JAPCA66TL] CUADRO JACKET 2.0 CAB (L, VERDE MILITAR);JAPCA66TL;CAB;Verde Militar;L;SAMBIL VALENCIA;1
2026;ENERO;CUADRO JACKET 2.0 KIDS;[JAPKI01T2] CUADRO JACKET 2.0 KIDS (2, AGUAMARINA);JAPKI01T2;KIDS;Aguamarina;2;GRIETA;1
2026;ENERO;CUADRO JACKET 2.0 DAMA;[JAPDA162TXS] CUADRO JACKET 2.0 DAMA (XS, AZUL POLO);JAPDA162TXS;DAMA;Azul Polo;XS;GRIETA;1
2026;ENERO;CUADRO JACKET 2.0 DAMA;[JAPDA16TS] CUADRO JACKET 2.0 DAMA (S, BLANCO);JAPDA16TS;DAMA;Blanco;S;SAMBIL CHACAO;1
2026;ENERO;CUADRO JACKET 2.0 CAB;[JAPCA16TXL] CUADRO JACKET 2.0 CAB (XL, BLANCO);JAPCA16TXL;CAB;Blanco;XL;SAMBIL CHACAO;1
2026;ENERO;CUADRO JACKET 2.0 DAMA;[JAPDA162TS] CUADRO JACKET 2.0 DAMA (S, AZUL POLO);JAPDA162TS;DAMA;Azul Polo;S;SAMBIL CHACAO;-1
2026;ENERO;CUADRO JACKET 2.0 CAB;[JAPCA43TL] CUADRO JACKET 2.0 CAB (L, NEGRO);JAPCA43TL;CAB;Negro;L;SAMBIL CHACAO;-1
2026;ENERO;CUADRO JACKET 2.0 DAMA;[JAPDA162TS] CUADRO JACKET 2.0 DAMA (S, AZUL POLO);JAPDA162TS;DAMA;Azul Polo;S;SAMBIL CHACAO;1
2026;ENERO;CUADRO JACKET 2.0 DAMA;[JAPDA162TXS] CUADRO JACKET 2.0 DAMA (XS, AZUL POLO);JAPDA162TXS;DAMA;Azul Polo;XS;CERRO VERDE;1
2026;ENERO;CUADRO JACKET 2.0 CAB;[JAPCA16TS] CUADRO JACKET 2.0 CAB (S, BLANCO);JAPCA16TS;CAB;Blanco;S;SAMBIL CHACAO;1
2026;ENERO;CUADRO JACKET 2.0 CAB;[JAPCA162TM] CUADRO JACKET 2.0 CAB (M, AZUL POLO);JAPCA162TM;CAB;Azul Polo;M;CERRO VERDE;1
2026;ENERO;CUADRO JACKET 2.0 CAB;[JAPCA43TM] CUADRO JACKET 2.0 CAB (M, NEGRO);JAPCA43TM;CAB;Negro;M;SAMBIL CHACAO;1
2026;ENERO;CUADRO JACKET 2.0 CAB;[JAPCA162TM] CUADRO JACKET 2.0 CAB (M, AZUL POLO);JAPCA162TM;CAB;Azul Polo;M;SAMBIL CHACAO;1
2026;ENERO;CUADRO JACKET 2.0 DAMA;[JAPDA43TS] CUADRO JACKET 2.0 DAMA (S, NEGRO);JAPDA43TS;DAMA;Negro;S;SAMBIL VALENCIA;1
2026;ENERO;CUADRO JACKET 2.0 KIDS;[JAPKI01T12] CUADRO JACKET 2.0 KIDS (12, AGUAMARINA);JAPKI01T12;KIDS;Aguamarina;12;GRIETA;-1
2026;ENERO;CUADRO JACKET 2.0 DAMA;[JAPDA16TXS] CUADRO JACKET 2.0 DAMA (XS, BLANCO);JAPDA16TXS;DAMA;Blanco;XS;GRIETA;1
2026;ENERO;CUADRO JACKET 2.0 DAMA;[JAPDA16TXS] CUADRO JACKET 2.0 DAMA (XS, BLANCO);JAPDA16TXS;DAMA;Blanco;XS;SAMBIL VALENCIA;1
2026;ENERO;CUADRO JACKET 2.0 CAB;[JAPCA66TM] CUADRO JACKET 2.0 CAB (M, VERDE MILITAR);JAPCA66TM;CAB;Verde Militar;M;CERRO VERDE;1
2026;ENERO;CUADRO JACKET 2.0 CAB;[JAPCA16TL] CUADRO JACKET 2.0 CAB (L, BLANCO);JAPCA16TL;CAB;Blanco;L;SAMBIL CHACAO;1
2026;ENERO;CUADRO JACKET 2.0 DAMA;[JAPDA43TM] CUADRO JACKET 2.0 DAMA (M, NEGRO);JAPDA43TM;DAMA;Negro;M;GRIETA;1
2026;ENERO;CUADRO JACKET 2.0 DAMA;[JAPDA35TS] CUADRO JACKET 2.0 DAMA (S, MAGENTA);JAPDA35TS;DAMA;Magenta;S;SAMBIL CHACAO;1
2026;ENERO;CUADRO JACKET 2.0 CAB;[JAPCA43TM] CUADRO JACKET 2.0 CAB (M, NEGRO);JAPCA43TM;CAB;Negro;M;SAMBIL CHACAO;1
2026;ENERO;CUADRO JACKET 2.0 CAB;[JAPCA43TM] CUADRO JACKET 2.0 CAB (M, NEGRO);JAPCA43TM;CAB;Negro;M;SAMBIL VALENCIA;1
2026;ENERO;CUADRO JACKET 2.0 DAMA;[JAPDA35TS] CUADRO JACKET 2.0 DAMA (S, MAGENTA);JAPDA35TS;DAMA;Magenta;S;SAMBIL CHACAO;1
2026;ENERO;CUADRO JACKET 2.0 DAMA;[JAPDA162TS] CUADRO JACKET 2.0 DAMA (S, AZUL POLO);JAPDA162TS;DAMA;Azul Polo;S;CERRO VERDE;1
2026;ENERO;CUADRO JACKET 2.0 KIDS;[JAPKI35T10] CUADRO JACKET 2.0 KIDS (10, MAGENTA);JAPKI35T10;KIDS;Magenta;10;SAMBIL CHACAO;1
2026;ENERO;CUADRO JACKET 2.0 DAMA;[JAPDA35TM] CUADRO JACKET 2.0 DAMA (M, MAGENTA);JAPDA35TM;DAMA;Magenta;M;GRIETA;1
2026;ENERO;CUADRO JACKET 2.0 DAMA;[JAPDA16TL] CUADRO JACKET 2.0 DAMA (L, BLANCO);JAPDA16TL;DAMA;Blanco;L;CERRO VERDE;1
2026;ENERO;CUADRO JACKET 2.0 DAMA;[JAPDA43TS] CUADRO JACKET 2.0 DAMA (S, NEGRO);JAPDA43TS;DAMA;Negro;S;GRAND PLAZ;1
2026;ENERO;CUADRO JACKET 2.0 DAMA;[JAPDA66TS] CUADRO JACKET 2.0 DAMA (S, VERDE MILITAR);JAPDA66TS;DAMA;Verde Militar;S;SAMBIL CHACAO;1
2026;ENERO;CUADRO JACKET 2.0 CAB;[JAPCA66TM] CUADRO JACKET 2.0 CAB (M, VERDE MILITAR);JAPCA66TM;CAB;Verde Militar;M;SAMBIL CHACAO;1
2026;ENERO;CUADRO JACKET 2.0 DAMA;[JAPDA35TS] CUADRO JACKET 2.0 DAMA (S, MAGENTA);JAPDA35TS;DAMA;Magenta;S;SAMBIL VALENCIA;1
2026;ENERO;CUADRO JACKET 2.0 CAB;[JAPCA162TM] CUADRO JACKET 2.0 CAB (M, AZUL POLO);JAPCA162TM;CAB;Azul Polo;M;CERRO VERDE;1
2026;ENERO;CUADRO JACKET 2.0 CAB;[JAPCA66TM] CUADRO JACKET 2.0 CAB (M, VERDE MILITAR);JAPCA66TM;CAB;Verde Militar;M;SAMBIL CHACAO;1
2026;ENERO;CUADRO JACKET 2.0 KIDS;[JAPKI162T4] CUADRO JACKET 2.0 KIDS (4, AZUL POLO);JAPKI162T4;KIDS;Azul Polo;4;SAMBIL VALENCIA;1
2026;ENERO;CUADRO JACKET 2.0 DAMA;[JAPDA35TM] CUADRO JACKET 2.0 DAMA (M, MAGENTA);JAPDA35TM;DAMA;Magenta;M;SAMBIL CHACAO;1
2026;ENERO;CUADRO JACKET 2.0 DAMA;[JAPDA43TS] CUADRO JACKET 2.0 DAMA (S, NEGRO);JAPDA43TS;DAMA;Negro;S;SAMBIL VALENCIA;1
2026;ENERO;CUADRO JACKET 2.0 DAMA;[JAPDA162TXS] CUADRO JACKET 2.0 DAMA (XS, AZUL POLO);JAPDA162TXS;DAMA;Azul Polo;XS;CERRO VERDE;1
2026;ENERO;CUADRO JACKET 2.0 DAMA;[JAPDA35TXL] CUADRO JACKET 2.0 DAMA (XL, MAGENTA);JAPDA35TXL;DAMA;Magenta;XL;SAMBIL VALENCIA;1
2026;ENERO;CUADRO JACKET 2.0 CAB;[JAPCA16TL] CUADRO JACKET 2.0 CAB (L, BLANCO);JAPCA16TL;CAB;Blanco;L;SAMBIL VALENCIA;1
2026;ENERO;CUADRO JACKET 2.0 CAB;[JAPCA43TXL] CUADRO JACKET 2.0 CAB (XL, NEGRO);JAPCA43TXL;CAB;Negro;XL;SAMBIL CHACAO;1
2026;ENERO;CUADRO JACKET 2.0 CAB;[JAPCA43TL] CUADRO JACKET 2.0 CAB (L, NEGRO);JAPCA43TL;CAB;Negro;L;SAMBIL CHACAO;1
2026;ENERO;CUADRO JACKET 2.0 CAB;[JAPCA162TM] CUADRO JACKET 2.0 CAB (M, AZUL POLO);JAPCA162TM;CAB;Azul Polo;M;CERRO VERDE;1
2026;ENERO;CUADRO JACKET 2.0 KIDS;[JAPKI01T10] CUADRO JACKET 2.0 KIDS (10, AGUAMARINA);JAPKI01T10;KIDS;Aguamarina;10;CERRO VERDE;1
2026;ENERO;CUADRO JACKET 2.0 CAB;[JAPCA43T2XL] CUADRO JACKET 2.0 CAB (2XL, NEGRO);JAPCA43T2XL;CAB;Negro;2XL;GRIETA;1
2026;ENERO;CUADRO JACKET 2.0 CAB;[JAPCA43TXL] CUADRO JACKET 2.0 CAB (XL, NEGRO);JAPCA43TXL;CAB;Negro;XL;GRIETA;1
2026;ENERO;CUADRO JACKET 2.0 KIDS;[JAPKI35T6] CUADRO JACKET 2.0 KIDS (6, MAGENTA);JAPKI35T6;KIDS;Magenta;6;SAMBIL VALENCIA;1
2026;ENERO;CUADRO JACKET 2.0 DAMA;[JAPDA01TXS] CUADRO JACKET 2.0 DAMA (XS, AGUAMARINA);JAPDA01TXS;DAMA;Aguamarina;XS;SAMBIL CHACAO;1
2026;ENERO;CUADRO JACKET 2.0 KIDS;[JAPKI43T12] CUADRO JACKET 2.0 KIDS (12, NEGRO);JAPKI43T12;KIDS;Negro;12;GRIETA;1
2026;ENERO;CUADRO JACKET 2.0 DAMA;[JAPDA16TXS] CUADRO JACKET 2.0 DAMA (XS, BLANCO);JAPDA16TXS;DAMA;Blanco;XS;CERRO VERDE;-1
2026;ENERO;CUADRO JACKET 2.0 CAB;[JAPCA16TS] CUADRO JACKET 2.0 CAB (S, BLANCO);JAPCA16TS;CAB;Blanco;S;CERRO VERDE;1
2026;ENERO;CUADRO JACKET 2.0 KIDS;[JAPKI01T4] CUADRO JACKET 2.0 KIDS (4, AGUAMARINA);JAPKI01T4;KIDS;Aguamarina;4;CERRO VERDE;1
2026;ENERO;CUADRO JACKET 2.0 KIDS;[JAPKI162T4] CUADRO JACKET 2.0 KIDS (4, AZUL POLO);JAPKI162T4;KIDS;Azul Polo;4;CERRO VERDE;1
2026;ENERO;CUADRO JACKET 2.0 KIDS;[JAPKI43T4] CUADRO JACKET 2.0 KIDS (4, NEGRO);JAPKI43T4;KIDS;Negro;4;CERRO VERDE;1
2026;ENERO;CUADRO JACKET 2.0 DAMA;[JAPDA01TS] CUADRO JACKET 2.0 DAMA (S, AGUAMARINA);JAPDA01TS;DAMA;Aguamarina;S;CERRO VERDE;1
2026;ENERO;CUADRO JACKET 2.0 DAMA;[JAPDA16TS] CUADRO JACKET 2.0 DAMA (S, BLANCO);JAPDA16TS;DAMA;Blanco;S;CERRO VERDE;1
2026;ENERO;CUADRO JACKET 2.0 DAMA;[JAPDA43TS] CUADRO JACKET 2.0 DAMA (S, NEGRO);JAPDA43TS;DAMA;Negro;S;CERRO VERDE;1
2026;ENERO;CUADRO JACKET 2.0 CAB;[JAPCA01TM] CUADRO JACKET 2.0 CAB (M, AGUAMARINA);JAPCA01TM;CAB;Aguamarina;M;CERRO VERDE;1
2026;ENERO;CUADRO JACKET 2.0 CAB;[JAPCA16TM] CUADRO JACKET 2.0 CAB (M, BLANCO);JAPCA16TM;CAB;Blanco;M;CERRO VERDE;1
2026;ENERO;CUADRO JACKET 2.0 CAB;[JAPCA162TM] CUADRO JACKET 2.0 CAB (M, AZUL POLO);JAPCA162TM;CAB;Azul Polo;M;SAMBIL VALENCIA;1
2026;ENERO;CUADRO JACKET 2.0 CAB;[JAPCA43TL] CUADRO JACKET 2.0 CAB (L, NEGRO);JAPCA43TL;CAB;Negro;L;SAMBIL VALENCIA;1
2026;ENERO;CUADRO JACKET 2.0 CAB;[JAPCA43TXL] CUADRO JACKET 2.0 CAB (XL, NEGRO);JAPCA43TXL;CAB;Negro;XL;SAMBIL VALENCIA;1
2026;ENERO;CUADRO JACKET 2.0 CAB;[JAPCA43T2XL] CUADRO JACKET 2.0 CAB (2XL, NEGRO);JAPCA43T2XL;CAB;Negro;2XL;SAMBIL VALENCIA;1
2026;ENERO;CUADRO JACKET 2.0 DAMA;[JAPDA01TS] CUADRO JACKET 2.0 DAMA (S, AGUAMARINA);JAPDA01TS;DAMA;Aguamarina;S;SAMBIL VALENCIA;1
2026;ENERO;CUADRO JACKET 2.0 DAMA;[JAPDA35TM] CUADRO JACKET 2.0 DAMA (M, MAGENTA);JAPDA35TM;DAMA;Magenta;M;CERRO VERDE;1
2026;ENERO;CUADRO JACKET 2.0 DAMA;[JAPDA66TL] CUADRO JACKET 2.0 DAMA (L, VERDE MILITAR);JAPDA66TL;DAMA;Verde Militar;L;CERRO VERDE;1
2026;ENERO;CUADRO JACKET 2.0 CAB;[JAPCA162T2XL] CUADRO JACKET 2.0 CAB (2XL, AZUL POLO);JAPCA162T2XL;CAB;Azul Polo;2XL;GRIETA;1
2026;ENERO;CUADRO JACKET 2.0 CAB;[JAPCA43TXL] CUADRO JACKET 2.0 CAB (XL, NEGRO);JAPCA43TXL;CAB;Negro;XL;CERRO VERDE;1
2026;ENERO;CUADRO JACKET 2.0 CAB;[JAPCA43TM] CUADRO JACKET 2.0 CAB (M, NEGRO);JAPCA43TM;CAB;Negro;M;SAMBIL CHACAO;1
2026;ENERO;CUADRO JACKET 2.0 CAB;[JAPCA162TXL] CUADRO JACKET 2.0 CAB (XL, AZUL POLO);JAPCA162TXL;CAB;Azul Polo;XL;WEB;1
2026;ENERO;CUADRO JACKET 2.0 CAB;[JAPCA43TS] CUADRO JACKET 2.0 CAB (S, NEGRO);JAPCA43TS;CAB;Negro;S;SAMBIL CHACAO;1
2026;ENERO;CUADRO JACKET 2.0 DAMA;[JAPDA16TXS] CUADRO JACKET 2.0 DAMA (XS, BLANCO);JAPDA16TXS;DAMA;Blanco;XS;SAMBIL CHACAO;1
2026;ENERO;CUADRO JACKET 2.0 CAB;[JAPCA01TL] CUADRO JACKET 2.0 CAB (L, AGUAMARINA);JAPCA01TL;CAB;Aguamarina;L;GRIETA;1
2026;ENERO;CUADRO JACKET 2.0 DAMA;[JAPDA01TM] CUADRO JACKET 2.0 DAMA (M, AGUAMARINA);JAPDA01TM;DAMA;Aguamarina;M;GRIETA;1
2026;ENERO;CUADRO JACKET 2.0 CAB;[JAPCA162TM] CUADRO JACKET 2.0 CAB (M, AZUL POLO);JAPCA162TM;CAB;Azul Polo;M;WEB;1
2026;ENERO;CUADRO JACKET 2.0 CAB;[JAPCA162T2XL] CUADRO JACKET 2.0 CAB (2XL, AZUL POLO);JAPCA162T2XL;CAB;Azul Polo;2XL;SAMBIL CHACAO;1
2026;ENERO;CUADRO JACKET 2.0 DAMA;[JAPDA35TM] CUADRO JACKET 2.0 DAMA (M, MAGENTA);JAPDA35TM;DAMA;Magenta;M;SAMBIL CHACAO;1
2026;ENERO;CUADRO JACKET 2.0 DAMA;[JAPDA16TS] CUADRO JACKET 2.0 DAMA (S, BLANCO);JAPDA16TS;DAMA;Blanco;S;SAMBIL CHACAO;1
2026;ENERO;CUADRO JACKET 2.0 DAMA;[JAPDA35TM] CUADRO JACKET 2.0 DAMA (M, MAGENTA);JAPDA35TM;DAMA;Magenta;M;SAMBIL CHACAO;-1
2026;ENERO;CUADRO JACKET 2.0 DAMA;[JAPDA16TS] CUADRO JACKET 2.0 DAMA (S, BLANCO);JAPDA16TS;DAMA;Blanco;S;SAMBIL CHACAO;-1
2026;ENERO;CUADRO JACKET 2.0 CAB;[JAPCA162T2XL] CUADRO JACKET 2.0 CAB (2XL, AZUL POLO);JAPCA162T2XL;CAB;Azul Polo;2XL;SAMBIL CHACAO;-1
2026;ENERO;CUADRO JACKET 2.0 DAMA;[JAPDA162TXS] CUADRO JACKET 2.0 DAMA (XS, AZUL POLO);JAPDA162TXS;DAMA;Azul Polo;XS;CERRO VERDE;1
2026;ENERO;CUADRO JACKET 2.0 DAMA;[JAPDA16TS] CUADRO JACKET 2.0 DAMA (S, BLANCO);JAPDA16TS;DAMA;Blanco;S;SAMBIL CHACAO;1
2026;ENERO;CUADRO JACKET 2.0 CAB;[JAPCA162T2XL] CUADRO JACKET 2.0 CAB (2XL, AZUL POLO);JAPCA162T2XL;CAB;Azul Polo;2XL;SAMBIL CHACAO;1
2026;ENERO;CUADRO JACKET 2.0 DAMA;[JAPDA35TM] CUADRO JACKET 2.0 DAMA (M, MAGENTA);JAPDA35TM;DAMA;Magenta;M;SAMBIL CHACAO;1
2026;ENERO;CUADRO JACKET 2.0 CAB;[JAPCA16TXL] CUADRO JACKET 2.0 CAB (XL, BLANCO);JAPCA16TXL;CAB;Blanco;XL;GRIETA;1
2026;ENERO;CUADRO JACKET 2.0 DAMA;[JAPDA16TM] CUADRO JACKET 2.0 DAMA (M, BLANCO);JAPDA16TM;DAMA;Blanco;M;SAMBIL VALENCIA;1
2026;ENERO;CUADRO JACKET 2.0 DAMA;[JAPDA43TS] CUADRO JACKET 2.0 DAMA (S, NEGRO);JAPDA43TS;DAMA;Negro;S;CERRO VERDE;1
2026;ENERO;CUADRO JACKET 2.0 CAB;[JAPCA43TXL] CUADRO JACKET 2.0 CAB (XL, NEGRO);JAPCA43TXL;CAB;Negro;XL;SAMBIL CHACAO;1
2026;ENERO;CUADRO JACKET 2.0 DAMA;[JAPDA43TXS] CUADRO JACKET 2.0 DAMA (XS, NEGRO);JAPDA43TXS;DAMA;Negro;XS;CERRO VERDE;1
2026;ENERO;CUADRO JACKET 2.0 DAMA;[JAPDA16TXS] CUADRO JACKET 2.0 DAMA (XS, BLANCO);JAPDA16TXS;DAMA;Blanco;XS;CERRO VERDE;1
2026;ENERO;CUADRO JACKET 2.0 CAB;[JAPCA16TXL] CUADRO JACKET 2.0 CAB (XL, BLANCO);JAPCA16TXL;CAB;Blanco;XL;CERRO VERDE;1
2026;ENERO;CUADRO JACKET 2.0 CAB;[JAPCA43TL] CUADRO JACKET 2.0 CAB (L, NEGRO);JAPCA43TL;CAB;Negro;L;WEB;1
2026;ENERO;CUADRO JACKET 2.0 DAMA;[JAPDA16TM] CUADRO JACKET 2.0 DAMA (M, BLANCO);JAPDA16TM;DAMA;Blanco;M;WEB;1
2026;ENERO;CUADRO JACKET 2.0 CAB;[JAPCA43TL] CUADRO JACKET 2.0 CAB (L, NEGRO);JAPCA43TL;CAB;Negro;L;WEB;1
2026;ENERO;CUADRO JACKET 2.0 DAMA;[JAPDA16TXS] CUADRO JACKET 2.0 DAMA (XS, BLANCO);JAPDA16TXS;DAMA;Blanco;XS;CERRO VERDE;1
2026;ENERO;CUADRO JACKET 2.0 CAB;[JAPCA43TL] CUADRO JACKET 2.0 CAB (L, NEGRO);JAPCA43TL;CAB;Negro;L;SAMBIL VALENCIA;2
2026;ENERO;CUADRO JACKET 2.0 KIDS;[JAPKI162T12] CUADRO JACKET 2.0 KIDS (12, AZUL POLO);JAPKI162T12;KIDS;Azul Polo;12;CERRO VERDE;1
2026;ENERO;CUADRO JACKET 2.0 CAB;[JAPCA162T2XL] CUADRO JACKET 2.0 CAB (2XL, AZUL POLO);JAPCA162T2XL;CAB;Azul Polo;2XL;SAMBIL CHACAO;1
2026;ENERO;CUADRO JACKET 2.0 CAB;[JAPCA66TXL] CUADRO JACKET 2.0 CAB (XL, VERDE MILITAR);JAPCA66TXL;CAB;Verde Militar;XL;GRIETA;1
2026;ENERO;CUADRO JACKET 2.0 CAB;[JAPCA162TS] CUADRO JACKET 2.0 CAB (S, AZUL POLO);JAPCA162TS;CAB;Azul Polo;S;SAMBIL VALENCIA;1
2026;ENERO;CUADRO JACKET 2.0 DAMA;[JAPDA43TXS] CUADRO JACKET 2.0 DAMA (XS, NEGRO);JAPDA43TXS;DAMA;Negro;XS;SAMBIL VALENCIA;1
2026;ENERO;CUADRO JACKET 2.0 KIDS;[JAPKI43T2] CUADRO JACKET 2.0 KIDS (2, NEGRO);JAPKI43T2;KIDS;Negro;2;SAMBIL VALENCIA;1
2026;ENERO;CUADRO JACKET 2.0 DAMA;[JAPDA162TS] CUADRO JACKET 2.0 DAMA (S, AZUL POLO);JAPDA162TS;DAMA;Azul Polo;S;WEB;1
2026;ENERO;CUADRO JACKET 2.0 KIDS;[JAPKI35T12] CUADRO JACKET 2.0 KIDS (12, MAGENTA);JAPKI35T12;KIDS;Magenta;12;CERRO VERDE;1
2026;ENERO;CUADRO JACKET 2.0 KIDS;[JAPKI162T8] CUADRO JACKET 2.0 KIDS (8, AZUL POLO);JAPKI162T8;KIDS;Azul Polo;8;CERRO VERDE;1
2026;ENERO;CUADRO JACKET 2.0 CAB;[JAPCA66TL] CUADRO JACKET 2.0 CAB (L, VERDE MILITAR);JAPCA66TL;CAB;Verde Militar;L;SAMBIL VALENCIA;1
2026;ENERO;CUADRO JACKET 2.0 DAMA;[JAPDA43TXS] CUADRO JACKET 2.0 DAMA (XS, NEGRO);JAPDA43TXS;DAMA;Negro;XS;GRIETA;1
2026;ENERO;CUADRO JACKET 2.0 DAMA;[JAPDA43TS] CUADRO JACKET 2.0 DAMA (S, NEGRO);JAPDA43TS;DAMA;Negro;S;GRIETA;1
2026;ENERO;CUADRO JACKET 2.0 CAB;[JAPCA162TM] CUADRO JACKET 2.0 CAB (M, AZUL POLO);JAPCA162TM;CAB;Azul Polo;M;GRIETA;1
2026;ENERO;CUADRO JACKET 2.0 CAB;[JAPCA162T2XL] CUADRO JACKET 2.0 CAB (2XL, AZUL POLO);JAPCA162T2XL;CAB;Azul Polo;2XL;GRIETA;1
2026;ENERO;CUADRO JACKET 2.0 CAB;[JAPCA43TM] CUADRO JACKET 2.0 CAB (M, NEGRO);JAPCA43TM;CAB;Negro;M;WEB;1
2026;ENERO;CUADRO JACKET 2.0 DAMA;[JAPDA01TXS] CUADRO JACKET 2.0 DAMA (XS, AGUAMARINA);JAPDA01TXS;DAMA;Aguamarina;XS;GRIETA;1
2026;ENERO;CUADRO JACKET 2.0 CAB;[JAPCA66TS] CUADRO JACKET 2.0 CAB (S, VERDE MILITAR);JAPCA66TS;CAB;Verde Militar;S;SAMBIL CHACAO;1
2026;ENERO;CUADRO JACKET 2.0 CAB;[JAPCA162TM] CUADRO JACKET 2.0 CAB (M, AZUL POLO);JAPCA162TM;CAB;Azul Polo;M;GRIETA;1
2026;ENERO;CUADRO JACKET 2.0 CAB;[JAPCA66TM] CUADRO JACKET 2.0 CAB (M, VERDE MILITAR);JAPCA66TM;CAB;Verde Militar;M;SAMBIL CHACAO;-1
2026;ENERO;CUADRO JACKET 2.0 CAB;[JAPCA43TL] CUADRO JACKET 2.0 CAB (L, NEGRO);JAPCA43TL;CAB;Negro;L;SAMBIL CHACAO;1
2026;ENERO;CUADRO JACKET 2.0 DAMA;[JAPDA16TS] CUADRO JACKET 2.0 DAMA (S, BLANCO);JAPDA16TS;DAMA;Blanco;S;GRIETA;1
2026;ENERO;CUADRO JACKET 2.0 DAMA;[JAPDA16TS] CUADRO JACKET 2.0 DAMA (S, BLANCO);JAPDA16TS;DAMA;Blanco;S;SAMBIL VALENCIA;1
2026;ENERO;CUADRO JACKET 2.0 KIDS;[JAPKI162T6] CUADRO JACKET 2.0 KIDS (6, AZUL POLO);JAPKI162T6;KIDS;Azul Polo;6;CERRO VERDE;1
2026;ENERO;CUADRO JACKET 2.0 CAB;[JAPCA162TL] CUADRO JACKET 2.0 CAB (L, AZUL POLO);JAPCA162TL;CAB;Azul Polo;L;SAMBIL VALENCIA;1
2026;ENERO;CUADRO JACKET 2.0 DAMA;[JAPDA16TS] CUADRO JACKET 2.0 DAMA (S, BLANCO);JAPDA16TS;DAMA;Blanco;S;GRIETA;1
2026;ENERO;CUADRO JACKET 2.0 DAMA;[JAPDA162TM] CUADRO JACKET 2.0 DAMA (M, AZUL POLO);JAPDA162TM;DAMA;Azul Polo;M;CERRO VERDE;1
2026;ENERO;CUADRO JACKET 2.0 KIDS;[JAPKI35T6] CUADRO JACKET 2.0 KIDS (6, MAGENTA);JAPKI35T6;KIDS;Magenta;6;GRIETA;1
2026;ENERO;CUADRO JACKET 2.0 CAB;[JAPCA43TM] CUADRO JACKET 2.0 CAB (M, NEGRO);JAPCA43TM;CAB;Negro;M;CERRO VERDE;1
2026;ENERO;CUADRO JACKET 2.0 KIDS;[JAPKI162T10] CUADRO JACKET 2.0 KIDS (10, AZUL POLO);JAPKI162T10;KIDS;Azul Polo;10;SAMBIL CHACAO;1
2026;ENERO;CUADRO JACKET 2.0 CAB;[JAPCA16TS] CUADRO JACKET 2.0 CAB (S, BLANCO);JAPCA16TS;CAB;Blanco;S;SAMBIL VALENCIA;1
2026;ENERO;CUADRO JACKET 2.0 DAMA;[JAPDA162TM] CUADRO JACKET 2.0 DAMA (M, AZUL POLO);JAPDA162TM;DAMA;Azul Polo;M;GRAND PLAZ;1
2026;ENERO;CUADRO JACKET 2.0 KIDS;[JAPKI162T12] CUADRO JACKET 2.0 KIDS (12, AZUL POLO);JAPKI162T12;KIDS;Azul Polo;12;SAMBIL VALENCIA;1
2026;ENERO;CUADRO JACKET 2.0 KIDS;[JAPKI162T6] CUADRO JACKET 2.0 KIDS (6, AZUL POLO);JAPKI162T6;KIDS;Azul Polo;6;SAMBIL VALENCIA;1
2026;ENERO;CUADRO JACKET 2.0 DAMA;[JAPDA162TXS] CUADRO JACKET 2.0 DAMA (XS, AZUL POLO);JAPDA162TXS;DAMA;Azul Polo;XS;GRAND PLAZ;1
2026;ENERO;CUADRO JACKET 2.0 CAB;[JAPCA162TS] CUADRO JACKET 2.0 CAB (S, AZUL POLO);JAPCA162TS;CAB;Azul Polo;S;SAMBIL VALENCIA;1
2026;ENERO;CUADRO JACKET 2.0 CAB;[JAPCA66TL] CUADRO JACKET 2.0 CAB (L, VERDE MILITAR);JAPCA66TL;CAB;Verde Militar;L;SAMBIL CHACAO;1
2026;ENERO;CUADRO JACKET 2.0 DAMA;[JAPDA16TS] CUADRO JACKET 2.0 DAMA (S, BLANCO);JAPDA16TS;DAMA;Blanco;S;SAMBIL VALENCIA;1
2026;ENERO;CUADRO JACKET 2.0 CAB;[JAPCA43T2XL] CUADRO JACKET 2.0 CAB (2XL, NEGRO);JAPCA43T2XL;CAB;Negro;2XL;SAMBIL VALENCIA;1
2026;ENERO;CUADRO JACKET 2.0 CAB;[JAPCA16T2XL] CUADRO JACKET 2.0 CAB (2XL, BLANCO);JAPCA16T2XL;CAB;Blanco;2XL;SAMBIL VALENCIA;1
2026;ENERO;CUADRO JACKET 2.0 DAMA;[JAPDA16TM] CUADRO JACKET 2.0 DAMA (M, BLANCO);JAPDA16TM;DAMA;Blanco;M;CERRO VERDE;1
2026;ENERO;CUADRO JACKET 2.0 CAB;[JAPCA43TL] CUADRO JACKET 2.0 CAB (L, NEGRO);JAPCA43TL;CAB;Negro;L;SAMBIL VALENCIA;1
2026;ENERO;CUADRO JACKET 2.0 CAB;[JAPCA162TL] CUADRO JACKET 2.0 CAB (L, AZUL POLO);JAPCA162TL;CAB;Azul Polo;L;SAMBIL CHACAO;1
2026;ENERO;CUADRO JACKET 2.0 DAMA;[JAPDA162TS] CUADRO JACKET 2.0 DAMA (S, AZUL POLO);JAPDA162TS;DAMA;Azul Polo;S;SAMBIL CHACAO;1
2026;ENERO;CUADRO JACKET 2.0 CAB;[JAPCA16TM] CUADRO JACKET 2.0 CAB (M, BLANCO);JAPCA16TM;CAB;Blanco;M;SAMBIL CHACAO;1
2026;ENERO;CUADRO JACKET 2.0 DAMA;[JAPDA162TXS] CUADRO JACKET 2.0 DAMA (XS, AZUL POLO);JAPDA162TXS;DAMA;Azul Polo;XS;SAMBIL VALENCIA;1
2026;ENERO;CUADRO JACKET 2.0 CAB;[JAPCA162TXL] CUADRO JACKET 2.0 CAB (XL, AZUL POLO);JAPCA162TXL;CAB;Azul Polo;XL;SAMBIL CHACAO;1
2026;ENERO;CUADRO JACKET 2.0 DAMA;[JAPDA35TXL] CUADRO JACKET 2.0 DAMA (XL, MAGENTA);JAPDA35TXL;DAMA;Magenta;XL;SAMBIL VALENCIA;1
2026;ENERO;CUADRO JACKET 2.0 CAB;[JAPCA16TL] CUADRO JACKET 2.0 CAB (L, BLANCO);JAPCA16TL;CAB;Blanco;L;GRIETA;-1
2026;ENERO;CUADRO JACKET 2.0 CAB;[JAPCA66TM] CUADRO JACKET 2.0 CAB (M, VERDE MILITAR);JAPCA66TM;CAB;Verde Militar;M;GRIETA;1
2026;ENERO;CUADRO JACKET 2.0 DAMA;[JAPDA162TM] CUADRO JACKET 2.0 DAMA (M, AZUL POLO);JAPDA162TM;DAMA;Azul Polo;M;CERRO VERDE;1
2026;ENERO;CUADRO JACKET 2.0 DAMA;[JAPDA162TS] CUADRO JACKET 2.0 DAMA (S, AZUL POLO);JAPDA162TS;DAMA;Azul Polo;S;CERRO VERDE;1
2026;ENERO;CUADRO JACKET 2.0 CAB;[JAPCA162TL] CUADRO JACKET 2.0 CAB (L, AZUL POLO);JAPCA162TL;CAB;Azul Polo;L;CERRO VERDE;1
2026;ENERO;CUADRO JACKET 2.0 CAB;[JAPCA162TM] CUADRO JACKET 2.0 CAB (M, AZUL POLO);JAPCA162TM;CAB;Azul Polo;M;CERRO VERDE;2
2026;ENERO;CUADRO JACKET 2.0 CAB;[JAPCA43TM] CUADRO JACKET 2.0 CAB (M, NEGRO);JAPCA43TM;CAB;Negro;M;SAMBIL CHACAO;1
2026;ENERO;CUADRO JACKET 2.0 CAB;[JAPCA162TS] CUADRO JACKET 2.0 CAB (S, AZUL POLO);JAPCA162TS;CAB;Azul Polo;S;SAMBIL CHACAO;1
2026;ENERO;CUADRO JACKET 2.0 DAMA;[JAPDA16TM] CUADRO JACKET 2.0 DAMA (M, BLANCO);JAPDA16TM;DAMA;Blanco;M;GRAND PLAZ;1
2026;ENERO;CUADRO JACKET 2.0 CAB;[JAPCA43TM] CUADRO JACKET 2.0 CAB (M, NEGRO);JAPCA43TM;CAB;Negro;M;CERRO VERDE;1
2026;ENERO;CUADRO JACKET 2.0 CAB;[JAPCA43TS] CUADRO JACKET 2.0 CAB (S, NEGRO);JAPCA43TS;CAB;Negro;S;SAMBIL VALENCIA;1
2026;ENERO;CUADRO JACKET 2.0 DAMA;[JAPDA16TS] CUADRO JACKET 2.0 DAMA (S, BLANCO);JAPDA16TS;DAMA;Blanco;S;GRIETA;1
2026;ENERO;CUADRO JACKET 2.0 CAB;[JAPCA16TS] CUADRO JACKET 2.0 CAB (S, BLANCO);JAPCA16TS;CAB;Blanco;S;GRIETA;1
2026;ENERO;CUADRO JACKET 2.0 DAMA;[JAPDA66TXS] CUADRO JACKET 2.0 DAMA (XS, VERDE MILITAR);JAPDA66TXS;DAMA;Verde Militar;XS;CERRO VERDE;1
2026;ENERO;CUADRO JACKET 2.0 DAMA;[JAPDA43TL] CUADRO JACKET 2.0 DAMA (L, NEGRO);JAPDA43TL;DAMA;Negro;L;CERRO VERDE;1
2026;ENERO;CUADRO JACKET 2.0 CAB;[JAPCA43TXL] CUADRO JACKET 2.0 CAB (XL, NEGRO);JAPCA43TXL;CAB;Negro;XL;CERRO VERDE;1
2026;ENERO;CUADRO JACKET 2.0 CAB;[JAPCA162TL] CUADRO JACKET 2.0 CAB (L, AZUL POLO);JAPCA162TL;CAB;Azul Polo;L;SAMBIL VALENCIA;1
2026;ENERO;CUADRO JACKET 2.0 DAMA;[JAPDA162TXL] CUADRO JACKET 2.0 DAMA (XL, AZUL POLO);JAPDA162TXL;DAMA;Azul Polo;XL;CERRO VERDE;1
2026;ENERO;CUADRO JACKET 2.0 DAMA;[JAPDA35TS] CUADRO JACKET 2.0 DAMA (S, MAGENTA);JAPDA35TS;DAMA;Magenta;S;SAMBIL VALENCIA;1
2026;ENERO;CUADRO JACKET 2.0 DAMA;[JAPDA66TM] CUADRO JACKET 2.0 DAMA (M, VERDE MILITAR);JAPDA66TM;DAMA;Verde Militar;M;SAMBIL VALENCIA;1
2026;ENERO;CUADRO JACKET 2.0 DAMA;[JAPDA43TS] CUADRO JACKET 2.0 DAMA (S, NEGRO);JAPDA43TS;DAMA;Negro;S;WEB;1
2026;ENERO;CUADRO JACKET 2.0 DAMA;[JAPDA66TXS] CUADRO JACKET 2.0 DAMA (XS, VERDE MILITAR);JAPDA66TXS;DAMA;Verde Militar;XS;CERRO VERDE;-1
2026;ENERO;CUADRO JACKET 2.0 DAMA;[JAPDA66TS] CUADRO JACKET 2.0 DAMA (S, VERDE MILITAR);JAPDA66TS;DAMA;Verde Militar;S;CERRO VERDE;1
2026;ENERO;CUADRO JACKET 2.0 CAB;[JAPCA66TXL] CUADRO JACKET 2.0 CAB (XL, VERDE MILITAR);JAPCA66TXL;CAB;Verde Militar;XL;SAMBIL CHACAO;1
2026;ENERO;CUADRO JACKET 2.0 DAMA;[JAPDA43TM] CUADRO JACKET 2.0 DAMA (M, NEGRO);JAPDA43TM;DAMA;Negro;M;SAMBIL VALENCIA;1
2026;ENERO;CUADRO JACKET 2.0 DAMA;[JAPDA43TS] CUADRO JACKET 2.0 DAMA (S, NEGRO);JAPDA43TS;DAMA;Negro;S;CERRO VERDE;1
2026;ENERO;CUADRO JACKET 2.0 CAB;[JAPCA66TXL] CUADRO JACKET 2.0 CAB (XL, VERDE MILITAR);JAPCA66TXL;CAB;Verde Militar;XL;GRIETA;1
2026;ENERO;CUADRO JACKET 2.0 DAMA;[JAPDA43TL] CUADRO JACKET 2.0 DAMA (L, NEGRO);JAPDA43TL;DAMA;Negro;L;SAMBIL VALENCIA;1
2026;ENERO;CUADRO JACKET 2.0 DAMA;[JAPDA43TXS] CUADRO JACKET 2.0 DAMA (XS, NEGRO);JAPDA43TXS;DAMA;Negro;XS;SAMBIL VALENCIA;1
2026;ENERO;CUADRO JACKET 2.0 CAB;[JAPCA162TL] CUADRO JACKET 2.0 CAB (L, AZUL POLO);JAPCA162TL;CAB;Azul Polo;L;GRIETA;1
2026;ENERO;CUADRO JACKET 2.0 DAMA;[JAPDA162TS] CUADRO JACKET 2.0 DAMA (S, AZUL POLO);JAPDA162TS;DAMA;Azul Polo;S;CERRO VERDE;1
2026;ENERO;CUADRO JACKET 2.0 CAB;[JAPCA162TL] CUADRO JACKET 2.0 CAB (L, AZUL POLO);JAPCA162TL;CAB;Azul Polo;L;CERRO VERDE;1
2026;ENERO;CUADRO JACKET 2.0 CAB;[JAPCA43TL] CUADRO JACKET 2.0 CAB (L, NEGRO);JAPCA43TL;CAB;Negro;L;SAMBIL VALENCIA;1
2026;ENERO;CUADRO JACKET 2.0 DAMA;[JAPDA16TM] CUADRO JACKET 2.0 DAMA (M, BLANCO);JAPDA16TM;DAMA;Blanco;M;CERRO VERDE;1
2026;ENERO;CUADRO JACKET 2.0 DAMA;[JAPDA43TM] CUADRO JACKET 2.0 DAMA (M, NEGRO);JAPDA43TM;DAMA;Negro;M;CERRO VERDE;1
2026;ENERO;CUADRO JACKET 2.0 DAMA;[JAPDA35TM] CUADRO JACKET 2.0 DAMA (M, MAGENTA);JAPDA35TM;DAMA;Magenta;M;CERRO VERDE;1
2026;ENERO;CUADRO JACKET 2.0 DAMA;[JAPDA162TXS] CUADRO JACKET 2.0 DAMA (XS, AZUL POLO);JAPDA162TXS;DAMA;Azul Polo;XS;GRIETA;1
2026;ENERO;CUADRO JACKET 2.0 DAMA;[JAPDA43TXL] CUADRO JACKET 2.0 DAMA (XL, NEGRO);JAPDA43TXL;DAMA;Negro;XL;GRIETA;1
2026;ENERO;CUADRO JACKET 2.0 DAMA;[JAPDA43TS] CUADRO JACKET 2.0 DAMA (S, NEGRO);JAPDA43TS;DAMA;Negro;S;GRIETA;1
2026;ENERO;CUADRO JACKET 2.0 CAB;[JAPCA43TL] CUADRO JACKET 2.0 CAB (L, NEGRO);JAPCA43TL;CAB;Negro;L;GRIETA;1
2026;ENERO;CUADRO JACKET 2.0 CAB;[JAPCA43TM] CUADRO JACKET 2.0 CAB (M, NEGRO);JAPCA43TM;CAB;Negro;M;GRIETA;2
2026;ENERO;CUADRO JACKET 2.0 DAMA;[JAPDA162TXS] CUADRO JACKET 2.0 DAMA (XS, AZUL POLO);JAPDA162TXS;DAMA;Azul Polo;XS;GRIETA;-1
2026;ENERO;CUADRO JACKET 2.0 DAMA;[JAPDA162TS] CUADRO JACKET 2.0 DAMA (S, AZUL POLO);JAPDA162TS;DAMA;Azul Polo;S;GRIETA;1
2026;ENERO;CUADRO JACKET 2.0 DAMA;[JAPDA01TM] CUADRO JACKET 2.0 DAMA (M, AGUAMARINA);JAPDA01TM;DAMA;Aguamarina;M;SAMBIL CHACAO;1
2026;ENERO;CUADRO JACKET 2.0 CAB;[JAPCA66TS] CUADRO JACKET 2.0 CAB (S, VERDE MILITAR);JAPCA66TS;CAB;Verde Militar;S;GRIETA;1
2026;ENERO;CUADRO JACKET 2.0 DAMA;[JAPDA66TM] CUADRO JACKET 2.0 DAMA (M, VERDE MILITAR);JAPDA66TM;DAMA;Verde Militar;M;GRAND PLAZ;1
2026;ENERO;CUADRO JACKET 2.0 CAB;[JAPCA16TM] CUADRO JACKET 2.0 CAB (M, BLANCO);JAPCA16TM;CAB;Blanco;M;SAMBIL VALENCIA;1
2026;ENERO;CUADRO JACKET 2.0 CAB;[JAPCA162TM] CUADRO JACKET 2.0 CAB (M, AZUL POLO);JAPCA162TM;CAB;Azul Polo;M;WEB;1
2026;ENERO;CUADRO JACKET 2.0 CAB;[JAPCA162TM] CUADRO JACKET 2.0 CAB (M, AZUL POLO);JAPCA162TM;CAB;Azul Polo;M;SAMBIL CHACAO;1
2026;ENERO;CUADRO JACKET 2.0 DAMA;[JAPDA43TS] CUADRO JACKET 2.0 DAMA (S, NEGRO);JAPDA43TS;DAMA;Negro;S;SAMBIL CHACAO;1
2026;ENERO;CUADRO JACKET 2.0 DAMA;[JAPDA16TM] CUADRO JACKET 2.0 DAMA (M, BLANCO);JAPDA16TM;DAMA;Blanco;M;SAMBIL VALENCIA;1
2026;ENERO;CUADRO JACKET 2.0 CAB;[JAPCA66TXL] CUADRO JACKET 2.0 CAB (XL, VERDE MILITAR);JAPCA66TXL;CAB;Verde Militar;XL;SAMBIL VALENCIA;1
2026;ENERO;CUADRO JACKET 2.0 DAMA;[JAPDA43TM] CUADRO JACKET 2.0 DAMA (M, NEGRO);JAPDA43TM;DAMA;Negro;M;SAMBIL VALENCIA;1
2026;ENERO;CUADRO JACKET 2.0 CAB;[JAPCA66TM] CUADRO JACKET 2.0 CAB (M, VERDE MILITAR);JAPCA66TM;CAB;Verde Militar;M;CERRO VERDE;1
2026;ENERO;CUADRO JACKET 2.0 CAB;[JAPCA43TM] CUADRO JACKET 2.0 CAB (M, NEGRO);JAPCA43TM;CAB;Negro;M;CERRO VERDE;1
2026;ENERO;CUADRO JACKET 2.0 CAB;[JAPCA43TL] CUADRO JACKET 2.0 CAB (L, NEGRO);JAPCA43TL;CAB;Negro;L;SAMBIL VALENCIA;1
2026;ENERO;CUADRO JACKET 2.0 DAMA;[JAPDA35TS] CUADRO JACKET 2.0 DAMA (S, MAGENTA);JAPDA35TS;DAMA;Magenta;S;SAMBIL VALENCIA;1
2026;ENERO;CUADRO JACKET 2.0 CAB;[JAPCA43TM] CUADRO JACKET 2.0 CAB (M, NEGRO);JAPCA43TM;CAB;Negro;M;GRIETA;1
2026;ENERO;CUADRO JACKET 2.0 KIDS;[JAPKI35T6] CUADRO JACKET 2.0 KIDS (6, MAGENTA);JAPKI35T6;KIDS;Magenta;6;SAMBIL CHACAO;1
2026;ENERO;CUADRO JACKET 2.0 CAB;[JAPCA162TL] CUADRO JACKET 2.0 CAB (L, AZUL POLO);JAPCA162TL;CAB;Azul Polo;L;SAMBIL VALENCIA;1
2026;ENERO;CUADRO JACKET 2.0 DAMA;[JAPDA162TXS] CUADRO JACKET 2.0 DAMA (XS, AZUL POLO);JAPDA162TXS;DAMA;Azul Polo;XS;SAMBIL VALENCIA;1
2026;ENERO;CUADRO JACKET 2.0 DAMA;[JAPDA01TL] CUADRO JACKET 2.0 DAMA (L, AGUAMARINA);JAPDA01TL;DAMA;Aguamarina;L;SAMBIL CHACAO;1
2026;ENERO;CUADRO JACKET 2.0 CAB;[JAPCA162TXL] CUADRO JACKET 2.0 CAB (XL, AZUL POLO);JAPCA162TXL;CAB;Azul Polo;XL;SAMBIL CHACAO;1
2026;ENERO;CUADRO JACKET 2.0 CAB;[JAPCA66TXL] CUADRO JACKET 2.0 CAB (XL, VERDE MILITAR);JAPCA66TXL;CAB;Verde Militar;XL;GRIETA;1
2026;ENERO;CUADRO JACKET 2.0 CAB;[JAPCA43TXL] CUADRO JACKET 2.0 CAB (XL, NEGRO);JAPCA43TXL;CAB;Negro;XL;WEB;2
2026;ENERO;CUADRO JACKET 2.0 CAB;[JAPCA43TL] CUADRO JACKET 2.0 CAB (L, NEGRO);JAPCA43TL;CAB;Negro;L;WEB;2
2026;ENERO;CUADRO JACKET 2.0 DAMA;[JAPDA43TS] CUADRO JACKET 2.0 DAMA (S, NEGRO);JAPDA43TS;DAMA;Negro;S;SAMBIL VALENCIA;1
2026;ENERO;CUADRO JACKET 2.0 KIDS;[JAPKI162T12] CUADRO JACKET 2.0 KIDS (12, AZUL POLO);JAPKI162T12;KIDS;Azul Polo;12;GRIETA;1
2026;ENERO;CUADRO JACKET 2.0 KIDS;[JAPKI35T12] CUADRO JACKET 2.0 KIDS (12, MAGENTA);JAPKI35T12;KIDS;Magenta;12;CERRO VERDE;1
2026;ENERO;CUADRO JACKET 2.0 DAMA;[JAPDA35TXS] CUADRO JACKET 2.0 DAMA (XS, MAGENTA);JAPDA35TXS;DAMA;Magenta;XS;GRIETA;1
2026;ENERO;CUADRO JACKET 2.0 DAMA;[JAPDA01TM] CUADRO JACKET 2.0 DAMA (M, AGUAMARINA);JAPDA01TM;DAMA;Aguamarina;M;SAMBIL CHACAO;1
2026;ENERO;CUADRO JACKET 2.0 DAMA;[JAPDA162TS] CUADRO JACKET 2.0 DAMA (S, AZUL POLO);JAPDA162TS;DAMA;Azul Polo;S;SAMBIL VALENCIA;1
2026;ENERO;CUADRO JACKET 2.0 DAMA;[JAPDA35TS] CUADRO JACKET 2.0 DAMA (S, MAGENTA);JAPDA35TS;DAMA;Magenta;S;SAMBIL VALENCIA;1
2026;ENERO;CUADRO JACKET 2.0 DAMA;[JAPDA43TM] CUADRO JACKET 2.0 DAMA (M, NEGRO);JAPDA43TM;DAMA;Negro;M;CERRO VERDE;1
2026;ENERO;CUADRO JACKET 2.0 CAB;[JAPCA16TM] CUADRO JACKET 2.0 CAB (M, BLANCO);JAPCA16TM;CAB;Blanco;M;GRIETA;1
2026;ENERO;CUADRO JACKET 2.0 CAB;[JAPCA43TS] CUADRO JACKET 2.0 CAB (S, NEGRO);JAPCA43TS;CAB;Negro;S;GRIETA;1
2026;ENERO;CUADRO JACKET 2.0 DAMA;[JAPDA35TS] CUADRO JACKET 2.0 DAMA (S, MAGENTA);JAPDA35TS;DAMA;Magenta;S;GRIETA;1
2026;ENERO;CUADRO JACKET 2.0 CAB;[JAPCA16TXL] CUADRO JACKET 2.0 CAB (XL, BLANCO);JAPCA16TXL;CAB;Blanco;XL;SAMBIL VALENCIA;1
2026;ENERO;CUADRO JACKET 2.0 DAMA;[JAPDA16TL] CUADRO JACKET 2.0 DAMA (L, BLANCO);JAPDA16TL;DAMA;Blanco;L;SAMBIL VALENCIA;1
2026;ENERO;CUADRO JACKET 2.0 CAB;[JAPCA16TL] CUADRO JACKET 2.0 CAB (L, BLANCO);JAPCA16TL;CAB;Blanco;L;SAMBIL VALENCIA;1
2026;ENERO;CUADRO JACKET 2.0 CAB;[JAPCA66TXL] CUADRO JACKET 2.0 CAB (XL, VERDE MILITAR);JAPCA66TXL;CAB;Verde Militar;XL;SAMBIL VALENCIA;1
2026;ENERO;CUADRO JACKET 2.0 KIDS;[JAPKI162T12] CUADRO JACKET 2.0 KIDS (12, AZUL POLO);JAPKI162T12;KIDS;Azul Polo;12;CERRO VERDE;1
2026;ENERO;CUADRO JACKET 2.0 CAB;[JAPCA162TM] CUADRO JACKET 2.0 CAB (M, AZUL POLO);JAPCA162TM;CAB;Azul Polo;M;CERRO VERDE;1
2026;ENERO;CUADRO JACKET 2.0 DAMA;[JAPDA35TM] CUADRO JACKET 2.0 DAMA (M, MAGENTA);JAPDA35TM;DAMA;Magenta;M;SAMBIL VALENCIA;1
2026;ENERO;CUADRO JACKET 2.0 CAB;[JAPCA162T2XL] CUADRO JACKET 2.0 CAB (2XL, AZUL POLO);JAPCA162T2XL;CAB;Azul Polo;2XL;SAMBIL CHACAO;1
2026;ENERO;CUADRO JACKET 2.0 CAB;[JAPCA66TL] CUADRO JACKET 2.0 CAB (L, VERDE MILITAR);JAPCA66TL;CAB;Verde Militar;L;CERRO VERDE;1
2026;ENERO;CUADRO JACKET 2.0 CAB;[JAPCA66T2XL] CUADRO JACKET 2.0 CAB (2XL, VERDE MILITAR);JAPCA66T2XL;CAB;Verde Militar;2XL;SAMBIL VALENCIA;1
2026;ENERO;CUADRO JACKET 2.0 DAMA;[JAPDA35TL] CUADRO JACKET 2.0 DAMA (L, MAGENTA);JAPDA35TL;DAMA;Magenta;L;SAMBIL VALENCIA;1
2026;ENERO;CUADRO JACKET 2.0 CAB;[JAPCA162TL] CUADRO JACKET 2.0 CAB (L, AZUL POLO);JAPCA162TL;CAB;Azul Polo;L;PEDIDOS;1
2026;ENERO;CUADRO JACKET 2.0 DAMA;[JAPDA01TXS] CUADRO JACKET 2.0 DAMA (XS, AGUAMARINA);JAPDA01TXS;DAMA;Aguamarina;XS;CERRO VERDE;1
2026;ENERO;CUADRO JACKET 2.0 CAB;[JAPCA01TL] CUADRO JACKET 2.0 CAB (L, AGUAMARINA);JAPCA01TL;CAB;Aguamarina;L;CERRO VERDE;1
2026;ENERO;CUADRO JACKET 2.0 CAB;[JAPCA43TL] CUADRO JACKET 2.0 CAB (L, NEGRO);JAPCA43TL;CAB;Negro;L;CERRO VERDE;1
2026;ENERO;CUADRO JACKET 2.0 DAMA;[JAPDA16TS] CUADRO JACKET 2.0 DAMA (S, BLANCO);JAPDA16TS;DAMA;Blanco;S;SAMBIL CHACAO;1
2026;ENERO;CUADRO JACKET 2.0 DAMA;[JAPDA43TS] CUADRO JACKET 2.0 DAMA (S, NEGRO);JAPDA43TS;DAMA;Negro;S;GRIETA;1
2026;ENERO;CUADRO JACKET 2.0 CAB;[JAPCA43TXL] CUADRO JACKET 2.0 CAB (XL, NEGRO);JAPCA43TXL;CAB;Negro;XL;SAMBIL CHACAO;1
2026;ENERO;CUADRO JACKET 2.0 CAB;[JAPCA66TM] CUADRO JACKET 2.0 CAB (M, VERDE MILITAR);JAPCA66TM;CAB;Verde Militar;M;CERRO VERDE;1
2026;ENERO;CUADRO JACKET 2.0 CAB;[JAPCA43T2XL] CUADRO JACKET 2.0 CAB (2XL, NEGRO);JAPCA43T2XL;CAB;Negro;2XL;SAMBIL CHACAO;1
2026;ENERO;CUADRO JACKET 2.0 DAMA;[JAPDA66TXS] CUADRO JACKET 2.0 DAMA (XS, VERDE MILITAR);JAPDA66TXS;DAMA;Verde Militar;XS;SAMBIL VALENCIA;1
2026;ENERO;CUADRO JACKET 2.0 KIDS;[JAPKI43T12] CUADRO JACKET 2.0 KIDS (12, NEGRO);JAPKI43T12;KIDS;Negro;12;SAMBIL VALENCIA;1
2026;ENERO;CUADRO JACKET 2.0 DAMA;[JAPDA43TM] CUADRO JACKET 2.0 DAMA (M, NEGRO);JAPDA43TM;DAMA;Negro;M;CERRO VERDE;1
2026;ENERO;CUADRO JACKET 2.0 KIDS;[JAPKI43T6] CUADRO JACKET 2.0 KIDS (6, NEGRO);JAPKI43T6;KIDS;Negro;6;SAMBIL VALENCIA;1
2026;ENERO;CUADRO JACKET 2.0 CAB;[JAPCA43TL] CUADRO JACKET 2.0 CAB (L, NEGRO);JAPCA43TL;CAB;Negro;L;SAMBIL VALENCIA;1
2026;ENERO;CUADRO JACKET 2.0 KIDS;[JAPKI43T4] CUADRO JACKET 2.0 KIDS (4, NEGRO);JAPKI43T4;KIDS;Negro;4;SAMBIL VALENCIA;1
2026;ENERO;CUADRO JACKET 2.0 DAMA;[JAPDA43TXS] CUADRO JACKET 2.0 DAMA (XS, NEGRO);JAPDA43TXS;DAMA;Negro;XS;SAMBIL CHACAO;1
2026;ENERO;CUADRO JACKET 2.0 KIDS;[JAPKI162T8] CUADRO JACKET 2.0 KIDS (8, AZUL POLO);JAPKI162T8;KIDS;Azul Polo;8;GRIETA;1
2026;ENERO;CUADRO JACKET 2.0 DAMA;[JAPDA16TXS] CUADRO JACKET 2.0 DAMA (XS, BLANCO);JAPDA16TXS;DAMA;Blanco;XS;SAMBIL VALENCIA;1
2026;ENERO;CUADRO JACKET 2.0 CAB;[JAPCA16TM] CUADRO JACKET 2.0 CAB (M, BLANCO);JAPCA16TM;CAB;Blanco;M;WEB;2
2026;ENERO;CUADRO JACKET 2.0 CAB;[JAPCA16TL] CUADRO JACKET 2.0 CAB (L, BLANCO);JAPCA16TL;CAB;Blanco;L;WEB;1
2026;ENERO;CUADRO JACKET 2.0 CAB;[JAPCA16TS] CUADRO JACKET 2.0 CAB (S, BLANCO);JAPCA16TS;CAB;Blanco;S;WEB;1
2026;ENERO;CUADRO JACKET 2.0 DAMA;[JAPDA35TM] CUADRO JACKET 2.0 DAMA (M, MAGENTA);JAPDA35TM;DAMA;Magenta;M;PEDIDOS;1
2026;ENERO;CUADRO JACKET 2.0 CAB;[JAPCA66TL] CUADRO JACKET 2.0 CAB (L, VERDE MILITAR);JAPCA66TL;CAB;Verde Militar;L;PEDIDOS;1
2026;ENERO;CUADRO JACKET 2.0 DAMA;[JAPDA43TL] CUADRO JACKET 2.0 DAMA (L, NEGRO);JAPDA43TL;DAMA;Negro;L;SAMBIL VALENCIA;1
2026;ENERO;CUADRO JACKET 2.0 CAB;[JAPCA01T2XL] CUADRO JACKET 2.0 CAB (2XL, AGUAMARINA);JAPCA01T2XL;CAB;Aguamarina;2XL;SAMBIL VALENCIA;1
2026;ENERO;CUADRO JACKET 2.0 CAB;[JAPCA16T2XL] CUADRO JACKET 2.0 CAB (2XL, BLANCO);JAPCA16T2XL;CAB;Blanco;2XL;SAMBIL VALENCIA;1
2026;ENERO;CUADRO JACKET 2.0 DAMA;[JAPDA35TXS] CUADRO JACKET 2.0 DAMA (XS, MAGENTA);JAPDA35TXS;DAMA;Magenta;XS;GRIETA;-1
2026;ENERO;CUADRO JACKET 2.0 DAMA;[JAPDA35TS] CUADRO JACKET 2.0 DAMA (S, MAGENTA);JAPDA35TS;DAMA;Magenta;S;GRIETA;1
2026;ENERO;CUADRO JACKET 2.0 CAB;[JAPCA16TM] CUADRO JACKET 2.0 CAB (M, BLANCO);JAPCA16TM;CAB;Blanco;M;CERRO VERDE;1
2026;ENERO;CUADRO JACKET 2.0 DAMA;[JAPDA16TXS] CUADRO JACKET 2.0 DAMA (XS, BLANCO);JAPDA16TXS;DAMA;Blanco;XS;CERRO VERDE;1
2026;ENERO;CUADRO JACKET 2.0 DAMA;[JAPDA66TS] CUADRO JACKET 2.0 DAMA (S, VERDE MILITAR);JAPDA66TS;DAMA;Verde Militar;S;SAMBIL VALENCIA;1
2026;ENERO;CUADRO JACKET 2.0 DAMA;[JAPDA162TL] CUADRO JACKET 2.0 DAMA (L, AZUL POLO);JAPDA162TL;DAMA;Azul Polo;L;GRIETA;1
2026;ENERO;CUADRO JACKET 2.0 CAB;[JAPCA162TM] CUADRO JACKET 2.0 CAB (M, AZUL POLO);JAPCA162TM;CAB;Azul Polo;M;GRIETA;1
2026;ENERO;CUADRO JACKET 2.0 CAB;[JAPCA01TS] CUADRO JACKET 2.0 CAB (S, AGUAMARINA);JAPCA01TS;CAB;Aguamarina;S;GRIETA;1
2026;ENERO;CUADRO JACKET 2.0 DAMA;[JAPDA01TS] CUADRO JACKET 2.0 DAMA (S, AGUAMARINA);JAPDA01TS;DAMA;Aguamarina;S;GRIETA;1
2026;ENERO;CUADRO JACKET 2.0 KIDS;[JAPKI35T4] CUADRO JACKET 2.0 KIDS (4, MAGENTA);JAPKI35T4;KIDS;Magenta;4;CERRO VERDE;1
2026;ENERO;CUADRO JACKET 2.0 KIDS;[JAPKI35T2] CUADRO JACKET 2.0 KIDS (2, MAGENTA);JAPKI35T2;KIDS;Magenta;2;CERRO VERDE;1
2026;ENERO;CUADRO JACKET 2.0 CAB;[JAPCA16TM] CUADRO JACKET 2.0 CAB (M, BLANCO);JAPCA16TM;CAB;Blanco;M;SAMBIL VALENCIA;1
2026;ENERO;CUADRO JACKET 2.0 CAB;[JAPCA43TL] CUADRO JACKET 2.0 CAB (L, NEGRO);JAPCA43TL;CAB;Negro;L;GRIETA;1
2026;ENERO;CUADRO JACKET 2.0 CAB;[JAPCA01TM] CUADRO JACKET 2.0 CAB (M, AGUAMARINA);JAPCA01TM;CAB;Aguamarina;M;CERRO VERDE;1
2026;ENERO;CUADRO JACKET 2.0 DAMA;[JAPDA35TXL] CUADRO JACKET 2.0 DAMA (XL, MAGENTA);JAPDA35TXL;DAMA;Magenta;XL;GRIETA;1
2026;ENERO;CUADRO JACKET 2.0 DAMA;[JAPDA66TS] CUADRO JACKET 2.0 DAMA (S, VERDE MILITAR);JAPDA66TS;DAMA;Verde Militar;S;GRAND PLAZ;1
2026;ENERO;CUADRO JACKET 2.0 KIDS;[JAPKI43T12] CUADRO JACKET 2.0 KIDS (12, NEGRO);JAPKI43T12;KIDS;Negro;12;GRIETA;1
2026;ENERO;CUADRO JACKET 2.0 CAB;[JAPCA43TS] CUADRO JACKET 2.0 CAB (S, NEGRO);JAPCA43TS;CAB;Negro;S;SAMBIL VALENCIA;1
2026;ENERO;CUADRO JACKET 2.0 DAMA;[JAPDA01TXL] CUADRO JACKET 2.0 DAMA (XL, AGUAMARINA);JAPDA01TXL;DAMA;Aguamarina;XL;SAMBIL CHACAO;1
2026;ENERO;CUADRO JACKET 2.0 CAB;[JAPCA162TS] CUADRO JACKET 2.0 CAB (S, AZUL POLO);JAPCA162TS;CAB;Azul Polo;S;GRIETA;1
2026;ENERO;CUADRO JACKET 2.0 DAMA;[JAPDA16TM] CUADRO JACKET 2.0 DAMA (M, BLANCO);JAPDA16TM;DAMA;Blanco;M;GRIETA;1
2026;ENERO;CUADRO JACKET 2.0 CAB;[JAPCA162T2XL] CUADRO JACKET 2.0 CAB (2XL, AZUL POLO);JAPCA162T2XL;CAB;Azul Polo;2XL;SAMBIL CHACAO;1
2026;ENERO;CUADRO JACKET 2.0 CAB;[JAPCA66TXL] CUADRO JACKET 2.0 CAB (XL, VERDE MILITAR);JAPCA66TXL;CAB;Verde Militar;XL;CERRO VERDE;1
2026;ENERO;CUADRO JACKET 2.0 DAMA;[JAPDA16TS] CUADRO JACKET 2.0 DAMA (S, BLANCO);JAPDA16TS;DAMA;Blanco;S;SAMBIL CHACAO;5
2026;ENERO;CUADRO JACKET 2.0 DAMA;[JAPDA16TXS] CUADRO JACKET 2.0 DAMA (XS, BLANCO);JAPDA16TXS;DAMA;Blanco;XS;SAMBIL CHACAO;2
2026;ENERO;CUADRO JACKET 2.0 DAMA;[JAPDA16TL] CUADRO JACKET 2.0 DAMA (L, BLANCO);JAPDA16TL;DAMA;Blanco;L;SAMBIL CHACAO;1
2026;ENERO;CUADRO JACKET 2.0 DAMA;[JAPDA16TM] CUADRO JACKET 2.0 DAMA (M, BLANCO);JAPDA16TM;DAMA;Blanco;M;SAMBIL CHACAO;1
2026;ENERO;CUADRO JACKET 2.0 DAMA;[JAPDA162TS] CUADRO JACKET 2.0 DAMA (S, AZUL POLO);JAPDA162TS;DAMA;Azul Polo;S;SAMBIL CHACAO;1
2026;ENERO;CUADRO JACKET 2.0 KIDS;[JAPKI35T8] CUADRO JACKET 2.0 KIDS (8, MAGENTA);JAPKI35T8;KIDS;Magenta;8;SAMBIL CHACAO;2
2026;ENERO;CUADRO JACKET 2.0 CAB;[JAPCA43TM] CUADRO JACKET 2.0 CAB (M, NEGRO);JAPCA43TM;CAB;Negro;M;SAMBIL CHACAO;1
2026;ENERO;CUADRO JACKET 2.0 CAB;[JAPCA162TM] CUADRO JACKET 2.0 CAB (M, AZUL POLO);JAPCA162TM;CAB;Azul Polo;M;CERRO VERDE;1
2026;ENERO;CUADRO JACKET 2.0 DAMA;[JAPDA16TXS] CUADRO JACKET 2.0 DAMA (XS, BLANCO);JAPDA16TXS;DAMA;Blanco;XS;CERRO VERDE;1
2026;ENERO;CUADRO JACKET 2.0 DAMA;[JAPDA35TXS] CUADRO JACKET 2.0 DAMA (XS, MAGENTA);JAPDA35TXS;DAMA;Magenta;XS;CERRO VERDE;1
2026;ENERO;CUADRO JACKET 2.0 DAMA;[JAPDA43TXS] CUADRO JACKET 2.0 DAMA (XS, NEGRO);JAPDA43TXS;DAMA;Negro;XS;CERRO VERDE;1
2026;ENERO;CUADRO JACKET 2.0 CAB;[JAPCA66TM] CUADRO JACKET 2.0 CAB (M, VERDE MILITAR);JAPCA66TM;CAB;Verde Militar;M;CERRO VERDE;1
2026;ENERO;CUADRO JACKET 2.0 CAB;[JAPCA43TM] CUADRO JACKET 2.0 CAB (M, NEGRO);JAPCA43TM;CAB;Negro;M;CERRO VERDE;1
2026;ENERO;CUADRO JACKET 2.0 CAB;[JAPCA16TM] CUADRO JACKET 2.0 CAB (M, BLANCO);JAPCA16TM;CAB;Blanco;M;CERRO VERDE;1
2026;ENERO;CUADRO JACKET 2.0 CAB;[JAPCA43TL] CUADRO JACKET 2.0 CAB (L, NEGRO);JAPCA43TL;CAB;Negro;L;CERRO VERDE;1
2026;ENERO;CUADRO JACKET 2.0 CAB;[JAPCA162TL] CUADRO JACKET 2.0 CAB (L, AZUL POLO);JAPCA162TL;CAB;Azul Polo;L;SAMBIL VALENCIA;1
2026;ENERO;CUADRO JACKET 2.0 DAMA;[JAPDA16TM] CUADRO JACKET 2.0 DAMA (M, BLANCO);JAPDA16TM;DAMA;Blanco;M;SAMBIL CHACAO;1
2026;ENERO;CUADRO JACKET 2.0 CAB;[JAPCA66TL] CUADRO JACKET 2.0 CAB (L, VERDE MILITAR);JAPCA66TL;CAB;Verde Militar;L;WEB;1
2026;ENERO;CUADRO JACKET 2.0 DAMA;[JAPDA01TL] CUADRO JACKET 2.0 DAMA (L, AGUAMARINA);JAPDA01TL;DAMA;Aguamarina;L;SAMBIL VALENCIA;1
2026;ENERO;CUADRO JACKET 2.0 CAB;[JAPCA43TXL] CUADRO JACKET 2.0 CAB (XL, NEGRO);JAPCA43TXL;CAB;Negro;XL;CERRO VERDE;3
2026;ENERO;CUADRO JACKET 2.0 CAB;[JAPCA43T2XL] CUADRO JACKET 2.0 CAB (2XL, NEGRO);JAPCA43T2XL;CAB;Negro;2XL;SAMBIL VALENCIA;1
2026;ENERO;CUADRO JACKET 2.0 KIDS;[JAPKI35T4] CUADRO JACKET 2.0 KIDS (4, MAGENTA);JAPKI35T4;KIDS;Magenta;4;SAMBIL VALENCIA;1
2026;ENERO;CUADRO JACKET 2.0 CAB;[JAPCA16TM] CUADRO JACKET 2.0 CAB (M, BLANCO);JAPCA16TM;CAB;Blanco;M;SAMBIL VALENCIA;1
2026;ENERO;CUADRO JACKET 2.0 CAB;[JAPCA43TM] CUADRO JACKET 2.0 CAB (M, NEGRO);JAPCA43TM;CAB;Negro;M;GRIETA;1
2026;ENERO;CUADRO JACKET 2.0 CAB;[JAPCA16TL] CUADRO JACKET 2.0 CAB (L, BLANCO);JAPCA16TL;CAB;Blanco;L;GRIETA;1
2026;ENERO;CUADRO JACKET 2.0 DAMA;[JAPDA35TXS] CUADRO JACKET 2.0 DAMA (XS, MAGENTA);JAPDA35TXS;DAMA;Magenta;XS;SAMBIL CHACAO;1
2026;ENERO;CUADRO JACKET 2.0 DAMA;[JAPDA35TXS] CUADRO JACKET 2.0 DAMA (XS, MAGENTA);JAPDA35TXS;DAMA;Magenta;XS;GRIETA;1
2026;ENERO;CUADRO JACKET 2.0 DAMA;[JAPDA162TM] CUADRO JACKET 2.0 DAMA (M, AZUL POLO);JAPDA162TM;DAMA;Azul Polo;M;SAMBIL VALENCIA;1
2026;ENERO;CUADRO JACKET 2.0 DAMA;[JAPDA66TL] CUADRO JACKET 2.0 DAMA (L, VERDE MILITAR);JAPDA66TL;DAMA;Verde Militar;L;SAMBIL VALENCIA;1
2026;ENERO;CUADRO JACKET 2.0 DAMA;[JAPDA16TXS] CUADRO JACKET 2.0 DAMA (XS, BLANCO);JAPDA16TXS;DAMA;Blanco;XS;CERRO VERDE;1
2026;ENERO;CUADRO JACKET 2.0 CAB;[JAPCA16TM] CUADRO JACKET 2.0 CAB (M, BLANCO);JAPCA16TM;CAB;Blanco;M;CERRO VERDE;1
2026;ENERO;CUADRO JACKET 2.0 DAMA;[JAPDA162TL] CUADRO JACKET 2.0 DAMA (L, AZUL POLO);JAPDA162TL;DAMA;Azul Polo;L;SAMBIL CHACAO;1
2026;ENERO;CUADRO JACKET 2.0 CAB;[JAPCA16TS] CUADRO JACKET 2.0 CAB (S, BLANCO);JAPCA16TS;CAB;Blanco;S;CERRO VERDE;1
2026;ENERO;CUADRO JACKET 2.0 DAMA;[JAPDA35TXS] CUADRO JACKET 2.0 DAMA (XS, MAGENTA);JAPDA35TXS;DAMA;Magenta;XS;GRIETA;1
2026;ENERO;CUADRO JACKET 2.0 DAMA;[JAPDA01TS] CUADRO JACKET 2.0 DAMA (S, AGUAMARINA);JAPDA01TS;DAMA;Aguamarina;S;CERRO VERDE;1
2026;ENERO;CUADRO JACKET 2.0 DAMA;[JAPDA01TS] CUADRO JACKET 2.0 DAMA (S, AGUAMARINA);JAPDA01TS;DAMA;Aguamarina;S;WEB;1
2026;ENERO;CUADRO JACKET 2.0 DAMA;[JAPDA35TM] CUADRO JACKET 2.0 DAMA (M, MAGENTA);JAPDA35TM;DAMA;Magenta;M;SAMBIL VALENCIA;1
2026;ENERO;CUADRO JACKET 2.0 DAMA;[JAPDA35TM] CUADRO JACKET 2.0 DAMA (M, MAGENTA);JAPDA35TM;DAMA;Magenta;M;SAMBIL CHACAO;1
2026;ENERO;CUADRO JACKET 2.0 CAB;[JAPCA66TS] CUADRO JACKET 2.0 CAB (S, VERDE MILITAR);JAPCA66TS;CAB;Verde Militar;S;SAMBIL CHACAO;1
2026;ENERO;CUADRO JACKET 2.0 CAB;[JAPCA162TL] CUADRO JACKET 2.0 CAB (L, AZUL POLO);JAPCA162TL;CAB;Azul Polo;L;SAMBIL CHACAO;1
2026;ENERO;CUADRO JACKET 2.0 CAB;[JAPCA43TM] CUADRO JACKET 2.0 CAB (M, NEGRO);JAPCA43TM;CAB;Negro;M;GRIETA;1
2026;ENERO;CUADRO JACKET 2.0 DAMA;[JAPDA01TM] CUADRO JACKET 2.0 DAMA (M, AGUAMARINA);JAPDA01TM;DAMA;Aguamarina;M;SAMBIL VALENCIA;1
2026;ENERO;CUADRO JACKET 2.0 CAB;[JAPCA43TXL] CUADRO JACKET 2.0 CAB (XL, NEGRO);JAPCA43TXL;CAB;Negro;XL;SAMBIL VALENCIA;1
2026;ENERO;CUADRO JACKET 2.0 CAB;[JAPCA162TM] CUADRO JACKET 2.0 CAB (M, AZUL POLO);JAPCA162TM;CAB;Azul Polo;M;CERRO VERDE;1
2026;ENERO;CUADRO JACKET 2.0 DAMA;[JAPDA16TS] CUADRO JACKET 2.0 DAMA (S, BLANCO);JAPDA16TS;DAMA;Blanco;S;GRIETA;1
2026;ENERO;CUADRO JACKET 2.0 CAB;[JAPCA16TM] CUADRO JACKET 2.0 CAB (M, BLANCO);JAPCA16TM;CAB;Blanco;M;GRIETA;1
2026;ENERO;CUADRO JACKET 2.0 DAMA;[JAPDA66TXL] CUADRO JACKET 2.0 DAMA (XL, VERDE MILITAR);JAPDA66TXL;DAMA;Verde Militar;XL;CERRO VERDE;1
2026;ENERO;CUADRO JACKET 2.0 DAMA;[JAPDA43TXS] CUADRO JACKET 2.0 DAMA (XS, NEGRO);JAPDA43TXS;DAMA;Negro;XS;GRIETA;1
2026;ENERO;CUADRO JACKET 2.0 DAMA;[JAPDA16TM] CUADRO JACKET 2.0 DAMA (M, BLANCO);JAPDA16TM;DAMA;Blanco;M;GRIETA;1
2026;ENERO;CUADRO JACKET 2.0 DAMA;[JAPDA66TS] CUADRO JACKET 2.0 DAMA (S, VERDE MILITAR);JAPDA66TS;DAMA;Verde Militar;S;SAMBIL VALENCIA;1
2026;ENERO;CUADRO JACKET 2.0 CAB;[JAPCA66TS] CUADRO JACKET 2.0 CAB (S, VERDE MILITAR);JAPCA66TS;CAB;Verde Militar;S;SAMBIL VALENCIA;1
2026;ENERO;CUADRO JACKET 2.0 CAB;[JAPCA66T2XL] CUADRO JACKET 2.0 CAB (2XL, VERDE MILITAR);JAPCA66T2XL;CAB;Verde Militar;2XL;SAMBIL VALENCIA;1
2026;ENERO;CUADRO JACKET 2.0 DAMA;[JAPDA66TM] CUADRO JACKET 2.0 DAMA (M, VERDE MILITAR);JAPDA66TM;DAMA;Verde Militar;M;SAMBIL VALENCIA;1
2026;ENERO;CUADRO JACKET 2.0 CAB;[JAPCA66TS] CUADRO JACKET 2.0 CAB (S, VERDE MILITAR);JAPCA66TS;CAB;Verde Militar;S;GRIETA;1
2026;ENERO;CUADRO JACKET 2.0 DAMA;[JAPDA35TM] CUADRO JACKET 2.0 DAMA (M, MAGENTA);JAPDA35TM;DAMA;Magenta;M;SAMBIL CHACAO;1
2026;ENERO;CUADRO JACKET 2.0 CAB;[JAPCA66TS] CUADRO JACKET 2.0 CAB (S, VERDE MILITAR);JAPCA66TS;CAB;Verde Militar;S;CERRO VERDE;1
2026;ENERO;CUADRO JACKET 2.0 CAB;[JAPCA16TM] CUADRO JACKET 2.0 CAB (M, BLANCO);JAPCA16TM;CAB;Blanco;M;SAMBIL VALENCIA;1
2026;ENERO;CUADRO JACKET 2.0 CAB;[JAPCA16TXL] CUADRO JACKET 2.0 CAB (XL, BLANCO);JAPCA16TXL;CAB;Blanco;XL;SAMBIL VALENCIA;1
2026;ENERO;CUADRO JACKET 2.0 CAB;[JAPCA43TS] CUADRO JACKET 2.0 CAB (S, NEGRO);JAPCA43TS;CAB;Negro;S;GRIETA;1
2026;ENERO;CUADRO JACKET 2.0 KIDS;[JAPKI162T2] CUADRO JACKET 2.0 KIDS (2, AZUL POLO);JAPKI162T2;KIDS;Azul Polo;2;SAMBIL VALENCIA;1
2026;ENERO;CUADRO JACKET 2.0 KIDS;[JAPKI35T8] CUADRO JACKET 2.0 KIDS (8, MAGENTA);JAPKI35T8;KIDS;Magenta;8;SAMBIL VALENCIA;1
2026;ENERO;CUADRO JACKET 2.0 DAMA;[JAPDA43TXS] CUADRO JACKET 2.0 DAMA (XS, NEGRO);JAPDA43TXS;DAMA;Negro;XS;SAMBIL VALENCIA;1
2026;ENERO;CUADRO JACKET 2.0 CAB;[JAPCA162TL] CUADRO JACKET 2.0 CAB (L, AZUL POLO);JAPCA162TL;CAB;Azul Polo;L;SAMBIL CHACAO;1
2026;ENERO;CUADRO JACKET 2.0 CAB;[JAPCA162TM] CUADRO JACKET 2.0 CAB (M, AZUL POLO);JAPCA162TM;CAB;Azul Polo;M;SAMBIL VALENCIA;1
2026;FEBRERO;CUADRO JACKET 2.0 CAB;[JAPCA162TM] CUADRO JACKET 2.0 CAB (M, AZUL POLO);JAPCA162TM;CAB;Azul Polo;M;SAMBIL CHACAO;1
2026;FEBRERO;CUADRO JACKET 2.0 DAMA;[JAPDA16TM] CUADRO JACKET 2.0 DAMA (M, BLANCO);JAPDA16TM;DAMA;Blanco;M;SAMBIL VALENCIA;1
2026;FEBRERO;CUADRO JACKET 2.0 DAMA;[JAPDA43TM] CUADRO JACKET 2.0 DAMA (M, NEGRO);JAPDA43TM;DAMA;Negro;M;SAMBIL VALENCIA;1
2026;FEBRERO;CUADRO JACKET 2.0 DAMA;[JAPDA35TXS] CUADRO JACKET 2.0 DAMA (XS, MAGENTA);JAPDA35TXS;DAMA;Magenta;XS;SAMBIL CHACAO;1
2026;FEBRERO;CUADRO JACKET 2.0 DAMA;[JAPDA43TS] CUADRO JACKET 2.0 DAMA (S, NEGRO);JAPDA43TS;DAMA;Negro;S;SAMBIL VALENCIA;1
2026;FEBRERO;CUADRO JACKET 2.0 CAB;[JAPCA43TXL] CUADRO JACKET 2.0 CAB (XL, NEGRO);JAPCA43TXL;CAB;Negro;XL;SAMBIL VALENCIA;1
2026;FEBRERO;CUADRO JACKET 2.0 KIDS;[JAPKI35T8] CUADRO JACKET 2.0 KIDS (8, MAGENTA);JAPKI35T8;KIDS;Magenta;8;GRIETA;1
2026;FEBRERO;CUADRO JACKET 2.0 DAMA;[JAPDA35TM] CUADRO JACKET 2.0 DAMA (M, MAGENTA);JAPDA35TM;DAMA;Magenta;M;GRIETA;1
2026;FEBRERO;CUADRO JACKET 2.0 DAMA;[JAPDA16TM] CUADRO JACKET 2.0 DAMA (M, BLANCO);JAPDA16TM;DAMA;Blanco;M;SAMBIL VALENCIA;1
2026;FEBRERO;CUADRO JACKET 2.0 KIDS;[JAPKI162T6] CUADRO JACKET 2.0 KIDS (6, AZUL POLO);JAPKI162T6;KIDS;Azul Polo;6;CERRO VERDE;1
2026;FEBRERO;CUADRO JACKET 2.0 KIDS;[JAPKI162T8] CUADRO JACKET 2.0 KIDS (8, AZUL POLO);JAPKI162T8;KIDS;Azul Polo;8;CERRO VERDE;1
2026;FEBRERO;CUADRO JACKET 2.0 CAB;[JAPCA162TXL] CUADRO JACKET 2.0 CAB (XL, AZUL POLO);JAPCA162TXL;CAB;Azul Polo;XL;SAMBIL CHACAO;1
2026;FEBRERO;CUADRO JACKET 2.0 DAMA;[JAPDA16TS] CUADRO JACKET 2.0 DAMA (S, BLANCO);JAPDA16TS;DAMA;Blanco;S;SAMBIL CHACAO;1
2026;FEBRERO;CUADRO JACKET 2.0 DAMA;[JAPDA43TS] CUADRO JACKET 2.0 DAMA (S, NEGRO);JAPDA43TS;DAMA;Negro;S;SAMBIL CHACAO;1
2026;FEBRERO;CUADRO JACKET 2.0 CAB;[JAPCA66TM] CUADRO JACKET 2.0 CAB (M, VERDE MILITAR);JAPCA66TM;CAB;Verde Militar;M;CERRO VERDE;1
2026;FEBRERO;CUADRO JACKET 2.0 DAMA;[JAPDA35TM] CUADRO JACKET 2.0 DAMA (M, MAGENTA);JAPDA35TM;DAMA;Magenta;M;WEB;1
2026;FEBRERO;CUADRO JACKET 2.0 CAB;[JAPCA162TM] CUADRO JACKET 2.0 CAB (M, AZUL POLO);JAPCA162TM;CAB;Azul Polo;M;SAMBIL CHACAO;-1
2026;FEBRERO;CUADRO JACKET 2.0 CAB;[JAPCA162TS] CUADRO JACKET 2.0 CAB (S, AZUL POLO);JAPCA162TS;CAB;Azul Polo;S;SAMBIL CHACAO;1
2026;FEBRERO;CUADRO JACKET 2.0 CAB;[JAPCA43TM] CUADRO JACKET 2.0 CAB (M, NEGRO);JAPCA43TM;CAB;Negro;M;SAMBIL VALENCIA;1
2026;FEBRERO;CUADRO JACKET 2.0 CAB;[JAPCA162TM] CUADRO JACKET 2.0 CAB (M, AZUL POLO);JAPCA162TM;CAB;Azul Polo;M;SAMBIL VALENCIA;1
2026;FEBRERO;CUADRO JACKET 2.0 CAB;[JAPCA162TXL] CUADRO JACKET 2.0 CAB (XL, AZUL POLO);JAPCA162TXL;CAB;Azul Polo;XL;CERRO VERDE;1
2026;FEBRERO;CUADRO JACKET 2.0 DAMA;[JAPDA43TM] CUADRO JACKET 2.0 DAMA (M, NEGRO);JAPDA43TM;DAMA;Negro;M;SAMBIL VALENCIA;1
2026;FEBRERO;CUADRO JACKET 2.0 KIDS;[JAPKI43T12] CUADRO JACKET 2.0 KIDS (12, NEGRO);JAPKI43T12;KIDS;Negro;12;SAMBIL VALENCIA;1
2026;FEBRERO;CUADRO JACKET 2.0 CAB;[JAPCA43TL] CUADRO JACKET 2.0 CAB (L, NEGRO);JAPCA43TL;CAB;Negro;L;GRIETA;1
2026;FEBRERO;CUADRO JACKET 2.0 DAMA;[JAPDA16TM] CUADRO JACKET 2.0 DAMA (M, BLANCO);JAPDA16TM;DAMA;Blanco;M;CERRO VERDE;1
2026;FEBRERO;CUADRO JACKET 2.0 CAB;[JAPCA43TL] CUADRO JACKET 2.0 CAB (L, NEGRO);JAPCA43TL;CAB;Negro;L;SAMBIL VALENCIA;1
2026;FEBRERO;CUADRO JACKET 2.0 CAB;[JAPCA16TS] CUADRO JACKET 2.0 CAB (S, BLANCO);JAPCA16TS;CAB;Blanco;S;CERRO VERDE;1
2026;FEBRERO;CUADRO JACKET 2.0 DAMA;[JAPDA43TXS] CUADRO JACKET 2.0 DAMA (XS, NEGRO);JAPDA43TXS;DAMA;Negro;XS;SAMBIL VALENCIA;1
2026;FEBRERO;CUADRO JACKET 2.0 CAB;[JAPCA16TM] CUADRO JACKET 2.0 CAB (M, BLANCO);JAPCA16TM;CAB;Blanco;M;GRIETA;-1
2026;FEBRERO;CUADRO JACKET 2.0 CAB;[JAPCA162T2XL] CUADRO JACKET 2.0 CAB (2XL, AZUL POLO);JAPCA162T2XL;CAB;Azul Polo;2XL;GRIETA;1
2026;FEBRERO;CUADRO JACKET 2.0 DAMA;[JAPDA16TXS] CUADRO JACKET 2.0 DAMA (XS, BLANCO);JAPDA16TXS;DAMA;Blanco;XS;SAMBIL CHACAO;1
2026;FEBRERO;CUADRO JACKET 2.0 DAMA;[JAPDA16TL] CUADRO JACKET 2.0 DAMA (L, BLANCO);JAPDA16TL;DAMA;Blanco;L;GRAND PLAZ;1
2026;FEBRERO;CUADRO JACKET 2.0 CAB;[JAPCA16TXL] CUADRO JACKET 2.0 CAB (XL, BLANCO);JAPCA16TXL;CAB;Blanco;XL;GRAND PLAZ;1
2026;FEBRERO;CUADRO JACKET 2.0 CAB;[JAPCA162TL] CUADRO JACKET 2.0 CAB (L, AZUL POLO);JAPCA162TL;CAB;Azul Polo;L;SAMBIL CHACAO;1
2026;FEBRERO;CUADRO JACKET 2.0 DAMA;[JAPDA43TXS] CUADRO JACKET 2.0 DAMA (XS, NEGRO);JAPDA43TXS;DAMA;Negro;XS;SAMBIL VALENCIA;1
2026;FEBRERO;CUADRO JACKET 2.0 CAB;[JAPCA01TM] CUADRO JACKET 2.0 CAB (M, AGUAMARINA);JAPCA01TM;CAB;Aguamarina;M;WEB;1
2026;FEBRERO;CUADRO JACKET 2.0 CAB;[JAPCA43TM] CUADRO JACKET 2.0 CAB (M, NEGRO);JAPCA43TM;CAB;Negro;M;GRIETA;1
2026;FEBRERO;CUADRO JACKET 2.0 CAB;[JAPCA43TL] CUADRO JACKET 2.0 CAB (L, NEGRO);JAPCA43TL;CAB;Negro;L;SAMBIL VALENCIA;1
2026;FEBRERO;CUADRO JACKET 2.0 DAMA;[JAPDA43TS] CUADRO JACKET 2.0 DAMA (S, NEGRO);JAPDA43TS;DAMA;Negro;S;SAMBIL VALENCIA;1
2026;FEBRERO;CUADRO JACKET 2.0 CAB;[JAPCA16TL] CUADRO JACKET 2.0 CAB (L, BLANCO);JAPCA16TL;CAB;Blanco;L;CERRO VERDE;1
2026;FEBRERO;CUADRO JACKET 2.0 DAMA;[JAPDA16TM] CUADRO JACKET 2.0 DAMA (M, BLANCO);JAPDA16TM;DAMA;Blanco;M;SAMBIL CHACAO;1
2026;FEBRERO;CUADRO JACKET 2.0 DAMA;[JAPDA16TM] CUADRO JACKET 2.0 DAMA (M, BLANCO);JAPDA16TM;DAMA;Blanco;M;WEB;1
2026;FEBRERO;CUADRO JACKET 2.0 DAMA;[JAPDA66TM] CUADRO JACKET 2.0 DAMA (M, VERDE MILITAR);JAPDA66TM;DAMA;Verde Militar;M;SAMBIL CHACAO;1
2026;FEBRERO;CUADRO JACKET 2.0 DAMA;[JAPDA01TM] CUADRO JACKET 2.0 DAMA (M, AGUAMARINA);JAPDA01TM;DAMA;Aguamarina;M;WEB;1
2026;FEBRERO;CUADRO JACKET 2.0 DAMA;[JAPDA35TL] CUADRO JACKET 2.0 DAMA (L, MAGENTA);JAPDA35TL;DAMA;Magenta;L;GRAND PLAZ;1
2026;FEBRERO;CUADRO JACKET 2.0 DAMA;[JAPDA16TS] CUADRO JACKET 2.0 DAMA (S, BLANCO);JAPDA16TS;DAMA;Blanco;S;GRAND PLAZ;1
2026;FEBRERO;CUADRO JACKET 2.0 DAMA;[JAPDA35TL] CUADRO JACKET 2.0 DAMA (L, MAGENTA);JAPDA35TL;DAMA;Magenta;L;SAMBIL CHACAO;1
2026;FEBRERO;CUADRO JACKET 2.0 KIDS;[JAPKI35T12] CUADRO JACKET 2.0 KIDS (12, MAGENTA);JAPKI35T12;KIDS;Magenta;12;SAMBIL CHACAO;1
2026;FEBRERO;CUADRO JACKET 2.0 CAB;[JAPCA66TXL] CUADRO JACKET 2.0 CAB (XL, VERDE MILITAR);JAPCA66TXL;CAB;Verde Militar;XL;SAMBIL CHACAO;1
2026;FEBRERO;CUADRO JACKET 2.0 CAB;[JAPCA162TXL] CUADRO JACKET 2.0 CAB (XL, AZUL POLO);JAPCA162TXL;CAB;Azul Polo;XL;SAMBIL CHACAO;1
2026;FEBRERO;CUADRO JACKET 2.0 CAB;[JAPCA16TXL] CUADRO JACKET 2.0 CAB (XL, BLANCO);JAPCA16TXL;CAB;Blanco;XL;SAMBIL CHACAO;1
2026;FEBRERO;CUADRO JACKET 2.0 DAMA;[JAPDA162TL] CUADRO JACKET 2.0 DAMA (L, AZUL POLO);JAPDA162TL;DAMA;Azul Polo;L;SAMBIL CHACAO;1
2026;FEBRERO;CUADRO JACKET 2.0 CAB;[JAPCA01TL] CUADRO JACKET 2.0 CAB (L, AGUAMARINA);JAPCA01TL;CAB;Aguamarina;L;GRIETA;1
2026;FEBRERO;CUADRO JACKET 2.0 CAB;[JAPCA66TM] CUADRO JACKET 2.0 CAB (M, VERDE MILITAR);JAPCA66TM;CAB;Verde Militar;M;SAMBIL CHACAO;1
2026;FEBRERO;CUADRO JACKET 2.0 DAMA;[JAPDA01TM] CUADRO JACKET 2.0 DAMA (M, AGUAMARINA);JAPDA01TM;DAMA;Aguamarina;M;GRAND PLAZ;1
2026;FEBRERO;CUADRO JACKET 2.0 DAMA;[JAPDA35TL] CUADRO JACKET 2.0 DAMA (L, MAGENTA);JAPDA35TL;DAMA;Magenta;L;GRAND PLAZ;1
2026;FEBRERO;CUADRO JACKET 2.0 CAB;[JAPCA162TL] CUADRO JACKET 2.0 CAB (L, AZUL POLO);JAPCA162TL;CAB;Azul Polo;L;SAMBIL CHACAO;1
2026;FEBRERO;CUADRO JACKET 2.0 DAMA;[JAPDA43TM] CUADRO JACKET 2.0 DAMA (M, NEGRO);JAPDA43TM;DAMA;Negro;M;GRIETA;1
2026;FEBRERO;CUADRO JACKET 2.0 DAMA;[JAPDA01TM] CUADRO JACKET 2.0 DAMA (M, AGUAMARINA);JAPDA01TM;DAMA;Aguamarina;M;GRIETA;1
2026;FEBRERO;CUADRO JACKET 2.0 DAMA;[JAPDA43TS] CUADRO JACKET 2.0 DAMA (S, NEGRO);JAPDA43TS;DAMA;Negro;S;CERRO VERDE;1
2026;FEBRERO;CUADRO JACKET 2.0 CAB;[JAPCA43TM] CUADRO JACKET 2.0 CAB (M, NEGRO);JAPCA43TM;CAB;Negro;M;GRIETA;1
2026;FEBRERO;CUADRO JACKET 2.0 DAMA;[JAPDA43TXS] CUADRO JACKET 2.0 DAMA (XS, NEGRO);JAPDA43TXS;DAMA;Negro;XS;GRAND PLAZ;1
2026;FEBRERO;CUADRO JACKET 2.0 CAB;[JAPCA16TM] CUADRO JACKET 2.0 CAB (M, BLANCO);JAPCA16TM;CAB;Blanco;M;GRAND PLAZ;1
2026;FEBRERO;CUADRO JACKET 2.0 CAB;[JAPCA43T2XL] CUADRO JACKET 2.0 CAB (2XL, NEGRO);JAPCA43T2XL;CAB;Negro;2XL;GRAND PLAZ;1
2026;FEBRERO;CUADRO JACKET 2.0 CAB;[JAPCA66T2XL] CUADRO JACKET 2.0 CAB (2XL, VERDE MILITAR);JAPCA66T2XL;CAB;Verde Militar;2XL;GRAND PLAZ;1
2026;FEBRERO;CUADRO JACKET 2.0 CAB;[JAPCA01TXL] CUADRO JACKET 2.0 CAB (XL, AGUAMARINA);JAPCA01TXL;CAB;Aguamarina;XL;GRIETA;1
2026;FEBRERO;CUADRO JACKET 2.0 CAB;[JAPCA162T2XL] CUADRO JACKET 2.0 CAB (2XL, AZUL POLO);JAPCA162T2XL;CAB;Azul Polo;2XL;CERRO VERDE;1
2026;FEBRERO;CUADRO JACKET 2.0 CAB;[JAPCA162TL] CUADRO JACKET 2.0 CAB (L, AZUL POLO);JAPCA162TL;CAB;Azul Polo;L;CERRO VERDE;1
2026;FEBRERO;CUADRO JACKET 2.0 CAB;[JAPCA162TXL] CUADRO JACKET 2.0 CAB (XL, AZUL POLO);JAPCA162TXL;CAB;Azul Polo;XL;CERRO VERDE;1
2026;FEBRERO;CUADRO JACKET 2.0 DAMA;[JAPDA01TXL] CUADRO JACKET 2.0 DAMA (XL, AGUAMARINA);JAPDA01TXL;DAMA;Aguamarina;XL;SAMBIL CHACAO;1
2026;FEBRERO;CUADRO JACKET 2.0 DAMA;[JAPDA35TL] CUADRO JACKET 2.0 DAMA (L, MAGENTA);JAPDA35TL;DAMA;Magenta;L;SAMBIL VALENCIA;1
2026;FEBRERO;CUADRO JACKET 2.0 DAMA;[JAPDA66TM] CUADRO JACKET 2.0 DAMA (M, VERDE MILITAR);JAPDA66TM;DAMA;Verde Militar;M;SAMBIL CHACAO;1
2026;FEBRERO;CUADRO JACKET 2.0 CAB;[JAPCA43TM] CUADRO JACKET 2.0 CAB (M, NEGRO);JAPCA43TM;CAB;Negro;M;SAMBIL CHACAO;1
2026;FEBRERO;CUADRO JACKET 2.0 KIDS;[JAPKI35T8] CUADRO JACKET 2.0 KIDS (8, MAGENTA);JAPKI35T8;KIDS;Magenta;8;SAMBIL CHACAO;1
2026;FEBRERO;CUADRO JACKET 2.0 DAMA;[JAPDA35TL] CUADRO JACKET 2.0 DAMA (L, MAGENTA);JAPDA35TL;DAMA;Magenta;L;SAMBIL CHACAO;1
2026;FEBRERO;CUADRO JACKET 2.0 CAB;[JAPCA66TM] CUADRO JACKET 2.0 CAB (M, VERDE MILITAR);JAPCA66TM;CAB;Verde Militar;M;CERRO VERDE;1
2026;FEBRERO;CUADRO JACKET 2.0 CAB;[JAPCA43TM] CUADRO JACKET 2.0 CAB (M, NEGRO);JAPCA43TM;CAB;Negro;M;CERRO VERDE;1
2026;FEBRERO;CUADRO JACKET 2.0 CAB;[JAPCA43TL] CUADRO JACKET 2.0 CAB (L, NEGRO);JAPCA43TL;CAB;Negro;L;SAMBIL VALENCIA;1
2026;FEBRERO;CUADRO JACKET 2.0 DAMA;[JAPDA16TM] CUADRO JACKET 2.0 DAMA (M, BLANCO);JAPDA16TM;DAMA;Blanco;M;GRAND PLAZ;1
2026;FEBRERO;CUADRO JACKET 2.0 DAMA;[JAPDA66TL] CUADRO JACKET 2.0 DAMA (L, VERDE MILITAR);JAPDA66TL;DAMA;Verde Militar;L;CERRO VERDE;1
2026;FEBRERO;CUADRO JACKET 2.0 DAMA;[JAPDA01TS] CUADRO JACKET 2.0 DAMA (S, AGUAMARINA);JAPDA01TS;DAMA;Aguamarina;S;SAMBIL VALENCIA;1
2026;FEBRERO;CUADRO JACKET 2.0 CAB;[JAPCA43T2XL] CUADRO JACKET 2.0 CAB (2XL, NEGRO);JAPCA43T2XL;CAB;Negro;2XL;GRIETA;1
2026;FEBRERO;CUADRO JACKET 2.0 DAMA;[JAPDA35TS] CUADRO JACKET 2.0 DAMA (S, MAGENTA);JAPDA35TS;DAMA;Magenta;S;GRIETA;1
2026;FEBRERO;CUADRO JACKET 2.0 DAMA;[JAPDA01TS] CUADRO JACKET 2.0 DAMA (S, AGUAMARINA);JAPDA01TS;DAMA;Aguamarina;S;CERRO VERDE;1
2026;FEBRERO;CUADRO JACKET 2.0 DAMA;[JAPDA66TXS] CUADRO JACKET 2.0 DAMA (XS, VERDE MILITAR);JAPDA66TXS;DAMA;Verde Militar;XS;CERRO VERDE;1
2026;FEBRERO;CUADRO JACKET 2.0 DAMA;[JAPDA01TM] CUADRO JACKET 2.0 DAMA (M, AGUAMARINA);JAPDA01TM;DAMA;Aguamarina;M;CERRO VERDE;1
2026;FEBRERO;CUADRO JACKET 2.0 DAMA;[JAPDA35TXS] CUADRO JACKET 2.0 DAMA (XS, MAGENTA);JAPDA35TXS;DAMA;Magenta;XS;CERRO VERDE;1
2026;FEBRERO;CUADRO JACKET 2.0 CAB;[JAPCA16T2XL] CUADRO JACKET 2.0 CAB (2XL, BLANCO);JAPCA16T2XL;CAB;Blanco;2XL;GRIETA;1
2026;FEBRERO;CUADRO JACKET 2.0 CAB;[JAPCA16T2XL] CUADRO JACKET 2.0 CAB (2XL, BLANCO);JAPCA16T2XL;CAB;Blanco;2XL;GRIETA;1
2026;FEBRERO;CUADRO JACKET 2.0 DAMA;[JAPDA16TS] CUADRO JACKET 2.0 DAMA (S, BLANCO);JAPDA16TS;DAMA;Blanco;S;CERRO VERDE;1
2026;FEBRERO;CUADRO JACKET 2.0 DAMA;[JAPDA16TS] CUADRO JACKET 2.0 DAMA (S, BLANCO);JAPDA16TS;DAMA;Blanco;S;SAMBIL VALENCIA;1
2026;FEBRERO;CUADRO JACKET 2.0 CAB;[JAPCA162TM] CUADRO JACKET 2.0 CAB (M, AZUL POLO);JAPCA162TM;CAB;Azul Polo;M;CERRO VERDE;1
2026;FEBRERO;CUADRO JACKET 2.0 KIDS;[JAPKI01T12] CUADRO JACKET 2.0 KIDS (12, AGUAMARINA);JAPKI01T12;KIDS;Aguamarina;12;GRIETA;1
2026;FEBRERO;CUADRO JACKET 2.0 DAMA;[JAPDA01TS] CUADRO JACKET 2.0 DAMA (S, AGUAMARINA);JAPDA01TS;DAMA;Aguamarina;S;GRIETA;1
2026;FEBRERO;CUADRO JACKET 2.0 CAB;[JAPCA01TS] CUADRO JACKET 2.0 CAB (S, AGUAMARINA);JAPCA01TS;CAB;Aguamarina;S;GRIETA;1
2026;FEBRERO;CUADRO JACKET 2.0 KIDS;[JAPKI35T10] CUADRO JACKET 2.0 KIDS (10, MAGENTA);JAPKI35T10;KIDS;Magenta;10;GRIETA;1
2026;FEBRERO;CUADRO JACKET 2.0 DAMA;[JAPDA43TM] CUADRO JACKET 2.0 DAMA (M, NEGRO);JAPDA43TM;DAMA;Negro;M;SAMBIL VALENCIA;1
2026;FEBRERO;CUADRO JACKET 2.0 CAB;[JAPCA162TXL] CUADRO JACKET 2.0 CAB (XL, AZUL POLO);JAPCA162TXL;CAB;Azul Polo;XL;CERRO VERDE;1
2026;FEBRERO;CUADRO JACKET 2.0 CAB;[JAPCA01TXL] CUADRO JACKET 2.0 CAB (XL, AGUAMARINA);JAPCA01TXL;CAB;Aguamarina;XL;SAMBIL CHACAO;1
2026;FEBRERO;CUADRO JACKET 2.0 KIDS;[JAPKI35T10] CUADRO JACKET 2.0 KIDS (10, MAGENTA);JAPKI35T10;KIDS;Magenta;10;CERRO VERDE;1
2026;FEBRERO;CUADRO JACKET 2.0 CAB;[JAPCA43TS] CUADRO JACKET 2.0 CAB (S, NEGRO);JAPCA43TS;CAB;Negro;S;SAMBIL VALENCIA;1
2026;FEBRERO;CUADRO JACKET 2.0 DAMA;[JAPDA16TXS] CUADRO JACKET 2.0 DAMA (XS, BLANCO);JAPDA16TXS;DAMA;Blanco;XS;CERRO VERDE;1
2026;FEBRERO;CUADRO JACKET 2.0 DAMA;[JAPDA43TXL] CUADRO JACKET 2.0 DAMA (XL, NEGRO);JAPDA43TXL;DAMA;Negro;XL;SAMBIL CHACAO;1
2026;FEBRERO;CUADRO JACKET 2.0 KIDS;[JAPKI162T6] CUADRO JACKET 2.0 KIDS (6, AZUL POLO);JAPKI162T6;KIDS;Azul Polo;6;SAMBIL CHACAO;1
2026;FEBRERO;CUADRO JACKET 2.0 DAMA;[JAPDA43TL] CUADRO JACKET 2.0 DAMA (L, NEGRO);JAPDA43TL;DAMA;Negro;L;SAMBIL CHACAO;1
2026;FEBRERO;CUADRO JACKET 2.0 DAMA;[JAPDA35TM] CUADRO JACKET 2.0 DAMA (M, MAGENTA);JAPDA35TM;DAMA;Magenta;M;SAMBIL VALENCIA;1
2026;FEBRERO;CUADRO JACKET 2.0 DAMA;[JAPDA35TL] CUADRO JACKET 2.0 DAMA (L, MAGENTA);JAPDA35TL;DAMA;Magenta;L;SAMBIL CHACAO;1
2026;FEBRERO;CUADRO JACKET 2.0 DAMA;[JAPDA35TL] CUADRO JACKET 2.0 DAMA (L, MAGENTA);JAPDA35TL;DAMA;Magenta;L;SAMBIL CHACAO;-1
2026;FEBRERO;CUADRO JACKET 2.0 DAMA;[JAPDA35TXL] CUADRO JACKET 2.0 DAMA (XL, MAGENTA);JAPDA35TXL;DAMA;Magenta;XL;SAMBIL CHACAO;1
2026;FEBRERO;CUADRO JACKET 2.0 CAB;[JAPCA66TXL] CUADRO JACKET 2.0 CAB (XL, VERDE MILITAR);JAPCA66TXL;CAB;Verde Militar;XL;CERRO VERDE;1
2026;FEBRERO;CUADRO JACKET 2.0 CAB;[JAPCA16TM] CUADRO JACKET 2.0 CAB (M, BLANCO);JAPCA16TM;CAB;Blanco;M;CERRO VERDE;1
2026;FEBRERO;CUADRO JACKET 2.0 CAB;[JAPCA16TL] CUADRO JACKET 2.0 CAB (L, BLANCO);JAPCA16TL;CAB;Blanco;L;CERRO VERDE;1
2026;FEBRERO;CUADRO JACKET 2.0 CAB;[JAPCA16TXL] CUADRO JACKET 2.0 CAB (XL, BLANCO);JAPCA16TXL;CAB;Blanco;XL;CERRO VERDE;1
2026;FEBRERO;CUADRO JACKET 2.0 DAMA;[JAPDA16TXS] CUADRO JACKET 2.0 DAMA (XS, BLANCO);JAPDA16TXS;DAMA;Blanco;XS;SAMBIL CHACAO;1
2026;FEBRERO;CUADRO JACKET 2.0 KIDS;[JAPKI43T10] CUADRO JACKET 2.0 KIDS (10, NEGRO);JAPKI43T10;KIDS;Negro;10;CERRO VERDE;1
2026;FEBRERO;CUADRO JACKET 2.0 KIDS;[JAPKI43T6] CUADRO JACKET 2.0 KIDS (6, NEGRO);JAPKI43T6;KIDS;Negro;6;CERRO VERDE;1
2026;FEBRERO;CUADRO JACKET 2.0 KIDS;[JAPKI35T2] CUADRO JACKET 2.0 KIDS (2, MAGENTA);JAPKI35T2;KIDS;Magenta;2;GRIETA;1
2026;FEBRERO;CUADRO JACKET 2.0 DAMA;[JAPDA35TL] CUADRO JACKET 2.0 DAMA (L, MAGENTA);JAPDA35TL;DAMA;Magenta;L;SAMBIL CHACAO;1
2026;FEBRERO;CUADRO JACKET 2.0 DAMA;[JAPDA66TM] CUADRO JACKET 2.0 DAMA (M, VERDE MILITAR);JAPDA66TM;DAMA;Verde Militar;M;SAMBIL CHACAO;1
2026;FEBRERO;CUADRO JACKET 2.0 CAB;[JAPCA66T2XL] CUADRO JACKET 2.0 CAB (2XL, VERDE MILITAR);JAPCA66T2XL;CAB;Verde Militar;2XL;SAMBIL CHACAO;1
2026;FEBRERO;CUADRO JACKET 2.0 DAMA;[JAPDA16TXS] CUADRO JACKET 2.0 DAMA (XS, BLANCO);JAPDA16TXS;DAMA;Blanco;XS;CERRO VERDE;1
2026;FEBRERO;CUADRO JACKET 2.0 CAB;[JAPCA162TM] CUADRO JACKET 2.0 CAB (M, AZUL POLO);JAPCA162TM;CAB;Azul Polo;M;SAMBIL VALENCIA;1
2026;FEBRERO;CUADRO JACKET 2.0 CAB;[JAPCA66TM] CUADRO JACKET 2.0 CAB (M, VERDE MILITAR);JAPCA66TM;CAB;Verde Militar;M;SAMBIL VALENCIA;1
2026;FEBRERO;CUADRO JACKET 2.0 CAB;[JAPCA43TXL] CUADRO JACKET 2.0 CAB (XL, NEGRO);JAPCA43TXL;CAB;Negro;XL;GRAND PLAZ;1
2026;FEBRERO;CUADRO JACKET 2.0 KIDS;[JAPKI43T10] CUADRO JACKET 2.0 KIDS (10, NEGRO);JAPKI43T10;KIDS;Negro;10;CERRO VERDE;1
2026;FEBRERO;CUADRO JACKET 2.0 CAB;[JAPCA66TL] CUADRO JACKET 2.0 CAB (L, VERDE MILITAR);JAPCA66TL;CAB;Verde Militar;L;SAMBIL CHACAO;1
2026;FEBRERO;CUADRO JACKET 2.0 DAMA;[JAPDA16TM] CUADRO JACKET 2.0 DAMA (M, BLANCO);JAPDA16TM;DAMA;Blanco;M;SAMBIL VALENCIA;1
2026;FEBRERO;CUADRO JACKET 2.0 DAMA;[JAPDA35TS] CUADRO JACKET 2.0 DAMA (S, MAGENTA);JAPDA35TS;DAMA;Magenta;S;SAMBIL VALENCIA;1
2026;FEBRERO;CUADRO JACKET 2.0 DAMA;[JAPDA01TXL] CUADRO JACKET 2.0 DAMA (XL, AGUAMARINA);JAPDA01TXL;DAMA;Aguamarina;XL;SAMBIL CHACAO;-1
2026;FEBRERO;CUADRO JACKET 2.0 CAB;[JAPCA01TXL] CUADRO JACKET 2.0 CAB (XL, AGUAMARINA);JAPCA01TXL;CAB;Aguamarina;XL;SAMBIL CHACAO;1
2026;FEBRERO;CUADRO JACKET 2.0 DAMA;[JAPDA66TXS] CUADRO JACKET 2.0 DAMA (XS, VERDE MILITAR);JAPDA66TXS;DAMA;Verde Militar;XS;GRAND PLAZ;1
2026;FEBRERO;CUADRO JACKET 2.0 CAB;[JAPCA162TXL] CUADRO JACKET 2.0 CAB (XL, AZUL POLO);JAPCA162TXL;CAB;Azul Polo;XL;SAMBIL VALENCIA;1
2026;FEBRERO;CUADRO JACKET 2.0 DAMA;[JAPDA35TM] CUADRO JACKET 2.0 DAMA (M, MAGENTA);JAPDA35TM;DAMA;Magenta;M;SAMBIL VALENCIA;1
2026;FEBRERO;CUADRO JACKET 2.0 CAB;[JAPCA43TL] CUADRO JACKET 2.0 CAB (L, NEGRO);JAPCA43TL;CAB;Negro;L;SAMBIL CHACAO;1
2026;FEBRERO;CUADRO JACKET 2.0 CAB;[JAPCA43TS] CUADRO JACKET 2.0 CAB (S, NEGRO);JAPCA43TS;CAB;Negro;S;SAMBIL VALENCIA;1
2026;FEBRERO;CUADRO JACKET 2.0 CAB;[JAPCA66TL] CUADRO JACKET 2.0 CAB (L, VERDE MILITAR);JAPCA66TL;CAB;Verde Militar;L;GRIETA;1
2026;FEBRERO;CUADRO JACKET 2.0 KIDS;[JAPKI162T6] CUADRO JACKET 2.0 KIDS (6, AZUL POLO);JAPKI162T6;KIDS;Azul Polo;6;CERRO VERDE;1
2026;FEBRERO;CUADRO JACKET 2.0 DAMA;[JAPDA43TM] CUADRO JACKET 2.0 DAMA (M, NEGRO);JAPDA43TM;DAMA;Negro;M;SAMBIL CHACAO;1
2026;FEBRERO;CUADRO JACKET 2.0 CAB;[JAPCA43TXL] CUADRO JACKET 2.0 CAB (XL, NEGRO);JAPCA43TXL;CAB;Negro;XL;SAMBIL CHACAO;2
2026;FEBRERO;CUADRO JACKET 2.0 CAB;[JAPCA01TL] CUADRO JACKET 2.0 CAB (L, AGUAMARINA);JAPCA01TL;CAB;Aguamarina;L;WEB;1
2026;FEBRERO;CUADRO JACKET 2.0 DAMA;[JAPDA01TS] CUADRO JACKET 2.0 DAMA (S, AGUAMARINA);JAPDA01TS;DAMA;Aguamarina;S;WEB;1
2026;FEBRERO;CUADRO JACKET 2.0 KIDS;[JAPKI01T8] CUADRO JACKET 2.0 KIDS (8, AGUAMARINA);JAPKI01T8;KIDS;Aguamarina;8;WEB;1
2026;FEBRERO;CUADRO JACKET 2.0 CAB;[JAPCA43TL] CUADRO JACKET 2.0 CAB (L, NEGRO);JAPCA43TL;CAB;Negro;L;GRAND PLAZ;1
2026;FEBRERO;CUADRO JACKET 2.0 CAB;[JAPCA16TXL] CUADRO JACKET 2.0 CAB (XL, BLANCO);JAPCA16TXL;CAB;Blanco;XL;CERRO VERDE;1
2026;FEBRERO;CUADRO JACKET 2.0 CAB;[JAPCA162TL] CUADRO JACKET 2.0 CAB (L, AZUL POLO);JAPCA162TL;CAB;Azul Polo;L;GRIETA;1
2026;FEBRERO;CUADRO JACKET 2.0 DAMA;[JAPDA35TS] CUADRO JACKET 2.0 DAMA (S, MAGENTA);JAPDA35TS;DAMA;Magenta;S;SAMBIL CHACAO;1
2026;FEBRERO;CUADRO JACKET 2.0 CAB;[JAPCA162TL] CUADRO JACKET 2.0 CAB (L, AZUL POLO);JAPCA162TL;CAB;Azul Polo;L;CERRO VERDE;1
2026;FEBRERO;CUADRO JACKET 2.0 KIDS;[JAPKI162T8] CUADRO JACKET 2.0 KIDS (8, AZUL POLO);JAPKI162T8;KIDS;Azul Polo;8;CERRO VERDE;1
2026;FEBRERO;CUADRO JACKET 2.0 DAMA;[JAPDA35TS] CUADRO JACKET 2.0 DAMA (S, MAGENTA);JAPDA35TS;DAMA;Magenta;S;CERRO VERDE;1
2026;FEBRERO;CUADRO JACKET 2.0 DAMA;[JAPDA16TS] CUADRO JACKET 2.0 DAMA (S, BLANCO);JAPDA16TS;DAMA;Blanco;S;GRIETA;1
2026;FEBRERO;CUADRO JACKET 2.0 CAB;[JAPCA66TM] CUADRO JACKET 2.0 CAB (M, VERDE MILITAR);JAPCA66TM;CAB;Verde Militar;M;CERRO VERDE;1
2026;FEBRERO;CUADRO JACKET 2.0 CAB;[JAPCA43TL] CUADRO JACKET 2.0 CAB (L, NEGRO);JAPCA43TL;CAB;Negro;L;SAMBIL CHACAO;-1
2026;FEBRERO;CUADRO JACKET 2.0 CAB;[JAPCA43TXL] CUADRO JACKET 2.0 CAB (XL, NEGRO);JAPCA43TXL;CAB;Negro;XL;SAMBIL CHACAO;1
2026;FEBRERO;CUADRO JACKET 2.0 CAB;[JAPCA66TXL] CUADRO JACKET 2.0 CAB (XL, VERDE MILITAR);JAPCA66TXL;CAB;Verde Militar;XL;SAMBIL VALENCIA;1
2026;FEBRERO;CUADRO JACKET 2.0 DAMA;[JAPDA43TM] CUADRO JACKET 2.0 DAMA (M, NEGRO);JAPDA43TM;DAMA;Negro;M;SAMBIL CHACAO;-1
2026;FEBRERO;CUADRO JACKET 2.0 CAB;[JAPCA43TXL] CUADRO JACKET 2.0 CAB (XL, NEGRO);JAPCA43TXL;CAB;Negro;XL;SAMBIL CHACAO;-2
2026;FEBRERO;CUADRO JACKET 2.0 DAMA;[JAPDA43TM] CUADRO JACKET 2.0 DAMA (M, NEGRO);JAPDA43TM;DAMA;Negro;M;SAMBIL CHACAO;1
2026;FEBRERO;CUADRO JACKET 2.0 CAB;[JAPCA43TXL] CUADRO JACKET 2.0 CAB (XL, NEGRO);JAPCA43TXL;CAB;Negro;XL;SAMBIL CHACAO;2
2026;FEBRERO;CUADRO JACKET 2.0 CAB;[JAPCA43TM] CUADRO JACKET 2.0 CAB (M, NEGRO);JAPCA43TM;CAB;Negro;M;WEB;1
2026;FEBRERO;CUADRO JACKET 2.0 KIDS;[JAPKI162T12] CUADRO JACKET 2.0 KIDS (12, AZUL POLO);JAPKI162T12;KIDS;Azul Polo;12;CERRO VERDE;1
2026;FEBRERO;CUADRO JACKET 2.0 DAMA;[JAPDA162TM] CUADRO JACKET 2.0 DAMA (M, AZUL POLO);JAPDA162TM;DAMA;Azul Polo;M;CERRO VERDE;1
2026;FEBRERO;CUADRO JACKET 2.0 DAMA;[JAPDA16TM] CUADRO JACKET 2.0 DAMA (M, BLANCO);JAPDA16TM;DAMA;Blanco;M;CERRO VERDE;1
2026;FEBRERO;CUADRO JACKET 2.0 CAB;[JAPCA162TL] CUADRO JACKET 2.0 CAB (L, AZUL POLO);JAPCA162TL;CAB;Azul Polo;L;SAMBIL CHACAO;1
2026;FEBRERO;CUADRO JACKET 2.0 CAB;[JAPCA162TXL] CUADRO JACKET 2.0 CAB (XL, AZUL POLO);JAPCA162TXL;CAB;Azul Polo;XL;SAMBIL VALENCIA;1
2026;FEBRERO;CUADRO JACKET 2.0 KIDS;[JAPKI35T4] CUADRO JACKET 2.0 KIDS (4, MAGENTA);JAPKI35T4;KIDS;Magenta;4;SAMBIL VALENCIA;1
2026;FEBRERO;CUADRO JACKET 2.0 DAMA;[JAPDA35TL] CUADRO JACKET 2.0 DAMA (L, MAGENTA);JAPDA35TL;DAMA;Magenta;L;CERRO VERDE;1
2026;FEBRERO;CUADRO JACKET 2.0 DAMA;[JAPDA01TS] CUADRO JACKET 2.0 DAMA (S, AGUAMARINA);JAPDA01TS;DAMA;Aguamarina;S;CERRO VERDE;1
2026;FEBRERO;CUADRO JACKET 2.0 DAMA;[JAPDA162TXS] CUADRO JACKET 2.0 DAMA (XS, AZUL POLO);JAPDA162TXS;DAMA;Azul Polo;XS;GRIETA;1
2026;FEBRERO;CUADRO JACKET 2.0 CAB;[JAPCA66TL] CUADRO JACKET 2.0 CAB (L, VERDE MILITAR);JAPCA66TL;CAB;Verde Militar;L;SAMBIL CHACAO;1
2026;FEBRERO;CUADRO JACKET 2.0 CAB;[JAPCA162T2XL] CUADRO JACKET 2.0 CAB (2XL, AZUL POLO);JAPCA162T2XL;CAB;Azul Polo;2XL;CERRO VERDE;1
2026;FEBRERO;CUADRO JACKET 2.0 DAMA;[JAPDA16TL] CUADRO JACKET 2.0 DAMA (L, BLANCO);JAPDA16TL;DAMA;Blanco;L;CERRO VERDE;1
2026;FEBRERO;CUADRO JACKET 2.0 DAMA;[JAPDA16TL] CUADRO JACKET 2.0 DAMA (L, BLANCO);JAPDA16TL;DAMA;Blanco;L;SAMBIL VALENCIA;1
2026;FEBRERO;CUADRO JACKET 2.0 CAB;[JAPCA162TS] CUADRO JACKET 2.0 CAB (S, AZUL POLO);JAPCA162TS;CAB;Azul Polo;S;SAMBIL VALENCIA;1
2026;FEBRERO;CUADRO JACKET 2.0 CAB;[JAPCA16TXL] CUADRO JACKET 2.0 CAB (XL, BLANCO);JAPCA16TXL;CAB;Blanco;XL;SAMBIL CHACAO;1
2026;FEBRERO;CUADRO JACKET 2.0 CAB;[JAPCA162T2XL] CUADRO JACKET 2.0 CAB (2XL, AZUL POLO);JAPCA162T2XL;CAB;Azul Polo;2XL;SAMBIL CHACAO;1
2026;FEBRERO;CUADRO JACKET 2.0 CAB;[JAPCA43TM] CUADRO JACKET 2.0 CAB (M, NEGRO);JAPCA43TM;CAB;Negro;M;CERRO VERDE;1
2026;FEBRERO;CUADRO JACKET 2.0 CAB;[JAPCA43TL] CUADRO JACKET 2.0 CAB (L, NEGRO);JAPCA43TL;CAB;Negro;L;WEB;1
2026;FEBRERO;CUADRO JACKET 2.0 CAB;[JAPCA16TS] CUADRO JACKET 2.0 CAB (S, BLANCO);JAPCA16TS;CAB;Blanco;S;SAMBIL VALENCIA;1
2026;FEBRERO;CUADRO JACKET 2.0 CAB;[JAPCA43TM] CUADRO JACKET 2.0 CAB (M, NEGRO);JAPCA43TM;CAB;Negro;M;SAMBIL VALENCIA;1
2026;FEBRERO;CUADRO JACKET 2.0 CAB;[JAPCA43TXL] CUADRO JACKET 2.0 CAB (XL, NEGRO);JAPCA43TXL;CAB;Negro;XL;SAMBIL CHACAO;1
2026;FEBRERO;CUADRO JACKET 2.0 DAMA;[JAPDA43TXS] CUADRO JACKET 2.0 DAMA (XS, NEGRO);JAPDA43TXS;DAMA;Negro;XS;SAMBIL CHACAO;1
2026;FEBRERO;CUADRO JACKET 2.0 CAB;[JAPCA43TXL] CUADRO JACKET 2.0 CAB (XL, NEGRO);JAPCA43TXL;CAB;Negro;XL;GRIETA;1
2026;FEBRERO;CUADRO JACKET 2.0 DAMA;[JAPDA35TL] CUADRO JACKET 2.0 DAMA (L, MAGENTA);JAPDA35TL;DAMA;Magenta;L;SAMBIL CHACAO;1
2026;FEBRERO;CUADRO JACKET 2.0 CAB;[JAPCA43TL] CUADRO JACKET 2.0 CAB (L, NEGRO);JAPCA43TL;CAB;Negro;L;SAMBIL CHACAO;1
2026;FEBRERO;CUADRO JACKET 2.0 DAMA;[JAPDA35TXL] CUADRO JACKET 2.0 DAMA (XL, MAGENTA);JAPDA35TXL;DAMA;Magenta;XL;SAMBIL VALENCIA;1
2026;FEBRERO;CUADRO JACKET 2.0 DAMA;[JAPDA01TXS] CUADRO JACKET 2.0 DAMA (XS, AGUAMARINA);JAPDA01TXS;DAMA;Aguamarina;XS;GRAND PLAZ;1
2026;FEBRERO;CUADRO JACKET 2.0 CAB;[JAPCA16TM] CUADRO JACKET 2.0 CAB (M, BLANCO);JAPCA16TM;CAB;Blanco;M;SAMBIL VALENCIA;1
2026;FEBRERO;CUADRO JACKET 2.0 CAB;[JAPCA16TL] CUADRO JACKET 2.0 CAB (L, BLANCO);JAPCA16TL;CAB;Blanco;L;GRAND PLAZ;1
2026;FEBRERO;CUADRO JACKET 2.0 DAMA;[JAPDA162TXS] CUADRO JACKET 2.0 DAMA (XS, AZUL POLO);JAPDA162TXS;DAMA;Azul Polo;XS;GRAND PLAZ;1
2026;FEBRERO;CUADRO JACKET 2.0 CAB;[JAPCA66TXL] CUADRO JACKET 2.0 CAB (XL, VERDE MILITAR);JAPCA66TXL;CAB;Verde Militar;XL;SAMBIL VALENCIA;1
2026;FEBRERO;CUADRO JACKET 2.0 DAMA;[JAPDA01TM] CUADRO JACKET 2.0 DAMA (M, AGUAMARINA);JAPDA01TM;DAMA;Aguamarina;M;CERRO VERDE;1
2026;FEBRERO;CUADRO JACKET 2.0 DAMA;[JAPDA16TM] CUADRO JACKET 2.0 DAMA (M, BLANCO);JAPDA16TM;DAMA;Blanco;M;CERRO VERDE;1
2026;FEBRERO;CUADRO JACKET 2.0 CAB;[JAPCA162TL] CUADRO JACKET 2.0 CAB (L, AZUL POLO);JAPCA162TL;CAB;Azul Polo;L;SAMBIL VALENCIA;1
2026;FEBRERO;CUADRO JACKET 2.0 CAB;[JAPCA43TS] CUADRO JACKET 2.0 CAB (S, NEGRO);JAPCA43TS;CAB;Negro;S;SAMBIL VALENCIA;1
2026;FEBRERO;CUADRO JACKET 2.0 DAMA;[JAPDA43TS] CUADRO JACKET 2.0 DAMA (S, NEGRO);JAPDA43TS;DAMA;Negro;S;GRIETA;1
2026;FEBRERO;CUADRO JACKET 2.0 CAB;[JAPCA43T2XL] CUADRO JACKET 2.0 CAB (2XL, NEGRO);JAPCA43T2XL;CAB;Negro;2XL;SAMBIL VALENCIA;1
2026;FEBRERO;CUADRO JACKET 2.0 DAMA;[JAPDA43TXL] CUADRO JACKET 2.0 DAMA (XL, NEGRO);JAPDA43TXL;DAMA;Negro;XL;SAMBIL VALENCIA;1
2026;FEBRERO;CUADRO JACKET 2.0 DAMA;[JAPDA66TXS] CUADRO JACKET 2.0 DAMA (XS, VERDE MILITAR);JAPDA66TXS;DAMA;Verde Militar;XS;CERRO VERDE;1
2026;FEBRERO;CUADRO JACKET 2.0 DAMA;[JAPDA162TM] CUADRO JACKET 2.0 DAMA (M, AZUL POLO);JAPDA162TM;DAMA;Azul Polo;M;SAMBIL CHACAO;1
2026;FEBRERO;CUADRO JACKET 2.0 KIDS;[JAPKI01T10] CUADRO JACKET 2.0 KIDS (10, AGUAMARINA);JAPKI01T10;KIDS;Aguamarina;10;CERRO VERDE;1
2026;FEBRERO;CUADRO JACKET 2.0 KIDS;[JAPKI162T10] CUADRO JACKET 2.0 KIDS (10, AZUL POLO);JAPKI162T10;KIDS;Azul Polo;10;CERRO VERDE;1
2026;FEBRERO;CUADRO JACKET 2.0 CAB;[JAPCA16TM] CUADRO JACKET 2.0 CAB (M, BLANCO);JAPCA16TM;CAB;Blanco;M;SAMBIL CHACAO;1
2026;FEBRERO;CUADRO JACKET 2.0 CAB;[JAPCA01TS] CUADRO JACKET 2.0 CAB (S, AGUAMARINA);JAPCA01TS;CAB;Aguamarina;S;SAMBIL CHACAO;1
2026;FEBRERO;CUADRO JACKET 2.0 DAMA;[JAPDA43TL] CUADRO JACKET 2.0 DAMA (L, NEGRO);JAPDA43TL;DAMA;Negro;L;SAMBIL CHACAO;1
2026;FEBRERO;CUADRO JACKET 2.0 CAB;[JAPCA43TL] CUADRO JACKET 2.0 CAB (L, NEGRO);JAPCA43TL;CAB;Negro;L;SAMBIL CHACAO;1
2026;FEBRERO;CUADRO JACKET 2.0 KIDS;[JAPKI35T6] CUADRO JACKET 2.0 KIDS (6, MAGENTA);JAPKI35T6;KIDS;Magenta;6;SAMBIL VALENCIA;1
2026;FEBRERO;CUADRO JACKET 2.0 DAMA;[JAPDA35TS] CUADRO JACKET 2.0 DAMA (S, MAGENTA);JAPDA35TS;DAMA;Magenta;S;SAMBIL VALENCIA;1
2026;FEBRERO;CUADRO JACKET 2.0 CAB;[JAPCA43TL] CUADRO JACKET 2.0 CAB (L, NEGRO);JAPCA43TL;CAB;Negro;L;GRIETA;1
2026;FEBRERO;CUADRO JACKET 2.0 DAMA;[JAPDA01TS] CUADRO JACKET 2.0 DAMA (S, AGUAMARINA);JAPDA01TS;DAMA;Aguamarina;S;GRAND PLAZ;1
2026;FEBRERO;CUADRO JACKET 2.0 CAB;[JAPCA162TL] CUADRO JACKET 2.0 CAB (L, AZUL POLO);JAPCA162TL;CAB;Azul Polo;L;GRAND PLAZ;1
2026;FEBRERO;CUADRO JACKET 2.0 DAMA;[JAPDA43TXS] CUADRO JACKET 2.0 DAMA (XS, NEGRO);JAPDA43TXS;DAMA;Negro;XS;SAMBIL VALENCIA;1
2026;FEBRERO;CUADRO JACKET 2.0 CAB;[JAPCA16TS] CUADRO JACKET 2.0 CAB (S, BLANCO);JAPCA16TS;CAB;Blanco;S;SAMBIL VALENCIA;1
2026;FEBRERO;CUADRO JACKET 2.0 DAMA;[JAPDA35TS] CUADRO JACKET 2.0 DAMA (S, MAGENTA);JAPDA35TS;DAMA;Magenta;S;SAMBIL CHACAO;1
2026;FEBRERO;CUADRO JACKET 2.0 DAMA;[JAPDA35TS] CUADRO JACKET 2.0 DAMA (S, MAGENTA);JAPDA35TS;DAMA;Magenta;S;SAMBIL VALENCIA;1
2026;FEBRERO;CUADRO JACKET 2.0 CAB;[JAPCA43TXL] CUADRO JACKET 2.0 CAB (XL, NEGRO);JAPCA43TXL;CAB;Negro;XL;WEB;1
2026;FEBRERO;CUADRO JACKET 2.0 DAMA;[JAPDA162TS] CUADRO JACKET 2.0 DAMA (S, AZUL POLO);JAPDA162TS;DAMA;Azul Polo;S;SAMBIL CHACAO;1
2026;FEBRERO;CUADRO JACKET 2.0 CAB;[JAPCA43TL] CUADRO JACKET 2.0 CAB (L, NEGRO);JAPCA43TL;CAB;Negro;L;SAMBIL VALENCIA;1
2026;FEBRERO;CUADRO JACKET 2.0 DAMA;[JAPDA43TXS] CUADRO JACKET 2.0 DAMA (XS, NEGRO);JAPDA43TXS;DAMA;Negro;XS;GRAND PLAZ;1
2026;FEBRERO;CUADRO JACKET 2.0 CAB;[JAPCA16TL] CUADRO JACKET 2.0 CAB (L, BLANCO);JAPCA16TL;CAB;Blanco;L;CERRO VERDE;1
2026;FEBRERO;CUADRO JACKET 2.0 CAB;[JAPCA162TM] CUADRO JACKET 2.0 CAB (M, AZUL POLO);JAPCA162TM;CAB;Azul Polo;M;SAMBIL CHACAO;1
2026;FEBRERO;CUADRO JACKET 2.0 CAB;[JAPCA43TM] CUADRO JACKET 2.0 CAB (M, NEGRO);JAPCA43TM;CAB;Negro;M;SAMBIL CHACAO;1
2026;FEBRERO;CUADRO JACKET 2.0 CAB;[JAPCA01TXL] CUADRO JACKET 2.0 CAB (XL, AGUAMARINA);JAPCA01TXL;CAB;Aguamarina;XL;GRAND PLAZ;1
2026;FEBRERO;CUADRO JACKET 2.0 CAB;[JAPCA43TS] CUADRO JACKET 2.0 CAB (S, NEGRO);JAPCA43TS;CAB;Negro;S;SAMBIL VALENCIA;1
2026;FEBRERO;CUADRO JACKET 2.0 KIDS;[JAPKI162T10] CUADRO JACKET 2.0 KIDS (10, AZUL POLO);JAPKI162T10;KIDS;Azul Polo;10;SAMBIL VALENCIA;1
2026;FEBRERO;CUADRO JACKET 2.0 CAB;[JAPCA43TM] CUADRO JACKET 2.0 CAB (M, NEGRO);JAPCA43TM;CAB;Negro;M;CERRO VERDE;1
2026;FEBRERO;CUADRO JACKET 2.0 DAMA;[JAPDA162TXS] CUADRO JACKET 2.0 DAMA (XS, AZUL POLO);JAPDA162TXS;DAMA;Azul Polo;XS;CERRO VERDE;1
2026;FEBRERO;CUADRO JACKET 2.0 CAB;[JAPCA43TXL] CUADRO JACKET 2.0 CAB (XL, NEGRO);JAPCA43TXL;CAB;Negro;XL;SAMBIL CHACAO;1
2026;FEBRERO;CUADRO JACKET 2.0 DAMA;[JAPDA01TL] CUADRO JACKET 2.0 DAMA (L, AGUAMARINA);JAPDA01TL;DAMA;Aguamarina;L;CERRO VERDE;1
2026;FEBRERO;CUADRO JACKET 2.0 DAMA;[JAPDA35TXS] CUADRO JACKET 2.0 DAMA (XS, MAGENTA);JAPDA35TXS;DAMA;Magenta;XS;SAMBIL VALENCIA;1
2026;FEBRERO;CUADRO JACKET 2.0 KIDS;[JAPKI162T6] CUADRO JACKET 2.0 KIDS (6, AZUL POLO);JAPKI162T6;KIDS;Azul Polo;6;CERRO VERDE;1
2026;FEBRERO;CUADRO JACKET 2.0 KIDS;[JAPKI35T6] CUADRO JACKET 2.0 KIDS (6, MAGENTA);JAPKI35T6;KIDS;Magenta;6;CERRO VERDE;1
2026;FEBRERO;CUADRO JACKET 2.0 KIDS;[JAPKI162T4] CUADRO JACKET 2.0 KIDS (4, AZUL POLO);JAPKI162T4;KIDS;Azul Polo;4;CERRO VERDE;1
2026;FEBRERO;CUADRO JACKET 2.0 DAMA;[JAPDA35TM] CUADRO JACKET 2.0 DAMA (M, MAGENTA);JAPDA35TM;DAMA;Magenta;M;CERRO VERDE;1
2026;FEBRERO;CUADRO JACKET 2.0 DAMA;[JAPDA16TXS] CUADRO JACKET 2.0 DAMA (XS, BLANCO);JAPDA16TXS;DAMA;Blanco;XS;CERRO VERDE;1
2026;FEBRERO;CUADRO JACKET 2.0 DAMA;[JAPDA16TM] CUADRO JACKET 2.0 DAMA (M, BLANCO);JAPDA16TM;DAMA;Blanco;M;SAMBIL CHACAO;1
2026;FEBRERO;CUADRO JACKET 2.0 CAB;[JAPCA43TXL] CUADRO JACKET 2.0 CAB (XL, NEGRO);JAPCA43TXL;CAB;Negro;XL;SAMBIL VALENCIA;1
2026;FEBRERO;CUADRO JACKET 2.0 CAB;[JAPCA43T2XL] CUADRO JACKET 2.0 CAB (2XL, NEGRO);JAPCA43T2XL;CAB;Negro;2XL;GRIETA;1
2026;FEBRERO;CUADRO JACKET 2.0 DAMA;[JAPDA43TS] CUADRO JACKET 2.0 DAMA (S, NEGRO);JAPDA43TS;DAMA;Negro;S;SAMBIL CHACAO;1
2026;FEBRERO;CUADRO JACKET 2.0 DAMA;[JAPDA16TS] CUADRO JACKET 2.0 DAMA (S, BLANCO);JAPDA16TS;DAMA;Blanco;S;SAMBIL VALENCIA;1
2026;FEBRERO;CUADRO JACKET 2.0 CAB;[JAPCA16TS] CUADRO JACKET 2.0 CAB (S, BLANCO);JAPCA16TS;CAB;Blanco;S;CERRO VERDE;1
2026;FEBRERO;CUADRO JACKET 2.0 DAMA;[JAPDA35TS] CUADRO JACKET 2.0 DAMA (S, MAGENTA);JAPDA35TS;DAMA;Magenta;S;GRIETA;1
2026;FEBRERO;CUADRO JACKET 2.0 DAMA;[JAPDA01TM] CUADRO JACKET 2.0 DAMA (M, AGUAMARINA);JAPDA01TM;DAMA;Aguamarina;M;GRIETA;1
2026;FEBRERO;CUADRO JACKET 2.0 CAB;[JAPCA43TL] CUADRO JACKET 2.0 CAB (L, NEGRO);JAPCA43TL;CAB;Negro;L;GRIETA;1
2026;FEBRERO;CUADRO JACKET 2.0 CAB;[JAPCA43TXL] CUADRO JACKET 2.0 CAB (XL, NEGRO);JAPCA43TXL;CAB;Negro;XL;SAMBIL VALENCIA;1
2026;FEBRERO;CUADRO JACKET 2.0 KIDS;[JAPKI162T12] CUADRO JACKET 2.0 KIDS (12, AZUL POLO);JAPKI162T12;KIDS;Azul Polo;12;SAMBIL CHACAO;1
2026;FEBRERO;CUADRO JACKET 2.0 DAMA;[JAPDA35TS] CUADRO JACKET 2.0 DAMA (S, MAGENTA);JAPDA35TS;DAMA;Magenta;S;SAMBIL VALENCIA;1
2026;FEBRERO;CUADRO JACKET 2.0 CAB;[JAPCA16TL] CUADRO JACKET 2.0 CAB (L, BLANCO);JAPCA16TL;CAB;Blanco;L;SAMBIL VALENCIA;1
2026;FEBRERO;CUADRO JACKET 2.0 DAMA;[JAPDA162TS] CUADRO JACKET 2.0 DAMA (S, AZUL POLO);JAPDA162TS;DAMA;Azul Polo;S;SAMBIL VALENCIA;1
2026;FEBRERO;CUADRO JACKET 2.0 CAB;[JAPCA43TXL] CUADRO JACKET 2.0 CAB (XL, NEGRO);JAPCA43TXL;CAB;Negro;XL;SAMBIL CHACAO;1
2026;FEBRERO;CUADRO JACKET 2.0 DAMA;[JAPDA43TS] CUADRO JACKET 2.0 DAMA (S, NEGRO);JAPDA43TS;DAMA;Negro;S;SAMBIL VALENCIA;1
2026;FEBRERO;CUADRO JACKET 2.0 CAB;[JAPCA01TM] CUADRO JACKET 2.0 CAB (M, AGUAMARINA);JAPCA01TM;CAB;Aguamarina;M;CERRO VERDE;1
2026;FEBRERO;CUADRO JACKET 2.0 DAMA;[JAPDA43TL] CUADRO JACKET 2.0 DAMA (L, NEGRO);JAPDA43TL;DAMA;Negro;L;SAMBIL CHACAO;1
2026;FEBRERO;CUADRO JACKET 2.0 DAMA;[JAPDA16TM] CUADRO JACKET 2.0 DAMA (M, BLANCO);JAPDA16TM;DAMA;Blanco;M;SAMBIL CHACAO;1
2026;FEBRERO;CUADRO JACKET 2.0 CAB;[JAPCA162TM] CUADRO JACKET 2.0 CAB (M, AZUL POLO);JAPCA162TM;CAB;Azul Polo;M;CERRO VERDE;1
2026;FEBRERO;CUADRO JACKET 2.0 DAMA;[JAPDA16TM] CUADRO JACKET 2.0 DAMA (M, BLANCO);JAPDA16TM;DAMA;Blanco;M;SAMBIL VALENCIA;1
2026;FEBRERO;CUADRO JACKET 2.0 DAMA;[JAPDA35TS] CUADRO JACKET 2.0 DAMA (S, MAGENTA);JAPDA35TS;DAMA;Magenta;S;GRIETA;1
2026;FEBRERO;CUADRO JACKET 2.0 CAB;[JAPCA66TM] CUADRO JACKET 2.0 CAB (M, VERDE MILITAR);JAPCA66TM;CAB;Verde Militar;M;CERRO VERDE;1
2026;FEBRERO;CUADRO JACKET 2.0 CAB;[JAPCA162TL] CUADRO JACKET 2.0 CAB (L, AZUL POLO);JAPCA162TL;CAB;Azul Polo;L;GRIETA;1
2026;FEBRERO;CUADRO JACKET 2.0 CAB;[JAPCA43TL] CUADRO JACKET 2.0 CAB (L, NEGRO);JAPCA43TL;CAB;Negro;L;CERRO VERDE;1
2026;FEBRERO;CUADRO JACKET 2.0 DAMA;[JAPDA16TS] CUADRO JACKET 2.0 DAMA (S, BLANCO);JAPDA16TS;DAMA;Blanco;S;SAMBIL VALENCIA;2
2026;FEBRERO;CUADRO JACKET 2.0 DAMA;[JAPDA35TXS] CUADRO JACKET 2.0 DAMA (XS, MAGENTA);JAPDA35TXS;DAMA;Magenta;XS;CERRO VERDE;1
2026;FEBRERO;CUADRO JACKET 2.0 DAMA;[JAPDA16TM] CUADRO JACKET 2.0 DAMA (M, BLANCO);JAPDA16TM;DAMA;Blanco;M;SAMBIL VALENCIA;1
2026;FEBRERO;CUADRO JACKET 2.0 CAB;[JAPCA162TL] CUADRO JACKET 2.0 CAB (L, AZUL POLO);JAPCA162TL;CAB;Azul Polo;L;GRIETA;1
2026;FEBRERO;CUADRO JACKET 2.0 DAMA;[JAPDA16TXL] CUADRO JACKET 2.0 DAMA (XL, BLANCO);JAPDA16TXL;DAMA;Blanco;XL;SAMBIL VALENCIA;1
2026;FEBRERO;CUADRO JACKET 2.0 DAMA;[JAPDA01TM] CUADRO JACKET 2.0 DAMA (M, AGUAMARINA);JAPDA01TM;DAMA;Aguamarina;M;SAMBIL VALENCIA;1
2026;FEBRERO;CUADRO JACKET 2.0 CAB;[JAPCA01TXL] CUADRO JACKET 2.0 CAB (XL, AGUAMARINA);JAPCA01TXL;CAB;Aguamarina;XL;SAMBIL VALENCIA;1
2026;FEBRERO;CUADRO JACKET 2.0 DAMA;[JAPDA01TS] CUADRO JACKET 2.0 DAMA (S, AGUAMARINA);JAPDA01TS;DAMA;Aguamarina;S;SAMBIL CHACAO;1
2026;FEBRERO;CUADRO JACKET 2.0 DAMA;[JAPDA35TS] CUADRO JACKET 2.0 DAMA (S, MAGENTA);JAPDA35TS;DAMA;Magenta;S;SAMBIL CHACAO;1
2026;FEBRERO;CUADRO JACKET 2.0 DAMA;[JAPDA43TS] CUADRO JACKET 2.0 DAMA (S, NEGRO);JAPDA43TS;DAMA;Negro;S;GRIETA;1
2026;FEBRERO;CUADRO JACKET 2.0 CAB;[JAPCA16TS] CUADRO JACKET 2.0 CAB (S, BLANCO);JAPCA16TS;CAB;Blanco;S;SAMBIL VALENCIA;1
2026;FEBRERO;CUADRO JACKET 2.0 DAMA;[JAPDA43TXS] CUADRO JACKET 2.0 DAMA (XS, NEGRO);JAPDA43TXS;DAMA;Negro;XS;SAMBIL CHACAO;1
2026;FEBRERO;CUADRO JACKET 2.0 DAMA;[JAPDA66TS] CUADRO JACKET 2.0 DAMA (S, VERDE MILITAR);JAPDA66TS;DAMA;Verde Militar;S;SAMBIL VALENCIA;1
2026;FEBRERO;CUADRO JACKET 2.0 CAB;[JAPCA43T2XL] CUADRO JACKET 2.0 CAB (2XL, NEGRO);JAPCA43T2XL;CAB;Negro;2XL;SAMBIL VALENCIA;1
2026;FEBRERO;CUADRO JACKET 2.0 DAMA;[JAPDA35TL] CUADRO JACKET 2.0 DAMA (L, MAGENTA);JAPDA35TL;DAMA;Magenta;L;SAMBIL CHACAO;1
2026;FEBRERO;CUADRO JACKET 2.0 DAMA;[JAPDA35TXS] CUADRO JACKET 2.0 DAMA (XS, MAGENTA);JAPDA35TXS;DAMA;Magenta;XS;SAMBIL CHACAO;1
2026;FEBRERO;CUADRO JACKET 2.0 CAB;[JAPCA66TXL] CUADRO JACKET 2.0 CAB (XL, VERDE MILITAR);JAPCA66TXL;CAB;Verde Militar;XL;SAMBIL CHACAO;1
2026;FEBRERO;CUADRO JACKET 2.0 DAMA;[JAPDA01TS] CUADRO JACKET 2.0 DAMA (S, AGUAMARINA);JAPDA01TS;DAMA;Aguamarina;S;SAMBIL VALENCIA;1
2026;FEBRERO;CUADRO JACKET 2.0 DAMA;[JAPDA35TS] CUADRO JACKET 2.0 DAMA (S, MAGENTA);JAPDA35TS;DAMA;Magenta;S;CERRO VERDE;1
2026;FEBRERO;CUADRO JACKET 2.0 KIDS;[JAPKI35T12] CUADRO JACKET 2.0 KIDS (12, MAGENTA);JAPKI35T12;KIDS;Magenta;12;GRIETA;1
2026;FEBRERO;CUADRO JACKET 2.0 DAMA;[JAPDA16TM] CUADRO JACKET 2.0 DAMA (M, BLANCO);JAPDA16TM;DAMA;Blanco;M;CERRO VERDE;1
2026;FEBRERO;CUADRO JACKET 2.0 KIDS;[JAPKI35T12] CUADRO JACKET 2.0 KIDS (12, MAGENTA);JAPKI35T12;KIDS;Magenta;12;SAMBIL VALENCIA;1
2026;FEBRERO;CUADRO JACKET 2.0 DAMA;[JAPDA35TM] CUADRO JACKET 2.0 DAMA (M, MAGENTA);JAPDA35TM;DAMA;Magenta;M;SAMBIL VALENCIA;1
2026;FEBRERO;CUADRO JACKET 2.0 DAMA;[JAPDA66TXL] CUADRO JACKET 2.0 DAMA (XL, VERDE MILITAR);JAPDA66TXL;DAMA;Verde Militar;XL;CERRO VERDE;1
2026;FEBRERO;CUADRO JACKET 2.0 DAMA;[JAPDA162TS] CUADRO JACKET 2.0 DAMA (S, AZUL POLO);JAPDA162TS;DAMA;Azul Polo;S;GRIETA;1
2026;FEBRERO;CUADRO JACKET 2.0 CAB;[JAPCA43TM] CUADRO JACKET 2.0 CAB (M, NEGRO);JAPCA43TM;CAB;Negro;M;SAMBIL CHACAO;1
2026;FEBRERO;CUADRO JACKET 2.0 DAMA;[JAPDA66TL] CUADRO JACKET 2.0 DAMA (L, VERDE MILITAR);JAPDA66TL;DAMA;Verde Militar;L;SAMBIL VALENCIA;1
2026;FEBRERO;CUADRO JACKET 2.0 DAMA;[JAPDA66TM] CUADRO JACKET 2.0 DAMA (M, VERDE MILITAR);JAPDA66TM;DAMA;Verde Militar;M;SAMBIL VALENCIA;1
2026;FEBRERO;CUADRO JACKET 2.0 CAB;[JAPCA162T2XL] CUADRO JACKET 2.0 CAB (2XL, AZUL POLO);JAPCA162T2XL;CAB;Azul Polo;2XL;CERRO VERDE;1
2026;FEBRERO;CUADRO JACKET 2.0 CAB;[JAPCA16TL] CUADRO JACKET 2.0 CAB (L, BLANCO);JAPCA16TL;CAB;Blanco;L;SAMBIL CHACAO;1
2026;FEBRERO;CUADRO JACKET 2.0 KIDS;[JAPKI35T10] CUADRO JACKET 2.0 KIDS (10, MAGENTA);JAPKI35T10;KIDS;Magenta;10;SAMBIL CHACAO;1
2026;FEBRERO;CUADRO JACKET 2.0 DAMA;[JAPDA16TS] CUADRO JACKET 2.0 DAMA (S, BLANCO);JAPDA16TS;DAMA;Blanco;S;CERRO VERDE;1
2026;FEBRERO;CUADRO JACKET 2.0 CAB;[JAPCA66TXL] CUADRO JACKET 2.0 CAB (XL, VERDE MILITAR);JAPCA66TXL;CAB;Verde Militar;XL;SAMBIL VALENCIA;1
2026;FEBRERO;CUADRO JACKET 2.0 DAMA;[JAPDA43TS] CUADRO JACKET 2.0 DAMA (S, NEGRO);JAPDA43TS;DAMA;Negro;S;SAMBIL VALENCIA;1
2026;FEBRERO;CUADRO JACKET 2.0 DAMA;[JAPDA66TM] CUADRO JACKET 2.0 DAMA (M, VERDE MILITAR);JAPDA66TM;DAMA;Verde Militar;M;SAMBIL CHACAO;1
2026;FEBRERO;CUADRO JACKET 2.0 KIDS;[JAPKI35T4] CUADRO JACKET 2.0 KIDS (4, MAGENTA);JAPKI35T4;KIDS;Magenta;4;SAMBIL CHACAO;1
2026;FEBRERO;CUADRO JACKET 2.0 DAMA;[JAPDA16TL] CUADRO JACKET 2.0 DAMA (L, BLANCO);JAPDA16TL;DAMA;Blanco;L;SAMBIL CHACAO;1
2026;FEBRERO;CUADRO JACKET 2.0 KIDS;[JAPKI162T12] CUADRO JACKET 2.0 KIDS (12, AZUL POLO);JAPKI162T12;KIDS;Azul Polo;12;SAMBIL VALENCIA;1
2026;FEBRERO;CUADRO JACKET 2.0 DAMA;[JAPDA01TL] CUADRO JACKET 2.0 DAMA (L, AGUAMARINA);JAPDA01TL;DAMA;Aguamarina;L;SAMBIL VALENCIA;1
2026;FEBRERO;CUADRO JACKET 2.0 CAB;[JAPCA43TL] CUADRO JACKET 2.0 CAB (L, NEGRO);JAPCA43TL;CAB;Negro;L;SAMBIL VALENCIA;1
2026;FEBRERO;CUADRO JACKET 2.0 CAB;[JAPCA66T2XL] CUADRO JACKET 2.0 CAB (2XL, VERDE MILITAR);JAPCA66T2XL;CAB;Verde Militar;2XL;SAMBIL CHACAO;1
2026;FEBRERO;CUADRO JACKET 2.0 DAMA;[JAPDA01TS] CUADRO JACKET 2.0 DAMA (S, AGUAMARINA);JAPDA01TS;DAMA;Aguamarina;S;SAMBIL CHACAO;1
2026;FEBRERO;CUADRO JACKET 2.0 DAMA;[JAPDA35TS] CUADRO JACKET 2.0 DAMA (S, MAGENTA);JAPDA35TS;DAMA;Magenta;S;GRIETA;1
2026;FEBRERO;CUADRO JACKET 2.0 CAB;[JAPCA43TS] CUADRO JACKET 2.0 CAB (S, NEGRO);JAPCA43TS;CAB;Negro;S;SAMBIL VALENCIA;1
2026;FEBRERO;CUADRO JACKET 2.0 DAMA;[JAPDA43TXS] CUADRO JACKET 2.0 DAMA (XS, NEGRO);JAPDA43TXS;DAMA;Negro;XS;GRIETA;1
2026;FEBRERO;CUADRO JACKET 2.0 DAMA;[JAPDA16TS] CUADRO JACKET 2.0 DAMA (S, BLANCO);JAPDA16TS;DAMA;Blanco;S;SAMBIL VALENCIA;1
2026;FEBRERO;CUADRO JACKET 2.0 DAMA;[JAPDA66TS] CUADRO JACKET 2.0 DAMA (S, VERDE MILITAR);JAPDA66TS;DAMA;Verde Militar;S;CERRO VERDE;1
2026;FEBRERO;CUADRO JACKET 2.0 CAB;[JAPCA66TL] CUADRO JACKET 2.0 CAB (L, VERDE MILITAR);JAPCA66TL;CAB;Verde Militar;L;CERRO VERDE;1
2026;FEBRERO;CUADRO JACKET 2.0 DAMA;[JAPDA35TS] CUADRO JACKET 2.0 DAMA (S, MAGENTA);JAPDA35TS;DAMA;Magenta;S;SAMBIL VALENCIA;1
2026;FEBRERO;CUADRO JACKET 2.0 CAB;[JAPCA162TL] CUADRO JACKET 2.0 CAB (L, AZUL POLO);JAPCA162TL;CAB;Azul Polo;L;GRIETA;1
2026;FEBRERO;CUADRO JACKET 2.0 CAB;[JAPCA43TL] CUADRO JACKET 2.0 CAB (L, NEGRO);JAPCA43TL;CAB;Negro;L;GRIETA;1
2026;FEBRERO;CUADRO JACKET 2.0 DAMA;[JAPDA162TM] CUADRO JACKET 2.0 DAMA (M, AZUL POLO);JAPDA162TM;DAMA;Azul Polo;M;GRIETA;1
2026;FEBRERO;CUADRO JACKET 2.0 DAMA;[JAPDA35TS] CUADRO JACKET 2.0 DAMA (S, MAGENTA);JAPDA35TS;DAMA;Magenta;S;GRIETA;-1
2026;FEBRERO;CUADRO JACKET 2.0 DAMA;[JAPDA66TM] CUADRO JACKET 2.0 DAMA (M, VERDE MILITAR);JAPDA66TM;DAMA;Verde Militar;M;GRIETA;1
2026;FEBRERO;CUADRO JACKET 2.0 CAB;[JAPCA43TL] CUADRO JACKET 2.0 CAB (L, NEGRO);JAPCA43TL;CAB;Negro;L;SAMBIL CHACAO;1
2026;FEBRERO;CUADRO JACKET 2.0 CAB;[JAPCA162TL] CUADRO JACKET 2.0 CAB (L, AZUL POLO);JAPCA162TL;CAB;Azul Polo;L;CERRO VERDE;1
2026;FEBRERO;CUADRO JACKET 2.0 KIDS;[JAPKI162T8] CUADRO JACKET 2.0 KIDS (8, AZUL POLO);JAPKI162T8;KIDS;Azul Polo;8;CERRO VERDE;1
2026;FEBRERO;CUADRO JACKET 2.0 KIDS;[JAPKI01T8] CUADRO JACKET 2.0 KIDS (8, AGUAMARINA);JAPKI01T8;KIDS;Aguamarina;8;SAMBIL VALENCIA;1
2026;FEBRERO;CUADRO JACKET 2.0 CAB;[JAPCA43T2XL] CUADRO JACKET 2.0 CAB (2XL, NEGRO);JAPCA43T2XL;CAB;Negro;2XL;SAMBIL CHACAO;1
2026;FEBRERO;CUADRO JACKET 2.0 DAMA;[JAPDA43TM] CUADRO JACKET 2.0 DAMA (M, NEGRO);JAPDA43TM;DAMA;Negro;M;GRIETA;1
2026;FEBRERO;CUADRO JACKET 2.0 DAMA;[JAPDA35TS] CUADRO JACKET 2.0 DAMA (S, MAGENTA);JAPDA35TS;DAMA;Magenta;S;GRIETA;1
2026;FEBRERO;CUADRO JACKET 2.0 CAB;[JAPCA43T2XL] CUADRO JACKET 2.0 CAB (2XL, NEGRO);JAPCA43T2XL;CAB;Negro;2XL;GRIETA;1
2026;FEBRERO;CUADRO JACKET 2.0 DAMA;[JAPDA01TM] CUADRO JACKET 2.0 DAMA (M, AGUAMARINA);JAPDA01TM;DAMA;Aguamarina;M;SAMBIL VALENCIA;1
2026;FEBRERO;CUADRO JACKET 2.0 DAMA;[JAPDA16TM] CUADRO JACKET 2.0 DAMA (M, BLANCO);JAPDA16TM;DAMA;Blanco;M;SAMBIL VALENCIA;1
2026;FEBRERO;CUADRO JACKET 2.0 DAMA;[JAPDA35TM] CUADRO JACKET 2.0 DAMA (M, MAGENTA);JAPDA35TM;DAMA;Magenta;M;GRIETA;1
2026;FEBRERO;CUADRO JACKET 2.0 CAB;[JAPCA43TXL] CUADRO JACKET 2.0 CAB (XL, NEGRO);JAPCA43TXL;CAB;Negro;XL;SAMBIL CHACAO;1
2026;FEBRERO;CUADRO JACKET 2.0 DAMA;[JAPDA35TM] CUADRO JACKET 2.0 DAMA (M, MAGENTA);JAPDA35TM;DAMA;Magenta;M;GRIETA;1
2026;FEBRERO;CUADRO JACKET 2.0 DAMA;[JAPDA35TXL] CUADRO JACKET 2.0 DAMA (XL, MAGENTA);JAPDA35TXL;DAMA;Magenta;XL;GRIETA;1
2026;FEBRERO;CUADRO JACKET 2.0 DAMA;[JAPDA66TXS] CUADRO JACKET 2.0 DAMA (XS, VERDE MILITAR);JAPDA66TXS;DAMA;Verde Militar;XS;CERRO VERDE;1
2026;FEBRERO;CUADRO JACKET 2.0 CAB;[JAPCA162TL] CUADRO JACKET 2.0 CAB (L, AZUL POLO);JAPCA162TL;CAB;Azul Polo;L;SAMBIL VALENCIA;1
2026;FEBRERO;CUADRO JACKET 2.0 CAB;[JAPCA66TM] CUADRO JACKET 2.0 CAB (M, VERDE MILITAR);JAPCA66TM;CAB;Verde Militar;M;GRAND PLAZ;1
2026;FEBRERO;CUADRO JACKET 2.0 CAB;[JAPCA43TXL] CUADRO JACKET 2.0 CAB (XL, NEGRO);JAPCA43TXL;CAB;Negro;XL;GRIETA;1
2026;FEBRERO;CUADRO JACKET 2.0 CAB;[JAPCA162TXL] CUADRO JACKET 2.0 CAB (XL, AZUL POLO);JAPCA162TXL;CAB;Azul Polo;XL;GRIETA;1
2026;FEBRERO;CUADRO JACKET 2.0 CAB;[JAPCA162TS] CUADRO JACKET 2.0 CAB (S, AZUL POLO);JAPCA162TS;CAB;Azul Polo;S;CERRO VERDE;1
2026;FEBRERO;CUADRO JACKET 2.0 DAMA;[JAPDA43TXS] CUADRO JACKET 2.0 DAMA (XS, NEGRO);JAPDA43TXS;DAMA;Negro;XS;GRIETA;1
2026;FEBRERO;CUADRO JACKET 2.0 DAMA;[JAPDA43TM] CUADRO JACKET 2.0 DAMA (M, NEGRO);JAPDA43TM;DAMA;Negro;M;GRIETA;1
2026;FEBRERO;CUADRO JACKET 2.0 DAMA;[JAPDA35TS] CUADRO JACKET 2.0 DAMA (S, MAGENTA);JAPDA35TS;DAMA;Magenta;S;SAMBIL VALENCIA;1
2026;FEBRERO;CUADRO JACKET 2.0 DAMA;[JAPDA43TS] CUADRO JACKET 2.0 DAMA (S, NEGRO);JAPDA43TS;DAMA;Negro;S;SAMBIL VALENCIA;1
2026;FEBRERO;CUADRO JACKET 2.0 CAB;[JAPCA43TM] CUADRO JACKET 2.0 CAB (M, NEGRO);JAPCA43TM;CAB;Negro;M;SAMBIL VALENCIA;1
2026;FEBRERO;CUADRO JACKET 2.0 DAMA;[JAPDA43TM] CUADRO JACKET 2.0 DAMA (M, NEGRO);JAPDA43TM;DAMA;Negro;M;SAMBIL CHACAO;1
2026;FEBRERO;CUADRO JACKET 2.0 DAMA;[JAPDA01TM] CUADRO JACKET 2.0 DAMA (M, AGUAMARINA);JAPDA01TM;DAMA;Aguamarina;M;GRIETA;1
2026;FEBRERO;CUADRO JACKET 2.0 DAMA;[JAPDA35TXS] CUADRO JACKET 2.0 DAMA (XS, MAGENTA);JAPDA35TXS;DAMA;Magenta;XS;SAMBIL VALENCIA;1
2026;FEBRERO;CUADRO JACKET 2.0 CAB;[JAPCA162TL] CUADRO JACKET 2.0 CAB (L, AZUL POLO);JAPCA162TL;CAB;Azul Polo;L;GRAND PLAZ;1
2026;FEBRERO;CUADRO JACKET 2.0 DAMA;[JAPDA16TS] CUADRO JACKET 2.0 DAMA (S, BLANCO);JAPDA16TS;DAMA;Blanco;S;GRAND PLAZ;1
2026;FEBRERO;CUADRO JACKET 2.0 DAMA;[JAPDA43TM] CUADRO JACKET 2.0 DAMA (M, NEGRO);JAPDA43TM;DAMA;Negro;M;SAMBIL VALENCIA;1
2026;FEBRERO;CUADRO JACKET 2.0 DAMA;[JAPDA43TM] CUADRO JACKET 2.0 DAMA (M, NEGRO);JAPDA43TM;DAMA;Negro;M;SAMBIL VALENCIA;1
2026;FEBRERO;CUADRO JACKET 2.0 DAMA;[JAPDA43TM] CUADRO JACKET 2.0 DAMA (M, NEGRO);JAPDA43TM;DAMA;Negro;M;GRIETA;1
2026;FEBRERO;CUADRO JACKET 2.0 KIDS;[JAPKI162T12] CUADRO JACKET 2.0 KIDS (12, AZUL POLO);JAPKI162T12;KIDS;Azul Polo;12;CERRO VERDE;1
2026;FEBRERO;CUADRO JACKET 2.0 DAMA;[JAPDA43TM] CUADRO JACKET 2.0 DAMA (M, NEGRO);JAPDA43TM;DAMA;Negro;M;SAMBIL CHACAO;1
2026;FEBRERO;CUADRO JACKET 2.0 CAB;[JAPCA162TS] CUADRO JACKET 2.0 CAB (S, AZUL POLO);JAPCA162TS;CAB;Azul Polo;S;CERRO VERDE;1
2026;FEBRERO;CUADRO JACKET 2.0 DAMA;[JAPDA162TS] CUADRO JACKET 2.0 DAMA (S, AZUL POLO);JAPDA162TS;DAMA;Azul Polo;S;SAMBIL VALENCIA;1
2026;FEBRERO;CUADRO JACKET 2.0 CAB;[JAPCA162TS] CUADRO JACKET 2.0 CAB (S, AZUL POLO);JAPCA162TS;CAB;Azul Polo;S;SAMBIL VALENCIA;1
2026;FEBRERO;CUADRO JACKET 2.0 CAB;[JAPCA01TL] CUADRO JACKET 2.0 CAB (L, AGUAMARINA);JAPCA01TL;CAB;Aguamarina;L;CERRO VERDE;1
2026;FEBRERO;CUADRO JACKET 2.0 CAB;[JAPCA43TM] CUADRO JACKET 2.0 CAB (M, NEGRO);JAPCA43TM;CAB;Negro;M;SAMBIL VALENCIA;1
2026;FEBRERO;CUADRO JACKET 2.0 DAMA;[JAPDA162TS] CUADRO JACKET 2.0 DAMA (S, AZUL POLO);JAPDA162TS;DAMA;Azul Polo;S;SAMBIL VALENCIA;1
2026;FEBRERO;CUADRO JACKET 2.0 CAB;[JAPCA66TM] CUADRO JACKET 2.0 CAB (M, VERDE MILITAR);JAPCA66TM;CAB;Verde Militar;M;SAMBIL VALENCIA;1
2026;FEBRERO;CUADRO JACKET 2.0 DAMA;[JAPDA162TM] CUADRO JACKET 2.0 DAMA (M, AZUL POLO);JAPDA162TM;DAMA;Azul Polo;M;SAMBIL CHACAO;1
2026;FEBRERO;CUADRO JACKET 2.0 KIDS;[JAPKI162T12] CUADRO JACKET 2.0 KIDS (12, AZUL POLO);JAPKI162T12;KIDS;Azul Polo;12;SAMBIL VALENCIA;1
2026;FEBRERO;CUADRO JACKET 2.0 KIDS;[JAPKI35T8] CUADRO JACKET 2.0 KIDS (8, MAGENTA);JAPKI35T8;KIDS;Magenta;8;SAMBIL CHACAO;1
2026;FEBRERO;CUADRO JACKET 2.0 DAMA;[JAPDA35TS] CUADRO JACKET 2.0 DAMA (S, MAGENTA);JAPDA35TS;DAMA;Magenta;S;SAMBIL CHACAO;1
2026;FEBRERO;CUADRO JACKET 2.0 CAB;[JAPCA16TL] CUADRO JACKET 2.0 CAB (L, BLANCO);JAPCA16TL;CAB;Blanco;L;SAMBIL CHACAO;1
2026;FEBRERO;CUADRO JACKET 2.0 KIDS;[JAPKI35T12] CUADRO JACKET 2.0 KIDS (12, MAGENTA);JAPKI35T12;KIDS;Magenta;12;SAMBIL CHACAO;1
2026;FEBRERO;CUADRO JACKET 2.0 DAMA;[JAPDA35TM] CUADRO JACKET 2.0 DAMA (M, MAGENTA);JAPDA35TM;DAMA;Magenta;M;SAMBIL VALENCIA;1
2026;FEBRERO;CUADRO JACKET 2.0 DAMA;[JAPDA35TXS] CUADRO JACKET 2.0 DAMA (XS, MAGENTA);JAPDA35TXS;DAMA;Magenta;XS;SAMBIL VALENCIA;-1
2026;FEBRERO;CUADRO JACKET 2.0 DAMA;[JAPDA35TM] CUADRO JACKET 2.0 DAMA (M, MAGENTA);JAPDA35TM;DAMA;Magenta;M;SAMBIL VALENCIA;1
2026;FEBRERO;CUADRO JACKET 2.0 DAMA;[JAPDA16TM] CUADRO JACKET 2.0 DAMA (M, BLANCO);JAPDA16TM;DAMA;Blanco;M;CERRO VERDE;1
2026;FEBRERO;CUADRO JACKET 2.0 DAMA;[JAPDA43TM] CUADRO JACKET 2.0 DAMA (M, NEGRO);JAPDA43TM;DAMA;Negro;M;SAMBIL CHACAO;-1
2026;FEBRERO;CUADRO JACKET 2.0 CAB;[JAPCA43TXL] CUADRO JACKET 2.0 CAB (XL, NEGRO);JAPCA43TXL;CAB;Negro;XL;SAMBIL CHACAO;-1
2026;FEBRERO;CUADRO JACKET 2.0 DAMA;[JAPDA43TS] CUADRO JACKET 2.0 DAMA (S, NEGRO);JAPDA43TS;DAMA;Negro;S;SAMBIL CHACAO;1
2026;FEBRERO;CUADRO JACKET 2.0 CAB;[JAPCA43T2XL] CUADRO JACKET 2.0 CAB (2XL, NEGRO);JAPCA43T2XL;CAB;Negro;2XL;SAMBIL CHACAO;1
2026;FEBRERO;CUADRO JACKET 2.0 CAB;[JAPCA162TL] CUADRO JACKET 2.0 CAB (L, AZUL POLO);JAPCA162TL;CAB;Azul Polo;L;GRIETA;-1
2026;FEBRERO;CUADRO JACKET 2.0 DAMA;[JAPDA35TM] CUADRO JACKET 2.0 DAMA (M, MAGENTA);JAPDA35TM;DAMA;Magenta;M;GRIETA;1
2026;FEBRERO;CUADRO JACKET 2.0 DAMA;[JAPDA35TS] CUADRO JACKET 2.0 DAMA (S, MAGENTA);JAPDA35TS;DAMA;Magenta;S;SAMBIL VALENCIA;1
2026;FEBRERO;CUADRO JACKET 2.0 CAB;[JAPCA66TXL] CUADRO JACKET 2.0 CAB (XL, VERDE MILITAR);JAPCA66TXL;CAB;Verde Militar;XL;SAMBIL CHACAO;1
2026;FEBRERO;CUADRO JACKET 2.0 DAMA;[JAPDA35TM] CUADRO JACKET 2.0 DAMA (M, MAGENTA);JAPDA35TM;DAMA;Magenta;M;GRIETA;1
2026;FEBRERO;CUADRO JACKET 2.0 DAMA;[JAPDA16TM] CUADRO JACKET 2.0 DAMA (M, BLANCO);JAPDA16TM;DAMA;Blanco;M;GRIETA;1
2026;FEBRERO;CUADRO JACKET 2.0 KIDS;[JAPKI01T12] CUADRO JACKET 2.0 KIDS (12, AGUAMARINA);JAPKI01T12;KIDS;Aguamarina;12;SAMBIL VALENCIA;1
2026;FEBRERO;CUADRO JACKET 2.0 DAMA;[JAPDA43TXS] CUADRO JACKET 2.0 DAMA (XS, NEGRO);JAPDA43TXS;DAMA;Negro;XS;SAMBIL VALENCIA;1
2026;FEBRERO;CUADRO JACKET 2.0 DAMA;[JAPDA43TXS] CUADRO JACKET 2.0 DAMA (XS, NEGRO);JAPDA43TXS;DAMA;Negro;XS;SAMBIL VALENCIA;1
2026;FEBRERO;CUADRO JACKET 2.0 KIDS;[JAPKI35T12] CUADRO JACKET 2.0 KIDS (12, MAGENTA);JAPKI35T12;KIDS;Magenta;12;CERRO VERDE;1
2026;FEBRERO;CUADRO JACKET 2.0 KIDS;[JAPKI162T4] CUADRO JACKET 2.0 KIDS (4, AZUL POLO);JAPKI162T4;KIDS;Azul Polo;4;GRIETA;1
2026;FEBRERO;CUADRO JACKET 2.0 CAB;[JAPCA162TL] CUADRO JACKET 2.0 CAB (L, AZUL POLO);JAPCA162TL;CAB;Azul Polo;L;GRIETA;1
2026;FEBRERO;CUADRO JACKET 2.0 CAB;[JAPCA43TM] CUADRO JACKET 2.0 CAB (M, NEGRO);JAPCA43TM;CAB;Negro;M;GRIETA;1
2026;FEBRERO;CUADRO JACKET 2.0 CAB;[JAPCA162TL] CUADRO JACKET 2.0 CAB (L, AZUL POLO);JAPCA162TL;CAB;Azul Polo;L;SAMBIL CHACAO;1
2026;FEBRERO;CUADRO JACKET 2.0 DAMA;[JAPDA01TM] CUADRO JACKET 2.0 DAMA (M, AGUAMARINA);JAPDA01TM;DAMA;Aguamarina;M;SAMBIL CHACAO;1
2026;FEBRERO;CUADRO JACKET 2.0 CAB;[JAPCA01TL] CUADRO JACKET 2.0 CAB (L, AGUAMARINA);JAPCA01TL;CAB;Aguamarina;L;SAMBIL CHACAO;1
2026;FEBRERO;CUADRO JACKET 2.0 CAB;[JAPCA66TL] CUADRO JACKET 2.0 CAB (L, VERDE MILITAR);JAPCA66TL;CAB;Verde Militar;L;SAMBIL CHACAO;-1
2026;FEBRERO;CUADRO JACKET 2.0 CAB;[JAPCA66TXL] CUADRO JACKET 2.0 CAB (XL, VERDE MILITAR);JAPCA66TXL;CAB;Verde Militar;XL;SAMBIL CHACAO;1
2026;FEBRERO;CUADRO JACKET 2.0 CAB;[JAPCA16TM] CUADRO JACKET 2.0 CAB (M, BLANCO);JAPCA16TM;CAB;Blanco;M;GRIETA;1
2026;FEBRERO;CUADRO JACKET 2.0 DAMA;[JAPDA16TM] CUADRO JACKET 2.0 DAMA (M, BLANCO);JAPDA16TM;DAMA;Blanco;M;SAMBIL CHACAO;1
2026;FEBRERO;CUADRO JACKET 2.0 DAMA;[JAPDA43TM] CUADRO JACKET 2.0 DAMA (M, NEGRO);JAPDA43TM;DAMA;Negro;M;SAMBIL CHACAO;1
2026;FEBRERO;CUADRO JACKET 2.0 CAB;[JAPCA162TXL] CUADRO JACKET 2.0 CAB (XL, AZUL POLO);JAPCA162TXL;CAB;Azul Polo;XL;CERRO VERDE;1
2026;FEBRERO;CUADRO JACKET 2.0 DAMA;[JAPDA43TL] CUADRO JACKET 2.0 DAMA (L, NEGRO);JAPDA43TL;DAMA;Negro;L;CERRO VERDE;1
2026;FEBRERO;CUADRO JACKET 2.0 DAMA;[JAPDA43TS] CUADRO JACKET 2.0 DAMA (S, NEGRO);JAPDA43TS;DAMA;Negro;S;SAMBIL VALENCIA;1
2026;FEBRERO;CUADRO JACKET 2.0 KIDS;[JAPKI162T10] CUADRO JACKET 2.0 KIDS (10, AZUL POLO);JAPKI162T10;KIDS;Azul Polo;10;SAMBIL VALENCIA;1
2026;FEBRERO;CUADRO JACKET 2.0 DAMA;[JAPDA35TS] CUADRO JACKET 2.0 DAMA (S, MAGENTA);JAPDA35TS;DAMA;Magenta;S;CERRO VERDE;1
2026;FEBRERO;CUADRO JACKET 2.0 DAMA;[JAPDA43TS] CUADRO JACKET 2.0 DAMA (S, NEGRO);JAPDA43TS;DAMA;Negro;S;SAMBIL VALENCIA;1
2026;FEBRERO;CUADRO JACKET 2.0 CAB;[JAPCA43TM] CUADRO JACKET 2.0 CAB (M, NEGRO);JAPCA43TM;CAB;Negro;M;SAMBIL VALENCIA;1
2026;FEBRERO;CUADRO JACKET 2.0 DAMA;[JAPDA35TL] CUADRO JACKET 2.0 DAMA (L, MAGENTA);JAPDA35TL;DAMA;Magenta;L;GRAND PLAZ;-1
2026;FEBRERO;CUADRO JACKET 2.0 DAMA;[JAPDA01TM] CUADRO JACKET 2.0 DAMA (M, AGUAMARINA);JAPDA01TM;DAMA;Aguamarina;M;GRAND PLAZ;-1
2026;FEBRERO;CUADRO JACKET 2.0 DAMA;[JAPDA43TL] CUADRO JACKET 2.0 DAMA (L, NEGRO);JAPDA43TL;DAMA;Negro;L;GRAND PLAZ;1
2026;FEBRERO;CUADRO JACKET 2.0 DAMA;[JAPDA16TM] CUADRO JACKET 2.0 DAMA (M, BLANCO);JAPDA16TM;DAMA;Blanco;M;GRAND PLAZ;1
2026;FEBRERO;CUADRO JACKET 2.0 KIDS;[JAPKI35T8] CUADRO JACKET 2.0 KIDS (8, MAGENTA);JAPKI35T8;KIDS;Magenta;8;CERRO VERDE;1
2026;FEBRERO;CUADRO JACKET 2.0 CAB;[JAPCA162T2XL] CUADRO JACKET 2.0 CAB (2XL, AZUL POLO);JAPCA162T2XL;CAB;Azul Polo;2XL;SAMBIL VALENCIA;1
2026;FEBRERO;CUADRO JACKET 2.0 DAMA;[JAPDA162TXS] CUADRO JACKET 2.0 DAMA (XS, AZUL POLO);JAPDA162TXS;DAMA;Azul Polo;XS;CERRO VERDE;1
2026;FEBRERO;CUADRO JACKET 2.0 DAMA;[JAPDA35TS] CUADRO JACKET 2.0 DAMA (S, MAGENTA);JAPDA35TS;DAMA;Magenta;S;WEB;1
2026;FEBRERO;CUADRO JACKET 2.0 CAB;[JAPCA66TXL] CUADRO JACKET 2.0 CAB (XL, VERDE MILITAR);JAPCA66TXL;CAB;Verde Militar;XL;CERRO VERDE;1
2026;FEBRERO;CUADRO JACKET 2.0 DAMA;[JAPDA35TXS] CUADRO JACKET 2.0 DAMA (XS, MAGENTA);JAPDA35TXS;DAMA;Magenta;XS;GRIETA;1
2026;FEBRERO;CUADRO JACKET 2.0 CAB;[JAPCA43TM] CUADRO JACKET 2.0 CAB (M, NEGRO);JAPCA43TM;CAB;Negro;M;SAMBIL VALENCIA;1
2026;FEBRERO;CUADRO JACKET 2.0 DAMA;[JAPDA16TXS] CUADRO JACKET 2.0 DAMA (XS, BLANCO);JAPDA16TXS;DAMA;Blanco;XS;SAMBIL VALENCIA;1
2026;FEBRERO;CUADRO JACKET 2.0 CAB;[JAPCA43TXL] CUADRO JACKET 2.0 CAB (XL, NEGRO);JAPCA43TXL;CAB;Negro;XL;SAMBIL CHACAO;2
2026;FEBRERO;CUADRO JACKET 2.0 CAB;[JAPCA01TXL] CUADRO JACKET 2.0 CAB (XL, AGUAMARINA);JAPCA01TXL;CAB;Aguamarina;XL;SAMBIL CHACAO;1
2026;FEBRERO;CUADRO JACKET 2.0 CAB;[JAPCA66TM] CUADRO JACKET 2.0 CAB (M, VERDE MILITAR);JAPCA66TM;CAB;Verde Militar;M;WEB;1
2026;FEBRERO;CUADRO JACKET 2.0 CAB;[JAPCA43TXL] CUADRO JACKET 2.0 CAB (XL, NEGRO);JAPCA43TXL;CAB;Negro;XL;GRIETA;1
2026;FEBRERO;CUADRO JACKET 2.0 CAB;[JAPCA43TL] CUADRO JACKET 2.0 CAB (L, NEGRO);JAPCA43TL;CAB;Negro;L;CERRO VERDE;1
2026;FEBRERO;CUADRO JACKET 2.0 CAB;[JAPCA162TXL] CUADRO JACKET 2.0 CAB (XL, AZUL POLO);JAPCA162TXL;CAB;Azul Polo;XL;SAMBIL VALENCIA;1
2026;FEBRERO;CUADRO JACKET 2.0 CAB;[JAPCA43TL] CUADRO JACKET 2.0 CAB (L, NEGRO);JAPCA43TL;CAB;Negro;L;WEB;1
2026;FEBRERO;CUADRO JACKET 2.0 CAB;[JAPCA43T2XL] CUADRO JACKET 2.0 CAB (2XL, NEGRO);JAPCA43T2XL;CAB;Negro;2XL;SAMBIL VALENCIA;1
2026;FEBRERO;CUADRO JACKET 2.0 CAB;[JAPCA43T2XL] CUADRO JACKET 2.0 CAB (2XL, NEGRO);JAPCA43T2XL;CAB;Negro;2XL;SAMBIL VALENCIA;1
2026;FEBRERO;CUADRO JACKET 2.0 CAB;[JAPCA43TXL] CUADRO JACKET 2.0 CAB (XL, NEGRO);JAPCA43TXL;CAB;Negro;XL;SAMBIL VALENCIA;1
2026;FEBRERO;CUADRO JACKET 2.0 DAMA;[JAPDA43TS] CUADRO JACKET 2.0 DAMA (S, NEGRO);JAPDA43TS;DAMA;Negro;S;SAMBIL VALENCIA;2
2026;FEBRERO;CUADRO JACKET 2.0 CAB;[JAPCA43TL] CUADRO JACKET 2.0 CAB (L, NEGRO);JAPCA43TL;CAB;Negro;L;SAMBIL VALENCIA;1
2026;FEBRERO;CUADRO JACKET 2.0 DAMA;[JAPDA35TL] CUADRO JACKET 2.0 DAMA (L, MAGENTA);JAPDA35TL;DAMA;Magenta;L;SAMBIL VALENCIA;1
2026;FEBRERO;CUADRO JACKET 2.0 CAB;[JAPCA43TXL] CUADRO JACKET 2.0 CAB (XL, NEGRO);JAPCA43TXL;CAB;Negro;XL;SAMBIL VALENCIA;1
2026;FEBRERO;CUADRO JACKET 2.0 DAMA;[JAPDA01TXS] CUADRO JACKET 2.0 DAMA (XS, AGUAMARINA);JAPDA01TXS;DAMA;Aguamarina;XS;SAMBIL CHACAO;2
2026;FEBRERO;CUADRO JACKET 2.0 CAB;[JAPCA16TS] CUADRO JACKET 2.0 CAB (S, BLANCO);JAPCA16TS;CAB;Blanco;S;SAMBIL VALENCIA;1
2026;FEBRERO;CUADRO JACKET 2.0 KIDS;[JAPKI162T6] CUADRO JACKET 2.0 KIDS (6, AZUL POLO);JAPKI162T6;KIDS;Azul Polo;6;CERRO VERDE;1
2026;FEBRERO;CUADRO JACKET 2.0 CAB;[JAPCA162TM] CUADRO JACKET 2.0 CAB (M, AZUL POLO);JAPCA162TM;CAB;Azul Polo;M;CERRO VERDE;1
2026;FEBRERO;CUADRO JACKET 2.0 CAB;[JAPCA43TXL] CUADRO JACKET 2.0 CAB (XL, NEGRO);JAPCA43TXL;CAB;Negro;XL;SAMBIL VALENCIA;1
2026;FEBRERO;CUADRO JACKET 2.0 DAMA;[JAPDA43TL] CUADRO JACKET 2.0 DAMA (L, NEGRO);JAPDA43TL;DAMA;Negro;L;SAMBIL VALENCIA;1
2026;FEBRERO;CUADRO JACKET 2.0 DAMA;[JAPDA35TS] CUADRO JACKET 2.0 DAMA (S, MAGENTA);JAPDA35TS;DAMA;Magenta;S;SAMBIL VALENCIA;1
2026;FEBRERO;CUADRO JACKET 2.0 KIDS;[JAPKI35T2] CUADRO JACKET 2.0 KIDS (2, MAGENTA);JAPKI35T2;KIDS;Magenta;2;SAMBIL VALENCIA;1
2026;FEBRERO;CUADRO JACKET 2.0 CAB;[JAPCA43TM] CUADRO JACKET 2.0 CAB (M, NEGRO);JAPCA43TM;CAB;Negro;M;SAMBIL CHACAO;1
2026;FEBRERO;CUADRO JACKET 2.0 CAB;[JAPCA16TL] CUADRO JACKET 2.0 CAB (L, BLANCO);JAPCA16TL;CAB;Blanco;L;SAMBIL CHACAO;1
2026;FEBRERO;CUADRO JACKET 2.0 CAB;[JAPCA43TS] CUADRO JACKET 2.0 CAB (S, NEGRO);JAPCA43TS;CAB;Negro;S;SAMBIL CHACAO;1
2026;FEBRERO;CUADRO JACKET 2.0 CAB;[JAPCA162TL] CUADRO JACKET 2.0 CAB (L, AZUL POLO);JAPCA162TL;CAB;Azul Polo;L;GRIETA;1
2026;FEBRERO;CUADRO JACKET 2.0 CAB;[JAPCA43TM] CUADRO JACKET 2.0 CAB (M, NEGRO);JAPCA43TM;CAB;Negro;M;SAMBIL CHACAO;1
2026;FEBRERO;CUADRO JACKET 2.0 KIDS;[JAPKI35T6] CUADRO JACKET 2.0 KIDS (6, MAGENTA);JAPKI35T6;KIDS;Magenta;6;CERRO VERDE;1
2026;FEBRERO;CUADRO JACKET 2.0 DAMA;[JAPDA162TM] CUADRO JACKET 2.0 DAMA (M, AZUL POLO);JAPDA162TM;DAMA;Azul Polo;M;SAMBIL CHACAO;1
2026;FEBRERO;CUADRO JACKET 2.0 DAMA;[JAPDA43TM] CUADRO JACKET 2.0 DAMA (M, NEGRO);JAPDA43TM;DAMA;Negro;M;GRIETA;1
2026;FEBRERO;CUADRO JACKET 2.0 CAB;[JAPCA66TS] CUADRO JACKET 2.0 CAB (S, VERDE MILITAR);JAPCA66TS;CAB;Verde Militar;S;WEB;1
2026;FEBRERO;CUADRO JACKET 2.0 CAB;[JAPCA66TL] CUADRO JACKET 2.0 CAB (L, VERDE MILITAR);JAPCA66TL;CAB;Verde Militar;L;CERRO VERDE;1
2026;FEBRERO;CUADRO JACKET 2.0 DAMA;[JAPDA16TXS] CUADRO JACKET 2.0 DAMA (XS, BLANCO);JAPDA16TXS;DAMA;Blanco;XS;SAMBIL VALENCIA;1
2026;FEBRERO;CUADRO JACKET 2.0 DAMA;[JAPDA16TS] CUADRO JACKET 2.0 DAMA (S, BLANCO);JAPDA16TS;DAMA;Blanco;S;SAMBIL VALENCIA;1
2026;FEBRERO;CUADRO JACKET 2.0 CAB;[JAPCA66TXL] CUADRO JACKET 2.0 CAB (XL, VERDE MILITAR);JAPCA66TXL;CAB;Verde Militar;XL;SAMBIL VALENCIA;1
2026;FEBRERO;CUADRO JACKET 2.0 DAMA;[JAPDA43TS] CUADRO JACKET 2.0 DAMA (S, NEGRO);JAPDA43TS;DAMA;Negro;S;SAMBIL VALENCIA;1
2026;FEBRERO;CUADRO JACKET 2.0 CAB;[JAPCA43TXL] CUADRO JACKET 2.0 CAB (XL, NEGRO);JAPCA43TXL;CAB;Negro;XL;CERRO VERDE;1
2026;FEBRERO;CUADRO JACKET 2.0 DAMA;[JAPDA66TS] CUADRO JACKET 2.0 DAMA (S, VERDE MILITAR);JAPDA66TS;DAMA;Verde Militar;S;CERRO VERDE;1
2026;FEBRERO;CUADRO JACKET 2.0 CAB;[JAPCA43T2XL] CUADRO JACKET 2.0 CAB (2XL, NEGRO);JAPCA43T2XL;CAB;Negro;2XL;SAMBIL CHACAO;1
2026;FEBRERO;CUADRO JACKET 2.0 CAB;[JAPCA16TS] CUADRO JACKET 2.0 CAB (S, BLANCO);JAPCA16TS;CAB;Blanco;S;GRIETA;1
2026;FEBRERO;CUADRO JACKET 2.0 KIDS;[JAPKI162T4] CUADRO JACKET 2.0 KIDS (4, AZUL POLO);JAPKI162T4;KIDS;Azul Polo;4;CERRO VERDE;1
2026;FEBRERO;CUADRO JACKET 2.0 KIDS;[JAPKI162T2] CUADRO JACKET 2.0 KIDS (2, AZUL POLO);JAPKI162T2;KIDS;Azul Polo;2;CERRO VERDE;1
2026;FEBRERO;CUADRO JACKET 2.0 DAMA;[JAPDA162TS] CUADRO JACKET 2.0 DAMA (S, AZUL POLO);JAPDA162TS;DAMA;Azul Polo;S;CERRO VERDE;1
2026;FEBRERO;CUADRO JACKET 2.0 CAB;[JAPCA162TM] CUADRO JACKET 2.0 CAB (M, AZUL POLO);JAPCA162TM;CAB;Azul Polo;M;CERRO VERDE;1
2026;FEBRERO;CUADRO JACKET 2.0 DAMA;[JAPDA01TXS] CUADRO JACKET 2.0 DAMA (XS, AGUAMARINA);JAPDA01TXS;DAMA;Aguamarina;XS;GRIETA;1
2026;FEBRERO;CUADRO JACKET 2.0 CAB;[JAPCA01TS] CUADRO JACKET 2.0 CAB (S, AGUAMARINA);JAPCA01TS;CAB;Aguamarina;S;GRIETA;1
2026;FEBRERO;CUADRO JACKET 2.0 DAMA;[JAPDA43TS] CUADRO JACKET 2.0 DAMA (S, NEGRO);JAPDA43TS;DAMA;Negro;S;GRIETA;1
2026;FEBRERO;CUADRO JACKET 2.0 KIDS;[JAPKI35T12] CUADRO JACKET 2.0 KIDS (12, MAGENTA);JAPKI35T12;KIDS;Magenta;12;GRIETA;1
2026;FEBRERO;CUADRO JACKET 2.0 CAB;[JAPCA16TM] CUADRO JACKET 2.0 CAB (M, BLANCO);JAPCA16TM;CAB;Blanco;M;CERRO VERDE;1
2026;FEBRERO;CUADRO JACKET 2.0 CAB;[JAPCA66TM] CUADRO JACKET 2.0 CAB (M, VERDE MILITAR);JAPCA66TM;CAB;Verde Militar;M;SAMBIL CHACAO;1
2026;FEBRERO;CUADRO JACKET 2.0 CAB;[JAPCA43TM] CUADRO JACKET 2.0 CAB (M, NEGRO);JAPCA43TM;CAB;Negro;M;SAMBIL CHACAO;1
2026;FEBRERO;CUADRO JACKET 2.0 DAMA;[JAPDA01TXS] CUADRO JACKET 2.0 DAMA (XS, AGUAMARINA);JAPDA01TXS;DAMA;Aguamarina;XS;SAMBIL VALENCIA;1
2026;FEBRERO;CUADRO JACKET 2.0 DAMA;[JAPDA43TXS] CUADRO JACKET 2.0 DAMA (XS, NEGRO);JAPDA43TXS;DAMA;Negro;XS;SAMBIL VALENCIA;1
2026;FEBRERO;CUADRO JACKET 2.0 KIDS;[JAPKI162T12] CUADRO JACKET 2.0 KIDS (12, AZUL POLO);JAPKI162T12;KIDS;Azul Polo;12;CERRO VERDE;1
2026;FEBRERO;CUADRO JACKET 2.0 KIDS;[JAPKI01T10] CUADRO JACKET 2.0 KIDS (10, AGUAMARINA);JAPKI01T10;KIDS;Aguamarina;10;SAMBIL VALENCIA;1
2026;FEBRERO;CUADRO JACKET 2.0 KIDS;[JAPKI162T4] CUADRO JACKET 2.0 KIDS (4, AZUL POLO);JAPKI162T4;KIDS;Azul Polo;4;CERRO VERDE;1
2026;FEBRERO;CUADRO JACKET 2.0 DAMA;[JAPDA35TM] CUADRO JACKET 2.0 DAMA (M, MAGENTA);JAPDA35TM;DAMA;Magenta;M;SAMBIL VALENCIA;1
2026;FEBRERO;CUADRO JACKET 2.0 DAMA;[JAPDA35TXS] CUADRO JACKET 2.0 DAMA (XS, MAGENTA);JAPDA35TXS;DAMA;Magenta;XS;SAMBIL CHACAO;1
2026;FEBRERO;CUADRO JACKET 2.0 CAB;[JAPCA43TM] CUADRO JACKET 2.0 CAB (M, NEGRO);JAPCA43TM;CAB;Negro;M;SAMBIL VALENCIA;1
2026;FEBRERO;CUADRO JACKET 2.0 CAB;[JAPCA43TL] CUADRO JACKET 2.0 CAB (L, NEGRO);JAPCA43TL;CAB;Negro;L;SAMBIL VALENCIA;1
2026;FEBRERO;CUADRO JACKET 2.0 DAMA;[JAPDA35TL] CUADRO JACKET 2.0 DAMA (L, MAGENTA);JAPDA35TL;DAMA;Magenta;L;SAMBIL CHACAO;1
2026;FEBRERO;CUADRO JACKET 2.0 DAMA;[JAPDA43TXS] CUADRO JACKET 2.0 DAMA (XS, NEGRO);JAPDA43TXS;DAMA;Negro;XS;SAMBIL VALENCIA;1
2026;FEBRERO;CUADRO JACKET 2.0 CAB;[JAPCA43TXL] CUADRO JACKET 2.0 CAB (XL, NEGRO);JAPCA43TXL;CAB;Negro;XL;WEB;1
2026;FEBRERO;CUADRO JACKET 2.0 KIDS;[JAPKI43T12] CUADRO JACKET 2.0 KIDS (12, NEGRO);JAPKI43T12;KIDS;Negro;12;GRIETA;1
2026;FEBRERO;CUADRO JACKET 2.0 CAB;[JAPCA01TXL] CUADRO JACKET 2.0 CAB (XL, AGUAMARINA);JAPCA01TXL;CAB;Aguamarina;XL;WEB;1
2026;FEBRERO;CUADRO JACKET 2.0 DAMA;[JAPDA01TS] CUADRO JACKET 2.0 DAMA (S, AGUAMARINA);JAPDA01TS;DAMA;Aguamarina;S;WEB;1
2026;FEBRERO;CUADRO JACKET 2.0 CAB;[JAPCA01TL] CUADRO JACKET 2.0 CAB (L, AGUAMARINA);JAPCA01TL;CAB;Aguamarina;L;WEB;3
2026;FEBRERO;CUADRO JACKET 2.0 DAMA;[JAPDA01TM] CUADRO JACKET 2.0 DAMA (M, AGUAMARINA);JAPDA01TM;DAMA;Aguamarina;M;WEB;1
2026;FEBRERO;CUADRO JACKET 2.0 CAB;[JAPCA01TM] CUADRO JACKET 2.0 CAB (M, AGUAMARINA);JAPCA01TM;CAB;Aguamarina;M;WEB;3
2026;FEBRERO;CUADRO JACKET 2.0 CAB;[JAPCA162T2XL] CUADRO JACKET 2.0 CAB (2XL, AZUL POLO);JAPCA162T2XL;CAB;Azul Polo;2XL;GRIETA;1
2026;FEBRERO;CUADRO JACKET 2.0 CAB;[JAPCA162TXL] CUADRO JACKET 2.0 CAB (XL, AZUL POLO);JAPCA162TXL;CAB;Azul Polo;XL;SAMBIL CHACAO;1
2026;FEBRERO;CUADRO JACKET 2.0 KIDS;[JAPKI43T10] CUADRO JACKET 2.0 KIDS (10, NEGRO);JAPKI43T10;KIDS;Negro;10;CERRO VERDE;1
2026;FEBRERO;CUADRO JACKET 2.0 DAMA;[JAPDA43TL] CUADRO JACKET 2.0 DAMA (L, NEGRO);JAPDA43TL;DAMA;Negro;L;WEB;1
2026;FEBRERO;CUADRO JACKET 2.0 DAMA;[JAPDA43TXS] CUADRO JACKET 2.0 DAMA (XS, NEGRO);JAPDA43TXS;DAMA;Negro;XS;SAMBIL VALENCIA;-1
2026;FEBRERO;CUADRO JACKET 2.0 DAMA;[JAPDA43TS] CUADRO JACKET 2.0 DAMA (S, NEGRO);JAPDA43TS;DAMA;Negro;S;SAMBIL VALENCIA;1
2026;FEBRERO;CUADRO JACKET 2.0 CAB;[JAPCA43TS] CUADRO JACKET 2.0 CAB (S, NEGRO);JAPCA43TS;CAB;Negro;S;CERRO VERDE;1
2026;FEBRERO;CUADRO JACKET 2.0 CAB;[JAPCA16TL] CUADRO JACKET 2.0 CAB (L, BLANCO);JAPCA16TL;CAB;Blanco;L;SAMBIL CHACAO;1
2026;FEBRERO;CUADRO JACKET 2.0 DAMA;[JAPDA01TM] CUADRO JACKET 2.0 DAMA (M, AGUAMARINA);JAPDA01TM;DAMA;Aguamarina;M;GRIETA;1
2026;FEBRERO;CUADRO JACKET 2.0 DAMA;[JAPDA35TM] CUADRO JACKET 2.0 DAMA (M, MAGENTA);JAPDA35TM;DAMA;Magenta;M;WEB;1
2026;FEBRERO;CUADRO JACKET 2.0 CAB;[JAPCA43TM] CUADRO JACKET 2.0 CAB (M, NEGRO);JAPCA43TM;CAB;Negro;M;WEB;1
2026;FEBRERO;CUADRO JACKET 2.0 CAB;[JAPCA43TXL] CUADRO JACKET 2.0 CAB (XL, NEGRO);JAPCA43TXL;CAB;Negro;XL;WEB;1
2026;FEBRERO;CUADRO JACKET 2.0 CAB;[JAPCA43TS] CUADRO JACKET 2.0 CAB (S, NEGRO);JAPCA43TS;CAB;Negro;S;SAMBIL VALENCIA;1
2026;FEBRERO;CUADRO JACKET 2.0 KIDS;[JAPKI43T2] CUADRO JACKET 2.0 KIDS (2, NEGRO);JAPKI43T2;KIDS;Negro;2;GRIETA;1
2026;FEBRERO;CUADRO JACKET 2.0 CAB;[JAPCA43TS] CUADRO JACKET 2.0 CAB (S, NEGRO);JAPCA43TS;CAB;Negro;S;GRIETA;1
2026;FEBRERO;CUADRO JACKET 2.0 DAMA;[JAPDA43TS] CUADRO JACKET 2.0 DAMA (S, NEGRO);JAPDA43TS;DAMA;Negro;S;GRIETA;1
2026;FEBRERO;CUADRO JACKET 2.0 CAB;[JAPCA162TL] CUADRO JACKET 2.0 CAB (L, AZUL POLO);JAPCA162TL;CAB;Azul Polo;L;CERRO VERDE;1
2026;FEBRERO;CUADRO JACKET 2.0 CAB;[JAPCA16T2XL] CUADRO JACKET 2.0 CAB (2XL, BLANCO);JAPCA16T2XL;CAB;Blanco;2XL;SAMBIL VALENCIA;1
2026;FEBRERO;CUADRO JACKET 2.0 CAB;[JAPCA66TM] CUADRO JACKET 2.0 CAB (M, VERDE MILITAR);JAPCA66TM;CAB;Verde Militar;M;SAMBIL CHACAO;1
2026;FEBRERO;CUADRO JACKET 2.0 CAB;[JAPCA16T2XL] CUADRO JACKET 2.0 CAB (2XL, BLANCO);JAPCA16T2XL;CAB;Blanco;2XL;SAMBIL VALENCIA;1
2026;FEBRERO;CUADRO JACKET 2.0 DAMA;[JAPDA16TM] CUADRO JACKET 2.0 DAMA (M, BLANCO);JAPDA16TM;DAMA;Blanco;M;SAMBIL VALENCIA;1
2026;FEBRERO;CUADRO JACKET 2.0 CAB;[JAPCA162TL] CUADRO JACKET 2.0 CAB (L, AZUL POLO);JAPCA162TL;CAB;Azul Polo;L;SAMBIL CHACAO;1
2026;FEBRERO;CUADRO JACKET 2.0 CAB;[JAPCA16TL] CUADRO JACKET 2.0 CAB (L, BLANCO);JAPCA16TL;CAB;Blanco;L;CERRO VERDE;1
2026;FEBRERO;CUADRO JACKET 2.0 CAB;[JAPCA43TL] CUADRO JACKET 2.0 CAB (L, NEGRO);JAPCA43TL;CAB;Negro;L;CERRO VERDE;1
2026;FEBRERO;CUADRO JACKET 2.0 CAB;[JAPCA162T2XL] CUADRO JACKET 2.0 CAB (2XL, AZUL POLO);JAPCA162T2XL;CAB;Azul Polo;2XL;CERRO VERDE;1
2026;FEBRERO;CUADRO JACKET 2.0 KIDS;[JAPKI43T6] CUADRO JACKET 2.0 KIDS (6, NEGRO);JAPKI43T6;KIDS;Negro;6;CERRO VERDE;1
2026;FEBRERO;CUADRO JACKET 2.0 CAB;[JAPCA66T2XL] CUADRO JACKET 2.0 CAB (2XL, VERDE MILITAR);JAPCA66T2XL;CAB;Verde Militar;2XL;SAMBIL CHACAO;1
2026;FEBRERO;CUADRO JACKET 2.0 CAB;[JAPCA16TM] CUADRO JACKET 2.0 CAB (M, BLANCO);JAPCA16TM;CAB;Blanco;M;GRIETA;1
2026;FEBRERO;CUADRO JACKET 2.0 KIDS;[JAPKI162T6] CUADRO JACKET 2.0 KIDS (6, AZUL POLO);JAPKI162T6;KIDS;Azul Polo;6;SAMBIL CHACAO;1
2026;FEBRERO;CUADRO JACKET 2.0 DAMA;[JAPDA66TM] CUADRO JACKET 2.0 DAMA (M, VERDE MILITAR);JAPDA66TM;DAMA;Verde Militar;M;GRIETA;1
2026;FEBRERO;CUADRO JACKET 2.0 DAMA;[JAPDA66TL] CUADRO JACKET 2.0 DAMA (L, VERDE MILITAR);JAPDA66TL;DAMA;Verde Militar;L;GRIETA;1
2026;FEBRERO;CUADRO JACKET 2.0 CAB;[JAPCA16TXL] CUADRO JACKET 2.0 CAB (XL, BLANCO);JAPCA16TXL;CAB;Blanco;XL;GRIETA;1
2026;FEBRERO;CUADRO JACKET 2.0 CAB;[JAPCA66TL] CUADRO JACKET 2.0 CAB (L, VERDE MILITAR);JAPCA66TL;CAB;Verde Militar;L;GRIETA;1
2026;FEBRERO;CUADRO JACKET 2.0 KIDS;[JAPKI162T4] CUADRO JACKET 2.0 KIDS (4, AZUL POLO);JAPKI162T4;KIDS;Azul Polo;4;GRAND PLAZ;1
2026;FEBRERO;CUADRO JACKET 2.0 CAB;[JAPCA16T2XL] CUADRO JACKET 2.0 CAB (2XL, BLANCO);JAPCA16T2XL;CAB;Blanco;2XL;CERRO VERDE;1
2026;FEBRERO;CUADRO JACKET 2.0 DAMA;[JAPDA162TXS] CUADRO JACKET 2.0 DAMA (XS, AZUL POLO);JAPDA162TXS;DAMA;Azul Polo;XS;GRAND PLAZ;1
2026;FEBRERO;CUADRO JACKET 2.0 DAMA;[JAPDA16TS] CUADRO JACKET 2.0 DAMA (S, BLANCO);JAPDA16TS;DAMA;Blanco;S;GRIETA;1
2026;FEBRERO;CUADRO JACKET 2.0 KIDS;[JAPKI01T10] CUADRO JACKET 2.0 KIDS (10, AGUAMARINA);JAPKI01T10;KIDS;Aguamarina;10;GRAND PLAZ;1
2026;FEBRERO;CUADRO JACKET 2.0 CAB;[JAPCA16TM] CUADRO JACKET 2.0 CAB (M, BLANCO);JAPCA16TM;CAB;Blanco;M;SAMBIL CHACAO;1
2026;FEBRERO;CUADRO JACKET 2.0 DAMA;[JAPDA43TL] CUADRO JACKET 2.0 DAMA (L, NEGRO);JAPDA43TL;DAMA;Negro;L;SAMBIL VALENCIA;1
2026;FEBRERO;CUADRO JACKET 2.0 CAB;[JAPCA43T2XL] CUADRO JACKET 2.0 CAB (2XL, NEGRO);JAPCA43T2XL;CAB;Negro;2XL;SAMBIL VALENCIA;1
2026;FEBRERO;CUADRO JACKET 2.0 CAB;[JAPCA66T2XL] CUADRO JACKET 2.0 CAB (2XL, VERDE MILITAR);JAPCA66T2XL;CAB;Verde Militar;2XL;SAMBIL CHACAO;-1
2026;FEBRERO;CUADRO JACKET 2.0 CAB;[JAPCA01TS] CUADRO JACKET 2.0 CAB (S, AGUAMARINA);JAPCA01TS;CAB;Aguamarina;S;SAMBIL CHACAO;1
2026;FEBRERO;CUADRO JACKET 2.0 KIDS;[JAPKI35T2] CUADRO JACKET 2.0 KIDS (2, MAGENTA);JAPKI35T2;KIDS;Magenta;2;SAMBIL CHACAO;1
2026;FEBRERO;CUADRO JACKET 2.0 DAMA;[JAPDA43TXS] CUADRO JACKET 2.0 DAMA (XS, NEGRO);JAPDA43TXS;DAMA;Negro;XS;SAMBIL CHACAO;2
2026;FEBRERO;CUADRO JACKET 2.0 CAB;[JAPCA16TL] CUADRO JACKET 2.0 CAB (L, BLANCO);JAPCA16TL;CAB;Blanco;L;SAMBIL CHACAO;1
2026;FEBRERO;CUADRO JACKET 2.0 CAB;[JAPCA43T2XL] CUADRO JACKET 2.0 CAB (2XL, NEGRO);JAPCA43T2XL;CAB;Negro;2XL;GRIETA;1
2026;FEBRERO;CUADRO JACKET 2.0 CAB;[JAPCA43TS] CUADRO JACKET 2.0 CAB (S, NEGRO);JAPCA43TS;CAB;Negro;S;GRIETA;1
2026;FEBRERO;CUADRO JACKET 2.0 DAMA;[JAPDA16TXS] CUADRO JACKET 2.0 DAMA (XS, BLANCO);JAPDA16TXS;DAMA;Blanco;XS;SAMBIL VALENCIA;1
2026;FEBRERO;CUADRO JACKET 2.0 CAB;[JAPCA16TM] CUADRO JACKET 2.0 CAB (M, BLANCO);JAPCA16TM;CAB;Blanco;M;SAMBIL CHACAO;1
2026;FEBRERO;CUADRO JACKET 2.0 DAMA;[JAPDA162TS] CUADRO JACKET 2.0 DAMA (S, AZUL POLO);JAPDA162TS;DAMA;Azul Polo;S;WEB;7
2026;FEBRERO;CUADRO JACKET 2.0 CAB;[JAPCA162TXL] CUADRO JACKET 2.0 CAB (XL, AZUL POLO);JAPCA162TXL;CAB;Azul Polo;XL;WEB;3
2026;FEBRERO;CUADRO JACKET 2.0 DAMA;[JAPDA162TXL] CUADRO JACKET 2.0 DAMA (XL, AZUL POLO);JAPDA162TXL;DAMA;Azul Polo;XL;WEB;1
2026;FEBRERO;CUADRO JACKET 2.0 CAB;[JAPCA162TL] CUADRO JACKET 2.0 CAB (L, AZUL POLO);JAPCA162TL;CAB;Azul Polo;L;WEB;13
2026;FEBRERO;CUADRO JACKET 2.0 DAMA;[JAPDA162TM] CUADRO JACKET 2.0 DAMA (M, AZUL POLO);JAPDA162TM;DAMA;Azul Polo;M;WEB;15
2026;FEBRERO;CUADRO JACKET 2.0 CAB;[JAPCA162TM] CUADRO JACKET 2.0 CAB (M, AZUL POLO);JAPCA162TM;CAB;Azul Polo;M;WEB;9
2026;FEBRERO;CUADRO JACKET 2.0 CAB;[JAPCA162TS] CUADRO JACKET 2.0 CAB (S, AZUL POLO);JAPCA162TS;CAB;Azul Polo;S;WEB;2
2026;FEBRERO;CUADRO JACKET 2.0 DAMA;[JAPDA162TL] CUADRO JACKET 2.0 DAMA (L, AZUL POLO);JAPDA162TL;DAMA;Azul Polo;L;WEB;5
2026;FEBRERO;CUADRO JACKET 2.0 DAMA;[JAPDA66TS] CUADRO JACKET 2.0 DAMA (S, VERDE MILITAR);JAPDA66TS;DAMA;Verde Militar;S;CERRO VERDE;1
2026;FEBRERO;CUADRO JACKET 2.0 CAB;[JAPCA16TS] CUADRO JACKET 2.0 CAB (S, BLANCO);JAPCA16TS;CAB;Blanco;S;SAMBIL CHACAO;1
2026;FEBRERO;CUADRO JACKET 2.0 DAMA;[JAPDA35TS] CUADRO JACKET 2.0 DAMA (S, MAGENTA);JAPDA35TS;DAMA;Magenta;S;CERRO VERDE;1
2026;FEBRERO;CUADRO JACKET 2.0 DAMA;[JAPDA16TM] CUADRO JACKET 2.0 DAMA (M, BLANCO);JAPDA16TM;DAMA;Blanco;M;SAMBIL CHACAO;1
2026;FEBRERO;CUADRO JACKET 2.0 CAB;[JAPCA162TM] CUADRO JACKET 2.0 CAB (M, AZUL POLO);JAPCA162TM;CAB;Azul Polo;M;SAMBIL CHACAO;1
2026;FEBRERO;CUADRO JACKET 2.0 DAMA;[JAPDA35TXS] CUADRO JACKET 2.0 DAMA (XS, MAGENTA);JAPDA35TXS;DAMA;Magenta;XS;SAMBIL VALENCIA;1
2026;FEBRERO;CUADRO JACKET 2.0 CAB;[JAPCA43T2XL] CUADRO JACKET 2.0 CAB (2XL, NEGRO);JAPCA43T2XL;CAB;Negro;2XL;GRIETA;1
2026;FEBRERO;CUADRO JACKET 2.0 CAB;[JAPCA66TL] CUADRO JACKET 2.0 CAB (L, VERDE MILITAR);JAPCA66TL;CAB;Verde Militar;L;CERRO VERDE;1
2026;FEBRERO;CUADRO JACKET 2.0 CAB;[JAPCA43TXL] CUADRO JACKET 2.0 CAB (XL, NEGRO);JAPCA43TXL;CAB;Negro;XL;CERRO VERDE;1
2026;FEBRERO;CUADRO JACKET 2.0 KIDS;[JAPKI01T4] CUADRO JACKET 2.0 KIDS (4, AGUAMARINA);JAPKI01T4;KIDS;Aguamarina;4;GRIETA;1
2026;FEBRERO;CUADRO JACKET 2.0 DAMA;[JAPDA16TXL] CUADRO JACKET 2.0 DAMA (XL, BLANCO);JAPDA16TXL;DAMA;Blanco;XL;GRIETA;1
2026;FEBRERO;CUADRO JACKET 2.0 CAB;[JAPCA162T2XL] CUADRO JACKET 2.0 CAB (2XL, AZUL POLO);JAPCA162T2XL;CAB;Azul Polo;2XL;SAMBIL CHACAO;-1
2026;FEBRERO;CUADRO JACKET 2.0 CAB;[JAPCA66TM] CUADRO JACKET 2.0 CAB (M, VERDE MILITAR);JAPCA66TM;CAB;Verde Militar;M;SAMBIL CHACAO;1
2026;FEBRERO;CUADRO JACKET 2.0 KIDS;[JAPKI01T12] CUADRO JACKET 2.0 KIDS (12, AGUAMARINA);JAPKI01T12;KIDS;Aguamarina;12;GRIETA;1
2026;FEBRERO;CUADRO JACKET 2.0 KIDS;[JAPKI43T12] CUADRO JACKET 2.0 KIDS (12, NEGRO);JAPKI43T12;KIDS;Negro;12;GRIETA;1
2026;FEBRERO;CUADRO JACKET 2.0 CAB;[JAPCA43TM] CUADRO JACKET 2.0 CAB (M, NEGRO);JAPCA43TM;CAB;Negro;M;GRIETA;1
2026;FEBRERO;CUADRO JACKET 2.0 CAB;[JAPCA162TM] CUADRO JACKET 2.0 CAB (M, AZUL POLO);JAPCA162TM;CAB;Azul Polo;M;GRIETA;1
2026;FEBRERO;CUADRO JACKET 2.0 CAB;[JAPCA43TXL] CUADRO JACKET 2.0 CAB (XL, NEGRO);JAPCA43TXL;CAB;Negro;XL;SAMBIL CHACAO;1
2026;FEBRERO;CUADRO JACKET 2.0 DAMA;[JAPDA35TS] CUADRO JACKET 2.0 DAMA (S, MAGENTA);JAPDA35TS;DAMA;Magenta;S;SAMBIL CHACAO;1
2026;FEBRERO;CUADRO JACKET 2.0 DAMA;[JAPDA43TS] CUADRO JACKET 2.0 DAMA (S, NEGRO);JAPDA43TS;DAMA;Negro;S;SAMBIL CHACAO;1
2026;FEBRERO;CUADRO JACKET 2.0 CAB;[JAPCA162TM] CUADRO JACKET 2.0 CAB (M, AZUL POLO);JAPCA162TM;CAB;Azul Polo;M;WEB;1
2026;FEBRERO;CUADRO JACKET 2.0 KIDS;[JAPKI35T6] CUADRO JACKET 2.0 KIDS (6, MAGENTA);JAPKI35T6;KIDS;Magenta;6;CERRO VERDE;1
2026;FEBRERO;CUADRO JACKET 2.0 KIDS;[JAPKI162T10] CUADRO JACKET 2.0 KIDS (10, AZUL POLO);JAPKI162T10;KIDS;Azul Polo;10;CERRO VERDE;1
2026;FEBRERO;CUADRO JACKET 2.0 CAB;[JAPCA16TM] CUADRO JACKET 2.0 CAB (M, BLANCO);JAPCA16TM;CAB;Blanco;M;CERRO VERDE;1
2026;FEBRERO;CUADRO JACKET 2.0 DAMA;[JAPDA16TM] CUADRO JACKET 2.0 DAMA (M, BLANCO);JAPDA16TM;DAMA;Blanco;M;SAMBIL CHACAO;1
2026;FEBRERO;CUADRO JACKET 2.0 CAB;[JAPCA162TS] CUADRO JACKET 2.0 CAB (S, AZUL POLO);JAPCA162TS;CAB;Azul Polo;S;SAMBIL VALENCIA;1
2026;FEBRERO;CUADRO JACKET 2.0 CAB;[JAPCA162TXL] CUADRO JACKET 2.0 CAB (XL, AZUL POLO);JAPCA162TXL;CAB;Azul Polo;XL;SAMBIL VALENCIA;1
2026;FEBRERO;CUADRO JACKET 2.0 CAB;[JAPCA43TS] CUADRO JACKET 2.0 CAB (S, NEGRO);JAPCA43TS;CAB;Negro;S;SAMBIL VALENCIA;1
2026;FEBRERO;CUADRO JACKET 2.0 CAB;[JAPCA43TXL] CUADRO JACKET 2.0 CAB (XL, NEGRO);JAPCA43TXL;CAB;Negro;XL;GRIETA;1
2026;FEBRERO;CUADRO JACKET 2.0 CAB;[JAPCA162TXL] CUADRO JACKET 2.0 CAB (XL, AZUL POLO);JAPCA162TXL;CAB;Azul Polo;XL;GRIETA;1
2026;FEBRERO;CUADRO JACKET 2.0 CAB;[JAPCA66TXL] CUADRO JACKET 2.0 CAB (XL, VERDE MILITAR);JAPCA66TXL;CAB;Verde Militar;XL;CERRO VERDE;1
2026;FEBRERO;CUADRO JACKET 2.0 KIDS;[JAPKI162T2] CUADRO JACKET 2.0 KIDS (2, AZUL POLO);JAPKI162T2;KIDS;Azul Polo;2;SAMBIL VALENCIA;1
2026;FEBRERO;CUADRO JACKET 2.0 CAB;[JAPCA66TS] CUADRO JACKET 2.0 CAB (S, VERDE MILITAR);JAPCA66TS;CAB;Verde Militar;S;SAMBIL VALENCIA;1
2026;FEBRERO;CUADRO JACKET 2.0 DAMA;[JAPDA35TS] CUADRO JACKET 2.0 DAMA (S, MAGENTA);JAPDA35TS;DAMA;Magenta;S;SAMBIL VALENCIA;1
2026;FEBRERO;CUADRO JACKET 2.0 DAMA;[JAPDA43TS] CUADRO JACKET 2.0 DAMA (S, NEGRO);JAPDA43TS;DAMA;Negro;S;SAMBIL CHACAO;1
2026;FEBRERO;CUADRO JACKET 2.0 DAMA;[JAPDA16TS] CUADRO JACKET 2.0 DAMA (S, BLANCO);JAPDA16TS;DAMA;Blanco;S;GRIETA;1
2026;FEBRERO;CUADRO JACKET 2.0 DAMA;[JAPDA35TS] CUADRO JACKET 2.0 DAMA (S, MAGENTA);JAPDA35TS;DAMA;Magenta;S;GRIETA;1
2026;FEBRERO;CUADRO JACKET 2.0 CAB;[JAPCA43T2XL] CUADRO JACKET 2.0 CAB (2XL, NEGRO);JAPCA43T2XL;CAB;Negro;2XL;SAMBIL VALENCIA;1
2026;FEBRERO;CUADRO JACKET 2.0 KIDS;[JAPKI35T6] CUADRO JACKET 2.0 KIDS (6, MAGENTA);JAPKI35T6;KIDS;Magenta;6;SAMBIL VALENCIA;1
2026;FEBRERO;CUADRO JACKET 2.0 CAB;[JAPCA162TL] CUADRO JACKET 2.0 CAB (L, AZUL POLO);JAPCA162TL;CAB;Azul Polo;L;CERRO VERDE;1
2026;FEBRERO;CUADRO JACKET 2.0 DAMA;[JAPDA35TS] CUADRO JACKET 2.0 DAMA (S, MAGENTA);JAPDA35TS;DAMA;Magenta;S;SAMBIL VALENCIA;1
2026;FEBRERO;CUADRO JACKET 2.0 CAB;[JAPCA16TXL] CUADRO JACKET 2.0 CAB (XL, BLANCO);JAPCA16TXL;CAB;Blanco;XL;GRIETA;1
2026;FEBRERO;CUADRO JACKET 2.0 CAB;[JAPCA16TM] CUADRO JACKET 2.0 CAB (M, BLANCO);JAPCA16TM;CAB;Blanco;M;CERRO VERDE;1
2026;FEBRERO;CUADRO JACKET 2.0 KIDS;[JAPKI43T12] CUADRO JACKET 2.0 KIDS (12, NEGRO);JAPKI43T12;KIDS;Negro;12;GRIETA;1
2026;FEBRERO;CUADRO JACKET 2.0 CAB;[JAPCA66TL] CUADRO JACKET 2.0 CAB (L, VERDE MILITAR);JAPCA66TL;CAB;Verde Militar;L;SAMBIL CHACAO;1
2026;FEBRERO;CUADRO JACKET 2.0 CAB;[JAPCA43T2XL] CUADRO JACKET 2.0 CAB (2XL, NEGRO);JAPCA43T2XL;CAB;Negro;2XL;GRIETA;1
2026;FEBRERO;CUADRO JACKET 2.0 CAB;[JAPCA16TL] CUADRO JACKET 2.0 CAB (L, BLANCO);JAPCA16TL;CAB;Blanco;L;GRIETA;1
2026;FEBRERO;CUADRO JACKET 2.0 CAB;[JAPCA162TL] CUADRO JACKET 2.0 CAB (L, AZUL POLO);JAPCA162TL;CAB;Azul Polo;L;CERRO VERDE;-1
2026;FEBRERO;CUADRO JACKET 2.0 CAB;[JAPCA162TL] CUADRO JACKET 2.0 CAB (L, AZUL POLO);JAPCA162TL;CAB;Azul Polo;L;CERRO VERDE;1
2026;FEBRERO;CUADRO JACKET 2.0 DAMA;[JAPDA43TM] CUADRO JACKET 2.0 DAMA (M, NEGRO);JAPDA43TM;DAMA;Negro;M;GRIETA;1
2026;FEBRERO;CUADRO JACKET 2.0 CAB;[JAPCA16TM] CUADRO JACKET 2.0 CAB (M, BLANCO);JAPCA16TM;CAB;Blanco;M;CERRO VERDE;1
2026;FEBRERO;CUADRO JACKET 2.0 CAB;[JAPCA162TL] CUADRO JACKET 2.0 CAB (L, AZUL POLO);JAPCA162TL;CAB;Azul Polo;L;CERRO VERDE;1
2026;FEBRERO;CUADRO JACKET 2.0 DAMA;[JAPDA35TXS] CUADRO JACKET 2.0 DAMA (XS, MAGENTA);JAPDA35TXS;DAMA;Magenta;XS;SAMBIL VALENCIA;1
2026;FEBRERO;CUADRO JACKET 2.0 DAMA;[JAPDA16TXS] CUADRO JACKET 2.0 DAMA (XS, BLANCO);JAPDA16TXS;DAMA;Blanco;XS;GRIETA;1
2026;FEBRERO;CUADRO JACKET 2.0 DAMA;[JAPDA16TL] CUADRO JACKET 2.0 DAMA (L, BLANCO);JAPDA16TL;DAMA;Blanco;L;GRIETA;1
2026;FEBRERO;CUADRO JACKET 2.0 KIDS;[JAPKI43T6] CUADRO JACKET 2.0 KIDS (6, NEGRO);JAPKI43T6;KIDS;Negro;6;SAMBIL VALENCIA;1
2026;FEBRERO;CUADRO JACKET 2.0 CAB;[JAPCA162TXL] CUADRO JACKET 2.0 CAB (XL, AZUL POLO);JAPCA162TXL;CAB;Azul Polo;XL;GRIETA;1
2026;FEBRERO;CUADRO JACKET 2.0 KIDS;[JAPKI162T6] CUADRO JACKET 2.0 KIDS (6, AZUL POLO);JAPKI162T6;KIDS;Azul Polo;6;CERRO VERDE;1
2026;MARZO;CUADRO JACKET 2.0 CAB;[JAPCA43TL] CUADRO JACKET 2.0 CAB (L, NEGRO);JAPCA43TL;CAB;Negro;L;GRIETA;1
2026;MARZO;CUADRO JACKET 2.0 DAMA;[JAPDA01TXS] CUADRO JACKET 2.0 DAMA (XS, AGUAMARINA);JAPDA01TXS;DAMA;Aguamarina;XS;SAMBIL CHACAO;1
2026;MARZO;CUADRO JACKET 2.0 CAB;[JAPCA66TXL] CUADRO JACKET 2.0 CAB (XL, VERDE MILITAR);JAPCA66TXL;CAB;Verde Militar;XL;CERRO VERDE;-1
2026;MARZO;CUADRO JACKET 2.0 CAB;[JAPCA66T2XL] CUADRO JACKET 2.0 CAB (2XL, VERDE MILITAR);JAPCA66T2XL;CAB;Verde Militar;2XL;CERRO VERDE;1
2026;MARZO;CUADRO JACKET 2.0 DAMA;[JAPDA16TXS] CUADRO JACKET 2.0 DAMA (XS, BLANCO);JAPDA16TXS;DAMA;Blanco;XS;CERRO VERDE;1
2026;MARZO;CUADRO JACKET 2.0 KIDS;[JAPKI162T8] CUADRO JACKET 2.0 KIDS (8, AZUL POLO);JAPKI162T8;KIDS;Azul Polo;8;CERRO VERDE;1
2026;MARZO;CUADRO JACKET 2.0 DAMA;[JAPDA35TXS] CUADRO JACKET 2.0 DAMA (XS, MAGENTA);JAPDA35TXS;DAMA;Magenta;XS;SAMBIL VALENCIA;1
2026;MARZO;CUADRO JACKET 2.0 CAB;[JAPCA01TM] CUADRO JACKET 2.0 CAB (M, AGUAMARINA);JAPCA01TM;CAB;Aguamarina;M;SAMBIL VALENCIA;1
2026;MARZO;CUADRO JACKET 2.0 KIDS;[JAPKI162T10] CUADRO JACKET 2.0 KIDS (10, AZUL POLO);JAPKI162T10;KIDS;Azul Polo;10;GRIETA;1
2026;MARZO;CUADRO JACKET 2.0 DAMA;[JAPDA66TM] CUADRO JACKET 2.0 DAMA (M, VERDE MILITAR);JAPDA66TM;DAMA;Verde Militar;M;SAMBIL VALENCIA;1
2026;MARZO;CUADRO JACKET 2.0 CAB;[JAPCA01T2XL] CUADRO JACKET 2.0 CAB (2XL, AGUAMARINA);JAPCA01T2XL;CAB;Aguamarina;2XL;SAMBIL VALENCIA;1
2026;MARZO;CUADRO JACKET 2.0 DAMA;[JAPDA66TXS] CUADRO JACKET 2.0 DAMA (XS, VERDE MILITAR);JAPDA66TXS;DAMA;Verde Militar;XS;GRIETA;1
2026;MARZO;CUADRO JACKET 2.0 DAMA;[JAPDA35TS] CUADRO JACKET 2.0 DAMA (S, MAGENTA);JAPDA35TS;DAMA;Magenta;S;SAMBIL VALENCIA;1
2026;MARZO;CUADRO JACKET 2.0 CAB;[JAPCA66TM] CUADRO JACKET 2.0 CAB (M, VERDE MILITAR);JAPCA66TM;CAB;Verde Militar;M;CERRO VERDE;1
2026;MARZO;CUADRO JACKET 2.0 CAB;[JAPCA43TM] CUADRO JACKET 2.0 CAB (M, NEGRO);JAPCA43TM;CAB;Negro;M;CERRO VERDE;1
2026;MARZO;CUADRO JACKET 2.0 CAB;[JAPCA162TM] CUADRO JACKET 2.0 CAB (M, AZUL POLO);JAPCA162TM;CAB;Azul Polo;M;CERRO VERDE;1
2026;MARZO;CUADRO JACKET 2.0 KIDS;[JAPKI162T8] CUADRO JACKET 2.0 KIDS (8, AZUL POLO);JAPKI162T8;KIDS;Azul Polo;8;SAMBIL VALENCIA;1
2026;MARZO;CUADRO JACKET 2.0 CAB;[JAPCA162T2XL] CUADRO JACKET 2.0 CAB (2XL, AZUL POLO);JAPCA162T2XL;CAB;Azul Polo;2XL;SAMBIL VALENCIA;1
2026;MARZO;CUADRO JACKET 2.0 CAB;[JAPCA162TXL] CUADRO JACKET 2.0 CAB (XL, AZUL POLO);JAPCA162TXL;CAB;Azul Polo;XL;SAMBIL VALENCIA;1
2026;MARZO;CUADRO JACKET 2.0 DAMA;[JAPDA162TXS] CUADRO JACKET 2.0 DAMA (XS, AZUL POLO);JAPDA162TXS;DAMA;Azul Polo;XS;SAMBIL VALENCIA;1
2026;MARZO;CUADRO JACKET 2.0 DAMA;[JAPDA16TL] CUADRO JACKET 2.0 DAMA (L, BLANCO);JAPDA16TL;DAMA;Blanco;L;CERRO VERDE;1
2026;MARZO;CUADRO JACKET 2.0 CAB;[JAPCA162TL] CUADRO JACKET 2.0 CAB (L, AZUL POLO);JAPCA162TL;CAB;Azul Polo;L;SAMBIL CHACAO;1
2026;MARZO;CUADRO JACKET 2.0 CAB;[JAPCA66TM] CUADRO JACKET 2.0 CAB (M, VERDE MILITAR);JAPCA66TM;CAB;Verde Militar;M;CERRO VERDE;1
2026;MARZO;CUADRO JACKET 2.0 CAB;[JAPCA16TL] CUADRO JACKET 2.0 CAB (L, BLANCO);JAPCA16TL;CAB;Blanco;L;SAMBIL VALENCIA;1
2026;MARZO;CUADRO JACKET 2.0 DAMA;[JAPDA01TM] CUADRO JACKET 2.0 DAMA (M, AGUAMARINA);JAPDA01TM;DAMA;Aguamarina;M;WEB;1
2026;MARZO;CUADRO JACKET 2.0 DAMA;[JAPDA162TS] CUADRO JACKET 2.0 DAMA (S, AZUL POLO);JAPDA162TS;DAMA;Azul Polo;S;SAMBIL VALENCIA;1
2026;MARZO;CUADRO JACKET 2.0 DAMA;[JAPDA43TM] CUADRO JACKET 2.0 DAMA (M, NEGRO);JAPDA43TM;DAMA;Negro;M;GRIETA;4
2026;MARZO;CUADRO JACKET 2.0 DAMA;[JAPDA43TS] CUADRO JACKET 2.0 DAMA (S, NEGRO);JAPDA43TS;DAMA;Negro;S;GRIETA;6
2026;MARZO;CUADRO JACKET 2.0 CAB;[JAPCA43TL] CUADRO JACKET 2.0 CAB (L, NEGRO);JAPCA43TL;CAB;Negro;L;GRIETA;6
2026;MARZO;CUADRO JACKET 2.0 CAB;[JAPCA43TM] CUADRO JACKET 2.0 CAB (M, NEGRO);JAPCA43TM;CAB;Negro;M;GRIETA;8
2026;MARZO;CUADRO JACKET 2.0 CAB;[JAPCA162TS] CUADRO JACKET 2.0 CAB (S, AZUL POLO);JAPCA162TS;CAB;Azul Polo;S;GRAND PLAZ;1
2026;MARZO;CUADRO JACKET 2.0 CAB;[JAPCA66T2XL] CUADRO JACKET 2.0 CAB (2XL, VERDE MILITAR);JAPCA66T2XL;CAB;Verde Militar;2XL;CERRO VERDE;1
2026;MARZO;CUADRO JACKET 2.0 KIDS;[JAPKI162T12] CUADRO JACKET 2.0 KIDS (12, AZUL POLO);JAPKI162T12;KIDS;Azul Polo;12;GRIETA;1
2026;MARZO;CUADRO JACKET 2.0 DAMA;[JAPDA16TL] CUADRO JACKET 2.0 DAMA (L, BLANCO);JAPDA16TL;DAMA;Blanco;L;SAMBIL VALENCIA;1
2026;MARZO;CUADRO JACKET 2.0 CAB;[JAPCA16T2XL] CUADRO JACKET 2.0 CAB (2XL, BLANCO);JAPCA16T2XL;CAB;Blanco;2XL;SAMBIL VALENCIA;1
2026;MARZO;CUADRO JACKET 2.0 CAB;[JAPCA01TM] CUADRO JACKET 2.0 CAB (M, AGUAMARINA);JAPCA01TM;CAB;Aguamarina;M;GRIETA;1
2026;MARZO;CUADRO JACKET 2.0 CAB;[JAPCA16TL] CUADRO JACKET 2.0 CAB (L, BLANCO);JAPCA16TL;CAB;Blanco;L;SAMBIL VALENCIA;1
2026;MARZO;CUADRO JACKET 2.0 DAMA;[JAPDA16TS] CUADRO JACKET 2.0 DAMA (S, BLANCO);JAPDA16TS;DAMA;Blanco;S;SAMBIL VALENCIA;1
2026;MARZO;CUADRO JACKET 2.0 CAB;[JAPCA162TL] CUADRO JACKET 2.0 CAB (L, AZUL POLO);JAPCA162TL;CAB;Azul Polo;L;GRAND PLAZ;1
2026;MARZO;CUADRO JACKET 2.0 DAMA;[JAPDA43TXS] CUADRO JACKET 2.0 DAMA (XS, NEGRO);JAPDA43TXS;DAMA;Negro;XS;CERRO VERDE;1
2026;MARZO;CUADRO JACKET 2.0 DAMA;[JAPDA16TXS] CUADRO JACKET 2.0 DAMA (XS, BLANCO);JAPDA16TXS;DAMA;Blanco;XS;SAMBIL VALENCIA;1
2026;MARZO;CUADRO JACKET 2.0 KIDS;[JAPKI162T4] CUADRO JACKET 2.0 KIDS (4, AZUL POLO);JAPKI162T4;KIDS;Azul Polo;4;GRAND PLAZ;1
2026;MARZO;CUADRO JACKET 2.0 KIDS;[JAPKI01T4] CUADRO JACKET 2.0 KIDS (4, AGUAMARINA);JAPKI01T4;KIDS;Aguamarina;4;GRAND PLAZ;1
2026;MARZO;CUADRO JACKET 2.0 CAB;[JAPCA162TM] CUADRO JACKET 2.0 CAB (M, AZUL POLO);JAPCA162TM;CAB;Azul Polo;M;WEB;1
2026;MARZO;CUADRO JACKET 2.0 DAMA;[JAPDA43TS] CUADRO JACKET 2.0 DAMA (S, NEGRO);JAPDA43TS;DAMA;Negro;S;WEB;1
2026;MARZO;CUADRO JACKET 2.0 DAMA;[JAPDA01TS] CUADRO JACKET 2.0 DAMA (S, AGUAMARINA);JAPDA01TS;DAMA;Aguamarina;S;WEB;1
2026;MARZO;CUADRO JACKET 2.0 DAMA;[JAPDA16TS] CUADRO JACKET 2.0 DAMA (S, BLANCO);JAPDA16TS;DAMA;Blanco;S;GRIETA;2
2026;MARZO;CUADRO JACKET 2.0 DAMA;[JAPDA162TXS] CUADRO JACKET 2.0 DAMA (XS, AZUL POLO);JAPDA162TXS;DAMA;Azul Polo;XS;SAMBIL VALENCIA;1
2026;MARZO;CUADRO JACKET 2.0 KIDS;[JAPKI35T12] CUADRO JACKET 2.0 KIDS (12, MAGENTA);JAPKI35T12;KIDS;Magenta;12;SAMBIL VALENCIA;1
2026;MARZO;CUADRO JACKET 2.0 CAB;[JAPCA43TL] CUADRO JACKET 2.0 CAB (L, NEGRO);JAPCA43TL;CAB;Negro;L;CERRO VERDE;1
2026;MARZO;CUADRO JACKET 2.0 KIDS;[JAPKI43T12] CUADRO JACKET 2.0 KIDS (12, NEGRO);JAPKI43T12;KIDS;Negro;12;GRIETA;1
2026;MARZO;CUADRO JACKET 2.0 CAB;[JAPCA66TL] CUADRO JACKET 2.0 CAB (L, VERDE MILITAR);JAPCA66TL;CAB;Verde Militar;L;SAMBIL VALENCIA;1
2026;MARZO;CUADRO JACKET 2.0 DAMA;[JAPDA01TS] CUADRO JACKET 2.0 DAMA (S, AGUAMARINA);JAPDA01TS;DAMA;Aguamarina;S;SAMBIL VALENCIA;1
2026;MARZO;CUADRO JACKET 2.0 CAB;[JAPCA162TL] CUADRO JACKET 2.0 CAB (L, AZUL POLO);JAPCA162TL;CAB;Azul Polo;L;SAMBIL CHACAO;1
2026;MARZO;CUADRO JACKET 2.0 CAB;[JAPCA43TXL] CUADRO JACKET 2.0 CAB (XL, NEGRO);JAPCA43TXL;CAB;Negro;XL;SAMBIL CHACAO;1
2026;MARZO;CUADRO JACKET 2.0 DAMA;[JAPDA35TL] CUADRO JACKET 2.0 DAMA (L, MAGENTA);JAPDA35TL;DAMA;Magenta;L;SAMBIL CHACAO;1
2026;MARZO;CUADRO JACKET 2.0 CAB;[JAPCA43TS] CUADRO JACKET 2.0 CAB (S, NEGRO);JAPCA43TS;CAB;Negro;S;SAMBIL VALENCIA;1
2026;MARZO;CUADRO JACKET 2.0 DAMA;[JAPDA16TM] CUADRO JACKET 2.0 DAMA (M, BLANCO);JAPDA16TM;DAMA;Blanco;M;SAMBIL VALENCIA;1
2026;MARZO;CUADRO JACKET 2.0 CAB;[JAPCA66TM] CUADRO JACKET 2.0 CAB (M, VERDE MILITAR);JAPCA66TM;CAB;Verde Militar;M;CERRO VERDE;1
2026;MARZO;CUADRO JACKET 2.0 DAMA;[JAPDA43TXS] CUADRO JACKET 2.0 DAMA (XS, NEGRO);JAPDA43TXS;DAMA;Negro;XS;SAMBIL VALENCIA;1
2026;MARZO;CUADRO JACKET 2.0 CAB;[JAPCA66TL] CUADRO JACKET 2.0 CAB (L, VERDE MILITAR);JAPCA66TL;CAB;Verde Militar;L;GRIETA;1
2026;MARZO;CUADRO JACKET 2.0 KIDS;[JAPKI35T6] CUADRO JACKET 2.0 KIDS (6, MAGENTA);JAPKI35T6;KIDS;Magenta;6;CERRO VERDE;1
2026;MARZO;CUADRO JACKET 2.0 KIDS;[JAPKI43T12] CUADRO JACKET 2.0 KIDS (12, NEGRO);JAPKI43T12;KIDS;Negro;12;GRIETA;1
2026;MARZO;CUADRO JACKET 2.0 DAMA;[JAPDA01TXS] CUADRO JACKET 2.0 DAMA (XS, AGUAMARINA);JAPDA01TXS;DAMA;Aguamarina;XS;CERRO VERDE;1
2026;MARZO;CUADRO JACKET 2.0 KIDS;[JAPKI43T8] CUADRO JACKET 2.0 KIDS (8, NEGRO);JAPKI43T8;KIDS;Negro;8;GRIETA;2
2026;MARZO;CUADRO JACKET 2.0 CAB;[JAPCA01TS] CUADRO JACKET 2.0 CAB (S, AGUAMARINA);JAPCA01TS;CAB;Aguamarina;S;SAMBIL CHACAO;1
2026;MARZO;CUADRO JACKET 2.0 CAB;[JAPCA162TM] CUADRO JACKET 2.0 CAB (M, AZUL POLO);JAPCA162TM;CAB;Azul Polo;M;SAMBIL VALENCIA;1
2026;MARZO;CUADRO JACKET 2.0 KIDS;[JAPKI01T12] CUADRO JACKET 2.0 KIDS (12, AGUAMARINA);JAPKI01T12;KIDS;Aguamarina;12;SAMBIL VALENCIA;1
2026;MARZO;CUADRO JACKET 2.0 DAMA;[JAPDA162TXS] CUADRO JACKET 2.0 DAMA (XS, AZUL POLO);JAPDA162TXS;DAMA;Azul Polo;XS;SAMBIL VALENCIA;1
2026;MARZO;CUADRO JACKET 2.0 DAMA;[JAPDA43TXS] CUADRO JACKET 2.0 DAMA (XS, NEGRO);JAPDA43TXS;DAMA;Negro;XS;SAMBIL CHACAO;1
2026;MARZO;CUADRO JACKET 2.0 DAMA;[JAPDA16TM] CUADRO JACKET 2.0 DAMA (M, BLANCO);JAPDA16TM;DAMA;Blanco;M;SAMBIL CHACAO;1
2026;MARZO;CUADRO JACKET 2.0 KIDS;[JAPKI35T10] CUADRO JACKET 2.0 KIDS (10, MAGENTA);JAPKI35T10;KIDS;Magenta;10;CERRO VERDE;1
2026;MARZO;CUADRO JACKET 2.0 DAMA;[JAPDA16TS] CUADRO JACKET 2.0 DAMA (S, BLANCO);JAPDA16TS;DAMA;Blanco;S;CERRO VERDE;1
2026;MARZO;CUADRO JACKET 2.0 CAB;[JAPCA16TM] CUADRO JACKET 2.0 CAB (M, BLANCO);JAPCA16TM;CAB;Blanco;M;GRAND PLAZ;1
2026;MARZO;CUADRO JACKET 2.0 DAMA;[JAPDA43TS] CUADRO JACKET 2.0 DAMA (S, NEGRO);JAPDA43TS;DAMA;Negro;S;SAMBIL VALENCIA;1
2026;MARZO;CUADRO JACKET 2.0 DAMA;[JAPDA66TXL] CUADRO JACKET 2.0 DAMA (XL, VERDE MILITAR);JAPDA66TXL;DAMA;Verde Militar;XL;SAMBIL VALENCIA;1
2026;MARZO;CUADRO JACKET 2.0 CAB;[JAPCA43T2XL] CUADRO JACKET 2.0 CAB (2XL, NEGRO);JAPCA43T2XL;CAB;Negro;2XL;SAMBIL VALENCIA;1
2026;MARZO;CUADRO JACKET 2.0 DAMA;[JAPDA16TL] CUADRO JACKET 2.0 DAMA (L, BLANCO);JAPDA16TL;DAMA;Blanco;L;GRIETA;1
2026;MARZO;CUADRO JACKET 2.0 CAB;[JAPCA43TL] CUADRO JACKET 2.0 CAB (L, NEGRO);JAPCA43TL;CAB;Negro;L;CERRO VERDE;1
2026;MARZO;CUADRO JACKET 2.0 DAMA;[JAPDA43TL] CUADRO JACKET 2.0 DAMA (L, NEGRO);JAPDA43TL;DAMA;Negro;L;GRIETA;1
2026;MARZO;CUADRO JACKET 2.0 DAMA;[JAPDA43TXS] CUADRO JACKET 2.0 DAMA (XS, NEGRO);JAPDA43TXS;DAMA;Negro;XS;SAMBIL VALENCIA;1
2026;MARZO;CUADRO JACKET 2.0 DAMA;[JAPDA162TL] CUADRO JACKET 2.0 DAMA (L, AZUL POLO);JAPDA162TL;DAMA;Azul Polo;L;GRAND PLAZ;2
2026;MARZO;CUADRO JACKET 2.0 KIDS;[JAPKI01T8] CUADRO JACKET 2.0 KIDS (8, AGUAMARINA);JAPKI01T8;KIDS;Aguamarina;8;CERRO VERDE;1
2026;MARZO;CUADRO JACKET 2.0 CAB;[JAPCA66TM] CUADRO JACKET 2.0 CAB (M, VERDE MILITAR);JAPCA66TM;CAB;Verde Militar;M;CERRO VERDE;1
2026;MARZO;CUADRO JACKET 2.0 CAB;[JAPCA43T2XL] CUADRO JACKET 2.0 CAB (2XL, NEGRO);JAPCA43T2XL;CAB;Negro;2XL;SAMBIL VALENCIA;1
2026;MARZO;CUADRO JACKET 2.0 DAMA;[JAPDA43TM] CUADRO JACKET 2.0 DAMA (M, NEGRO);JAPDA43TM;DAMA;Negro;M;GRIETA;1
2026;MARZO;CUADRO JACKET 2.0 DAMA;[JAPDA16TXS] CUADRO JACKET 2.0 DAMA (XS, BLANCO);JAPDA16TXS;DAMA;Blanco;XS;SAMBIL VALENCIA;1
2026;MARZO;CUADRO JACKET 2.0 DAMA;[JAPDA162TM] CUADRO JACKET 2.0 DAMA (M, AZUL POLO);JAPDA162TM;DAMA;Azul Polo;M;SAMBIL CHACAO;1
2026;MARZO;CUADRO JACKET 2.0 CAB;[JAPCA162TXL] CUADRO JACKET 2.0 CAB (XL, AZUL POLO);JAPCA162TXL;CAB;Azul Polo;XL;GRAND PLAZ;1
2026;MARZO;CUADRO JACKET 2.0 KIDS;[JAPKI35T8] CUADRO JACKET 2.0 KIDS (8, MAGENTA);JAPKI35T8;KIDS;Magenta;8;SAMBIL VALENCIA;1
2026;MARZO;CUADRO JACKET 2.0 DAMA;[JAPDA16TXS] CUADRO JACKET 2.0 DAMA (XS, BLANCO);JAPDA16TXS;DAMA;Blanco;XS;SAMBIL VALENCIA;1
2026;MARZO;CUADRO JACKET 2.0 DAMA;[JAPDA16TS] CUADRO JACKET 2.0 DAMA (S, BLANCO);JAPDA16TS;DAMA;Blanco;S;SAMBIL VALENCIA;1
2026;MARZO;CUADRO JACKET 2.0 CAB;[JAPCA43TM] CUADRO JACKET 2.0 CAB (M, NEGRO);JAPCA43TM;CAB;Negro;M;SAMBIL VALENCIA;1
2026;MARZO;CUADRO JACKET 2.0 CAB;[JAPCA162T2XL] CUADRO JACKET 2.0 CAB (2XL, AZUL POLO);JAPCA162T2XL;CAB;Azul Polo;2XL;SAMBIL VALENCIA;1
2026;MARZO;CUADRO JACKET 2.0 DAMA;[JAPDA01TXS] CUADRO JACKET 2.0 DAMA (XS, AGUAMARINA);JAPDA01TXS;DAMA;Aguamarina;XS;CERRO VERDE;1
2026;MARZO;CUADRO JACKET 2.0 CAB;[JAPCA43TL] CUADRO JACKET 2.0 CAB (L, NEGRO);JAPCA43TL;CAB;Negro;L;GRIETA;1
2026;MARZO;CUADRO JACKET 2.0 CAB;[JAPCA66TM] CUADRO JACKET 2.0 CAB (M, VERDE MILITAR);JAPCA66TM;CAB;Verde Militar;M;SAMBIL VALENCIA;1
2026;MARZO;CUADRO JACKET 2.0 CAB;[JAPCA43TM] CUADRO JACKET 2.0 CAB (M, NEGRO);JAPCA43TM;CAB;Negro;M;CERRO VERDE;1
2026;MARZO;CUADRO JACKET 2.0 DAMA;[JAPDA43TM] CUADRO JACKET 2.0 DAMA (M, NEGRO);JAPDA43TM;DAMA;Negro;M;SAMBIL VALENCIA;1
2026;MARZO;CUADRO JACKET 2.0 DAMA;[JAPDA162TL] CUADRO JACKET 2.0 DAMA (L, AZUL POLO);JAPDA162TL;DAMA;Azul Polo;L;SAMBIL CHACAO;1
2026;MARZO;CUADRO JACKET 2.0 CAB;[JAPCA162TL] CUADRO JACKET 2.0 CAB (L, AZUL POLO);JAPCA162TL;CAB;Azul Polo;L;SAMBIL VALENCIA;1
2026;MARZO;CUADRO JACKET 2.0 DAMA;[JAPDA35TS] CUADRO JACKET 2.0 DAMA (S, MAGENTA);JAPDA35TS;DAMA;Magenta;S;SAMBIL CHACAO;1
2026;MARZO;CUADRO JACKET 2.0 DAMA;[JAPDA01TS] CUADRO JACKET 2.0 DAMA (S, AGUAMARINA);JAPDA01TS;DAMA;Aguamarina;S;CERRO VERDE;-1
2026;MARZO;CUADRO JACKET 2.0 KIDS;[JAPKI35T4] CUADRO JACKET 2.0 KIDS (4, MAGENTA);JAPKI35T4;KIDS;Magenta;4;SAMBIL CHACAO;1
2026;MARZO;CUADRO JACKET 2.0 DAMA;[JAPDA35TS] CUADRO JACKET 2.0 DAMA (S, MAGENTA);JAPDA35TS;DAMA;Magenta;S;SAMBIL CHACAO;1
2026;MARZO;CUADRO JACKET 2.0 CAB;[JAPCA66TXL] CUADRO JACKET 2.0 CAB (XL, VERDE MILITAR);JAPCA66TXL;CAB;Verde Militar;XL;SAMBIL CHACAO;1
2026;MARZO;CUADRO JACKET 2.0 DAMA;[JAPDA66TXS] CUADRO JACKET 2.0 DAMA (XS, VERDE MILITAR);JAPDA66TXS;DAMA;Verde Militar;XS;SAMBIL CHACAO;1
2026;MARZO;CUADRO JACKET 2.0 DAMA;[JAPDA66TS] CUADRO JACKET 2.0 DAMA (S, VERDE MILITAR);JAPDA66TS;DAMA;Verde Militar;S;SAMBIL CHACAO;1
2026;MARZO;CUADRO JACKET 2.0 CAB;[JAPCA66TL] CUADRO JACKET 2.0 CAB (L, VERDE MILITAR);JAPCA66TL;CAB;Verde Militar;L;SAMBIL CHACAO;1
2026;MARZO;CUADRO JACKET 2.0 CAB;[JAPCA162TL] CUADRO JACKET 2.0 CAB (L, AZUL POLO);JAPCA162TL;CAB;Azul Polo;L;CERRO VERDE;1
2026;MARZO;CUADRO JACKET 2.0 CAB;[JAPCA162TXL] CUADRO JACKET 2.0 CAB (XL, AZUL POLO);JAPCA162TXL;CAB;Azul Polo;XL;CERRO VERDE;1
2026;MARZO;CUADRO JACKET 2.0 DAMA;[JAPDA16TXL] CUADRO JACKET 2.0 DAMA (XL, BLANCO);JAPDA16TXL;DAMA;Blanco;XL;SAMBIL VALENCIA;1
2026;MARZO;CUADRO JACKET 2.0 DAMA;[JAPDA01TXS] CUADRO JACKET 2.0 DAMA (XS, AGUAMARINA);JAPDA01TXS;DAMA;Aguamarina;XS;GRIETA;1
2026;MARZO;CUADRO JACKET 2.0 CAB;[JAPCA16TM] CUADRO JACKET 2.0 CAB (M, BLANCO);JAPCA16TM;CAB;Blanco;M;CERRO VERDE;1
2026;MARZO;CUADRO JACKET 2.0 CAB;[JAPCA43TM] CUADRO JACKET 2.0 CAB (M, NEGRO);JAPCA43TM;CAB;Negro;M;SAMBIL VALENCIA;1
2026;MARZO;CUADRO JACKET 2.0 DAMA;[JAPDA35TM] CUADRO JACKET 2.0 DAMA (M, MAGENTA);JAPDA35TM;DAMA;Magenta;M;SAMBIL VALENCIA;1
2026;MARZO;CUADRO JACKET 2.0 CAB;[JAPCA43TM] CUADRO JACKET 2.0 CAB (M, NEGRO);JAPCA43TM;CAB;Negro;M;GRIETA;1
2026;MARZO;CUADRO JACKET 2.0 CAB;[JAPCA16TM] CUADRO JACKET 2.0 CAB (M, BLANCO);JAPCA16TM;CAB;Blanco;M;CERRO VERDE;1
2026;MARZO;CUADRO JACKET 2.0 CAB;[JAPCA66TXL] CUADRO JACKET 2.0 CAB (XL, VERDE MILITAR);JAPCA66TXL;CAB;Verde Militar;XL;CERRO VERDE;1
2026;MARZO;CUADRO JACKET 2.0 KIDS;[JAPKI43T12] CUADRO JACKET 2.0 KIDS (12, NEGRO);JAPKI43T12;KIDS;Negro;12;SAMBIL VALENCIA;1
2026;MARZO;CUADRO JACKET 2.0 DAMA;[JAPDA43TXS] CUADRO JACKET 2.0 DAMA (XS, NEGRO);JAPDA43TXS;DAMA;Negro;XS;SAMBIL VALENCIA;1
2026;MARZO;CUADRO JACKET 2.0 CAB;[JAPCA162TL] CUADRO JACKET 2.0 CAB (L, AZUL POLO);JAPCA162TL;CAB;Azul Polo;L;CERRO VERDE;1
2026;MARZO;CUADRO JACKET 2.0 DAMA;[JAPDA43TM] CUADRO JACKET 2.0 DAMA (M, NEGRO);JAPDA43TM;DAMA;Negro;M;SAMBIL CHACAO;1
2026;MARZO;CUADRO JACKET 2.0 DAMA;[JAPDA162TL] CUADRO JACKET 2.0 DAMA (L, AZUL POLO);JAPDA162TL;DAMA;Azul Polo;L;SAMBIL CHACAO;1
2026;MARZO;CUADRO JACKET 2.0 CAB;[JAPCA43TXL] CUADRO JACKET 2.0 CAB (XL, NEGRO);JAPCA43TXL;CAB;Negro;XL;SAMBIL CHACAO;1
2026;MARZO;CUADRO JACKET 2.0 CAB;[JAPCA162TM] CUADRO JACKET 2.0 CAB (M, AZUL POLO);JAPCA162TM;CAB;Azul Polo;M;SAMBIL CHACAO;1
2026;MARZO;CUADRO JACKET 2.0 CAB;[JAPCA66TL] CUADRO JACKET 2.0 CAB (L, VERDE MILITAR);JAPCA66TL;CAB;Verde Militar;L;SAMBIL CHACAO;1
2026;MARZO;CUADRO JACKET 2.0 DAMA;[JAPDA43TS] CUADRO JACKET 2.0 DAMA (S, NEGRO);JAPDA43TS;DAMA;Negro;S;SAMBIL CHACAO;1
2026;MARZO;CUADRO JACKET 2.0 DAMA;[JAPDA35TXS] CUADRO JACKET 2.0 DAMA (XS, MAGENTA);JAPDA35TXS;DAMA;Magenta;XS;GRIETA;1
2026;MARZO;CUADRO JACKET 2.0 CAB;[JAPCA66TL] CUADRO JACKET 2.0 CAB (L, VERDE MILITAR);JAPCA66TL;CAB;Verde Militar;L;SAMBIL CHACAO;-1
2026;MARZO;CUADRO JACKET 2.0 CAB;[JAPCA162TM] CUADRO JACKET 2.0 CAB (M, AZUL POLO);JAPCA162TM;CAB;Azul Polo;M;SAMBIL CHACAO;1
2026;MARZO;CUADRO JACKET 2.0 CAB;[JAPCA162TM] CUADRO JACKET 2.0 CAB (M, AZUL POLO);JAPCA162TM;CAB;Azul Polo;M;CERRO VERDE;1
2026;MARZO;CUADRO JACKET 2.0 KIDS;[JAPKI35T6] CUADRO JACKET 2.0 KIDS (6, MAGENTA);JAPKI35T6;KIDS;Magenta;6;GRAND PLAZ;1
2026;MARZO;CUADRO JACKET 2.0 CAB;[JAPCA43TM] CUADRO JACKET 2.0 CAB (M, NEGRO);JAPCA43TM;CAB;Negro;M;SAMBIL VALENCIA;1
2026;MARZO;CUADRO JACKET 2.0 DAMA;[JAPDA16TS] CUADRO JACKET 2.0 DAMA (S, BLANCO);JAPDA16TS;DAMA;Blanco;S;CERRO VERDE;1
2026;MARZO;CUADRO JACKET 2.0 KIDS;[JAPKI162T4] CUADRO JACKET 2.0 KIDS (4, AZUL POLO);JAPKI162T4;KIDS;Azul Polo;4;GRAND PLAZ;1
2026;MARZO;CUADRO JACKET 2.0 DAMA;[JAPDA16TXL] CUADRO JACKET 2.0 DAMA (XL, BLANCO);JAPDA16TXL;DAMA;Blanco;XL;SAMBIL VALENCIA;1
2026;MARZO;CUADRO JACKET 2.0 DAMA;[JAPDA162TS] CUADRO JACKET 2.0 DAMA (S, AZUL POLO);JAPDA162TS;DAMA;Azul Polo;S;CERRO VERDE;1
2026;MARZO;CUADRO JACKET 2.0 DAMA;[JAPDA66TS] CUADRO JACKET 2.0 DAMA (S, VERDE MILITAR);JAPDA66TS;DAMA;Verde Militar;S;SAMBIL CHACAO;1
2026;MARZO;CUADRO JACKET 2.0 DAMA;[JAPDA43TS] CUADRO JACKET 2.0 DAMA (S, NEGRO);JAPDA43TS;DAMA;Negro;S;SAMBIL VALENCIA;1
2026;MARZO;CUADRO JACKET 2.0 CAB;[JAPCA43TL] CUADRO JACKET 2.0 CAB (L, NEGRO);JAPCA43TL;CAB;Negro;L;CERRO VERDE;1
2026;MARZO;CUADRO JACKET 2.0 CAB;[JAPCA01TM] CUADRO JACKET 2.0 CAB (M, AGUAMARINA);JAPCA01TM;CAB;Aguamarina;M;SAMBIL CHACAO;1
2026;MARZO;CUADRO JACKET 2.0 CAB;[JAPCA16TM] CUADRO JACKET 2.0 CAB (M, BLANCO);JAPCA16TM;CAB;Blanco;M;SAMBIL CHACAO;1
2026;MARZO;CUADRO JACKET 2.0 DAMA;[JAPDA35TXS] CUADRO JACKET 2.0 DAMA (XS, MAGENTA);JAPDA35TXS;DAMA;Magenta;XS;WEB;1
2026;MARZO;CUADRO JACKET 2.0 DAMA;[JAPDA16TM] CUADRO JACKET 2.0 DAMA (M, BLANCO);JAPDA16TM;DAMA;Blanco;M;GRIETA;1
2026;MARZO;CUADRO JACKET 2.0 DAMA;[JAPDA16TL] CUADRO JACKET 2.0 DAMA (L, BLANCO);JAPDA16TL;DAMA;Blanco;L;GRIETA;1
2026;MARZO;CUADRO JACKET 2.0 CAB;[JAPCA66T2XL] CUADRO JACKET 2.0 CAB (2XL, VERDE MILITAR);JAPCA66T2XL;CAB;Verde Militar;2XL;CERRO VERDE;1
2026;MARZO;CUADRO JACKET 2.0 DAMA;[JAPDA66TL] CUADRO JACKET 2.0 DAMA (L, VERDE MILITAR);JAPDA66TL;DAMA;Verde Militar;L;CERRO VERDE;1
2026;MARZO;CUADRO JACKET 2.0 DAMA;[JAPDA35TM] CUADRO JACKET 2.0 DAMA (M, MAGENTA);JAPDA35TM;DAMA;Magenta;M;CERRO VERDE;1
2026;MARZO;CUADRO JACKET 2.0 DAMA;[JAPDA43TS] CUADRO JACKET 2.0 DAMA (S, NEGRO);JAPDA43TS;DAMA;Negro;S;GRIETA;1
2026;MARZO;CUADRO JACKET 2.0 KIDS;[JAPKI35T2] CUADRO JACKET 2.0 KIDS (2, MAGENTA);JAPKI35T2;KIDS;Magenta;2;SAMBIL VALENCIA;1
2026;MARZO;CUADRO JACKET 2.0 KIDS;[JAPKI35T4] CUADRO JACKET 2.0 KIDS (4, MAGENTA);JAPKI35T4;KIDS;Magenta;4;SAMBIL VALENCIA;1
2026;MARZO;CUADRO JACKET 2.0 CAB;[JAPCA43TL] CUADRO JACKET 2.0 CAB (L, NEGRO);JAPCA43TL;CAB;Negro;L;CERRO VERDE;1
2026;MARZO;CUADRO JACKET 2.0 DAMA;[JAPDA43TM] CUADRO JACKET 2.0 DAMA (M, NEGRO);JAPDA43TM;DAMA;Negro;M;CERRO VERDE;1
2026;MARZO;CUADRO JACKET 2.0 DAMA;[JAPDA35TL] CUADRO JACKET 2.0 DAMA (L, MAGENTA);JAPDA35TL;DAMA;Magenta;L;SAMBIL VALENCIA;1
2026;MARZO;CUADRO JACKET 2.0 KIDS;[JAPKI35T8] CUADRO JACKET 2.0 KIDS (8, MAGENTA);JAPKI35T8;KIDS;Magenta;8;SAMBIL CHACAO;1
2026;MARZO;CUADRO JACKET 2.0 DAMA;[JAPDA43TXS] CUADRO JACKET 2.0 DAMA (XS, NEGRO);JAPDA43TXS;DAMA;Negro;XS;SAMBIL CHACAO;1
2026;MARZO;CUADRO JACKET 2.0 CAB;[JAPCA66TS] CUADRO JACKET 2.0 CAB (S, VERDE MILITAR);JAPCA66TS;CAB;Verde Militar;S;SAMBIL CHACAO;1
2026;MARZO;CUADRO JACKET 2.0 CAB;[JAPCA162TL] CUADRO JACKET 2.0 CAB (L, AZUL POLO);JAPCA162TL;CAB;Azul Polo;L;GRIETA;1
2026;MARZO;CUADRO JACKET 2.0 DAMA;[JAPDA16TS] CUADRO JACKET 2.0 DAMA (S, BLANCO);JAPDA16TS;DAMA;Blanco;S;GRAND PLAZ;1
2026;MARZO;CUADRO JACKET 2.0 CAB;[JAPCA66TXL] CUADRO JACKET 2.0 CAB (XL, VERDE MILITAR);JAPCA66TXL;CAB;Verde Militar;XL;SAMBIL VALENCIA;1
2026;MARZO;CUADRO JACKET 2.0 DAMA;[JAPDA01TS] CUADRO JACKET 2.0 DAMA (S, AGUAMARINA);JAPDA01TS;DAMA;Aguamarina;S;CERRO VERDE;1
2026;MARZO;CUADRO JACKET 2.0 KIDS;[JAPKI35T12] CUADRO JACKET 2.0 KIDS (12, MAGENTA);JAPKI35T12;KIDS;Magenta;12;SAMBIL VALENCIA;1
2026;MARZO;CUADRO JACKET 2.0 DAMA;[JAPDA35TXS] CUADRO JACKET 2.0 DAMA (XS, MAGENTA);JAPDA35TXS;DAMA;Magenta;XS;CERRO VERDE;1
2026;MARZO;CUADRO JACKET 2.0 DAMA;[JAPDA43TM] CUADRO JACKET 2.0 DAMA (M, NEGRO);JAPDA43TM;DAMA;Negro;M;CERRO VERDE;1
2026;MARZO;CUADRO JACKET 2.0 DAMA;[JAPDA66TS] CUADRO JACKET 2.0 DAMA (S, VERDE MILITAR);JAPDA66TS;DAMA;Verde Militar;S;SAMBIL VALENCIA;1
2026;MARZO;CUADRO JACKET 2.0 CAB;[JAPCA43TS] CUADRO JACKET 2.0 CAB (S, NEGRO);JAPCA43TS;CAB;Negro;S;GRIETA;1
2026;MARZO;CUADRO JACKET 2.0 DAMA;[JAPDA01TS] CUADRO JACKET 2.0 DAMA (S, AGUAMARINA);JAPDA01TS;DAMA;Aguamarina;S;CERRO VERDE;1
2026;MARZO;CUADRO JACKET 2.0 DAMA;[JAPDA43TXS] CUADRO JACKET 2.0 DAMA (XS, NEGRO);JAPDA43TXS;DAMA;Negro;XS;SAMBIL VALENCIA;1
2026;MARZO;CUADRO JACKET 2.0 KIDS;[JAPKI43T12] CUADRO JACKET 2.0 KIDS (12, NEGRO);JAPKI43T12;KIDS;Negro;12;GRIETA;1
2026;MARZO;CUADRO JACKET 2.0 CAB;[JAPCA43TXL] CUADRO JACKET 2.0 CAB (XL, NEGRO);JAPCA43TXL;CAB;Negro;XL;GRIETA;1
2026;MARZO;CUADRO JACKET 2.0 CAB;[JAPCA43TXL] CUADRO JACKET 2.0 CAB (XL, NEGRO);JAPCA43TXL;CAB;Negro;XL;GRIETA;-1
2026;MARZO;CUADRO JACKET 2.0 CAB;[JAPCA43TXL] CUADRO JACKET 2.0 CAB (XL, NEGRO);JAPCA43TXL;CAB;Negro;XL;GRIETA;1
2026;MARZO;CUADRO JACKET 2.0 DAMA;[JAPDA43TS] CUADRO JACKET 2.0 DAMA (S, NEGRO);JAPDA43TS;DAMA;Negro;S;SAMBIL VALENCIA;1
2026;MARZO;CUADRO JACKET 2.0 DAMA;[JAPDA43TXS] CUADRO JACKET 2.0 DAMA (XS, NEGRO);JAPDA43TXS;DAMA;Negro;XS;GRIETA;1
2026;MARZO;CUADRO JACKET 2.0 DAMA;[JAPDA43TXS] CUADRO JACKET 2.0 DAMA (XS, NEGRO);JAPDA43TXS;DAMA;Negro;XS;SAMBIL VALENCIA;1
2026;MARZO;CUADRO JACKET 2.0 CAB;[JAPCA43TXL] CUADRO JACKET 2.0 CAB (XL, NEGRO);JAPCA43TXL;CAB;Negro;XL;SAMBIL VALENCIA;1
2026;MARZO;CUADRO JACKET 2.0 DAMA;[JAPDA16TS] CUADRO JACKET 2.0 DAMA (S, BLANCO);JAPDA16TS;DAMA;Blanco;S;SAMBIL CHACAO;1
2026;MARZO;CUADRO JACKET 2.0 CAB;[JAPCA162TL] CUADRO JACKET 2.0 CAB (L, AZUL POLO);JAPCA162TL;CAB;Azul Polo;L;SAMBIL CHACAO;1
2026;MARZO;CUADRO JACKET 2.0 DAMA;[JAPDA66TL] CUADRO JACKET 2.0 DAMA (L, VERDE MILITAR);JAPDA66TL;DAMA;Verde Militar;L;GRIETA;1
2026;MARZO;CUADRO JACKET 2.0 CAB;[JAPCA66TL] CUADRO JACKET 2.0 CAB (L, VERDE MILITAR);JAPCA66TL;CAB;Verde Militar;L;GRIETA;1
2026;MARZO;CUADRO JACKET 2.0 KIDS;[JAPKI35T2] CUADRO JACKET 2.0 KIDS (2, MAGENTA);JAPKI35T2;KIDS;Magenta;2;SAMBIL CHACAO;1
2026;MARZO;CUADRO JACKET 2.0 CAB;[JAPCA162T2XL] CUADRO JACKET 2.0 CAB (2XL, AZUL POLO);JAPCA162T2XL;CAB;Azul Polo;2XL;SAMBIL VALENCIA;1
2026;MARZO;CUADRO JACKET 2.0 CAB;[JAPCA66TXL] CUADRO JACKET 2.0 CAB (XL, VERDE MILITAR);JAPCA66TXL;CAB;Verde Militar;XL;SAMBIL CHACAO;1
2026;MARZO;CUADRO JACKET 2.0 CAB;[JAPCA16T2XL] CUADRO JACKET 2.0 CAB (2XL, BLANCO);JAPCA16T2XL;CAB;Blanco;2XL;CERRO VERDE;1
2026;MARZO;CUADRO JACKET 2.0 DAMA;[JAPDA16TXS] CUADRO JACKET 2.0 DAMA (XS, BLANCO);JAPDA16TXS;DAMA;Blanco;XS;CERRO VERDE;1
2026;MARZO;CUADRO JACKET 2.0 DAMA;[JAPDA16TS] CUADRO JACKET 2.0 DAMA (S, BLANCO);JAPDA16TS;DAMA;Blanco;S;WEB;1
2026;MARZO;CUADRO JACKET 2.0 DAMA;[JAPDA43TS] CUADRO JACKET 2.0 DAMA (S, NEGRO);JAPDA43TS;DAMA;Negro;S;SAMBIL VALENCIA;1
2026;MARZO;CUADRO JACKET 2.0 DAMA;[JAPDA43TXS] CUADRO JACKET 2.0 DAMA (XS, NEGRO);JAPDA43TXS;DAMA;Negro;XS;SAMBIL VALENCIA;1
2026;MARZO;CUADRO JACKET 2.0 DAMA;[JAPDA35TM] CUADRO JACKET 2.0 DAMA (M, MAGENTA);JAPDA35TM;DAMA;Magenta;M;CERRO VERDE;1
2026;MARZO;CUADRO JACKET 2.0 CAB;[JAPCA43TM] CUADRO JACKET 2.0 CAB (M, NEGRO);JAPCA43TM;CAB;Negro;M;SAMBIL CHACAO;1
2026;MARZO;CUADRO JACKET 2.0 DAMA;[JAPDA01TXL] CUADRO JACKET 2.0 DAMA (XL, AGUAMARINA);JAPDA01TXL;DAMA;Aguamarina;XL;SAMBIL CHACAO;1
2026;MARZO;CUADRO JACKET 2.0 CAB;[JAPCA16TS] CUADRO JACKET 2.0 CAB (S, BLANCO);JAPCA16TS;CAB;Blanco;S;SAMBIL VALENCIA;1
2026;MARZO;CUADRO JACKET 2.0 DAMA;[JAPDA35TXL] CUADRO JACKET 2.0 DAMA (XL, MAGENTA);JAPDA35TXL;DAMA;Magenta;XL;GRIETA;1
2026;MARZO;CUADRO JACKET 2.0 CAB;[JAPCA43TM] CUADRO JACKET 2.0 CAB (M, NEGRO);JAPCA43TM;CAB;Negro;M;SAMBIL VALENCIA;1
2026;MARZO;CUADRO JACKET 2.0 CAB;[JAPCA43TL] CUADRO JACKET 2.0 CAB (L, NEGRO);JAPCA43TL;CAB;Negro;L;CERRO VERDE;1
2026;MARZO;CUADRO JACKET 2.0 KIDS;[JAPKI162T12] CUADRO JACKET 2.0 KIDS (12, AZUL POLO);JAPKI162T12;KIDS;Azul Polo;12;SAMBIL CHACAO;1
2026;MARZO;CUADRO JACKET 2.0 KIDS;[JAPKI01T2] CUADRO JACKET 2.0 KIDS (2, AGUAMARINA);JAPKI01T2;KIDS;Aguamarina;2;GRIETA;1
2026;MARZO;CUADRO JACKET 2.0 CAB;[JAPCA162TS] CUADRO JACKET 2.0 CAB (S, AZUL POLO);JAPCA162TS;CAB;Azul Polo;S;SAMBIL VALENCIA;1
2026;MARZO;CUADRO JACKET 2.0 DAMA;[JAPDA66TS] CUADRO JACKET 2.0 DAMA (S, VERDE MILITAR);JAPDA66TS;DAMA;Verde Militar;S;SAMBIL CHACAO;1
2026;MARZO;CUADRO JACKET 2.0 KIDS;[JAPKI162T12] CUADRO JACKET 2.0 KIDS (12, AZUL POLO);JAPKI162T12;KIDS;Azul Polo;12;CERRO VERDE;1
2026;MARZO;CUADRO JACKET 2.0 KIDS;[JAPKI162T6] CUADRO JACKET 2.0 KIDS (6, AZUL POLO);JAPKI162T6;KIDS;Azul Polo;6;CERRO VERDE;1
2026;MARZO;CUADRO JACKET 2.0 CAB;[JAPCA43TM] CUADRO JACKET 2.0 CAB (M, NEGRO);JAPCA43TM;CAB;Negro;M;SAMBIL VALENCIA;1
2026;MARZO;CUADRO JACKET 2.0 DAMA;[JAPDA43TS] CUADRO JACKET 2.0 DAMA (S, NEGRO);JAPDA43TS;DAMA;Negro;S;SAMBIL VALENCIA;1
2026;MARZO;CUADRO JACKET 2.0 CAB;[JAPCA66TS] CUADRO JACKET 2.0 CAB (S, VERDE MILITAR);JAPCA66TS;CAB;Verde Militar;S;SAMBIL VALENCIA;1
2026;MARZO;CUADRO JACKET 2.0 DAMA;[JAPDA01TM] CUADRO JACKET 2.0 DAMA (M, AGUAMARINA);JAPDA01TM;DAMA;Aguamarina;M;CERRO VERDE;1
2026;MARZO;CUADRO JACKET 2.0 CAB;[JAPCA16TM] CUADRO JACKET 2.0 CAB (M, BLANCO);JAPCA16TM;CAB;Blanco;M;CERRO VERDE;1
2026;MARZO;CUADRO JACKET 2.0 CAB;[JAPCA162T2XL] CUADRO JACKET 2.0 CAB (2XL, AZUL POLO);JAPCA162T2XL;CAB;Azul Polo;2XL;CERRO VERDE;1
2026;MARZO;CUADRO JACKET 2.0 KIDS;[JAPKI162T8] CUADRO JACKET 2.0 KIDS (8, AZUL POLO);JAPKI162T8;KIDS;Azul Polo;8;CERRO VERDE;1
2026;MARZO;CUADRO JACKET 2.0 KIDS;[JAPKI162T12] CUADRO JACKET 2.0 KIDS (12, AZUL POLO);JAPKI162T12;KIDS;Azul Polo;12;CERRO VERDE;1
2026;MARZO;CUADRO JACKET 2.0 KIDS;[JAPKI162T8] CUADRO JACKET 2.0 KIDS (8, AZUL POLO);JAPKI162T8;KIDS;Azul Polo;8;SAMBIL VALENCIA;1
2026;MARZO;CUADRO JACKET 2.0 DAMA;[JAPDA35TL] CUADRO JACKET 2.0 DAMA (L, MAGENTA);JAPDA35TL;DAMA;Magenta;L;SAMBIL VALENCIA;1
2026;MARZO;CUADRO JACKET 2.0 DAMA;[JAPDA162TXS] CUADRO JACKET 2.0 DAMA (XS, AZUL POLO);JAPDA162TXS;DAMA;Azul Polo;XS;SAMBIL VALENCIA;1
2026;MARZO;CUADRO JACKET 2.0 KIDS;[JAPKI01T4] CUADRO JACKET 2.0 KIDS (4, AGUAMARINA);JAPKI01T4;KIDS;Aguamarina;4;SAMBIL CHACAO;-1
2026;MARZO;CUADRO JACKET 2.0 CAB;[JAPCA66TXL] CUADRO JACKET 2.0 CAB (XL, VERDE MILITAR);JAPCA66TXL;CAB;Verde Militar;XL;SAMBIL VALENCIA;1
2026;MARZO;CUADRO JACKET 2.0 DAMA;[JAPDA162TXS] CUADRO JACKET 2.0 DAMA (XS, AZUL POLO);JAPDA162TXS;DAMA;Azul Polo;XS;SAMBIL VALENCIA;1
2026;MARZO;CUADRO JACKET 2.0 DAMA;[JAPDA162TS] CUADRO JACKET 2.0 DAMA (S, AZUL POLO);JAPDA162TS;DAMA;Azul Polo;S;SAMBIL VALENCIA;1
2026;MARZO;CUADRO JACKET 2.0 CAB;[JAPCA43TXL] CUADRO JACKET 2.0 CAB (XL, NEGRO);JAPCA43TXL;CAB;Negro;XL;GRIETA;1
2026;MARZO;CUADRO JACKET 2.0 DAMA;[JAPDA66TS] CUADRO JACKET 2.0 DAMA (S, VERDE MILITAR);JAPDA66TS;DAMA;Verde Militar;S;SAMBIL VALENCIA;1
2026;MARZO;CUADRO JACKET 2.0 CAB;[JAPCA43TS] CUADRO JACKET 2.0 CAB (S, NEGRO);JAPCA43TS;CAB;Negro;S;SAMBIL VALENCIA;1
2026;MARZO;CUADRO JACKET 2.0 DAMA;[JAPDA16TL] CUADRO JACKET 2.0 DAMA (L, BLANCO);JAPDA16TL;DAMA;Blanco;L;SAMBIL VALENCIA;1
2026;MARZO;CUADRO JACKET 2.0 CAB;[JAPCA66TXL] CUADRO JACKET 2.0 CAB (XL, VERDE MILITAR);JAPCA66TXL;CAB;Verde Militar;XL;CERRO VERDE;1
2026;MARZO;CUADRO JACKET 2.0 CAB;[JAPCA43TXL] CUADRO JACKET 2.0 CAB (XL, NEGRO);JAPCA43TXL;CAB;Negro;XL;GRIETA;-1
2026;MARZO;CUADRO JACKET 2.0 CAB;[JAPCA43TL] CUADRO JACKET 2.0 CAB (L, NEGRO);JAPCA43TL;CAB;Negro;L;GRIETA;1
2026;MARZO;CUADRO JACKET 2.0 CAB;[JAPCA43TXL] CUADRO JACKET 2.0 CAB (XL, NEGRO);JAPCA43TXL;CAB;Negro;XL;CERRO VERDE;1
2026;MARZO;CUADRO JACKET 2.0 DAMA;[JAPDA43TS] CUADRO JACKET 2.0 DAMA (S, NEGRO);JAPDA43TS;DAMA;Negro;S;CERRO VERDE;2
2026;MARZO;CUADRO JACKET 2.0 DAMA;[JAPDA43TL] CUADRO JACKET 2.0 DAMA (L, NEGRO);JAPDA43TL;DAMA;Negro;L;CERRO VERDE;1
2026;MARZO;CUADRO JACKET 2.0 DAMA;[JAPDA43TM] CUADRO JACKET 2.0 DAMA (M, NEGRO);JAPDA43TM;DAMA;Negro;M;CERRO VERDE;1
2026;MARZO;CUADRO JACKET 2.0 KIDS;[JAPKI43T10] CUADRO JACKET 2.0 KIDS (10, NEGRO);JAPKI43T10;KIDS;Negro;10;GRIETA;1
2026;MARZO;CUADRO JACKET 2.0 KIDS;[JAPKI01T8] CUADRO JACKET 2.0 KIDS (8, AGUAMARINA);JAPKI01T8;KIDS;Aguamarina;8;SAMBIL VALENCIA;1
2026;MARZO;CUADRO JACKET 2.0 CAB;[JAPCA66TM] CUADRO JACKET 2.0 CAB (M, VERDE MILITAR);JAPCA66TM;CAB;Verde Militar;M;SAMBIL CHACAO;1
2026;MARZO;CUADRO JACKET 2.0 DAMA;[JAPDA16TM] CUADRO JACKET 2.0 DAMA (M, BLANCO);JAPDA16TM;DAMA;Blanco;M;SAMBIL CHACAO;1
2026;MARZO;CUADRO JACKET 2.0 CAB;[JAPCA162TXL] CUADRO JACKET 2.0 CAB (XL, AZUL POLO);JAPCA162TXL;CAB;Azul Polo;XL;SAMBIL VALENCIA;1
2026;MARZO;CUADRO JACKET 2.0 KIDS;[JAPKI43T12] CUADRO JACKET 2.0 KIDS (12, NEGRO);JAPKI43T12;KIDS;Negro;12;GRIETA;-1
2026;MARZO;CUADRO JACKET 2.0 DAMA;[JAPDA43TXS] CUADRO JACKET 2.0 DAMA (XS, NEGRO);JAPDA43TXS;DAMA;Negro;XS;GRIETA;1
2026;MARZO;CUADRO JACKET 2.0 CAB;[JAPCA66TM] CUADRO JACKET 2.0 CAB (M, VERDE MILITAR);JAPCA66TM;CAB;Verde Militar;M;SAMBIL VALENCIA;1
2026;MARZO;CUADRO JACKET 2.0 KIDS;[JAPKI43T6] CUADRO JACKET 2.0 KIDS (6, NEGRO);JAPKI43T6;KIDS;Negro;6;GRIETA;1
2026;MARZO;CUADRO JACKET 2.0 CAB;[JAPCA43TM] CUADRO JACKET 2.0 CAB (M, NEGRO);JAPCA43TM;CAB;Negro;M;CERRO VERDE;-1
2026;MARZO;CUADRO JACKET 2.0 CAB;[JAPCA162TM] CUADRO JACKET 2.0 CAB (M, AZUL POLO);JAPCA162TM;CAB;Azul Polo;M;CERRO VERDE;-1
2026;MARZO;CUADRO JACKET 2.0 CAB;[JAPCA66TM] CUADRO JACKET 2.0 CAB (M, VERDE MILITAR);JAPCA66TM;CAB;Verde Militar;M;CERRO VERDE;-1
2026;MARZO;CUADRO JACKET 2.0 CAB;[JAPCA162TS] CUADRO JACKET 2.0 CAB (S, AZUL POLO);JAPCA162TS;CAB;Azul Polo;S;CERRO VERDE;1
2026;MARZO;CUADRO JACKET 2.0 CAB;[JAPCA66TS] CUADRO JACKET 2.0 CAB (S, VERDE MILITAR);JAPCA66TS;CAB;Verde Militar;S;CERRO VERDE;1
2026;MARZO;CUADRO JACKET 2.0 CAB;[JAPCA43TS] CUADRO JACKET 2.0 CAB (S, NEGRO);JAPCA43TS;CAB;Negro;S;CERRO VERDE;1
2026;MARZO;CUADRO JACKET 2.0 CAB;[JAPCA66TL] CUADRO JACKET 2.0 CAB (L, VERDE MILITAR);JAPCA66TL;CAB;Verde Militar;L;CERRO VERDE;1
2026;MARZO;CUADRO JACKET 2.0 DAMA;[JAPDA35TS] CUADRO JACKET 2.0 DAMA (S, MAGENTA);JAPDA35TS;DAMA;Magenta;S;CERRO VERDE;1
2026;MARZO;CUADRO JACKET 2.0 KIDS;[JAPKI43T8] CUADRO JACKET 2.0 KIDS (8, NEGRO);JAPKI43T8;KIDS;Negro;8;SAMBIL CHACAO;1
2026;MARZO;CUADRO JACKET 2.0 DAMA;[JAPDA66TM] CUADRO JACKET 2.0 DAMA (M, VERDE MILITAR);JAPDA66TM;DAMA;Verde Militar;M;SAMBIL CHACAO;1
2026;MARZO;CUADRO JACKET 2.0 CAB;[JAPCA162TL] CUADRO JACKET 2.0 CAB (L, AZUL POLO);JAPCA162TL;CAB;Azul Polo;L;GRIETA;1
2026;MARZO;CUADRO JACKET 2.0 CAB;[JAPCA16TL] CUADRO JACKET 2.0 CAB (L, BLANCO);JAPCA16TL;CAB;Blanco;L;SAMBIL CHACAO;1
2026;MARZO;CUADRO JACKET 2.0 DAMA;[JAPDA162TM] CUADRO JACKET 2.0 DAMA (M, AZUL POLO);JAPDA162TM;DAMA;Azul Polo;M;GRIETA;1
2026;MARZO;CUADRO JACKET 2.0 CAB;[JAPCA43T2XL] CUADRO JACKET 2.0 CAB (2XL, NEGRO);JAPCA43T2XL;CAB;Negro;2XL;CERRO VERDE;1
2026;MARZO;CUADRO JACKET 2.0 DAMA;[JAPDA35TS] CUADRO JACKET 2.0 DAMA (S, MAGENTA);JAPDA35TS;DAMA;Magenta;S;GRIETA;1
2026;MARZO;CUADRO JACKET 2.0 CAB;[JAPCA43TM] CUADRO JACKET 2.0 CAB (M, NEGRO);JAPCA43TM;CAB;Negro;M;GRIETA;1
2026;MARZO;CUADRO JACKET 2.0 CAB;[JAPCA162TM] CUADRO JACKET 2.0 CAB (M, AZUL POLO);JAPCA162TM;CAB;Azul Polo;M;SAMBIL CHACAO;1
2026;MARZO;CUADRO JACKET 2.0 KIDS;[JAPKI43T10] CUADRO JACKET 2.0 KIDS (10, NEGRO);JAPKI43T10;KIDS;Negro;10;GRIETA;1
2026;MARZO;CUADRO JACKET 2.0 CAB;[JAPCA43TL] CUADRO JACKET 2.0 CAB (L, NEGRO);JAPCA43TL;CAB;Negro;L;SAMBIL VALENCIA;1
2026;MARZO;CUADRO JACKET 2.0 CAB;[JAPCA66T2XL] CUADRO JACKET 2.0 CAB (2XL, VERDE MILITAR);JAPCA66T2XL;CAB;Verde Militar;2XL;GRIETA;1
2026;MARZO;CUADRO JACKET 2.0 DAMA;[JAPDA43TXS] CUADRO JACKET 2.0 DAMA (XS, NEGRO);JAPDA43TXS;DAMA;Negro;XS;SAMBIL VALENCIA;1
2026;MARZO;CUADRO JACKET 2.0 DAMA;[JAPDA16TS] CUADRO JACKET 2.0 DAMA (S, BLANCO);JAPDA16TS;DAMA;Blanco;S;SAMBIL VALENCIA;1
2026;MARZO;CUADRO JACKET 2.0 CAB;[JAPCA162TL] CUADRO JACKET 2.0 CAB (L, AZUL POLO);JAPCA162TL;CAB;Azul Polo;L;SAMBIL CHACAO;1
2026;MARZO;CUADRO JACKET 2.0 CAB;[JAPCA43TM] CUADRO JACKET 2.0 CAB (M, NEGRO);JAPCA43TM;CAB;Negro;M;SAMBIL CHACAO;1
2026;MARZO;CUADRO JACKET 2.0 CAB;[JAPCA162TXL] CUADRO JACKET 2.0 CAB (XL, AZUL POLO);JAPCA162TXL;CAB;Azul Polo;XL;GRIETA;2
2026;MARZO;CUADRO JACKET 2.0 KIDS;[JAPKI35T6] CUADRO JACKET 2.0 KIDS (6, MAGENTA);JAPKI35T6;KIDS;Magenta;6;SAMBIL VALENCIA;1
2026;MARZO;CUADRO JACKET 2.0 DAMA;[JAPDA35TXL] CUADRO JACKET 2.0 DAMA (XL, MAGENTA);JAPDA35TXL;DAMA;Magenta;XL;SAMBIL VALENCIA;1
2026;MARZO;CUADRO JACKET 2.0 DAMA;[JAPDA35TM] CUADRO JACKET 2.0 DAMA (M, MAGENTA);JAPDA35TM;DAMA;Magenta;M;SAMBIL VALENCIA;1
2026;MARZO;CUADRO JACKET 2.0 CAB;[JAPCA01TL] CUADRO JACKET 2.0 CAB (L, AGUAMARINA);JAPCA01TL;CAB;Aguamarina;L;WEB;1
2026;MARZO;CUADRO JACKET 2.0 CAB;[JAPCA16TL] CUADRO JACKET 2.0 CAB (L, BLANCO);JAPCA16TL;CAB;Blanco;L;WEB;1
2026;MARZO;CUADRO JACKET 2.0 DAMA;[JAPDA35TM] CUADRO JACKET 2.0 DAMA (M, MAGENTA);JAPDA35TM;DAMA;Magenta;M;GRIETA;1
2026;MARZO;CUADRO JACKET 2.0 DAMA;[JAPDA162TXS] CUADRO JACKET 2.0 DAMA (XS, AZUL POLO);JAPDA162TXS;DAMA;Azul Polo;XS;GRAND PLAZ;0
2026;MARZO;CUADRO JACKET 2.0 DAMA;[JAPDA16TXS] CUADRO JACKET 2.0 DAMA (XS, BLANCO);JAPDA16TXS;DAMA;Blanco;XS;GRAND PLAZ;1
2026;MARZO;CUADRO JACKET 2.0 DAMA;[JAPDA66TXS] CUADRO JACKET 2.0 DAMA (XS, VERDE MILITAR);JAPDA66TXS;DAMA;Verde Militar;XS;GRAND PLAZ;1
2026;MARZO;CUADRO JACKET 2.0 DAMA;[JAPDA43TXS] CUADRO JACKET 2.0 DAMA (XS, NEGRO);JAPDA43TXS;DAMA;Negro;XS;GRAND PLAZ;1
2026;MARZO;CUADRO JACKET 2.0 CAB;[JAPCA43TXL] CUADRO JACKET 2.0 CAB (XL, NEGRO);JAPCA43TXL;CAB;Negro;XL;GRAND PLAZ;1
2026;MARZO;CUADRO JACKET 2.0 DAMA;[JAPDA35TXS] CUADRO JACKET 2.0 DAMA (XS, MAGENTA);JAPDA35TXS;DAMA;Magenta;XS;SAMBIL VALENCIA;1
2026;MARZO;CUADRO JACKET 2.0 DAMA;[JAPDA43TS] CUADRO JACKET 2.0 DAMA (S, NEGRO);JAPDA43TS;DAMA;Negro;S;SAMBIL VALENCIA;1
2026;MARZO;CUADRO JACKET 2.0 DAMA;[JAPDA43TM] CUADRO JACKET 2.0 DAMA (M, NEGRO);JAPDA43TM;DAMA;Negro;M;SAMBIL VALENCIA;1
2026;MARZO;CUADRO JACKET 2.0 CAB;[JAPCA43TXL] CUADRO JACKET 2.0 CAB (XL, NEGRO);JAPCA43TXL;CAB;Negro;XL;SAMBIL VALENCIA;1
2026;MARZO;CUADRO JACKET 2.0 CAB;[JAPCA66T2XL] CUADRO JACKET 2.0 CAB (2XL, VERDE MILITAR);JAPCA66T2XL;CAB;Verde Militar;2XL;CERRO VERDE;1
2026;MARZO;CUADRO JACKET 2.0 CAB;[JAPCA43T2XL] CUADRO JACKET 2.0 CAB (2XL, NEGRO);JAPCA43T2XL;CAB;Negro;2XL;CERRO VERDE;1
2026;MARZO;CUADRO JACKET 2.0 DAMA;[JAPDA35TXS] CUADRO JACKET 2.0 DAMA (XS, MAGENTA);JAPDA35TXS;DAMA;Magenta;XS;SAMBIL VALENCIA;1
2026;MARZO;CUADRO JACKET 2.0 DAMA;[JAPDA01TL] CUADRO JACKET 2.0 DAMA (L, AGUAMARINA);JAPDA01TL;DAMA;Aguamarina;L;SAMBIL CHACAO;1
2026;MARZO;CUADRO JACKET 2.0 CAB;[JAPCA16TL] CUADRO JACKET 2.0 CAB (L, BLANCO);JAPCA16TL;CAB;Blanco;L;SAMBIL CHACAO;1
2026;MARZO;CUADRO JACKET 2.0 CAB;[JAPCA43TM] CUADRO JACKET 2.0 CAB (M, NEGRO);JAPCA43TM;CAB;Negro;M;WEB;1
2026;MARZO;CUADRO JACKET 2.0 CAB;[JAPCA43TS] CUADRO JACKET 2.0 CAB (S, NEGRO);JAPCA43TS;CAB;Negro;S;GRIETA;1
2026;MARZO;CUADRO JACKET 2.0 CAB;[JAPCA43TL] CUADRO JACKET 2.0 CAB (L, NEGRO);JAPCA43TL;CAB;Negro;L;SAMBIL VALENCIA;1
2026;MARZO;CUADRO JACKET 2.0 KIDS;[JAPKI35T12] CUADRO JACKET 2.0 KIDS (12, MAGENTA);JAPKI35T12;KIDS;Magenta;12;CERRO VERDE;1
2026;MARZO;CUADRO JACKET 2.0 DAMA;[JAPDA16TM] CUADRO JACKET 2.0 DAMA (M, BLANCO);JAPDA16TM;DAMA;Blanco;M;SAMBIL CHACAO;1
2026;MARZO;CUADRO JACKET 2.0 DAMA;[JAPDA01TS] CUADRO JACKET 2.0 DAMA (S, AGUAMARINA);JAPDA01TS;DAMA;Aguamarina;S;SAMBIL CHACAO;1
2026;MARZO;CUADRO JACKET 2.0 DAMA;[JAPDA16TS] CUADRO JACKET 2.0 DAMA (S, BLANCO);JAPDA16TS;DAMA;Blanco;S;CERRO VERDE;1
2026;MARZO;CUADRO JACKET 2.0 CAB;[JAPCA162TM] CUADRO JACKET 2.0 CAB (M, AZUL POLO);JAPCA162TM;CAB;Azul Polo;M;CERRO VERDE;1
2026;MARZO;CUADRO JACKET 2.0 CAB;[JAPCA43TM] CUADRO JACKET 2.0 CAB (M, NEGRO);JAPCA43TM;CAB;Negro;M;GRIETA;1
2026;MARZO;CUADRO JACKET 2.0 KIDS;[JAPKI162T2] CUADRO JACKET 2.0 KIDS (2, AZUL POLO);JAPKI162T2;KIDS;Azul Polo;2;CERRO VERDE;1
2026;MARZO;CUADRO JACKET 2.0 KIDS;[JAPKI01T4] CUADRO JACKET 2.0 KIDS (4, AGUAMARINA);JAPKI01T4;KIDS;Aguamarina;4;CERRO VERDE;1
2026;MARZO;CUADRO JACKET 2.0 DAMA;[JAPDA162TXL] CUADRO JACKET 2.0 DAMA (XL, AZUL POLO);JAPDA162TXL;DAMA;Azul Polo;XL;SAMBIL VALENCIA;1
2026;MARZO;CUADRO JACKET 2.0 DAMA;[JAPDA01TS] CUADRO JACKET 2.0 DAMA (S, AGUAMARINA);JAPDA01TS;DAMA;Aguamarina;S;CERRO VERDE;-1
2026;MARZO;CUADRO JACKET 2.0 DAMA;[JAPDA162TXS] CUADRO JACKET 2.0 DAMA (XS, AZUL POLO);JAPDA162TXS;DAMA;Azul Polo;XS;GRAND PLAZ;1
2026;MARZO;CUADRO JACKET 2.0 CAB;[JAPCA16TL] CUADRO JACKET 2.0 CAB (L, BLANCO);JAPCA16TL;CAB;Blanco;L;SAMBIL CHACAO;1
2026;MARZO;CUADRO JACKET 2.0 CAB;[JAPCA43TL] CUADRO JACKET 2.0 CAB (L, NEGRO);JAPCA43TL;CAB;Negro;L;SAMBIL CHACAO;1
2026;MARZO;CUADRO JACKET 2.0 DAMA;[JAPDA35TXL] CUADRO JACKET 2.0 DAMA (XL, MAGENTA);JAPDA35TXL;DAMA;Magenta;XL;GRIETA;-1
2026;MARZO;CUADRO JACKET 2.0 CAB;[JAPCA16TXL] CUADRO JACKET 2.0 CAB (XL, BLANCO);JAPCA16TXL;CAB;Blanco;XL;GRIETA;1
2026;MARZO;CUADRO JACKET 2.0 CAB;[JAPCA162TL] CUADRO JACKET 2.0 CAB (L, AZUL POLO);JAPCA162TL;CAB;Azul Polo;L;GRIETA;1
2026;MARZO;CUADRO JACKET 2.0 CAB;[JAPCA16TS] CUADRO JACKET 2.0 CAB (S, BLANCO);JAPCA16TS;CAB;Blanco;S;GRIETA;1
2026;MARZO;CUADRO JACKET 2.0 KIDS;[JAPKI162T2] CUADRO JACKET 2.0 KIDS (2, AZUL POLO);JAPKI162T2;KIDS;Azul Polo;2;GRIETA;1
2026;MARZO;CUADRO JACKET 2.0 DAMA;[JAPDA162TXS] CUADRO JACKET 2.0 DAMA (XS, AZUL POLO);JAPDA162TXS;DAMA;Azul Polo;XS;SAMBIL CHACAO;1
2026;MARZO;CUADRO JACKET 2.0 DAMA;[JAPDA35TS] CUADRO JACKET 2.0 DAMA (S, MAGENTA);JAPDA35TS;DAMA;Magenta;S;GRIETA;1
2026;MARZO;CUADRO JACKET 2.0 KIDS;[JAPKI01T12] CUADRO JACKET 2.0 KIDS (12, AGUAMARINA);JAPKI01T12;KIDS;Aguamarina;12;SAMBIL VALENCIA;1
2026;MARZO;CUADRO JACKET 2.0 KIDS;[JAPKI43T12] CUADRO JACKET 2.0 KIDS (12, NEGRO);JAPKI43T12;KIDS;Negro;12;SAMBIL VALENCIA;1
2026;MARZO;CUADRO JACKET 2.0 KIDS;[JAPKI162T12] CUADRO JACKET 2.0 KIDS (12, AZUL POLO);JAPKI162T12;KIDS;Azul Polo;12;SAMBIL VALENCIA;1
2026;MARZO;CUADRO JACKET 2.0 CAB;[JAPCA43TS] CUADRO JACKET 2.0 CAB (S, NEGRO);JAPCA43TS;CAB;Negro;S;CERRO VERDE;1
2026;MARZO;CUADRO JACKET 2.0 KIDS;[JAPKI162T12] CUADRO JACKET 2.0 KIDS (12, AZUL POLO);JAPKI162T12;KIDS;Azul Polo;12;SAMBIL VALENCIA;-1
2026;MARZO;CUADRO JACKET 2.0 KIDS;[JAPKI43T12] CUADRO JACKET 2.0 KIDS (12, NEGRO);JAPKI43T12;KIDS;Negro;12;SAMBIL VALENCIA;-1
2026;MARZO;CUADRO JACKET 2.0 KIDS;[JAPKI01T12] CUADRO JACKET 2.0 KIDS (12, AGUAMARINA);JAPKI01T12;KIDS;Aguamarina;12;SAMBIL VALENCIA;-1
2026;MARZO;CUADRO JACKET 2.0 KIDS;[JAPKI01T12] CUADRO JACKET 2.0 KIDS (12, AGUAMARINA);JAPKI01T12;KIDS;Aguamarina;12;SAMBIL VALENCIA;1
2026;MARZO;CUADRO JACKET 2.0 KIDS;[JAPKI43T12] CUADRO JACKET 2.0 KIDS (12, NEGRO);JAPKI43T12;KIDS;Negro;12;SAMBIL VALENCIA;1
2026;MARZO;CUADRO JACKET 2.0 KIDS;[JAPKI162T12] CUADRO JACKET 2.0 KIDS (12, AZUL POLO);JAPKI162T12;KIDS;Azul Polo;12;SAMBIL VALENCIA;1
2026;MARZO;CUADRO JACKET 2.0 DAMA;[JAPDA16TXS] CUADRO JACKET 2.0 DAMA (XS, BLANCO);JAPDA16TXS;DAMA;Blanco;XS;SAMBIL VALENCIA;1
2026;MARZO;CUADRO JACKET 2.0 KIDS;[JAPKI35T8] CUADRO JACKET 2.0 KIDS (8, MAGENTA);JAPKI35T8;KIDS;Magenta;8;SAMBIL VALENCIA;1
2026;MARZO;CUADRO JACKET 2.0 CAB;[JAPCA66TL] CUADRO JACKET 2.0 CAB (L, VERDE MILITAR);JAPCA66TL;CAB;Verde Militar;L;SAMBIL VALENCIA;1
2026;MARZO;CUADRO JACKET 2.0 DAMA;[JAPDA43TS] CUADRO JACKET 2.0 DAMA (S, NEGRO);JAPDA43TS;DAMA;Negro;S;GRIETA;1
2026;MARZO;CUADRO JACKET 2.0 DAMA;[JAPDA16TS] CUADRO JACKET 2.0 DAMA (S, BLANCO);JAPDA16TS;DAMA;Blanco;S;CERRO VERDE;1
2026;MARZO;CUADRO JACKET 2.0 DAMA;[JAPDA43TXS] CUADRO JACKET 2.0 DAMA (XS, NEGRO);JAPDA43TXS;DAMA;Negro;XS;SAMBIL VALENCIA;1
2026;MARZO;CUADRO JACKET 2.0 CAB;[JAPCA162TXL] CUADRO JACKET 2.0 CAB (XL, AZUL POLO);JAPCA162TXL;CAB;Azul Polo;XL;GRIETA;1
2026;MARZO;CUADRO JACKET 2.0 KIDS;[JAPKI43T12] CUADRO JACKET 2.0 KIDS (12, NEGRO);JAPKI43T12;KIDS;Negro;12;CERRO VERDE;1
2026;MARZO;CUADRO JACKET 2.0 KIDS;[JAPKI43T8] CUADRO JACKET 2.0 KIDS (8, NEGRO);JAPKI43T8;KIDS;Negro;8;CERRO VERDE;1
2026;MARZO;CUADRO JACKET 2.0 DAMA;[JAPDA43TS] CUADRO JACKET 2.0 DAMA (S, NEGRO);JAPDA43TS;DAMA;Negro;S;CERRO VERDE;1
2026;MARZO;CUADRO JACKET 2.0 DAMA;[JAPDA43TXL] CUADRO JACKET 2.0 DAMA (XL, NEGRO);JAPDA43TXL;DAMA;Negro;XL;CERRO VERDE;1
2026;MARZO;CUADRO JACKET 2.0 CAB;[JAPCA43TXL] CUADRO JACKET 2.0 CAB (XL, NEGRO);JAPCA43TXL;CAB;Negro;XL;CERRO VERDE;1
2026;MARZO;CUADRO JACKET 2.0 DAMA;[JAPDA66TS] CUADRO JACKET 2.0 DAMA (S, VERDE MILITAR);JAPDA66TS;DAMA;Verde Militar;S;SAMBIL CHACAO;1
2026;MARZO;CUADRO JACKET 2.0 DAMA;[JAPDA35TS] CUADRO JACKET 2.0 DAMA (S, MAGENTA);JAPDA35TS;DAMA;Magenta;S;SAMBIL VALENCIA;1
2026;MARZO;CUADRO JACKET 2.0 KIDS;[JAPKI35T6] CUADRO JACKET 2.0 KIDS (6, MAGENTA);JAPKI35T6;KIDS;Magenta;6;CERRO VERDE;1
2026;MARZO;CUADRO JACKET 2.0 KIDS;[JAPKI43T8] CUADRO JACKET 2.0 KIDS (8, NEGRO);JAPKI43T8;KIDS;Negro;8;SAMBIL VALENCIA;1
2026;MARZO;CUADRO JACKET 2.0 KIDS;[JAPKI162T4] CUADRO JACKET 2.0 KIDS (4, AZUL POLO);JAPKI162T4;KIDS;Azul Polo;4;SAMBIL VALENCIA;1
2026;MARZO;CUADRO JACKET 2.0 KIDS;[JAPKI43T6] CUADRO JACKET 2.0 KIDS (6, NEGRO);JAPKI43T6;KIDS;Negro;6;CERRO VERDE;1
2026;MARZO;CUADRO JACKET 2.0 KIDS;[JAPKI35T10] CUADRO JACKET 2.0 KIDS (10, MAGENTA);JAPKI35T10;KIDS;Magenta;10;SAMBIL VALENCIA;1
2026;MARZO;CUADRO JACKET 2.0 DAMA;[JAPDA01TXS] CUADRO JACKET 2.0 DAMA (XS, AGUAMARINA);JAPDA01TXS;DAMA;Aguamarina;XS;SAMBIL VALENCIA;1
2026;MARZO;CUADRO JACKET 2.0 CAB;[JAPCA162TS] CUADRO JACKET 2.0 CAB (S, AZUL POLO);JAPCA162TS;CAB;Azul Polo;S;SAMBIL CHACAO;1
2026;MARZO;CUADRO JACKET 2.0 DAMA;[JAPDA16TS] CUADRO JACKET 2.0 DAMA (S, BLANCO);JAPDA16TS;DAMA;Blanco;S;SAMBIL CHACAO;1
2026;MARZO;CUADRO JACKET 2.0 DAMA;[JAPDA35TM] CUADRO JACKET 2.0 DAMA (M, MAGENTA);JAPDA35TM;DAMA;Magenta;M;SAMBIL VALENCIA;1
2026;MARZO;CUADRO JACKET 2.0 CAB;[JAPCA43TL] CUADRO JACKET 2.0 CAB (L, NEGRO);JAPCA43TL;CAB;Negro;L;CERRO VERDE;1
2026;MARZO;CUADRO JACKET 2.0 DAMA;[JAPDA43TM] CUADRO JACKET 2.0 DAMA (M, NEGRO);JAPDA43TM;DAMA;Negro;M;SAMBIL CHACAO;1
2026;MARZO;CUADRO JACKET 2.0 CAB;[JAPCA16TS] CUADRO JACKET 2.0 CAB (S, BLANCO);JAPCA16TS;CAB;Blanco;S;SAMBIL CHACAO;1
2026;MARZO;CUADRO JACKET 2.0 CAB;[JAPCA43TXL] CUADRO JACKET 2.0 CAB (XL, NEGRO);JAPCA43TXL;CAB;Negro;XL;SAMBIL VALENCIA;1
2026;MARZO;CUADRO JACKET 2.0 KIDS;[JAPKI35T12] CUADRO JACKET 2.0 KIDS (12, MAGENTA);JAPKI35T12;KIDS;Magenta;12;SAMBIL VALENCIA;1
2026;MARZO;CUADRO JACKET 2.0 KIDS;[JAPKI35T8] CUADRO JACKET 2.0 KIDS (8, MAGENTA);JAPKI35T8;KIDS;Magenta;8;SAMBIL VALENCIA;1
2026;MARZO;CUADRO JACKET 2.0 CAB;[JAPCA43TM] CUADRO JACKET 2.0 CAB (M, NEGRO);JAPCA43TM;CAB;Negro;M;SAMBIL VALENCIA;1
2026;MARZO;CUADRO JACKET 2.0 CAB;[JAPCA43TL] CUADRO JACKET 2.0 CAB (L, NEGRO);JAPCA43TL;CAB;Negro;L;GRIETA;1
2026;MARZO;CUADRO JACKET 2.0 DAMA;[JAPDA162TXS] CUADRO JACKET 2.0 DAMA (XS, AZUL POLO);JAPDA162TXS;DAMA;Azul Polo;XS;SAMBIL VALENCIA;1
2026;MARZO;CUADRO JACKET 2.0 DAMA;[JAPDA43TS] CUADRO JACKET 2.0 DAMA (S, NEGRO);JAPDA43TS;DAMA;Negro;S;SAMBIL VALENCIA;1
2026;MARZO;CUADRO JACKET 2.0 CAB;[JAPCA66TL] CUADRO JACKET 2.0 CAB (L, VERDE MILITAR);JAPCA66TL;CAB;Verde Militar;L;SAMBIL VALENCIA;1
2026;MARZO;CUADRO JACKET 2.0 KIDS;[JAPKI162T12] CUADRO JACKET 2.0 KIDS (12, AZUL POLO);JAPKI162T12;KIDS;Azul Polo;12;SAMBIL VALENCIA;1
2026;MARZO;CUADRO JACKET 2.0 DAMA;[JAPDA16TXS] CUADRO JACKET 2.0 DAMA (XS, BLANCO);JAPDA16TXS;DAMA;Blanco;XS;SAMBIL VALENCIA;1
2026;MARZO;CUADRO JACKET 2.0 CAB;[JAPCA43TM] CUADRO JACKET 2.0 CAB (M, NEGRO);JAPCA43TM;CAB;Negro;M;SAMBIL VALENCIA;1
2026;MARZO;CUADRO JACKET 2.0 CAB;[JAPCA16TL] CUADRO JACKET 2.0 CAB (L, BLANCO);JAPCA16TL;CAB;Blanco;L;SAMBIL CHACAO;1
2026;MARZO;CUADRO JACKET 2.0 CAB;[JAPCA66TL] CUADRO JACKET 2.0 CAB (L, VERDE MILITAR);JAPCA66TL;CAB;Verde Militar;L;SAMBIL CHACAO;1
2026;MARZO;CUADRO JACKET 2.0 CAB;[JAPCA16TL] CUADRO JACKET 2.0 CAB (L, BLANCO);JAPCA16TL;CAB;Blanco;L;SAMBIL VALENCIA;1
2026;MARZO;CUADRO JACKET 2.0 DAMA;[JAPDA16TXS] CUADRO JACKET 2.0 DAMA (XS, BLANCO);JAPDA16TXS;DAMA;Blanco;XS;CERRO VERDE;1
2026;MARZO;CUADRO JACKET 2.0 DAMA;[JAPDA01TXS] CUADRO JACKET 2.0 DAMA (XS, AGUAMARINA);JAPDA01TXS;DAMA;Aguamarina;XS;CERRO VERDE;1
2026;MARZO;CUADRO JACKET 2.0 DAMA;[JAPDA35TXS] CUADRO JACKET 2.0 DAMA (XS, MAGENTA);JAPDA35TXS;DAMA;Magenta;XS;CERRO VERDE;1
2026;MARZO;CUADRO JACKET 2.0 DAMA;[JAPDA35TXS] CUADRO JACKET 2.0 DAMA (XS, MAGENTA);JAPDA35TXS;DAMA;Magenta;XS;CERRO VERDE;-1
2026;MARZO;CUADRO JACKET 2.0 DAMA;[JAPDA01TXS] CUADRO JACKET 2.0 DAMA (XS, AGUAMARINA);JAPDA01TXS;DAMA;Aguamarina;XS;SAMBIL CHACAO;1
2026;MARZO;CUADRO JACKET 2.0 DAMA;[JAPDA66TM] CUADRO JACKET 2.0 DAMA (M, VERDE MILITAR);JAPDA66TM;DAMA;Verde Militar;M;GRIETA;1
2026;MARZO;CUADRO JACKET 2.0 CAB;[JAPCA43TXL] CUADRO JACKET 2.0 CAB (XL, NEGRO);JAPCA43TXL;CAB;Negro;XL;GRIETA;1
2026;MARZO;CUADRO JACKET 2.0 DAMA;[JAPDA43TM] CUADRO JACKET 2.0 DAMA (M, NEGRO);JAPDA43TM;DAMA;Negro;M;SAMBIL VALENCIA;1
2026;MARZO;CUADRO JACKET 2.0 CAB;[JAPCA43TXL] CUADRO JACKET 2.0 CAB (XL, NEGRO);JAPCA43TXL;CAB;Negro;XL;GRIETA;1
2026;MARZO;CUADRO JACKET 2.0 DAMA;[JAPDA43TXS] CUADRO JACKET 2.0 DAMA (XS, NEGRO);JAPDA43TXS;DAMA;Negro;XS;SAMBIL VALENCIA;1
2026;MARZO;CUADRO JACKET 2.0 KIDS;[JAPKI35T12] CUADRO JACKET 2.0 KIDS (12, MAGENTA);JAPKI35T12;KIDS;Magenta;12;GRIETA;1
2026;MARZO;CUADRO JACKET 2.0 KIDS;[JAPKI35T4] CUADRO JACKET 2.0 KIDS (4, MAGENTA);JAPKI35T4;KIDS;Magenta;4;CERRO VERDE;1
2026;MARZO;CUADRO JACKET 2.0 CAB;[JAPCA162TL] CUADRO JACKET 2.0 CAB (L, AZUL POLO);JAPCA162TL;CAB;Azul Polo;L;CERRO VERDE;1
2026;MARZO;CUADRO JACKET 2.0 CAB;[JAPCA162TM] CUADRO JACKET 2.0 CAB (M, AZUL POLO);JAPCA162TM;CAB;Azul Polo;M;SAMBIL VALENCIA;1
2026;MARZO;CUADRO JACKET 2.0 DAMA;[JAPDA162TS] CUADRO JACKET 2.0 DAMA (S, AZUL POLO);JAPDA162TS;DAMA;Azul Polo;S;CERRO VERDE;1
2026;MARZO;CUADRO JACKET 2.0 KIDS;[JAPKI35T10] CUADRO JACKET 2.0 KIDS (10, MAGENTA);JAPKI35T10;KIDS;Magenta;10;CERRO VERDE;1
2026;MARZO;CUADRO JACKET 2.0 KIDS;[JAPKI162T6] CUADRO JACKET 2.0 KIDS (6, AZUL POLO);JAPKI162T6;KIDS;Azul Polo;6;CERRO VERDE;1
2026;MARZO;CUADRO JACKET 2.0 DAMA;[JAPDA162TL] CUADRO JACKET 2.0 DAMA (L, AZUL POLO);JAPDA162TL;DAMA;Azul Polo;L;SAMBIL VALENCIA;1
2026;MARZO;CUADRO JACKET 2.0 CAB;[JAPCA162T2XL] CUADRO JACKET 2.0 CAB (2XL, AZUL POLO);JAPCA162T2XL;CAB;Azul Polo;2XL;SAMBIL CHACAO;1
2026;MARZO;CUADRO JACKET 2.0 CAB;[JAPCA162T2XL] CUADRO JACKET 2.0 CAB (2XL, AZUL POLO);JAPCA162T2XL;CAB;Azul Polo;2XL;SAMBIL CHACAO;-1
2026;MARZO;CUADRO JACKET 2.0 CAB;[JAPCA162T2XL] CUADRO JACKET 2.0 CAB (2XL, AZUL POLO);JAPCA162T2XL;CAB;Azul Polo;2XL;SAMBIL CHACAO;1
2026;MARZO;CUADRO JACKET 2.0 DAMA;[JAPDA162TXS] CUADRO JACKET 2.0 DAMA (XS, AZUL POLO);JAPDA162TXS;DAMA;Azul Polo;XS;SAMBIL VALENCIA;1
2026;MARZO;CUADRO JACKET 2.0 CAB;[JAPCA162TS] CUADRO JACKET 2.0 CAB (S, AZUL POLO);JAPCA162TS;CAB;Azul Polo;S;SAMBIL VALENCIA;1
2026;MARZO;CUADRO JACKET 2.0 DAMA;[JAPDA35TS] CUADRO JACKET 2.0 DAMA (S, MAGENTA);JAPDA35TS;DAMA;Magenta;S;GRIETA;1
2026;MARZO;CUADRO JACKET 2.0 CAB;[JAPCA162TXL] CUADRO JACKET 2.0 CAB (XL, AZUL POLO);JAPCA162TXL;CAB;Azul Polo;XL;GRIETA;1
2026;MARZO;CUADRO JACKET 2.0 CAB;[JAPCA16TS] CUADRO JACKET 2.0 CAB (S, BLANCO);JAPCA16TS;CAB;Blanco;S;SAMBIL VALENCIA;1
2026;MARZO;CUADRO JACKET 2.0 DAMA;[JAPDA43TM] CUADRO JACKET 2.0 DAMA (M, NEGRO);JAPDA43TM;DAMA;Negro;M;WEB;1
2026;MARZO;CUADRO JACKET 2.0 CAB;[JAPCA162TXL] CUADRO JACKET 2.0 CAB (XL, AZUL POLO);JAPCA162TXL;CAB;Azul Polo;XL;GRIETA;1
2026;MARZO;CUADRO JACKET 2.0 DAMA;[JAPDA43TS] CUADRO JACKET 2.0 DAMA (S, NEGRO);JAPDA43TS;DAMA;Negro;S;CERRO VERDE;1
2026;MARZO;CUADRO JACKET 2.0 CAB;[JAPCA43TL] CUADRO JACKET 2.0 CAB (L, NEGRO);JAPCA43TL;CAB;Negro;L;CERRO VERDE;1
2026;MARZO;CUADRO JACKET 2.0 DAMA;[JAPDA43TS] CUADRO JACKET 2.0 DAMA (S, NEGRO);JAPDA43TS;DAMA;Negro;S;SAMBIL CHACAO;1
2026;MARZO;CUADRO JACKET 2.0 CAB;[JAPCA43TXL] CUADRO JACKET 2.0 CAB (XL, NEGRO);JAPCA43TXL;CAB;Negro;XL;SAMBIL VALENCIA;1
2026;MARZO;CUADRO JACKET 2.0 DAMA;[JAPDA35TXS] CUADRO JACKET 2.0 DAMA (XS, MAGENTA);JAPDA35TXS;DAMA;Magenta;XS;SAMBIL VALENCIA;1
2026;MARZO;CUADRO JACKET 2.0 CAB;[JAPCA66TS] CUADRO JACKET 2.0 CAB (S, VERDE MILITAR);JAPCA66TS;CAB;Verde Militar;S;SAMBIL VALENCIA;1
2026;MARZO;CUADRO JACKET 2.0 DAMA;[JAPDA43TS] CUADRO JACKET 2.0 DAMA (S, NEGRO);JAPDA43TS;DAMA;Negro;S;SAMBIL VALENCIA;1
2026;MARZO;CUADRO JACKET 2.0 CAB;[JAPCA43T2XL] CUADRO JACKET 2.0 CAB (2XL, NEGRO);JAPCA43T2XL;CAB;Negro;2XL;SAMBIL VALENCIA;1
2026;MARZO;CUADRO JACKET 2.0 CAB;[JAPCA43T2XL] CUADRO JACKET 2.0 CAB (2XL, NEGRO);JAPCA43T2XL;CAB;Negro;2XL;SAMBIL VALENCIA;1
2026;MARZO;CUADRO JACKET 2.0 CAB;[JAPCA01TXL] CUADRO JACKET 2.0 CAB (XL, AGUAMARINA);JAPCA01TXL;CAB;Aguamarina;XL;SAMBIL CHACAO;1
2026;MARZO;CUADRO JACKET 2.0 KIDS;[JAPKI01T4] CUADRO JACKET 2.0 KIDS (4, AGUAMARINA);JAPKI01T4;KIDS;Aguamarina;4;SAMBIL CHACAO;1
2026;MARZO;CUADRO JACKET 2.0 CAB;[JAPCA43TL] CUADRO JACKET 2.0 CAB (L, NEGRO);JAPCA43TL;CAB;Negro;L;CERRO VERDE;1
2026;MARZO;CUADRO JACKET 2.0 DAMA;[JAPDA16TXS] CUADRO JACKET 2.0 DAMA (XS, BLANCO);JAPDA16TXS;DAMA;Blanco;XS;GRAND PLAZ;-1
2026;MARZO;CUADRO JACKET 2.0 DAMA;[JAPDA66TM] CUADRO JACKET 2.0 DAMA (M, VERDE MILITAR);JAPDA66TM;DAMA;Verde Militar;M;GRAND PLAZ;1
2026;MARZO;CUADRO JACKET 2.0 CAB;[JAPCA43TL] CUADRO JACKET 2.0 CAB (L, NEGRO);JAPCA43TL;CAB;Negro;L;SAMBIL CHACAO;1
2026;MARZO;CUADRO JACKET 2.0 KIDS;[JAPKI162T12] CUADRO JACKET 2.0 KIDS (12, AZUL POLO);JAPKI162T12;KIDS;Azul Polo;12;GRIETA;1
2026;MARZO;CUADRO JACKET 2.0 CAB;[JAPCA16TL] CUADRO JACKET 2.0 CAB (L, BLANCO);JAPCA16TL;CAB;Blanco;L;SAMBIL CHACAO;1
2026;MARZO;CUADRO JACKET 2.0 CAB;[JAPCA43TL] CUADRO JACKET 2.0 CAB (L, NEGRO);JAPCA43TL;CAB;Negro;L;SAMBIL CHACAO;1
2026;MARZO;CUADRO JACKET 2.0 KIDS;[JAPKI35T8] CUADRO JACKET 2.0 KIDS (8, MAGENTA);JAPKI35T8;KIDS;Magenta;8;SAMBIL CHACAO;1
2026;MARZO;CUADRO JACKET 2.0 KIDS;[JAPKI162T6] CUADRO JACKET 2.0 KIDS (6, AZUL POLO);JAPKI162T6;KIDS;Azul Polo;6;SAMBIL CHACAO;1
2026;MARZO;CUADRO JACKET 2.0 DAMA;[JAPDA35TL] CUADRO JACKET 2.0 DAMA (L, MAGENTA);JAPDA35TL;DAMA;Magenta;L;CERRO VERDE;1
2026;MARZO;CUADRO JACKET 2.0 KIDS;[JAPKI35T8] CUADRO JACKET 2.0 KIDS (8, MAGENTA);JAPKI35T8;KIDS;Magenta;8;GRIETA;1
2026;MARZO;CUADRO JACKET 2.0 DAMA;[JAPDA16TM] CUADRO JACKET 2.0 DAMA (M, BLANCO);JAPDA16TM;DAMA;Blanco;M;GRIETA;1
2026;MARZO;CUADRO JACKET 2.0 CAB;[JAPCA162TM] CUADRO JACKET 2.0 CAB (M, AZUL POLO);JAPCA162TM;CAB;Azul Polo;M;GRIETA;1
2026;MARZO;CUADRO JACKET 2.0 DAMA;[JAPDA66TS] CUADRO JACKET 2.0 DAMA (S, VERDE MILITAR);JAPDA66TS;DAMA;Verde Militar;S;SAMBIL CHACAO;1
2026;MARZO;CUADRO JACKET 2.0 CAB;[JAPCA43TM] CUADRO JACKET 2.0 CAB (M, NEGRO);JAPCA43TM;CAB;Negro;M;SAMBIL CHACAO;1
2026;MARZO;CUADRO JACKET 2.0 DAMA;[JAPDA43TXS] CUADRO JACKET 2.0 DAMA (XS, NEGRO);JAPDA43TXS;DAMA;Negro;XS;SAMBIL CHACAO;1
2026;MARZO;CUADRO JACKET 2.0 DAMA;[JAPDA162TS] CUADRO JACKET 2.0 DAMA (S, AZUL POLO);JAPDA162TS;DAMA;Azul Polo;S;SAMBIL CHACAO;1
2026;MARZO;CUADRO JACKET 2.0 CAB;[JAPCA43TXL] CUADRO JACKET 2.0 CAB (XL, NEGRO);JAPCA43TXL;CAB;Negro;XL;GRIETA;1
2026;MARZO;CUADRO JACKET 2.0 DAMA;[JAPDA43TM] CUADRO JACKET 2.0 DAMA (M, NEGRO);JAPDA43TM;DAMA;Negro;M;GRIETA;5
2026;MARZO;CUADRO JACKET 2.0 DAMA;[JAPDA43TXL] CUADRO JACKET 2.0 DAMA (XL, NEGRO);JAPDA43TXL;DAMA;Negro;XL;GRIETA;1
2026;MARZO;CUADRO JACKET 2.0 DAMA;[JAPDA43TL] CUADRO JACKET 2.0 DAMA (L, NEGRO);JAPDA43TL;DAMA;Negro;L;GRIETA;5
2026;MARZO;CUADRO JACKET 2.0 DAMA;[JAPDA43TS] CUADRO JACKET 2.0 DAMA (S, NEGRO);JAPDA43TS;DAMA;Negro;S;GRIETA;1
2026;MARZO;CUADRO JACKET 2.0 CAB;[JAPCA43T2XL] CUADRO JACKET 2.0 CAB (2XL, NEGRO);JAPCA43T2XL;CAB;Negro;2XL;GRIETA;2
2026;MARZO;CUADRO JACKET 2.0 CAB;[JAPCA43TXL] CUADRO JACKET 2.0 CAB (XL, NEGRO);JAPCA43TXL;CAB;Negro;XL;GRIETA;12
2026;MARZO;CUADRO JACKET 2.0 CAB;[JAPCA43TL] CUADRO JACKET 2.0 CAB (L, NEGRO);JAPCA43TL;CAB;Negro;L;GRIETA;17
2026;MARZO;CUADRO JACKET 2.0 CAB;[JAPCA43TM] CUADRO JACKET 2.0 CAB (M, NEGRO);JAPCA43TM;CAB;Negro;M;GRIETA;16
2026;MARZO;CUADRO JACKET 2.0 KIDS;[JAPKI162T12] CUADRO JACKET 2.0 KIDS (12, AZUL POLO);JAPKI162T12;KIDS;Azul Polo;12;SAMBIL CHACAO;1
2026;MARZO;CUADRO JACKET 2.0 DAMA;[JAPDA162TXS] CUADRO JACKET 2.0 DAMA (XS, AZUL POLO);JAPDA162TXS;DAMA;Azul Polo;XS;SAMBIL CHACAO;1
2026;MARZO;CUADRO JACKET 2.0 DAMA;[JAPDA35TXS] CUADRO JACKET 2.0 DAMA (XS, MAGENTA);JAPDA35TXS;DAMA;Magenta;XS;SAMBIL CHACAO;1
2026;MARZO;CUADRO JACKET 2.0 CAB;[JAPCA162TM] CUADRO JACKET 2.0 CAB (M, AZUL POLO);JAPCA162TM;CAB;Azul Polo;M;SAMBIL CHACAO;1
2026;MARZO;CUADRO JACKET 2.0 KIDS;[JAPKI35T10] CUADRO JACKET 2.0 KIDS (10, MAGENTA);JAPKI35T10;KIDS;Magenta;10;CERRO VERDE;1
2026;MARZO;CUADRO JACKET 2.0 DAMA;[JAPDA35TXS] CUADRO JACKET 2.0 DAMA (XS, MAGENTA);JAPDA35TXS;DAMA;Magenta;XS;CERRO VERDE;1
2026;MARZO;CUADRO JACKET 2.0 DAMA;[JAPDA35TM] CUADRO JACKET 2.0 DAMA (M, MAGENTA);JAPDA35TM;DAMA;Magenta;M;CERRO VERDE;1
2026;MARZO;CUADRO JACKET 2.0 DAMA;[JAPDA01TXS] CUADRO JACKET 2.0 DAMA (XS, AGUAMARINA);JAPDA01TXS;DAMA;Aguamarina;XS;GRIETA;1
2026;MARZO;CUADRO JACKET 2.0 KIDS;[JAPKI01T4] CUADRO JACKET 2.0 KIDS (4, AGUAMARINA);JAPKI01T4;KIDS;Aguamarina;4;GRIETA;1
2026;MARZO;CUADRO JACKET 2.0 CAB;[JAPCA162TXL] CUADRO JACKET 2.0 CAB (XL, AZUL POLO);JAPCA162TXL;CAB;Azul Polo;XL;CERRO VERDE;1
2026;MARZO;CUADRO JACKET 2.0 CAB;[JAPCA66TL] CUADRO JACKET 2.0 CAB (L, VERDE MILITAR);JAPCA66TL;CAB;Verde Militar;L;SAMBIL CHACAO;1
2026;MARZO;CUADRO JACKET 2.0 DAMA;[JAPDA16TM] CUADRO JACKET 2.0 DAMA (M, BLANCO);JAPDA16TM;DAMA;Blanco;M;GRIETA;-1
2026;MARZO;CUADRO JACKET 2.0 DAMA;[JAPDA66TL] CUADRO JACKET 2.0 DAMA (L, VERDE MILITAR);JAPDA66TL;DAMA;Verde Militar;L;SAMBIL CHACAO;1
2026;MARZO;CUADRO JACKET 2.0 KIDS;[JAPKI01T10] CUADRO JACKET 2.0 KIDS (10, AGUAMARINA);JAPKI01T10;KIDS;Aguamarina;10;CERRO VERDE;1
2026;MARZO;CUADRO JACKET 2.0 KIDS;[JAPKI43T8] CUADRO JACKET 2.0 KIDS (8, NEGRO);JAPKI43T8;KIDS;Negro;8;GRIETA;1
2026;MARZO;CUADRO JACKET 2.0 DAMA;[JAPDA43TS] CUADRO JACKET 2.0 DAMA (S, NEGRO);JAPDA43TS;DAMA;Negro;S;GRIETA;1
2026;MARZO;CUADRO JACKET 2.0 CAB;[JAPCA162TL] CUADRO JACKET 2.0 CAB (L, AZUL POLO);JAPCA162TL;CAB;Azul Polo;L;SAMBIL CHACAO;1
2026;MARZO;CUADRO JACKET 2.0 CAB;[JAPCA43TXL] CUADRO JACKET 2.0 CAB (XL, NEGRO);JAPCA43TXL;CAB;Negro;XL;SAMBIL CHACAO;2
2026;MARZO;CUADRO JACKET 2.0 KIDS;[JAPKI35T10] CUADRO JACKET 2.0 KIDS (10, MAGENTA);JAPKI35T10;KIDS;Magenta;10;GRAND PLAZ;1
2026;MARZO;CUADRO JACKET 2.0 CAB;[JAPCA16TL] CUADRO JACKET 2.0 CAB (L, BLANCO);JAPCA16TL;CAB;Blanco;L;GRIETA;1
2026;MARZO;CUADRO JACKET 2.0 CAB;[JAPCA43TM] CUADRO JACKET 2.0 CAB (M, NEGRO);JAPCA43TM;CAB;Negro;M;GRIETA;-16
2026;MARZO;CUADRO JACKET 2.0 CAB;[JAPCA43T2XL] CUADRO JACKET 2.0 CAB (2XL, NEGRO);JAPCA43T2XL;CAB;Negro;2XL;GRIETA;-2
2026;MARZO;CUADRO JACKET 2.0 CAB;[JAPCA43TL] CUADRO JACKET 2.0 CAB (L, NEGRO);JAPCA43TL;CAB;Negro;L;GRIETA;-17
2026;MARZO;CUADRO JACKET 2.0 CAB;[JAPCA43TXL] CUADRO JACKET 2.0 CAB (XL, NEGRO);JAPCA43TXL;CAB;Negro;XL;GRIETA;-12
2026;MARZO;CUADRO JACKET 2.0 DAMA;[JAPDA43TL] CUADRO JACKET 2.0 DAMA (L, NEGRO);JAPDA43TL;DAMA;Negro;L;GRIETA;-5
2026;MARZO;CUADRO JACKET 2.0 DAMA;[JAPDA43TXL] CUADRO JACKET 2.0 DAMA (XL, NEGRO);JAPDA43TXL;DAMA;Negro;XL;GRIETA;-1
2026;MARZO;CUADRO JACKET 2.0 DAMA;[JAPDA43TM] CUADRO JACKET 2.0 DAMA (M, NEGRO);JAPDA43TM;DAMA;Negro;M;GRIETA;-5
2026;MARZO;CUADRO JACKET 2.0 DAMA;[JAPDA43TS] CUADRO JACKET 2.0 DAMA (S, NEGRO);JAPDA43TS;DAMA;Negro;S;GRIETA;-1
2026;MARZO;CUADRO JACKET 2.0 KIDS;[JAPKI35T8] CUADRO JACKET 2.0 KIDS (8, MAGENTA);JAPKI35T8;KIDS;Magenta;8;SAMBIL VALENCIA;1
2026;MARZO;CUADRO JACKET 2.0 DAMA;[JAPDA35TM] CUADRO JACKET 2.0 DAMA (M, MAGENTA);JAPDA35TM;DAMA;Magenta;M;CERRO VERDE;1
2026;MARZO;CUADRO JACKET 2.0 DAMA;[JAPDA43TM] CUADRO JACKET 2.0 DAMA (M, NEGRO);JAPDA43TM;DAMA;Negro;M;GRIETA;10
2026;MARZO;CUADRO JACKET 2.0 CAB;[JAPCA43T2XL] CUADRO JACKET 2.0 CAB (2XL, NEGRO);JAPCA43T2XL;CAB;Negro;2XL;GRIETA;4
2026;MARZO;CUADRO JACKET 2.0 CAB;[JAPCA43TXL] CUADRO JACKET 2.0 CAB (XL, NEGRO);JAPCA43TXL;CAB;Negro;XL;GRIETA;11
2026;MARZO;CUADRO JACKET 2.0 CAB;[JAPCA43TL] CUADRO JACKET 2.0 CAB (L, NEGRO);JAPCA43TL;CAB;Negro;L;GRIETA;22
2026;MARZO;CUADRO JACKET 2.0 CAB;[JAPCA43TM] CUADRO JACKET 2.0 CAB (M, NEGRO);JAPCA43TM;CAB;Negro;M;GRIETA;15
2026;MARZO;CUADRO JACKET 2.0 DAMA;[JAPDA43TL] CUADRO JACKET 2.0 DAMA (L, NEGRO);JAPDA43TL;DAMA;Negro;L;GRIETA;7
2026;MARZO;CUADRO JACKET 2.0 DAMA;[JAPDA43TXL] CUADRO JACKET 2.0 DAMA (XL, NEGRO);JAPDA43TXL;DAMA;Negro;XL;GRIETA;4
2026;MARZO;CUADRO JACKET 2.0 DAMA;[JAPDA43TS] CUADRO JACKET 2.0 DAMA (S, NEGRO);JAPDA43TS;DAMA;Negro;S;GRIETA;2
2026;MARZO;CUADRO JACKET 2.0 DAMA;[JAPDA35TS] CUADRO JACKET 2.0 DAMA (S, MAGENTA);JAPDA35TS;DAMA;Magenta;S;GRIETA;1
2026;MARZO;CUADRO JACKET 2.0 DAMA;[JAPDA43TXS] CUADRO JACKET 2.0 DAMA (XS, NEGRO);JAPDA43TXS;DAMA;Negro;XS;CERRO VERDE;1
2026;MARZO;CUADRO JACKET 2.0 KIDS;[JAPKI01T12] CUADRO JACKET 2.0 KIDS (12, AGUAMARINA);JAPKI01T12;KIDS;Aguamarina;12;CERRO VERDE;1
2026;MARZO;CUADRO JACKET 2.0 CAB;[JAPCA16TL] CUADRO JACKET 2.0 CAB (L, BLANCO);JAPCA16TL;CAB;Blanco;L;CERRO VERDE;1
2026;MARZO;CUADRO JACKET 2.0 DAMA;[JAPDA35TS] CUADRO JACKET 2.0 DAMA (S, MAGENTA);JAPDA35TS;DAMA;Magenta;S;SAMBIL VALENCIA;1
2026;MARZO;CUADRO JACKET 2.0 DAMA;[JAPDA162TXS] CUADRO JACKET 2.0 DAMA (XS, AZUL POLO);JAPDA162TXS;DAMA;Azul Polo;XS;CERRO VERDE;1
2026;MARZO;CUADRO JACKET 2.0 CAB;[JAPCA162TXL] CUADRO JACKET 2.0 CAB (XL, AZUL POLO);JAPCA162TXL;CAB;Azul Polo;XL;GRIETA;1
2026;MARZO;CUADRO JACKET 2.0 CAB;[JAPCA16TM] CUADRO JACKET 2.0 CAB (M, BLANCO);JAPCA16TM;CAB;Blanco;M;CERRO VERDE;1
2026;MARZO;CUADRO JACKET 2.0 CAB;[JAPCA16TXL] CUADRO JACKET 2.0 CAB (XL, BLANCO);JAPCA16TXL;CAB;Blanco;XL;CERRO VERDE;1
2026;MARZO;CUADRO JACKET 2.0 DAMA;[JAPDA16TXL] CUADRO JACKET 2.0 DAMA (XL, BLANCO);JAPDA16TXL;DAMA;Blanco;XL;GRIETA;1
2026;MARZO;CUADRO JACKET 2.0 DAMA;[JAPDA35TM] CUADRO JACKET 2.0 DAMA (M, MAGENTA);JAPDA35TM;DAMA;Magenta;M;GRIETA;1
2026;MARZO;CUADRO JACKET 2.0 CAB;[JAPCA162TL] CUADRO JACKET 2.0 CAB (L, AZUL POLO);JAPCA162TL;CAB;Azul Polo;L;GRIETA;1
2026;MARZO;CUADRO JACKET 2.0 DAMA;[JAPDA43TXS] CUADRO JACKET 2.0 DAMA (XS, NEGRO);JAPDA43TXS;DAMA;Negro;XS;SAMBIL CHACAO;1
2026;MARZO;CUADRO JACKET 2.0 CAB;[JAPCA43TS] CUADRO JACKET 2.0 CAB (S, NEGRO);JAPCA43TS;CAB;Negro;S;SAMBIL VALENCIA;1
2026;MARZO;CUADRO JACKET 2.0 CAB;[JAPCA162T2XL] CUADRO JACKET 2.0 CAB (2XL, AZUL POLO);JAPCA162T2XL;CAB;Azul Polo;2XL;CERRO VERDE;1
2026;MARZO;CUADRO JACKET 2.0 KIDS;[JAPKI01T8] CUADRO JACKET 2.0 KIDS (8, AGUAMARINA);JAPKI01T8;KIDS;Aguamarina;8;CERRO VERDE;1
2026;MARZO;CUADRO JACKET 2.0 CAB;[JAPCA162TL] CUADRO JACKET 2.0 CAB (L, AZUL POLO);JAPCA162TL;CAB;Azul Polo;L;CERRO VERDE;1
2026;MARZO;CUADRO JACKET 2.0 KIDS;[JAPKI01T10] CUADRO JACKET 2.0 KIDS (10, AGUAMARINA);JAPKI01T10;KIDS;Aguamarina;10;CERRO VERDE;1
2026;MARZO;CUADRO JACKET 2.0 DAMA;[JAPDA35TS] CUADRO JACKET 2.0 DAMA (S, MAGENTA);JAPDA35TS;DAMA;Magenta;S;GRAND PLAZ;1
2026;MARZO;CUADRO JACKET 2.0 KIDS;[JAPKI162T12] CUADRO JACKET 2.0 KIDS (12, AZUL POLO);JAPKI162T12;KIDS;Azul Polo;12;SAMBIL CHACAO;1
2026;MARZO;CUADRO JACKET 2.0 KIDS;[JAPKI162T4] CUADRO JACKET 2.0 KIDS (4, AZUL POLO);JAPKI162T4;KIDS;Azul Polo;4;SAMBIL CHACAO;1
2026;MARZO;CUADRO JACKET 2.0 DAMA;[JAPDA35TS] CUADRO JACKET 2.0 DAMA (S, MAGENTA);JAPDA35TS;DAMA;Magenta;S;SAMBIL CHACAO;1
2026;MARZO;CUADRO JACKET 2.0 DAMA;[JAPDA01TXL] CUADRO JACKET 2.0 DAMA (XL, AGUAMARINA);JAPDA01TXL;DAMA;Aguamarina;XL;SAMBIL CHACAO;1
2026;MARZO;CUADRO JACKET 2.0 DAMA;[JAPDA162TL] CUADRO JACKET 2.0 DAMA (L, AZUL POLO);JAPDA162TL;DAMA;Azul Polo;L;SAMBIL CHACAO;1
2026;MARZO;CUADRO JACKET 2.0 DAMA;[JAPDA16TM] CUADRO JACKET 2.0 DAMA (M, BLANCO);JAPDA16TM;DAMA;Blanco;M;SAMBIL CHACAO;1
2026;MARZO;CUADRO JACKET 2.0 DAMA;[JAPDA162TS] CUADRO JACKET 2.0 DAMA (S, AZUL POLO);JAPDA162TS;DAMA;Azul Polo;S;SAMBIL CHACAO;1
2026;MARZO;CUADRO JACKET 2.0 CAB;[JAPCA66TXL] CUADRO JACKET 2.0 CAB (XL, VERDE MILITAR);JAPCA66TXL;CAB;Verde Militar;XL;SAMBIL CHACAO;1
2026;MARZO;CUADRO JACKET 2.0 CAB;[JAPCA43TXL] CUADRO JACKET 2.0 CAB (XL, NEGRO);JAPCA43TXL;CAB;Negro;XL;SAMBIL CHACAO;1
2026;MARZO;CUADRO JACKET 2.0 CAB;[JAPCA162TXL] CUADRO JACKET 2.0 CAB (XL, AZUL POLO);JAPCA162TXL;CAB;Azul Polo;XL;SAMBIL CHACAO;2
2026;MARZO;CUADRO JACKET 2.0 DAMA;[JAPDA43TXS] CUADRO JACKET 2.0 DAMA (XS, NEGRO);JAPDA43TXS;DAMA;Negro;XS;SAMBIL VALENCIA;1
2026;MARZO;CUADRO JACKET 2.0 CAB;[JAPCA66TXL] CUADRO JACKET 2.0 CAB (XL, VERDE MILITAR);JAPCA66TXL;CAB;Verde Militar;XL;SAMBIL CHACAO;1
2026;MARZO;CUADRO JACKET 2.0 DAMA;[JAPDA66TM] CUADRO JACKET 2.0 DAMA (M, VERDE MILITAR);JAPDA66TM;DAMA;Verde Militar;M;GRAND PLAZ;1
2026;MARZO;CUADRO JACKET 2.0 CAB;[JAPCA16T2XL] CUADRO JACKET 2.0 CAB (2XL, BLANCO);JAPCA16T2XL;CAB;Blanco;2XL;SAMBIL VALENCIA;1
2026;MARZO;CUADRO JACKET 2.0 CAB;[JAPCA162TXL] CUADRO JACKET 2.0 CAB (XL, AZUL POLO);JAPCA162TXL;CAB;Azul Polo;XL;GRIETA;-1
2026;MARZO;CUADRO JACKET 2.0 CAB;[JAPCA162T2XL] CUADRO JACKET 2.0 CAB (2XL, AZUL POLO);JAPCA162T2XL;CAB;Azul Polo;2XL;GRIETA;1
2026;MARZO;CUADRO JACKET 2.0 CAB;[JAPCA43TL] CUADRO JACKET 2.0 CAB (L, NEGRO);JAPCA43TL;CAB;Negro;L;GRIETA;1
2026;MARZO;CUADRO JACKET 2.0 DAMA;[JAPDA35TS] CUADRO JACKET 2.0 DAMA (S, MAGENTA);JAPDA35TS;DAMA;Magenta;S;SAMBIL VALENCIA;1
2026;MARZO;CUADRO JACKET 2.0 DAMA;[JAPDA01TXS] CUADRO JACKET 2.0 DAMA (XS, AGUAMARINA);JAPDA01TXS;DAMA;Aguamarina;XS;GRIETA;1
2026;MARZO;CUADRO JACKET 2.0 CAB;[JAPCA43TM] CUADRO JACKET 2.0 CAB (M, NEGRO);JAPCA43TM;CAB;Negro;M;CERRO VERDE;1
2026;MARZO;CUADRO JACKET 2.0 CAB;[JAPCA16TM] CUADRO JACKET 2.0 CAB (M, BLANCO);JAPCA16TM;CAB;Blanco;M;CERRO VERDE;1
2026;MARZO;CUADRO JACKET 2.0 KIDS;[JAPKI01T12] CUADRO JACKET 2.0 KIDS (12, AGUAMARINA);JAPKI01T12;KIDS;Aguamarina;12;GRAND PLAZ;1
2026;MARZO;CUADRO JACKET 2.0 KIDS;[JAPKI01T12] CUADRO JACKET 2.0 KIDS (12, AGUAMARINA);JAPKI01T12;KIDS;Aguamarina;12;GRIETA;1
2026;MARZO;CUADRO JACKET 2.0 CAB;[JAPCA01TL] CUADRO JACKET 2.0 CAB (L, AGUAMARINA);JAPCA01TL;CAB;Aguamarina;L;GRIETA;1
2026;MARZO;CUADRO JACKET 2.0 DAMA;[JAPDA01TS] CUADRO JACKET 2.0 DAMA (S, AGUAMARINA);JAPDA01TS;DAMA;Aguamarina;S;GRIETA;1
2026;MARZO;CUADRO JACKET 2.0 DAMA;[JAPDA01TXS] CUADRO JACKET 2.0 DAMA (XS, AGUAMARINA);JAPDA01TXS;DAMA;Aguamarina;XS;GRIETA;1
2026;MARZO;CUADRO JACKET 2.0 KIDS;[JAPKI35T12] CUADRO JACKET 2.0 KIDS (12, MAGENTA);JAPKI35T12;KIDS;Magenta;12;SAMBIL CHACAO;1
2026;MARZO;CUADRO JACKET 2.0 DAMA;[JAPDA35TXS] CUADRO JACKET 2.0 DAMA (XS, MAGENTA);JAPDA35TXS;DAMA;Magenta;XS;GRIETA;1
2026;MARZO;CUADRO JACKET 2.0 DAMA;[JAPDA66TL] CUADRO JACKET 2.0 DAMA (L, VERDE MILITAR);JAPDA66TL;DAMA;Verde Militar;L;SAMBIL CHACAO;1
2026;MARZO;CUADRO JACKET 2.0 CAB;[JAPCA43TXL] CUADRO JACKET 2.0 CAB (XL, NEGRO);JAPCA43TXL;CAB;Negro;XL;SAMBIL VALENCIA;1
2026;MARZO;CUADRO JACKET 2.0 DAMA;[JAPDA162TM] CUADRO JACKET 2.0 DAMA (M, AZUL POLO);JAPDA162TM;DAMA;Azul Polo;M;GRIETA;1
2026;MARZO;CUADRO JACKET 2.0 CAB;[JAPCA66T2XL] CUADRO JACKET 2.0 CAB (2XL, VERDE MILITAR);JAPCA66T2XL;CAB;Verde Militar;2XL;CERRO VERDE;1
2026;MARZO;CUADRO JACKET 2.0 CAB;[JAPCA16TXL] CUADRO JACKET 2.0 CAB (XL, BLANCO);JAPCA16TXL;CAB;Blanco;XL;CERRO VERDE;1
2026;MARZO;CUADRO JACKET 2.0 DAMA;[JAPDA01TS] CUADRO JACKET 2.0 DAMA (S, AGUAMARINA);JAPDA01TS;DAMA;Aguamarina;S;CERRO VERDE;1
2026;MARZO;CUADRO JACKET 2.0 CAB;[JAPCA01TL] CUADRO JACKET 2.0 CAB (L, AGUAMARINA);JAPCA01TL;CAB;Aguamarina;L;CERRO VERDE;1
2026;MARZO;CUADRO JACKET 2.0 CAB;[JAPCA16TM] CUADRO JACKET 2.0 CAB (M, BLANCO);JAPCA16TM;CAB;Blanco;M;GRIETA;1
2026;MARZO;CUADRO JACKET 2.0 CAB;[JAPCA66T2XL] CUADRO JACKET 2.0 CAB (2XL, VERDE MILITAR);JAPCA66T2XL;CAB;Verde Militar;2XL;CERRO VERDE;1
2026;MARZO;CUADRO JACKET 2.0 CAB;[JAPCA16T2XL] CUADRO JACKET 2.0 CAB (2XL, BLANCO);JAPCA16T2XL;CAB;Blanco;2XL;CERRO VERDE;1
2026;MARZO;CUADRO JACKET 2.0 CAB;[JAPCA43TM] CUADRO JACKET 2.0 CAB (M, NEGRO);JAPCA43TM;CAB;Negro;M;CERRO VERDE;1
2026;MARZO;CUADRO JACKET 2.0 DAMA;[JAPDA162TXS] CUADRO JACKET 2.0 DAMA (XS, AZUL POLO);JAPDA162TXS;DAMA;Azul Polo;XS;SAMBIL CHACAO;1
2026;MARZO;CUADRO JACKET 2.0 DAMA;[JAPDA16TS] CUADRO JACKET 2.0 DAMA (S, BLANCO);JAPDA16TS;DAMA;Blanco;S;SAMBIL VALENCIA;1
2026;MARZO;CUADRO JACKET 2.0 KIDS;[JAPKI162T12] CUADRO JACKET 2.0 KIDS (12, AZUL POLO);JAPKI162T12;KIDS;Azul Polo;12;CERRO VERDE;1
2026;MARZO;CUADRO JACKET 2.0 KIDS;[JAPKI35T10] CUADRO JACKET 2.0 KIDS (10, MAGENTA);JAPKI35T10;KIDS;Magenta;10;CERRO VERDE;1
2026;MARZO;CUADRO JACKET 2.0 CAB;[JAPCA162TXL] CUADRO JACKET 2.0 CAB (XL, AZUL POLO);JAPCA162TXL;CAB;Azul Polo;XL;SAMBIL CHACAO;1
2026;MARZO;CUADRO JACKET 2.0 DAMA;[JAPDA162TL] CUADRO JACKET 2.0 DAMA (L, AZUL POLO);JAPDA162TL;DAMA;Azul Polo;L;GRIETA;1
2026;MARZO;CUADRO JACKET 2.0 DAMA;[JAPDA35TM] CUADRO JACKET 2.0 DAMA (M, MAGENTA);JAPDA35TM;DAMA;Magenta;M;GRIETA;1
2026;MARZO;CUADRO JACKET 2.0 DAMA;[JAPDA35TM] CUADRO JACKET 2.0 DAMA (M, MAGENTA);JAPDA35TM;DAMA;Magenta;M;CERRO VERDE;1
2026;MARZO;CUADRO JACKET 2.0 DAMA;[JAPDA35TS] CUADRO JACKET 2.0 DAMA (S, MAGENTA);JAPDA35TS;DAMA;Magenta;S;CERRO VERDE;1
2026;MARZO;CUADRO JACKET 2.0 CAB;[JAPCA162TXL] CUADRO JACKET 2.0 CAB (XL, AZUL POLO);JAPCA162TXL;CAB;Azul Polo;XL;SAMBIL VALENCIA;-1
2026;MARZO;CUADRO JACKET 2.0 CAB;[JAPCA162T2XL] CUADRO JACKET 2.0 CAB (2XL, AZUL POLO);JAPCA162T2XL;CAB;Azul Polo;2XL;SAMBIL VALENCIA;1
2026;MARZO;CUADRO JACKET 2.0 DAMA;[JAPDA35TS] CUADRO JACKET 2.0 DAMA (S, MAGENTA);JAPDA35TS;DAMA;Magenta;S;SAMBIL VALENCIA;1
2026;MARZO;CUADRO JACKET 2.0 CAB;[JAPCA16TM] CUADRO JACKET 2.0 CAB (M, BLANCO);JAPCA16TM;CAB;Blanco;M;SAMBIL CHACAO;1
2026;MARZO;CUADRO JACKET 2.0 DAMA;[JAPDA16TS] CUADRO JACKET 2.0 DAMA (S, BLANCO);JAPDA16TS;DAMA;Blanco;S;SAMBIL CHACAO;1
2026;MARZO;CUADRO JACKET 2.0 DAMA;[JAPDA162TM] CUADRO JACKET 2.0 DAMA (M, AZUL POLO);JAPDA162TM;DAMA;Azul Polo;M;CERRO VERDE;1
2026;MARZO;CUADRO JACKET 2.0 DAMA;[JAPDA16TS] CUADRO JACKET 2.0 DAMA (S, BLANCO);JAPDA16TS;DAMA;Blanco;S;SAMBIL CHACAO;1
2026;MARZO;CUADRO JACKET 2.0 CAB;[JAPCA16TM] CUADRO JACKET 2.0 CAB (M, BLANCO);JAPCA16TM;CAB;Blanco;M;SAMBIL CHACAO;1
2026;MARZO;CUADRO JACKET 2.0 DAMA;[JAPDA43TM] CUADRO JACKET 2.0 DAMA (M, NEGRO);JAPDA43TM;DAMA;Negro;M;CERRO VERDE;1
2026;MARZO;CUADRO JACKET 2.0 KIDS;[JAPKI35T6] CUADRO JACKET 2.0 KIDS (6, MAGENTA);JAPKI35T6;KIDS;Magenta;6;CERRO VERDE;1
2026;MARZO;CUADRO JACKET 2.0 CAB;[JAPCA66TS] CUADRO JACKET 2.0 CAB (S, VERDE MILITAR);JAPCA66TS;CAB;Verde Militar;S;SAMBIL VALENCIA;1
2026;MARZO;CUADRO JACKET 2.0 DAMA;[JAPDA66TXS] CUADRO JACKET 2.0 DAMA (XS, VERDE MILITAR);JAPDA66TXS;DAMA;Verde Militar;XS;SAMBIL VALENCIA;1
2026;MARZO;CUADRO JACKET 2.0 CAB;[JAPCA43TXL] CUADRO JACKET 2.0 CAB (XL, NEGRO);JAPCA43TXL;CAB;Negro;XL;SAMBIL VALENCIA;1
2026;MARZO;CUADRO JACKET 2.0 DAMA;[JAPDA16TXS] CUADRO JACKET 2.0 DAMA (XS, BLANCO);JAPDA16TXS;DAMA;Blanco;XS;CERRO VERDE;1
2026;MARZO;CUADRO JACKET 2.0 DAMA;[JAPDA43TXS] CUADRO JACKET 2.0 DAMA (XS, NEGRO);JAPDA43TXS;DAMA;Negro;XS;CERRO VERDE;1
2026;MARZO;CUADRO JACKET 2.0 DAMA;[JAPDA43TM] CUADRO JACKET 2.0 DAMA (M, NEGRO);JAPDA43TM;DAMA;Negro;M;CERRO VERDE;1
2026;MARZO;CUADRO JACKET 2.0 DAMA;[JAPDA16TM] CUADRO JACKET 2.0 DAMA (M, BLANCO);JAPDA16TM;DAMA;Blanco;M;CERRO VERDE;1
2026;MARZO;CUADRO JACKET 2.0 DAMA;[JAPDA43TM] CUADRO JACKET 2.0 DAMA (M, NEGRO);JAPDA43TM;DAMA;Negro;M;SAMBIL VALENCIA;1
2026;MARZO;CUADRO JACKET 2.0 CAB;[JAPCA43TL] CUADRO JACKET 2.0 CAB (L, NEGRO);JAPCA43TL;CAB;Negro;L;SAMBIL VALENCIA;1
2026;MARZO;CUADRO JACKET 2.0 CAB;[JAPCA43TM] CUADRO JACKET 2.0 CAB (M, NEGRO);JAPCA43TM;CAB;Negro;M;SAMBIL CHACAO;1
2026;MARZO;CUADRO JACKET 2.0 KIDS;[JAPKI43T6] CUADRO JACKET 2.0 KIDS (6, NEGRO);JAPKI43T6;KIDS;Negro;6;CERRO VERDE;1
2026;MARZO;CUADRO JACKET 2.0 KIDS;[JAPKI43T12] CUADRO JACKET 2.0 KIDS (12, NEGRO);JAPKI43T12;KIDS;Negro;12;GRIETA;1
2026;MARZO;CUADRO JACKET 2.0 DAMA;[JAPDA35TL] CUADRO JACKET 2.0 DAMA (L, MAGENTA);JAPDA35TL;DAMA;Magenta;L;SAMBIL CHACAO;1
2026;MARZO;CUADRO JACKET 2.0 DAMA;[JAPDA01TS] CUADRO JACKET 2.0 DAMA (S, AGUAMARINA);JAPDA01TS;DAMA;Aguamarina;S;SAMBIL CHACAO;1
2026;MARZO;CUADRO JACKET 2.0 CAB;[JAPCA162TXL] CUADRO JACKET 2.0 CAB (XL, AZUL POLO);JAPCA162TXL;CAB;Azul Polo;XL;SAMBIL CHACAO;1
2026;MARZO;CUADRO JACKET 2.0 DAMA;[JAPDA35TM] CUADRO JACKET 2.0 DAMA (M, MAGENTA);JAPDA35TM;DAMA;Magenta;M;SAMBIL VALENCIA;1
2026;MARZO;CUADRO JACKET 2.0 CAB;[JAPCA162TS] CUADRO JACKET 2.0 CAB (S, AZUL POLO);JAPCA162TS;CAB;Azul Polo;S;GRIETA;1
2026;MARZO;CUADRO JACKET 2.0 CAB;[JAPCA16TXL] CUADRO JACKET 2.0 CAB (XL, BLANCO);JAPCA16TXL;CAB;Blanco;XL;SAMBIL CHACAO;1
2026;MARZO;CUADRO JACKET 2.0 CAB;[JAPCA162TL] CUADRO JACKET 2.0 CAB (L, AZUL POLO);JAPCA162TL;CAB;Azul Polo;L;WEB;1
2026;MARZO;CUADRO JACKET 2.0 DAMA;[JAPDA16TL] CUADRO JACKET 2.0 DAMA (L, BLANCO);JAPDA16TL;DAMA;Blanco;L;CERRO VERDE;1
2026;MARZO;CUADRO JACKET 2.0 DAMA;[JAPDA01TXS] CUADRO JACKET 2.0 DAMA (XS, AGUAMARINA);JAPDA01TXS;DAMA;Aguamarina;XS;SAMBIL VALENCIA;1
2026;MARZO;CUADRO JACKET 2.0 DAMA;[JAPDA16TM] CUADRO JACKET 2.0 DAMA (M, BLANCO);JAPDA16TM;DAMA;Blanco;M;SAMBIL VALENCIA;1
2026;MARZO;CUADRO JACKET 2.0 KIDS;[JAPKI01T2] CUADRO JACKET 2.0 KIDS (2, AGUAMARINA);JAPKI01T2;KIDS;Aguamarina;2;SAMBIL CHACAO;1
2026;MARZO;CUADRO JACKET 2.0 DAMA;[JAPDA66TS] CUADRO JACKET 2.0 DAMA (S, VERDE MILITAR);JAPDA66TS;DAMA;Verde Militar;S;SAMBIL VALENCIA;1
2026;MARZO;CUADRO JACKET 2.0 KIDS;[JAPKI43T6] CUADRO JACKET 2.0 KIDS (6, NEGRO);JAPKI43T6;KIDS;Negro;6;CERRO VERDE;1
2026;MARZO;CUADRO JACKET 2.0 CAB;[JAPCA43TM] CUADRO JACKET 2.0 CAB (M, NEGRO);JAPCA43TM;CAB;Negro;M;CERRO VERDE;1
2026;MARZO;CUADRO JACKET 2.0 KIDS;[JAPKI43T12] CUADRO JACKET 2.0 KIDS (12, NEGRO);JAPKI43T12;KIDS;Negro;12;CERRO VERDE;1
2026;MARZO;CUADRO JACKET 2.0 DAMA;[JAPDA01TM] CUADRO JACKET 2.0 DAMA (M, AGUAMARINA);JAPDA01TM;DAMA;Aguamarina;M;CERRO VERDE;1
2026;MARZO;CUADRO JACKET 2.0 DAMA;[JAPDA16TM] CUADRO JACKET 2.0 DAMA (M, BLANCO);JAPDA16TM;DAMA;Blanco;M;SAMBIL CHACAO;1
2026;MARZO;CUADRO JACKET 2.0 CAB;[JAPCA162TL] CUADRO JACKET 2.0 CAB (L, AZUL POLO);JAPCA162TL;CAB;Azul Polo;L;SAMBIL CHACAO;1
2026;MARZO;CUADRO JACKET 2.0 CAB;[JAPCA16TL] CUADRO JACKET 2.0 CAB (L, BLANCO);JAPCA16TL;CAB;Blanco;L;SAMBIL CHACAO;1
2026;MARZO;CUADRO JACKET 2.0 KIDS;[JAPKI35T10] CUADRO JACKET 2.0 KIDS (10, MAGENTA);JAPKI35T10;KIDS;Magenta;10;CERRO VERDE;1
2026;MARZO;CUADRO JACKET 2.0 KIDS;[JAPKI35T8] CUADRO JACKET 2.0 KIDS (8, MAGENTA);JAPKI35T8;KIDS;Magenta;8;CERRO VERDE;1
2026;MARZO;CUADRO JACKET 2.0 KIDS;[JAPKI35T4] CUADRO JACKET 2.0 KIDS (4, MAGENTA);JAPKI35T4;KIDS;Magenta;4;CERRO VERDE;1
2026;MARZO;CUADRO JACKET 2.0 DAMA;[JAPDA01TM] CUADRO JACKET 2.0 DAMA (M, AGUAMARINA);JAPDA01TM;DAMA;Aguamarina;M;CERRO VERDE;1
2026;MARZO;CUADRO JACKET 2.0 CAB;[JAPCA43TM] CUADRO JACKET 2.0 CAB (M, NEGRO);JAPCA43TM;CAB;Negro;M;CERRO VERDE;1
2026;MARZO;CUADRO JACKET 2.0 DAMA;[JAPDA43TM] CUADRO JACKET 2.0 DAMA (M, NEGRO);JAPDA43TM;DAMA;Negro;M;CERRO VERDE;1
2026;MARZO;CUADRO JACKET 2.0 CAB;[JAPCA66TL] CUADRO JACKET 2.0 CAB (L, VERDE MILITAR);JAPCA66TL;CAB;Verde Militar;L;SAMBIL VALENCIA;1
2026;MARZO;CUADRO JACKET 2.0 CAB;[JAPCA16TM] CUADRO JACKET 2.0 CAB (M, BLANCO);JAPCA16TM;CAB;Blanco;M;SAMBIL VALENCIA;1
2026;MARZO;CUADRO JACKET 2.0 DAMA;[JAPDA16TXS] CUADRO JACKET 2.0 DAMA (XS, BLANCO);JAPDA16TXS;DAMA;Blanco;XS;SAMBIL VALENCIA;1
2026;MARZO;CUADRO JACKET 2.0 DAMA;[JAPDA162TL] CUADRO JACKET 2.0 DAMA (L, AZUL POLO);JAPDA162TL;DAMA;Azul Polo;L;GRIETA;1
2026;MARZO;CUADRO JACKET 2.0 DAMA;[JAPDA43TL] CUADRO JACKET 2.0 DAMA (L, NEGRO);JAPDA43TL;DAMA;Negro;L;GRIETA;1
2026;MARZO;CUADRO JACKET 2.0 CAB;[JAPCA16TL] CUADRO JACKET 2.0 CAB (L, BLANCO);JAPCA16TL;CAB;Blanco;L;WEB;1
2026;MARZO;CUADRO JACKET 2.0 CAB;[JAPCA43TL] CUADRO JACKET 2.0 CAB (L, NEGRO);JAPCA43TL;CAB;Negro;L;GRAND PLAZ;1
2026;MARZO;CUADRO JACKET 2.0 CAB;[JAPCA16TM] CUADRO JACKET 2.0 CAB (M, BLANCO);JAPCA16TM;CAB;Blanco;M;CERRO VERDE;-1
2026;MARZO;CUADRO JACKET 2.0 CAB;[JAPCA01TM] CUADRO JACKET 2.0 CAB (M, AGUAMARINA);JAPCA01TM;CAB;Aguamarina;M;CERRO VERDE;1
2026;MARZO;CUADRO JACKET 2.0 CAB;[JAPCA43TXL] CUADRO JACKET 2.0 CAB (XL, NEGRO);JAPCA43TXL;CAB;Negro;XL;GRIETA;1
2026;MARZO;CUADRO JACKET 2.0 CAB;[JAPCA43TM] CUADRO JACKET 2.0 CAB (M, NEGRO);JAPCA43TM;CAB;Negro;M;SAMBIL CHACAO;1
2026;MARZO;CUADRO JACKET 2.0 CAB;[JAPCA16TM] CUADRO JACKET 2.0 CAB (M, BLANCO);JAPCA16TM;CAB;Blanco;M;CERRO VERDE;2
2026;MARZO;CUADRO JACKET 2.0 CAB;[JAPCA162TS] CUADRO JACKET 2.0 CAB (S, AZUL POLO);JAPCA162TS;CAB;Azul Polo;S;CERRO VERDE;1
2026;MARZO;CUADRO JACKET 2.0 CAB;[JAPCA162TM] CUADRO JACKET 2.0 CAB (M, AZUL POLO);JAPCA162TM;CAB;Azul Polo;M;CERRO VERDE;1
2026;MARZO;CUADRO JACKET 2.0 CAB;[JAPCA43TM] CUADRO JACKET 2.0 CAB (M, NEGRO);JAPCA43TM;CAB;Negro;M;CERRO VERDE;2
2026;MARZO;CUADRO JACKET 2.0 CAB;[JAPCA162TS] CUADRO JACKET 2.0 CAB (S, AZUL POLO);JAPCA162TS;CAB;Azul Polo;S;CERRO VERDE;-1
2026;MARZO;CUADRO JACKET 2.0 CAB;[JAPCA162TM] CUADRO JACKET 2.0 CAB (M, AZUL POLO);JAPCA162TM;CAB;Azul Polo;M;CERRO VERDE;1
2026;MARZO;CUADRO JACKET 2.0 DAMA;[JAPDA35TS] CUADRO JACKET 2.0 DAMA (S, MAGENTA);JAPDA35TS;DAMA;Magenta;S;GRIETA;1
2026;MARZO;CUADRO JACKET 2.0 CAB;[JAPCA162T2XL] CUADRO JACKET 2.0 CAB (2XL, AZUL POLO);JAPCA162T2XL;CAB;Azul Polo;2XL;GRIETA;1
2026;MARZO;CUADRO JACKET 2.0 CAB;[JAPCA16TM] CUADRO JACKET 2.0 CAB (M, BLANCO);JAPCA16TM;CAB;Blanco;M;SAMBIL CHACAO;1
2026;MARZO;CUADRO JACKET 2.0 DAMA;[JAPDA162TL] CUADRO JACKET 2.0 DAMA (L, AZUL POLO);JAPDA162TL;DAMA;Azul Polo;L;CERRO VERDE;1
2026;MARZO;CUADRO JACKET 2.0 CAB;[JAPCA16T2XL] CUADRO JACKET 2.0 CAB (2XL, BLANCO);JAPCA16T2XL;CAB;Blanco;2XL;SAMBIL CHACAO;1
2026;MARZO;CUADRO JACKET 2.0 DAMA;[JAPDA43TM] CUADRO JACKET 2.0 DAMA (M, NEGRO);JAPDA43TM;DAMA;Negro;M;SAMBIL VALENCIA;1
2026;MARZO;CUADRO JACKET 2.0 CAB;[JAPCA16TXL] CUADRO JACKET 2.0 CAB (XL, BLANCO);JAPCA16TXL;CAB;Blanco;XL;CERRO VERDE;1
2026;MARZO;CUADRO JACKET 2.0 DAMA;[JAPDA43TXS] CUADRO JACKET 2.0 DAMA (XS, NEGRO);JAPDA43TXS;DAMA;Negro;XS;SAMBIL CHACAO;1
2026;MARZO;CUADRO JACKET 2.0 KIDS;[JAPKI35T8] CUADRO JACKET 2.0 KIDS (8, MAGENTA);JAPKI35T8;KIDS;Magenta;8;SAMBIL CHACAO;1
2026;MARZO;CUADRO JACKET 2.0 KIDS;[JAPKI162T6] CUADRO JACKET 2.0 KIDS (6, AZUL POLO);JAPKI162T6;KIDS;Azul Polo;6;SAMBIL CHACAO;1
2026;MARZO;CUADRO JACKET 2.0 DAMA;[JAPDA162TXS] CUADRO JACKET 2.0 DAMA (XS, AZUL POLO);JAPDA162TXS;DAMA;Azul Polo;XS;SAMBIL CHACAO;1
2026;MARZO;CUADRO JACKET 2.0 CAB;[JAPCA162TM] CUADRO JACKET 2.0 CAB (M, AZUL POLO);JAPCA162TM;CAB;Azul Polo;M;SAMBIL CHACAO;1
2026;MARZO;CUADRO JACKET 2.0 KIDS;[JAPKI01T8] CUADRO JACKET 2.0 KIDS (8, AGUAMARINA);JAPKI01T8;KIDS;Aguamarina;8;SAMBIL CHACAO;1
2026;MARZO;CUADRO JACKET 2.0 DAMA;[JAPDA01TS] CUADRO JACKET 2.0 DAMA (S, AGUAMARINA);JAPDA01TS;DAMA;Aguamarina;S;SAMBIL CHACAO;1
2026;MARZO;CUADRO JACKET 2.0 DAMA;[JAPDA16TS] CUADRO JACKET 2.0 DAMA (S, BLANCO);JAPDA16TS;DAMA;Blanco;S;SAMBIL CHACAO;1
2026;MARZO;CUADRO JACKET 2.0 DAMA;[JAPDA16TS] CUADRO JACKET 2.0 DAMA (S, BLANCO);JAPDA16TS;DAMA;Blanco;S;SAMBIL CHACAO;1
2026;MARZO;CUADRO JACKET 2.0 DAMA;[JAPDA35TM] CUADRO JACKET 2.0 DAMA (M, MAGENTA);JAPDA35TM;DAMA;Magenta;M;SAMBIL CHACAO;1
2026;MARZO;CUADRO JACKET 2.0 DAMA;[JAPDA16TS] CUADRO JACKET 2.0 DAMA (S, BLANCO);JAPDA16TS;DAMA;Blanco;S;CERRO VERDE;1
2026;MARZO;CUADRO JACKET 2.0 CAB;[JAPCA43TL] CUADRO JACKET 2.0 CAB (L, NEGRO);JAPCA43TL;CAB;Negro;L;GRIETA;1
2026;MARZO;CUADRO JACKET 2.0 CAB;[JAPCA162TXL] CUADRO JACKET 2.0 CAB (XL, AZUL POLO);JAPCA162TXL;CAB;Azul Polo;XL;GRIETA;1
2026;MARZO;CUADRO JACKET 2.0 CAB;[JAPCA43TL] CUADRO JACKET 2.0 CAB (L, NEGRO);JAPCA43TL;CAB;Negro;L;SAMBIL VALENCIA;1
2026;MARZO;CUADRO JACKET 2.0 DAMA;[JAPDA162TXS] CUADRO JACKET 2.0 DAMA (XS, AZUL POLO);JAPDA162TXS;DAMA;Azul Polo;XS;GRIETA;1
2026;MARZO;CUADRO JACKET 2.0 DAMA;[JAPDA66TM] CUADRO JACKET 2.0 DAMA (M, VERDE MILITAR);JAPDA66TM;DAMA;Verde Militar;M;SAMBIL CHACAO;1
2026;MARZO;CUADRO JACKET 2.0 CAB;[JAPCA43TXL] CUADRO JACKET 2.0 CAB (XL, NEGRO);JAPCA43TXL;CAB;Negro;XL;CERRO VERDE;1
2026;MARZO;CUADRO JACKET 2.0 DAMA;[JAPDA16TXS] CUADRO JACKET 2.0 DAMA (XS, BLANCO);JAPDA16TXS;DAMA;Blanco;XS;SAMBIL CHACAO;1
2026;MARZO;CUADRO JACKET 2.0 CAB;[JAPCA16TL] CUADRO JACKET 2.0 CAB (L, BLANCO);JAPCA16TL;CAB;Blanco;L;SAMBIL CHACAO;1
2026;MARZO;CUADRO JACKET 2.0 CAB;[JAPCA66TXL] CUADRO JACKET 2.0 CAB (XL, VERDE MILITAR);JAPCA66TXL;CAB;Verde Militar;XL;SAMBIL VALENCIA;1
2026;ABRIL;CUADRO JACKET 2.0 CAB;[JAPCA162TXL] CUADRO JACKET 2.0 CAB (XL, AZUL POLO);JAPCA162TXL;CAB;Azul Polo;XL;GRIETA;1
2026;ABRIL;CUADRO JACKET 2.0 DAMA;[JAPDA35TM] CUADRO JACKET 2.0 DAMA (M, MAGENTA);JAPDA35TM;DAMA;Magenta;M;CERRO VERDE;1
2026;ABRIL;CUADRO JACKET 2.0 KIDS;[JAPKI35T12] CUADRO JACKET 2.0 KIDS (12, MAGENTA);JAPKI35T12;KIDS;Magenta;12;GRIETA;1
2026;ABRIL;CUADRO JACKET 2.0 KIDS;[JAPKI35T10] CUADRO JACKET 2.0 KIDS (10, MAGENTA);JAPKI35T10;KIDS;Magenta;10;GRIETA;1
2026;ABRIL;CUADRO JACKET 2.0 CAB;[JAPCA43TXL] CUADRO JACKET 2.0 CAB (XL, NEGRO);JAPCA43TXL;CAB;Negro;XL;SAMBIL VALENCIA;1
2026;ABRIL;CUADRO JACKET 2.0 DAMA;[JAPDA01TL] CUADRO JACKET 2.0 DAMA (L, AGUAMARINA);JAPDA01TL;DAMA;Aguamarina;L;CERRO VERDE;1
2026;ABRIL;CUADRO JACKET 2.0 CAB;[JAPCA43TM] CUADRO JACKET 2.0 CAB (M, NEGRO);JAPCA43TM;CAB;Negro;M;GRIETA;1
2026;ABRIL;CUADRO JACKET 2.0 CAB;[JAPCA162TS] CUADRO JACKET 2.0 CAB (S, AZUL POLO);JAPCA162TS;CAB;Azul Polo;S;SAMBIL CHACAO;1
2026;ABRIL;CUADRO JACKET 2.0 CAB;[JAPCA16TS] CUADRO JACKET 2.0 CAB (S, BLANCO);JAPCA16TS;CAB;Blanco;S;WEB;1
2026;ABRIL;CUADRO JACKET 2.0 KIDS;[JAPKI43T4] CUADRO JACKET 2.0 KIDS (4, NEGRO);JAPKI43T4;KIDS;Negro;4;SAMBIL CHACAO;1
2026;ABRIL;CUADRO JACKET 2.0 DAMA;[JAPDA43TM] CUADRO JACKET 2.0 DAMA (M, NEGRO);JAPDA43TM;DAMA;Negro;M;GRIETA;1
2026;ABRIL;CUADRO JACKET 2.0 DAMA;[JAPDA01TL] CUADRO JACKET 2.0 DAMA (L, AGUAMARINA);JAPDA01TL;DAMA;Aguamarina;L;GRIETA;1
2026;ABRIL;CUADRO JACKET 2.0 DAMA;[JAPDA35TM] CUADRO JACKET 2.0 DAMA (M, MAGENTA);JAPDA35TM;DAMA;Magenta;M;CERRO VERDE;-1
2026;ABRIL;CUADRO JACKET 2.0 CAB;[JAPCA162TL] CUADRO JACKET 2.0 CAB (L, AZUL POLO);JAPCA162TL;CAB;Azul Polo;L;CERRO VERDE;-1
2026;ABRIL;CUADRO JACKET 2.0 DAMA;[JAPDA35TS] CUADRO JACKET 2.0 DAMA (S, MAGENTA);JAPDA35TS;DAMA;Magenta;S;CERRO VERDE;1
2026;ABRIL;CUADRO JACKET 2.0 CAB;[JAPCA162TXL] CUADRO JACKET 2.0 CAB (XL, AZUL POLO);JAPCA162TXL;CAB;Azul Polo;XL;CERRO VERDE;1
2026;ABRIL;CUADRO JACKET 2.0 DAMA;[JAPDA35TM] CUADRO JACKET 2.0 DAMA (M, MAGENTA);JAPDA35TM;DAMA;Magenta;M;WEB;1
2026;ABRIL;CUADRO JACKET 2.0 CAB;[JAPCA16TM] CUADRO JACKET 2.0 CAB (M, BLANCO);JAPCA16TM;CAB;Blanco;M;GRIETA;1
2026;ABRIL;CUADRO JACKET 2.0 CAB;[JAPCA162TL] CUADRO JACKET 2.0 CAB (L, AZUL POLO);JAPCA162TL;CAB;Azul Polo;L;WEB;1
2026;ABRIL;CUADRO JACKET 2.0 KIDS;[JAPKI01T10] CUADRO JACKET 2.0 KIDS (10, AGUAMARINA);JAPKI01T10;KIDS;Aguamarina;10;CERRO VERDE;1
2026;ABRIL;CUADRO JACKET 2.0 DAMA;[JAPDA35TL] CUADRO JACKET 2.0 DAMA (L, MAGENTA);JAPDA35TL;DAMA;Magenta;L;SAMBIL VALENCIA;1
2026;ABRIL;CUADRO JACKET 2.0 DAMA;[JAPDA01TXS] CUADRO JACKET 2.0 DAMA (XS, AGUAMARINA);JAPDA01TXS;DAMA;Aguamarina;XS;GRIETA;1
2026;ABRIL;CUADRO JACKET 2.0 DAMA;[JAPDA16TXS] CUADRO JACKET 2.0 DAMA (XS, BLANCO);JAPDA16TXS;DAMA;Blanco;XS;SAMBIL CHACAO;1
2026;ABRIL;CUADRO JACKET 2.0 CAB;[JAPCA16TM] CUADRO JACKET 2.0 CAB (M, BLANCO);JAPCA16TM;CAB;Blanco;M;SAMBIL CHACAO;1
2026;ABRIL;CUADRO JACKET 2.0 DAMA;[JAPDA66TM] CUADRO JACKET 2.0 DAMA (M, VERDE MILITAR);JAPDA66TM;DAMA;Verde Militar;M;SAMBIL VALENCIA;1
2026;ABRIL;CUADRO JACKET 2.0 DAMA;[JAPDA162TM] CUADRO JACKET 2.0 DAMA (M, AZUL POLO);JAPDA162TM;DAMA;Azul Polo;M;SAMBIL VALENCIA;1
2026;ABRIL;CUADRO JACKET 2.0 DAMA;[JAPDA35TM] CUADRO JACKET 2.0 DAMA (M, MAGENTA);JAPDA35TM;DAMA;Magenta;M;CERRO VERDE;1
2026;ABRIL;CUADRO JACKET 2.0 CAB;[JAPCA16TS] CUADRO JACKET 2.0 CAB (S, BLANCO);JAPCA16TS;CAB;Blanco;S;GRIETA;1
2026;ABRIL;CUADRO JACKET 2.0 DAMA;[JAPDA16TXS] CUADRO JACKET 2.0 DAMA (XS, BLANCO);JAPDA16TXS;DAMA;Blanco;XS;SAMBIL VALENCIA;1
2026;ABRIL;CUADRO JACKET 2.0 DAMA;[JAPDA01TS] CUADRO JACKET 2.0 DAMA (S, AGUAMARINA);JAPDA01TS;DAMA;Aguamarina;S;GRAND PLAZ;1
2026;ABRIL;CUADRO JACKET 2.0 CAB;[JAPCA43TM] CUADRO JACKET 2.0 CAB (M, NEGRO);JAPCA43TM;CAB;Negro;M;GRAND PLAZ;1
2026;ABRIL;CUADRO JACKET 2.0 DAMA;[JAPDA16TXS] CUADRO JACKET 2.0 DAMA (XS, BLANCO);JAPDA16TXS;DAMA;Blanco;XS;SAMBIL VALENCIA;1
2026;ABRIL;CUADRO JACKET 2.0 CAB;[JAPCA43TXL] CUADRO JACKET 2.0 CAB (XL, NEGRO);JAPCA43TXL;CAB;Negro;XL;SAMBIL VALENCIA;1
2026;ABRIL;CUADRO JACKET 2.0 DAMA;[JAPDA43TS] CUADRO JACKET 2.0 DAMA (S, NEGRO);JAPDA43TS;DAMA;Negro;S;SAMBIL VALENCIA;1
2026;ABRIL;CUADRO JACKET 2.0 CAB;[JAPCA43TL] CUADRO JACKET 2.0 CAB (L, NEGRO);JAPCA43TL;CAB;Negro;L;SAMBIL VALENCIA;1
2026;ABRIL;CUADRO JACKET 2.0 CAB;[JAPCA16TXL] CUADRO JACKET 2.0 CAB (XL, BLANCO);JAPCA16TXL;CAB;Blanco;XL;GRIETA;1
2026;ABRIL;CUADRO JACKET 2.0 DAMA;[JAPDA16TXS] CUADRO JACKET 2.0 DAMA (XS, BLANCO);JAPDA16TXS;DAMA;Blanco;XS;GRIETA;1
2026;ABRIL;CUADRO JACKET 2.0 DAMA;[JAPDA16TM] CUADRO JACKET 2.0 DAMA (M, BLANCO);JAPDA16TM;DAMA;Blanco;M;GRIETA;1
2026;ABRIL;CUADRO JACKET 2.0 DAMA;[JAPDA43TS] CUADRO JACKET 2.0 DAMA (S, NEGRO);JAPDA43TS;DAMA;Negro;S;SAMBIL VALENCIA;1
2026;ABRIL;CUADRO JACKET 2.0 DAMA;[JAPDA162TM] CUADRO JACKET 2.0 DAMA (M, AZUL POLO);JAPDA162TM;DAMA;Azul Polo;M;CERRO VERDE;1
2026;ABRIL;CUADRO JACKET 2.0 DAMA;[JAPDA01TL] CUADRO JACKET 2.0 DAMA (L, AGUAMARINA);JAPDA01TL;DAMA;Aguamarina;L;GRIETA;-1
2026;ABRIL;CUADRO JACKET 2.0 CAB;[JAPCA01TXL] CUADRO JACKET 2.0 CAB (XL, AGUAMARINA);JAPCA01TXL;CAB;Aguamarina;XL;GRIETA;1
2026;ABRIL;CUADRO JACKET 2.0 CAB;[JAPCA43T2XL] CUADRO JACKET 2.0 CAB (2XL, NEGRO);JAPCA43T2XL;CAB;Negro;2XL;SAMBIL VALENCIA;1
2026;ABRIL;CUADRO JACKET 2.0 CAB;[JAPCA16T2XL] CUADRO JACKET 2.0 CAB (2XL, BLANCO);JAPCA16T2XL;CAB;Blanco;2XL;SAMBIL VALENCIA;1
2026;ABRIL;CUADRO JACKET 2.0 DAMA;[JAPDA01TXS] CUADRO JACKET 2.0 DAMA (XS, AGUAMARINA);JAPDA01TXS;DAMA;Aguamarina;XS;SAMBIL CHACAO;2
2026;ABRIL;CUADRO JACKET 2.0 CAB;[JAPCA01TM] CUADRO JACKET 2.0 CAB (M, AGUAMARINA);JAPCA01TM;CAB;Aguamarina;M;SAMBIL CHACAO;1
2026;ABRIL;CUADRO JACKET 2.0 KIDS;[JAPKI35T2] CUADRO JACKET 2.0 KIDS (2, MAGENTA);JAPKI35T2;KIDS;Magenta;2;CERRO VERDE;1
2026;ABRIL;CUADRO JACKET 2.0 DAMA;[JAPDA162TXS] CUADRO JACKET 2.0 DAMA (XS, AZUL POLO);JAPDA162TXS;DAMA;Azul Polo;XS;SAMBIL VALENCIA;1
2026;ABRIL;CUADRO JACKET 2.0 DAMA;[JAPDA01TS] CUADRO JACKET 2.0 DAMA (S, AGUAMARINA);JAPDA01TS;DAMA;Aguamarina;S;GRIETA;1
2026;ABRIL;CUADRO JACKET 2.0 CAB;[JAPCA16TS] CUADRO JACKET 2.0 CAB (S, BLANCO);JAPCA16TS;CAB;Blanco;S;GRIETA;1
2026;ABRIL;CUADRO JACKET 2.0 CAB;[JAPCA43TL] CUADRO JACKET 2.0 CAB (L, NEGRO);JAPCA43TL;CAB;Negro;L;SAMBIL CHACAO;1
2026;ABRIL;CUADRO JACKET 2.0 CAB;[JAPCA16TL] CUADRO JACKET 2.0 CAB (L, BLANCO);JAPCA16TL;CAB;Blanco;L;SAMBIL CHACAO;1
2026;ABRIL;CUADRO JACKET 2.0 CAB;[JAPCA43TXL] CUADRO JACKET 2.0 CAB (XL, NEGRO);JAPCA43TXL;CAB;Negro;XL;GRIETA;1
2026;ABRIL;CUADRO JACKET 2.0 KIDS;[JAPKI162T10] CUADRO JACKET 2.0 KIDS (10, AZUL POLO);JAPKI162T10;KIDS;Azul Polo;10;GRIETA;1
2026;ABRIL;CUADRO JACKET 2.0 KIDS;[JAPKI35T2] CUADRO JACKET 2.0 KIDS (2, MAGENTA);JAPKI35T2;KIDS;Magenta;2;GRIETA;1
2026;ABRIL;CUADRO JACKET 2.0 KIDS;[JAPKI43T12] CUADRO JACKET 2.0 KIDS (12, NEGRO);JAPKI43T12;KIDS;Negro;12;CERRO VERDE;1
2026;ABRIL;CUADRO JACKET 2.0 DAMA;[JAPDA01TS] CUADRO JACKET 2.0 DAMA (S, AGUAMARINA);JAPDA01TS;DAMA;Aguamarina;S;GRIETA;-1
2026;ABRIL;CUADRO JACKET 2.0 CAB;[JAPCA16TS] CUADRO JACKET 2.0 CAB (S, BLANCO);JAPCA16TS;CAB;Blanco;S;GRIETA;-1
2026;ABRIL;CUADRO JACKET 2.0 DAMA;[JAPDA01TS] CUADRO JACKET 2.0 DAMA (S, AGUAMARINA);JAPDA01TS;DAMA;Aguamarina;S;GRIETA;1
2026;ABRIL;CUADRO JACKET 2.0 CAB;[JAPCA16TS] CUADRO JACKET 2.0 CAB (S, BLANCO);JAPCA16TS;CAB;Blanco;S;GRIETA;1
2026;ABRIL;CUADRO JACKET 2.0 DAMA;[JAPDA16TXL] CUADRO JACKET 2.0 DAMA (XL, BLANCO);JAPDA16TXL;DAMA;Blanco;XL;GRIETA;1
2026;ABRIL;CUADRO JACKET 2.0 KIDS;[JAPKI162T12] CUADRO JACKET 2.0 KIDS (12, AZUL POLO);JAPKI162T12;KIDS;Azul Polo;12;GRIETA;1
2026;ABRIL;CUADRO JACKET 2.0 KIDS;[JAPKI162T12] CUADRO JACKET 2.0 KIDS (12, AZUL POLO);JAPKI162T12;KIDS;Azul Polo;12;SAMBIL VALENCIA;1
2026;ABRIL;CUADRO JACKET 2.0 DAMA;[JAPDA43TM] CUADRO JACKET 2.0 DAMA (M, NEGRO);JAPDA43TM;DAMA;Negro;M;CERRO VERDE;1
2026;ABRIL;CUADRO JACKET 2.0 CAB;[JAPCA43TM] CUADRO JACKET 2.0 CAB (M, NEGRO);JAPCA43TM;CAB;Negro;M;CERRO VERDE;1
2026;ABRIL;CUADRO JACKET 2.0 CAB;[JAPCA162TL] CUADRO JACKET 2.0 CAB (L, AZUL POLO);JAPCA162TL;CAB;Azul Polo;L;SAMBIL CHACAO;1
2026;ABRIL;CUADRO JACKET 2.0 KIDS;[JAPKI43T12] CUADRO JACKET 2.0 KIDS (12, NEGRO);JAPKI43T12;KIDS;Negro;12;SAMBIL CHACAO;1
2026;ABRIL;CUADRO JACKET 2.0 CAB;[JAPCA66TM] CUADRO JACKET 2.0 CAB (M, VERDE MILITAR);JAPCA66TM;CAB;Verde Militar;M;SAMBIL CHACAO;1
2026;ABRIL;CUADRO JACKET 2.0 DAMA;[JAPDA16TM] CUADRO JACKET 2.0 DAMA (M, BLANCO);JAPDA16TM;DAMA;Blanco;M;SAMBIL CHACAO;1
2026;ABRIL;CUADRO JACKET 2.0 CAB;[JAPCA162TM] CUADRO JACKET 2.0 CAB (M, AZUL POLO);JAPCA162TM;CAB;Azul Polo;M;SAMBIL VALENCIA;1
2026;ABRIL;CUADRO JACKET 2.0 CAB;[JAPCA43TL] CUADRO JACKET 2.0 CAB (L, NEGRO);JAPCA43TL;CAB;Negro;L;CERRO VERDE;1
2026;ABRIL;CUADRO JACKET 2.0 KIDS;[JAPKI162T10] CUADRO JACKET 2.0 KIDS (10, AZUL POLO);JAPKI162T10;KIDS;Azul Polo;10;SAMBIL VALENCIA;1
2026;ABRIL;CUADRO JACKET 2.0 DAMA;[JAPDA43TS] CUADRO JACKET 2.0 DAMA (S, NEGRO);JAPDA43TS;DAMA;Negro;S;GRIETA;1
2026;ABRIL;CUADRO JACKET 2.0 CAB;[JAPCA43TM] CUADRO JACKET 2.0 CAB (M, NEGRO);JAPCA43TM;CAB;Negro;M;SAMBIL VALENCIA;1
2026;ABRIL;CUADRO JACKET 2.0 DAMA;[JAPDA162TXS] CUADRO JACKET 2.0 DAMA (XS, AZUL POLO);JAPDA162TXS;DAMA;Azul Polo;XS;CERRO VERDE;1
2026;ABRIL;CUADRO JACKET 2.0 CAB;[JAPCA43TS] CUADRO JACKET 2.0 CAB (S, NEGRO);JAPCA43TS;CAB;Negro;S;SAMBIL CHACAO;1
2026;ABRIL;CUADRO JACKET 2.0 DAMA;[JAPDA162TXS] CUADRO JACKET 2.0 DAMA (XS, AZUL POLO);JAPDA162TXS;DAMA;Azul Polo;XS;SAMBIL VALENCIA;1
2026;ABRIL;CUADRO JACKET 2.0 CAB;[JAPCA43TL] CUADRO JACKET 2.0 CAB (L, NEGRO);JAPCA43TL;CAB;Negro;L;SAMBIL CHACAO;1
2026;ABRIL;CUADRO JACKET 2.0 DAMA;[JAPDA43TS] CUADRO JACKET 2.0 DAMA (S, NEGRO);JAPDA43TS;DAMA;Negro;S;SAMBIL VALENCIA;1
2026;ABRIL;CUADRO JACKET 2.0 DAMA;[JAPDA35TL] CUADRO JACKET 2.0 DAMA (L, MAGENTA);JAPDA35TL;DAMA;Magenta;L;SAMBIL CHACAO;1
2026;ABRIL;CUADRO JACKET 2.0 CAB;[JAPCA162T2XL] CUADRO JACKET 2.0 CAB (2XL, AZUL POLO);JAPCA162T2XL;CAB;Azul Polo;2XL;SAMBIL CHACAO;1
2026;ABRIL;CUADRO JACKET 2.0 DAMA;[JAPDA66TS] CUADRO JACKET 2.0 DAMA (S, VERDE MILITAR);JAPDA66TS;DAMA;Verde Militar;S;SAMBIL CHACAO;1
2026;ABRIL;CUADRO JACKET 2.0 DAMA;[JAPDA01TS] CUADRO JACKET 2.0 DAMA (S, AGUAMARINA);JAPDA01TS;DAMA;Aguamarina;S;GRIETA;1
2026;ABRIL;CUADRO JACKET 2.0 KIDS;[JAPKI162T12] CUADRO JACKET 2.0 KIDS (12, AZUL POLO);JAPKI162T12;KIDS;Azul Polo;12;SAMBIL CHACAO;1
2026;ABRIL;CUADRO JACKET 2.0 CAB;[JAPCA66TL] CUADRO JACKET 2.0 CAB (L, VERDE MILITAR);JAPCA66TL;CAB;Verde Militar;L;SAMBIL CHACAO;1
2026;ABRIL;CUADRO JACKET 2.0 CAB;[JAPCA01TXL] CUADRO JACKET 2.0 CAB (XL, AGUAMARINA);JAPCA01TXL;CAB;Aguamarina;XL;CERRO VERDE;1
2026;ABRIL;CUADRO JACKET 2.0 DAMA;[JAPDA01TXS] CUADRO JACKET 2.0 DAMA (XS, AGUAMARINA);JAPDA01TXS;DAMA;Aguamarina;XS;CERRO VERDE;1
2026;ABRIL;CUADRO JACKET 2.0 DAMA;[JAPDA01TS] CUADRO JACKET 2.0 DAMA (S, AGUAMARINA);JAPDA01TS;DAMA;Aguamarina;S;CERRO VERDE;1
2026;ABRIL;CUADRO JACKET 2.0 KIDS;[JAPKI35T8] CUADRO JACKET 2.0 KIDS (8, MAGENTA);JAPKI35T8;KIDS;Magenta;8;SAMBIL VALENCIA;1
2026;ABRIL;CUADRO JACKET 2.0 CAB;[JAPCA43TM] CUADRO JACKET 2.0 CAB (M, NEGRO);JAPCA43TM;CAB;Negro;M;GRIETA;1
2026;ABRIL;CUADRO JACKET 2.0 CAB;[JAPCA162TM] CUADRO JACKET 2.0 CAB (M, AZUL POLO);JAPCA162TM;CAB;Azul Polo;M;GRIETA;1
2026;ABRIL;CUADRO JACKET 2.0 DAMA;[JAPDA35TS] CUADRO JACKET 2.0 DAMA (S, MAGENTA);JAPDA35TS;DAMA;Magenta;S;GRIETA;1
2026;ABRIL;CUADRO JACKET 2.0 CAB;[JAPCA43TM] CUADRO JACKET 2.0 CAB (M, NEGRO);JAPCA43TM;CAB;Negro;M;SAMBIL VALENCIA;1
2026;ABRIL;CUADRO JACKET 2.0 KIDS;[JAPKI01T10] CUADRO JACKET 2.0 KIDS (10, AGUAMARINA);JAPKI01T10;KIDS;Aguamarina;10;CERRO VERDE;1
2026;ABRIL;CUADRO JACKET 2.0 DAMA;[JAPDA162TM] CUADRO JACKET 2.0 DAMA (M, AZUL POLO);JAPDA162TM;DAMA;Azul Polo;M;CERRO VERDE;1
2026;ABRIL;CUADRO JACKET 2.0 CAB;[JAPCA66T2XL] CUADRO JACKET 2.0 CAB (2XL, VERDE MILITAR);JAPCA66T2XL;CAB;Verde Militar;2XL;GRIETA;1
2026;ABRIL;CUADRO JACKET 2.0 CAB;[JAPCA66T2XL] CUADRO JACKET 2.0 CAB (2XL, VERDE MILITAR);JAPCA66T2XL;CAB;Verde Militar;2XL;GRIETA;-1
2026;ABRIL;CUADRO JACKET 2.0 DAMA;[JAPDA43TS] CUADRO JACKET 2.0 DAMA (S, NEGRO);JAPDA43TS;DAMA;Negro;S;CERRO VERDE;1
2026;ABRIL;CUADRO JACKET 2.0 CAB;[JAPCA43TL] CUADRO JACKET 2.0 CAB (L, NEGRO);JAPCA43TL;CAB;Negro;L;CERRO VERDE;1
2026;ABRIL;CUADRO JACKET 2.0 DAMA;[JAPDA66TS] CUADRO JACKET 2.0 DAMA (S, VERDE MILITAR);JAPDA66TS;DAMA;Verde Militar;S;CERRO VERDE;1
2026;ABRIL;CUADRO JACKET 2.0 KIDS;[JAPKI43T10] CUADRO JACKET 2.0 KIDS (10, NEGRO);JAPKI43T10;KIDS;Negro;10;GRAND PLAZ;1
2026;ABRIL;CUADRO JACKET 2.0 CAB;[JAPCA66TM] CUADRO JACKET 2.0 CAB (M, VERDE MILITAR);JAPCA66TM;CAB;Verde Militar;M;GRAND PLAZ;1
2026;ABRIL;CUADRO JACKET 2.0 DAMA;[JAPDA01TS] CUADRO JACKET 2.0 DAMA (S, AGUAMARINA);JAPDA01TS;DAMA;Aguamarina;S;CERRO VERDE;1
2026;ABRIL;CUADRO JACKET 2.0 CAB;[JAPCA162TL] CUADRO JACKET 2.0 CAB (L, AZUL POLO);JAPCA162TL;CAB;Azul Polo;L;CERRO VERDE;1
2026;ABRIL;CUADRO JACKET 2.0 DAMA;[JAPDA35TXL] CUADRO JACKET 2.0 DAMA (XL, MAGENTA);JAPDA35TXL;DAMA;Magenta;XL;GRIETA;1
2026;ABRIL;CUADRO JACKET 2.0 DAMA;[JAPDA43TM] CUADRO JACKET 2.0 DAMA (M, NEGRO);JAPDA43TM;DAMA;Negro;M;SAMBIL CHACAO;1
2026;ABRIL;CUADRO JACKET 2.0 DAMA;[JAPDA35TM] CUADRO JACKET 2.0 DAMA (M, MAGENTA);JAPDA35TM;DAMA;Magenta;M;SAMBIL VALENCIA;1
2026;ABRIL;CUADRO JACKET 2.0 DAMA;[JAPDA43TXS] CUADRO JACKET 2.0 DAMA (XS, NEGRO);JAPDA43TXS;DAMA;Negro;XS;CERRO VERDE;1
2026;ABRIL;CUADRO JACKET 2.0 DAMA;[JAPDA43TS] CUADRO JACKET 2.0 DAMA (S, NEGRO);JAPDA43TS;DAMA;Negro;S;CERRO VERDE;1
2026;ABRIL;CUADRO JACKET 2.0 DAMA;[JAPDA16TM] CUADRO JACKET 2.0 DAMA (M, BLANCO);JAPDA16TM;DAMA;Blanco;M;GRIETA;1
2026;ABRIL;CUADRO JACKET 2.0 CAB;[JAPCA66T2XL] CUADRO JACKET 2.0 CAB (2XL, VERDE MILITAR);JAPCA66T2XL;CAB;Verde Militar;2XL;SAMBIL VALENCIA;1
2026;ABRIL;CUADRO JACKET 2.0 KIDS;[JAPKI162T12] CUADRO JACKET 2.0 KIDS (12, AZUL POLO);JAPKI162T12;KIDS;Azul Polo;12;SAMBIL VALENCIA;1
2026;ABRIL;CUADRO JACKET 2.0 KIDS;[JAPKI01T4] CUADRO JACKET 2.0 KIDS (4, AGUAMARINA);JAPKI01T4;KIDS;Aguamarina;4;SAMBIL VALENCIA;1
2026;ABRIL;CUADRO JACKET 2.0 KIDS;[JAPKI01T6] CUADRO JACKET 2.0 KIDS (6, AGUAMARINA);JAPKI01T6;KIDS;Aguamarina;6;GRIETA;1
2026;ABRIL;CUADRO JACKET 2.0 KIDS;[JAPKI01T8] CUADRO JACKET 2.0 KIDS (8, AGUAMARINA);JAPKI01T8;KIDS;Aguamarina;8;GRIETA;1
2026;ABRIL;CUADRO JACKET 2.0 DAMA;[JAPDA01TXL] CUADRO JACKET 2.0 DAMA (XL, AGUAMARINA);JAPDA01TXL;DAMA;Aguamarina;XL;GRIETA;1
2026;ABRIL;CUADRO JACKET 2.0 DAMA;[JAPDA43TL] CUADRO JACKET 2.0 DAMA (L, NEGRO);JAPDA43TL;DAMA;Negro;L;SAMBIL VALENCIA;1
2026;ABRIL;CUADRO JACKET 2.0 CAB;[JAPCA43TL] CUADRO JACKET 2.0 CAB (L, NEGRO);JAPCA43TL;CAB;Negro;L;SAMBIL VALENCIA;1
2026;ABRIL;CUADRO JACKET 2.0 CAB;[JAPCA16TS] CUADRO JACKET 2.0 CAB (S, BLANCO);JAPCA16TS;CAB;Blanco;S;SAMBIL VALENCIA;1
2026;ABRIL;CUADRO JACKET 2.0 DAMA;[JAPDA162TL] CUADRO JACKET 2.0 DAMA (L, AZUL POLO);JAPDA162TL;DAMA;Azul Polo;L;CERRO VERDE;1
2026;ABRIL;CUADRO JACKET 2.0 CAB;[JAPCA66TM] CUADRO JACKET 2.0 CAB (M, VERDE MILITAR);JAPCA66TM;CAB;Verde Militar;M;CERRO VERDE;1
2026;ABRIL;CUADRO JACKET 2.0 DAMA;[JAPDA43TM] CUADRO JACKET 2.0 DAMA (M, NEGRO);JAPDA43TM;DAMA;Negro;M;SAMBIL CHACAO;1
2026;ABRIL;CUADRO JACKET 2.0 CAB;[JAPCA43TL] CUADRO JACKET 2.0 CAB (L, NEGRO);JAPCA43TL;CAB;Negro;L;SAMBIL CHACAO;1
2026;ABRIL;CUADRO JACKET 2.0 KIDS;[JAPKI43T12] CUADRO JACKET 2.0 KIDS (12, NEGRO);JAPKI43T12;KIDS;Negro;12;GRAND PLAZ;1
2026;ABRIL;CUADRO JACKET 2.0 CAB;[JAPCA66T2XL] CUADRO JACKET 2.0 CAB (2XL, VERDE MILITAR);JAPCA66T2XL;CAB;Verde Militar;2XL;CERRO VERDE;1
2026;ABRIL;CUADRO JACKET 2.0 CAB;[JAPCA43T2XL] CUADRO JACKET 2.0 CAB (2XL, NEGRO);JAPCA43T2XL;CAB;Negro;2XL;CERRO VERDE;1
2026;ABRIL;CUADRO JACKET 2.0 KIDS;[JAPKI162T10] CUADRO JACKET 2.0 KIDS (10, AZUL POLO);JAPKI162T10;KIDS;Azul Polo;10;GRIETA;1
2026;ABRIL;CUADRO JACKET 2.0 KIDS;[JAPKI43T8] CUADRO JACKET 2.0 KIDS (8, NEGRO);JAPKI43T8;KIDS;Negro;8;GRIETA;1
2026;ABRIL;CUADRO JACKET 2.0 CAB;[JAPCA43TM] CUADRO JACKET 2.0 CAB (M, NEGRO);JAPCA43TM;CAB;Negro;M;GRIETA;1
2026;ABRIL;CUADRO JACKET 2.0 KIDS;[JAPKI43T6] CUADRO JACKET 2.0 KIDS (6, NEGRO);JAPKI43T6;KIDS;Negro;6;GRAND PLAZ;1
2026;ABRIL;CUADRO JACKET 2.0 CAB;[JAPCA66TL] CUADRO JACKET 2.0 CAB (L, VERDE MILITAR);JAPCA66TL;CAB;Verde Militar;L;CERRO VERDE;1
2026;ABRIL;CUADRO JACKET 2.0 DAMA;[JAPDA01TS] CUADRO JACKET 2.0 DAMA (S, AGUAMARINA);JAPDA01TS;DAMA;Aguamarina;S;CERRO VERDE;1
2026;ABRIL;CUADRO JACKET 2.0 DAMA;[JAPDA43TM] CUADRO JACKET 2.0 DAMA (M, NEGRO);JAPDA43TM;DAMA;Negro;M;SAMBIL VALENCIA;1
2026;ABRIL;CUADRO JACKET 2.0 CAB;[JAPCA43TL] CUADRO JACKET 2.0 CAB (L, NEGRO);JAPCA43TL;CAB;Negro;L;SAMBIL VALENCIA;1
2026;ABRIL;CUADRO JACKET 2.0 KIDS;[JAPKI35T10] CUADRO JACKET 2.0 KIDS (10, MAGENTA);JAPKI35T10;KIDS;Magenta;10;GRIETA;1
2026;ABRIL;CUADRO JACKET 2.0 CAB;[JAPCA162TXL] CUADRO JACKET 2.0 CAB (XL, AZUL POLO);JAPCA162TXL;CAB;Azul Polo;XL;GRIETA;1
2026;ABRIL;CUADRO JACKET 2.0 DAMA;[JAPDA35TL] CUADRO JACKET 2.0 DAMA (L, MAGENTA);JAPDA35TL;DAMA;Magenta;L;SAMBIL CHACAO;1
2026;ABRIL;CUADRO JACKET 2.0 DAMA;[JAPDA43TS] CUADRO JACKET 2.0 DAMA (S, NEGRO);JAPDA43TS;DAMA;Negro;S;SAMBIL VALENCIA;1
2026;ABRIL;CUADRO JACKET 2.0 DAMA;[JAPDA43TS] CUADRO JACKET 2.0 DAMA (S, NEGRO);JAPDA43TS;DAMA;Negro;S;SAMBIL VALENCIA;-1
2026;ABRIL;CUADRO JACKET 2.0 DAMA;[JAPDA43TXS] CUADRO JACKET 2.0 DAMA (XS, NEGRO);JAPDA43TXS;DAMA;Negro;XS;SAMBIL VALENCIA;1
2026;ABRIL;CUADRO JACKET 2.0 CAB;[JAPCA43TM] CUADRO JACKET 2.0 CAB (M, NEGRO);JAPCA43TM;CAB;Negro;M;SAMBIL CHACAO;1
2026;ABRIL;CUADRO JACKET 2.0 DAMA;[JAPDA16TM] CUADRO JACKET 2.0 DAMA (M, BLANCO);JAPDA16TM;DAMA;Blanco;M;SAMBIL CHACAO;1
2026;ABRIL;CUADRO JACKET 2.0 CAB;[JAPCA16TM] CUADRO JACKET 2.0 CAB (M, BLANCO);JAPCA16TM;CAB;Blanco;M;SAMBIL CHACAO;1
2026;ABRIL;CUADRO JACKET 2.0 DAMA;[JAPDA35TM] CUADRO JACKET 2.0 DAMA (M, MAGENTA);JAPDA35TM;DAMA;Magenta;M;CERRO VERDE;2
2026;ABRIL;CUADRO JACKET 2.0 CAB;[JAPCA43T2XL] CUADRO JACKET 2.0 CAB (2XL, NEGRO);JAPCA43T2XL;CAB;Negro;2XL;GRIETA;1
2026;ABRIL;CUADRO JACKET 2.0 CAB;[JAPCA43TM] CUADRO JACKET 2.0 CAB (M, NEGRO);JAPCA43TM;CAB;Negro;M;SAMBIL VALENCIA;1
2026;ABRIL;CUADRO JACKET 2.0 DAMA;[JAPDA16TS] CUADRO JACKET 2.0 DAMA (S, BLANCO);JAPDA16TS;DAMA;Blanco;S;GRAND PLAZ;1
2026;ABRIL;CUADRO JACKET 2.0 CAB;[JAPCA43TL] CUADRO JACKET 2.0 CAB (L, NEGRO);JAPCA43TL;CAB;Negro;L;WEB;1
2026;ABRIL;CUADRO JACKET 2.0 DAMA;[JAPDA43TM] CUADRO JACKET 2.0 DAMA (M, NEGRO);JAPDA43TM;DAMA;Negro;M;SAMBIL VALENCIA;1
2026;ABRIL;CUADRO JACKET 2.0 CAB;[JAPCA162TL] CUADRO JACKET 2.0 CAB (L, AZUL POLO);JAPCA162TL;CAB;Azul Polo;L;GRIETA;1
2026;ABRIL;CUADRO JACKET 2.0 KIDS;[JAPKI01T12] CUADRO JACKET 2.0 KIDS (12, AGUAMARINA);JAPKI01T12;KIDS;Aguamarina;12;CERRO VERDE;1
2026;ABRIL;CUADRO JACKET 2.0 DAMA;[JAPDA35TS] CUADRO JACKET 2.0 DAMA (S, MAGENTA);JAPDA35TS;DAMA;Magenta;S;SAMBIL VALENCIA;1
2026;ABRIL;CUADRO JACKET 2.0 CAB;[JAPCA43TS] CUADRO JACKET 2.0 CAB (S, NEGRO);JAPCA43TS;CAB;Negro;S;CERRO VERDE;1
2026;ABRIL;CUADRO JACKET 2.0 CAB;[JAPCA43TM] CUADRO JACKET 2.0 CAB (M, NEGRO);JAPCA43TM;CAB;Negro;M;SAMBIL CHACAO;1
2026;ABRIL;CUADRO JACKET 2.0 DAMA;[JAPDA43TS] CUADRO JACKET 2.0 DAMA (S, NEGRO);JAPDA43TS;DAMA;Negro;S;SAMBIL CHACAO;1
2026;ABRIL;CUADRO JACKET 2.0 KIDS;[JAPKI43T12] CUADRO JACKET 2.0 KIDS (12, NEGRO);JAPKI43T12;KIDS;Negro;12;SAMBIL VALENCIA;1
2026;ABRIL;CUADRO JACKET 2.0 KIDS;[JAPKI162T8] CUADRO JACKET 2.0 KIDS (8, AZUL POLO);JAPKI162T8;KIDS;Azul Polo;8;SAMBIL VALENCIA;1
2026;ABRIL;CUADRO JACKET 2.0 DAMA;[JAPDA16TM] CUADRO JACKET 2.0 DAMA (M, BLANCO);JAPDA16TM;DAMA;Blanco;M;GRIETA;1
2026;ABRIL;CUADRO JACKET 2.0 CAB;[JAPCA43TL] CUADRO JACKET 2.0 CAB (L, NEGRO);JAPCA43TL;CAB;Negro;L;WEB;1
2026;ABRIL;CUADRO JACKET 2.0 CAB;[JAPCA162TL] CUADRO JACKET 2.0 CAB (L, AZUL POLO);JAPCA162TL;CAB;Azul Polo;L;GRIETA;1
2026;ABRIL;CUADRO JACKET 2.0 DAMA;[JAPDA16TS] CUADRO JACKET 2.0 DAMA (S, BLANCO);JAPDA16TS;DAMA;Blanco;S;CERRO VERDE;1
2026;ABRIL;CUADRO JACKET 2.0 CAB;[JAPCA16TL] CUADRO JACKET 2.0 CAB (L, BLANCO);JAPCA16TL;CAB;Blanco;L;CERRO VERDE;1
2026;ABRIL;CUADRO JACKET 2.0 DAMA;[JAPDA162TL] CUADRO JACKET 2.0 DAMA (L, AZUL POLO);JAPDA162TL;DAMA;Azul Polo;L;SAMBIL VALENCIA;1
2026;ABRIL;CUADRO JACKET 2.0 CAB;[JAPCA16TL] CUADRO JACKET 2.0 CAB (L, BLANCO);JAPCA16TL;CAB;Blanco;L;GRIETA;1
2026;ABRIL;CUADRO JACKET 2.0 CAB;[JAPCA16TM] CUADRO JACKET 2.0 CAB (M, BLANCO);JAPCA16TM;CAB;Blanco;M;GRIETA;1
2026;ABRIL;CUADRO JACKET 2.0 DAMA;[JAPDA16TL] CUADRO JACKET 2.0 DAMA (L, BLANCO);JAPDA16TL;DAMA;Blanco;L;GRIETA;1
2026;ABRIL;CUADRO JACKET 2.0 CAB;[JAPCA66TM] CUADRO JACKET 2.0 CAB (M, VERDE MILITAR);JAPCA66TM;CAB;Verde Militar;M;GRIETA;1
2026;ABRIL;CUADRO JACKET 2.0 DAMA;[JAPDA16TM] CUADRO JACKET 2.0 DAMA (M, BLANCO);JAPDA16TM;DAMA;Blanco;M;SAMBIL VALENCIA;1
2026;ABRIL;CUADRO JACKET 2.0 CAB;[JAPCA43TXL] CUADRO JACKET 2.0 CAB (XL, NEGRO);JAPCA43TXL;CAB;Negro;XL;CERRO VERDE;1
2026;ABRIL;CUADRO JACKET 2.0 DAMA;[JAPDA16TXS] CUADRO JACKET 2.0 DAMA (XS, BLANCO);JAPDA16TXS;DAMA;Blanco;XS;SAMBIL VALENCIA;1
2026;ABRIL;CUADRO JACKET 2.0 DAMA;[JAPDA01TS] CUADRO JACKET 2.0 DAMA (S, AGUAMARINA);JAPDA01TS;DAMA;Aguamarina;S;SAMBIL CHACAO;1
2026;ABRIL;CUADRO JACKET 2.0 DAMA;[JAPDA16TM] CUADRO JACKET 2.0 DAMA (M, BLANCO);JAPDA16TM;DAMA;Blanco;M;SAMBIL VALENCIA;1
2026;ABRIL;CUADRO JACKET 2.0 DAMA;[JAPDA16TS] CUADRO JACKET 2.0 DAMA (S, BLANCO);JAPDA16TS;DAMA;Blanco;S;GRIETA;1
2026;ABRIL;CUADRO JACKET 2.0 DAMA;[JAPDA35TL] CUADRO JACKET 2.0 DAMA (L, MAGENTA);JAPDA35TL;DAMA;Magenta;L;GRIETA;1
2026;ABRIL;CUADRO JACKET 2.0 DAMA;[JAPDA01TM] CUADRO JACKET 2.0 DAMA (M, AGUAMARINA);JAPDA01TM;DAMA;Aguamarina;M;SAMBIL CHACAO;1
2026;ABRIL;CUADRO JACKET 2.0 CAB;[JAPCA43TXL] CUADRO JACKET 2.0 CAB (XL, NEGRO);JAPCA43TXL;CAB;Negro;XL;SAMBIL VALENCIA;1
2026;ABRIL;CUADRO JACKET 2.0 CAB;[JAPCA66TL] CUADRO JACKET 2.0 CAB (L, VERDE MILITAR);JAPCA66TL;CAB;Verde Militar;L;SAMBIL VALENCIA;1
2026;ABRIL;CUADRO JACKET 2.0 KIDS;[JAPKI35T6] CUADRO JACKET 2.0 KIDS (6, MAGENTA);JAPKI35T6;KIDS;Magenta;6;SAMBIL CHACAO;1
2026;ABRIL;CUADRO JACKET 2.0 DAMA;[JAPDA16TS] CUADRO JACKET 2.0 DAMA (S, BLANCO);JAPDA16TS;DAMA;Blanco;S;SAMBIL CHACAO;1
2026;ABRIL;CUADRO JACKET 2.0 DAMA;[JAPDA35TL] CUADRO JACKET 2.0 DAMA (L, MAGENTA);JAPDA35TL;DAMA;Magenta;L;CERRO VERDE;1
2026;ABRIL;CUADRO JACKET 2.0 DAMA;[JAPDA43TS] CUADRO JACKET 2.0 DAMA (S, NEGRO);JAPDA43TS;DAMA;Negro;S;SAMBIL VALENCIA;1
2026;ABRIL;CUADRO JACKET 2.0 KIDS;[JAPKI162T12] CUADRO JACKET 2.0 KIDS (12, AZUL POLO);JAPKI162T12;KIDS;Azul Polo;12;GRIETA;1
2026;ABRIL;CUADRO JACKET 2.0 DAMA;[JAPDA35TL] CUADRO JACKET 2.0 DAMA (L, MAGENTA);JAPDA35TL;DAMA;Magenta;L;SAMBIL VALENCIA;1
2026;ABRIL;CUADRO JACKET 2.0 DAMA;[JAPDA16TM] CUADRO JACKET 2.0 DAMA (M, BLANCO);JAPDA16TM;DAMA;Blanco;M;SAMBIL VALENCIA;1
2026;ABRIL;CUADRO JACKET 2.0 DAMA;[JAPDA43TS] CUADRO JACKET 2.0 DAMA (S, NEGRO);JAPDA43TS;DAMA;Negro;S;SAMBIL VALENCIA;1
2026;ABRIL;CUADRO JACKET 2.0 CAB;[JAPCA66T2XL] CUADRO JACKET 2.0 CAB (2XL, VERDE MILITAR);JAPCA66T2XL;CAB;Verde Militar;2XL;SAMBIL VALENCIA;1
2026;ABRIL;CUADRO JACKET 2.0 DAMA;[JAPDA35TS] CUADRO JACKET 2.0 DAMA (S, MAGENTA);JAPDA35TS;DAMA;Magenta;S;CERRO VERDE;1
2026;ABRIL;CUADRO JACKET 2.0 DAMA;[JAPDA66TM] CUADRO JACKET 2.0 DAMA (M, VERDE MILITAR);JAPDA66TM;DAMA;Verde Militar;M;CERRO VERDE;1
2026;ABRIL;CUADRO JACKET 2.0 DAMA;[JAPDA16TL] CUADRO JACKET 2.0 DAMA (L, BLANCO);JAPDA16TL;DAMA;Blanco;L;GRAND PLAZ;1
2026;ABRIL;CUADRO JACKET 2.0 CAB;[JAPCA66TM] CUADRO JACKET 2.0 CAB (M, VERDE MILITAR);JAPCA66TM;CAB;Verde Militar;M;GRAND PLAZ;1
2026;ABRIL;CUADRO JACKET 2.0 KIDS;[JAPKI162T12] CUADRO JACKET 2.0 KIDS (12, AZUL POLO);JAPKI162T12;KIDS;Azul Polo;12;GRIETA;1
2026;ABRIL;CUADRO JACKET 2.0 DAMA;[JAPDA162TM] CUADRO JACKET 2.0 DAMA (M, AZUL POLO);JAPDA162TM;DAMA;Azul Polo;M;GRIETA;1
2026;ABRIL;CUADRO JACKET 2.0 CAB;[JAPCA66TL] CUADRO JACKET 2.0 CAB (L, VERDE MILITAR);JAPCA66TL;CAB;Verde Militar;L;GRIETA;1
2026;ABRIL;CUADRO JACKET 2.0 CAB;[JAPCA43TXL] CUADRO JACKET 2.0 CAB (XL, NEGRO);JAPCA43TXL;CAB;Negro;XL;GRIETA;1
2026;ABRIL;CUADRO JACKET 2.0 DAMA;[JAPDA16TL] CUADRO JACKET 2.0 DAMA (L, BLANCO);JAPDA16TL;DAMA;Blanco;L;SAMBIL VALENCIA;1
2026;ABRIL;CUADRO JACKET 2.0 CAB;[JAPCA162TM] CUADRO JACKET 2.0 CAB (M, AZUL POLO);JAPCA162TM;CAB;Azul Polo;M;CERRO VERDE;1
2026;ABRIL;CUADRO JACKET 2.0 DAMA;[JAPDA16TS] CUADRO JACKET 2.0 DAMA (S, BLANCO);JAPDA16TS;DAMA;Blanco;S;GRIETA;1
2026;ABRIL;CUADRO JACKET 2.0 KIDS;[JAPKI35T6] CUADRO JACKET 2.0 KIDS (6, MAGENTA);JAPKI35T6;KIDS;Magenta;6;SAMBIL CHACAO;1
2026;ABRIL;CUADRO JACKET 2.0 DAMA;[JAPDA01TM] CUADRO JACKET 2.0 DAMA (M, AGUAMARINA);JAPDA01TM;DAMA;Aguamarina;M;SAMBIL CHACAO;1
2026;ABRIL;CUADRO JACKET 2.0 CAB;[JAPCA66TL] CUADRO JACKET 2.0 CAB (L, VERDE MILITAR);JAPCA66TL;CAB;Verde Militar;L;SAMBIL CHACAO;1
2026;ABRIL;CUADRO JACKET 2.0 CAB;[JAPCA16TL] CUADRO JACKET 2.0 CAB (L, BLANCO);JAPCA16TL;CAB;Blanco;L;SAMBIL CHACAO;1
2026;ABRIL;CUADRO JACKET 2.0 KIDS;[JAPKI162T2] CUADRO JACKET 2.0 KIDS (2, AZUL POLO);JAPKI162T2;KIDS;Azul Polo;2;CERRO VERDE;1
2026;ABRIL;CUADRO JACKET 2.0 DAMA;[JAPDA43TM] CUADRO JACKET 2.0 DAMA (M, NEGRO);JAPDA43TM;DAMA;Negro;M;SAMBIL VALENCIA;1
2026;ABRIL;CUADRO JACKET 2.0 CAB;[JAPCA162T2XL] CUADRO JACKET 2.0 CAB (2XL, AZUL POLO);JAPCA162T2XL;CAB;Azul Polo;2XL;SAMBIL VALENCIA;1
2026;ABRIL;CUADRO JACKET 2.0 DAMA;[JAPDA162TM] CUADRO JACKET 2.0 DAMA (M, AZUL POLO);JAPDA162TM;DAMA;Azul Polo;M;SAMBIL VALENCIA;1
2026;ABRIL;CUADRO JACKET 2.0 CAB;[JAPCA66TM] CUADRO JACKET 2.0 CAB (M, VERDE MILITAR);JAPCA66TM;CAB;Verde Militar;M;CERRO VERDE;1
2026;ABRIL;CUADRO JACKET 2.0 CAB;[JAPCA16TS] CUADRO JACKET 2.0 CAB (S, BLANCO);JAPCA16TS;CAB;Blanco;S;GRIETA;1
2026;ABRIL;CUADRO JACKET 2.0 CAB;[JAPCA66TL] CUADRO JACKET 2.0 CAB (L, VERDE MILITAR);JAPCA66TL;CAB;Verde Militar;L;SAMBIL VALENCIA;1
2026;ABRIL;CUADRO JACKET 2.0 DAMA;[JAPDA162TXL] CUADRO JACKET 2.0 DAMA (XL, AZUL POLO);JAPDA162TXL;DAMA;Azul Polo;XL;SAMBIL VALENCIA;1
2026;ABRIL;CUADRO JACKET 2.0 DAMA;[JAPDA43TXL] CUADRO JACKET 2.0 DAMA (XL, NEGRO);JAPDA43TXL;DAMA;Negro;XL;SAMBIL VALENCIA;1
2026;ABRIL;CUADRO JACKET 2.0 CAB;[JAPCA162T2XL] CUADRO JACKET 2.0 CAB (2XL, AZUL POLO);JAPCA162T2XL;CAB;Azul Polo;2XL;SAMBIL VALENCIA;1
2026;ABRIL;CUADRO JACKET 2.0 DAMA;[JAPDA01TM] CUADRO JACKET 2.0 DAMA (M, AGUAMARINA);JAPDA01TM;DAMA;Aguamarina;M;SAMBIL CHACAO;-1
2026;ABRIL;CUADRO JACKET 2.0 DAMA;[JAPDA01TS] CUADRO JACKET 2.0 DAMA (S, AGUAMARINA);JAPDA01TS;DAMA;Aguamarina;S;SAMBIL CHACAO;1
2026;ABRIL;CUADRO JACKET 2.0 KIDS;[JAPKI43T12] CUADRO JACKET 2.0 KIDS (12, NEGRO);JAPKI43T12;KIDS;Negro;12;CERRO VERDE;1
2026;ABRIL;CUADRO JACKET 2.0 DAMA;[JAPDA162TXS] CUADRO JACKET 2.0 DAMA (XS, AZUL POLO);JAPDA162TXS;DAMA;Azul Polo;XS;SAMBIL CHACAO;1
2026;ABRIL;CUADRO JACKET 2.0 CAB;[JAPCA162TL] CUADRO JACKET 2.0 CAB (L, AZUL POLO);JAPCA162TL;CAB;Azul Polo;L;SAMBIL CHACAO;1
2026;ABRIL;CUADRO JACKET 2.0 DAMA;[JAPDA16TM] CUADRO JACKET 2.0 DAMA (M, BLANCO);JAPDA16TM;DAMA;Blanco;M;SAMBIL VALENCIA;1
2026;ABRIL;CUADRO JACKET 2.0 KIDS;[JAPKI01T12] CUADRO JACKET 2.0 KIDS (12, AGUAMARINA);JAPKI01T12;KIDS;Aguamarina;12;CERRO VERDE;-1
2026;ABRIL;CUADRO JACKET 2.0 CAB;[JAPCA43TM] CUADRO JACKET 2.0 CAB (M, NEGRO);JAPCA43TM;CAB;Negro;M;SAMBIL VALENCIA;1
2026;ABRIL;CUADRO JACKET 2.0 DAMA;[JAPDA162TS] CUADRO JACKET 2.0 DAMA (S, AZUL POLO);JAPDA162TS;DAMA;Azul Polo;S;CERRO VERDE;1
2026;ABRIL;CUADRO JACKET 2.0 KIDS;[JAPKI43T6] CUADRO JACKET 2.0 KIDS (6, NEGRO);JAPKI43T6;KIDS;Negro;6;SAMBIL VALENCIA;1
2026;ABRIL;CUADRO JACKET 2.0 KIDS;[JAPKI35T12] CUADRO JACKET 2.0 KIDS (12, MAGENTA);JAPKI35T12;KIDS;Magenta;12;SAMBIL CHACAO;1
2026;ABRIL;CUADRO JACKET 2.0 CAB;[JAPCA162TL] CUADRO JACKET 2.0 CAB (L, AZUL POLO);JAPCA162TL;CAB;Azul Polo;L;CERRO VERDE;1
2026;ABRIL;CUADRO JACKET 2.0 KIDS;[JAPKI35T12] CUADRO JACKET 2.0 KIDS (12, MAGENTA);JAPKI35T12;KIDS;Magenta;12;SAMBIL CHACAO;-1
2026;ABRIL;CUADRO JACKET 2.0 DAMA;[JAPDA16TM] CUADRO JACKET 2.0 DAMA (M, BLANCO);JAPDA16TM;DAMA;Blanco;M;GRIETA;1
2026;ABRIL;CUADRO JACKET 2.0 CAB;[JAPCA66T2XL] CUADRO JACKET 2.0 CAB (2XL, VERDE MILITAR);JAPCA66T2XL;CAB;Verde Militar;2XL;SAMBIL CHACAO;1
2026;ABRIL;CUADRO JACKET 2.0 CAB;[JAPCA43T2XL] CUADRO JACKET 2.0 CAB (2XL, NEGRO);JAPCA43T2XL;CAB;Negro;2XL;SAMBIL CHACAO;1
2026;ABRIL;CUADRO JACKET 2.0 CAB;[JAPCA66TM] CUADRO JACKET 2.0 CAB (M, VERDE MILITAR);JAPCA66TM;CAB;Verde Militar;M;SAMBIL CHACAO;1
2026;ABRIL;CUADRO JACKET 2.0 CAB;[JAPCA43TM] CUADRO JACKET 2.0 CAB (M, NEGRO);JAPCA43TM;CAB;Negro;M;SAMBIL CHACAO;1
2026;ABRIL;CUADRO JACKET 2.0 CAB;[JAPCA162T2XL] CUADRO JACKET 2.0 CAB (2XL, AZUL POLO);JAPCA162T2XL;CAB;Azul Polo;2XL;GRIETA;1
2026;ABRIL;CUADRO JACKET 2.0 DAMA;[JAPDA35TS] CUADRO JACKET 2.0 DAMA (S, MAGENTA);JAPDA35TS;DAMA;Magenta;S;SAMBIL VALENCIA;1
2026;ABRIL;CUADRO JACKET 2.0 DAMA;[JAPDA43TXL] CUADRO JACKET 2.0 DAMA (XL, NEGRO);JAPDA43TXL;DAMA;Negro;XL;CERRO VERDE;1
2026;ABRIL;CUADRO JACKET 2.0 CAB;[JAPCA43TS] CUADRO JACKET 2.0 CAB (S, NEGRO);JAPCA43TS;CAB;Negro;S;CERRO VERDE;1
2026;ABRIL;CUADRO JACKET 2.0 DAMA;[JAPDA01TXS] CUADRO JACKET 2.0 DAMA (XS, AGUAMARINA);JAPDA01TXS;DAMA;Aguamarina;XS;SAMBIL VALENCIA;1
2026;ABRIL;CUADRO JACKET 2.0 KIDS;[JAPKI01T10] CUADRO JACKET 2.0 KIDS (10, AGUAMARINA);JAPKI01T10;KIDS;Aguamarina;10;SAMBIL VALENCIA;1
2026;ABRIL;CUADRO JACKET 2.0 DAMA;[JAPDA162TS] CUADRO JACKET 2.0 DAMA (S, AZUL POLO);JAPDA162TS;DAMA;Azul Polo;S;GRIETA;1
2026;ABRIL;CUADRO JACKET 2.0 CAB;[JAPCA162TXL] CUADRO JACKET 2.0 CAB (XL, AZUL POLO);JAPCA162TXL;CAB;Azul Polo;XL;GRIETA;1
2026;ABRIL;CUADRO JACKET 2.0 CAB;[JAPCA66TM] CUADRO JACKET 2.0 CAB (M, VERDE MILITAR);JAPCA66TM;CAB;Verde Militar;M;CERRO VERDE;1
2026;ABRIL;CUADRO JACKET 2.0 CAB;[JAPCA43TL] CUADRO JACKET 2.0 CAB (L, NEGRO);JAPCA43TL;CAB;Negro;L;SAMBIL CHACAO;1
2026;ABRIL;CUADRO JACKET 2.0 CAB;[JAPCA162TL] CUADRO JACKET 2.0 CAB (L, AZUL POLO);JAPCA162TL;CAB;Azul Polo;L;SAMBIL CHACAO;1
2026;ABRIL;CUADRO JACKET 2.0 KIDS;[JAPKI43T8] CUADRO JACKET 2.0 KIDS (8, NEGRO);JAPKI43T8;KIDS;Negro;8;CERRO VERDE;1
2026;ABRIL;CUADRO JACKET 2.0 DAMA;[JAPDA16TXS] CUADRO JACKET 2.0 DAMA (XS, BLANCO);JAPDA16TXS;DAMA;Blanco;XS;CERRO VERDE;1
2026;ABRIL;CUADRO JACKET 2.0 DAMA;[JAPDA16TXS] CUADRO JACKET 2.0 DAMA (XS, BLANCO);JAPDA16TXS;DAMA;Blanco;XS;SAMBIL VALENCIA;1
2026;ABRIL;CUADRO JACKET 2.0 CAB;[JAPCA43T2XL] CUADRO JACKET 2.0 CAB (2XL, NEGRO);JAPCA43T2XL;CAB;Negro;2XL;CERRO VERDE;1
2026;ABRIL;CUADRO JACKET 2.0 CAB;[JAPCA43TL] CUADRO JACKET 2.0 CAB (L, NEGRO);JAPCA43TL;CAB;Negro;L;CERRO VERDE;1
2026;ABRIL;CUADRO JACKET 2.0 DAMA;[JAPDA01TM] CUADRO JACKET 2.0 DAMA (M, AGUAMARINA);JAPDA01TM;DAMA;Aguamarina;M;WEB;1
2026;ABRIL;CUADRO JACKET 2.0 CAB;[JAPCA162TL] CUADRO JACKET 2.0 CAB (L, AZUL POLO);JAPCA162TL;CAB;Azul Polo;L;WEB;1
2026;ABRIL;CUADRO JACKET 2.0 DAMA;[JAPDA43TXS] CUADRO JACKET 2.0 DAMA (XS, NEGRO);JAPDA43TXS;DAMA;Negro;XS;GRIETA;1
2026;ABRIL;CUADRO JACKET 2.0 CAB;[JAPCA43TS] CUADRO JACKET 2.0 CAB (S, NEGRO);JAPCA43TS;CAB;Negro;S;SAMBIL VALENCIA;1
2026;ABRIL;CUADRO JACKET 2.0 CAB;[JAPCA162TS] CUADRO JACKET 2.0 CAB (S, AZUL POLO);JAPCA162TS;CAB;Azul Polo;S;GRIETA;1
2026;ABRIL;CUADRO JACKET 2.0 CAB;[JAPCA16TS] CUADRO JACKET 2.0 CAB (S, BLANCO);JAPCA16TS;CAB;Blanco;S;GRIETA;1
2026;ABRIL;CUADRO JACKET 2.0 DAMA;[JAPDA16TXS] CUADRO JACKET 2.0 DAMA (XS, BLANCO);JAPDA16TXS;DAMA;Blanco;XS;GRIETA;1
2026;ABRIL;CUADRO JACKET 2.0 DAMA;[JAPDA162TXS] CUADRO JACKET 2.0 DAMA (XS, AZUL POLO);JAPDA162TXS;DAMA;Azul Polo;XS;GRIETA;1
2026;ABRIL;CUADRO JACKET 2.0 CAB;[JAPCA66TXL] CUADRO JACKET 2.0 CAB (XL, VERDE MILITAR);JAPCA66TXL;CAB;Verde Militar;XL;GRIETA;1
2026;ABRIL;CUADRO JACKET 2.0 CAB;[JAPCA43TM] CUADRO JACKET 2.0 CAB (M, NEGRO);JAPCA43TM;CAB;Negro;M;SAMBIL VALENCIA;1
2026;ABRIL;CUADRO JACKET 2.0 DAMA;[JAPDA01TS] CUADRO JACKET 2.0 DAMA (S, AGUAMARINA);JAPDA01TS;DAMA;Aguamarina;S;GRIETA;1
2026;ABRIL;CUADRO JACKET 2.0 DAMA;[JAPDA16TS] CUADRO JACKET 2.0 DAMA (S, BLANCO);JAPDA16TS;DAMA;Blanco;S;GRIETA;1
2026;ABRIL;CUADRO JACKET 2.0 DAMA;[JAPDA35TS] CUADRO JACKET 2.0 DAMA (S, MAGENTA);JAPDA35TS;DAMA;Magenta;S;GRIETA;1
2026;ABRIL;CUADRO JACKET 2.0 CAB;[JAPCA66TS] CUADRO JACKET 2.0 CAB (S, VERDE MILITAR);JAPCA66TS;CAB;Verde Militar;S;GRIETA;1
2026;ABRIL;CUADRO JACKET 2.0 CAB;[JAPCA66TS] CUADRO JACKET 2.0 CAB (S, VERDE MILITAR);JAPCA66TS;CAB;Verde Militar;S;GRIETA;2
2026;ABRIL;CUADRO JACKET 2.0 CAB;[JAPCA66TXL] CUADRO JACKET 2.0 CAB (XL, VERDE MILITAR);JAPCA66TXL;CAB;Verde Militar;XL;GRIETA;5
2026;ABRIL;CUADRO JACKET 2.0 CAB;[JAPCA66TL] CUADRO JACKET 2.0 CAB (L, VERDE MILITAR);JAPCA66TL;CAB;Verde Militar;L;GRIETA;3
2026;ABRIL;CUADRO JACKET 2.0 CAB;[JAPCA66TM] CUADRO JACKET 2.0 CAB (M, VERDE MILITAR);JAPCA66TM;CAB;Verde Militar;M;GRIETA;3
2026;ABRIL;CUADRO JACKET 2.0 CAB;[JAPCA66T2XL] CUADRO JACKET 2.0 CAB (2XL, VERDE MILITAR);JAPCA66T2XL;CAB;Verde Militar;2XL;GRIETA;2
2026;ABRIL;CUADRO JACKET 2.0 CAB;[JAPCA162TM] CUADRO JACKET 2.0 CAB (M, AZUL POLO);JAPCA162TM;CAB;Azul Polo;M;GRIETA;1
2026;ABRIL;CUADRO JACKET 2.0 DAMA;[JAPDA43TM] CUADRO JACKET 2.0 DAMA (M, NEGRO);JAPDA43TM;DAMA;Negro;M;SAMBIL CHACAO;1
2026;ABRIL;CUADRO JACKET 2.0 CAB;[JAPCA162TL] CUADRO JACKET 2.0 CAB (L, AZUL POLO);JAPCA162TL;CAB;Azul Polo;L;CERRO VERDE;1
2026;ABRIL;CUADRO JACKET 2.0 DAMA;[JAPDA16TL] CUADRO JACKET 2.0 DAMA (L, BLANCO);JAPDA16TL;DAMA;Blanco;L;GRIETA;1
2026;ABRIL;CUADRO JACKET 2.0 DAMA;[JAPDA66TL] CUADRO JACKET 2.0 DAMA (L, VERDE MILITAR);JAPDA66TL;DAMA;Verde Militar;L;SAMBIL CHACAO;1
2026;ABRIL;CUADRO JACKET 2.0 KIDS;[JAPKI162T8] CUADRO JACKET 2.0 KIDS (8, AZUL POLO);JAPKI162T8;KIDS;Azul Polo;8;SAMBIL VALENCIA;1
2026;ABRIL;CUADRO JACKET 2.0 DAMA;[JAPDA16TS] CUADRO JACKET 2.0 DAMA (S, BLANCO);JAPDA16TS;DAMA;Blanco;S;GRIETA;1
2026;ABRIL;CUADRO JACKET 2.0 CAB;[JAPCA162TL] CUADRO JACKET 2.0 CAB (L, AZUL POLO);JAPCA162TL;CAB;Azul Polo;L;CERRO VERDE;1
2026;ABRIL;CUADRO JACKET 2.0 CAB;[JAPCA66TXL] CUADRO JACKET 2.0 CAB (XL, VERDE MILITAR);JAPCA66TXL;CAB;Verde Militar;XL;GRAND PLAZ;1
2026;ABRIL;CUADRO JACKET 2.0 CAB;[JAPCA162TS] CUADRO JACKET 2.0 CAB (S, AZUL POLO);JAPCA162TS;CAB;Azul Polo;S;SAMBIL VALENCIA;1
2026;ABRIL;CUADRO JACKET 2.0 CAB;[JAPCA43TS] CUADRO JACKET 2.0 CAB (S, NEGRO);JAPCA43TS;CAB;Negro;S;SAMBIL CHACAO;1
2026;ABRIL;CUADRO JACKET 2.0 CAB;[JAPCA43TL] CUADRO JACKET 2.0 CAB (L, NEGRO);JAPCA43TL;CAB;Negro;L;SAMBIL CHACAO;2
2026;ABRIL;CUADRO JACKET 2.0 CAB;[JAPCA43TXL] CUADRO JACKET 2.0 CAB (XL, NEGRO);JAPCA43TXL;CAB;Negro;XL;SAMBIL CHACAO;1
2026;ABRIL;CUADRO JACKET 2.0 CAB;[JAPCA43TM] CUADRO JACKET 2.0 CAB (M, NEGRO);JAPCA43TM;CAB;Negro;M;SAMBIL CHACAO;1
2026;ABRIL;CUADRO JACKET 2.0 CAB;[JAPCA43T2XL] CUADRO JACKET 2.0 CAB (2XL, NEGRO);JAPCA43T2XL;CAB;Negro;2XL;SAMBIL CHACAO;1
2026;ABRIL;CUADRO JACKET 2.0 DAMA;[JAPDA16TXS] CUADRO JACKET 2.0 DAMA (XS, BLANCO);JAPDA16TXS;DAMA;Blanco;XS;SAMBIL CHACAO;1
2026;ABRIL;CUADRO JACKET 2.0 DAMA;[JAPDA43TM] CUADRO JACKET 2.0 DAMA (M, NEGRO);JAPDA43TM;DAMA;Negro;M;SAMBIL CHACAO;1
2026;ABRIL;CUADRO JACKET 2.0 CAB;[JAPCA43TXL] CUADRO JACKET 2.0 CAB (XL, NEGRO);JAPCA43TXL;CAB;Negro;XL;GRIETA;2
2026;ABRIL;CUADRO JACKET 2.0 CAB;[JAPCA43T2XL] CUADRO JACKET 2.0 CAB (2XL, NEGRO);JAPCA43T2XL;CAB;Negro;2XL;SAMBIL VALENCIA;1
2026;ABRIL;CUADRO JACKET 2.0 DAMA;[JAPDA43TXS] CUADRO JACKET 2.0 DAMA (XS, NEGRO);JAPDA43TXS;DAMA;Negro;XS;SAMBIL VALENCIA;1
2026;ABRIL;CUADRO JACKET 2.0 DAMA;[JAPDA16TM] CUADRO JACKET 2.0 DAMA (M, BLANCO);JAPDA16TM;DAMA;Blanco;M;SAMBIL VALENCIA;1
2026;ABRIL;CUADRO JACKET 2.0 DAMA;[JAPDA01TS] CUADRO JACKET 2.0 DAMA (S, AGUAMARINA);JAPDA01TS;DAMA;Aguamarina;S;GRIETA;1
2026;ABRIL;CUADRO JACKET 2.0 CAB;[JAPCA43TM] CUADRO JACKET 2.0 CAB (M, NEGRO);JAPCA43TM;CAB;Negro;M;SAMBIL VALENCIA;1
2026;ABRIL;CUADRO JACKET 2.0 CAB;[JAPCA66TXL] CUADRO JACKET 2.0 CAB (XL, VERDE MILITAR);JAPCA66TXL;CAB;Verde Militar;XL;GRAND PLAZ;-1
2026;ABRIL;CUADRO JACKET 2.0 CAB;[JAPCA66TXL] CUADRO JACKET 2.0 CAB (XL, VERDE MILITAR);JAPCA66TXL;CAB;Verde Militar;XL;GRAND PLAZ;1
2026;ABRIL;CUADRO JACKET 2.0 KIDS;[JAPKI35T4] CUADRO JACKET 2.0 KIDS (4, MAGENTA);JAPKI35T4;KIDS;Magenta;4;GRIETA;1
2026;ABRIL;CUADRO JACKET 2.0 DAMA;[JAPDA35TM] CUADRO JACKET 2.0 DAMA (M, MAGENTA);JAPDA35TM;DAMA;Magenta;M;SAMBIL CHACAO;1
2026;ABRIL;CUADRO JACKET 2.0 CAB;[JAPCA43TXL] CUADRO JACKET 2.0 CAB (XL, NEGRO);JAPCA43TXL;CAB;Negro;XL;SAMBIL VALENCIA;2
2026;ABRIL;CUADRO JACKET 2.0 CAB;[JAPCA43TL] CUADRO JACKET 2.0 CAB (L, NEGRO);JAPCA43TL;CAB;Negro;L;SAMBIL VALENCIA;2
2026;ABRIL;CUADRO JACKET 2.0 CAB;[JAPCA162TS] CUADRO JACKET 2.0 CAB (S, AZUL POLO);JAPCA162TS;CAB;Azul Polo;S;SAMBIL VALENCIA;-1
2026;ABRIL;CUADRO JACKET 2.0 CAB;[JAPCA162TM] CUADRO JACKET 2.0 CAB (M, AZUL POLO);JAPCA162TM;CAB;Azul Polo;M;SAMBIL VALENCIA;1
2026;ABRIL;CUADRO JACKET 2.0 KIDS;[JAPKI43T12] CUADRO JACKET 2.0 KIDS (12, NEGRO);JAPKI43T12;KIDS;Negro;12;CERRO VERDE;1
2026;ABRIL;CUADRO JACKET 2.0 CAB;[JAPCA43TL] CUADRO JACKET 2.0 CAB (L, NEGRO);JAPCA43TL;CAB;Negro;L;GRIETA;1
2026;ABRIL;CUADRO JACKET 2.0 DAMA;[JAPDA43TM] CUADRO JACKET 2.0 DAMA (M, NEGRO);JAPDA43TM;DAMA;Negro;M;GRIETA;1
2026;ABRIL;CUADRO JACKET 2.0 DAMA;[JAPDA43TL] CUADRO JACKET 2.0 DAMA (L, NEGRO);JAPDA43TL;DAMA;Negro;L;SAMBIL VALENCIA;1
2026;ABRIL;CUADRO JACKET 2.0 DAMA;[JAPDA35TM] CUADRO JACKET 2.0 DAMA (M, MAGENTA);JAPDA35TM;DAMA;Magenta;M;GRIETA;1
2026;ABRIL;CUADRO JACKET 2.0 DAMA;[JAPDA162TM] CUADRO JACKET 2.0 DAMA (M, AZUL POLO);JAPDA162TM;DAMA;Azul Polo;M;SAMBIL VALENCIA;1
2026;ABRIL;CUADRO JACKET 2.0 DAMA;[JAPDA66TM] CUADRO JACKET 2.0 DAMA (M, VERDE MILITAR);JAPDA66TM;DAMA;Verde Militar;M;GRIETA;1
2026;ABRIL;CUADRO JACKET 2.0 DAMA;[JAPDA16TL] CUADRO JACKET 2.0 DAMA (L, BLANCO);JAPDA16TL;DAMA;Blanco;L;GRIETA;1
2026;ABRIL;CUADRO JACKET 2.0 DAMA;[JAPDA162TXS] CUADRO JACKET 2.0 DAMA (XS, AZUL POLO);JAPDA162TXS;DAMA;Azul Polo;XS;SAMBIL VALENCIA;1
2026;ABRIL;CUADRO JACKET 2.0 DAMA;[JAPDA16TS] CUADRO JACKET 2.0 DAMA (S, BLANCO);JAPDA16TS;DAMA;Blanco;S;GRIETA;1
2026;ABRIL;CUADRO JACKET 2.0 DAMA;[JAPDA43TS] CUADRO JACKET 2.0 DAMA (S, NEGRO);JAPDA43TS;DAMA;Negro;S;GRAND PLAZ;1
2026;ABRIL;CUADRO JACKET 2.0 DAMA;[JAPDA16TM] CUADRO JACKET 2.0 DAMA (M, BLANCO);JAPDA16TM;DAMA;Blanco;M;SAMBIL VALENCIA;1
2026;ABRIL;CUADRO JACKET 2.0 CAB;[JAPCA66TL] CUADRO JACKET 2.0 CAB (L, VERDE MILITAR);JAPCA66TL;CAB;Verde Militar;L;SAMBIL CHACAO;1
2026;ABRIL;CUADRO JACKET 2.0 CAB;[JAPCA16TL] CUADRO JACKET 2.0 CAB (L, BLANCO);JAPCA16TL;CAB;Blanco;L;CERRO VERDE;2
2026;ABRIL;CUADRO JACKET 2.0 KIDS;[JAPKI162T6] CUADRO JACKET 2.0 KIDS (6, AZUL POLO);JAPKI162T6;KIDS;Azul Polo;6;SAMBIL VALENCIA;1
2026;ABRIL;CUADRO JACKET 2.0 DAMA;[JAPDA35TM] CUADRO JACKET 2.0 DAMA (M, MAGENTA);JAPDA35TM;DAMA;Magenta;M;CERRO VERDE;1
2026;ABRIL;CUADRO JACKET 2.0 DAMA;[JAPDA35TM] CUADRO JACKET 2.0 DAMA (M, MAGENTA);JAPDA35TM;DAMA;Magenta;M;CERRO VERDE;1
2026;ABRIL;CUADRO JACKET 2.0 CAB;[JAPCA43TS] CUADRO JACKET 2.0 CAB (S, NEGRO);JAPCA43TS;CAB;Negro;S;SAMBIL VALENCIA;1
2026;ABRIL;CUADRO JACKET 2.0 DAMA;[JAPDA43TL] CUADRO JACKET 2.0 DAMA (L, NEGRO);JAPDA43TL;DAMA;Negro;L;GRIETA;1
2026;ABRIL;CUADRO JACKET 2.0 CAB;[JAPCA162T2XL] CUADRO JACKET 2.0 CAB (2XL, AZUL POLO);JAPCA162T2XL;CAB;Azul Polo;2XL;SAMBIL CHACAO;1
2026;ABRIL;CUADRO JACKET 2.0 DAMA;[JAPDA35TS] CUADRO JACKET 2.0 DAMA (S, MAGENTA);JAPDA35TS;DAMA;Magenta;S;SAMBIL CHACAO;1
2026;ABRIL;CUADRO JACKET 2.0 CAB;[JAPCA162TS] CUADRO JACKET 2.0 CAB (S, AZUL POLO);JAPCA162TS;CAB;Azul Polo;S;SAMBIL CHACAO;1
2026;ABRIL;CUADRO JACKET 2.0 CAB;[JAPCA66TM] CUADRO JACKET 2.0 CAB (M, VERDE MILITAR);JAPCA66TM;CAB;Verde Militar;M;SAMBIL VALENCIA;1
2026;ABRIL;CUADRO JACKET 2.0 DAMA;[JAPDA43TS] CUADRO JACKET 2.0 DAMA (S, NEGRO);JAPDA43TS;DAMA;Negro;S;GRIETA;1
2026;ABRIL;CUADRO JACKET 2.0 CAB;[JAPCA66T2XL] CUADRO JACKET 2.0 CAB (2XL, VERDE MILITAR);JAPCA66T2XL;CAB;Verde Militar;2XL;GRIETA;1
2026;ABRIL;CUADRO JACKET 2.0 CAB;[JAPCA43T2XL] CUADRO JACKET 2.0 CAB (2XL, NEGRO);JAPCA43T2XL;CAB;Negro;2XL;GRIETA;1
2026;ABRIL;CUADRO JACKET 2.0 CAB;[JAPCA162T2XL] CUADRO JACKET 2.0 CAB (2XL, AZUL POLO);JAPCA162T2XL;CAB;Azul Polo;2XL;GRIETA;1
2026;ABRIL;CUADRO JACKET 2.0 CAB;[JAPCA162TM] CUADRO JACKET 2.0 CAB (M, AZUL POLO);JAPCA162TM;CAB;Azul Polo;M;GRIETA;1
2026;ABRIL;CUADRO JACKET 2.0 CAB;[JAPCA43TM] CUADRO JACKET 2.0 CAB (M, NEGRO);JAPCA43TM;CAB;Negro;M;GRIETA;1
2026;ABRIL;CUADRO JACKET 2.0 CAB;[JAPCA162TS] CUADRO JACKET 2.0 CAB (S, AZUL POLO);JAPCA162TS;CAB;Azul Polo;S;SAMBIL CHACAO;1
2026;ABRIL;CUADRO JACKET 2.0 DAMA;[JAPDA43TM] CUADRO JACKET 2.0 DAMA (M, NEGRO);JAPDA43TM;DAMA;Negro;M;GRIETA;-1
2026;ABRIL;CUADRO JACKET 2.0 CAB;[JAPCA43TM] CUADRO JACKET 2.0 CAB (M, NEGRO);JAPCA43TM;CAB;Negro;M;GRIETA;1
2026;ABRIL;CUADRO JACKET 2.0 KIDS;[JAPKI35T8] CUADRO JACKET 2.0 KIDS (8, MAGENTA);JAPKI35T8;KIDS;Magenta;8;CERRO VERDE;1
2026;ABRIL;CUADRO JACKET 2.0 CAB;[JAPCA162TM] CUADRO JACKET 2.0 CAB (M, AZUL POLO);JAPCA162TM;CAB;Azul Polo;M;CERRO VERDE;3
2026;ABRIL;CUADRO JACKET 2.0 DAMA;[JAPDA162TXS] CUADRO JACKET 2.0 DAMA (XS, AZUL POLO);JAPDA162TXS;DAMA;Azul Polo;XS;CERRO VERDE;1
2026;ABRIL;CUADRO JACKET 2.0 DAMA;[JAPDA162TXL] CUADRO JACKET 2.0 DAMA (XL, AZUL POLO);JAPDA162TXL;DAMA;Azul Polo;XL;CERRO VERDE;1
2026;ABRIL;CUADRO JACKET 2.0 DAMA;[JAPDA162TM] CUADRO JACKET 2.0 DAMA (M, AZUL POLO);JAPDA162TM;DAMA;Azul Polo;M;CERRO VERDE;4
2026;ABRIL;CUADRO JACKET 2.0 DAMA;[JAPDA162TS] CUADRO JACKET 2.0 DAMA (S, AZUL POLO);JAPDA162TS;DAMA;Azul Polo;S;CERRO VERDE;2
2026;ABRIL;CUADRO JACKET 2.0 CAB;[JAPCA162TXL] CUADRO JACKET 2.0 CAB (XL, AZUL POLO);JAPCA162TXL;CAB;Azul Polo;XL;CERRO VERDE;1
2026;ABRIL;CUADRO JACKET 2.0 CAB;[JAPCA162TL] CUADRO JACKET 2.0 CAB (L, AZUL POLO);JAPCA162TL;CAB;Azul Polo;L;CERRO VERDE;3
2026;ABRIL;CUADRO JACKET 2.0 CAB;[JAPCA43TM] CUADRO JACKET 2.0 CAB (M, NEGRO);JAPCA43TM;CAB;Negro;M;SAMBIL CHACAO;1
2026;ABRIL;CUADRO JACKET 2.0 DAMA;[JAPDA43TM] CUADRO JACKET 2.0 DAMA (M, NEGRO);JAPDA43TM;DAMA;Negro;M;GRIETA;1
2026;ABRIL;CUADRO JACKET 2.0 DAMA;[JAPDA43TL] CUADRO JACKET 2.0 DAMA (L, NEGRO);JAPDA43TL;DAMA;Negro;L;GRIETA;1
2026;ABRIL;CUADRO JACKET 2.0 CAB;[JAPCA16TL] CUADRO JACKET 2.0 CAB (L, BLANCO);JAPCA16TL;CAB;Blanco;L;GRIETA;1
2026;ABRIL;CUADRO JACKET 2.0 CAB;[JAPCA66TXL] CUADRO JACKET 2.0 CAB (XL, VERDE MILITAR);JAPCA66TXL;CAB;Verde Militar;XL;SAMBIL VALENCIA;1
2026;ABRIL;CUADRO JACKET 2.0 CAB;[JAPCA43TM] CUADRO JACKET 2.0 CAB (M, NEGRO);JAPCA43TM;CAB;Negro;M;SAMBIL VALENCIA;1
2026;ABRIL;CUADRO JACKET 2.0 DAMA;[JAPDA66TXS] CUADRO JACKET 2.0 DAMA (XS, VERDE MILITAR);JAPDA66TXS;DAMA;Verde Militar;XS;SAMBIL CHACAO;2
2026;ABRIL;CUADRO JACKET 2.0 CAB;[JAPCA66T2XL] CUADRO JACKET 2.0 CAB (2XL, VERDE MILITAR);JAPCA66T2XL;CAB;Verde Militar;2XL;SAMBIL CHACAO;1
2026;ABRIL;CUADRO JACKET 2.0 DAMA;[JAPDA66TM] CUADRO JACKET 2.0 DAMA (M, VERDE MILITAR);JAPDA66TM;DAMA;Verde Militar;M;GRIETA;1
2026;ABRIL;CUADRO JACKET 2.0 CAB;[JAPCA66TS] CUADRO JACKET 2.0 CAB (S, VERDE MILITAR);JAPCA66TS;CAB;Verde Militar;S;GRIETA;1
2026;ABRIL;CUADRO JACKET 2.0 DAMA;[JAPDA16TS] CUADRO JACKET 2.0 DAMA (S, BLANCO);JAPDA16TS;DAMA;Blanco;S;CERRO VERDE;1
2026;ABRIL;CUADRO JACKET 2.0 CAB;[JAPCA162TS] CUADRO JACKET 2.0 CAB (S, AZUL POLO);JAPCA162TS;CAB;Azul Polo;S;CERRO VERDE;1
2026;ABRIL;CUADRO JACKET 2.0 DAMA;[JAPDA162TM] CUADRO JACKET 2.0 DAMA (M, AZUL POLO);JAPDA162TM;DAMA;Azul Polo;M;CERRO VERDE;1
2026;ABRIL;CUADRO JACKET 2.0 DAMA;[JAPDA16TS] CUADRO JACKET 2.0 DAMA (S, BLANCO);JAPDA16TS;DAMA;Blanco;S;CERRO VERDE;-1
2026;ABRIL;CUADRO JACKET 2.0 DAMA;[JAPDA16TM] CUADRO JACKET 2.0 DAMA (M, BLANCO);JAPDA16TM;DAMA;Blanco;M;CERRO VERDE;1
2026;ABRIL;CUADRO JACKET 2.0 CAB;[JAPCA66T2XL] CUADRO JACKET 2.0 CAB (2XL, VERDE MILITAR);JAPCA66T2XL;CAB;Verde Militar;2XL;GRIETA;1
2026;ABRIL;CUADRO JACKET 2.0 DAMA;[JAPDA35TM] CUADRO JACKET 2.0 DAMA (M, MAGENTA);JAPDA35TM;DAMA;Magenta;M;CERRO VERDE;1
2026;ABRIL;CUADRO JACKET 2.0 DAMA;[JAPDA66TM] CUADRO JACKET 2.0 DAMA (M, VERDE MILITAR);JAPDA66TM;DAMA;Verde Militar;M;CERRO VERDE;1
2026;ABRIL;CUADRO JACKET 2.0 CAB;[JAPCA43TS] CUADRO JACKET 2.0 CAB (S, NEGRO);JAPCA43TS;CAB;Negro;S;GRIETA;63
2026;ABRIL;CUADRO JACKET 2.0 CAB;[JAPCA43TXL] CUADRO JACKET 2.0 CAB (XL, NEGRO);JAPCA43TXL;CAB;Negro;XL;SAMBIL VALENCIA;1
2026;ABRIL;CUADRO JACKET 2.0 DAMA;[JAPDA35TS] CUADRO JACKET 2.0 DAMA (S, MAGENTA);JAPDA35TS;DAMA;Magenta;S;SAMBIL VALENCIA;1
2026;ABRIL;CUADRO JACKET 2.0 CAB;[JAPCA43T2XL] CUADRO JACKET 2.0 CAB (2XL, NEGRO);JAPCA43T2XL;CAB;Negro;2XL;GRIETA;1
2026;ABRIL;CUADRO JACKET 2.0 CAB;[JAPCA43TXL] CUADRO JACKET 2.0 CAB (XL, NEGRO);JAPCA43TXL;CAB;Negro;XL;SAMBIL CHACAO;1
2026;ABRIL;CUADRO JACKET 2.0 CAB;[JAPCA43TL] CUADRO JACKET 2.0 CAB (L, NEGRO);JAPCA43TL;CAB;Negro;L;CERRO VERDE;1
2026;ABRIL;CUADRO JACKET 2.0 DAMA;[JAPDA01TM] CUADRO JACKET 2.0 DAMA (M, AGUAMARINA);JAPDA01TM;DAMA;Aguamarina;M;SAMBIL VALENCIA;1
2026;ABRIL;CUADRO JACKET 2.0 DAMA;[JAPDA16TS] CUADRO JACKET 2.0 DAMA (S, BLANCO);JAPDA16TS;DAMA;Blanco;S;CERRO VERDE;1
2026;ABRIL;CUADRO JACKET 2.0 DAMA;[JAPDA16TS] CUADRO JACKET 2.0 DAMA (S, BLANCO);JAPDA16TS;DAMA;Blanco;S;SAMBIL CHACAO;1
2026;ABRIL;CUADRO JACKET 2.0 DAMA;[JAPDA16TS] CUADRO JACKET 2.0 DAMA (S, BLANCO);JAPDA16TS;DAMA;Blanco;S;SAMBIL CHACAO;-1
2026;ABRIL;CUADRO JACKET 2.0 DAMA;[JAPDA16TS] CUADRO JACKET 2.0 DAMA (S, BLANCO);JAPDA16TS;DAMA;Blanco;S;SAMBIL CHACAO;1
2026;ABRIL;CUADRO JACKET 2.0 DAMA;[JAPDA66TXL] CUADRO JACKET 2.0 DAMA (XL, VERDE MILITAR);JAPDA66TXL;DAMA;Verde Militar;XL;CERRO VERDE;1
2026;ABRIL;CUADRO JACKET 2.0 CAB;[JAPCA66TL] CUADRO JACKET 2.0 CAB (L, VERDE MILITAR);JAPCA66TL;CAB;Verde Militar;L;CERRO VERDE;1
2026;ABRIL;CUADRO JACKET 2.0 CAB;[JAPCA43TL] CUADRO JACKET 2.0 CAB (L, NEGRO);JAPCA43TL;CAB;Negro;L;CERRO VERDE;1
2026;ABRIL;CUADRO JACKET 2.0 CAB;[JAPCA16T2XL] CUADRO JACKET 2.0 CAB (2XL, BLANCO);JAPCA16T2XL;CAB;Blanco;2XL;SAMBIL VALENCIA;1
2026;ABRIL;CUADRO JACKET 2.0 CAB;[JAPCA162T2XL] CUADRO JACKET 2.0 CAB (2XL, AZUL POLO);JAPCA162T2XL;CAB;Azul Polo;2XL;SAMBIL VALENCIA;1
2026;ABRIL;CUADRO JACKET 2.0 CAB;[JAPCA162T2XL] CUADRO JACKET 2.0 CAB (2XL, AZUL POLO);JAPCA162T2XL;CAB;Azul Polo;2XL;SAMBIL VALENCIA;-1
2026;ABRIL;CUADRO JACKET 2.0 CAB;[JAPCA16T2XL] CUADRO JACKET 2.0 CAB (2XL, BLANCO);JAPCA16T2XL;CAB;Blanco;2XL;SAMBIL VALENCIA;-1
2026;ABRIL;CUADRO JACKET 2.0 CAB;[JAPCA162T2XL] CUADRO JACKET 2.0 CAB (2XL, AZUL POLO);JAPCA162T2XL;CAB;Azul Polo;2XL;SAMBIL VALENCIA;1
2026;ABRIL;CUADRO JACKET 2.0 CAB;[JAPCA16T2XL] CUADRO JACKET 2.0 CAB (2XL, BLANCO);JAPCA16T2XL;CAB;Blanco;2XL;SAMBIL VALENCIA;1
2026;ABRIL;CUADRO JACKET 2.0 CAB;[JAPCA66T2XL] CUADRO JACKET 2.0 CAB (2XL, VERDE MILITAR);JAPCA66T2XL;CAB;Verde Militar;2XL;SAMBIL CHACAO;1
2026;ABRIL;CUADRO JACKET 2.0 CAB;[JAPCA43TS] CUADRO JACKET 2.0 CAB (S, NEGRO);JAPCA43TS;CAB;Negro;S;GRIETA;-62
2026;ABRIL;CUADRO JACKET 2.0 DAMA;[JAPDA66TM] CUADRO JACKET 2.0 DAMA (M, VERDE MILITAR);JAPDA66TM;DAMA;Verde Militar;M;SAMBIL CHACAO;1
2026;ABRIL;CUADRO JACKET 2.0 DAMA;[JAPDA43TS] CUADRO JACKET 2.0 DAMA (S, NEGRO);JAPDA43TS;DAMA;Negro;S;SAMBIL CHACAO;1
2026;ABRIL;CUADRO JACKET 2.0 CAB;[JAPCA162TS] CUADRO JACKET 2.0 CAB (S, AZUL POLO);JAPCA162TS;CAB;Azul Polo;S;SAMBIL VALENCIA;1
2026;ABRIL;CUADRO JACKET 2.0 KIDS;[JAPKI162T12] CUADRO JACKET 2.0 KIDS (12, AZUL POLO);JAPKI162T12;KIDS;Azul Polo;12;SAMBIL CHACAO;1
2026;ABRIL;CUADRO JACKET 2.0 DAMA;[JAPDA43TM] CUADRO JACKET 2.0 DAMA (M, NEGRO);JAPDA43TM;DAMA;Negro;M;GRIETA;1
2026;ABRIL;CUADRO JACKET 2.0 CAB;[JAPCA43TL] CUADRO JACKET 2.0 CAB (L, NEGRO);JAPCA43TL;CAB;Negro;L;GRIETA;1
2026;ABRIL;CUADRO JACKET 2.0 DAMA;[JAPDA66TM] CUADRO JACKET 2.0 DAMA (M, VERDE MILITAR);JAPDA66TM;DAMA;Verde Militar;M;CERRO VERDE;1
2026;ABRIL;CUADRO JACKET 2.0 CAB;[JAPCA43TL] CUADRO JACKET 2.0 CAB (L, NEGRO);JAPCA43TL;CAB;Negro;L;GRAND PLAZ;1
2026;ABRIL;CUADRO JACKET 2.0 CAB;[JAPCA43TXL] CUADRO JACKET 2.0 CAB (XL, NEGRO);JAPCA43TXL;CAB;Negro;XL;GRIETA;1
2026;ABRIL;CUADRO JACKET 2.0 DAMA;[JAPDA162TXS] CUADRO JACKET 2.0 DAMA (XS, AZUL POLO);JAPDA162TXS;DAMA;Azul Polo;XS;CERRO VERDE;1
2026;ABRIL;CUADRO JACKET 2.0 DAMA;[JAPDA43TM] CUADRO JACKET 2.0 DAMA (M, NEGRO);JAPDA43TM;DAMA;Negro;M;CERRO VERDE;2
2026;ABRIL;CUADRO JACKET 2.0 DAMA;[JAPDA43TS] CUADRO JACKET 2.0 DAMA (S, NEGRO);JAPDA43TS;DAMA;Negro;S;CERRO VERDE;2
2026;ABRIL;CUADRO JACKET 2.0 DAMA;[JAPDA43TL] CUADRO JACKET 2.0 DAMA (L, NEGRO);JAPDA43TL;DAMA;Negro;L;SAMBIL VALENCIA;1
2026;ABRIL;CUADRO JACKET 2.0 CAB;[JAPCA66TL] CUADRO JACKET 2.0 CAB (L, VERDE MILITAR);JAPCA66TL;CAB;Verde Militar;L;SAMBIL CHACAO;2
2026;ABRIL;CUADRO JACKET 2.0 DAMA;[JAPDA16TL] CUADRO JACKET 2.0 DAMA (L, BLANCO);JAPDA16TL;DAMA;Blanco;L;SAMBIL CHACAO;1
2026;ABRIL;CUADRO JACKET 2.0 CAB;[JAPCA162TL] CUADRO JACKET 2.0 CAB (L, AZUL POLO);JAPCA162TL;CAB;Azul Polo;L;SAMBIL CHACAO;1
2026;ABRIL;CUADRO JACKET 2.0 CAB;[JAPCA16TL] CUADRO JACKET 2.0 CAB (L, BLANCO);JAPCA16TL;CAB;Blanco;L;CERRO VERDE;1
2026;ABRIL;CUADRO JACKET 2.0 DAMA;[JAPDA35TS] CUADRO JACKET 2.0 DAMA (S, MAGENTA);JAPDA35TS;DAMA;Magenta;S;GRIETA;-1
2026;ABRIL;CUADRO JACKET 2.0 CAB;[JAPCA43TL] CUADRO JACKET 2.0 CAB (L, NEGRO);JAPCA43TL;CAB;Negro;L;SAMBIL CHACAO;1
2026;ABRIL;CUADRO JACKET 2.0 DAMA;[JAPDA16TM] CUADRO JACKET 2.0 DAMA (M, BLANCO);JAPDA16TM;DAMA;Blanco;M;SAMBIL CHACAO;1
2026;ABRIL;CUADRO JACKET 2.0 KIDS;[JAPKI162T6] CUADRO JACKET 2.0 KIDS (6, AZUL POLO);JAPKI162T6;KIDS;Azul Polo;6;CERRO VERDE;1
2026;ABRIL;CUADRO JACKET 2.0 KIDS;[JAPKI35T6] CUADRO JACKET 2.0 KIDS (6, MAGENTA);JAPKI35T6;KIDS;Magenta;6;CERRO VERDE;1
2026;ABRIL;CUADRO JACKET 2.0 DAMA;[JAPDA43TXS] CUADRO JACKET 2.0 DAMA (XS, NEGRO);JAPDA43TXS;DAMA;Negro;XS;GRIETA;1
2026;ABRIL;CUADRO JACKET 2.0 CAB;[JAPCA162TXL] CUADRO JACKET 2.0 CAB (XL, AZUL POLO);JAPCA162TXL;CAB;Azul Polo;XL;GRIETA;1
2026;ABRIL;CUADRO JACKET 2.0 CAB;[JAPCA43TM] CUADRO JACKET 2.0 CAB (M, NEGRO);JAPCA43TM;CAB;Negro;M;GRIETA;1
2026;ABRIL;CUADRO JACKET 2.0 DAMA;[JAPDA01TXL] CUADRO JACKET 2.0 DAMA (XL, AGUAMARINA);JAPDA01TXL;DAMA;Aguamarina;XL;SAMBIL VALENCIA;1
2026;ABRIL;CUADRO JACKET 2.0 DAMA;[JAPDA35TXL] CUADRO JACKET 2.0 DAMA (XL, MAGENTA);JAPDA35TXL;DAMA;Magenta;XL;SAMBIL VALENCIA;1
2026;ABRIL;CUADRO JACKET 2.0 DAMA;[JAPDA16TXS] CUADRO JACKET 2.0 DAMA (XS, BLANCO);JAPDA16TXS;DAMA;Blanco;XS;SAMBIL VALENCIA;1
2026;ABRIL;CUADRO JACKET 2.0 CAB;[JAPCA16TS] CUADRO JACKET 2.0 CAB (S, BLANCO);JAPCA16TS;CAB;Blanco;S;SAMBIL VALENCIA;1
2026;ABRIL;CUADRO JACKET 2.0 DAMA;[JAPDA35TS] CUADRO JACKET 2.0 DAMA (S, MAGENTA);JAPDA35TS;DAMA;Magenta;S;GRIETA;1
2026;ABRIL;CUADRO JACKET 2.0 KIDS;[JAPKI43T12] CUADRO JACKET 2.0 KIDS (12, NEGRO);JAPKI43T12;KIDS;Negro;12;CERRO VERDE;1
2026;ABRIL;CUADRO JACKET 2.0 DAMA;[JAPDA43TM] CUADRO JACKET 2.0 DAMA (M, NEGRO);JAPDA43TM;DAMA;Negro;M;CERRO VERDE;1
2026;ABRIL;CUADRO JACKET 2.0 CAB;[JAPCA43TS] CUADRO JACKET 2.0 CAB (S, NEGRO);JAPCA43TS;CAB;Negro;S;SAMBIL VALENCIA;1
2026;ABRIL;CUADRO JACKET 2.0 DAMA;[JAPDA43TS] CUADRO JACKET 2.0 DAMA (S, NEGRO);JAPDA43TS;DAMA;Negro;S;SAMBIL VALENCIA;1
2026;ABRIL;CUADRO JACKET 2.0 DAMA;[JAPDA01TL] CUADRO JACKET 2.0 DAMA (L, AGUAMARINA);JAPDA01TL;DAMA;Aguamarina;L;GRIETA;1
2026;ABRIL;CUADRO JACKET 2.0 DAMA;[JAPDA01TL] CUADRO JACKET 2.0 DAMA (L, AGUAMARINA);JAPDA01TL;DAMA;Aguamarina;L;GRIETA;-1
2026;ABRIL;CUADRO JACKET 2.0 DAMA;[JAPDA01TL] CUADRO JACKET 2.0 DAMA (L, AGUAMARINA);JAPDA01TL;DAMA;Aguamarina;L;GRIETA;1
2026;ABRIL;CUADRO JACKET 2.0 DAMA;[JAPDA43TXS] CUADRO JACKET 2.0 DAMA (XS, NEGRO);JAPDA43TXS;DAMA;Negro;XS;SAMBIL VALENCIA;1
2026;ABRIL;CUADRO JACKET 2.0 DAMA;[JAPDA16TL] CUADRO JACKET 2.0 DAMA (L, BLANCO);JAPDA16TL;DAMA;Blanco;L;CERRO VERDE;1
2026;ABRIL;CUADRO JACKET 2.0 DAMA;[JAPDA43TS] CUADRO JACKET 2.0 DAMA (S, NEGRO);JAPDA43TS;DAMA;Negro;S;SAMBIL CHACAO;1
2026;ABRIL;CUADRO JACKET 2.0 CAB;[JAPCA43TL] CUADRO JACKET 2.0 CAB (L, NEGRO);JAPCA43TL;CAB;Negro;L;SAMBIL CHACAO;1
2026;ABRIL;CUADRO JACKET 2.0 CAB;[JAPCA01TL] CUADRO JACKET 2.0 CAB (L, AGUAMARINA);JAPCA01TL;CAB;Aguamarina;L;SAMBIL CHACAO;1
2026;ABRIL;CUADRO JACKET 2.0 CAB;[JAPCA01TM] CUADRO JACKET 2.0 CAB (M, AGUAMARINA);JAPCA01TM;CAB;Aguamarina;M;SAMBIL VALENCIA;1
2026;ABRIL;CUADRO JACKET 2.0 CAB;[JAPCA43TS] CUADRO JACKET 2.0 CAB (S, NEGRO);JAPCA43TS;CAB;Negro;S;SAMBIL VALENCIA;1
2026;ABRIL;CUADRO JACKET 2.0 CAB;[JAPCA16TS] CUADRO JACKET 2.0 CAB (S, BLANCO);JAPCA16TS;CAB;Blanco;S;SAMBIL VALENCIA;1
2026;ABRIL;CUADRO JACKET 2.0 CAB;[JAPCA43TL] CUADRO JACKET 2.0 CAB (L, NEGRO);JAPCA43TL;CAB;Negro;L;GRIETA;1
2026;ABRIL;CUADRO JACKET 2.0 CAB;[JAPCA43TXL] CUADRO JACKET 2.0 CAB (XL, NEGRO);JAPCA43TXL;CAB;Negro;XL;CERRO VERDE;1
2026;ABRIL;CUADRO JACKET 2.0 DAMA;[JAPDA66TXL] CUADRO JACKET 2.0 DAMA (XL, VERDE MILITAR);JAPDA66TXL;DAMA;Verde Militar;XL;SAMBIL VALENCIA;1
2026;ABRIL;CUADRO JACKET 2.0 DAMA;[JAPDA162TXL] CUADRO JACKET 2.0 DAMA (XL, AZUL POLO);JAPDA162TXL;DAMA;Azul Polo;XL;SAMBIL VALENCIA;1
2026;ABRIL;CUADRO JACKET 2.0 CAB;[JAPCA16T2XL] CUADRO JACKET 2.0 CAB (2XL, BLANCO);JAPCA16T2XL;CAB;Blanco;2XL;CERRO VERDE;1
2026;ABRIL;CUADRO JACKET 2.0 DAMA;[JAPDA16TXS] CUADRO JACKET 2.0 DAMA (XS, BLANCO);JAPDA16TXS;DAMA;Blanco;XS;CERRO VERDE;2
2026;ABRIL;CUADRO JACKET 2.0 DAMA;[JAPDA16TXS] CUADRO JACKET 2.0 DAMA (XS, BLANCO);JAPDA16TXS;DAMA;Blanco;XS;CERRO VERDE;1
2026;ABRIL;CUADRO JACKET 2.0 CAB;[JAPCA16TXL] CUADRO JACKET 2.0 CAB (XL, BLANCO);JAPCA16TXL;CAB;Blanco;XL;CERRO VERDE;1
2026;ABRIL;CUADRO JACKET 2.0 DAMA;[JAPDA43TXS] CUADRO JACKET 2.0 DAMA (XS, NEGRO);JAPDA43TXS;DAMA;Negro;XS;CERRO VERDE;1
2026;ABRIL;CUADRO JACKET 2.0 CAB;[JAPCA43TL] CUADRO JACKET 2.0 CAB (L, NEGRO);JAPCA43TL;CAB;Negro;L;SAMBIL VALENCIA;1
2026;ABRIL;CUADRO JACKET 2.0 DAMA;[JAPDA66TXS] CUADRO JACKET 2.0 DAMA (XS, VERDE MILITAR);JAPDA66TXS;DAMA;Verde Militar;XS;SAMBIL CHACAO;2
2026;ABRIL;CUADRO JACKET 2.0 DAMA;[JAPDA66TL] CUADRO JACKET 2.0 DAMA (L, VERDE MILITAR);JAPDA66TL;DAMA;Verde Militar;L;SAMBIL CHACAO;1
2026;ABRIL;CUADRO JACKET 2.0 DAMA;[JAPDA66TM] CUADRO JACKET 2.0 DAMA (M, VERDE MILITAR);JAPDA66TM;DAMA;Verde Militar;M;SAMBIL CHACAO;1
2026;ABRIL;CUADRO JACKET 2.0 CAB;[JAPCA66TXL] CUADRO JACKET 2.0 CAB (XL, VERDE MILITAR);JAPCA66TXL;CAB;Verde Militar;XL;SAMBIL CHACAO;3
2026;ABRIL;CUADRO JACKET 2.0 DAMA;[JAPDA162TS] CUADRO JACKET 2.0 DAMA (S, AZUL POLO);JAPDA162TS;DAMA;Azul Polo;S;CERRO VERDE;1
2026;ABRIL;CUADRO JACKET 2.0 DAMA;[JAPDA35TM] CUADRO JACKET 2.0 DAMA (M, MAGENTA);JAPDA35TM;DAMA;Magenta;M;SAMBIL CHACAO;1
2026;ABRIL;CUADRO JACKET 2.0 DAMA;[JAPDA35TM] CUADRO JACKET 2.0 DAMA (M, MAGENTA);JAPDA35TM;DAMA;Magenta;M;SAMBIL VALENCIA;1
2026;ABRIL;CUADRO JACKET 2.0 DAMA;[JAPDA43TM] CUADRO JACKET 2.0 DAMA (M, NEGRO);JAPDA43TM;DAMA;Negro;M;GRIETA;1
2026;ABRIL;CUADRO JACKET 2.0 DAMA;[JAPDA16TM] CUADRO JACKET 2.0 DAMA (M, BLANCO);JAPDA16TM;DAMA;Blanco;M;GRIETA;1
2026;ABRIL;CUADRO JACKET 2.0 DAMA;[JAPDA43TS] CUADRO JACKET 2.0 DAMA (S, NEGRO);JAPDA43TS;DAMA;Negro;S;SAMBIL VALENCIA;1
2026;ABRIL;CUADRO JACKET 2.0 DAMA;[JAPDA43TL] CUADRO JACKET 2.0 DAMA (L, NEGRO);JAPDA43TL;DAMA;Negro;L;GRIETA;1
2026;ABRIL;CUADRO JACKET 2.0 CAB;[JAPCA01TL] CUADRO JACKET 2.0 CAB (L, AGUAMARINA);JAPCA01TL;CAB;Aguamarina;L;WEB;1
2026;ABRIL;CUADRO JACKET 2.0 DAMA;[JAPDA43TS] CUADRO JACKET 2.0 DAMA (S, NEGRO);JAPDA43TS;DAMA;Negro;S;GRIETA;1
2026;ABRIL;CUADRO JACKET 2.0 DAMA;[JAPDA16TS] CUADRO JACKET 2.0 DAMA (S, BLANCO);JAPDA16TS;DAMA;Blanco;S;CERRO VERDE;1
2026;ABRIL;CUADRO JACKET 2.0 CAB;[JAPCA43TL] CUADRO JACKET 2.0 CAB (L, NEGRO);JAPCA43TL;CAB;Negro;L;CERRO VERDE;1
2026;ABRIL;CUADRO JACKET 2.0 CAB;[JAPCA16TL] CUADRO JACKET 2.0 CAB (L, BLANCO);JAPCA16TL;CAB;Blanco;L;CERRO VERDE;1
2026;ABRIL;CUADRO JACKET 2.0 DAMA;[JAPDA162TS] CUADRO JACKET 2.0 DAMA (S, AZUL POLO);JAPDA162TS;DAMA;Azul Polo;S;GRAND PLAZ;1
2026;ABRIL;CUADRO JACKET 2.0 CAB;[JAPCA43TM] CUADRO JACKET 2.0 CAB (M, NEGRO);JAPCA43TM;CAB;Negro;M;GRAND PLAZ;1
2026;ABRIL;CUADRO JACKET 2.0 CAB;[JAPCA43T2XL] CUADRO JACKET 2.0 CAB (2XL, NEGRO);JAPCA43T2XL;CAB;Negro;2XL;GRAND PLAZ;1
2026;ABRIL;CUADRO JACKET 2.0 DAMA;[JAPDA35TXS] CUADRO JACKET 2.0 DAMA (XS, MAGENTA);JAPDA35TXS;DAMA;Magenta;XS;GRIETA;1
2026;ABRIL;CUADRO JACKET 2.0 CAB;[JAPCA16TM] CUADRO JACKET 2.0 CAB (M, BLANCO);JAPCA16TM;CAB;Blanco;M;SAMBIL VALENCIA;1
2026;ABRIL;CUADRO JACKET 2.0 DAMA;[JAPDA43TM] CUADRO JACKET 2.0 DAMA (M, NEGRO);JAPDA43TM;DAMA;Negro;M;GRIETA;1
2026;ABRIL;CUADRO JACKET 2.0 DAMA;[JAPDA35TL] CUADRO JACKET 2.0 DAMA (L, MAGENTA);JAPDA35TL;DAMA;Magenta;L;SAMBIL VALENCIA;1
2026;ABRIL;CUADRO JACKET 2.0 DAMA;[JAPDA43TXS] CUADRO JACKET 2.0 DAMA (XS, NEGRO);JAPDA43TXS;DAMA;Negro;XS;GRIETA;1
2026;ABRIL;CUADRO JACKET 2.0 DAMA;[JAPDA43TL] CUADRO JACKET 2.0 DAMA (L, NEGRO);JAPDA43TL;DAMA;Negro;L;GRIETA;-1
2026;ABRIL;CUADRO JACKET 2.0 DAMA;[JAPDA43TL] CUADRO JACKET 2.0 DAMA (L, NEGRO);JAPDA43TL;DAMA;Negro;L;GRIETA;1
2026;ABRIL;CUADRO JACKET 2.0 DAMA;[JAPDA16TS] CUADRO JACKET 2.0 DAMA (S, BLANCO);JAPDA16TS;DAMA;Blanco;S;CERRO VERDE;1
2026;ABRIL;CUADRO JACKET 2.0 DAMA;[JAPDA43TS] CUADRO JACKET 2.0 DAMA (S, NEGRO);JAPDA43TS;DAMA;Negro;S;GRIETA;1
2026;ABRIL;CUADRO JACKET 2.0 DAMA;[JAPDA16TS] CUADRO JACKET 2.0 DAMA (S, BLANCO);JAPDA16TS;DAMA;Blanco;S;GRIETA;1
2026;ABRIL;CUADRO JACKET 2.0 DAMA;[JAPDA43TL] CUADRO JACKET 2.0 DAMA (L, NEGRO);JAPDA43TL;DAMA;Negro;L;CERRO VERDE;1
2026;ABRIL;CUADRO JACKET 2.0 CAB;[JAPCA43TL] CUADRO JACKET 2.0 CAB (L, NEGRO);JAPCA43TL;CAB;Negro;L;CERRO VERDE;1
2026;ABRIL;CUADRO JACKET 2.0 KIDS;[JAPKI35T4] CUADRO JACKET 2.0 KIDS (4, MAGENTA);JAPKI35T4;KIDS;Magenta;4;GRAND PLAZ;1
2026;ABRIL;CUADRO JACKET 2.0 KIDS;[JAPKI162T4] CUADRO JACKET 2.0 KIDS (4, AZUL POLO);JAPKI162T4;KIDS;Azul Polo;4;GRAND PLAZ;1
2026;ABRIL;CUADRO JACKET 2.0 CAB;[JAPCA66TXL] CUADRO JACKET 2.0 CAB (XL, VERDE MILITAR);JAPCA66TXL;CAB;Verde Militar;XL;CERRO VERDE;1
2026;ABRIL;CUADRO JACKET 2.0 CAB;[JAPCA43TL] CUADRO JACKET 2.0 CAB (L, NEGRO);JAPCA43TL;CAB;Negro;L;SAMBIL CHACAO;1
2026;ABRIL;CUADRO JACKET 2.0 CAB;[JAPCA66TL] CUADRO JACKET 2.0 CAB (L, VERDE MILITAR);JAPCA66TL;CAB;Verde Militar;L;SAMBIL VALENCIA;3
2026;ABRIL;CUADRO JACKET 2.0 DAMA;[JAPDA162TXS] CUADRO JACKET 2.0 DAMA (XS, AZUL POLO);JAPDA162TXS;DAMA;Azul Polo;XS;SAMBIL VALENCIA;1
2026;ABRIL;CUADRO JACKET 2.0 CAB;[JAPCA162T2XL] CUADRO JACKET 2.0 CAB (2XL, AZUL POLO);JAPCA162T2XL;CAB;Azul Polo;2XL;SAMBIL VALENCIA;1
2026;ABRIL;CUADRO JACKET 2.0 CAB;[JAPCA162TM] CUADRO JACKET 2.0 CAB (M, AZUL POLO);JAPCA162TM;CAB;Azul Polo;M;CERRO VERDE;1
2026;ABRIL;CUADRO JACKET 2.0 CAB;[JAPCA162TXL] CUADRO JACKET 2.0 CAB (XL, AZUL POLO);JAPCA162TXL;CAB;Azul Polo;XL;CERRO VERDE;1
2026;ABRIL;CUADRO JACKET 2.0 CAB;[JAPCA162TL] CUADRO JACKET 2.0 CAB (L, AZUL POLO);JAPCA162TL;CAB;Azul Polo;L;CERRO VERDE;2
2026;ABRIL;CUADRO JACKET 2.0 CAB;[JAPCA43TL] CUADRO JACKET 2.0 CAB (L, NEGRO);JAPCA43TL;CAB;Negro;L;CERRO VERDE;-1
2026;ABRIL;CUADRO JACKET 2.0 CAB;[JAPCA43TL] CUADRO JACKET 2.0 CAB (L, NEGRO);JAPCA43TL;CAB;Negro;L;CERRO VERDE;1
2026;ABRIL;CUADRO JACKET 2.0 DAMA;[JAPDA43TS] CUADRO JACKET 2.0 DAMA (S, NEGRO);JAPDA43TS;DAMA;Negro;S;SAMBIL VALENCIA;1
2026;ABRIL;CUADRO JACKET 2.0 DAMA;[JAPDA35TL] CUADRO JACKET 2.0 DAMA (L, MAGENTA);JAPDA35TL;DAMA;Magenta;L;GRIETA;1
2026;ABRIL;CUADRO JACKET 2.0 DAMA;[JAPDA43TM] CUADRO JACKET 2.0 DAMA (M, NEGRO);JAPDA43TM;DAMA;Negro;M;SAMBIL VALENCIA;1
2026;ABRIL;CUADRO JACKET 2.0 DAMA;[JAPDA162TM] CUADRO JACKET 2.0 DAMA (M, AZUL POLO);JAPDA162TM;DAMA;Azul Polo;M;SAMBIL VALENCIA;1
2026;ABRIL;CUADRO JACKET 2.0 CAB;[JAPCA43TS] CUADRO JACKET 2.0 CAB (S, NEGRO);JAPCA43TS;CAB;Negro;S;SAMBIL CHACAO;1
2026;ABRIL;CUADRO JACKET 2.0 DAMA;[JAPDA16TS] CUADRO JACKET 2.0 DAMA (S, BLANCO);JAPDA16TS;DAMA;Blanco;S;CERRO VERDE;1
2026;ABRIL;CUADRO JACKET 2.0 KIDS;[JAPKI35T4] CUADRO JACKET 2.0 KIDS (4, MAGENTA);JAPKI35T4;KIDS;Magenta;4;SAMBIL VALENCIA;1
2026;ABRIL;CUADRO JACKET 2.0 CAB;[JAPCA162T2XL] CUADRO JACKET 2.0 CAB (2XL, AZUL POLO);JAPCA162T2XL;CAB;Azul Polo;2XL;CERRO VERDE;1
2026;ABRIL;CUADRO JACKET 2.0 KIDS;[JAPKI162T10] CUADRO JACKET 2.0 KIDS (10, AZUL POLO);JAPKI162T10;KIDS;Azul Polo;10;GRIETA;1
2026;ABRIL;CUADRO JACKET 2.0 DAMA;[JAPDA16TM] CUADRO JACKET 2.0 DAMA (M, BLANCO);JAPDA16TM;DAMA;Blanco;M;CERRO VERDE;1
2026;ABRIL;CUADRO JACKET 2.0 DAMA;[JAPDA16TM] CUADRO JACKET 2.0 DAMA (M, BLANCO);JAPDA16TM;DAMA;Blanco;M;SAMBIL CHACAO;1
2026;ABRIL;CUADRO JACKET 2.0 CAB;[JAPCA162TXL] CUADRO JACKET 2.0 CAB (XL, AZUL POLO);JAPCA162TXL;CAB;Azul Polo;XL;WEB;1
2026;ABRIL;CUADRO JACKET 2.0 CAB;[JAPCA43TM] CUADRO JACKET 2.0 CAB (M, NEGRO);JAPCA43TM;CAB;Negro;M;CERRO VERDE;1
2026;ABRIL;CUADRO JACKET 2.0 DAMA;[JAPDA43TM] CUADRO JACKET 2.0 DAMA (M, NEGRO);JAPDA43TM;DAMA;Negro;M;SAMBIL VALENCIA;1
2026;ABRIL;CUADRO JACKET 2.0 CAB;[JAPCA16TXL] CUADRO JACKET 2.0 CAB (XL, BLANCO);JAPCA16TXL;CAB;Blanco;XL;SAMBIL VALENCIA;1
2026;ABRIL;CUADRO JACKET 2.0 CAB;[JAPCA43TXL] CUADRO JACKET 2.0 CAB (XL, NEGRO);JAPCA43TXL;CAB;Negro;XL;CORPORATIVO;5
2026;ABRIL;CUADRO JACKET 2.0 CAB;[JAPCA43TL] CUADRO JACKET 2.0 CAB (L, NEGRO);JAPCA43TL;CAB;Negro;L;CORPORATIVO;14
2026;ABRIL;CUADRO JACKET 2.0 CAB;[JAPCA43TM] CUADRO JACKET 2.0 CAB (M, NEGRO);JAPCA43TM;CAB;Negro;M;CORPORATIVO;8
2026;ABRIL;CUADRO JACKET 2.0 CAB;[JAPCA43T2XL] CUADRO JACKET 2.0 CAB (2XL, NEGRO);JAPCA43T2XL;CAB;Negro;2XL;CORPORATIVO;2
2026;ABRIL;CUADRO JACKET 2.0 CAB;[JAPCA43TS] CUADRO JACKET 2.0 CAB (S, NEGRO);JAPCA43TS;CAB;Negro;S;CORPORATIVO;3
2026;ABRIL;CUADRO JACKET 2.0 DAMA;[JAPDA43TS] CUADRO JACKET 2.0 DAMA (S, NEGRO);JAPDA43TS;DAMA;Negro;S;CORPORATIVO;25
2026;ABRIL;CUADRO JACKET 2.0 DAMA;[JAPDA43TM] CUADRO JACKET 2.0 DAMA (M, NEGRO);JAPDA43TM;DAMA;Negro;M;CORPORATIVO;23
2026;ABRIL;CUADRO JACKET 2.0 DAMA;[JAPDA43TL] CUADRO JACKET 2.0 DAMA (L, NEGRO);JAPDA43TL;DAMA;Negro;L;CORPORATIVO;7
2026;ABRIL;CUADRO JACKET 2.0 DAMA;[JAPDA43TXL] CUADRO JACKET 2.0 DAMA (XL, NEGRO);JAPDA43TXL;DAMA;Negro;XL;CORPORATIVO;5
2026;ABRIL;CUADRO JACKET 2.0 CAB;[JAPCA43TXL] CUADRO JACKET 2.0 CAB (XL, NEGRO);JAPCA43TXL;CAB;Negro;XL;CERRO VERDE;1
2026;ABRIL;CUADRO JACKET 2.0 DAMA;[JAPDA43TM] CUADRO JACKET 2.0 DAMA (M, NEGRO);JAPDA43TM;DAMA;Negro;M;SAMBIL CHACAO;1
2026;ABRIL;CUADRO JACKET 2.0 CAB;[JAPCA43TM] CUADRO JACKET 2.0 CAB (M, NEGRO);JAPCA43TM;CAB;Negro;M;GRIETA;1
2026;ABRIL;CUADRO JACKET 2.0 DAMA;[JAPDA16TS] CUADRO JACKET 2.0 DAMA (S, BLANCO);JAPDA16TS;DAMA;Blanco;S;CERRO VERDE;-1
2026;ABRIL;CUADRO JACKET 2.0 CAB;[JAPCA01TL] CUADRO JACKET 2.0 CAB (L, AGUAMARINA);JAPCA01TL;CAB;Aguamarina;L;GRIETA;1
2026;ABRIL;CUADRO JACKET 2.0 DAMA;[JAPDA16TS] CUADRO JACKET 2.0 DAMA (S, BLANCO);JAPDA16TS;DAMA;Blanco;S;CERRO VERDE;1
2026;ABRIL;CUADRO JACKET 2.0 CAB;[JAPCA43TM] CUADRO JACKET 2.0 CAB (M, NEGRO);JAPCA43TM;CAB;Negro;M;GRIETA;1
2026;ABRIL;CUADRO JACKET 2.0 CAB;[JAPCA66TL] CUADRO JACKET 2.0 CAB (L, VERDE MILITAR);JAPCA66TL;CAB;Verde Militar;L;GRIETA;1
2026;ABRIL;CUADRO JACKET 2.0 CAB;[JAPCA162TM] CUADRO JACKET 2.0 CAB (M, AZUL POLO);JAPCA162TM;CAB;Azul Polo;M;SAMBIL CHACAO;1
2026;ABRIL;CUADRO JACKET 2.0 KIDS;[JAPKI35T10] CUADRO JACKET 2.0 KIDS (10, MAGENTA);JAPKI35T10;KIDS;Magenta;10;CERRO VERDE;1
2026;ABRIL;CUADRO JACKET 2.0 CAB;[JAPCA16TXL] CUADRO JACKET 2.0 CAB (XL, BLANCO);JAPCA16TXL;CAB;Blanco;XL;CERRO VERDE;-1
2026;ABRIL;CUADRO JACKET 2.0 CAB;[JAPCA162T2XL] CUADRO JACKET 2.0 CAB (2XL, AZUL POLO);JAPCA162T2XL;CAB;Azul Polo;2XL;CERRO VERDE;1
2026;ABRIL;CUADRO JACKET 2.0 CAB;[JAPCA16T2XL] CUADRO JACKET 2.0 CAB (2XL, BLANCO);JAPCA16T2XL;CAB;Blanco;2XL;CERRO VERDE;-1
2026;ABRIL;CUADRO JACKET 2.0 DAMA;[JAPDA16TM] CUADRO JACKET 2.0 DAMA (M, BLANCO);JAPDA16TM;DAMA;Blanco;M;SAMBIL CHACAO;1
2026;ABRIL;CUADRO JACKET 2.0 CAB;[JAPCA43TL] CUADRO JACKET 2.0 CAB (L, NEGRO);JAPCA43TL;CAB;Negro;L;CERRO VERDE;1
2026;ABRIL;CUADRO JACKET 2.0 CAB;[JAPCA66T2XL] CUADRO JACKET 2.0 CAB (2XL, VERDE MILITAR);JAPCA66T2XL;CAB;Verde Militar;2XL;CERRO VERDE;-1
2026;ABRIL;CUADRO JACKET 2.0 CAB;[JAPCA43TL] CUADRO JACKET 2.0 CAB (L, NEGRO);JAPCA43TL;CAB;Negro;L;CERRO VERDE;1
2026;ABRIL;CUADRO JACKET 2.0 DAMA;[JAPDA66TL] CUADRO JACKET 2.0 DAMA (L, VERDE MILITAR);JAPDA66TL;DAMA;Verde Militar;L;SAMBIL VALENCIA;1
2026;ABRIL;CUADRO JACKET 2.0 CAB;[JAPCA43TL] CUADRO JACKET 2.0 CAB (L, NEGRO);JAPCA43TL;CAB;Negro;L;SAMBIL CHACAO;1
2026;ABRIL;CUADRO JACKET 2.0 CAB;[JAPCA162TXL] CUADRO JACKET 2.0 CAB (XL, AZUL POLO);JAPCA162TXL;CAB;Azul Polo;XL;SAMBIL CHACAO;1
2026;ABRIL;CUADRO JACKET 2.0 DAMA;[JAPDA16TXS] CUADRO JACKET 2.0 DAMA (XS, BLANCO);JAPDA16TXS;DAMA;Blanco;XS;CERRO VERDE;1
2026;ABRIL;CUADRO JACKET 2.0 CAB;[JAPCA43TS] CUADRO JACKET 2.0 CAB (S, NEGRO);JAPCA43TS;CAB;Negro;S;GRIETA;1
2026;ABRIL;CUADRO JACKET 2.0 DAMA;[JAPDA16TS] CUADRO JACKET 2.0 DAMA (S, BLANCO);JAPDA16TS;DAMA;Blanco;S;SAMBIL VALENCIA;1
2026;ABRIL;CUADRO JACKET 2.0 DAMA;[JAPDA01TS] CUADRO JACKET 2.0 DAMA (S, AGUAMARINA);JAPDA01TS;DAMA;Aguamarina;S;GRAND PLAZ;1
2026;ABRIL;CUADRO JACKET 2.0 DAMA;[JAPDA35TXS] CUADRO JACKET 2.0 DAMA (XS, MAGENTA);JAPDA35TXS;DAMA;Magenta;XS;GRIETA;1
2026;ABRIL;CUADRO JACKET 2.0 DAMA;[JAPDA66TM] CUADRO JACKET 2.0 DAMA (M, VERDE MILITAR);JAPDA66TM;DAMA;Verde Militar;M;SAMBIL VALENCIA;1
2026;ABRIL;CUADRO JACKET 2.0 CAB;[JAPCA43TL] CUADRO JACKET 2.0 CAB (L, NEGRO);JAPCA43TL;CAB;Negro;L;SAMBIL CHACAO;1
2026;ABRIL;CUADRO JACKET 2.0 CAB;[JAPCA162TS] CUADRO JACKET 2.0 CAB (S, AZUL POLO);JAPCA162TS;CAB;Azul Polo;S;GRIETA;1
2026;ABRIL;CUADRO JACKET 2.0 CAB;[JAPCA16TL] CUADRO JACKET 2.0 CAB (L, BLANCO);JAPCA16TL;CAB;Blanco;L;SAMBIL CHACAO;1
2026;ABRIL;CUADRO JACKET 2.0 DAMA;[JAPDA43TXS] CUADRO JACKET 2.0 DAMA (XS, NEGRO);JAPDA43TXS;DAMA;Negro;XS;SAMBIL VALENCIA;1
2026;ABRIL;CUADRO JACKET 2.0 DAMA;[JAPDA43TXS] CUADRO JACKET 2.0 DAMA (XS, NEGRO);JAPDA43TXS;DAMA;Negro;XS;SAMBIL VALENCIA;1
2026;ABRIL;CUADRO JACKET 2.0 KIDS;[JAPKI162T10] CUADRO JACKET 2.0 KIDS (10, AZUL POLO);JAPKI162T10;KIDS;Azul Polo;10;SAMBIL VALENCIA;1
2026;ABRIL;CUADRO JACKET 2.0 DAMA;[JAPDA43TM] CUADRO JACKET 2.0 DAMA (M, NEGRO);JAPDA43TM;DAMA;Negro;M;GRIETA;1
2026;ABRIL;CUADRO JACKET 2.0 CAB;[JAPCA162TL] CUADRO JACKET 2.0 CAB (L, AZUL POLO);JAPCA162TL;CAB;Azul Polo;L;SAMBIL VALENCIA;1
2026;ABRIL;CUADRO JACKET 2.0 DAMA;[JAPDA16TL] CUADRO JACKET 2.0 DAMA (L, BLANCO);JAPDA16TL;DAMA;Blanco;L;GRIETA;1
2026;ABRIL;CUADRO JACKET 2.0 DAMA;[JAPDA162TL] CUADRO JACKET 2.0 DAMA (L, AZUL POLO);JAPDA162TL;DAMA;Azul Polo;L;CORPORATIVO;1
2026;ABRIL;CUADRO JACKET 2.0 CAB;[JAPCA162TL] CUADRO JACKET 2.0 CAB (L, AZUL POLO);JAPCA162TL;CAB;Azul Polo;L;CORPORATIVO;2
2026;ABRIL;CUADRO JACKET 2.0 CAB;[JAPCA162TXL] CUADRO JACKET 2.0 CAB (XL, AZUL POLO);JAPCA162TXL;CAB;Azul Polo;XL;CORPORATIVO;1
2026;ABRIL;CUADRO JACKET 2.0 DAMA;[JAPDA162TM] CUADRO JACKET 2.0 DAMA (M, AZUL POLO);JAPDA162TM;DAMA;Azul Polo;M;CORPORATIVO;2
2026;ABRIL;CUADRO JACKET 2.0 CAB;[JAPCA162TL] CUADRO JACKET 2.0 CAB (L, AZUL POLO);JAPCA162TL;CAB;Azul Polo;L;SAMBIL VALENCIA;1
2026;ABRIL;CUADRO JACKET 2.0 KIDS;[JAPKI162T12] CUADRO JACKET 2.0 KIDS (12, AZUL POLO);JAPKI162T12;KIDS;Azul Polo;12;GRAND PLAZ;2
2026;ABRIL;CUADRO JACKET 2.0 CAB;[JAPCA43TS] CUADRO JACKET 2.0 CAB (S, NEGRO);JAPCA43TS;CAB;Negro;S;SAMBIL VALENCIA;1
2026;ABRIL;CUADRO JACKET 2.0 CAB;[JAPCA66T2XL] CUADRO JACKET 2.0 CAB (2XL, VERDE MILITAR);JAPCA66T2XL;CAB;Verde Militar;2XL;SAMBIL VALENCIA;1
2026;ABRIL;CUADRO JACKET 2.0 CAB;[JAPCA162TL] CUADRO JACKET 2.0 CAB (L, AZUL POLO);JAPCA162TL;CAB;Azul Polo;L;CERRO VERDE;2
2026;ABRIL;CUADRO JACKET 2.0 DAMA;[JAPDA43TL] CUADRO JACKET 2.0 DAMA (L, NEGRO);JAPDA43TL;DAMA;Negro;L;GRIETA;1
2026;ABRIL;CUADRO JACKET 2.0 CAB;[JAPCA43TL] CUADRO JACKET 2.0 CAB (L, NEGRO);JAPCA43TL;CAB;Negro;L;GRIETA;1
2026;ABRIL;CUADRO JACKET 2.0 DAMA;[JAPDA16TM] CUADRO JACKET 2.0 DAMA (M, BLANCO);JAPDA16TM;DAMA;Blanco;M;CERRO VERDE;1
2026;ABRIL;CUADRO JACKET 2.0 DAMA;[JAPDA16TXS] CUADRO JACKET 2.0 DAMA (XS, BLANCO);JAPDA16TXS;DAMA;Blanco;XS;CERRO VERDE;1
2026;ABRIL;CUADRO JACKET 2.0 CAB;[JAPCA43TL] CUADRO JACKET 2.0 CAB (L, NEGRO);JAPCA43TL;CAB;Negro;L;GRIETA;1
2026;ABRIL;CUADRO JACKET 2.0 DAMA;[JAPDA43TL] CUADRO JACKET 2.0 DAMA (L, NEGRO);JAPDA43TL;DAMA;Negro;L;GRIETA;1
2026;ABRIL;CUADRO JACKET 2.0 DAMA;[JAPDA43TL] CUADRO JACKET 2.0 DAMA (L, NEGRO);JAPDA43TL;DAMA;Negro;L;GRIETA;1
2026;ABRIL;CUADRO JACKET 2.0 DAMA;[JAPDA35TXS] CUADRO JACKET 2.0 DAMA (XS, MAGENTA);JAPDA35TXS;DAMA;Magenta;XS;CERRO VERDE;1
2026;ABRIL;CUADRO JACKET 2.0 CAB;[JAPCA162TM] CUADRO JACKET 2.0 CAB (M, AZUL POLO);JAPCA162TM;CAB;Azul Polo;M;CERRO VERDE;1
2026;ABRIL;CUADRO JACKET 2.0 DAMA;[JAPDA43TXS] CUADRO JACKET 2.0 DAMA (XS, NEGRO);JAPDA43TXS;DAMA;Negro;XS;GRIETA;1
2026;ABRIL;CUADRO JACKET 2.0 CAB;[JAPCA43TL] CUADRO JACKET 2.0 CAB (L, NEGRO);JAPCA43TL;CAB;Negro;L;SAMBIL VALENCIA;1
2026;ABRIL;CUADRO JACKET 2.0 CAB;[JAPCA16TL] CUADRO JACKET 2.0 CAB (L, BLANCO);JAPCA16TL;CAB;Blanco;L;GRAND PLAZ;1
2026;ABRIL;CUADRO JACKET 2.0 DAMA;[JAPDA16TM] CUADRO JACKET 2.0 DAMA (M, BLANCO);JAPDA16TM;DAMA;Blanco;M;SAMBIL VALENCIA;1
2026;ABRIL;CUADRO JACKET 2.0 CAB;[JAPCA43T2XL] CUADRO JACKET 2.0 CAB (2XL, NEGRO);JAPCA43T2XL;CAB;Negro;2XL;SAMBIL VALENCIA;1
2026;ABRIL;CUADRO JACKET 2.0 DAMA;[JAPDA16TM] CUADRO JACKET 2.0 DAMA (M, BLANCO);JAPDA16TM;DAMA;Blanco;M;CERRO VERDE;1
2026;ABRIL;CUADRO JACKET 2.0 CAB;[JAPCA01T2XL] CUADRO JACKET 2.0 CAB (2XL, AGUAMARINA);JAPCA01T2XL;CAB;Aguamarina;2XL;CERRO VERDE;1
2026;ABRIL;CUADRO JACKET 2.0 DAMA;[JAPDA35TM] CUADRO JACKET 2.0 DAMA (M, MAGENTA);JAPDA35TM;DAMA;Magenta;M;SAMBIL CHACAO;1
2026;ABRIL;CUADRO JACKET 2.0 CAB;[JAPCA162TL] CUADRO JACKET 2.0 CAB (L, AZUL POLO);JAPCA162TL;CAB;Azul Polo;L;SAMBIL CHACAO;1
2026;ABRIL;CUADRO JACKET 2.0 CAB;[JAPCA66TM] CUADRO JACKET 2.0 CAB (M, VERDE MILITAR);JAPCA66TM;CAB;Verde Militar;M;SAMBIL CHACAO;1
2026;ABRIL;CUADRO JACKET 2.0 DAMA;[JAPDA16TXS] CUADRO JACKET 2.0 DAMA (XS, BLANCO);JAPDA16TXS;DAMA;Blanco;XS;SAMBIL CHACAO;1
2026;ABRIL;CUADRO JACKET 2.0 DAMA;[JAPDA16TL] CUADRO JACKET 2.0 DAMA (L, BLANCO);JAPDA16TL;DAMA;Blanco;L;SAMBIL CHACAO;1
2026;ABRIL;CUADRO JACKET 2.0 CAB;[JAPCA43TL] CUADRO JACKET 2.0 CAB (L, NEGRO);JAPCA43TL;CAB;Negro;L;GRIETA;1
2026;ABRIL;CUADRO JACKET 2.0 CAB;[JAPCA43TM] CUADRO JACKET 2.0 CAB (M, NEGRO);JAPCA43TM;CAB;Negro;M;GRIETA;2
2026;ABRIL;CUADRO JACKET 2.0 CAB;[JAPCA43TM] CUADRO JACKET 2.0 CAB (M, NEGRO);JAPCA43TM;CAB;Negro;M;CERRO VERDE;1
2026;ABRIL;CUADRO JACKET 2.0 DAMA;[JAPDA162TS] CUADRO JACKET 2.0 DAMA (S, AZUL POLO);JAPDA162TS;DAMA;Azul Polo;S;CERRO VERDE;1
2026;ABRIL;CUADRO JACKET 2.0 CAB;[JAPCA43TL] CUADRO JACKET 2.0 CAB (L, NEGRO);JAPCA43TL;CAB;Negro;L;SAMBIL CHACAO;1
2026;ABRIL;CUADRO JACKET 2.0 CAB;[JAPCA162T2XL] CUADRO JACKET 2.0 CAB (2XL, AZUL POLO);JAPCA162T2XL;CAB;Azul Polo;2XL;CERRO VERDE;1
2026;ABRIL;CUADRO JACKET 2.0 CAB;[JAPCA162T2XL] CUADRO JACKET 2.0 CAB (2XL, AZUL POLO);JAPCA162T2XL;CAB;Azul Polo;2XL;SAMBIL CHACAO;1
2026;ABRIL;CUADRO JACKET 2.0 CAB;[JAPCA162TM] CUADRO JACKET 2.0 CAB (M, AZUL POLO);JAPCA162TM;CAB;Azul Polo;M;CERRO VERDE;1
2026;ABRIL;CUADRO JACKET 2.0 CAB;[JAPCA43T2XL] CUADRO JACKET 2.0 CAB (2XL, NEGRO);JAPCA43T2XL;CAB;Negro;2XL;SAMBIL VALENCIA;1
2026;ABRIL;CUADRO JACKET 2.0 DAMA;[JAPDA66TXS] CUADRO JACKET 2.0 DAMA (XS, VERDE MILITAR);JAPDA66TXS;DAMA;Verde Militar;XS;SAMBIL VALENCIA;1
2026;ABRIL;CUADRO JACKET 2.0 CAB;[JAPCA43T2XL] CUADRO JACKET 2.0 CAB (2XL, NEGRO);JAPCA43T2XL;CAB;Negro;2XL;SAMBIL VALENCIA;1
2026;ABRIL;CUADRO JACKET 2.0 DAMA;[JAPDA35TL] CUADRO JACKET 2.0 DAMA (L, MAGENTA);JAPDA35TL;DAMA;Magenta;L;SAMBIL VALENCIA;1
2026;ABRIL;CUADRO JACKET 2.0 DAMA;[JAPDA43TS] CUADRO JACKET 2.0 DAMA (S, NEGRO);JAPDA43TS;DAMA;Negro;S;SAMBIL VALENCIA;1
2026;ABRIL;CUADRO JACKET 2.0 CAB;[JAPCA43TL] CUADRO JACKET 2.0 CAB (L, NEGRO);JAPCA43TL;CAB;Negro;L;SAMBIL VALENCIA;1
2026;ABRIL;CUADRO JACKET 2.0 DAMA;[JAPDA16TL] CUADRO JACKET 2.0 DAMA (L, BLANCO);JAPDA16TL;DAMA;Blanco;L;SAMBIL VALENCIA;1
2026;ABRIL;CUADRO JACKET 2.0 CAB;[JAPCA162TL] CUADRO JACKET 2.0 CAB (L, AZUL POLO);JAPCA162TL;CAB;Azul Polo;L;SAMBIL VALENCIA;1
2026;ABRIL;CUADRO JACKET 2.0 KIDS;[JAPKI43T10] CUADRO JACKET 2.0 KIDS (10, NEGRO);JAPKI43T10;KIDS;Negro;10;CERRO VERDE;1
2026;ABRIL;CUADRO JACKET 2.0 DAMA;[JAPDA162TXS] CUADRO JACKET 2.0 DAMA (XS, AZUL POLO);JAPDA162TXS;DAMA;Azul Polo;XS;GRIETA;1
2026;ABRIL;CUADRO JACKET 2.0 CAB;[JAPCA43TM] CUADRO JACKET 2.0 CAB (M, NEGRO);JAPCA43TM;CAB;Negro;M;GRIETA;1
2026;ABRIL;CUADRO JACKET 2.0 CAB;[JAPCA66TM] CUADRO JACKET 2.0 CAB (M, VERDE MILITAR);JAPCA66TM;CAB;Verde Militar;M;SAMBIL VALENCIA;1
2026;ABRIL;CUADRO JACKET 2.0 CAB;[JAPCA43TM] CUADRO JACKET 2.0 CAB (M, NEGRO);JAPCA43TM;CAB;Negro;M;SAMBIL VALENCIA;1
2026;ABRIL;CUADRO JACKET 2.0 DAMA;[JAPDA162TXS] CUADRO JACKET 2.0 DAMA (XS, AZUL POLO);JAPDA162TXS;DAMA;Azul Polo;XS;CERRO VERDE;1
2026;ABRIL;CUADRO JACKET 2.0 CAB;[JAPCA162TXL] CUADRO JACKET 2.0 CAB (XL, AZUL POLO);JAPCA162TXL;CAB;Azul Polo;XL;CERRO VERDE;1
2026;ABRIL;CUADRO JACKET 2.0 CAB;[JAPCA66TM] CUADRO JACKET 2.0 CAB (M, VERDE MILITAR);JAPCA66TM;CAB;Verde Militar;M;CERRO VERDE;1
2026;ABRIL;CUADRO JACKET 2.0 CAB;[JAPCA43TM] CUADRO JACKET 2.0 CAB (M, NEGRO);JAPCA43TM;CAB;Negro;M;GRIETA;1
2026;ABRIL;CUADRO JACKET 2.0 KIDS;[JAPKI162T12] CUADRO JACKET 2.0 KIDS (12, AZUL POLO);JAPKI162T12;KIDS;Azul Polo;12;CERRO VERDE;1
2026;ABRIL;CUADRO JACKET 2.0 DAMA;[JAPDA43TS] CUADRO JACKET 2.0 DAMA (S, NEGRO);JAPDA43TS;DAMA;Negro;S;SAMBIL CHACAO;1
2026;ABRIL;CUADRO JACKET 2.0 CAB;[JAPCA66T2XL] CUADRO JACKET 2.0 CAB (2XL, VERDE MILITAR);JAPCA66T2XL;CAB;Verde Militar;2XL;CERRO VERDE;1
2026;ABRIL;CUADRO JACKET 2.0 DAMA;[JAPDA43TL] CUADRO JACKET 2.0 DAMA (L, NEGRO);JAPDA43TL;DAMA;Negro;L;SAMBIL VALENCIA;1
2026;ABRIL;CUADRO JACKET 2.0 KIDS;[JAPKI35T6] CUADRO JACKET 2.0 KIDS (6, MAGENTA);JAPKI35T6;KIDS;Magenta;6;SAMBIL CHACAO;1
2026;ABRIL;CUADRO JACKET 2.0 DAMA;[JAPDA43TM] CUADRO JACKET 2.0 DAMA (M, NEGRO);JAPDA43TM;DAMA;Negro;M;SAMBIL VALENCIA;1
2026;ABRIL;CUADRO JACKET 2.0 CAB;[JAPCA162TL] CUADRO JACKET 2.0 CAB (L, AZUL POLO);JAPCA162TL;CAB;Azul Polo;L;SAMBIL VALENCIA;1
2026;ABRIL;CUADRO JACKET 2.0 CAB;[JAPCA162TS] CUADRO JACKET 2.0 CAB (S, AZUL POLO);JAPCA162TS;CAB;Azul Polo;S;SAMBIL CHACAO;1
2026;ABRIL;CUADRO JACKET 2.0 DAMA;[JAPDA16TM] CUADRO JACKET 2.0 DAMA (M, BLANCO);JAPDA16TM;DAMA;Blanco;M;SAMBIL CHACAO;1
2026;ABRIL;CUADRO JACKET 2.0 CAB;[JAPCA43TS] CUADRO JACKET 2.0 CAB (S, NEGRO);JAPCA43TS;CAB;Negro;S;SAMBIL VALENCIA;1
2026;ABRIL;CUADRO JACKET 2.0 DAMA;[JAPDA35TM] CUADRO JACKET 2.0 DAMA (M, MAGENTA);JAPDA35TM;DAMA;Magenta;M;SAMBIL VALENCIA;1
2026;ABRIL;CUADRO JACKET 2.0 DAMA;[JAPDA43TXS] CUADRO JACKET 2.0 DAMA (XS, NEGRO);JAPDA43TXS;DAMA;Negro;XS;SAMBIL VALENCIA;1
2026;ABRIL;CUADRO JACKET 2.0 CAB;[JAPCA43TL] CUADRO JACKET 2.0 CAB (L, NEGRO);JAPCA43TL;CAB;Negro;L;SAMBIL VALENCIA;1
2026;ABRIL;CUADRO JACKET 2.0 CAB;[JAPCA43TL] CUADRO JACKET 2.0 CAB (L, NEGRO);JAPCA43TL;CAB;Negro;L;SAMBIL VALENCIA;1
2026;ABRIL;CUADRO JACKET 2.0 DAMA;[JAPDA16TS] CUADRO JACKET 2.0 DAMA (S, BLANCO);JAPDA16TS;DAMA;Blanco;S;GRIETA;1
2026;ABRIL;CUADRO JACKET 2.0 CAB;[JAPCA16TL] CUADRO JACKET 2.0 CAB (L, BLANCO);JAPCA16TL;CAB;Blanco;L;GRIETA;1
2026;ABRIL;CUADRO JACKET 2.0 CAB;[JAPCA66TL] CUADRO JACKET 2.0 CAB (L, VERDE MILITAR);JAPCA66TL;CAB;Verde Militar;L;GRIETA;1
2026;ABRIL;CUADRO JACKET 2.0 KIDS;[JAPKI162T12] CUADRO JACKET 2.0 KIDS (12, AZUL POLO);JAPKI162T12;KIDS;Azul Polo;12;CERRO VERDE;1
2026;ABRIL;CUADRO JACKET 2.0 DAMA;[JAPDA43TS] CUADRO JACKET 2.0 DAMA (S, NEGRO);JAPDA43TS;DAMA;Negro;S;SAMBIL VALENCIA;-1
2026;ABRIL;CUADRO JACKET 2.0 DAMA;[JAPDA16TS] CUADRO JACKET 2.0 DAMA (S, BLANCO);JAPDA16TS;DAMA;Blanco;S;SAMBIL VALENCIA;1
2026;ABRIL;CUADRO JACKET 2.0 CAB;[JAPCA43TS] CUADRO JACKET 2.0 CAB (S, NEGRO);JAPCA43TS;CAB;Negro;S;SAMBIL CHACAO;1
2026;ABRIL;CUADRO JACKET 2.0 CAB;[JAPCA162TL] CUADRO JACKET 2.0 CAB (L, AZUL POLO);JAPCA162TL;CAB;Azul Polo;L;CERRO VERDE;1
2026;ABRIL;CUADRO JACKET 2.0 CAB;[JAPCA66TL] CUADRO JACKET 2.0 CAB (L, VERDE MILITAR);JAPCA66TL;CAB;Verde Militar;L;SAMBIL VALENCIA;1
2026;ABRIL;CUADRO JACKET 2.0 CAB;[JAPCA43T2XL] CUADRO JACKET 2.0 CAB (2XL, NEGRO);JAPCA43T2XL;CAB;Negro;2XL;SAMBIL VALENCIA;1
2026;ABRIL;CUADRO JACKET 2.0 DAMA;[JAPDA66TXL] CUADRO JACKET 2.0 DAMA (XL, VERDE MILITAR);JAPDA66TXL;DAMA;Verde Militar;XL;SAMBIL CHACAO;1
2026;ABRIL;CUADRO JACKET 2.0 DAMA;[JAPDA35TS] CUADRO JACKET 2.0 DAMA (S, MAGENTA);JAPDA35TS;DAMA;Magenta;S;GRIETA;1
2026;ABRIL;CUADRO JACKET 2.0 DAMA;[JAPDA43TXL] CUADRO JACKET 2.0 DAMA (XL, NEGRO);JAPDA43TXL;DAMA;Negro;XL;GRIETA;1
2026;ABRIL;CUADRO JACKET 2.0 CAB;[JAPCA162TXL] CUADRO JACKET 2.0 CAB (XL, AZUL POLO);JAPCA162TXL;CAB;Azul Polo;XL;CERRO VERDE;1
2026;ABRIL;CUADRO JACKET 2.0 KIDS;[JAPKI43T4] CUADRO JACKET 2.0 KIDS (4, NEGRO);JAPKI43T4;KIDS;Negro;4;SAMBIL VALENCIA;1
2026;ABRIL;CUADRO JACKET 2.0 DAMA;[JAPDA43TXS] CUADRO JACKET 2.0 DAMA (XS, NEGRO);JAPDA43TXS;DAMA;Negro;XS;SAMBIL VALENCIA;1
2026;ABRIL;CUADRO JACKET 2.0 CAB;[JAPCA43TL] CUADRO JACKET 2.0 CAB (L, NEGRO);JAPCA43TL;CAB;Negro;L;SAMBIL VALENCIA;1
2026;ABRIL;CUADRO JACKET 2.0 DAMA;[JAPDA43TM] CUADRO JACKET 2.0 DAMA (M, NEGRO);JAPDA43TM;DAMA;Negro;M;SAMBIL VALENCIA;1
2026;ABRIL;CUADRO JACKET 2.0 KIDS;[JAPKI43T12] CUADRO JACKET 2.0 KIDS (12, NEGRO);JAPKI43T12;KIDS;Negro;12;SAMBIL VALENCIA;1
2026;ABRIL;CUADRO JACKET 2.0 DAMA;[JAPDA01TS] CUADRO JACKET 2.0 DAMA (S, AGUAMARINA);JAPDA01TS;DAMA;Aguamarina;S;SAMBIL VALENCIA;1
2026;ABRIL;CUADRO JACKET 2.0 KIDS;[JAPKI35T6] CUADRO JACKET 2.0 KIDS (6, MAGENTA);JAPKI35T6;KIDS;Magenta;6;CERRO VERDE;1
2026;ABRIL;CUADRO JACKET 2.0 KIDS;[JAPKI43T12] CUADRO JACKET 2.0 KIDS (12, NEGRO);JAPKI43T12;KIDS;Negro;12;CORPORATIVO;2
2026;ABRIL;CUADRO JACKET 2.0 DAMA;[JAPDA43TXS] CUADRO JACKET 2.0 DAMA (XS, NEGRO);JAPDA43TXS;DAMA;Negro;XS;CORPORATIVO;4
2026;ABRIL;CUADRO JACKET 2.0 DAMA;[JAPDA16TM] CUADRO JACKET 2.0 DAMA (M, BLANCO);JAPDA16TM;DAMA;Blanco;M;SAMBIL VALENCIA;-1
2026;ABRIL;CUADRO JACKET 2.0 DAMA;[JAPDA43TM] CUADRO JACKET 2.0 DAMA (M, NEGRO);JAPDA43TM;DAMA;Negro;M;SAMBIL VALENCIA;1
2026;ABRIL;CUADRO JACKET 2.0 DAMA;[JAPDA162TXS] CUADRO JACKET 2.0 DAMA (XS, AZUL POLO);JAPDA162TXS;DAMA;Azul Polo;XS;CERRO VERDE;1
2026;ABRIL;CUADRO JACKET 2.0 CAB;[JAPCA43TM] CUADRO JACKET 2.0 CAB (M, NEGRO);JAPCA43TM;CAB;Negro;M;GRIETA;1
2026;ABRIL;CUADRO JACKET 2.0 DAMA;[JAPDA35TXS] CUADRO JACKET 2.0 DAMA (XS, MAGENTA);JAPDA35TXS;DAMA;Magenta;XS;GRIETA;1
2026;ABRIL;CUADRO JACKET 2.0 CAB;[JAPCA66TXL] CUADRO JACKET 2.0 CAB (XL, VERDE MILITAR);JAPCA66TXL;CAB;Verde Militar;XL;CERRO VERDE;1
2026;ABRIL;CUADRO JACKET 2.0 CAB;[JAPCA16T2XL] CUADRO JACKET 2.0 CAB (2XL, BLANCO);JAPCA16T2XL;CAB;Blanco;2XL;CERRO VERDE;1
2026;ABRIL;CUADRO JACKET 2.0 CAB;[JAPCA66T2XL] CUADRO JACKET 2.0 CAB (2XL, VERDE MILITAR);JAPCA66T2XL;CAB;Verde Militar;2XL;SAMBIL VALENCIA;1
2026;ABRIL;CUADRO JACKET 2.0 CAB;[JAPCA162TS] CUADRO JACKET 2.0 CAB (S, AZUL POLO);JAPCA162TS;CAB;Azul Polo;S;GRAND PLAZ;-1
2026;ABRIL;CUADRO JACKET 2.0 DAMA;[JAPDA162TXS] CUADRO JACKET 2.0 DAMA (XS, AZUL POLO);JAPDA162TXS;DAMA;Azul Polo;XS;GRAND PLAZ;1
2026;ABRIL;CUADRO JACKET 2.0 CAB;[JAPCA162TM] CUADRO JACKET 2.0 CAB (M, AZUL POLO);JAPCA162TM;CAB;Azul Polo;M;GRAND PLAZ;1
2026;ABRIL;CUADRO JACKET 2.0 DAMA;[JAPDA35TM] CUADRO JACKET 2.0 DAMA (M, MAGENTA);JAPDA35TM;DAMA;Magenta;M;SAMBIL VALENCIA;1
2026;ABRIL;CUADRO JACKET 2.0 CAB;[JAPCA43TL] CUADRO JACKET 2.0 CAB (L, NEGRO);JAPCA43TL;CAB;Negro;L;CORPORATIVO;1
2026;ABRIL;CUADRO JACKET 2.0 CAB;[JAPCA43TM] CUADRO JACKET 2.0 CAB (M, NEGRO);JAPCA43TM;CAB;Negro;M;CORPORATIVO;1
2026;ABRIL;CUADRO JACKET 2.0 DAMA;[JAPDA43TL] CUADRO JACKET 2.0 DAMA (L, NEGRO);JAPDA43TL;DAMA;Negro;L;CORPORATIVO;1
2026;ABRIL;CUADRO JACKET 2.0 DAMA;[JAPDA43TM] CUADRO JACKET 2.0 DAMA (M, NEGRO);JAPDA43TM;DAMA;Negro;M;CORPORATIVO;1
2026;ABRIL;CUADRO JACKET 2.0 DAMA;[JAPDA43TS] CUADRO JACKET 2.0 DAMA (S, NEGRO);JAPDA43TS;DAMA;Negro;S;CORPORATIVO;1
2026;ABRIL;CUADRO JACKET 2.0 CAB;[JAPCA162T2XL] CUADRO JACKET 2.0 CAB (2XL, AZUL POLO);JAPCA162T2XL;CAB;Azul Polo;2XL;SAMBIL VALENCIA;1
2026;ABRIL;CUADRO JACKET 2.0 DAMA;[JAPDA16TXL] CUADRO JACKET 2.0 DAMA (XL, BLANCO);JAPDA16TXL;DAMA;Blanco;XL;SAMBIL VALENCIA;1
2026;ABRIL;CUADRO JACKET 2.0 CAB;[JAPCA43TL] CUADRO JACKET 2.0 CAB (L, NEGRO);JAPCA43TL;CAB;Negro;L;CERRO VERDE;1
2026;ABRIL;CUADRO JACKET 2.0 DAMA;[JAPDA43TM] CUADRO JACKET 2.0 DAMA (M, NEGRO);JAPDA43TM;DAMA;Negro;M;CERRO VERDE;1
2026;ABRIL;CUADRO JACKET 2.0 DAMA;[JAPDA43TS] CUADRO JACKET 2.0 DAMA (S, NEGRO);JAPDA43TS;DAMA;Negro;S;CERRO VERDE;1
2026;ABRIL;CUADRO JACKET 2.0 CAB;[JAPCA43TM] CUADRO JACKET 2.0 CAB (M, NEGRO);JAPCA43TM;CAB;Negro;M;CERRO VERDE;3
2026;ABRIL;CUADRO JACKET 2.0 CAB;[JAPCA43TM] CUADRO JACKET 2.0 CAB (M, NEGRO);JAPCA43TM;CAB;Negro;M;CERRO VERDE;1
2026;ABRIL;CUADRO JACKET 2.0 DAMA;[JAPDA43TXL] CUADRO JACKET 2.0 DAMA (XL, NEGRO);JAPDA43TXL;DAMA;Negro;XL;SAMBIL VALENCIA;1
2026;ABRIL;CUADRO JACKET 2.0 KIDS;[JAPKI162T4] CUADRO JACKET 2.0 KIDS (4, AZUL POLO);JAPKI162T4;KIDS;Azul Polo;4;GRIETA;1
2026;ABRIL;CUADRO JACKET 2.0 CAB;[JAPCA43T2XL] CUADRO JACKET 2.0 CAB (2XL, NEGRO);JAPCA43T2XL;CAB;Negro;2XL;SAMBIL VALENCIA;1
2026;ABRIL;CUADRO JACKET 2.0 CAB;[JAPCA43TXL] CUADRO JACKET 2.0 CAB (XL, NEGRO);JAPCA43TXL;CAB;Negro;XL;SAMBIL VALENCIA;1
2026;ABRIL;CUADRO JACKET 2.0 DAMA;[JAPDA16TS] CUADRO JACKET 2.0 DAMA (S, BLANCO);JAPDA16TS;DAMA;Blanco;S;TOLON;1
2026;ABRIL;CUADRO JACKET 2.0 DAMA;[JAPDA43TM] CUADRO JACKET 2.0 DAMA (M, NEGRO);JAPDA43TM;DAMA;Negro;M;GRIETA;1
2026;ABRIL;CUADRO JACKET 2.0 DAMA;[JAPDA16TS] CUADRO JACKET 2.0 DAMA (S, BLANCO);JAPDA16TS;DAMA;Blanco;S;GRIETA;1
2026;ABRIL;CUADRO JACKET 2.0 CAB;[JAPCA162TM] CUADRO JACKET 2.0 CAB (M, AZUL POLO);JAPCA162TM;CAB;Azul Polo;M;CERRO VERDE;1
2026;ABRIL;CUADRO JACKET 2.0 DAMA;[JAPDA01TM] CUADRO JACKET 2.0 DAMA (M, AGUAMARINA);JAPDA01TM;DAMA;Aguamarina;M;CERRO VERDE;1
2026;ABRIL;CUADRO JACKET 2.0 CAB;[JAPCA43TL] CUADRO JACKET 2.0 CAB (L, NEGRO);JAPCA43TL;CAB;Negro;L;GRIETA;1
2026;ABRIL;CUADRO JACKET 2.0 CAB;[JAPCA66TL] CUADRO JACKET 2.0 CAB (L, VERDE MILITAR);JAPCA66TL;CAB;Verde Militar;L;WEB;1
2026;ABRIL;CUADRO JACKET 2.0 KIDS;[JAPKI35T4] CUADRO JACKET 2.0 KIDS (4, MAGENTA);JAPKI35T4;KIDS;Magenta;4;TOLON;2
2026;ABRIL;CUADRO JACKET 2.0 KIDS;[JAPKI35T2] CUADRO JACKET 2.0 KIDS (2, MAGENTA);JAPKI35T2;KIDS;Magenta;2;TOLON;1
2026;ABRIL;CUADRO JACKET 2.0 DAMA;[JAPDA43TM] CUADRO JACKET 2.0 DAMA (M, NEGRO);JAPDA43TM;DAMA;Negro;M;SAMBIL VALENCIA;1
2026;ABRIL;CUADRO JACKET 2.0 DAMA;[JAPDA16TM] CUADRO JACKET 2.0 DAMA (M, BLANCO);JAPDA16TM;DAMA;Blanco;M;TOLON;1
2026;ABRIL;CUADRO JACKET 2.0 CAB;[JAPCA43TL] CUADRO JACKET 2.0 CAB (L, NEGRO);JAPCA43TL;CAB;Negro;L;CERRO VERDE;1
2026;ABRIL;CUADRO JACKET 2.0 DAMA;[JAPDA43TXS] CUADRO JACKET 2.0 DAMA (XS, NEGRO);JAPDA43TXS;DAMA;Negro;XS;CERRO VERDE;1
2026;ABRIL;CUADRO JACKET 2.0 CAB;[JAPCA43T2XL] CUADRO JACKET 2.0 CAB (2XL, NEGRO);JAPCA43T2XL;CAB;Negro;2XL;CERRO VERDE;1
2026;ABRIL;CUADRO JACKET 2.0 DAMA;[JAPDA16TXS] CUADRO JACKET 2.0 DAMA (XS, BLANCO);JAPDA16TXS;DAMA;Blanco;XS;GRIETA;1
2026;ABRIL;CUADRO JACKET 2.0 DAMA;[JAPDA16TXL] CUADRO JACKET 2.0 DAMA (XL, BLANCO);JAPDA16TXL;DAMA;Blanco;XL;TOLON;1
2026;ABRIL;CUADRO JACKET 2.0 CAB;[JAPCA162T2XL] CUADRO JACKET 2.0 CAB (2XL, AZUL POLO);JAPCA162T2XL;CAB;Azul Polo;2XL;GRIETA;1
2026;ABRIL;CUADRO JACKET 2.0 KIDS;[JAPKI162T4] CUADRO JACKET 2.0 KIDS (4, AZUL POLO);JAPKI162T4;KIDS;Azul Polo;4;GRIETA;1
2026;ABRIL;CUADRO JACKET 2.0 CAB;[JAPCA16T2XL] CUADRO JACKET 2.0 CAB (2XL, BLANCO);JAPCA16T2XL;CAB;Blanco;2XL;GRIETA;1
2026;ABRIL;CUADRO JACKET 2.0 CAB;[JAPCA16TM] CUADRO JACKET 2.0 CAB (M, BLANCO);JAPCA16TM;CAB;Blanco;M;CERRO VERDE;1
2026;ABRIL;CUADRO JACKET 2.0 DAMA;[JAPDA16TXS] CUADRO JACKET 2.0 DAMA (XS, BLANCO);JAPDA16TXS;DAMA;Blanco;XS;CERRO VERDE;1
2026;ABRIL;CUADRO JACKET 2.0 DAMA;[JAPDA162TM] CUADRO JACKET 2.0 DAMA (M, AZUL POLO);JAPDA162TM;DAMA;Azul Polo;M;GRIETA;1
2026;ABRIL;CUADRO JACKET 2.0 DAMA;[JAPDA16TXS] CUADRO JACKET 2.0 DAMA (XS, BLANCO);JAPDA16TXS;DAMA;Blanco;XS;SAMBIL VALENCIA;1
2026;ABRIL;CUADRO JACKET 2.0 DAMA;[JAPDA162TXS] CUADRO JACKET 2.0 DAMA (XS, AZUL POLO);JAPDA162TXS;DAMA;Azul Polo;XS;CERRO VERDE;1
2026;ABRIL;CUADRO JACKET 2.0 DAMA;[JAPDA16TM] CUADRO JACKET 2.0 DAMA (M, BLANCO);JAPDA16TM;DAMA;Blanco;M;CERRO VERDE;1
2026;ABRIL;CUADRO JACKET 2.0 DAMA;[JAPDA66TXS] CUADRO JACKET 2.0 DAMA (XS, VERDE MILITAR);JAPDA66TXS;DAMA;Verde Militar;XS;TOLON;1
2026;ABRIL;CUADRO JACKET 2.0 CAB;[JAPCA162TL] CUADRO JACKET 2.0 CAB (L, AZUL POLO);JAPCA162TL;CAB;Azul Polo;L;SAMBIL CHACAO;1
2026;ABRIL;CUADRO JACKET 2.0 CAB;[JAPCA43TXL] CUADRO JACKET 2.0 CAB (XL, NEGRO);JAPCA43TXL;CAB;Negro;XL;SAMBIL CHACAO;1
2026;ABRIL;CUADRO JACKET 2.0 KIDS;[JAPKI162T2] CUADRO JACKET 2.0 KIDS (2, AZUL POLO);JAPKI162T2;KIDS;Azul Polo;2;GRAND PLAZ;1
2026;ABRIL;CUADRO JACKET 2.0 DAMA;[JAPDA162TXS] CUADRO JACKET 2.0 DAMA (XS, AZUL POLO);JAPDA162TXS;DAMA;Azul Polo;XS;GRAND PLAZ;1
2026;ABRIL;CUADRO JACKET 2.0 DAMA;[JAPDA16TS] CUADRO JACKET 2.0 DAMA (S, BLANCO);JAPDA16TS;DAMA;Blanco;S;TOLON;1
2026;ABRIL;CUADRO JACKET 2.0 DAMA;[JAPDA01TS] CUADRO JACKET 2.0 DAMA (S, AGUAMARINA);JAPDA01TS;DAMA;Aguamarina;S;SAMBIL VALENCIA;1
2026;ABRIL;CUADRO JACKET 2.0 CAB;[JAPCA43TXL] CUADRO JACKET 2.0 CAB (XL, NEGRO);JAPCA43TXL;CAB;Negro;XL;CERRO VERDE;1
2026;ABRIL;CUADRO JACKET 2.0 DAMA;[JAPDA16TXL] CUADRO JACKET 2.0 DAMA (XL, BLANCO);JAPDA16TXL;DAMA;Blanco;XL;CERRO VERDE;1
2026;ABRIL;CUADRO JACKET 2.0 KIDS;[JAPKI162T10] CUADRO JACKET 2.0 KIDS (10, AZUL POLO);JAPKI162T10;KIDS;Azul Polo;10;SAMBIL CHACAO;1
2026;ABRIL;CUADRO JACKET 2.0 CAB;[JAPCA43TS] CUADRO JACKET 2.0 CAB (S, NEGRO);JAPCA43TS;CAB;Negro;S;SAMBIL CHACAO;1
2026;ABRIL;CUADRO JACKET 2.0 KIDS;[JAPKI162T8] CUADRO JACKET 2.0 KIDS (8, AZUL POLO);JAPKI162T8;KIDS;Azul Polo;8;SAMBIL CHACAO;1
2026;ABRIL;CUADRO JACKET 2.0 DAMA;[JAPDA162TM] CUADRO JACKET 2.0 DAMA (M, AZUL POLO);JAPDA162TM;DAMA;Azul Polo;M;SAMBIL CHACAO;1
2026;ABRIL;CUADRO JACKET 2.0 CAB;[JAPCA162TL] CUADRO JACKET 2.0 CAB (L, AZUL POLO);JAPCA162TL;CAB;Azul Polo;L;SAMBIL VALENCIA;1
2026;ABRIL;CUADRO JACKET 2.0 DAMA;[JAPDA43TXL] CUADRO JACKET 2.0 DAMA (XL, NEGRO);JAPDA43TXL;DAMA;Negro;XL;SAMBIL CHACAO;1
2026;MAYO;CUADRO JACKET 2.0 KIDS;[JAPKI01T12] CUADRO JACKET 2.0 KIDS (12, AGUAMARINA);JAPKI01T12;KIDS;Aguamarina;12;GRAND PLAZ;1
2026;MAYO;CUADRO JACKET 2.0 DAMA;[JAPDA16TM] CUADRO JACKET 2.0 DAMA (M, BLANCO);JAPDA16TM;DAMA;Blanco;M;GRAND PLAZ;1
2026;MAYO;CUADRO JACKET 2.0 CAB;[JAPCA162TL] CUADRO JACKET 2.0 CAB (L, AZUL POLO);JAPCA162TL;CAB;Azul Polo;L;GRAND PLAZ;1
2026;MAYO;CUADRO JACKET 2.0 DAMA;[JAPDA35TS] CUADRO JACKET 2.0 DAMA (S, MAGENTA);JAPDA35TS;DAMA;Magenta;S;SAMBIL CHACAO;1
2026;MAYO;CUADRO JACKET 2.0 CAB;[JAPCA43TL] CUADRO JACKET 2.0 CAB (L, NEGRO);JAPCA43TL;CAB;Negro;L;SAMBIL CHACAO;1
2026;MAYO;CUADRO JACKET 2.0 DAMA;[JAPDA16TM] CUADRO JACKET 2.0 DAMA (M, BLANCO);JAPDA16TM;DAMA;Blanco;M;SAMBIL CHACAO;1
2026;MAYO;CUADRO JACKET 2.0 CAB;[JAPCA16TL] CUADRO JACKET 2.0 CAB (L, BLANCO);JAPCA16TL;CAB;Blanco;L;SAMBIL CHACAO;1
2026;MAYO;CUADRO JACKET 2.0 DAMA;[JAPDA43TXS] CUADRO JACKET 2.0 DAMA (XS, NEGRO);JAPDA43TXS;DAMA;Negro;XS;SAMBIL CHACAO;1
2026;MAYO;CUADRO JACKET 2.0 CAB;[JAPCA01TL] CUADRO JACKET 2.0 CAB (L, AGUAMARINA);JAPCA01TL;CAB;Aguamarina;L;CORPORATIVO;1
2026;MAYO;CUADRO JACKET 2.0 DAMA;[JAPDA35TS] CUADRO JACKET 2.0 DAMA (S, MAGENTA);JAPDA35TS;DAMA;Magenta;S;GRIETA;1
2026;MAYO;CUADRO JACKET 2.0 DAMA;[JAPDA162TM] CUADRO JACKET 2.0 DAMA (M, AZUL POLO);JAPDA162TM;DAMA;Azul Polo;M;GRIETA;1
2026;MAYO;CUADRO JACKET 2.0 DAMA;[JAPDA66TS] CUADRO JACKET 2.0 DAMA (S, VERDE MILITAR);JAPDA66TS;DAMA;Verde Militar;S;CERRO VERDE;1
2026;MAYO;CUADRO JACKET 2.0 DAMA;[JAPDA162TXL] CUADRO JACKET 2.0 DAMA (XL, AZUL POLO);JAPDA162TXL;DAMA;Azul Polo;XL;GRIETA;1
2026;MAYO;CUADRO JACKET 2.0 DAMA;[JAPDA66TL] CUADRO JACKET 2.0 DAMA (L, VERDE MILITAR);JAPDA66TL;DAMA;Verde Militar;L;CERRO VERDE;1
2026;MAYO;CUADRO JACKET 2.0 KIDS;[JAPKI35T12] CUADRO JACKET 2.0 KIDS (12, MAGENTA);JAPKI35T12;KIDS;Magenta;12;CERRO VERDE;1
2026;MAYO;CUADRO JACKET 2.0 DAMA;[JAPDA16TXS] CUADRO JACKET 2.0 DAMA (XS, BLANCO);JAPDA16TXS;DAMA;Blanco;XS;SAMBIL CHACAO;1
2026;MAYO;CUADRO JACKET 2.0 DAMA;[JAPDA16TS] CUADRO JACKET 2.0 DAMA (S, BLANCO);JAPDA16TS;DAMA;Blanco;S;CERRO VERDE;1
2026;MAYO;CUADRO JACKET 2.0 CAB;[JAPCA43TXL] CUADRO JACKET 2.0 CAB (XL, NEGRO);JAPCA43TXL;CAB;Negro;XL;SAMBIL VALENCIA;1
2026;MAYO;CUADRO JACKET 2.0 CAB;[JAPCA162TS] CUADRO JACKET 2.0 CAB (S, AZUL POLO);JAPCA162TS;CAB;Azul Polo;S;TOLON;1
2026;MAYO;CUADRO JACKET 2.0 DAMA;[JAPDA01TM] CUADRO JACKET 2.0 DAMA (M, AGUAMARINA);JAPDA01TM;DAMA;Aguamarina;M;SAMBIL CHACAO;1
2026;MAYO;CUADRO JACKET 2.0 DAMA;[JAPDA162TM] CUADRO JACKET 2.0 DAMA (M, AZUL POLO);JAPDA162TM;DAMA;Azul Polo;M;SAMBIL CHACAO;1
2026;MAYO;CUADRO JACKET 2.0 DAMA;[JAPDA16TM] CUADRO JACKET 2.0 DAMA (M, BLANCO);JAPDA16TM;DAMA;Blanco;M;CERRO VERDE;1
2026;MAYO;CUADRO JACKET 2.0 KIDS;[JAPKI35T4] CUADRO JACKET 2.0 KIDS (4, MAGENTA);JAPKI35T4;KIDS;Magenta;4;SAMBIL VALENCIA;1
2026;MAYO;CUADRO JACKET 2.0 CAB;[JAPCA66TL] CUADRO JACKET 2.0 CAB (L, VERDE MILITAR);JAPCA66TL;CAB;Verde Militar;L;SAMBIL CHACAO;1
2026;MAYO;CUADRO JACKET 2.0 CAB;[JAPCA162TL] CUADRO JACKET 2.0 CAB (L, AZUL POLO);JAPCA162TL;CAB;Azul Polo;L;SAMBIL VALENCIA;1
2026;MAYO;CUADRO JACKET 2.0 DAMA;[JAPDA01TS] CUADRO JACKET 2.0 DAMA (S, AGUAMARINA);JAPDA01TS;DAMA;Aguamarina;S;SAMBIL CHACAO;1
2026;MAYO;CUADRO JACKET 2.0 CAB;[JAPCA43TM] CUADRO JACKET 2.0 CAB (M, NEGRO);JAPCA43TM;CAB;Negro;M;SAMBIL VALENCIA;1
2026;MAYO;CUADRO JACKET 2.0 KIDS;[JAPKI162T6] CUADRO JACKET 2.0 KIDS (6, AZUL POLO);JAPKI162T6;KIDS;Azul Polo;6;CERRO VERDE;1
2026;MAYO;CUADRO JACKET 2.0 KIDS;[JAPKI162T2] CUADRO JACKET 2.0 KIDS (2, AZUL POLO);JAPKI162T2;KIDS;Azul Polo;2;CERRO VERDE;1
2026;MAYO;CUADRO JACKET 2.0 DAMA;[JAPDA16TM] CUADRO JACKET 2.0 DAMA (M, BLANCO);JAPDA16TM;DAMA;Blanco;M;TOLON;1
2026;MAYO;CUADRO JACKET 2.0 DAMA;[JAPDA66TS] CUADRO JACKET 2.0 DAMA (S, VERDE MILITAR);JAPDA66TS;DAMA;Verde Militar;S;TOLON;1
2026;MAYO;CUADRO JACKET 2.0 CAB;[JAPCA66TM] CUADRO JACKET 2.0 CAB (M, VERDE MILITAR);JAPCA66TM;CAB;Verde Militar;M;TOLON;1
2026;MAYO;CUADRO JACKET 2.0 CAB;[JAPCA16TM] CUADRO JACKET 2.0 CAB (M, BLANCO);JAPCA16TM;CAB;Blanco;M;TOLON;1
2026;MAYO;CUADRO JACKET 2.0 KIDS;[JAPKI162T12] CUADRO JACKET 2.0 KIDS (12, AZUL POLO);JAPKI162T12;KIDS;Azul Polo;12;SAMBIL VALENCIA;1
2026;MAYO;CUADRO JACKET 2.0 DAMA;[JAPDA66TM] CUADRO JACKET 2.0 DAMA (M, VERDE MILITAR);JAPDA66TM;DAMA;Verde Militar;M;CERRO VERDE;1
2026;MAYO;CUADRO JACKET 2.0 DAMA;[JAPDA162TS] CUADRO JACKET 2.0 DAMA (S, AZUL POLO);JAPDA162TS;DAMA;Azul Polo;S;SAMBIL VALENCIA;1
2026;MAYO;CUADRO JACKET 2.0 DAMA;[JAPDA43TL] CUADRO JACKET 2.0 DAMA (L, NEGRO);JAPDA43TL;DAMA;Negro;L;GRIETA;1
2026;MAYO;CUADRO JACKET 2.0 CAB;[JAPCA162T2XL] CUADRO JACKET 2.0 CAB (2XL, AZUL POLO);JAPCA162T2XL;CAB;Azul Polo;2XL;GRIETA;1
2026;MAYO;CUADRO JACKET 2.0 CAB;[JAPCA43TL] CUADRO JACKET 2.0 CAB (L, NEGRO);JAPCA43TL;CAB;Negro;L;GRIETA;1
2026;MAYO;CUADRO JACKET 2.0 DAMA;[JAPDA35TM] CUADRO JACKET 2.0 DAMA (M, MAGENTA);JAPDA35TM;DAMA;Magenta;M;TOLON;1
2026;MAYO;CUADRO JACKET 2.0 KIDS;[JAPKI35T4] CUADRO JACKET 2.0 KIDS (4, MAGENTA);JAPKI35T4;KIDS;Magenta;4;TOLON;1
2026;MAYO;CUADRO JACKET 2.0 DAMA;[JAPDA16TXL] CUADRO JACKET 2.0 DAMA (XL, BLANCO);JAPDA16TXL;DAMA;Blanco;XL;TOLON;1
2026;MAYO;CUADRO JACKET 2.0 DAMA;[JAPDA16TM] CUADRO JACKET 2.0 DAMA (M, BLANCO);JAPDA16TM;DAMA;Blanco;M;TOLON;1
2026;MAYO;CUADRO JACKET 2.0 DAMA;[JAPDA01TS] CUADRO JACKET 2.0 DAMA (S, AGUAMARINA);JAPDA01TS;DAMA;Aguamarina;S;TOLON;1
2026;MAYO;CUADRO JACKET 2.0 DAMA;[JAPDA66TM] CUADRO JACKET 2.0 DAMA (M, VERDE MILITAR);JAPDA66TM;DAMA;Verde Militar;M;SAMBIL CHACAO;1
2026;MAYO;CUADRO JACKET 2.0 DAMA;[JAPDA16TXS] CUADRO JACKET 2.0 DAMA (XS, BLANCO);JAPDA16TXS;DAMA;Blanco;XS;SAMBIL VALENCIA;1
2026;MAYO;CUADRO JACKET 2.0 DAMA;[JAPDA43TL] CUADRO JACKET 2.0 DAMA (L, NEGRO);JAPDA43TL;DAMA;Negro;L;GRIETA;1
2026;MAYO;CUADRO JACKET 2.0 CAB;[JAPCA43TM] CUADRO JACKET 2.0 CAB (M, NEGRO);JAPCA43TM;CAB;Negro;M;CERRO VERDE;1
2026;MAYO;CUADRO JACKET 2.0 DAMA;[JAPDA43TXS] CUADRO JACKET 2.0 DAMA (XS, NEGRO);JAPDA43TXS;DAMA;Negro;XS;CERRO VERDE;1
2026;MAYO;CUADRO JACKET 2.0 CAB;[JAPCA43TL] CUADRO JACKET 2.0 CAB (L, NEGRO);JAPCA43TL;CAB;Negro;L;SAMBIL VALENCIA;2
2026;MAYO;CUADRO JACKET 2.0 KIDS;[JAPKI01T8] CUADRO JACKET 2.0 KIDS (8, AGUAMARINA);JAPKI01T8;KIDS;Aguamarina;8;SAMBIL CHACAO;1
2026;MAYO;CUADRO JACKET 2.0 KIDS;[JAPKI43T12] CUADRO JACKET 2.0 KIDS (12, NEGRO);JAPKI43T12;KIDS;Negro;12;SAMBIL CHACAO;1
2026;MAYO;CUADRO JACKET 2.0 CAB;[JAPCA162TM] CUADRO JACKET 2.0 CAB (M, AZUL POLO);JAPCA162TM;CAB;Azul Polo;M;TOLON;1
2026;MAYO;CUADRO JACKET 2.0 DAMA;[JAPDA35TM] CUADRO JACKET 2.0 DAMA (M, MAGENTA);JAPDA35TM;DAMA;Magenta;M;GRIETA;1
2026;MAYO;CUADRO JACKET 2.0 CAB;[JAPCA162TS] CUADRO JACKET 2.0 CAB (S, AZUL POLO);JAPCA162TS;CAB;Azul Polo;S;SAMBIL CHACAO;1
2026;MAYO;CUADRO JACKET 2.0 KIDS;[JAPKI43T8] CUADRO JACKET 2.0 KIDS (8, NEGRO);JAPKI43T8;KIDS;Negro;8;SAMBIL VALENCIA;1
2026;MAYO;CUADRO JACKET 2.0 CAB;[JAPCA43TM] CUADRO JACKET 2.0 CAB (M, NEGRO);JAPCA43TM;CAB;Negro;M;SAMBIL VALENCIA;1
2026;MAYO;CUADRO JACKET 2.0 CAB;[JAPCA16TL] CUADRO JACKET 2.0 CAB (L, BLANCO);JAPCA16TL;CAB;Blanco;L;SAMBIL VALENCIA;1
2026;MAYO;CUADRO JACKET 2.0 CAB;[JAPCA43TL] CUADRO JACKET 2.0 CAB (L, NEGRO);JAPCA43TL;CAB;Negro;L;SAMBIL VALENCIA;1
2026;MAYO;CUADRO JACKET 2.0 DAMA;[JAPDA01TS] CUADRO JACKET 2.0 DAMA (S, AGUAMARINA);JAPDA01TS;DAMA;Aguamarina;S;SAMBIL CHACAO;1
2026;MAYO;CUADRO JACKET 2.0 CAB;[JAPCA66TM] CUADRO JACKET 2.0 CAB (M, VERDE MILITAR);JAPCA66TM;CAB;Verde Militar;M;CERRO VERDE;1
2026;MAYO;CUADRO JACKET 2.0 DAMA;[JAPDA16TXL] CUADRO JACKET 2.0 DAMA (XL, BLANCO);JAPDA16TXL;DAMA;Blanco;XL;GRIETA;1
2026;MAYO;CUADRO JACKET 2.0 CAB;[JAPCA66TM] CUADRO JACKET 2.0 CAB (M, VERDE MILITAR);JAPCA66TM;CAB;Verde Militar;M;CERRO VERDE;-1
2026;MAYO;CUADRO JACKET 2.0 CAB;[JAPCA66TM] CUADRO JACKET 2.0 CAB (M, VERDE MILITAR);JAPCA66TM;CAB;Verde Militar;M;CERRO VERDE;1
2026;MAYO;CUADRO JACKET 2.0 CAB;[JAPCA66TM] CUADRO JACKET 2.0 CAB (M, VERDE MILITAR);JAPCA66TM;CAB;Verde Militar;M;CERRO VERDE;-1
2026;MAYO;CUADRO JACKET 2.0 CAB;[JAPCA66TM] CUADRO JACKET 2.0 CAB (M, VERDE MILITAR);JAPCA66TM;CAB;Verde Militar;M;CERRO VERDE;1
2026;MAYO;CUADRO JACKET 2.0 DAMA;[JAPDA162TS] CUADRO JACKET 2.0 DAMA (S, AZUL POLO);JAPDA162TS;DAMA;Azul Polo;S;SAMBIL VALENCIA;1
2026;MAYO;CUADRO JACKET 2.0 DAMA;[JAPDA35TXS] CUADRO JACKET 2.0 DAMA (XS, MAGENTA);JAPDA35TXS;DAMA;Magenta;XS;SAMBIL VALENCIA;1
2026;MAYO;CUADRO JACKET 2.0 DAMA;[JAPDA35TXS] CUADRO JACKET 2.0 DAMA (XS, MAGENTA);JAPDA35TXS;DAMA;Magenta;XS;SAMBIL VALENCIA;1
2026;MAYO;CUADRO JACKET 2.0 CAB;[JAPCA43TS] CUADRO JACKET 2.0 CAB (S, NEGRO);JAPCA43TS;CAB;Negro;S;GRIETA;1
2026;MAYO;CUADRO JACKET 2.0 DAMA;[JAPDA16TM] CUADRO JACKET 2.0 DAMA (M, BLANCO);JAPDA16TM;DAMA;Blanco;M;CERRO VERDE;1
2026;MAYO;CUADRO JACKET 2.0 DAMA;[JAPDA43TM] CUADRO JACKET 2.0 DAMA (M, NEGRO);JAPDA43TM;DAMA;Negro;M;SAMBIL VALENCIA;1
2026;MAYO;CUADRO JACKET 2.0 CAB;[JAPCA43TM] CUADRO JACKET 2.0 CAB (M, NEGRO);JAPCA43TM;CAB;Negro;M;SAMBIL VALENCIA;1
2026;MAYO;CUADRO JACKET 2.0 CAB;[JAPCA162TXL] CUADRO JACKET 2.0 CAB (XL, AZUL POLO);JAPCA162TXL;CAB;Azul Polo;XL;GRIETA;1
2026;MAYO;CUADRO JACKET 2.0 DAMA;[JAPDA35TS] CUADRO JACKET 2.0 DAMA (S, MAGENTA);JAPDA35TS;DAMA;Magenta;S;CERRO VERDE;1
2026;MAYO;CUADRO JACKET 2.0 DAMA;[JAPDA35TXL] CUADRO JACKET 2.0 DAMA (XL, MAGENTA);JAPDA35TXL;DAMA;Magenta;XL;SAMBIL CHACAO;1
2026;MAYO;CUADRO JACKET 2.0 DAMA;[JAPDA66TL] CUADRO JACKET 2.0 DAMA (L, VERDE MILITAR);JAPDA66TL;DAMA;Verde Militar;L;CERRO VERDE;-1
2026;MAYO;CUADRO JACKET 2.0 DAMA;[JAPDA66TM] CUADRO JACKET 2.0 DAMA (M, VERDE MILITAR);JAPDA66TM;DAMA;Verde Militar;M;CERRO VERDE;1
2026;MAYO;CUADRO JACKET 2.0 CAB;[JAPCA43TM] CUADRO JACKET 2.0 CAB (M, NEGRO);JAPCA43TM;CAB;Negro;M;SAMBIL VALENCIA;1
2026;MAYO;CUADRO JACKET 2.0 CAB;[JAPCA16TXL] CUADRO JACKET 2.0 CAB (XL, BLANCO);JAPCA16TXL;CAB;Blanco;XL;SAMBIL CHACAO;1
2026;MAYO;CUADRO JACKET 2.0 DAMA;[JAPDA35TXS] CUADRO JACKET 2.0 DAMA (XS, MAGENTA);JAPDA35TXS;DAMA;Magenta;XS;CERRO VERDE;1
2026;MAYO;CUADRO JACKET 2.0 CAB;[JAPCA66TL] CUADRO JACKET 2.0 CAB (L, VERDE MILITAR);JAPCA66TL;CAB;Verde Militar;L;SAMBIL CHACAO;1
2026;MAYO;CUADRO JACKET 2.0 CAB;[JAPCA16TL] CUADRO JACKET 2.0 CAB (L, BLANCO);JAPCA16TL;CAB;Blanco;L;SAMBIL CHACAO;1
2026;MAYO;CUADRO JACKET 2.0 DAMA;[JAPDA16TS] CUADRO JACKET 2.0 DAMA (S, BLANCO);JAPDA16TS;DAMA;Blanco;S;CERRO VERDE;1
2026;MAYO;CUADRO JACKET 2.0 CAB;[JAPCA43TM] CUADRO JACKET 2.0 CAB (M, NEGRO);JAPCA43TM;CAB;Negro;M;SAMBIL VALENCIA;1
2026;MAYO;CUADRO JACKET 2.0 CAB;[JAPCA162TS] CUADRO JACKET 2.0 CAB (S, AZUL POLO);JAPCA162TS;CAB;Azul Polo;S;SAMBIL CHACAO;1
2026;MAYO;CUADRO JACKET 2.0 CAB;[JAPCA162T2XL] CUADRO JACKET 2.0 CAB (2XL, AZUL POLO);JAPCA162T2XL;CAB;Azul Polo;2XL;SAMBIL VALENCIA;1
2026;MAYO;CUADRO JACKET 2.0 DAMA;[JAPDA43TM] CUADRO JACKET 2.0 DAMA (M, NEGRO);JAPDA43TM;DAMA;Negro;M;CERRO VERDE;1
2026;MAYO;CUADRO JACKET 2.0 DAMA;[JAPDA66TXL] CUADRO JACKET 2.0 DAMA (XL, VERDE MILITAR);JAPDA66TXL;DAMA;Verde Militar;XL;TOLON;1
2026;MAYO;CUADRO JACKET 2.0 CAB;[JAPCA16TS] CUADRO JACKET 2.0 CAB (S, BLANCO);JAPCA16TS;CAB;Blanco;S;SAMBIL VALENCIA;1
2026;MAYO;CUADRO JACKET 2.0 DAMA;[JAPDA16TXS] CUADRO JACKET 2.0 DAMA (XS, BLANCO);JAPDA16TXS;DAMA;Blanco;XS;SAMBIL VALENCIA;1
2026;MAYO;CUADRO JACKET 2.0 DAMA;[JAPDA16TXS] CUADRO JACKET 2.0 DAMA (XS, BLANCO);JAPDA16TXS;DAMA;Blanco;XS;GRIETA;1
2026;MAYO;CUADRO JACKET 2.0 DAMA;[JAPDA43TS] CUADRO JACKET 2.0 DAMA (S, NEGRO);JAPDA43TS;DAMA;Negro;S;CERRO VERDE;1
2026;MAYO;CUADRO JACKET 2.0 CAB;[JAPCA43TXL] CUADRO JACKET 2.0 CAB (XL, NEGRO);JAPCA43TXL;CAB;Negro;XL;SAMBIL CHACAO;1
2026;MAYO;CUADRO JACKET 2.0 CAB;[JAPCA162TXL] CUADRO JACKET 2.0 CAB (XL, AZUL POLO);JAPCA162TXL;CAB;Azul Polo;XL;SAMBIL CHACAO;1
2026;MAYO;CUADRO JACKET 2.0 KIDS;[JAPKI35T12] CUADRO JACKET 2.0 KIDS (12, MAGENTA);JAPKI35T12;KIDS;Magenta;12;SAMBIL CHACAO;1
2026;MAYO;CUADRO JACKET 2.0 CAB;[JAPCA43TM] CUADRO JACKET 2.0 CAB (M, NEGRO);JAPCA43TM;CAB;Negro;M;GRIETA;1
2026;MAYO;CUADRO JACKET 2.0 DAMA;[JAPDA43TM] CUADRO JACKET 2.0 DAMA (M, NEGRO);JAPDA43TM;DAMA;Negro;M;SAMBIL VALENCIA;1
2026;MAYO;CUADRO JACKET 2.0 CAB;[JAPCA43TM] CUADRO JACKET 2.0 CAB (M, NEGRO);JAPCA43TM;CAB;Negro;M;SAMBIL CHACAO;1
2026;MAYO;CUADRO JACKET 2.0 DAMA;[JAPDA43TS] CUADRO JACKET 2.0 DAMA (S, NEGRO);JAPDA43TS;DAMA;Negro;S;SAMBIL VALENCIA;1
2026;MAYO;CUADRO JACKET 2.0 CAB;[JAPCA162TL] CUADRO JACKET 2.0 CAB (L, AZUL POLO);JAPCA162TL;CAB;Azul Polo;L;GRIETA;1
2026;MAYO;CUADRO JACKET 2.0 DAMA;[JAPDA162TM] CUADRO JACKET 2.0 DAMA (M, AZUL POLO);JAPDA162TM;DAMA;Azul Polo;M;GRIETA;1
2026;MAYO;CUADRO JACKET 2.0 CAB;[JAPCA162TM] CUADRO JACKET 2.0 CAB (M, AZUL POLO);JAPCA162TM;CAB;Azul Polo;M;GRIETA;1
2026;MAYO;CUADRO JACKET 2.0 DAMA;[JAPDA162TS] CUADRO JACKET 2.0 DAMA (S, AZUL POLO);JAPDA162TS;DAMA;Azul Polo;S;GRIETA;1
2026;MAYO;CUADRO JACKET 2.0 CAB;[JAPCA01TL] CUADRO JACKET 2.0 CAB (L, AGUAMARINA);JAPCA01TL;CAB;Aguamarina;L;CORPORATIVO;-1
2026;MAYO;CUADRO JACKET 2.0 DAMA;[JAPDA66TS] CUADRO JACKET 2.0 DAMA (S, VERDE MILITAR);JAPDA66TS;DAMA;Verde Militar;S;SAMBIL CHACAO;1
2026;MAYO;CUADRO JACKET 2.0 CAB;[JAPCA162TXL] CUADRO JACKET 2.0 CAB (XL, AZUL POLO);JAPCA162TXL;CAB;Azul Polo;XL;SAMBIL VALENCIA;1
2026;MAYO;CUADRO JACKET 2.0 CAB;[JAPCA01TL] CUADRO JACKET 2.0 CAB (L, AGUAMARINA);JAPCA01TL;CAB;Aguamarina;L;CORPORATIVO;1
2026;MAYO;CUADRO JACKET 2.0 DAMA;[JAPDA43TM] CUADRO JACKET 2.0 DAMA (M, NEGRO);JAPDA43TM;DAMA;Negro;M;WEB;1
2026;MAYO;CUADRO JACKET 2.0 CAB;[JAPCA43TL] CUADRO JACKET 2.0 CAB (L, NEGRO);JAPCA43TL;CAB;Negro;L;CERRO VERDE;1
2026;MAYO;CUADRO JACKET 2.0 DAMA;[JAPDA35TS] CUADRO JACKET 2.0 DAMA (S, MAGENTA);JAPDA35TS;DAMA;Magenta;S;CERRO VERDE;1
2026;MAYO;CUADRO JACKET 2.0 DAMA;[JAPDA35TS] CUADRO JACKET 2.0 DAMA (S, MAGENTA);JAPDA35TS;DAMA;Magenta;S;SAMBIL CHACAO;1
2026;MAYO;CUADRO JACKET 2.0 DAMA;[JAPDA35TM] CUADRO JACKET 2.0 DAMA (M, MAGENTA);JAPDA35TM;DAMA;Magenta;M;CERRO VERDE;1
2026;MAYO;CUADRO JACKET 2.0 KIDS;[JAPKI162T2] CUADRO JACKET 2.0 KIDS (2, AZUL POLO);JAPKI162T2;KIDS;Azul Polo;2;SAMBIL CHACAO;1
2026;MAYO;CUADRO JACKET 2.0 CAB;[JAPCA162TXL] CUADRO JACKET 2.0 CAB (XL, AZUL POLO);JAPCA162TXL;CAB;Azul Polo;XL;SAMBIL CHACAO;1
2026;MAYO;CUADRO JACKET 2.0 DAMA;[JAPDA162TS] CUADRO JACKET 2.0 DAMA (S, AZUL POLO);JAPDA162TS;DAMA;Azul Polo;S;SAMBIL CHACAO;1
2026;MAYO;CUADRO JACKET 2.0 CAB;[JAPCA43TS] CUADRO JACKET 2.0 CAB (S, NEGRO);JAPCA43TS;CAB;Negro;S;SAMBIL VALENCIA;-1
2026;MAYO;CUADRO JACKET 2.0 CAB;[JAPCA43TM] CUADRO JACKET 2.0 CAB (M, NEGRO);JAPCA43TM;CAB;Negro;M;SAMBIL VALENCIA;1
2026;MAYO;CUADRO JACKET 2.0 CAB;[JAPCA162TM] CUADRO JACKET 2.0 CAB (M, AZUL POLO);JAPCA162TM;CAB;Azul Polo;M;TOLON;1
2026;MAYO;CUADRO JACKET 2.0 CAB;[JAPCA43TM] CUADRO JACKET 2.0 CAB (M, NEGRO);JAPCA43TM;CAB;Negro;M;CORPORATIVO;1
2026;MAYO;CUADRO JACKET 2.0 CAB;[JAPCA43TM] CUADRO JACKET 2.0 CAB (M, NEGRO);JAPCA43TM;CAB;Negro;M;SAMBIL VALENCIA;-1
2026;MAYO;CUADRO JACKET 2.0 CAB;[JAPCA43TL] CUADRO JACKET 2.0 CAB (L, NEGRO);JAPCA43TL;CAB;Negro;L;SAMBIL VALENCIA;1
2026;MAYO;CUADRO JACKET 2.0 DAMA;[JAPDA35TXS] CUADRO JACKET 2.0 DAMA (XS, MAGENTA);JAPDA35TXS;DAMA;Magenta;XS;SAMBIL VALENCIA;1
2026;MAYO;CUADRO JACKET 2.0 DAMA;[JAPDA16TM] CUADRO JACKET 2.0 DAMA (M, BLANCO);JAPDA16TM;DAMA;Blanco;M;SAMBIL VALENCIA;1
2026;MAYO;CUADRO JACKET 2.0 DAMA;[JAPDA35TS] CUADRO JACKET 2.0 DAMA (S, MAGENTA);JAPDA35TS;DAMA;Magenta;S;WEB;1
2026;MAYO;CUADRO JACKET 2.0 DAMA;[JAPDA162TL] CUADRO JACKET 2.0 DAMA (L, AZUL POLO);JAPDA162TL;DAMA;Azul Polo;L;SAMBIL VALENCIA;1
2026;MAYO;CUADRO JACKET 2.0 CAB;[JAPCA162T2XL] CUADRO JACKET 2.0 CAB (2XL, AZUL POLO);JAPCA162T2XL;CAB;Azul Polo;2XL;CORPORATIVO;1
2026;MAYO;CUADRO JACKET 2.0 DAMA;[JAPDA01TM] CUADRO JACKET 2.0 DAMA (M, AGUAMARINA);JAPDA01TM;DAMA;Aguamarina;M;CORPORATIVO;2
2026;MAYO;CUADRO JACKET 2.0 DAMA;[JAPDA162TM] CUADRO JACKET 2.0 DAMA (M, AZUL POLO);JAPDA162TM;DAMA;Azul Polo;M;CORPORATIVO;3
2026;MAYO;CUADRO JACKET 2.0 DAMA;[JAPDA162TS] CUADRO JACKET 2.0 DAMA (S, AZUL POLO);JAPDA162TS;DAMA;Azul Polo;S;CORPORATIVO;2
2026;MAYO;CUADRO JACKET 2.0 CAB;[JAPCA162TXL] CUADRO JACKET 2.0 CAB (XL, AZUL POLO);JAPCA162TXL;CAB;Azul Polo;XL;CORPORATIVO;9
2026;MAYO;CUADRO JACKET 2.0 CAB;[JAPCA162TL] CUADRO JACKET 2.0 CAB (L, AZUL POLO);JAPCA162TL;CAB;Azul Polo;L;CORPORATIVO;3
2026;MAYO;CUADRO JACKET 2.0 CAB;[JAPCA162TM] CUADRO JACKET 2.0 CAB (M, AZUL POLO);JAPCA162TM;CAB;Azul Polo;M;CORPORATIVO;2
2026;MAYO;CUADRO JACKET 2.0 CAB;[JAPCA16TL] CUADRO JACKET 2.0 CAB (L, BLANCO);JAPCA16TL;CAB;Blanco;L;CERRO VERDE;1
2026;MAYO;CUADRO JACKET 2.0 DAMA;[JAPDA66TL] CUADRO JACKET 2.0 DAMA (L, VERDE MILITAR);JAPDA66TL;DAMA;Verde Militar;L;TOLON;1
2026;MAYO;CUADRO JACKET 2.0 CAB;[JAPCA43T2XL] CUADRO JACKET 2.0 CAB (2XL, NEGRO);JAPCA43T2XL;CAB;Negro;2XL;SAMBIL CHACAO;1
2026;MAYO;CUADRO JACKET 2.0 DAMA;[JAPDA16TXS] CUADRO JACKET 2.0 DAMA (XS, BLANCO);JAPDA16TXS;DAMA;Blanco;XS;GRIETA;1
2026;MAYO;CUADRO JACKET 2.0 DAMA;[JAPDA162TL] CUADRO JACKET 2.0 DAMA (L, AZUL POLO);JAPDA162TL;DAMA;Azul Polo;L;WEB;1
2026;MAYO;CUADRO JACKET 2.0 CAB;[JAPCA43TXL] CUADRO JACKET 2.0 CAB (XL, NEGRO);JAPCA43TXL;CAB;Negro;XL;CERRO VERDE;1
2026;MAYO;CUADRO JACKET 2.0 DAMA;[JAPDA16TXL] CUADRO JACKET 2.0 DAMA (XL, BLANCO);JAPDA16TXL;DAMA;Blanco;XL;SAMBIL VALENCIA;1
2026;MAYO;CUADRO JACKET 2.0 DAMA;[JAPDA16TM] CUADRO JACKET 2.0 DAMA (M, BLANCO);JAPDA16TM;DAMA;Blanco;M;GRIETA;1
2026;MAYO;CUADRO JACKET 2.0 DAMA;[JAPDA66TS] CUADRO JACKET 2.0 DAMA (S, VERDE MILITAR);JAPDA66TS;DAMA;Verde Militar;S;SAMBIL VALENCIA;1
2026;MAYO;CUADRO JACKET 2.0 DAMA;[JAPDA43TM] CUADRO JACKET 2.0 DAMA (M, NEGRO);JAPDA43TM;DAMA;Negro;M;CERRO VERDE;1
2026;MAYO;CUADRO JACKET 2.0 DAMA;[JAPDA35TXS] CUADRO JACKET 2.0 DAMA (XS, MAGENTA);JAPDA35TXS;DAMA;Magenta;XS;GRIETA;1
2026;MAYO;CUADRO JACKET 2.0 DAMA;[JAPDA43TXL] CUADRO JACKET 2.0 DAMA (XL, NEGRO);JAPDA43TXL;DAMA;Negro;XL;SAMBIL VALENCIA;1
2026;MAYO;CUADRO JACKET 2.0 DAMA;[JAPDA16TM] CUADRO JACKET 2.0 DAMA (M, BLANCO);JAPDA16TM;DAMA;Blanco;M;SAMBIL VALENCIA;1
2026;MAYO;CUADRO JACKET 2.0 DAMA;[JAPDA16TXL] CUADRO JACKET 2.0 DAMA (XL, BLANCO);JAPDA16TXL;DAMA;Blanco;XL;TOLON;-1
2026;MAYO;CUADRO JACKET 2.0 DAMA;[JAPDA43TXL] CUADRO JACKET 2.0 DAMA (XL, NEGRO);JAPDA43TXL;DAMA;Negro;XL;GRIETA;1
2026;MAYO;CUADRO JACKET 2.0 DAMA;[JAPDA16TL] CUADRO JACKET 2.0 DAMA (L, BLANCO);JAPDA16TL;DAMA;Blanco;L;GRIETA;1
2026;MAYO;CUADRO JACKET 2.0 DAMA;[JAPDA35TS] CUADRO JACKET 2.0 DAMA (S, MAGENTA);JAPDA35TS;DAMA;Magenta;S;SAMBIL VALENCIA;1
2026;MAYO;CUADRO JACKET 2.0 CAB;[JAPCA01T2XL] CUADRO JACKET 2.0 CAB (2XL, AGUAMARINA);JAPCA01T2XL;CAB;Aguamarina;2XL;TOLON;1
2026;MAYO;CUADRO JACKET 2.0 CAB;[JAPCA43TL] CUADRO JACKET 2.0 CAB (L, NEGRO);JAPCA43TL;CAB;Negro;L;SAMBIL CHACAO;1
2026;MAYO;CUADRO JACKET 2.0 DAMA;[JAPDA16TS] CUADRO JACKET 2.0 DAMA (S, BLANCO);JAPDA16TS;DAMA;Blanco;S;SAMBIL VALENCIA;1
2026;MAYO;CUADRO JACKET 2.0 DAMA;[JAPDA35TS] CUADRO JACKET 2.0 DAMA (S, MAGENTA);JAPDA35TS;DAMA;Magenta;S;SAMBIL VALENCIA;1
2026;MAYO;CUADRO JACKET 2.0 CAB;[JAPCA16TL] CUADRO JACKET 2.0 CAB (L, BLANCO);JAPCA16TL;CAB;Blanco;L;CERRO VERDE;1
2026;MAYO;CUADRO JACKET 2.0 CAB;[JAPCA43TM] CUADRO JACKET 2.0 CAB (M, NEGRO);JAPCA43TM;CAB;Negro;M;WEB;1
2026;MAYO;CUADRO JACKET 2.0 CAB;[JAPCA16TL] CUADRO JACKET 2.0 CAB (L, BLANCO);JAPCA16TL;CAB;Blanco;L;CERRO VERDE;1
2026;MAYO;CUADRO JACKET 2.0 DAMA;[JAPDA16TS] CUADRO JACKET 2.0 DAMA (S, BLANCO);JAPDA16TS;DAMA;Blanco;S;CERRO VERDE;1
2026;MAYO;CUADRO JACKET 2.0 CAB;[JAPCA162TM] CUADRO JACKET 2.0 CAB (M, AZUL POLO);JAPCA162TM;CAB;Azul Polo;M;SAMBIL CHACAO;1
2026;MAYO;CUADRO JACKET 2.0 DAMA;[JAPDA35TS] CUADRO JACKET 2.0 DAMA (S, MAGENTA);JAPDA35TS;DAMA;Magenta;S;SAMBIL VALENCIA;1
2026;MAYO;CUADRO JACKET 2.0 CAB;[JAPCA16TM] CUADRO JACKET 2.0 CAB (M, BLANCO);JAPCA16TM;CAB;Blanco;M;SAMBIL VALENCIA;1
2026;MAYO;CUADRO JACKET 2.0 DAMA;[JAPDA43TM] CUADRO JACKET 2.0 DAMA (M, NEGRO);JAPDA43TM;DAMA;Negro;M;SAMBIL VALENCIA;2
2026;MAYO;CUADRO JACKET 2.0 CAB;[JAPCA43TM] CUADRO JACKET 2.0 CAB (M, NEGRO);JAPCA43TM;CAB;Negro;M;SAMBIL VALENCIA;1
2026;MAYO;CUADRO JACKET 2.0 CAB;[JAPCA43TS] CUADRO JACKET 2.0 CAB (S, NEGRO);JAPCA43TS;CAB;Negro;S;SAMBIL VALENCIA;2
2026;MAYO;CUADRO JACKET 2.0 DAMA;[JAPDA35TM] CUADRO JACKET 2.0 DAMA (M, MAGENTA);JAPDA35TM;DAMA;Magenta;M;SAMBIL VALENCIA;1
2026;MAYO;CUADRO JACKET 2.0 DAMA;[JAPDA162TM] CUADRO JACKET 2.0 DAMA (M, AZUL POLO);JAPDA162TM;DAMA;Azul Polo;M;CERRO VERDE;1
2026;MAYO;CUADRO JACKET 2.0 DAMA;[JAPDA66TL] CUADRO JACKET 2.0 DAMA (L, VERDE MILITAR);JAPDA66TL;DAMA;Verde Militar;L;CERRO VERDE;1
2026;MAYO;CUADRO JACKET 2.0 DAMA;[JAPDA35TM] CUADRO JACKET 2.0 DAMA (M, MAGENTA);JAPDA35TM;DAMA;Magenta;M;CERRO VERDE;1
2026;MAYO;CUADRO JACKET 2.0 CAB;[JAPCA43TL] CUADRO JACKET 2.0 CAB (L, NEGRO);JAPCA43TL;CAB;Negro;L;SAMBIL VALENCIA;1
2026;MAYO;CUADRO JACKET 2.0 DAMA;[JAPDA16TXS] CUADRO JACKET 2.0 DAMA (XS, BLANCO);JAPDA16TXS;DAMA;Blanco;XS;SAMBIL VALENCIA;1
2026;MAYO;CUADRO JACKET 2.0 DAMA;[JAPDA16TM] CUADRO JACKET 2.0 DAMA (M, BLANCO);JAPDA16TM;DAMA;Blanco;M;SAMBIL CHACAO;1
2026;MAYO;CUADRO JACKET 2.0 DAMA;[JAPDA35TM] CUADRO JACKET 2.0 DAMA (M, MAGENTA);JAPDA35TM;DAMA;Magenta;M;GRIETA;1
2026;MAYO;CUADRO JACKET 2.0 DAMA;[JAPDA01TL] CUADRO JACKET 2.0 DAMA (L, AGUAMARINA);JAPDA01TL;DAMA;Aguamarina;L;SAMBIL CHACAO;1
2026;MAYO;CUADRO JACKET 2.0 CAB;[JAPCA66T2XL] CUADRO JACKET 2.0 CAB (2XL, VERDE MILITAR);JAPCA66T2XL;CAB;Verde Militar;2XL;SAMBIL VALENCIA;1
2026;MAYO;CUADRO JACKET 2.0 KIDS;[JAPKI162T10] CUADRO JACKET 2.0 KIDS (10, AZUL POLO);JAPKI162T10;KIDS;Azul Polo;10;TOLON;1
2026;MAYO;CUADRO JACKET 2.0 DAMA;[JAPDA35TM] CUADRO JACKET 2.0 DAMA (M, MAGENTA);JAPDA35TM;DAMA;Magenta;M;TOLON;1
2026;MAYO;CUADRO JACKET 2.0 KIDS;[JAPKI43T12] CUADRO JACKET 2.0 KIDS (12, NEGRO);JAPKI43T12;KIDS;Negro;12;CERRO VERDE;1
2026;MAYO;CUADRO JACKET 2.0 DAMA;[JAPDA66TL] CUADRO JACKET 2.0 DAMA (L, VERDE MILITAR);JAPDA66TL;DAMA;Verde Militar;L;GRIETA;1
2026;MAYO;CUADRO JACKET 2.0 CAB;[JAPCA66TS] CUADRO JACKET 2.0 CAB (S, VERDE MILITAR);JAPCA66TS;CAB;Verde Militar;S;GRIETA;1
2026;MAYO;CUADRO JACKET 2.0 CAB;[JAPCA66TM] CUADRO JACKET 2.0 CAB (M, VERDE MILITAR);JAPCA66TM;CAB;Verde Militar;M;GRIETA;1
2026;MAYO;CUADRO JACKET 2.0 DAMA;[JAPDA35TM] CUADRO JACKET 2.0 DAMA (M, MAGENTA);JAPDA35TM;DAMA;Magenta;M;CERRO VERDE;1
2026;MAYO;CUADRO JACKET 2.0 KIDS;[JAPKI35T8] CUADRO JACKET 2.0 KIDS (8, MAGENTA);JAPKI35T8;KIDS;Magenta;8;CERRO VERDE;1
2026;MAYO;CUADRO JACKET 2.0 KIDS;[JAPKI35T8] CUADRO JACKET 2.0 KIDS (8, MAGENTA);JAPKI35T8;KIDS;Magenta;8;CERRO VERDE;-1
2026;MAYO;CUADRO JACKET 2.0 DAMA;[JAPDA43TM] CUADRO JACKET 2.0 DAMA (M, NEGRO);JAPDA43TM;DAMA;Negro;M;SAMBIL VALENCIA;1
2026;MAYO;CUADRO JACKET 2.0 KIDS;[JAPKI35T8] CUADRO JACKET 2.0 KIDS (8, MAGENTA);JAPKI35T8;KIDS;Magenta;8;CERRO VERDE;1
2026;MAYO;CUADRO JACKET 2.0 DAMA;[JAPDA16TM] CUADRO JACKET 2.0 DAMA (M, BLANCO);JAPDA16TM;DAMA;Blanco;M;SAMBIL CHACAO;1
2026;MAYO;CUADRO JACKET 2.0 DAMA;[JAPDA35TS] CUADRO JACKET 2.0 DAMA (S, MAGENTA);JAPDA35TS;DAMA;Magenta;S;TOLON;1
2026;MAYO;CUADRO JACKET 2.0 DAMA;[JAPDA162TS] CUADRO JACKET 2.0 DAMA (S, AZUL POLO);JAPDA162TS;DAMA;Azul Polo;S;WEB;1
2026;MAYO;CUADRO JACKET 2.0 DAMA;[JAPDA16TM] CUADRO JACKET 2.0 DAMA (M, BLANCO);JAPDA16TM;DAMA;Blanco;M;WEB;1
2026;MAYO;CUADRO JACKET 2.0 CAB;[JAPCA162TXL] CUADRO JACKET 2.0 CAB (XL, AZUL POLO);JAPCA162TXL;CAB;Azul Polo;XL;WEB;1
2026;MAYO;CUADRO JACKET 2.0 CAB;[JAPCA16TM] CUADRO JACKET 2.0 CAB (M, BLANCO);JAPCA16TM;CAB;Blanco;M;WEB;1
2026;MAYO;CUADRO JACKET 2.0 DAMA;[JAPDA162TXL] CUADRO JACKET 2.0 DAMA (XL, AZUL POLO);JAPDA162TXL;DAMA;Azul Polo;XL;SAMBIL VALENCIA;1
2026;MAYO;CUADRO JACKET 2.0 CAB;[JAPCA66T2XL] CUADRO JACKET 2.0 CAB (2XL, VERDE MILITAR);JAPCA66T2XL;CAB;Verde Militar;2XL;GRIETA;1
2026;MAYO;CUADRO JACKET 2.0 DAMA;[JAPDA16TM] CUADRO JACKET 2.0 DAMA (M, BLANCO);JAPDA16TM;DAMA;Blanco;M;CERRO VERDE;1
2026;MAYO;CUADRO JACKET 2.0 DAMA;[JAPDA43TS] CUADRO JACKET 2.0 DAMA (S, NEGRO);JAPDA43TS;DAMA;Negro;S;SAMBIL CHACAO;1
2026;MAYO;CUADRO JACKET 2.0 DAMA;[JAPDA35TL] CUADRO JACKET 2.0 DAMA (L, MAGENTA);JAPDA35TL;DAMA;Magenta;L;SAMBIL VALENCIA;1
2026;MAYO;CUADRO JACKET 2.0 DAMA;[JAPDA16TS] CUADRO JACKET 2.0 DAMA (S, BLANCO);JAPDA16TS;DAMA;Blanco;S;SAMBIL VALENCIA;1
2026;MAYO;CUADRO JACKET 2.0 CAB;[JAPCA43TM] CUADRO JACKET 2.0 CAB (M, NEGRO);JAPCA43TM;CAB;Negro;M;SAMBIL VALENCIA;1
2026;MAYO;CUADRO JACKET 2.0 DAMA;[JAPDA43TXS] CUADRO JACKET 2.0 DAMA (XS, NEGRO);JAPDA43TXS;DAMA;Negro;XS;SAMBIL VALENCIA;1
2026;MAYO;CUADRO JACKET 2.0 DAMA;[JAPDA35TM] CUADRO JACKET 2.0 DAMA (M, MAGENTA);JAPDA35TM;DAMA;Magenta;M;SAMBIL CHACAO;1
2026;MAYO;CUADRO JACKET 2.0 CAB;[JAPCA43T2XL] CUADRO JACKET 2.0 CAB (2XL, NEGRO);JAPCA43T2XL;CAB;Negro;2XL;SAMBIL VALENCIA;1
2026;MAYO;CUADRO JACKET 2.0 DAMA;[JAPDA162TS] CUADRO JACKET 2.0 DAMA (S, AZUL POLO);JAPDA162TS;DAMA;Azul Polo;S;GRIETA;1
2026;MAYO;CUADRO JACKET 2.0 DAMA;[JAPDA35TL] CUADRO JACKET 2.0 DAMA (L, MAGENTA);JAPDA35TL;DAMA;Magenta;L;SAMBIL VALENCIA;1
2026;MAYO;CUADRO JACKET 2.0 DAMA;[JAPDA16TXS] CUADRO JACKET 2.0 DAMA (XS, BLANCO);JAPDA16TXS;DAMA;Blanco;XS;SAMBIL CHACAO;1
2026;MAYO;CUADRO JACKET 2.0 DAMA;[JAPDA16TXS] CUADRO JACKET 2.0 DAMA (XS, BLANCO);JAPDA16TXS;DAMA;Blanco;XS;TOLON;1
2026;MAYO;CUADRO JACKET 2.0 DAMA;[JAPDA16TXS] CUADRO JACKET 2.0 DAMA (XS, BLANCO);JAPDA16TXS;DAMA;Blanco;XS;TOLON;-1
2026;MAYO;CUADRO JACKET 2.0 DAMA;[JAPDA16TXS] CUADRO JACKET 2.0 DAMA (XS, BLANCO);JAPDA16TXS;DAMA;Blanco;XS;TOLON;1
2026;MAYO;CUADRO JACKET 2.0 DAMA;[JAPDA16TL] CUADRO JACKET 2.0 DAMA (L, BLANCO);JAPDA16TL;DAMA;Blanco;L;GRIETA;1
2026;MAYO;CUADRO JACKET 2.0 CAB;[JAPCA66T2XL] CUADRO JACKET 2.0 CAB (2XL, VERDE MILITAR);JAPCA66T2XL;CAB;Verde Militar;2XL;SAMBIL CHACAO;1
2026;MAYO;CUADRO JACKET 2.0 KIDS;[JAPKI162T12] CUADRO JACKET 2.0 KIDS (12, AZUL POLO);JAPKI162T12;KIDS;Azul Polo;12;GRIETA;1
2026;MAYO;CUADRO JACKET 2.0 KIDS;[JAPKI162T10] CUADRO JACKET 2.0 KIDS (10, AZUL POLO);JAPKI162T10;KIDS;Azul Polo;10;TOLON;-1
2026;MAYO;CUADRO JACKET 2.0 KIDS;[JAPKI01T12] CUADRO JACKET 2.0 KIDS (12, AGUAMARINA);JAPKI01T12;KIDS;Aguamarina;12;GRIETA;1
2026;MAYO;CUADRO JACKET 2.0 KIDS;[JAPKI162T12] CUADRO JACKET 2.0 KIDS (12, AZUL POLO);JAPKI162T12;KIDS;Azul Polo;12;TOLON;1
2026;MAYO;CUADRO JACKET 2.0 DAMA;[JAPDA01TM] CUADRO JACKET 2.0 DAMA (M, AGUAMARINA);JAPDA01TM;DAMA;Aguamarina;M;SAMBIL CHACAO;1
2026;MAYO;CUADRO JACKET 2.0 CAB;[JAPCA162TL] CUADRO JACKET 2.0 CAB (L, AZUL POLO);JAPCA162TL;CAB;Azul Polo;L;CERRO VERDE;1
2026;MAYO;CUADRO JACKET 2.0 DAMA;[JAPDA16TM] CUADRO JACKET 2.0 DAMA (M, BLANCO);JAPDA16TM;DAMA;Blanco;M;SAMBIL CHACAO;1
2026;MAYO;CUADRO JACKET 2.0 DAMA;[JAPDA66TM] CUADRO JACKET 2.0 DAMA (M, VERDE MILITAR);JAPDA66TM;DAMA;Verde Militar;M;TOLON;1
2026;MAYO;CUADRO JACKET 2.0 CAB;[JAPCA162TM] CUADRO JACKET 2.0 CAB (M, AZUL POLO);JAPCA162TM;CAB;Azul Polo;M;TOLON;1
2026;MAYO;CUADRO JACKET 2.0 DAMA;[JAPDA35TM] CUADRO JACKET 2.0 DAMA (M, MAGENTA);JAPDA35TM;DAMA;Magenta;M;SAMBIL VALENCIA;1
2026;MAYO;CUADRO JACKET 2.0 DAMA;[JAPDA66TS] CUADRO JACKET 2.0 DAMA (S, VERDE MILITAR);JAPDA66TS;DAMA;Verde Militar;S;SAMBIL VALENCIA;1
2026;MAYO;CUADRO JACKET 2.0 CAB;[JAPCA66TXL] CUADRO JACKET 2.0 CAB (XL, VERDE MILITAR);JAPCA66TXL;CAB;Verde Militar;XL;CERRO VERDE;1
2026;MAYO;CUADRO JACKET 2.0 DAMA;[JAPDA43TXL] CUADRO JACKET 2.0 DAMA (XL, NEGRO);JAPDA43TXL;DAMA;Negro;XL;GRIETA;1
2026;MAYO;CUADRO JACKET 2.0 DAMA;[JAPDA43TXL] CUADRO JACKET 2.0 DAMA (XL, NEGRO);JAPDA43TXL;DAMA;Negro;XL;GRIETA;-1
2026;MAYO;CUADRO JACKET 2.0 CAB;[JAPCA43TXL] CUADRO JACKET 2.0 CAB (XL, NEGRO);JAPCA43TXL;CAB;Negro;XL;GRIETA;1
2026;MAYO;CUADRO JACKET 2.0 DAMA;[JAPDA35TM] CUADRO JACKET 2.0 DAMA (M, MAGENTA);JAPDA35TM;DAMA;Magenta;M;CERRO VERDE;1
2026;MAYO;CUADRO JACKET 2.0 CAB;[JAPCA43TL] CUADRO JACKET 2.0 CAB (L, NEGRO);JAPCA43TL;CAB;Negro;L;SAMBIL CHACAO;1
2026;MAYO;CUADRO JACKET 2.0 DAMA;[JAPDA01TL] CUADRO JACKET 2.0 DAMA (L, AGUAMARINA);JAPDA01TL;DAMA;Aguamarina;L;TOLON;1
2026;MAYO;CUADRO JACKET 2.0 DAMA;[JAPDA162TM] CUADRO JACKET 2.0 DAMA (M, AZUL POLO);JAPDA162TM;DAMA;Azul Polo;M;GRIETA;1
2026;MAYO;CUADRO JACKET 2.0 DAMA;[JAPDA162TM] CUADRO JACKET 2.0 DAMA (M, AZUL POLO);JAPDA162TM;DAMA;Azul Polo;M;SAMBIL CHACAO;1
2026;MAYO;CUADRO JACKET 2.0 DAMA;[JAPDA01TS] CUADRO JACKET 2.0 DAMA (S, AGUAMARINA);JAPDA01TS;DAMA;Aguamarina;S;GRIETA;1
2026;MAYO;CUADRO JACKET 2.0 DAMA;[JAPDA35TM] CUADRO JACKET 2.0 DAMA (M, MAGENTA);JAPDA35TM;DAMA;Magenta;M;SAMBIL CHACAO;1
2026;MAYO;CUADRO JACKET 2.0 DAMA;[JAPDA43TM] CUADRO JACKET 2.0 DAMA (M, NEGRO);JAPDA43TM;DAMA;Negro;M;SAMBIL CHACAO;1
2026;MAYO;CUADRO JACKET 2.0 DAMA;[JAPDA162TL] CUADRO JACKET 2.0 DAMA (L, AZUL POLO);JAPDA162TL;DAMA;Azul Polo;L;GRIETA;1
2026;MAYO;CUADRO JACKET 2.0 DAMA;[JAPDA01TL] CUADRO JACKET 2.0 DAMA (L, AGUAMARINA);JAPDA01TL;DAMA;Aguamarina;L;SAMBIL CHACAO;1
2026;MAYO;CUADRO JACKET 2.0 CAB;[JAPCA01TL] CUADRO JACKET 2.0 CAB (L, AGUAMARINA);JAPCA01TL;CAB;Aguamarina;L;CERRO VERDE;1
2026;MAYO;CUADRO JACKET 2.0 DAMA;[JAPDA16TS] CUADRO JACKET 2.0 DAMA (S, BLANCO);JAPDA16TS;DAMA;Blanco;S;CERRO VERDE;1
2026;MAYO;CUADRO JACKET 2.0 DAMA;[JAPDA35TS] CUADRO JACKET 2.0 DAMA (S, MAGENTA);JAPDA35TS;DAMA;Magenta;S;SAMBIL VALENCIA;-1
2026;MAYO;CUADRO JACKET 2.0 DAMA;[JAPDA35TM] CUADRO JACKET 2.0 DAMA (M, MAGENTA);JAPDA35TM;DAMA;Magenta;M;SAMBIL VALENCIA;1
2026;MAYO;CUADRO JACKET 2.0 KIDS;[JAPKI35T12] CUADRO JACKET 2.0 KIDS (12, MAGENTA);JAPKI35T12;KIDS;Magenta;12;SAMBIL VALENCIA;1
2026;MAYO;CUADRO JACKET 2.0 KIDS;[JAPKI35T12] CUADRO JACKET 2.0 KIDS (12, MAGENTA);JAPKI35T12;KIDS;Magenta;12;SAMBIL VALENCIA;-1
2026;MAYO;CUADRO JACKET 2.0 KIDS;[JAPKI01T12] CUADRO JACKET 2.0 KIDS (12, AGUAMARINA);JAPKI01T12;KIDS;Aguamarina;12;SAMBIL VALENCIA;1
2026;MAYO;CUADRO JACKET 2.0 DAMA;[JAPDA35TXL] CUADRO JACKET 2.0 DAMA (XL, MAGENTA);JAPDA35TXL;DAMA;Magenta;XL;SAMBIL VALENCIA;1
2026;MAYO;CUADRO JACKET 2.0 DAMA;[JAPDA16TXS] CUADRO JACKET 2.0 DAMA (XS, BLANCO);JAPDA16TXS;DAMA;Blanco;XS;SAMBIL VALENCIA;1
2026;MAYO;CUADRO JACKET 2.0 DAMA;[JAPDA43TS] CUADRO JACKET 2.0 DAMA (S, NEGRO);JAPDA43TS;DAMA;Negro;S;CERRO VERDE;1
2026;MAYO;CUADRO JACKET 2.0 DAMA;[JAPDA16TXS] CUADRO JACKET 2.0 DAMA (XS, BLANCO);JAPDA16TXS;DAMA;Blanco;XS;SAMBIL VALENCIA;1
2026;MAYO;CUADRO JACKET 2.0 DAMA;[JAPDA43TS] CUADRO JACKET 2.0 DAMA (S, NEGRO);JAPDA43TS;DAMA;Negro;S;SAMBIL CHACAO;1
2026;MAYO;CUADRO JACKET 2.0 CAB;[JAPCA43TS] CUADRO JACKET 2.0 CAB (S, NEGRO);JAPCA43TS;CAB;Negro;S;SAMBIL VALENCIA;1
2026;MAYO;CUADRO JACKET 2.0 DAMA;[JAPDA35TM] CUADRO JACKET 2.0 DAMA (M, MAGENTA);JAPDA35TM;DAMA;Magenta;M;CERRO VERDE;1
2026;MAYO;CUADRO JACKET 2.0 DAMA;[JAPDA01TS] CUADRO JACKET 2.0 DAMA (S, AGUAMARINA);JAPDA01TS;DAMA;Aguamarina;S;SAMBIL CHACAO;1
2026;MAYO;CUADRO JACKET 2.0 DAMA;[JAPDA43TS] CUADRO JACKET 2.0 DAMA (S, NEGRO);JAPDA43TS;DAMA;Negro;S;SAMBIL VALENCIA;1
2026;MAYO;CUADRO JACKET 2.0 DAMA;[JAPDA01TM] CUADRO JACKET 2.0 DAMA (M, AGUAMARINA);JAPDA01TM;DAMA;Aguamarina;M;SAMBIL CHACAO;1
2026;MAYO;CUADRO JACKET 2.0 DAMA;[JAPDA43TL] CUADRO JACKET 2.0 DAMA (L, NEGRO);JAPDA43TL;DAMA;Negro;L;SAMBIL VALENCIA;1
2026;MAYO;CUADRO JACKET 2.0 DAMA;[JAPDA01TXS] CUADRO JACKET 2.0 DAMA (XS, AGUAMARINA);JAPDA01TXS;DAMA;Aguamarina;XS;SAMBIL CHACAO;1
2026;MAYO;CUADRO JACKET 2.0 DAMA;[JAPDA01TS] CUADRO JACKET 2.0 DAMA (S, AGUAMARINA);JAPDA01TS;DAMA;Aguamarina;S;SAMBIL VALENCIA;1
2026;MAYO;CUADRO JACKET 2.0 DAMA;[JAPDA01TS] CUADRO JACKET 2.0 DAMA (S, AGUAMARINA);JAPDA01TS;DAMA;Aguamarina;S;SAMBIL CHACAO;-1
2026;MAYO;CUADRO JACKET 2.0 DAMA;[JAPDA01TS] CUADRO JACKET 2.0 DAMA (S, AGUAMARINA);JAPDA01TS;DAMA;Aguamarina;S;SAMBIL CHACAO;1
2026;MAYO;CUADRO JACKET 2.0 DAMA;[JAPDA16TM] CUADRO JACKET 2.0 DAMA (M, BLANCO);JAPDA16TM;DAMA;Blanco;M;CERRO VERDE;1
2026;MAYO;CUADRO JACKET 2.0 CAB;[JAPCA16TM] CUADRO JACKET 2.0 CAB (M, BLANCO);JAPCA16TM;CAB;Blanco;M;GRIETA;1
2026;MAYO;CUADRO JACKET 2.0 DAMA;[JAPDA16TM] CUADRO JACKET 2.0 DAMA (M, BLANCO);JAPDA16TM;DAMA;Blanco;M;GRIETA;1
2026;MAYO;CUADRO JACKET 2.0 DAMA;[JAPDA66TS] CUADRO JACKET 2.0 DAMA (S, VERDE MILITAR);JAPDA66TS;DAMA;Verde Militar;S;GRAND PLAZ;1
2026;MAYO;CUADRO JACKET 2.0 DAMA;[JAPDA43TS] CUADRO JACKET 2.0 DAMA (S, NEGRO);JAPDA43TS;DAMA;Negro;S;GRIETA;1
2026;MAYO;CUADRO JACKET 2.0 DAMA;[JAPDA16TXS] CUADRO JACKET 2.0 DAMA (XS, BLANCO);JAPDA16TXS;DAMA;Blanco;XS;TOLON;1
2026;MAYO;CUADRO JACKET 2.0 DAMA;[JAPDA16TXL] CUADRO JACKET 2.0 DAMA (XL, BLANCO);JAPDA16TXL;DAMA;Blanco;XL;SAMBIL VALENCIA;1
2026;MAYO;CUADRO JACKET 2.0 DAMA;[JAPDA35TS] CUADRO JACKET 2.0 DAMA (S, MAGENTA);JAPDA35TS;DAMA;Magenta;S;GRIETA;1
2026;MAYO;CUADRO JACKET 2.0 CAB;[JAPCA16TXL] CUADRO JACKET 2.0 CAB (XL, BLANCO);JAPCA16TXL;CAB;Blanco;XL;SAMBIL VALENCIA;1
2026;MAYO;CUADRO JACKET 2.0 KIDS;[JAPKI162T12] CUADRO JACKET 2.0 KIDS (12, AZUL POLO);JAPKI162T12;KIDS;Azul Polo;12;SAMBIL VALENCIA;1
2026;MAYO;CUADRO JACKET 2.0 DAMA;[JAPDA35TL] CUADRO JACKET 2.0 DAMA (L, MAGENTA);JAPDA35TL;DAMA;Magenta;L;CERRO VERDE;2
2026;MAYO;CUADRO JACKET 2.0 DAMA;[JAPDA35TM] CUADRO JACKET 2.0 DAMA (M, MAGENTA);JAPDA35TM;DAMA;Magenta;M;CERRO VERDE;1
2026;MAYO;CUADRO JACKET 2.0 DAMA;[JAPDA35TXS] CUADRO JACKET 2.0 DAMA (XS, MAGENTA);JAPDA35TXS;DAMA;Magenta;XS;CERRO VERDE;1
2026;MAYO;CUADRO JACKET 2.0 DAMA;[JAPDA01TL] CUADRO JACKET 2.0 DAMA (L, AGUAMARINA);JAPDA01TL;DAMA;Aguamarina;L;CERRO VERDE;1
2026;MAYO;CUADRO JACKET 2.0 CAB;[JAPCA66TM] CUADRO JACKET 2.0 CAB (M, VERDE MILITAR);JAPCA66TM;CAB;Verde Militar;M;SAMBIL VALENCIA;1
2026;MAYO;CUADRO JACKET 2.0 DAMA;[JAPDA16TL] CUADRO JACKET 2.0 DAMA (L, BLANCO);JAPDA16TL;DAMA;Blanco;L;SAMBIL CHACAO;1
2026;MAYO;CUADRO JACKET 2.0 DAMA;[JAPDA43TL] CUADRO JACKET 2.0 DAMA (L, NEGRO);JAPDA43TL;DAMA;Negro;L;SAMBIL VALENCIA;1
2026;MAYO;CUADRO JACKET 2.0 DAMA;[JAPDA35TL] CUADRO JACKET 2.0 DAMA (L, MAGENTA);JAPDA35TL;DAMA;Magenta;L;CERRO VERDE;-1
2026;MAYO;CUADRO JACKET 2.0 DAMA;[JAPDA43TS] CUADRO JACKET 2.0 DAMA (S, NEGRO);JAPDA43TS;DAMA;Negro;S;CERRO VERDE;1
2026;MAYO;CUADRO JACKET 2.0 CAB;[JAPCA66T2XL] CUADRO JACKET 2.0 CAB (2XL, VERDE MILITAR);JAPCA66T2XL;CAB;Verde Militar;2XL;GRIETA;1
2026;MAYO;CUADRO JACKET 2.0 DAMA;[JAPDA162TXS] CUADRO JACKET 2.0 DAMA (XS, AZUL POLO);JAPDA162TXS;DAMA;Azul Polo;XS;GRIETA;1
2026;MAYO;CUADRO JACKET 2.0 CAB;[JAPCA66TL] CUADRO JACKET 2.0 CAB (L, VERDE MILITAR);JAPCA66TL;CAB;Verde Militar;L;CERRO VERDE;1
2026;MAYO;CUADRO JACKET 2.0 CAB;[JAPCA66TM] CUADRO JACKET 2.0 CAB (M, VERDE MILITAR);JAPCA66TM;CAB;Verde Militar;M;CERRO VERDE;1
2026;MAYO;CUADRO JACKET 2.0 CAB;[JAPCA43TM] CUADRO JACKET 2.0 CAB (M, NEGRO);JAPCA43TM;CAB;Negro;M;GRIETA;1
2026;MAYO;CUADRO JACKET 2.0 DAMA;[JAPDA35TS] CUADRO JACKET 2.0 DAMA (S, MAGENTA);JAPDA35TS;DAMA;Magenta;S;CERRO VERDE;1
2026;MAYO;CUADRO JACKET 2.0 CAB;[JAPCA43TXL] CUADRO JACKET 2.0 CAB (XL, NEGRO);JAPCA43TXL;CAB;Negro;XL;SAMBIL VALENCIA;1
2026;MAYO;CUADRO JACKET 2.0 DAMA;[JAPDA162TL] CUADRO JACKET 2.0 DAMA (L, AZUL POLO);JAPDA162TL;DAMA;Azul Polo;L;GRIETA;-1
2026;MAYO;CUADRO JACKET 2.0 CAB;[JAPCA162T2XL] CUADRO JACKET 2.0 CAB (2XL, AZUL POLO);JAPCA162T2XL;CAB;Azul Polo;2XL;GRIETA;1
2026;MAYO;CUADRO JACKET 2.0 CAB;[JAPCA162TL] CUADRO JACKET 2.0 CAB (L, AZUL POLO);JAPCA162TL;CAB;Azul Polo;L;SAMBIL VALENCIA;1
2026;MAYO;CUADRO JACKET 2.0 DAMA;[JAPDA66TM] CUADRO JACKET 2.0 DAMA (M, VERDE MILITAR);JAPDA66TM;DAMA;Verde Militar;M;SAMBIL VALENCIA;1
2026;MAYO;CUADRO JACKET 2.0 DAMA;[JAPDA43TM] CUADRO JACKET 2.0 DAMA (M, NEGRO);JAPDA43TM;DAMA;Negro;M;TOLON;1
2026;MAYO;CUADRO JACKET 2.0 CAB;[JAPCA162TXL] CUADRO JACKET 2.0 CAB (XL, AZUL POLO);JAPCA162TXL;CAB;Azul Polo;XL;CERRO VERDE;1
2026;MAYO;CUADRO JACKET 2.0 CAB;[JAPCA43TL] CUADRO JACKET 2.0 CAB (L, NEGRO);JAPCA43TL;CAB;Negro;L;SAMBIL CHACAO;1
2026;MAYO;CUADRO JACKET 2.0 CAB;[JAPCA162TL] CUADRO JACKET 2.0 CAB (L, AZUL POLO);JAPCA162TL;CAB;Azul Polo;L;TOLON;1
2026;MAYO;CUADRO JACKET 2.0 CAB;[JAPCA43TXL] CUADRO JACKET 2.0 CAB (XL, NEGRO);JAPCA43TXL;CAB;Negro;XL;GRIETA;2
2026;MAYO;CUADRO JACKET 2.0 DAMA;[JAPDA35TXS] CUADRO JACKET 2.0 DAMA (XS, MAGENTA);JAPDA35TXS;DAMA;Magenta;XS;TOLON;1
2026;MAYO;CUADRO JACKET 2.0 DAMA;[JAPDA43TS] CUADRO JACKET 2.0 DAMA (S, NEGRO);JAPDA43TS;DAMA;Negro;S;GRIETA;1
2026;MAYO;CUADRO JACKET 2.0 DAMA;[JAPDA16TXS] CUADRO JACKET 2.0 DAMA (XS, BLANCO);JAPDA16TXS;DAMA;Blanco;XS;SAMBIL CHACAO;1
2026;MAYO;CUADRO JACKET 2.0 CAB;[JAPCA16TXL] CUADRO JACKET 2.0 CAB (XL, BLANCO);JAPCA16TXL;CAB;Blanco;XL;SAMBIL CHACAO;1
2026;MAYO;CUADRO JACKET 2.0 CAB;[JAPCA43TM] CUADRO JACKET 2.0 CAB (M, NEGRO);JAPCA43TM;CAB;Negro;M;GRIETA;1
2026;MAYO;CUADRO JACKET 2.0 DAMA;[JAPDA43TS] CUADRO JACKET 2.0 DAMA (S, NEGRO);JAPDA43TS;DAMA;Negro;S;SAMBIL CHACAO;1
2026;MAYO;CUADRO JACKET 2.0 DAMA;[JAPDA01TM] CUADRO JACKET 2.0 DAMA (M, AGUAMARINA);JAPDA01TM;DAMA;Aguamarina;M;GRIETA;1
2026;MAYO;CUADRO JACKET 2.0 CAB;[JAPCA16TXL] CUADRO JACKET 2.0 CAB (XL, BLANCO);JAPCA16TXL;CAB;Blanco;XL;GRIETA;1
2026;MAYO;CUADRO JACKET 2.0 CAB;[JAPCA162TXL] CUADRO JACKET 2.0 CAB (XL, AZUL POLO);JAPCA162TXL;CAB;Azul Polo;XL;GRIETA;1
2026;MAYO;CUADRO JACKET 2.0 DAMA;[JAPDA16TM] CUADRO JACKET 2.0 DAMA (M, BLANCO);JAPDA16TM;DAMA;Blanco;M;GRIETA;1
2026;MAYO;CUADRO JACKET 2.0 CAB;[JAPCA43TXL] CUADRO JACKET 2.0 CAB (XL, NEGRO);JAPCA43TXL;CAB;Negro;XL;SAMBIL VALENCIA;1
2026;MAYO;CUADRO JACKET 2.0 DAMA;[JAPDA35TM] CUADRO JACKET 2.0 DAMA (M, MAGENTA);JAPDA35TM;DAMA;Magenta;M;SAMBIL VALENCIA;1
2026;MAYO;CUADRO JACKET 2.0 DAMA;[JAPDA16TM] CUADRO JACKET 2.0 DAMA (M, BLANCO);JAPDA16TM;DAMA;Blanco;M;SAMBIL CHACAO;1
2026;MAYO;CUADRO JACKET 2.0 CAB;[JAPCA43TM] CUADRO JACKET 2.0 CAB (M, NEGRO);JAPCA43TM;CAB;Negro;M;SAMBIL VALENCIA;1
2026;MAYO;CUADRO JACKET 2.0 DAMA;[JAPDA16TM] CUADRO JACKET 2.0 DAMA (M, BLANCO);JAPDA16TM;DAMA;Blanco;M;SAMBIL CHACAO;-1
2026;MAYO;CUADRO JACKET 2.0 DAMA;[JAPDA16TM] CUADRO JACKET 2.0 DAMA (M, BLANCO);JAPDA16TM;DAMA;Blanco;M;SAMBIL CHACAO;1
2026;MAYO;CUADRO JACKET 2.0 DAMA;[JAPDA43TS] CUADRO JACKET 2.0 DAMA (S, NEGRO);JAPDA43TS;DAMA;Negro;S;CERRO VERDE;1
2026;MAYO;CUADRO JACKET 2.0 DAMA;[JAPDA162TXS] CUADRO JACKET 2.0 DAMA (XS, AZUL POLO);JAPDA162TXS;DAMA;Azul Polo;XS;GRIETA;1
2026;MAYO;CUADRO JACKET 2.0 CAB;[JAPCA43TM] CUADRO JACKET 2.0 CAB (M, NEGRO);JAPCA43TM;CAB;Negro;M;SAMBIL VALENCIA;1
2026;MAYO;CUADRO JACKET 2.0 DAMA;[JAPDA16TM] CUADRO JACKET 2.0 DAMA (M, BLANCO);JAPDA16TM;DAMA;Blanco;M;TOLON;1
2026;MAYO;CUADRO JACKET 2.0 DAMA;[JAPDA16TXL] CUADRO JACKET 2.0 DAMA (XL, BLANCO);JAPDA16TXL;DAMA;Blanco;XL;TOLON;1
2026;MAYO;CUADRO JACKET 2.0 DAMA;[JAPDA35TXL] CUADRO JACKET 2.0 DAMA (XL, MAGENTA);JAPDA35TXL;DAMA;Magenta;XL;TOLON;1
2026;MAYO;CUADRO JACKET 2.0 CAB;[JAPCA16TS] CUADRO JACKET 2.0 CAB (S, BLANCO);JAPCA16TS;CAB;Blanco;S;SAMBIL VALENCIA;1
2026;MAYO;CUADRO JACKET 2.0 DAMA;[JAPDA35TL] CUADRO JACKET 2.0 DAMA (L, MAGENTA);JAPDA35TL;DAMA;Magenta;L;SAMBIL VALENCIA;1
2026;MAYO;CUADRO JACKET 2.0 DAMA;[JAPDA35TXS] CUADRO JACKET 2.0 DAMA (XS, MAGENTA);JAPDA35TXS;DAMA;Magenta;XS;CERRO VERDE;1
2026;MAYO;CUADRO JACKET 2.0 DAMA;[JAPDA66TM] CUADRO JACKET 2.0 DAMA (M, VERDE MILITAR);JAPDA66TM;DAMA;Verde Militar;M;TOLON;-1
2026;MAYO;CUADRO JACKET 2.0 CAB;[JAPCA43T2XL] CUADRO JACKET 2.0 CAB (2XL, NEGRO);JAPCA43T2XL;CAB;Negro;2XL;SAMBIL VALENCIA;1
2026;MAYO;CUADRO JACKET 2.0 DAMA;[JAPDA66TL] CUADRO JACKET 2.0 DAMA (L, VERDE MILITAR);JAPDA66TL;DAMA;Verde Militar;L;TOLON;1
2026;MAYO;CUADRO JACKET 2.0 CAB;[JAPCA43TL] CUADRO JACKET 2.0 CAB (L, NEGRO);JAPCA43TL;CAB;Negro;L;GRIETA;1
2026;MAYO;CUADRO JACKET 2.0 CAB;[JAPCA66TM] CUADRO JACKET 2.0 CAB (M, VERDE MILITAR);JAPCA66TM;CAB;Verde Militar;M;TOLON;1
2026;MAYO;CUADRO JACKET 2.0 DAMA;[JAPDA16TL] CUADRO JACKET 2.0 DAMA (L, BLANCO);JAPDA16TL;DAMA;Blanco;L;SAMBIL CHACAO;1
2026;MAYO;CUADRO JACKET 2.0 CAB;[JAPCA16TL] CUADRO JACKET 2.0 CAB (L, BLANCO);JAPCA16TL;CAB;Blanco;L;SAMBIL CHACAO;1
2026;MAYO;CUADRO JACKET 2.0 CAB;[JAPCA43T2XL] CUADRO JACKET 2.0 CAB (2XL, NEGRO);JAPCA43T2XL;CAB;Negro;2XL;SAMBIL CHACAO;1
2026;MAYO;CUADRO JACKET 2.0 KIDS;[JAPKI01T10] CUADRO JACKET 2.0 KIDS (10, AGUAMARINA);JAPKI01T10;KIDS;Aguamarina;10;GRIETA;2
2026;MAYO;CUADRO JACKET 2.0 DAMA;[JAPDA01TS] CUADRO JACKET 2.0 DAMA (S, AGUAMARINA);JAPDA01TS;DAMA;Aguamarina;S;CERRO VERDE;1
2026;MAYO;CUADRO JACKET 2.0 DAMA;[JAPDA43TM] CUADRO JACKET 2.0 DAMA (M, NEGRO);JAPDA43TM;DAMA;Negro;M;CERRO VERDE;1
2026;MAYO;CUADRO JACKET 2.0 DAMA;[JAPDA01TS] CUADRO JACKET 2.0 DAMA (S, AGUAMARINA);JAPDA01TS;DAMA;Aguamarina;S;GRAND PLAZ;1
2026;MAYO;CUADRO JACKET 2.0 CAB;[JAPCA162TS] CUADRO JACKET 2.0 CAB (S, AZUL POLO);JAPCA162TS;CAB;Azul Polo;S;CERRO VERDE;1
2026;MAYO;CUADRO JACKET 2.0 DAMA;[JAPDA16TM] CUADRO JACKET 2.0 DAMA (M, BLANCO);JAPDA16TM;DAMA;Blanco;M;SAMBIL CHACAO;1
2026;MAYO;CUADRO JACKET 2.0 DAMA;[JAPDA162TS] CUADRO JACKET 2.0 DAMA (S, AZUL POLO);JAPDA162TS;DAMA;Azul Polo;S;GRIETA;1
2026;MAYO;CUADRO JACKET 2.0 KIDS;[JAPKI01T8] CUADRO JACKET 2.0 KIDS (8, AGUAMARINA);JAPKI01T8;KIDS;Aguamarina;8;SAMBIL VALENCIA;1
2026;MAYO;CUADRO JACKET 2.0 DAMA;[JAPDA162TXS] CUADRO JACKET 2.0 DAMA (XS, AZUL POLO);JAPDA162TXS;DAMA;Azul Polo;XS;SAMBIL VALENCIA;1
2026;MAYO;CUADRO JACKET 2.0 CAB;[JAPCA43TXL] CUADRO JACKET 2.0 CAB (XL, NEGRO);JAPCA43TXL;CAB;Negro;XL;CERRO VERDE;1
2026;MAYO;CUADRO JACKET 2.0 DAMA;[JAPDA16TXL] CUADRO JACKET 2.0 DAMA (XL, BLANCO);JAPDA16TXL;DAMA;Blanco;XL;CERRO VERDE;1
2026;MAYO;CUADRO JACKET 2.0 DAMA;[JAPDA16TM] CUADRO JACKET 2.0 DAMA (M, BLANCO);JAPDA16TM;DAMA;Blanco;M;CERRO VERDE;1
2026;MAYO;CUADRO JACKET 2.0 CAB;[JAPCA66TXL] CUADRO JACKET 2.0 CAB (XL, VERDE MILITAR);JAPCA66TXL;CAB;Verde Militar;XL;CERRO VERDE;1
2026;MAYO;CUADRO JACKET 2.0 CAB;[JAPCA66TL] CUADRO JACKET 2.0 CAB (L, VERDE MILITAR);JAPCA66TL;CAB;Verde Militar;L;CERRO VERDE;1
2026;MAYO;CUADRO JACKET 2.0 CAB;[JAPCA66TM] CUADRO JACKET 2.0 CAB (M, VERDE MILITAR);JAPCA66TM;CAB;Verde Militar;M;CERRO VERDE;1
2026;MAYO;CUADRO JACKET 2.0 DAMA;[JAPDA01TS] CUADRO JACKET 2.0 DAMA (S, AGUAMARINA);JAPDA01TS;DAMA;Aguamarina;S;CERRO VERDE;1
2026;MAYO;CUADRO JACKET 2.0 CAB;[JAPCA43TM] CUADRO JACKET 2.0 CAB (M, NEGRO);JAPCA43TM;CAB;Negro;M;CERRO VERDE;1
2026;MAYO;CUADRO JACKET 2.0 DAMA;[JAPDA43TM] CUADRO JACKET 2.0 DAMA (M, NEGRO);JAPDA43TM;DAMA;Negro;M;CERRO VERDE;-1
2026;MAYO;CUADRO JACKET 2.0 CAB;[JAPCA43TM] CUADRO JACKET 2.0 CAB (M, NEGRO);JAPCA43TM;CAB;Negro;M;CERRO VERDE;1
2026;MAYO;CUADRO JACKET 2.0 CAB;[JAPCA43TM] CUADRO JACKET 2.0 CAB (M, NEGRO);JAPCA43TM;CAB;Negro;M;CERRO VERDE;1
2026;MAYO;CUADRO JACKET 2.0 CAB;[JAPCA43TL] CUADRO JACKET 2.0 CAB (L, NEGRO);JAPCA43TL;CAB;Negro;L;GRIETA;1
2026;MAYO;CUADRO JACKET 2.0 KIDS;[JAPKI35T12] CUADRO JACKET 2.0 KIDS (12, MAGENTA);JAPKI35T12;KIDS;Magenta;12;SAMBIL VALENCIA;1
2026;MAYO;CUADRO JACKET 2.0 KIDS;[JAPKI43T12] CUADRO JACKET 2.0 KIDS (12, NEGRO);JAPKI43T12;KIDS;Negro;12;SAMBIL VALENCIA;1
2026;MAYO;CUADRO JACKET 2.0 DAMA;[JAPDA66TM] CUADRO JACKET 2.0 DAMA (M, VERDE MILITAR);JAPDA66TM;DAMA;Verde Militar;M;SAMBIL CHACAO;1
2026;MAYO;CUADRO JACKET 2.0 CAB;[JAPCA43TM] CUADRO JACKET 2.0 CAB (M, NEGRO);JAPCA43TM;CAB;Negro;M;SAMBIL CHACAO;1
2026;MAYO;CUADRO JACKET 2.0 DAMA;[JAPDA162TM] CUADRO JACKET 2.0 DAMA (M, AZUL POLO);JAPDA162TM;DAMA;Azul Polo;M;SAMBIL VALENCIA;1
2026;MAYO;CUADRO JACKET 2.0 DAMA;[JAPDA43TXS] CUADRO JACKET 2.0 DAMA (XS, NEGRO);JAPDA43TXS;DAMA;Negro;XS;SAMBIL VALENCIA;1
2026;MAYO;CUADRO JACKET 2.0 DAMA;[JAPDA16TM] CUADRO JACKET 2.0 DAMA (M, BLANCO);JAPDA16TM;DAMA;Blanco;M;TOLON;1
2026;MAYO;CUADRO JACKET 2.0 CAB;[JAPCA43TM] CUADRO JACKET 2.0 CAB (M, NEGRO);JAPCA43TM;CAB;Negro;M;SAMBIL VALENCIA;1
2026;MAYO;CUADRO JACKET 2.0 CAB;[JAPCA162T2XL] CUADRO JACKET 2.0 CAB (2XL, AZUL POLO);JAPCA162T2XL;CAB;Azul Polo;2XL;SAMBIL VALENCIA;1
2026;MAYO;CUADRO JACKET 2.0 DAMA;[JAPDA43TS] CUADRO JACKET 2.0 DAMA (S, NEGRO);JAPDA43TS;DAMA;Negro;S;SAMBIL CHACAO;1
2026;MAYO;CUADRO JACKET 2.0 CAB;[JAPCA162TXL] CUADRO JACKET 2.0 CAB (XL, AZUL POLO);JAPCA162TXL;CAB;Azul Polo;XL;SAMBIL CHACAO;1
2026;MAYO;CUADRO JACKET 2.0 CAB;[JAPCA162TXL] CUADRO JACKET 2.0 CAB (XL, AZUL POLO);JAPCA162TXL;CAB;Azul Polo;XL;CERRO VERDE;1
2026;MAYO;CUADRO JACKET 2.0 DAMA;[JAPDA16TL] CUADRO JACKET 2.0 DAMA (L, BLANCO);JAPDA16TL;DAMA;Blanco;L;CERRO VERDE;1
2026;MAYO;CUADRO JACKET 2.0 KIDS;[JAPKI162T10] CUADRO JACKET 2.0 KIDS (10, AZUL POLO);JAPKI162T10;KIDS;Azul Polo;10;GRIETA;1
2026;MAYO;CUADRO JACKET 2.0 KIDS;[JAPKI162T10] CUADRO JACKET 2.0 KIDS (10, AZUL POLO);JAPKI162T10;KIDS;Azul Polo;10;GRIETA;-1
2026;MAYO;CUADRO JACKET 2.0 KIDS;[JAPKI162T12] CUADRO JACKET 2.0 KIDS (12, AZUL POLO);JAPKI162T12;KIDS;Azul Polo;12;GRIETA;1
2026;MAYO;CUADRO JACKET 2.0 DAMA;[JAPDA35TM] CUADRO JACKET 2.0 DAMA (M, MAGENTA);JAPDA35TM;DAMA;Magenta;M;SAMBIL VALENCIA;-1
2026;MAYO;CUADRO JACKET 2.0 CAB;[JAPCA16TM] CUADRO JACKET 2.0 CAB (M, BLANCO);JAPCA16TM;CAB;Blanco;M;SAMBIL VALENCIA;1
2026;MAYO;CUADRO JACKET 2.0 CAB;[JAPCA66TM] CUADRO JACKET 2.0 CAB (M, VERDE MILITAR);JAPCA66TM;CAB;Verde Militar;M;SAMBIL VALENCIA;1
2026;MAYO;CUADRO JACKET 2.0 DAMA;[JAPDA43TXS] CUADRO JACKET 2.0 DAMA (XS, NEGRO);JAPDA43TXS;DAMA;Negro;XS;SAMBIL CHACAO;1
2026;MAYO;CUADRO JACKET 2.0 CAB;[JAPCA43TL] CUADRO JACKET 2.0 CAB (L, NEGRO);JAPCA43TL;CAB;Negro;L;SAMBIL CHACAO;1
2026;MAYO;CUADRO JACKET 2.0 DAMA;[JAPDA35TS] CUADRO JACKET 2.0 DAMA (S, MAGENTA);JAPDA35TS;DAMA;Magenta;S;SAMBIL VALENCIA;1
2026;MAYO;CUADRO JACKET 2.0 KIDS;[JAPKI162T12] CUADRO JACKET 2.0 KIDS (12, AZUL POLO);JAPKI162T12;KIDS;Azul Polo;12;CERRO VERDE;1
2026;MAYO;CUADRO JACKET 2.0 DAMA;[JAPDA16TS] CUADRO JACKET 2.0 DAMA (S, BLANCO);JAPDA16TS;DAMA;Blanco;S;SAMBIL VALENCIA;1
2026;MAYO;CUADRO JACKET 2.0 CAB;[JAPCA43TS] CUADRO JACKET 2.0 CAB (S, NEGRO);JAPCA43TS;CAB;Negro;S;SAMBIL VALENCIA;1
2026;MAYO;CUADRO JACKET 2.0 DAMA;[JAPDA43TS] CUADRO JACKET 2.0 DAMA (S, NEGRO);JAPDA43TS;DAMA;Negro;S;SAMBIL VALENCIA;1
2026;MAYO;CUADRO JACKET 2.0 DAMA;[JAPDA43TXS] CUADRO JACKET 2.0 DAMA (XS, NEGRO);JAPDA43TXS;DAMA;Negro;XS;SAMBIL VALENCIA;1
2026;MAYO;CUADRO JACKET 2.0 DAMA;[JAPDA16TS] CUADRO JACKET 2.0 DAMA (S, BLANCO);JAPDA16TS;DAMA;Blanco;S;SAMBIL VALENCIA;1
2026;MAYO;CUADRO JACKET 2.0 DAMA;[JAPDA01TS] CUADRO JACKET 2.0 DAMA (S, AGUAMARINA);JAPDA01TS;DAMA;Aguamarina;S;SAMBIL VALENCIA;1
2026;MAYO;CUADRO JACKET 2.0 CAB;[JAPCA43TL] CUADRO JACKET 2.0 CAB (L, NEGRO);JAPCA43TL;CAB;Negro;L;SAMBIL VALENCIA;1
2026;MAYO;CUADRO JACKET 2.0 CAB;[JAPCA43TS] CUADRO JACKET 2.0 CAB (S, NEGRO);JAPCA43TS;CAB;Negro;S;CERRO VERDE;1
2026;MAYO;CUADRO JACKET 2.0 CAB;[JAPCA162TL] CUADRO JACKET 2.0 CAB (L, AZUL POLO);JAPCA162TL;CAB;Azul Polo;L;SAMBIL CHACAO;1
2026;MAYO;CUADRO JACKET 2.0 CAB;[JAPCA16TL] CUADRO JACKET 2.0 CAB (L, BLANCO);JAPCA16TL;CAB;Blanco;L;SAMBIL VALENCIA;1
2026;MAYO;CUADRO JACKET 2.0 DAMA;[JAPDA43TM] CUADRO JACKET 2.0 DAMA (M, NEGRO);JAPDA43TM;DAMA;Negro;M;CERRO VERDE;1
2026;MAYO;CUADRO JACKET 2.0 DAMA;[JAPDA162TM] CUADRO JACKET 2.0 DAMA (M, AZUL POLO);JAPDA162TM;DAMA;Azul Polo;M;CERRO VERDE;1
2026;MAYO;CUADRO JACKET 2.0 DAMA;[JAPDA35TL] CUADRO JACKET 2.0 DAMA (L, MAGENTA);JAPDA35TL;DAMA;Magenta;L;SAMBIL VALENCIA;1
2026;MAYO;CUADRO JACKET 2.0 CAB;[JAPCA43TM] CUADRO JACKET 2.0 CAB (M, NEGRO);JAPCA43TM;CAB;Negro;M;SAMBIL VALENCIA;1
2026;MAYO;CUADRO JACKET 2.0 DAMA;[JAPDA01TM] CUADRO JACKET 2.0 DAMA (M, AGUAMARINA);JAPDA01TM;DAMA;Aguamarina;M;GRIETA;1
2026;MAYO;CUADRO JACKET 2.0 DAMA;[JAPDA43TXS] CUADRO JACKET 2.0 DAMA (XS, NEGRO);JAPDA43TXS;DAMA;Negro;XS;SAMBIL VALENCIA;1
2026;MAYO;CUADRO JACKET 2.0 DAMA;[JAPDA01TM] CUADRO JACKET 2.0 DAMA (M, AGUAMARINA);JAPDA01TM;DAMA;Aguamarina;M;TOLON;1
2026;MAYO;CUADRO JACKET 2.0 CAB;[JAPCA43TS] CUADRO JACKET 2.0 CAB (S, NEGRO);JAPCA43TS;CAB;Negro;S;CERRO VERDE;1
2026;MAYO;CUADRO JACKET 2.0 DAMA;[JAPDA16TS] CUADRO JACKET 2.0 DAMA (S, BLANCO);JAPDA16TS;DAMA;Blanco;S;CERRO VERDE;1
2026;MAYO;CUADRO JACKET 2.0 DAMA;[JAPDA16TXL] CUADRO JACKET 2.0 DAMA (XL, BLANCO);JAPDA16TXL;DAMA;Blanco;XL;CERRO VERDE;1
2026;MAYO;CUADRO JACKET 2.0 DAMA;[JAPDA16TS] CUADRO JACKET 2.0 DAMA (S, BLANCO);JAPDA16TS;DAMA;Blanco;S;CERRO VERDE;3
2026;MAYO;CUADRO JACKET 2.0 DAMA;[JAPDA16TS] CUADRO JACKET 2.0 DAMA (S, BLANCO);JAPDA16TS;DAMA;Blanco;S;SAMBIL CHACAO;1
2026;MAYO;CUADRO JACKET 2.0 DAMA;[JAPDA43TM] CUADRO JACKET 2.0 DAMA (M, NEGRO);JAPDA43TM;DAMA;Negro;M;SAMBIL VALENCIA;1
2026;MAYO;CUADRO JACKET 2.0 KIDS;[JAPKI162T2] CUADRO JACKET 2.0 KIDS (2, AZUL POLO);JAPKI162T2;KIDS;Azul Polo;2;GRIETA;1
2026;MAYO;CUADRO JACKET 2.0 CAB;[JAPCA66TM] CUADRO JACKET 2.0 CAB (M, VERDE MILITAR);JAPCA66TM;CAB;Verde Militar;M;CERRO VERDE;1
2026;MAYO;CUADRO JACKET 2.0 DAMA;[JAPDA43TXL] CUADRO JACKET 2.0 DAMA (XL, NEGRO);JAPDA43TXL;DAMA;Negro;XL;SAMBIL VALENCIA;1
2026;MAYO;CUADRO JACKET 2.0 CAB;[JAPCA43T2XL] CUADRO JACKET 2.0 CAB (2XL, NEGRO);JAPCA43T2XL;CAB;Negro;2XL;SAMBIL VALENCIA;1
2026;MAYO;CUADRO JACKET 2.0 DAMA;[JAPDA43TM] CUADRO JACKET 2.0 DAMA (M, NEGRO);JAPDA43TM;DAMA;Negro;M;TOLON;1
2026;MAYO;CUADRO JACKET 2.0 DAMA;[JAPDA35TM] CUADRO JACKET 2.0 DAMA (M, MAGENTA);JAPDA35TM;DAMA;Magenta;M;GRIETA;1
2026;MAYO;CUADRO JACKET 2.0 CAB;[JAPCA43TS] CUADRO JACKET 2.0 CAB (S, NEGRO);JAPCA43TS;CAB;Negro;S;CERRO VERDE;1
2026;MAYO;CUADRO JACKET 2.0 CAB;[JAPCA43TL] CUADRO JACKET 2.0 CAB (L, NEGRO);JAPCA43TL;CAB;Negro;L;TOLON;1
2026;MAYO;CUADRO JACKET 2.0 CAB;[JAPCA43TS] CUADRO JACKET 2.0 CAB (S, NEGRO);JAPCA43TS;CAB;Negro;S;TOLON;1
2026;MAYO;CUADRO JACKET 2.0 CAB;[JAPCA16TS] CUADRO JACKET 2.0 CAB (S, BLANCO);JAPCA16TS;CAB;Blanco;S;TOLON;1
2026;MAYO;CUADRO JACKET 2.0 CAB;[JAPCA43T2XL] CUADRO JACKET 2.0 CAB (2XL, NEGRO);JAPCA43T2XL;CAB;Negro;2XL;SAMBIL VALENCIA;1
2026;MAYO;CUADRO JACKET 2.0 DAMA;[JAPDA162TXS] CUADRO JACKET 2.0 DAMA (XS, AZUL POLO);JAPDA162TXS;DAMA;Azul Polo;XS;SAMBIL CHACAO;1
2026;MAYO;CUADRO JACKET 2.0 CAB;[JAPCA66TM] CUADRO JACKET 2.0 CAB (M, VERDE MILITAR);JAPCA66TM;CAB;Verde Militar;M;SAMBIL CHACAO;1
2026;MAYO;CUADRO JACKET 2.0 CAB;[JAPCA16TM] CUADRO JACKET 2.0 CAB (M, BLANCO);JAPCA16TM;CAB;Blanco;M;GRIETA;1
2026;MAYO;CUADRO JACKET 2.0 KIDS;[JAPKI01T6] CUADRO JACKET 2.0 KIDS (6, AGUAMARINA);JAPKI01T6;KIDS;Aguamarina;6;CERRO VERDE;1
2026;MAYO;CUADRO JACKET 2.0 KIDS;[JAPKI01T4] CUADRO JACKET 2.0 KIDS (4, AGUAMARINA);JAPKI01T4;KIDS;Aguamarina;4;CERRO VERDE;1
2026;MAYO;CUADRO JACKET 2.0 DAMA;[JAPDA01TM] CUADRO JACKET 2.0 DAMA (M, AGUAMARINA);JAPDA01TM;DAMA;Aguamarina;M;GRIETA;1
2026;MAYO;CUADRO JACKET 2.0 DAMA;[JAPDA162TS] CUADRO JACKET 2.0 DAMA (S, AZUL POLO);JAPDA162TS;DAMA;Azul Polo;S;GRAND PLAZ;1
2026;MAYO;CUADRO JACKET 2.0 CAB;[JAPCA16TM] CUADRO JACKET 2.0 CAB (M, BLANCO);JAPCA16TM;CAB;Blanco;M;GRIETA;-1
2026;MAYO;CUADRO JACKET 2.0 CAB;[JAPCA16TS] CUADRO JACKET 2.0 CAB (S, BLANCO);JAPCA16TS;CAB;Blanco;S;GRIETA;1
2026;MAYO;CUADRO JACKET 2.0 DAMA;[JAPDA43TM] CUADRO JACKET 2.0 DAMA (M, NEGRO);JAPDA43TM;DAMA;Negro;M;GRIETA;1
2026;MAYO;CUADRO JACKET 2.0 DAMA;[JAPDA16TM] CUADRO JACKET 2.0 DAMA (M, BLANCO);JAPDA16TM;DAMA;Blanco;M;GRIETA;1
2026;MAYO;CUADRO JACKET 2.0 DAMA;[JAPDA66TS] CUADRO JACKET 2.0 DAMA (S, VERDE MILITAR);JAPDA66TS;DAMA;Verde Militar;S;SAMBIL VALENCIA;1
2026;MAYO;CUADRO JACKET 2.0 CAB;[JAPCA66TL] CUADRO JACKET 2.0 CAB (L, VERDE MILITAR);JAPCA66TL;CAB;Verde Militar;L;SAMBIL VALENCIA;1
2026;MAYO;CUADRO JACKET 2.0 CAB;[JAPCA66T2XL] CUADRO JACKET 2.0 CAB (2XL, VERDE MILITAR);JAPCA66T2XL;CAB;Verde Militar;2XL;SAMBIL CHACAO;1
2026;MAYO;CUADRO JACKET 2.0 CAB;[JAPCA43TXL] CUADRO JACKET 2.0 CAB (XL, NEGRO);JAPCA43TXL;CAB;Negro;XL;SAMBIL CHACAO;1
2026;MAYO;CUADRO JACKET 2.0 CAB;[JAPCA16TM] CUADRO JACKET 2.0 CAB (M, BLANCO);JAPCA16TM;CAB;Blanco;M;SAMBIL VALENCIA;1
2026;MAYO;CUADRO JACKET 2.0 DAMA;[JAPDA16TS] CUADRO JACKET 2.0 DAMA (S, BLANCO);JAPDA16TS;DAMA;Blanco;S;SAMBIL VALENCIA;1
2026;MAYO;CUADRO JACKET 2.0 CAB;[JAPCA16TS] CUADRO JACKET 2.0 CAB (S, BLANCO);JAPCA16TS;CAB;Blanco;S;SAMBIL VALENCIA;1
2026;MAYO;CUADRO JACKET 2.0 CAB;[JAPCA162TL] CUADRO JACKET 2.0 CAB (L, AZUL POLO);JAPCA162TL;CAB;Azul Polo;L;SAMBIL VALENCIA;1
2026;MAYO;CUADRO JACKET 2.0 CAB;[JAPCA43TM] CUADRO JACKET 2.0 CAB (M, NEGRO);JAPCA43TM;CAB;Negro;M;GRIETA;1
2026;MAYO;CUADRO JACKET 2.0 CAB;[JAPCA66TL] CUADRO JACKET 2.0 CAB (L, VERDE MILITAR);JAPCA66TL;CAB;Verde Militar;L;SAMBIL CHACAO;1
2026;MAYO;CUADRO JACKET 2.0 CAB;[JAPCA43TL] CUADRO JACKET 2.0 CAB (L, NEGRO);JAPCA43TL;CAB;Negro;L;SAMBIL VALENCIA;1
2026;MAYO;CUADRO JACKET 2.0 CAB;[JAPCA16TM] CUADRO JACKET 2.0 CAB (M, BLANCO);JAPCA16TM;CAB;Blanco;M;GRIETA;1
2026;MAYO;CUADRO JACKET 2.0 CAB;[JAPCA162TXL] CUADRO JACKET 2.0 CAB (XL, AZUL POLO);JAPCA162TXL;CAB;Azul Polo;XL;CERRO VERDE;1
2026;MAYO;CUADRO JACKET 2.0 DAMA;[JAPDA162TM] CUADRO JACKET 2.0 DAMA (M, AZUL POLO);JAPDA162TM;DAMA;Azul Polo;M;CERRO VERDE;2
2026;MAYO;CUADRO JACKET 2.0 KIDS;[JAPKI35T12] CUADRO JACKET 2.0 KIDS (12, MAGENTA);JAPKI35T12;KIDS;Magenta;12;CERRO VERDE;1
2026;MAYO;CUADRO JACKET 2.0 DAMA;[JAPDA16TS] CUADRO JACKET 2.0 DAMA (S, BLANCO);JAPDA16TS;DAMA;Blanco;S;SAMBIL CHACAO;1
2026;MAYO;CUADRO JACKET 2.0 DAMA;[JAPDA16TM] CUADRO JACKET 2.0 DAMA (M, BLANCO);JAPDA16TM;DAMA;Blanco;M;SAMBIL VALENCIA;1
2026;MAYO;CUADRO JACKET 2.0 DAMA;[JAPDA01TXS] CUADRO JACKET 2.0 DAMA (XS, AGUAMARINA);JAPDA01TXS;DAMA;Aguamarina;XS;SAMBIL CHACAO;1
2026;MAYO;CUADRO JACKET 2.0 DAMA;[JAPDA01TXL] CUADRO JACKET 2.0 DAMA (XL, AGUAMARINA);JAPDA01TXL;DAMA;Aguamarina;XL;SAMBIL VALENCIA;1
2026;MAYO;CUADRO JACKET 2.0 CAB;[JAPCA01T2XL] CUADRO JACKET 2.0 CAB (2XL, AGUAMARINA);JAPCA01T2XL;CAB;Aguamarina;2XL;CERRO VERDE;1
2026;MAYO;CUADRO JACKET 2.0 CAB;[JAPCA16TL] CUADRO JACKET 2.0 CAB (L, BLANCO);JAPCA16TL;CAB;Blanco;L;SAMBIL CHACAO;1
2026;MAYO;CUADRO JACKET 2.0 DAMA;[JAPDA01TM] CUADRO JACKET 2.0 DAMA (M, AGUAMARINA);JAPDA01TM;DAMA;Aguamarina;M;SAMBIL CHACAO;1
2026;MAYO;CUADRO JACKET 2.0 DAMA;[JAPDA66TS] CUADRO JACKET 2.0 DAMA (S, VERDE MILITAR);JAPDA66TS;DAMA;Verde Militar;S;CERRO VERDE;1
2026;MAYO;CUADRO JACKET 2.0 CAB;[JAPCA66TS] CUADRO JACKET 2.0 CAB (S, VERDE MILITAR);JAPCA66TS;CAB;Verde Militar;S;CERRO VERDE;1
2026;MAYO;CUADRO JACKET 2.0 DAMA;[JAPDA16TXS] CUADRO JACKET 2.0 DAMA (XS, BLANCO);JAPDA16TXS;DAMA;Blanco;XS;CERRO VERDE;1
2026;MAYO;CUADRO JACKET 2.0 CAB;[JAPCA16TS] CUADRO JACKET 2.0 CAB (S, BLANCO);JAPCA16TS;CAB;Blanco;S;CERRO VERDE;1
2026;MAYO;CUADRO JACKET 2.0 DAMA;[JAPDA01TM] CUADRO JACKET 2.0 DAMA (M, AGUAMARINA);JAPDA01TM;DAMA;Aguamarina;M;SAMBIL CHACAO;1
2026;MAYO;CUADRO JACKET 2.0 DAMA;[JAPDA35TXS] CUADRO JACKET 2.0 DAMA (XS, MAGENTA);JAPDA35TXS;DAMA;Magenta;XS;SAMBIL CHACAO;1
2026;MAYO;CUADRO JACKET 2.0 DAMA;[JAPDA35TXS] CUADRO JACKET 2.0 DAMA (XS, MAGENTA);JAPDA35TXS;DAMA;Magenta;XS;SAMBIL VALENCIA;1
2026;MAYO;CUADRO JACKET 2.0 CAB;[JAPCA43TS] CUADRO JACKET 2.0 CAB (S, NEGRO);JAPCA43TS;CAB;Negro;S;SAMBIL VALENCIA;1
2026;MAYO;CUADRO JACKET 2.0 CAB;[JAPCA43TS] CUADRO JACKET 2.0 CAB (S, NEGRO);JAPCA43TS;CAB;Negro;S;SAMBIL VALENCIA;-1
2026;MAYO;CUADRO JACKET 2.0 CAB;[JAPCA43TM] CUADRO JACKET 2.0 CAB (M, NEGRO);JAPCA43TM;CAB;Negro;M;SAMBIL VALENCIA;1
2026;MAYO;CUADRO JACKET 2.0 KIDS;[JAPKI43T2] CUADRO JACKET 2.0 KIDS (2, NEGRO);JAPKI43T2;KIDS;Negro;2;SAMBIL VALENCIA;1
2026;MAYO;CUADRO JACKET 2.0 CAB;[JAPCA16TL] CUADRO JACKET 2.0 CAB (L, BLANCO);JAPCA16TL;CAB;Blanco;L;CORPORATIVO;1
2026;MAYO;CUADRO JACKET 2.0 DAMA;[JAPDA162TM] CUADRO JACKET 2.0 DAMA (M, AZUL POLO);JAPDA162TM;DAMA;Azul Polo;M;CORPORATIVO;1
2026;MAYO;CUADRO JACKET 2.0 DAMA;[JAPDA01TM] CUADRO JACKET 2.0 DAMA (M, AGUAMARINA);JAPDA01TM;DAMA;Aguamarina;M;CORPORATIVO;1
2026;MAYO;CUADRO JACKET 2.0 DAMA;[JAPDA162TXL] CUADRO JACKET 2.0 DAMA (XL, AZUL POLO);JAPDA162TXL;DAMA;Azul Polo;XL;CORPORATIVO;1
2026;MAYO;CUADRO JACKET 2.0 CAB;[JAPCA66TL] CUADRO JACKET 2.0 CAB (L, VERDE MILITAR);JAPCA66TL;CAB;Verde Militar;L;CORPORATIVO;1
2026;MAYO;CUADRO JACKET 2.0 CAB;[JAPCA01TL] CUADRO JACKET 2.0 CAB (L, AGUAMARINA);JAPCA01TL;CAB;Aguamarina;L;CORPORATIVO;1
2026;MAYO;CUADRO JACKET 2.0 CAB;[JAPCA162TM] CUADRO JACKET 2.0 CAB (M, AZUL POLO);JAPCA162TM;CAB;Azul Polo;M;CORPORATIVO;1
2026;MAYO;CUADRO JACKET 2.0 DAMA;[JAPDA01TS] CUADRO JACKET 2.0 DAMA (S, AGUAMARINA);JAPDA01TS;DAMA;Aguamarina;S;CORPORATIVO;1
2026;MAYO;CUADRO JACKET 2.0 DAMA;[JAPDA16TM] CUADRO JACKET 2.0 DAMA (M, BLANCO);JAPDA16TM;DAMA;Blanco;M;CERRO VERDE;1
2026;MAYO;CUADRO JACKET 2.0 CAB;[JAPCA16T2XL] CUADRO JACKET 2.0 CAB (2XL, BLANCO);JAPCA16T2XL;CAB;Blanco;2XL;CERRO VERDE;1
2026;MAYO;CUADRO JACKET 2.0 CAB;[JAPCA43TM] CUADRO JACKET 2.0 CAB (M, NEGRO);JAPCA43TM;CAB;Negro;M;SAMBIL VALENCIA;1
2026;MAYO;CUADRO JACKET 2.0 DAMA;[JAPDA43TM] CUADRO JACKET 2.0 DAMA (M, NEGRO);JAPDA43TM;DAMA;Negro;M;SAMBIL VALENCIA;1
2026;MAYO;CUADRO JACKET 2.0 DAMA;[JAPDA01TM] CUADRO JACKET 2.0 DAMA (M, AGUAMARINA);JAPDA01TM;DAMA;Aguamarina;M;SAMBIL CHACAO;1
2026;MAYO;CUADRO JACKET 2.0 DAMA;[JAPDA16TM] CUADRO JACKET 2.0 DAMA (M, BLANCO);JAPDA16TM;DAMA;Blanco;M;SAMBIL CHACAO;1
2026;MAYO;CUADRO JACKET 2.0 DAMA;[JAPDA35TM] CUADRO JACKET 2.0 DAMA (M, MAGENTA);JAPDA35TM;DAMA;Magenta;M;SAMBIL CHACAO;1
2026;MAYO;CUADRO JACKET 2.0 KIDS;[JAPKI162T2] CUADRO JACKET 2.0 KIDS (2, AZUL POLO);JAPKI162T2;KIDS;Azul Polo;2;GRIETA;1
2026;MAYO;CUADRO JACKET 2.0 DAMA;[JAPDA43TM] CUADRO JACKET 2.0 DAMA (M, NEGRO);JAPDA43TM;DAMA;Negro;M;CERRO VERDE;1
2026;MAYO;CUADRO JACKET 2.0 CAB;[JAPCA43TXL] CUADRO JACKET 2.0 CAB (XL, NEGRO);JAPCA43TXL;CAB;Negro;XL;CERRO VERDE;1
2026;MAYO;CUADRO JACKET 2.0 CAB;[JAPCA16T2XL] CUADRO JACKET 2.0 CAB (2XL, BLANCO);JAPCA16T2XL;CAB;Blanco;2XL;CERRO VERDE;-1
2026;MAYO;CUADRO JACKET 2.0 DAMA;[JAPDA16TM] CUADRO JACKET 2.0 DAMA (M, BLANCO);JAPDA16TM;DAMA;Blanco;M;CERRO VERDE;-1
2026;MAYO;CUADRO JACKET 2.0 DAMA;[JAPDA16TM] CUADRO JACKET 2.0 DAMA (M, BLANCO);JAPDA16TM;DAMA;Blanco;M;CERRO VERDE;1
2026;MAYO;CUADRO JACKET 2.0 CAB;[JAPCA16T2XL] CUADRO JACKET 2.0 CAB (2XL, BLANCO);JAPCA16T2XL;CAB;Blanco;2XL;CERRO VERDE;1
2026;MAYO;CUADRO JACKET 2.0 CAB;[JAPCA162TL] CUADRO JACKET 2.0 CAB (L, AZUL POLO);JAPCA162TL;CAB;Azul Polo;L;SAMBIL VALENCIA;1
2026;MAYO;CUADRO JACKET 2.0 KIDS;[JAPKI162T12] CUADRO JACKET 2.0 KIDS (12, AZUL POLO);JAPKI162T12;KIDS;Azul Polo;12;GRAND PLAZ;1
2026;MAYO;CUADRO JACKET 2.0 DAMA;[JAPDA162TXS] CUADRO JACKET 2.0 DAMA (XS, AZUL POLO);JAPDA162TXS;DAMA;Azul Polo;XS;GRAND PLAZ;1
2026;MAYO;CUADRO JACKET 2.0 DAMA;[JAPDA162TS] CUADRO JACKET 2.0 DAMA (S, AZUL POLO);JAPDA162TS;DAMA;Azul Polo;S;GRAND PLAZ;2
2026;MAYO;CUADRO JACKET 2.0 DAMA;[JAPDA35TXL] CUADRO JACKET 2.0 DAMA (XL, MAGENTA);JAPDA35TXL;DAMA;Magenta;XL;GRIETA;1
2026;MAYO;CUADRO JACKET 2.0 DAMA;[JAPDA16TXL] CUADRO JACKET 2.0 DAMA (XL, BLANCO);JAPDA16TXL;DAMA;Blanco;XL;GRIETA;1
2026;MAYO;CUADRO JACKET 2.0 DAMA;[JAPDA16TS] CUADRO JACKET 2.0 DAMA (S, BLANCO);JAPDA16TS;DAMA;Blanco;S;TOLON;1
2026;MAYO;CUADRO JACKET 2.0 CAB;[JAPCA162TM] CUADRO JACKET 2.0 CAB (M, AZUL POLO);JAPCA162TM;CAB;Azul Polo;M;SAMBIL CHACAO;1
2026;MAYO;CUADRO JACKET 2.0 CAB;[JAPCA66TL] CUADRO JACKET 2.0 CAB (L, VERDE MILITAR);JAPCA66TL;CAB;Verde Militar;L;GRIETA;1
2026;MAYO;CUADRO JACKET 2.0 CAB;[JAPCA43TM] CUADRO JACKET 2.0 CAB (M, NEGRO);JAPCA43TM;CAB;Negro;M;TOLON;1
2026;MAYO;CUADRO JACKET 2.0 CAB;[JAPCA43TS] CUADRO JACKET 2.0 CAB (S, NEGRO);JAPCA43TS;CAB;Negro;S;TOLON;1
2026;MAYO;CUADRO JACKET 2.0 CAB;[JAPCA01TM] CUADRO JACKET 2.0 CAB (M, AGUAMARINA);JAPCA01TM;CAB;Aguamarina;M;CERRO VERDE;1
2026;MAYO;CUADRO JACKET 2.0 CAB;[JAPCA43TM] CUADRO JACKET 2.0 CAB (M, NEGRO);JAPCA43TM;CAB;Negro;M;TOLON;1
2026;MAYO;CUADRO JACKET 2.0 KIDS;[JAPKI01T12] CUADRO JACKET 2.0 KIDS (12, AGUAMARINA);JAPKI01T12;KIDS;Aguamarina;12;CERRO VERDE;1
2026;MAYO;CUADRO JACKET 2.0 KIDS;[JAPKI162T12] CUADRO JACKET 2.0 KIDS (12, AZUL POLO);JAPKI162T12;KIDS;Azul Polo;12;SAMBIL VALENCIA;1
2026;MAYO;CUADRO JACKET 2.0 KIDS;[JAPKI35T6] CUADRO JACKET 2.0 KIDS (6, MAGENTA);JAPKI35T6;KIDS;Magenta;6;SAMBIL VALENCIA;1
2026;MAYO;CUADRO JACKET 2.0 DAMA;[JAPDA35TXL] CUADRO JACKET 2.0 DAMA (XL, MAGENTA);JAPDA35TXL;DAMA;Magenta;XL;SAMBIL CHACAO;1
2026;MAYO;CUADRO JACKET 2.0 DAMA;[JAPDA43TXL] CUADRO JACKET 2.0 DAMA (XL, NEGRO);JAPDA43TXL;DAMA;Negro;XL;SAMBIL CHACAO;1
2026;MAYO;CUADRO JACKET 2.0 CAB;[JAPCA162TL] CUADRO JACKET 2.0 CAB (L, AZUL POLO);JAPCA162TL;CAB;Azul Polo;L;SAMBIL CHACAO;1
2026;MAYO;CUADRO JACKET 2.0 DAMA;[JAPDA01TS] CUADRO JACKET 2.0 DAMA (S, AGUAMARINA);JAPDA01TS;DAMA;Aguamarina;S;SAMBIL VALENCIA;1
2026;MAYO;CUADRO JACKET 2.0 DAMA;[JAPDA43TXS] CUADRO JACKET 2.0 DAMA (XS, NEGRO);JAPDA43TXS;DAMA;Negro;XS;SAMBIL VALENCIA;1
2026;MAYO;CUADRO JACKET 2.0 DAMA;[JAPDA162TL] CUADRO JACKET 2.0 DAMA (L, AZUL POLO);JAPDA162TL;DAMA;Azul Polo;L;CERRO VERDE;1
2026;MAYO;CUADRO JACKET 2.0 CAB;[JAPCA16TL] CUADRO JACKET 2.0 CAB (L, BLANCO);JAPCA16TL;CAB;Blanco;L;GRIETA;1
2026;MAYO;CUADRO JACKET 2.0 CAB;[JAPCA43TS] CUADRO JACKET 2.0 CAB (S, NEGRO);JAPCA43TS;CAB;Negro;S;TOLON;1
2026;MAYO;CUADRO JACKET 2.0 DAMA;[JAPDA16TL] CUADRO JACKET 2.0 DAMA (L, BLANCO);JAPDA16TL;DAMA;Blanco;L;SAMBIL VALENCIA;1
2026;MAYO;CUADRO JACKET 2.0 CAB;[JAPCA43TL] CUADRO JACKET 2.0 CAB (L, NEGRO);JAPCA43TL;CAB;Negro;L;GRIETA;1
2026;MAYO;CUADRO JACKET 2.0 DAMA;[JAPDA16TXS] CUADRO JACKET 2.0 DAMA (XS, BLANCO);JAPDA16TXS;DAMA;Blanco;XS;SAMBIL CHACAO;1
2026;MAYO;CUADRO JACKET 2.0 DAMA;[JAPDA43TS] CUADRO JACKET 2.0 DAMA (S, NEGRO);JAPDA43TS;DAMA;Negro;S;CERRO VERDE;1
2026;MAYO;CUADRO JACKET 2.0 DAMA;[JAPDA162TXS] CUADRO JACKET 2.0 DAMA (XS, AZUL POLO);JAPDA162TXS;DAMA;Azul Polo;XS;SAMBIL CHACAO;1
2026;MAYO;CUADRO JACKET 2.0 CAB;[JAPCA43TM] CUADRO JACKET 2.0 CAB (M, NEGRO);JAPCA43TM;CAB;Negro;M;SAMBIL VALENCIA;1
2026;MAYO;CUADRO JACKET 2.0 CAB;[JAPCA43TL] CUADRO JACKET 2.0 CAB (L, NEGRO);JAPCA43TL;CAB;Negro;L;SAMBIL VALENCIA;1
2026;MAYO;CUADRO JACKET 2.0 DAMA;[JAPDA16TM] CUADRO JACKET 2.0 DAMA (M, BLANCO);JAPDA16TM;DAMA;Blanco;M;SAMBIL CHACAO;1
2026;MAYO;CUADRO JACKET 2.0 KIDS;[JAPKI43T12] CUADRO JACKET 2.0 KIDS (12, NEGRO);JAPKI43T12;KIDS;Negro;12;GRIETA;1
2026;MAYO;CUADRO JACKET 2.0 DAMA;[JAPDA43TXL] CUADRO JACKET 2.0 DAMA (XL, NEGRO);JAPDA43TXL;DAMA;Negro;XL;GRIETA;1
2026;MAYO;CUADRO JACKET 2.0 KIDS;[JAPKI162T12] CUADRO JACKET 2.0 KIDS (12, AZUL POLO);JAPKI162T12;KIDS;Azul Polo;12;CERRO VERDE;1
2026;MAYO;CUADRO JACKET 2.0 DAMA;[JAPDA35TS] CUADRO JACKET 2.0 DAMA (S, MAGENTA);JAPDA35TS;DAMA;Magenta;S;GRIETA;1
2026;MAYO;CUADRO JACKET 2.0 DAMA;[JAPDA43TS] CUADRO JACKET 2.0 DAMA (S, NEGRO);JAPDA43TS;DAMA;Negro;S;SAMBIL VALENCIA;1
2026;MAYO;CUADRO JACKET 2.0 CAB;[JAPCA43TL] CUADRO JACKET 2.0 CAB (L, NEGRO);JAPCA43TL;CAB;Negro;L;GRIETA;1
2026;MAYO;CUADRO JACKET 2.0 DAMA;[JAPDA43TS] CUADRO JACKET 2.0 DAMA (S, NEGRO);JAPDA43TS;DAMA;Negro;S;SAMBIL VALENCIA;1
2026;MAYO;CUADRO JACKET 2.0 DAMA;[JAPDA16TM] CUADRO JACKET 2.0 DAMA (M, BLANCO);JAPDA16TM;DAMA;Blanco;M;GRIETA;1
2026;MAYO;CUADRO JACKET 2.0 CAB;[JAPCA16TS] CUADRO JACKET 2.0 CAB (S, BLANCO);JAPCA16TS;CAB;Blanco;S;SAMBIL VALENCIA;1
2026;MAYO;CUADRO JACKET 2.0 CAB;[JAPCA66TM] CUADRO JACKET 2.0 CAB (M, VERDE MILITAR);JAPCA66TM;CAB;Verde Militar;M;GRIETA;1
2026;MAYO;CUADRO JACKET 2.0 DAMA;[JAPDA43TXL] CUADRO JACKET 2.0 DAMA (XL, NEGRO);JAPDA43TXL;DAMA;Negro;XL;SAMBIL CHACAO;1
2026;MAYO;CUADRO JACKET 2.0 DAMA;[JAPDA43TXS] CUADRO JACKET 2.0 DAMA (XS, NEGRO);JAPDA43TXS;DAMA;Negro;XS;SAMBIL CHACAO;1
2026;MAYO;CUADRO JACKET 2.0 CAB;[JAPCA66TXL] CUADRO JACKET 2.0 CAB (XL, VERDE MILITAR);JAPCA66TXL;CAB;Verde Militar;XL;SAMBIL CHACAO;1
2026;MAYO;CUADRO JACKET 2.0 CAB;[JAPCA16TM] CUADRO JACKET 2.0 CAB (M, BLANCO);JAPCA16TM;CAB;Blanco;M;SAMBIL CHACAO;1
2026;MAYO;CUADRO JACKET 2.0 CAB;[JAPCA43TS] CUADRO JACKET 2.0 CAB (S, NEGRO);JAPCA43TS;CAB;Negro;S;SAMBIL CHACAO;1
2026;MAYO;CUADRO JACKET 2.0 CAB;[JAPCA43TL] CUADRO JACKET 2.0 CAB (L, NEGRO);JAPCA43TL;CAB;Negro;L;CERRO VERDE;2
2026;MAYO;CUADRO JACKET 2.0 DAMA;[JAPDA35TS] CUADRO JACKET 2.0 DAMA (S, MAGENTA);JAPDA35TS;DAMA;Magenta;S;CERRO VERDE;1
2026;MAYO;CUADRO JACKET 2.0 DAMA;[JAPDA01TM] CUADRO JACKET 2.0 DAMA (M, AGUAMARINA);JAPDA01TM;DAMA;Aguamarina;M;CERRO VERDE;1
2026;MAYO;CUADRO JACKET 2.0 DAMA;[JAPDA01TXS] CUADRO JACKET 2.0 DAMA (XS, AGUAMARINA);JAPDA01TXS;DAMA;Aguamarina;XS;SAMBIL CHACAO;1
2026;MAYO;CUADRO JACKET 2.0 CAB;[JAPCA43TM] CUADRO JACKET 2.0 CAB (M, NEGRO);JAPCA43TM;CAB;Negro;M;GRIETA;1
2026;MAYO;CUADRO JACKET 2.0 CAB;[JAPCA43T2XL] CUADRO JACKET 2.0 CAB (2XL, NEGRO);JAPCA43T2XL;CAB;Negro;2XL;GRIETA;1
2026;MAYO;CUADRO JACKET 2.0 DAMA;[JAPDA162TM] CUADRO JACKET 2.0 DAMA (M, AZUL POLO);JAPDA162TM;DAMA;Azul Polo;M;SAMBIL VALENCIA;1
2026;MAYO;CUADRO JACKET 2.0 DAMA;[JAPDA35TS] CUADRO JACKET 2.0 DAMA (S, MAGENTA);JAPDA35TS;DAMA;Magenta;S;GRIETA;1
2026;MAYO;CUADRO JACKET 2.0 CAB;[JAPCA162TXL] CUADRO JACKET 2.0 CAB (XL, AZUL POLO);JAPCA162TXL;CAB;Azul Polo;XL;SAMBIL CHACAO;1
2026;MAYO;CUADRO JACKET 2.0 CAB;[JAPCA162TL] CUADRO JACKET 2.0 CAB (L, AZUL POLO);JAPCA162TL;CAB;Azul Polo;L;CERRO VERDE;1
2026;MAYO;CUADRO JACKET 2.0 DAMA;[JAPDA43TS] CUADRO JACKET 2.0 DAMA (S, NEGRO);JAPDA43TS;DAMA;Negro;S;SAMBIL CHACAO;1
2026;MAYO;CUADRO JACKET 2.0 CAB;[JAPCA66TL] CUADRO JACKET 2.0 CAB (L, VERDE MILITAR);JAPCA66TL;CAB;Verde Militar;L;CERRO VERDE;1
2026;MAYO;CUADRO JACKET 2.0 DAMA;[JAPDA43TXS] CUADRO JACKET 2.0 DAMA (XS, NEGRO);JAPDA43TXS;DAMA;Negro;XS;TOLON;1
2026;MAYO;CUADRO JACKET 2.0 CAB;[JAPCA162TM] CUADRO JACKET 2.0 CAB (M, AZUL POLO);JAPCA162TM;CAB;Azul Polo;M;TOLON;1
2026;MAYO;CUADRO JACKET 2.0 DAMA;[JAPDA16TXS] CUADRO JACKET 2.0 DAMA (XS, BLANCO);JAPDA16TXS;DAMA;Blanco;XS;SAMBIL CHACAO;1
2026;MAYO;CUADRO JACKET 2.0 CAB;[JAPCA43TS] CUADRO JACKET 2.0 CAB (S, NEGRO);JAPCA43TS;CAB;Negro;S;SAMBIL VALENCIA;1
2026;MAYO;CUADRO JACKET 2.0 DAMA;[JAPDA35TM] CUADRO JACKET 2.0 DAMA (M, MAGENTA);JAPDA35TM;DAMA;Magenta;M;SAMBIL VALENCIA;1
2026;MAYO;CUADRO JACKET 2.0 KIDS;[JAPKI162T8] CUADRO JACKET 2.0 KIDS (8, AZUL POLO);JAPKI162T8;KIDS;Azul Polo;8;GRAND PLAZ;1
2026;MAYO;CUADRO JACKET 2.0 KIDS;[JAPKI35T10] CUADRO JACKET 2.0 KIDS (10, MAGENTA);JAPKI35T10;KIDS;Magenta;10;GRAND PLAZ;1
2026;MAYO;CUADRO JACKET 2.0 KIDS;[JAPKI35T6] CUADRO JACKET 2.0 KIDS (6, MAGENTA);JAPKI35T6;KIDS;Magenta;6;GRAND PLAZ;1
2026;MAYO;CUADRO JACKET 2.0 CAB;[JAPCA16T2XL] CUADRO JACKET 2.0 CAB (2XL, BLANCO);JAPCA16T2XL;CAB;Blanco;2XL;CERRO VERDE;1
2026;MAYO;CUADRO JACKET 2.0 CAB;[JAPCA16T2XL] CUADRO JACKET 2.0 CAB (2XL, BLANCO);JAPCA16T2XL;CAB;Blanco;2XL;SAMBIL VALENCIA;1
2026;MAYO;CUADRO JACKET 2.0 KIDS;[JAPKI43T12] CUADRO JACKET 2.0 KIDS (12, NEGRO);JAPKI43T12;KIDS;Negro;12;SAMBIL CHACAO;1
2026;MAYO;CUADRO JACKET 2.0 CAB;[JAPCA43TS] CUADRO JACKET 2.0 CAB (S, NEGRO);JAPCA43TS;CAB;Negro;S;SAMBIL CHACAO;1
2026;MAYO;CUADRO JACKET 2.0 CAB;[JAPCA162T2XL] CUADRO JACKET 2.0 CAB (2XL, AZUL POLO);JAPCA162T2XL;CAB;Azul Polo;2XL;SAMBIL VALENCIA;1
2026;MAYO;CUADRO JACKET 2.0 CAB;[JAPCA162TL] CUADRO JACKET 2.0 CAB (L, AZUL POLO);JAPCA162TL;CAB;Azul Polo;L;CERRO VERDE;1
2026;MAYO;CUADRO JACKET 2.0 CAB;[JAPCA43TXL] CUADRO JACKET 2.0 CAB (XL, NEGRO);JAPCA43TXL;CAB;Negro;XL;CERRO VERDE;1
2026;MAYO;CUADRO JACKET 2.0 CAB;[JAPCA66TL] CUADRO JACKET 2.0 CAB (L, VERDE MILITAR);JAPCA66TL;CAB;Verde Militar;L;SAMBIL VALENCIA;1
2026;MAYO;CUADRO JACKET 2.0 DAMA;[JAPDA16TS] CUADRO JACKET 2.0 DAMA (S, BLANCO);JAPDA16TS;DAMA;Blanco;S;SAMBIL VALENCIA;1
2026;MAYO;CUADRO JACKET 2.0 CAB;[JAPCA162TS] CUADRO JACKET 2.0 CAB (S, AZUL POLO);JAPCA162TS;CAB;Azul Polo;S;SAMBIL CHACAO;1
2026;MAYO;CUADRO JACKET 2.0 CAB;[JAPCA162TXL] CUADRO JACKET 2.0 CAB (XL, AZUL POLO);JAPCA162TXL;CAB;Azul Polo;XL;SAMBIL VALENCIA;1
2026;MAYO;CUADRO JACKET 2.0 DAMA;[JAPDA43TS] CUADRO JACKET 2.0 DAMA (S, NEGRO);JAPDA43TS;DAMA;Negro;S;SAMBIL VALENCIA;1
2026;MAYO;CUADRO JACKET 2.0 DAMA;[JAPDA162TXL] CUADRO JACKET 2.0 DAMA (XL, AZUL POLO);JAPDA162TXL;DAMA;Azul Polo;XL;SAMBIL VALENCIA;1
2026;MAYO;CUADRO JACKET 2.0 DAMA;[JAPDA01TS] CUADRO JACKET 2.0 DAMA (S, AGUAMARINA);JAPDA01TS;DAMA;Aguamarina;S;GRIETA;1
2026;MAYO;CUADRO JACKET 2.0 DAMA;[JAPDA01TS] CUADRO JACKET 2.0 DAMA (S, AGUAMARINA);JAPDA01TS;DAMA;Aguamarina;S;CORPORATIVO;-1
2026;MAYO;CUADRO JACKET 2.0 DAMA;[JAPDA01TXS] CUADRO JACKET 2.0 DAMA (XS, AGUAMARINA);JAPDA01TXS;DAMA;Aguamarina;XS;GRIETA;1
2026;MAYO;CUADRO JACKET 2.0 KIDS;[JAPKI35T8] CUADRO JACKET 2.0 KIDS (8, MAGENTA);JAPKI35T8;KIDS;Magenta;8;SAMBIL CHACAO;1
2026;MAYO;CUADRO JACKET 2.0 KIDS;[JAPKI01T6] CUADRO JACKET 2.0 KIDS (6, AGUAMARINA);JAPKI01T6;KIDS;Aguamarina;6;SAMBIL CHACAO;1
2026;MAYO;CUADRO JACKET 2.0 CAB;[JAPCA43TL] CUADRO JACKET 2.0 CAB (L, NEGRO);JAPCA43TL;CAB;Negro;L;CERRO VERDE;1
2026;MAYO;CUADRO JACKET 2.0 KIDS;[JAPKI43T12] CUADRO JACKET 2.0 KIDS (12, NEGRO);JAPKI43T12;KIDS;Negro;12;SAMBIL VALENCIA;-1
2026;MAYO;CUADRO JACKET 2.0 DAMA;[JAPDA43TM] CUADRO JACKET 2.0 DAMA (M, NEGRO);JAPDA43TM;DAMA;Negro;M;CERRO VERDE;1
2026;MAYO;CUADRO JACKET 2.0 DAMA;[JAPDA43TS] CUADRO JACKET 2.0 DAMA (S, NEGRO);JAPDA43TS;DAMA;Negro;S;CERRO VERDE;1
2026;MAYO;CUADRO JACKET 2.0 CAB;[JAPCA16TL] CUADRO JACKET 2.0 CAB (L, BLANCO);JAPCA16TL;CAB;Blanco;L;SAMBIL VALENCIA;1
2026;MAYO;CUADRO JACKET 2.0 CAB;[JAPCA162TL] CUADRO JACKET 2.0 CAB (L, AZUL POLO);JAPCA162TL;CAB;Azul Polo;L;GRIETA;1
2026;MAYO;CUADRO JACKET 2.0 CAB;[JAPCA43T2XL] CUADRO JACKET 2.0 CAB (2XL, NEGRO);JAPCA43T2XL;CAB;Negro;2XL;TOLON;1
2026;MAYO;CUADRO JACKET 2.0 DAMA;[JAPDA16TS] CUADRO JACKET 2.0 DAMA (S, BLANCO);JAPDA16TS;DAMA;Blanco;S;CERRO VERDE;1
2026;MAYO;CUADRO JACKET 2.0 CAB;[JAPCA43TM] CUADRO JACKET 2.0 CAB (M, NEGRO);JAPCA43TM;CAB;Negro;M;TOLON;1
2026;MAYO;CUADRO JACKET 2.0 CAB;[JAPCA66TL] CUADRO JACKET 2.0 CAB (L, VERDE MILITAR);JAPCA66TL;CAB;Verde Militar;L;TOLON;1
2026;MAYO;CUADRO JACKET 2.0 CAB;[JAPCA43TM] CUADRO JACKET 2.0 CAB (M, NEGRO);JAPCA43TM;CAB;Negro;M;SAMBIL CHACAO;1
2026;MAYO;CUADRO JACKET 2.0 CAB;[JAPCA66TS] CUADRO JACKET 2.0 CAB (S, VERDE MILITAR);JAPCA66TS;CAB;Verde Militar;S;SAMBIL VALENCIA;1
2026;MAYO;CUADRO JACKET 2.0 DAMA;[JAPDA16TL] CUADRO JACKET 2.0 DAMA (L, BLANCO);JAPDA16TL;DAMA;Blanco;L;SAMBIL VALENCIA;1
2026;MAYO;CUADRO JACKET 2.0 DAMA;[JAPDA35TS] CUADRO JACKET 2.0 DAMA (S, MAGENTA);JAPDA35TS;DAMA;Magenta;S;WEB;1
2026;MAYO;CUADRO JACKET 2.0 CAB;[JAPCA66T2XL] CUADRO JACKET 2.0 CAB (2XL, VERDE MILITAR);JAPCA66T2XL;CAB;Verde Militar;2XL;SAMBIL VALENCIA;1
2026;MAYO;CUADRO JACKET 2.0 KIDS;[JAPKI162T10] CUADRO JACKET 2.0 KIDS (10, AZUL POLO);JAPKI162T10;KIDS;Azul Polo;10;CERRO VERDE;1
2026;MAYO;CUADRO JACKET 2.0 KIDS;[JAPKI43T12] CUADRO JACKET 2.0 KIDS (12, NEGRO);JAPKI43T12;KIDS;Negro;12;GRIETA;1
2026;MAYO;CUADRO JACKET 2.0 DAMA;[JAPDA43TS] CUADRO JACKET 2.0 DAMA (S, NEGRO);JAPDA43TS;DAMA;Negro;S;CORPORATIVO;4
2026;MAYO;CUADRO JACKET 2.0 CAB;[JAPCA43TXL] CUADRO JACKET 2.0 CAB (XL, NEGRO);JAPCA43TXL;CAB;Negro;XL;CORPORATIVO;3
2026;MAYO;CUADRO JACKET 2.0 CAB;[JAPCA43TL] CUADRO JACKET 2.0 CAB (L, NEGRO);JAPCA43TL;CAB;Negro;L;CORPORATIVO;4
2026;MAYO;CUADRO JACKET 2.0 DAMA;[JAPDA43TXL] CUADRO JACKET 2.0 DAMA (XL, NEGRO);JAPDA43TXL;DAMA;Negro;XL;CORPORATIVO;2
2026;MAYO;CUADRO JACKET 2.0 CAB;[JAPCA43TM] CUADRO JACKET 2.0 CAB (M, NEGRO);JAPCA43TM;CAB;Negro;M;CORPORATIVO;7
2026;MAYO;CUADRO JACKET 2.0 DAMA;[JAPDA43TL] CUADRO JACKET 2.0 DAMA (L, NEGRO);JAPDA43TL;DAMA;Negro;L;CORPORATIVO;3
2026;MAYO;CUADRO JACKET 2.0 DAMA;[JAPDA43TM] CUADRO JACKET 2.0 DAMA (M, NEGRO);JAPDA43TM;DAMA;Negro;M;CORPORATIVO;9
2026;MAYO;CUADRO JACKET 2.0 DAMA;[JAPDA162TXS] CUADRO JACKET 2.0 DAMA (XS, AZUL POLO);JAPDA162TXS;DAMA;Azul Polo;XS;CERRO VERDE;1
2026;MAYO;CUADRO JACKET 2.0 DAMA;[JAPDA162TM] CUADRO JACKET 2.0 DAMA (M, AZUL POLO);JAPDA162TM;DAMA;Azul Polo;M;SAMBIL VALENCIA;1
2026;MAYO;CUADRO JACKET 2.0 DAMA;[JAPDA43TM] CUADRO JACKET 2.0 DAMA (M, NEGRO);JAPDA43TM;DAMA;Negro;M;SAMBIL VALENCIA;1
2026;MAYO;CUADRO JACKET 2.0 CAB;[JAPCA43TM] CUADRO JACKET 2.0 CAB (M, NEGRO);JAPCA43TM;CAB;Negro;M;TOLON;-1
2026;MAYO;CUADRO JACKET 2.0 CAB;[JAPCA43TL] CUADRO JACKET 2.0 CAB (L, NEGRO);JAPCA43TL;CAB;Negro;L;TOLON;1
2026;MAYO;CUADRO JACKET 2.0 CAB;[JAPCA43TM] CUADRO JACKET 2.0 CAB (M, NEGRO);JAPCA43TM;CAB;Negro;M;SAMBIL CHACAO;1
2026;MAYO;CUADRO JACKET 2.0 CAB;[JAPCA43TXL] CUADRO JACKET 2.0 CAB (XL, NEGRO);JAPCA43TXL;CAB;Negro;XL;SAMBIL CHACAO;1
2026;MAYO;CUADRO JACKET 2.0 DAMA;[JAPDA35TM] CUADRO JACKET 2.0 DAMA (M, MAGENTA);JAPDA35TM;DAMA;Magenta;M;CERRO VERDE;1
2026;MAYO;CUADRO JACKET 2.0 CAB;[JAPCA43T2XL] CUADRO JACKET 2.0 CAB (2XL, NEGRO);JAPCA43T2XL;CAB;Negro;2XL;CERRO VERDE;1
2026;MAYO;CUADRO JACKET 2.0 KIDS;[JAPKI35T10] CUADRO JACKET 2.0 KIDS (10, MAGENTA);JAPKI35T10;KIDS;Magenta;10;CERRO VERDE;1
2026;MAYO;CUADRO JACKET 2.0 DAMA;[JAPDA35TM] CUADRO JACKET 2.0 DAMA (M, MAGENTA);JAPDA35TM;DAMA;Magenta;M;TOLON;1
2026;MAYO;CUADRO JACKET 2.0 CAB;[JAPCA66TM] CUADRO JACKET 2.0 CAB (M, VERDE MILITAR);JAPCA66TM;CAB;Verde Militar;M;TOLON;1
2026;MAYO;CUADRO JACKET 2.0 CAB;[JAPCA66TL] CUADRO JACKET 2.0 CAB (L, VERDE MILITAR);JAPCA66TL;CAB;Verde Militar;L;TOLON;2
2026;MAYO;CUADRO JACKET 2.0 CAB;[JAPCA43TL] CUADRO JACKET 2.0 CAB (L, NEGRO);JAPCA43TL;CAB;Negro;L;SAMBIL VALENCIA;1
2026;MAYO;CUADRO JACKET 2.0 DAMA;[JAPDA16TS] CUADRO JACKET 2.0 DAMA (S, BLANCO);JAPDA16TS;DAMA;Blanco;S;SAMBIL VALENCIA;1
2026;MAYO;CUADRO JACKET 2.0 DAMA;[JAPDA66TM] CUADRO JACKET 2.0 DAMA (M, VERDE MILITAR);JAPDA66TM;DAMA;Verde Militar;M;CERRO VERDE;1
2026;MAYO;CUADRO JACKET 2.0 CAB;[JAPCA66TS] CUADRO JACKET 2.0 CAB (S, VERDE MILITAR);JAPCA66TS;CAB;Verde Militar;S;SAMBIL VALENCIA;1
2026;MAYO;CUADRO JACKET 2.0 CAB;[JAPCA16TS] CUADRO JACKET 2.0 CAB (S, BLANCO);JAPCA16TS;CAB;Blanco;S;SAMBIL VALENCIA;1
2026;MAYO;CUADRO JACKET 2.0 CAB;[JAPCA43TS] CUADRO JACKET 2.0 CAB (S, NEGRO);JAPCA43TS;CAB;Negro;S;SAMBIL VALENCIA;1
2026;MAYO;CUADRO JACKET 2.0 CAB;[JAPCA43T2XL] CUADRO JACKET 2.0 CAB (2XL, NEGRO);JAPCA43T2XL;CAB;Negro;2XL;GRIETA;1
2026;MAYO;CUADRO JACKET 2.0 CAB;[JAPCA162TXL] CUADRO JACKET 2.0 CAB (XL, AZUL POLO);JAPCA162TXL;CAB;Azul Polo;XL;CERRO VERDE;1
2026;MAYO;CUADRO JACKET 2.0 DAMA;[JAPDA162TS] CUADRO JACKET 2.0 DAMA (S, AZUL POLO);JAPDA162TS;DAMA;Azul Polo;S;CERRO VERDE;1
2026;MAYO;CUADRO JACKET 2.0 CAB;[JAPCA66TM] CUADRO JACKET 2.0 CAB (M, VERDE MILITAR);JAPCA66TM;CAB;Verde Militar;M;GRIETA;1
2026;MAYO;CUADRO JACKET 2.0 CAB;[JAPCA43TXL] CUADRO JACKET 2.0 CAB (XL, NEGRO);JAPCA43TXL;CAB;Negro;XL;SAMBIL VALENCIA;1
2026;MAYO;CUADRO JACKET 2.0 KIDS;[JAPKI01T8] CUADRO JACKET 2.0 KIDS (8, AGUAMARINA);JAPKI01T8;KIDS;Aguamarina;8;TOLON;1
2026;MAYO;CUADRO JACKET 2.0 DAMA;[JAPDA43TL] CUADRO JACKET 2.0 DAMA (L, NEGRO);JAPDA43TL;DAMA;Negro;L;SAMBIL VALENCIA;1
2026;MAYO;CUADRO JACKET 2.0 CAB;[JAPCA43TM] CUADRO JACKET 2.0 CAB (M, NEGRO);JAPCA43TM;CAB;Negro;M;SAMBIL VALENCIA;1
2026;MAYO;CUADRO JACKET 2.0 CAB;[JAPCA16TM] CUADRO JACKET 2.0 CAB (M, BLANCO);JAPCA16TM;CAB;Blanco;M;CERRO VERDE;1
2026;MAYO;CUADRO JACKET 2.0 DAMA;[JAPDA35TL] CUADRO JACKET 2.0 DAMA (L, MAGENTA);JAPDA35TL;DAMA;Magenta;L;GRIETA;1
2026;MAYO;CUADRO JACKET 2.0 DAMA;[JAPDA35TXS] CUADRO JACKET 2.0 DAMA (XS, MAGENTA);JAPDA35TXS;DAMA;Magenta;XS;SAMBIL VALENCIA;1
2026;MAYO;CUADRO JACKET 2.0 CAB;[JAPCA162TS] CUADRO JACKET 2.0 CAB (S, AZUL POLO);JAPCA162TS;CAB;Azul Polo;S;CERRO VERDE;1
2026;MAYO;CUADRO JACKET 2.0 CAB;[JAPCA66TS] CUADRO JACKET 2.0 CAB (S, VERDE MILITAR);JAPCA66TS;CAB;Verde Militar;S;CERRO VERDE;1
2026;MAYO;CUADRO JACKET 2.0 CAB;[JAPCA43TXL] CUADRO JACKET 2.0 CAB (XL, NEGRO);JAPCA43TXL;CAB;Negro;XL;SAMBIL VALENCIA;1
2026;MAYO;CUADRO JACKET 2.0 CAB;[JAPCA66TL] CUADRO JACKET 2.0 CAB (L, VERDE MILITAR);JAPCA66TL;CAB;Verde Militar;L;SAMBIL VALENCIA;1
2026;MAYO;CUADRO JACKET 2.0 CAB;[JAPCA162TL] CUADRO JACKET 2.0 CAB (L, AZUL POLO);JAPCA162TL;CAB;Azul Polo;L;GRIETA;1
2026;MAYO;CUADRO JACKET 2.0 CAB;[JAPCA43TM] CUADRO JACKET 2.0 CAB (M, NEGRO);JAPCA43TM;CAB;Negro;M;GRIETA;1
2026;MAYO;CUADRO JACKET 2.0 DAMA;[JAPDA43TS] CUADRO JACKET 2.0 DAMA (S, NEGRO);JAPDA43TS;DAMA;Negro;S;GRIETA;1
2026;MAYO;CUADRO JACKET 2.0 DAMA;[JAPDA162TXS] CUADRO JACKET 2.0 DAMA (XS, AZUL POLO);JAPDA162TXS;DAMA;Azul Polo;XS;SAMBIL CHACAO;1
2026;MAYO;CUADRO JACKET 2.0 DAMA;[JAPDA16TS] CUADRO JACKET 2.0 DAMA (S, BLANCO);JAPDA16TS;DAMA;Blanco;S;GRIETA;1
2026;MAYO;CUADRO JACKET 2.0 KIDS;[JAPKI35T8] CUADRO JACKET 2.0 KIDS (8, MAGENTA);JAPKI35T8;KIDS;Magenta;8;GRAND PLAZ;1
2026;MAYO;CUADRO JACKET 2.0 DAMA;[JAPDA43TL] CUADRO JACKET 2.0 DAMA (L, NEGRO);JAPDA43TL;DAMA;Negro;L;SAMBIL CHACAO;1
2026;MAYO;CUADRO JACKET 2.0 CAB;[JAPCA43TXL] CUADRO JACKET 2.0 CAB (XL, NEGRO);JAPCA43TXL;CAB;Negro;XL;SAMBIL CHACAO;1
2026;MAYO;CUADRO JACKET 2.0 DAMA;[JAPDA43TL] CUADRO JACKET 2.0 DAMA (L, NEGRO);JAPDA43TL;DAMA;Negro;L;GRIETA;1
2026;MAYO;CUADRO JACKET 2.0 DAMA;[JAPDA66TM] CUADRO JACKET 2.0 DAMA (M, VERDE MILITAR);JAPDA66TM;DAMA;Verde Militar;M;CERRO VERDE;1
2026;MAYO;CUADRO JACKET 2.0 DAMA;[JAPDA43TXS] CUADRO JACKET 2.0 DAMA (XS, NEGRO);JAPDA43TXS;DAMA;Negro;XS;SAMBIL VALENCIA;1
2026;MAYO;CUADRO JACKET 2.0 DAMA;[JAPDA66TS] CUADRO JACKET 2.0 DAMA (S, VERDE MILITAR);JAPDA66TS;DAMA;Verde Militar;S;SAMBIL VALENCIA;1
2026;MAYO;CUADRO JACKET 2.0 DAMA;[JAPDA16TXS] CUADRO JACKET 2.0 DAMA (XS, BLANCO);JAPDA16TXS;DAMA;Blanco;XS;SAMBIL VALENCIA;1
2026;MAYO;CUADRO JACKET 2.0 DAMA;[JAPDA43TL] CUADRO JACKET 2.0 DAMA (L, NEGRO);JAPDA43TL;DAMA;Negro;L;SAMBIL VALENCIA;1
2026;MAYO;CUADRO JACKET 2.0 DAMA;[JAPDA01TS] CUADRO JACKET 2.0 DAMA (S, AGUAMARINA);JAPDA01TS;DAMA;Aguamarina;S;SAMBIL VALENCIA;1
2026;MAYO;CUADRO JACKET 2.0 DAMA;[JAPDA43TXL] CUADRO JACKET 2.0 DAMA (XL, NEGRO);JAPDA43TXL;DAMA;Negro;XL;CERRO VERDE;1
2026;MAYO;CUADRO JACKET 2.0 CAB;[JAPCA43TXL] CUADRO JACKET 2.0 CAB (XL, NEGRO);JAPCA43TXL;CAB;Negro;XL;CERRO VERDE;1
2026;MAYO;CUADRO JACKET 2.0 CAB;[JAPCA66TL] CUADRO JACKET 2.0 CAB (L, VERDE MILITAR);JAPCA66TL;CAB;Verde Militar;L;CERRO VERDE;1
2026;MAYO;CUADRO JACKET 2.0 DAMA;[JAPDA66TL] CUADRO JACKET 2.0 DAMA (L, VERDE MILITAR);JAPDA66TL;DAMA;Verde Militar;L;CERRO VERDE;-1
2026;MAYO;CUADRO JACKET 2.0 DAMA;[JAPDA66TM] CUADRO JACKET 2.0 DAMA (M, VERDE MILITAR);JAPDA66TM;DAMA;Verde Militar;M;CERRO VERDE;1
2026;MAYO;CUADRO JACKET 2.0 CAB;[JAPCA43TM] CUADRO JACKET 2.0 CAB (M, NEGRO);JAPCA43TM;CAB;Negro;M;SAMBIL CHACAO;1
2026;MAYO;CUADRO JACKET 2.0 CAB;[JAPCA16TL] CUADRO JACKET 2.0 CAB (L, BLANCO);JAPCA16TL;CAB;Blanco;L;SAMBIL CHACAO;1
2026;MAYO;CUADRO JACKET 2.0 CAB;[JAPCA162TL] CUADRO JACKET 2.0 CAB (L, AZUL POLO);JAPCA162TL;CAB;Azul Polo;L;SAMBIL VALENCIA;1
2026;MAYO;CUADRO JACKET 2.0 DAMA;[JAPDA162TXS] CUADRO JACKET 2.0 DAMA (XS, AZUL POLO);JAPDA162TXS;DAMA;Azul Polo;XS;GRIETA;3
2026;MAYO;CUADRO JACKET 2.0 CAB;[JAPCA162TL] CUADRO JACKET 2.0 CAB (L, AZUL POLO);JAPCA162TL;CAB;Azul Polo;L;GRIETA;1
2026;MAYO;CUADRO JACKET 2.0 CAB;[JAPCA162TXL] CUADRO JACKET 2.0 CAB (XL, AZUL POLO);JAPCA162TXL;CAB;Azul Polo;XL;GRIETA;1
2026;MAYO;CUADRO JACKET 2.0 DAMA;[JAPDA35TS] CUADRO JACKET 2.0 DAMA (S, MAGENTA);JAPDA35TS;DAMA;Magenta;S;SAMBIL CHACAO;1
2026;MAYO;CUADRO JACKET 2.0 CAB;[JAPCA162TM] CUADRO JACKET 2.0 CAB (M, AZUL POLO);JAPCA162TM;CAB;Azul Polo;M;SAMBIL CHACAO;1
2026;MAYO;CUADRO JACKET 2.0 DAMA;[JAPDA43TS] CUADRO JACKET 2.0 DAMA (S, NEGRO);JAPDA43TS;DAMA;Negro;S;SAMBIL VALENCIA;1
2026;MAYO;CUADRO JACKET 2.0 DAMA;[JAPDA16TM] CUADRO JACKET 2.0 DAMA (M, BLANCO);JAPDA16TM;DAMA;Blanco;M;SAMBIL VALENCIA;1
2026;MAYO;CUADRO JACKET 2.0 DAMA;[JAPDA43TM] CUADRO JACKET 2.0 DAMA (M, NEGRO);JAPDA43TM;DAMA;Negro;M;SAMBIL VALENCIA;1
2026;MAYO;CUADRO JACKET 2.0 DAMA;[JAPDA35TL] CUADRO JACKET 2.0 DAMA (L, MAGENTA);JAPDA35TL;DAMA;Magenta;L;SAMBIL VALENCIA;1
2026;MAYO;CUADRO JACKET 2.0 DAMA;[JAPDA35TM] CUADRO JACKET 2.0 DAMA (M, MAGENTA);JAPDA35TM;DAMA;Magenta;M;SAMBIL CHACAO;1
2026;MAYO;CUADRO JACKET 2.0 DAMA;[JAPDA16TM] CUADRO JACKET 2.0 DAMA (M, BLANCO);JAPDA16TM;DAMA;Blanco;M;SAMBIL CHACAO;1
2026;MAYO;CUADRO JACKET 2.0 DAMA;[JAPDA01TXL] CUADRO JACKET 2.0 DAMA (XL, AGUAMARINA);JAPDA01TXL;DAMA;Aguamarina;XL;SAMBIL VALENCIA;1
2026;MAYO;CUADRO JACKET 2.0 CAB;[JAPCA66TXL] CUADRO JACKET 2.0 CAB (XL, VERDE MILITAR);JAPCA66TXL;CAB;Verde Militar;XL;GRIETA;1
2026;MAYO;CUADRO JACKET 2.0 DAMA;[JAPDA162TS] CUADRO JACKET 2.0 DAMA (S, AZUL POLO);JAPDA162TS;DAMA;Azul Polo;S;SAMBIL VALENCIA;1
2026;MAYO;CUADRO JACKET 2.0 CAB;[JAPCA43TS] CUADRO JACKET 2.0 CAB (S, NEGRO);JAPCA43TS;CAB;Negro;S;SAMBIL VALENCIA;1
2026;MAYO;CUADRO JACKET 2.0 DAMA;[JAPDA43TXS] CUADRO JACKET 2.0 DAMA (XS, NEGRO);JAPDA43TXS;DAMA;Negro;XS;SAMBIL VALENCIA;1
2026;MAYO;CUADRO JACKET 2.0 CAB;[JAPCA66TM] CUADRO JACKET 2.0 CAB (M, VERDE MILITAR);JAPCA66TM;CAB;Verde Militar;M;CERRO VERDE;1
2026;MAYO;CUADRO JACKET 2.0 CAB;[JAPCA66TL] CUADRO JACKET 2.0 CAB (L, VERDE MILITAR);JAPCA66TL;CAB;Verde Militar;L;SAMBIL CHACAO;1
2026;MAYO;CUADRO JACKET 2.0 CAB;[JAPCA43TL] CUADRO JACKET 2.0 CAB (L, NEGRO);JAPCA43TL;CAB;Negro;L;SAMBIL CHACAO;1
2026;MAYO;CUADRO JACKET 2.0 CAB;[JAPCA16TL] CUADRO JACKET 2.0 CAB (L, BLANCO);JAPCA16TL;CAB;Blanco;L;CERRO VERDE;1
2026;MAYO;CUADRO JACKET 2.0 CAB;[JAPCA162TXL] CUADRO JACKET 2.0 CAB (XL, AZUL POLO);JAPCA162TXL;CAB;Azul Polo;XL;TOLON;1
2026;MAYO;CUADRO JACKET 2.0 CAB;[JAPCA43TL] CUADRO JACKET 2.0 CAB (L, NEGRO);JAPCA43TL;CAB;Negro;L;CERRO VERDE;1
2026;MAYO;CUADRO JACKET 2.0 DAMA;[JAPDA16TS] CUADRO JACKET 2.0 DAMA (S, BLANCO);JAPDA16TS;DAMA;Blanco;S;GRIETA;1
2026;MAYO;CUADRO JACKET 2.0 DAMA;[JAPDA35TS] CUADRO JACKET 2.0 DAMA (S, MAGENTA);JAPDA35TS;DAMA;Magenta;S;SAMBIL VALENCIA;1
2026;MAYO;CUADRO JACKET 2.0 DAMA;[JAPDA43TS] CUADRO JACKET 2.0 DAMA (S, NEGRO);JAPDA43TS;DAMA;Negro;S;SAMBIL VALENCIA;1
2026;MAYO;CUADRO JACKET 2.0 CAB;[JAPCA66TM] CUADRO JACKET 2.0 CAB (M, VERDE MILITAR);JAPCA66TM;CAB;Verde Militar;M;SAMBIL VALENCIA;1
2026;MAYO;CUADRO JACKET 2.0 CAB;[JAPCA43TS] CUADRO JACKET 2.0 CAB (S, NEGRO);JAPCA43TS;CAB;Negro;S;SAMBIL VALENCIA;1
2026;MAYO;CUADRO JACKET 2.0 DAMA;[JAPDA162TM] CUADRO JACKET 2.0 DAMA (M, AZUL POLO);JAPDA162TM;DAMA;Azul Polo;M;SAMBIL CHACAO;1
2026;MAYO;CUADRO JACKET 2.0 CAB;[JAPCA43TS] CUADRO JACKET 2.0 CAB (S, NEGRO);JAPCA43TS;CAB;Negro;S;GRIETA;1
2026;MAYO;CUADRO JACKET 2.0 CAB;[JAPCA43TL] CUADRO JACKET 2.0 CAB (L, NEGRO);JAPCA43TL;CAB;Negro;L;SAMBIL VALENCIA;1
2026;MAYO;CUADRO JACKET 2.0 CAB;[JAPCA43TXL] CUADRO JACKET 2.0 CAB (XL, NEGRO);JAPCA43TXL;CAB;Negro;XL;TOLON;1
2026;MAYO;CUADRO JACKET 2.0 CAB;[JAPCA66TL] CUADRO JACKET 2.0 CAB (L, VERDE MILITAR);JAPCA66TL;CAB;Verde Militar;L;SAMBIL VALENCIA;1
2026;MAYO;CUADRO JACKET 2.0 CAB;[JAPCA43TM] CUADRO JACKET 2.0 CAB (M, NEGRO);JAPCA43TM;CAB;Negro;M;SAMBIL VALENCIA;1
2026;MAYO;CUADRO JACKET 2.0 CAB;[JAPCA16TM] CUADRO JACKET 2.0 CAB (M, BLANCO);JAPCA16TM;CAB;Blanco;M;SAMBIL VALENCIA;1
2026;MAYO;CUADRO JACKET 2.0 KIDS;[JAPKI01T4] CUADRO JACKET 2.0 KIDS (4, AGUAMARINA);JAPKI01T4;KIDS;Aguamarina;4;CERRO VERDE;1
2026;MAYO;CUADRO JACKET 2.0 CAB;[JAPCA162TM] CUADRO JACKET 2.0 CAB (M, AZUL POLO);JAPCA162TM;CAB;Azul Polo;M;SAMBIL CHACAO;1
2026;MAYO;CUADRO JACKET 2.0 DAMA;[JAPDA162TXS] CUADRO JACKET 2.0 DAMA (XS, AZUL POLO);JAPDA162TXS;DAMA;Azul Polo;XS;TOLON;1
2026;MAYO;CUADRO JACKET 2.0 CAB;[JAPCA162TL] CUADRO JACKET 2.0 CAB (L, AZUL POLO);JAPCA162TL;CAB;Azul Polo;L;TOLON;1
2026;MAYO;CUADRO JACKET 2.0 CAB;[JAPCA43T2XL] CUADRO JACKET 2.0 CAB (2XL, NEGRO);JAPCA43T2XL;CAB;Negro;2XL;SAMBIL CHACAO;1
2026;MAYO;CUADRO JACKET 2.0 DAMA;[JAPDA01TS] CUADRO JACKET 2.0 DAMA (S, AGUAMARINA);JAPDA01TS;DAMA;Aguamarina;S;CERRO VERDE;1
2026;JUNIO;CUADRO JACKET 2.0 DAMA;[JAPDA43TXL] CUADRO JACKET 2.0 DAMA (XL, NEGRO);JAPDA43TXL;DAMA;Negro;XL;SAMBIL VALENCIA;1
2026;JUNIO;CUADRO JACKET 2.0 KIDS;[JAPKI35T4] CUADRO JACKET 2.0 KIDS (4, Magenta);JAPKI35T4;KIDS;Magenta;4;SAMBIL CHACAO;1
2026;JUNIO;CUADRO JACKET 2.0 DAMA;[JAPDA35TXS] CUADRO JACKET 2.0 DAMA (XS, Magenta);JAPDA35TXS;DAMA;Magenta;XS;SAMBIL CHACAO;1
2026;JUNIO;CUADRO JACKET 2.0 DAMA;[JAPDA16TXS] CUADRO JACKET 2.0 DAMA (XS, BLANCO);JAPDA16TXS;DAMA;Blanco;XS;SAMBIL CHACAO;1
2026;JUNIO;CUADRO JACKET 2.0 CAB;[JAPCA16TL] CUADRO JACKET 2.0 CAB (L, BLANCO);JAPCA16TL;CAB;Blanco;L;SAMBIL CHACAO;1
2026;JUNIO;CUADRO JACKET 2.0 CAB;[JAPCA43TM] CUADRO JACKET 2.0 CAB (M, NEGRO);JAPCA43TM;CAB;Negro;M;SAMBIL VALENCIA;1
2026;JUNIO;CUADRO JACKET 2.0 CAB;[JAPCA66TM] CUADRO JACKET 2.0 CAB (M, VERDE MILITAR);JAPCA66TM;CAB;Verde Militar;M;SAMBIL VALENCIA;1
2026;JUNIO;CUADRO JACKET 2.0 KIDS;[JAPKI162T4] CUADRO JACKET 2.0 KIDS (4, Azul Polo);JAPKI162T4;KIDS;Azul Polo;4;GRAND PLAZ;1
2026;JUNIO;CUADRO JACKET 2.0 CAB;[JAPCA162TL] CUADRO JACKET 2.0 CAB (L, Azul Polo);JAPCA162TL;CAB;Azul Polo;L;SAMBIL CHACAO;1
2026;JUNIO;CUADRO JACKET 2.0 DAMA;[JAPDA43TS] CUADRO JACKET 2.0 DAMA (S, NEGRO);JAPDA43TS;DAMA;Negro;S;SAMBIL CHACAO;1
2026;JUNIO;CUADRO JACKET 2.0 CAB;[JAPCA43TL] CUADRO JACKET 2.0 CAB (L, NEGRO);JAPCA43TL;CAB;Negro;L;GRIETA;1
2026;JUNIO;CUADRO JACKET 2.0 CAB;[JAPCA43TL] CUADRO JACKET 2.0 CAB (L, NEGRO);JAPCA43TL;CAB;Negro;L;GRIETA;1
2026;JUNIO;CUADRO JACKET 2.0 CAB;[JAPCA43TL] CUADRO JACKET 2.0 CAB (L, NEGRO);JAPCA43TL;CAB;Negro;L;SAMBIL VALENCIA;1
2026;JUNIO;CUADRO JACKET 2.0 KIDS;[JAPKI35T12] CUADRO JACKET 2.0 KIDS (12, Magenta);JAPKI35T12;KIDS;Magenta;12;GRIETA;1
2026;JUNIO;CUADRO JACKET 2.0 KIDS;[JAPKI162T12] CUADRO JACKET 2.0 KIDS (12, Azul Polo);JAPKI162T12;KIDS;Azul Polo;12;GRIETA;1
2026;JUNIO;CUADRO JACKET 2.0 KIDS;[JAPKI43T8] CUADRO JACKET 2.0 KIDS (8, NEGRO);JAPKI43T8;KIDS;Negro;8;GRIETA;1
2026;JUNIO;CUADRO JACKET 2.0 CAB;[JAPCA43TM] CUADRO JACKET 2.0 CAB (M, NEGRO);JAPCA43TM;CAB;Negro;M;CERRO VERDE;3
2026;JUNIO;CUADRO JACKET 2.0 DAMA;[JAPDA43TM] CUADRO JACKET 2.0 DAMA (M, NEGRO);JAPDA43TM;DAMA;Negro;M;CERRO VERDE;1
2026;JUNIO;CUADRO JACKET 2.0 CAB;[JAPCA43TXL] CUADRO JACKET 2.0 CAB (XL, NEGRO);JAPCA43TXL;CAB;Negro;XL;CERRO VERDE;2
2026;JUNIO;CUADRO JACKET 2.0 CAB;[JAPCA43TL] CUADRO JACKET 2.0 CAB (L, NEGRO);JAPCA43TL;CAB;Negro;L;CERRO VERDE;2
2026;JUNIO;CUADRO JACKET 2.0 DAMA;[JAPDA43TS] CUADRO JACKET 2.0 DAMA (S, NEGRO);JAPDA43TS;DAMA;Negro;S;CERRO VERDE;2
2026;JUNIO;CUADRO JACKET 2.0 DAMA;[JAPDA43TM] CUADRO JACKET 2.0 DAMA (M, NEGRO);JAPDA43TM;DAMA;Negro;M;GRIETA;1
2026;JUNIO;CUADRO JACKET 2.0 CAB;[JAPCA43TM] CUADRO JACKET 2.0 CAB (M, NEGRO);JAPCA43TM;CAB;Negro;M;SAMBIL VALENCIA;1
2026;JUNIO;CUADRO JACKET 2.0 CAB;[JAPCA66T2XL] CUADRO JACKET 2.0 CAB (2XL, VERDE MILITAR);JAPCA66T2XL;CAB;Verde Militar;2XL;GRIETA;1
2026;JUNIO;CUADRO JACKET 2.0 CAB;[JAPCA66TL] CUADRO JACKET 2.0 CAB (L, VERDE MILITAR);JAPCA66TL;CAB;Verde Militar;L;GRIETA;1
2026;JUNIO;CUADRO JACKET 2.0 CAB;[JAPCA43TM] CUADRO JACKET 2.0 CAB (M, NEGRO);JAPCA43TM;CAB;Negro;M;SAMBIL VALENCIA;1
2026;JUNIO;CUADRO JACKET 2.0 CAB;[JAPCA162T2XL] CUADRO JACKET 2.0 CAB (2XL, Azul Polo);JAPCA162T2XL;CAB;Azul Polo;2XL;SAMBIL CHACAO;1
2026;JUNIO;CUADRO JACKET 2.0 DAMA;[JAPDA16TXS] CUADRO JACKET 2.0 DAMA (XS, BLANCO);JAPDA16TXS;DAMA;Blanco;XS;CERRO VERDE;1
2026;JUNIO;CUADRO JACKET 2.0 KIDS;[JAPKI35T2] CUADRO JACKET 2.0 KIDS (2, Magenta);JAPKI35T2;KIDS;Magenta;2;SAMBIL CHACAO;1
2026;JUNIO;CUADRO JACKET 2.0 CAB;[JAPCA43TL] CUADRO JACKET 2.0 CAB (L, NEGRO);JAPCA43TL;CAB;Negro;L;WEB;1
2026;JUNIO;CUADRO JACKET 2.0 CAB;[JAPCA43TXL] CUADRO JACKET 2.0 CAB (XL, NEGRO);JAPCA43TXL;CAB;Negro;XL;CERRO VERDE;3
2026;JUNIO;CUADRO JACKET 2.0 CAB;[JAPCA43TL] CUADRO JACKET 2.0 CAB (L, NEGRO);JAPCA43TL;CAB;Negro;L;CERRO VERDE;2
2026;JUNIO;CUADRO JACKET 2.0 CAB;[JAPCA43T2XL] CUADRO JACKET 2.0 CAB (2XL, NEGRO);JAPCA43T2XL;CAB;Negro;2XL;CERRO VERDE;4
2026;JUNIO;CUADRO JACKET 2.0 DAMA;[JAPDA162TS] CUADRO JACKET 2.0 DAMA (S, Azul Polo);JAPDA162TS;DAMA;Azul Polo;S;GRIETA;1
2026;JUNIO;CUADRO JACKET 2.0 CAB;[JAPCA162TL] CUADRO JACKET 2.0 CAB (L, Azul Polo);JAPCA162TL;CAB;Azul Polo;L;GRIETA;1
2026;JUNIO;CUADRO JACKET 2.0 DAMA;[JAPDA16TXS] CUADRO JACKET 2.0 DAMA (XS, BLANCO);JAPDA16TXS;DAMA;Blanco;XS;GRIETA;1
2026;JUNIO;CUADRO JACKET 2.0 DAMA;[JAPDA16TM] CUADRO JACKET 2.0 DAMA (M, BLANCO);JAPDA16TM;DAMA;Blanco;M;CERRO VERDE;1
2026;JUNIO;CUADRO JACKET 2.0 CAB;[JAPCA43TXL] CUADRO JACKET 2.0 CAB (XL, NEGRO);JAPCA43TXL;CAB;Negro;XL;SAMBIL VALENCIA;1
2026;JUNIO;CUADRO JACKET 2.0 DAMA;[JAPDA35TS] CUADRO JACKET 2.0 DAMA (S, Magenta);JAPDA35TS;DAMA;Magenta;S;CERRO VERDE;1
2026;JUNIO;CUADRO JACKET 2.0 CAB;[JAPCA162TM] CUADRO JACKET 2.0 CAB (M, Azul Polo);JAPCA162TM;CAB;Azul Polo;M;CERRO VERDE;1
2026;JUNIO;CUADRO JACKET 2.0 CAB;[JAPCA16TM] CUADRO JACKET 2.0 CAB (M, BLANCO);JAPCA16TM;CAB;Blanco;M;TOLON;1
2026;JUNIO;CUADRO JACKET 2.0 DAMA;[JAPDA43TXS] CUADRO JACKET 2.0 DAMA (XS, NEGRO);JAPDA43TXS;DAMA;Negro;XS;CERRO VERDE;1
2026;JUNIO;CUADRO JACKET 2.0 CAB;[JAPCA43TM] CUADRO JACKET 2.0 CAB (M, NEGRO);JAPCA43TM;CAB;Negro;M;CERRO VERDE;1
2026;JUNIO;CUADRO JACKET 2.0 DAMA;[JAPDA35TL] CUADRO JACKET 2.0 DAMA (L, Magenta);JAPDA35TL;DAMA;Magenta;L;WEB;1
2026;JUNIO;CUADRO JACKET 2.0 DAMA;[JAPDA35TS] CUADRO JACKET 2.0 DAMA (S, Magenta);JAPDA35TS;DAMA;Magenta;S;SAMBIL CHACAO;1
2026;JUNIO;CUADRO JACKET 2.0 CAB;[JAPCA162TM] CUADRO JACKET 2.0 CAB (M, Azul Polo);JAPCA162TM;CAB;Azul Polo;M;GRIETA;1
2026;JUNIO;CUADRO JACKET 2.0 CAB;[JAPCA66TM] CUADRO JACKET 2.0 CAB (M, VERDE MILITAR);JAPCA66TM;CAB;Verde Militar;M;GRIETA;1
2026;JUNIO;CUADRO JACKET 2.0 KIDS;[JAPKI35T12] CUADRO JACKET 2.0 KIDS (12, Magenta);JAPKI35T12;KIDS;Magenta;12;SAMBIL VALENCIA;1
2026;JUNIO;CUADRO JACKET 2.0 DAMA;[JAPDA43TM] CUADRO JACKET 2.0 DAMA (M, NEGRO);JAPDA43TM;DAMA;Negro;M;SAMBIL CHACAO;1
2026;JUNIO;CUADRO JACKET 2.0 CAB;[JAPCA43TM] CUADRO JACKET 2.0 CAB (M, NEGRO);JAPCA43TM;CAB;Negro;M;SAMBIL CHACAO;1
2026;JUNIO;CUADRO JACKET 2.0 DAMA;[JAPDA16TM] CUADRO JACKET 2.0 DAMA (M, BLANCO);JAPDA16TM;DAMA;Blanco;M;SAMBIL VALENCIA;1
2026;JUNIO;CUADRO JACKET 2.0 CAB;[JAPCA162TS] CUADRO JACKET 2.0 CAB (S, Azul Polo);JAPCA162TS;CAB;Azul Polo;S;SAMBIL CHACAO;1
2026;JUNIO;CUADRO JACKET 2.0 CAB;[JAPCA66TL] CUADRO JACKET 2.0 CAB (L, VERDE MILITAR);JAPCA66TL;CAB;Verde Militar;L;SAMBIL CHACAO;1
2026;JUNIO;CUADRO JACKET 2.0 CAB;[JAPCA162TS] CUADRO JACKET 2.0 CAB (S, Azul Polo);JAPCA162TS;CAB;Azul Polo;S;SAMBIL VALENCIA;1
2026;JUNIO;CUADRO JACKET 2.0 DAMA;[JAPDA16TXL] CUADRO JACKET 2.0 DAMA (XL, BLANCO);JAPDA16TXL;DAMA;Blanco;XL;GRAND PLAZ;1
2026;JUNIO;CUADRO JACKET 2.0 DAMA;[JAPDA16TM] CUADRO JACKET 2.0 DAMA (M, BLANCO);JAPDA16TM;DAMA;Blanco;M;GRAND PLAZ;1
2026;JUNIO;CUADRO JACKET 2.0 DAMA;[JAPDA162TXL] CUADRO JACKET 2.0 DAMA (XL, Azul Polo);JAPDA162TXL;DAMA;Azul Polo;XL;GRAND PLAZ;1
2026;JUNIO;CUADRO JACKET 2.0 DAMA;[JAPDA16TS] CUADRO JACKET 2.0 DAMA (S, BLANCO);JAPDA16TS;DAMA;Blanco;S;SAMBIL VALENCIA;1
2026;JUNIO;CUADRO JACKET 2.0 DAMA;[JAPDA162TXL] CUADRO JACKET 2.0 DAMA (XL, Azul Polo);JAPDA162TXL;DAMA;Azul Polo;XL;SAMBIL CHACAO;1
2026;JUNIO;CUADRO JACKET 2.0 CAB;[JAPCA66T2XL] CUADRO JACKET 2.0 CAB (2XL, VERDE MILITAR);JAPCA66T2XL;CAB;Verde Militar;2XL;SAMBIL CHACAO;1
2026;JUNIO;CUADRO JACKET 2.0 DAMA;[JAPDA35TM] CUADRO JACKET 2.0 DAMA (M, Magenta);JAPDA35TM;DAMA;Magenta;M;SAMBIL CHACAO;1
2026;JUNIO;CUADRO JACKET 2.0 CAB;[JAPCA66TL] CUADRO JACKET 2.0 CAB (L, VERDE MILITAR);JAPCA66TL;CAB;Verde Militar;L;SAMBIL CHACAO;1
2026;JUNIO;CUADRO JACKET 2.0 DAMA;[JAPDA35TL] CUADRO JACKET 2.0 DAMA (L, Magenta);JAPDA35TL;DAMA;Magenta;L;GRIETA;1
2026;JUNIO;CUADRO JACKET 2.0 DAMA;[JAPDA35TM] CUADRO JACKET 2.0 DAMA (M, Magenta);JAPDA35TM;DAMA;Magenta;M;SAMBIL CHACAO;1
2026;JUNIO;CUADRO JACKET 2.0 CAB;[JAPCA66TL] CUADRO JACKET 2.0 CAB (L, VERDE MILITAR);JAPCA66TL;CAB;Verde Militar;L;SAMBIL VALENCIA;1
2026;JUNIO;CUADRO JACKET 2.0 CAB;[JAPCA43TL] CUADRO JACKET 2.0 CAB (L, NEGRO);JAPCA43TL;CAB;Negro;L;SAMBIL VALENCIA;1
2026;JUNIO;CUADRO JACKET 2.0 DAMA;[JAPDA43TS] CUADRO JACKET 2.0 DAMA (S, NEGRO);JAPDA43TS;DAMA;Negro;S;SAMBIL VALENCIA;1
2026;JUNIO;CUADRO JACKET 2.0 CAB;[JAPCA16TS] CUADRO JACKET 2.0 CAB (S, BLANCO);JAPCA16TS;CAB;Blanco;S;SAMBIL VALENCIA;1
2026;JUNIO;CUADRO JACKET 2.0 KIDS;[JAPKI43T12] CUADRO JACKET 2.0 KIDS (12, NEGRO);JAPKI43T12;KIDS;Negro;12;CERRO VERDE;1
2026;JUNIO;CUADRO JACKET 2.0 KIDS;[JAPKI01T2] CUADRO JACKET 2.0 KIDS (2, AGUAMARINA);JAPKI01T2;KIDS;Aguamarina;2;GRIETA;1
2026;JUNIO;CUADRO JACKET 2.0 CAB;[JAPCA01TXL] CUADRO JACKET 2.0 CAB (XL, AGUAMARINA);JAPCA01TXL;CAB;Aguamarina;XL;GRIETA;1
2026;JUNIO;CUADRO JACKET 2.0 CAB;[JAPCA16TM] CUADRO JACKET 2.0 CAB (M, BLANCO);JAPCA16TM;CAB;Blanco;M;TOLON;1
2026;JUNIO;CUADRO JACKET 2.0 DAMA;[JAPDA35TXS] CUADRO JACKET 2.0 DAMA (XS, Magenta);JAPDA35TXS;DAMA;Magenta;XS;SAMBIL CHACAO;1
2026;JUNIO;CUADRO JACKET 2.0 DAMA;[JAPDA35TM] CUADRO JACKET 2.0 DAMA (M, Magenta);JAPDA35TM;DAMA;Magenta;M;SAMBIL CHACAO;1
2026;JUNIO;CUADRO JACKET 2.0 CAB;[JAPCA43T2XL] CUADRO JACKET 2.0 CAB (2XL, NEGRO);JAPCA43T2XL;CAB;Negro;2XL;CORPORATIVO;1
2026;JUNIO;CUADRO JACKET 2.0 DAMA;[JAPDA35TXS] CUADRO JACKET 2.0 DAMA (XS, Magenta);JAPDA35TXS;DAMA;Magenta;XS;GRIETA;2
2026;JUNIO;CUADRO JACKET 2.0 CAB;[JAPCA43TL] CUADRO JACKET 2.0 CAB (L, NEGRO);JAPCA43TL;CAB;Negro;L;SAMBIL CHACAO;1
2026;JUNIO;CUADRO JACKET 2.0 DAMA;[JAPDA43TXS] CUADRO JACKET 2.0 DAMA (XS, NEGRO);JAPDA43TXS;DAMA;Negro;XS;SAMBIL VALENCIA;1
2026;JUNIO;CUADRO JACKET 2.0 DAMA;[JAPDA01TXL] CUADRO JACKET 2.0 DAMA (XL, AGUAMARINA);JAPDA01TXL;DAMA;Aguamarina;XL;GRIETA;1
2026;JUNIO;CUADRO JACKET 2.0 KIDS;[JAPKI43T10] CUADRO JACKET 2.0 KIDS (10, NEGRO);JAPKI43T10;KIDS;Negro;10;CERRO VERDE;1
2026;JUNIO;CUADRO JACKET 2.0 DAMA;[JAPDA35TS] CUADRO JACKET 2.0 DAMA (S, Magenta);JAPDA35TS;DAMA;Magenta;S;CERRO VERDE;1
2026;JUNIO;CUADRO JACKET 2.0 CAB;[JAPCA162TM] CUADRO JACKET 2.0 CAB (M, Azul Polo);JAPCA162TM;CAB;Azul Polo;M;CERRO VERDE;1
2026;JUNIO;CUADRO JACKET 2.0 CAB;[JAPCA162TL] CUADRO JACKET 2.0 CAB (L, Azul Polo);JAPCA162TL;CAB;Azul Polo;L;GRIETA;1
2026;JUNIO;CUADRO JACKET 2.0 CAB;[JAPCA43TS] CUADRO JACKET 2.0 CAB (S, NEGRO);JAPCA43TS;CAB;Negro;S;GRIETA;1
2026;JUNIO;CUADRO JACKET 2.0 DAMA;[JAPDA35TXS] CUADRO JACKET 2.0 DAMA (XS, Magenta);JAPDA35TXS;DAMA;Magenta;XS;GRIETA;1
2026;JUNIO;CUADRO JACKET 2.0 KIDS;[JAPKI01T8] CUADRO JACKET 2.0 KIDS (8, AGUAMARINA);JAPKI01T8;KIDS;Aguamarina;8;CERRO VERDE;1
2026;JUNIO;CUADRO JACKET 2.0 KIDS;[JAPKI01T2] CUADRO JACKET 2.0 KIDS (2, AGUAMARINA);JAPKI01T2;KIDS;Aguamarina;2;GRIETA;1
2026;JUNIO;CUADRO JACKET 2.0 CAB;[JAPCA43TL] CUADRO JACKET 2.0 CAB (L, NEGRO);JAPCA43TL;CAB;Negro;L;SAMBIL CHACAO;1
2026;JUNIO;CUADRO JACKET 2.0 DAMA;[JAPDA16TXS] CUADRO JACKET 2.0 DAMA (XS, BLANCO);JAPDA16TXS;DAMA;Blanco;XS;SAMBIL VALENCIA;1
2026;JUNIO;CUADRO JACKET 2.0 DAMA;[JAPDA35TXS] CUADRO JACKET 2.0 DAMA (XS, Magenta);JAPDA35TXS;DAMA;Magenta;XS;SAMBIL VALENCIA;1
2026;JUNIO;CUADRO JACKET 2.0 CAB;[JAPCA162TL] CUADRO JACKET 2.0 CAB (L, Azul Polo);JAPCA162TL;CAB;Azul Polo;L;SAMBIL VALENCIA;1
2026;JUNIO;CUADRO JACKET 2.0 DAMA;[JAPDA35TXS] CUADRO JACKET 2.0 DAMA (XS, Magenta);JAPDA35TXS;DAMA;Magenta;XS;CERRO VERDE;1
2026;JUNIO;CUADRO JACKET 2.0 DAMA;[JAPDA01TXS] CUADRO JACKET 2.0 DAMA (XS, AGUAMARINA);JAPDA01TXS;DAMA;Aguamarina;XS;CERRO VERDE;1
2026;JUNIO;CUADRO JACKET 2.0 CAB;[JAPCA162TM] CUADRO JACKET 2.0 CAB (M, Azul Polo);JAPCA162TM;CAB;Azul Polo;M;CERRO VERDE;1
2026;JUNIO;CUADRO JACKET 2.0 CAB;[JAPCA43T2XL] CUADRO JACKET 2.0 CAB (2XL, NEGRO);JAPCA43T2XL;CAB;Negro;2XL;SAMBIL VALENCIA;1
2026;JUNIO;CUADRO JACKET 2.0 CAB;[JAPCA162TM] CUADRO JACKET 2.0 CAB (M, Azul Polo);JAPCA162TM;CAB;Azul Polo;M;SAMBIL CHACAO;1
2026;JUNIO;CUADRO JACKET 2.0 CAB;[JAPCA43TL] CUADRO JACKET 2.0 CAB (L, NEGRO);JAPCA43TL;CAB;Negro;L;SAMBIL VALENCIA;1
2026;JUNIO;CUADRO JACKET 2.0 CAB;[JAPCA66TL] CUADRO JACKET 2.0 CAB (L, VERDE MILITAR);JAPCA66TL;CAB;Verde Militar;L;SAMBIL CHACAO;1
2026;JUNIO;CUADRO JACKET 2.0 DAMA;[JAPDA16TS] CUADRO JACKET 2.0 DAMA (S, BLANCO);JAPDA16TS;DAMA;Blanco;S;SAMBIL VALENCIA;1
2026;JUNIO;CUADRO JACKET 2.0 DAMA;[JAPDA43TS] CUADRO JACKET 2.0 DAMA (S, NEGRO);JAPDA43TS;DAMA;Negro;S;CERRO VERDE;1
2026;JUNIO;CUADRO JACKET 2.0 CAB;[JAPCA162TM] CUADRO JACKET 2.0 CAB (M, Azul Polo);JAPCA162TM;CAB;Azul Polo;M;SAMBIL VALENCIA;1
2026;JUNIO;CUADRO JACKET 2.0 KIDS;[JAPKI162T12] CUADRO JACKET 2.0 KIDS (12, Azul Polo);JAPKI162T12;KIDS;Azul Polo;12;SAMBIL VALENCIA;1
2026;JUNIO;CUADRO JACKET 2.0 DAMA;[JAPDA16TXS] CUADRO JACKET 2.0 DAMA (XS, BLANCO);JAPDA16TXS;DAMA;Blanco;XS;SAMBIL VALENCIA;1
2026;JUNIO;CUADRO JACKET 2.0 CAB;[JAPCA43T2XL] CUADRO JACKET 2.0 CAB (2XL, NEGRO);JAPCA43T2XL;CAB;Negro;2XL;GRIETA;1
2026;JUNIO;CUADRO JACKET 2.0 DAMA;[JAPDA43TXS] CUADRO JACKET 2.0 DAMA (XS, NEGRO);JAPDA43TXS;DAMA;Negro;XS;GRIETA;1
2026;JUNIO;CUADRO JACKET 2.0 CAB;[JAPCA162TM] CUADRO JACKET 2.0 CAB (M, Azul Polo);JAPCA162TM;CAB;Azul Polo;M;SAMBIL CHACAO;1
2026;JUNIO;CUADRO JACKET 2.0 CAB;[JAPCA16TL] CUADRO JACKET 2.0 CAB (L, BLANCO);JAPCA16TL;CAB;Blanco;L;SAMBIL VALENCIA;1
2026;JUNIO;CUADRO JACKET 2.0 DAMA;[JAPDA16TM] CUADRO JACKET 2.0 DAMA (M, BLANCO);JAPDA16TM;DAMA;Blanco;M;SAMBIL VALENCIA;1
2026;JUNIO;CUADRO JACKET 2.0 CAB;[JAPCA43TL] CUADRO JACKET 2.0 CAB (L, NEGRO);JAPCA43TL;CAB;Negro;L;SAMBIL VALENCIA;-1
2026;JUNIO;CUADRO JACKET 2.0 CAB;[JAPCA43TL] CUADRO JACKET 2.0 CAB (L, NEGRO);JAPCA43TL;CAB;Negro;L;SAMBIL VALENCIA;1
2026;JUNIO;CUADRO JACKET 2.0 DAMA;[JAPDA16TXS] CUADRO JACKET 2.0 DAMA (XS, BLANCO);JAPDA16TXS;DAMA;Blanco;XS;SAMBIL CHACAO;1
2026;JUNIO;CUADRO JACKET 2.0 CAB;[JAPCA66TXL] CUADRO JACKET 2.0 CAB (XL, VERDE MILITAR);JAPCA66TXL;CAB;Verde Militar;XL;GRIETA;1
2026;JUNIO;CUADRO JACKET 2.0 CAB;[JAPCA43T2XL] CUADRO JACKET 2.0 CAB (2XL, NEGRO);JAPCA43T2XL;CAB;Negro;2XL;CERRO VERDE;1
2026;JUNIO;CUADRO JACKET 2.0 DAMA;[JAPDA66TXS] CUADRO JACKET 2.0 DAMA (XS, VERDE MILITAR);JAPDA66TXS;DAMA;Verde Militar;XS;CERRO VERDE;1
2026;JUNIO;CUADRO JACKET 2.0 CAB;[JAPCA16TM] CUADRO JACKET 2.0 CAB (M, BLANCO);JAPCA16TM;CAB;Blanco;M;SAMBIL VALENCIA;1
2026;JUNIO;CUADRO JACKET 2.0 DAMA;[JAPDA43TS] CUADRO JACKET 2.0 DAMA (S, NEGRO);JAPDA43TS;DAMA;Negro;S;SAMBIL VALENCIA;1
2026;JUNIO;CUADRO JACKET 2.0 CAB;[JAPCA162TS] CUADRO JACKET 2.0 CAB (S, Azul Polo);JAPCA162TS;CAB;Azul Polo;S;SAMBIL VALENCIA;1
2026;JUNIO;CUADRO JACKET 2.0 CAB;[JAPCA43TS] CUADRO JACKET 2.0 CAB (S, NEGRO);JAPCA43TS;CAB;Negro;S;SAMBIL VALENCIA;1
2026;JUNIO;CUADRO JACKET 2.0 DAMA;[JAPDA16TM] CUADRO JACKET 2.0 DAMA (M, BLANCO);JAPDA16TM;DAMA;Blanco;M;SAMBIL VALENCIA;1
2026;JUNIO;CUADRO JACKET 2.0 CAB;[JAPCA66T2XL] CUADRO JACKET 2.0 CAB (2XL, VERDE MILITAR);JAPCA66T2XL;CAB;Verde Militar;2XL;CERRO VERDE;1
2026;JUNIO;CUADRO JACKET 2.0 CAB;[JAPCA162TL] CUADRO JACKET 2.0 CAB (L, Azul Polo);JAPCA162TL;CAB;Azul Polo;L;SAMBIL CHACAO;1
2026;JUNIO;CUADRO JACKET 2.0 DAMA;[JAPDA66TXL] CUADRO JACKET 2.0 DAMA (XL, VERDE MILITAR);JAPDA66TXL;DAMA;Verde Militar;XL;SAMBIL CHACAO;1
2026;JUNIO;CUADRO JACKET 2.0 CAB;[JAPCA162TXL] CUADRO JACKET 2.0 CAB (XL, Azul Polo);JAPCA162TXL;CAB;Azul Polo;XL;SAMBIL VALENCIA;1
2026;JUNIO;CUADRO JACKET 2.0 CAB;[JAPCA43TM] CUADRO JACKET 2.0 CAB (M, NEGRO);JAPCA43TM;CAB;Negro;M;SAMBIL VALENCIA;1
2026;JUNIO;CUADRO JACKET 2.0 CAB;[JAPCA43TXL] CUADRO JACKET 2.0 CAB (XL, NEGRO);JAPCA43TXL;CAB;Negro;XL;SAMBIL VALENCIA;1
2026;JUNIO;CUADRO JACKET 2.0 DAMA;[JAPDA162TXS] CUADRO JACKET 2.0 DAMA (XS, Azul Polo);JAPDA162TXS;DAMA;Azul Polo;XS;TOLON;1
2026;JUNIO;CUADRO JACKET 2.0 DAMA;[JAPDA43TM] CUADRO JACKET 2.0 DAMA (M, NEGRO);JAPDA43TM;DAMA;Negro;M;SAMBIL VALENCIA;1
2026;JUNIO;CUADRO JACKET 2.0 CAB;[JAPCA66TXL] CUADRO JACKET 2.0 CAB (XL, VERDE MILITAR);JAPCA66TXL;CAB;Verde Militar;XL;SAMBIL VALENCIA;1
2026;JUNIO;CUADRO JACKET 2.0 CAB;[JAPCA43TL] CUADRO JACKET 2.0 CAB (L, NEGRO);JAPCA43TL;CAB;Negro;L;CERRO VERDE;1
2026;JUNIO;CUADRO JACKET 2.0 CAB;[JAPCA162TL] CUADRO JACKET 2.0 CAB (L, Azul Polo);JAPCA162TL;CAB;Azul Polo;L;GRIETA;1
2026;JUNIO;CUADRO JACKET 2.0 DAMA;[JAPDA43TS] CUADRO JACKET 2.0 DAMA (S, NEGRO);JAPDA43TS;DAMA;Negro;S;WEB;1
2026;JUNIO;CUADRO JACKET 2.0 CAB;[JAPCA162TM] CUADRO JACKET 2.0 CAB (M, Azul Polo);JAPCA162TM;CAB;Azul Polo;M;GRIETA;1
2026;JUNIO;CUADRO JACKET 2.0 CAB;[JAPCA162TS] CUADRO JACKET 2.0 CAB (S, Azul Polo);JAPCA162TS;CAB;Azul Polo;S;TOLON;1
2026;JUNIO;CUADRO JACKET 2.0 CAB;[JAPCA162TS] CUADRO JACKET 2.0 CAB (S, Azul Polo);JAPCA162TS;CAB;Azul Polo;S;TOLON;1
2026;JUNIO;CUADRO JACKET 2.0 DAMA;[JAPDA162TXS] CUADRO JACKET 2.0 DAMA (XS, Azul Polo);JAPDA162TXS;DAMA;Azul Polo;XS;SAMBIL CHACAO;1
2026;JUNIO;CUADRO JACKET 2.0 CAB;[JAPCA43TM] CUADRO JACKET 2.0 CAB (M, NEGRO);JAPCA43TM;CAB;Negro;M;CERRO VERDE;1
2026;JUNIO;CUADRO JACKET 2.0 CAB;[JAPCA162TS] CUADRO JACKET 2.0 CAB (S, Azul Polo);JAPCA162TS;CAB;Azul Polo;S;TOLON;-1
2026;JUNIO;CUADRO JACKET 2.0 CAB;[JAPCA66TL] CUADRO JACKET 2.0 CAB (L, VERDE MILITAR);JAPCA66TL;CAB;Verde Militar;L;PEDIDOS;1
2026;JUNIO;CUADRO JACKET 2.0 CAB;[JAPCA162TL] CUADRO JACKET 2.0 CAB (L, Azul Polo);JAPCA162TL;CAB;Azul Polo;L;GRAND PLAZ;1
2026;JUNIO;CUADRO JACKET 2.0 DAMA;[JAPDA01TM] CUADRO JACKET 2.0 DAMA (M, AGUAMARINA);JAPDA01TM;DAMA;Aguamarina;M;GRAND PLAZ;1
2026;JUNIO;CUADRO JACKET 2.0 CAB;[JAPCA162TXL] CUADRO JACKET 2.0 CAB (XL, Azul Polo);JAPCA162TXL;CAB;Azul Polo;XL;GRIETA;1
2026;JUNIO;CUADRO JACKET 2.0 DAMA;[JAPDA162TXS] CUADRO JACKET 2.0 DAMA (XS, Azul Polo);JAPDA162TXS;DAMA;Azul Polo;XS;CERRO VERDE;1
2026;JUNIO;CUADRO JACKET 2.0 CAB;[JAPCA16TM] CUADRO JACKET 2.0 CAB (M, BLANCO);JAPCA16TM;CAB;Blanco;M;CERRO VERDE;1
2026;JUNIO;CUADRO JACKET 2.0 CAB;[JAPCA16TM] CUADRO JACKET 2.0 CAB (M, BLANCO);JAPCA16TM;CAB;Blanco;M;CERRO VERDE;-1
2026;JUNIO;CUADRO JACKET 2.0 DAMA;[JAPDA16TM] CUADRO JACKET 2.0 DAMA (M, BLANCO);JAPDA16TM;DAMA;Blanco;M;CERRO VERDE;1
2026;JUNIO;CUADRO JACKET 2.0 DAMA;[JAPDA16TM] CUADRO JACKET 2.0 DAMA (M, BLANCO);JAPDA16TM;DAMA;Blanco;M;SAMBIL CHACAO;1
2026;JUNIO;CUADRO JACKET 2.0 KIDS;[JAPKI01T10] CUADRO JACKET 2.0 KIDS (10, AGUAMARINA);JAPKI01T10;KIDS;Aguamarina;10;CERRO VERDE;1
2026;JUNIO;CUADRO JACKET 2.0 CAB;[JAPCA162TXL] CUADRO JACKET 2.0 CAB (XL, Azul Polo);JAPCA162TXL;CAB;Azul Polo;XL;TOLON;1
2026;JUNIO;CUADRO JACKET 2.0 CAB;[JAPCA66TM] CUADRO JACKET 2.0 CAB (M, VERDE MILITAR);JAPCA66TM;CAB;Verde Militar;M;CERRO VERDE;1
2026;JUNIO;CUADRO JACKET 2.0 CAB;[JAPCA01TL] CUADRO JACKET 2.0 CAB (L, AGUAMARINA);JAPCA01TL;CAB;Aguamarina;L;CERRO VERDE;1
2026;JUNIO;CUADRO JACKET 2.0 DAMA;[JAPDA01TXS] CUADRO JACKET 2.0 DAMA (XS, AGUAMARINA);JAPDA01TXS;DAMA;Aguamarina;XS;CERRO VERDE;1
2026;JUNIO;CUADRO JACKET 2.0 CAB;[JAPCA66TM] CUADRO JACKET 2.0 CAB (M, VERDE MILITAR);JAPCA66TM;CAB;Verde Militar;M;CERRO VERDE;1
2026;JUNIO;CUADRO JACKET 2.0 CAB;[JAPCA43TS] CUADRO JACKET 2.0 CAB (S, NEGRO);JAPCA43TS;CAB;Negro;S;GRIETA;1
2026;JUNIO;CUADRO JACKET 2.0 DAMA;[JAPDA43TM] CUADRO JACKET 2.0 DAMA (M, NEGRO);JAPDA43TM;DAMA;Negro;M;SAMBIL CHACAO;1
2026;JUNIO;CUADRO JACKET 2.0 CAB;[JAPCA43TS] CUADRO JACKET 2.0 CAB (S, NEGRO);JAPCA43TS;CAB;Negro;S;SAMBIL CHACAO;1
2026;JUNIO;CUADRO JACKET 2.0 CAB;[JAPCA43TXL] CUADRO JACKET 2.0 CAB (XL, NEGRO);JAPCA43TXL;CAB;Negro;XL;SAMBIL VALENCIA;1
2026;JUNIO;CUADRO JACKET 2.0 CAB;[JAPCA43TS] CUADRO JACKET 2.0 CAB (S, NEGRO);JAPCA43TS;CAB;Negro;S;SAMBIL VALENCIA;1
2026;JUNIO;CUADRO JACKET 2.0 CAB;[JAPCA66TXL] CUADRO JACKET 2.0 CAB (XL, VERDE MILITAR);JAPCA66TXL;CAB;Verde Militar;XL;GRIETA;1
2026;JUNIO;CUADRO JACKET 2.0 CAB;[JAPCA43T2XL] CUADRO JACKET 2.0 CAB (2XL, NEGRO);JAPCA43T2XL;CAB;Negro;2XL;GRIETA;1
2026;JUNIO;CUADRO JACKET 2.0 DAMA;[JAPDA16TM] CUADRO JACKET 2.0 DAMA (M, BLANCO);JAPDA16TM;DAMA;Blanco;M;GRIETA;1
2026;JUNIO;CUADRO JACKET 2.0 CAB;[JAPCA16TM] CUADRO JACKET 2.0 CAB (M, BLANCO);JAPCA16TM;CAB;Blanco;M;PEDIDOS;3
2026;JUNIO;CUADRO JACKET 2.0 DAMA;[JAPDA16TS] CUADRO JACKET 2.0 DAMA (S, BLANCO);JAPDA16TS;DAMA;Blanco;S;CERRO VERDE;1
2026;JUNIO;CUADRO JACKET 2.0 CAB;[JAPCA43TM] CUADRO JACKET 2.0 CAB (M, NEGRO);JAPCA43TM;CAB;Negro;M;CERRO VERDE;1
2026;JUNIO;CUADRO JACKET 2.0 CAB;[JAPCA66TS] CUADRO JACKET 2.0 CAB (S, VERDE MILITAR);JAPCA66TS;CAB;Verde Militar;S;SAMBIL VALENCIA;1
2026;JUNIO;CUADRO JACKET 2.0 CAB;[JAPCA43TM] CUADRO JACKET 2.0 CAB (M, NEGRO);JAPCA43TM;CAB;Negro;M;SAMBIL VALENCIA;1
2026;JUNIO;CUADRO JACKET 2.0 CAB;[JAPCA66TS] CUADRO JACKET 2.0 CAB (S, VERDE MILITAR);JAPCA66TS;CAB;Verde Militar;S;CERRO VERDE;1
2026;JUNIO;CUADRO JACKET 2.0 DAMA;[JAPDA01TM] CUADRO JACKET 2.0 DAMA (M, AGUAMARINA);JAPDA01TM;DAMA;Aguamarina;M;CERRO VERDE;1
2026;JUNIO;CUADRO JACKET 2.0 DAMA;[JAPDA01TXL] CUADRO JACKET 2.0 DAMA (XL, AGUAMARINA);JAPDA01TXL;DAMA;Aguamarina;XL;CERRO VERDE;1
2026;JUNIO;CUADRO JACKET 2.0 DAMA;[JAPDA43TL] CUADRO JACKET 2.0 DAMA (L, NEGRO);JAPDA43TL;DAMA;Negro;L;SAMBIL VALENCIA;1
2026;JUNIO;CUADRO JACKET 2.0 DAMA;[JAPDA16TXS] CUADRO JACKET 2.0 DAMA (XS, BLANCO);JAPDA16TXS;DAMA;Blanco;XS;SAMBIL VALENCIA;1
2026;JUNIO;CUADRO JACKET 2.0 DAMA;[JAPDA16TS] CUADRO JACKET 2.0 DAMA (S, BLANCO);JAPDA16TS;DAMA;Blanco;S;SAMBIL CHACAO;1
2026;JUNIO;CUADRO JACKET 2.0 CAB;[JAPCA43TXL] CUADRO JACKET 2.0 CAB (XL, NEGRO);JAPCA43TXL;CAB;Negro;XL;SAMBIL VALENCIA;1
2026;JUNIO;CUADRO JACKET 2.0 KIDS;[JAPKI162T8] CUADRO JACKET 2.0 KIDS (8, Azul Polo);JAPKI162T8;KIDS;Azul Polo;8;SAMBIL VALENCIA;1
2026;JUNIO;CUADRO JACKET 2.0 DAMA;[JAPDA43TS] CUADRO JACKET 2.0 DAMA (S, NEGRO);JAPDA43TS;DAMA;Negro;S;GRIETA;1
2026;JUNIO;CUADRO JACKET 2.0 CAB;[JAPCA16TM] CUADRO JACKET 2.0 CAB (M, BLANCO);JAPCA16TM;CAB;Blanco;M;GRIETA;1
2026;JUNIO;CUADRO JACKET 2.0 DAMA;[JAPDA16TM] CUADRO JACKET 2.0 DAMA (M, BLANCO);JAPDA16TM;DAMA;Blanco;M;SAMBIL VALENCIA;1
2026;JUNIO;CUADRO JACKET 2.0 CAB;[JAPCA162TXL] CUADRO JACKET 2.0 CAB (XL, Azul Polo);JAPCA162TXL;CAB;Azul Polo;XL;SAMBIL VALENCIA;1
2026;JUNIO;CUADRO JACKET 2.0 CAB;[JAPCA16TS] CUADRO JACKET 2.0 CAB (S, BLANCO);JAPCA16TS;CAB;Blanco;S;SAMBIL VALENCIA;1
2026;JUNIO;CUADRO JACKET 2.0 KIDS;[JAPKI162T12] CUADRO JACKET 2.0 KIDS (12, Azul Polo);JAPKI162T12;KIDS;Azul Polo;12;CERRO VERDE;1
2026;JUNIO;CUADRO JACKET 2.0 DAMA;[JAPDA43TXS] CUADRO JACKET 2.0 DAMA (XS, NEGRO);JAPDA43TXS;DAMA;Negro;XS;SAMBIL VALENCIA;1
2026;JUNIO;CUADRO JACKET 2.0 DAMA;[JAPDA43TXS] CUADRO JACKET 2.0 DAMA (XS, NEGRO);JAPDA43TXS;DAMA;Negro;XS;SAMBIL VALENCIA;1
2026;JUNIO;CUADRO JACKET 2.0 KIDS;[JAPKI01T12] CUADRO JACKET 2.0 KIDS (12, AGUAMARINA);JAPKI01T12;KIDS;Aguamarina;12;SAMBIL VALENCIA;1
2026;JUNIO;CUADRO JACKET 2.0 KIDS;[JAPKI162T12] CUADRO JACKET 2.0 KIDS (12, Azul Polo);JAPKI162T12;KIDS;Azul Polo;12;GRIETA;1
2026;JUNIO;CUADRO JACKET 2.0 KIDS;[JAPKI43T12] CUADRO JACKET 2.0 KIDS (12, NEGRO);JAPKI43T12;KIDS;Negro;12;GRIETA;1
2026;JUNIO;CUADRO JACKET 2.0 DAMA;[JAPDA16TM] CUADRO JACKET 2.0 DAMA (M, BLANCO);JAPDA16TM;DAMA;Blanco;M;WEB;1
2026;JUNIO;CUADRO JACKET 2.0 CAB;[JAPCA66TM] CUADRO JACKET 2.0 CAB (M, VERDE MILITAR);JAPCA66TM;CAB;Verde Militar;M;SAMBIL CHACAO;1
2026;JUNIO;CUADRO JACKET 2.0 DAMA;[JAPDA162TM] CUADRO JACKET 2.0 DAMA (M, Azul Polo);JAPDA162TM;DAMA;Azul Polo;M;SAMBIL CHACAO;1
2026;JUNIO;CUADRO JACKET 2.0 DAMA;[JAPDA162TM] CUADRO JACKET 2.0 DAMA (M, Azul Polo);JAPDA162TM;DAMA;Azul Polo;M;GRIETA;1
2026;JUNIO;CUADRO JACKET 2.0 DAMA;[JAPDA16TM] CUADRO JACKET 2.0 DAMA (M, BLANCO);JAPDA16TM;DAMA;Blanco;M;CERRO VERDE;1
2026;JUNIO;CUADRO JACKET 2.0 CAB;[JAPCA43TS] CUADRO JACKET 2.0 CAB (S, NEGRO);JAPCA43TS;CAB;Negro;S;SAMBIL CHACAO;1
2026;JUNIO;CUADRO JACKET 2.0 DAMA;[JAPDA01TM] CUADRO JACKET 2.0 DAMA (M, AGUAMARINA);JAPDA01TM;DAMA;Aguamarina;M;CERRO VERDE;1
2026;JUNIO;CUADRO JACKET 2.0 DAMA;[JAPDA66TXL] CUADRO JACKET 2.0 DAMA (XL, VERDE MILITAR);JAPDA66TXL;DAMA;Verde Militar;XL;CERRO VERDE;1
2026;JUNIO;CUADRO JACKET 2.0 DAMA;[JAPDA16TS] CUADRO JACKET 2.0 DAMA (S, BLANCO);JAPDA16TS;DAMA;Blanco;S;SAMBIL VALENCIA;1
2026;JUNIO;CUADRO JACKET 2.0 CAB;[JAPCA16TL] CUADRO JACKET 2.0 CAB (L, BLANCO);JAPCA16TL;CAB;Blanco;L;SAMBIL VALENCIA;1
2026;JUNIO;CUADRO JACKET 2.0 CAB;[JAPCA66TXL] CUADRO JACKET 2.0 CAB (XL, VERDE MILITAR);JAPCA66TXL;CAB;Verde Militar;XL;SAMBIL VALENCIA;1
2026;JUNIO;CUADRO JACKET 2.0 CAB;[JAPCA66TL] CUADRO JACKET 2.0 CAB (L, VERDE MILITAR);JAPCA66TL;CAB;Verde Militar;L;SAMBIL VALENCIA;1
2026;JUNIO;CUADRO JACKET 2.0 DAMA;[JAPDA16TL] CUADRO JACKET 2.0 DAMA (L, BLANCO);JAPDA16TL;DAMA;Blanco;L;SAMBIL VALENCIA;1
2026;JUNIO;CUADRO JACKET 2.0 CAB;[JAPCA66TL] CUADRO JACKET 2.0 CAB (L, VERDE MILITAR);JAPCA66TL;CAB;Verde Militar;L;SAMBIL VALENCIA;1
2026;JUNIO;CUADRO JACKET 2.0 CAB;[JAPCA162TM] CUADRO JACKET 2.0 CAB (M, Azul Polo);JAPCA162TM;CAB;Azul Polo;M;SAMBIL VALENCIA;1
2026;JUNIO;CUADRO JACKET 2.0 CAB;[JAPCA162TL] CUADRO JACKET 2.0 CAB (L, Azul Polo);JAPCA162TL;CAB;Azul Polo;L;SAMBIL VALENCIA;1
2026;JUNIO;CUADRO JACKET 2.0 CAB;[JAPCA162TL] CUADRO JACKET 2.0 CAB (L, Azul Polo);JAPCA162TL;CAB;Azul Polo;L;SAMBIL VALENCIA;-1
2026;JUNIO;CUADRO JACKET 2.0 CAB;[JAPCA162TL] CUADRO JACKET 2.0 CAB (L, Azul Polo);JAPCA162TL;CAB;Azul Polo;L;SAMBIL VALENCIA;1
2026;JUNIO;CUADRO JACKET 2.0 CAB;[JAPCA162TL] CUADRO JACKET 2.0 CAB (L, Azul Polo);JAPCA162TL;CAB;Azul Polo;L;SAMBIL CHACAO;1
2026;JUNIO;CUADRO JACKET 2.0 CAB;[JAPCA43TM] CUADRO JACKET 2.0 CAB (M, NEGRO);JAPCA43TM;CAB;Negro;M;CERRO VERDE;1
2026;JUNIO;CUADRO JACKET 2.0 CAB;[JAPCA01TM] CUADRO JACKET 2.0 CAB (M, AGUAMARINA);JAPCA01TM;CAB;Aguamarina;M;CORPORATIVO;15
2026;JUNIO;CUADRO JACKET 2.0 DAMA;[JAPDA01TL] CUADRO JACKET 2.0 DAMA (L, AGUAMARINA);JAPDA01TL;DAMA;Aguamarina;L;CORPORATIVO;10
2026;JUNIO;CUADRO JACKET 2.0 DAMA;[JAPDA01TM] CUADRO JACKET 2.0 DAMA (M, AGUAMARINA);JAPDA01TM;DAMA;Aguamarina;M;CORPORATIVO;15
2026;JUNIO;CUADRO JACKET 2.0 CAB;[JAPCA01TL] CUADRO JACKET 2.0 CAB (L, AGUAMARINA);JAPCA01TL;CAB;Aguamarina;L;CORPORATIVO;10
2026;JUNIO;CUADRO JACKET 2.0 CAB;[JAPCA16TXL] CUADRO JACKET 2.0 CAB (XL, BLANCO);JAPCA16TXL;CAB;Blanco;XL;SAMBIL CHACAO;1
2026;JUNIO;CUADRO JACKET 2.0 CAB;[JAPCA16TM] CUADRO JACKET 2.0 CAB (M, BLANCO);JAPCA16TM;CAB;Blanco;M;SAMBIL CHACAO;1
2026;JUNIO;CUADRO JACKET 2.0 KIDS;[JAPKI35T6] CUADRO JACKET 2.0 KIDS (6, Magenta);JAPKI35T6;KIDS;Magenta;6;CERRO VERDE;1
2026;JUNIO;CUADRO JACKET 2.0 DAMA;[JAPDA43TXS] CUADRO JACKET 2.0 DAMA (XS, NEGRO);JAPDA43TXS;DAMA;Negro;XS;SAMBIL VALENCIA;1
2026;JUNIO;CUADRO JACKET 2.0 DAMA;[JAPDA162TXS] CUADRO JACKET 2.0 DAMA (XS, Azul Polo);JAPDA162TXS;DAMA;Azul Polo;XS;SAMBIL VALENCIA;1
2026;JUNIO;CUADRO JACKET 2.0 KIDS;[JAPKI162T12] CUADRO JACKET 2.0 KIDS (12, Azul Polo);JAPKI162T12;KIDS;Azul Polo;12;SAMBIL VALENCIA;1
2026;JUNIO;CUADRO JACKET 2.0 DAMA;[JAPDA43TXS] CUADRO JACKET 2.0 DAMA (XS, NEGRO);JAPDA43TXS;DAMA;Negro;XS;SAMBIL CHACAO;1
2026;JUNIO;CUADRO JACKET 2.0 CAB;[JAPCA43TXL] CUADRO JACKET 2.0 CAB (XL, NEGRO);JAPCA43TXL;CAB;Negro;XL;SAMBIL VALENCIA;1
2026;JUNIO;CUADRO JACKET 2.0 DAMA;[JAPDA43TS] CUADRO JACKET 2.0 DAMA (S, NEGRO);JAPDA43TS;DAMA;Negro;S;SAMBIL VALENCIA;1
2026;JUNIO;CUADRO JACKET 2.0 CAB;[JAPCA66TXL] CUADRO JACKET 2.0 CAB (XL, VERDE MILITAR);JAPCA66TXL;CAB;Verde Militar;XL;SAMBIL VALENCIA;1
2026;JUNIO;CUADRO JACKET 2.0 DAMA;[JAPDA35TL] CUADRO JACKET 2.0 DAMA (L, Magenta);JAPDA35TL;DAMA;Magenta;L;SAMBIL VALENCIA;1
2026;JUNIO;CUADRO JACKET 2.0 DAMA;[JAPDA01TM] CUADRO JACKET 2.0 DAMA (M, AGUAMARINA);JAPDA01TM;DAMA;Aguamarina;M;GRAND PLAZ;-1
2026;JUNIO;CUADRO JACKET 2.0 DAMA;[JAPDA162TL] CUADRO JACKET 2.0 DAMA (L, Azul Polo);JAPDA162TL;DAMA;Azul Polo;L;GRAND PLAZ;1
2026;JUNIO;CUADRO JACKET 2.0 KIDS;[JAPKI43T12] CUADRO JACKET 2.0 KIDS (12, NEGRO);JAPKI43T12;KIDS;Negro;12;SAMBIL VALENCIA;1
2026;JUNIO;CUADRO JACKET 2.0 CAB;[JAPCA16TL] CUADRO JACKET 2.0 CAB (L, BLANCO);JAPCA16TL;CAB;Blanco;L;SAMBIL VALENCIA;1
2026;JUNIO;CUADRO JACKET 2.0 CAB;[JAPCA01TL] CUADRO JACKET 2.0 CAB (L, AGUAMARINA);JAPCA01TL;CAB;Aguamarina;L;SAMBIL VALENCIA;1
2026;JUNIO;CUADRO JACKET 2.0 CAB;[JAPCA162TL] CUADRO JACKET 2.0 CAB (L, Azul Polo);JAPCA162TL;CAB;Azul Polo;L;SAMBIL VALENCIA;1
2026;JUNIO;CUADRO JACKET 2.0 DAMA;[JAPDA16TS] CUADRO JACKET 2.0 DAMA (S, BLANCO);JAPDA16TS;DAMA;Blanco;S;SAMBIL CHACAO;1
2026;JUNIO;CUADRO JACKET 2.0 CAB;[JAPCA16TL] CUADRO JACKET 2.0 CAB (L, BLANCO);JAPCA16TL;CAB;Blanco;L;SAMBIL CHACAO;1
2026;JUNIO;CUADRO JACKET 2.0 DAMA;[JAPDA35TL] CUADRO JACKET 2.0 DAMA (L, Magenta);JAPDA35TL;DAMA;Magenta;L;GRIETA;1
2026;JUNIO;CUADRO JACKET 2.0 DAMA;[JAPDA16TXS] CUADRO JACKET 2.0 DAMA (XS, BLANCO);JAPDA16TXS;DAMA;Blanco;XS;WEB;1
2026;JUNIO;CUADRO JACKET 2.0 CAB;[JAPCA16TM] CUADRO JACKET 2.0 CAB (M, BLANCO);JAPCA16TM;CAB;Blanco;M;WEB;1
2026;JUNIO;CUADRO JACKET 2.0 KIDS;[JAPKI43T12] CUADRO JACKET 2.0 KIDS (12, NEGRO);JAPKI43T12;KIDS;Negro;12;CERRO VERDE;1
2026;JUNIO;CUADRO JACKET 2.0 DAMA;[JAPDA16TM] CUADRO JACKET 2.0 DAMA (M, BLANCO);JAPDA16TM;DAMA;Blanco;M;GRIETA;1
2026;JUNIO;CUADRO JACKET 2.0 CAB;[JAPCA43TM] CUADRO JACKET 2.0 CAB (M, NEGRO);JAPCA43TM;CAB;Negro;M;SAMBIL CHACAO;1
2026;JUNIO;CUADRO JACKET 2.0 DAMA;[JAPDA162TXS] CUADRO JACKET 2.0 DAMA (XS, Azul Polo);JAPDA162TXS;DAMA;Azul Polo;XS;SAMBIL VALENCIA;1
2026;JUNIO;CUADRO JACKET 2.0 CAB;[JAPCA162TXL] CUADRO JACKET 2.0 CAB (XL, Azul Polo);JAPCA162TXL;CAB;Azul Polo;XL;SAMBIL VALENCIA;1
2026;JUNIO;CUADRO JACKET 2.0 CAB;[JAPCA162TL] CUADRO JACKET 2.0 CAB (L, Azul Polo);JAPCA162TL;CAB;Azul Polo;L;WEB;1
2026;JUNIO;CUADRO JACKET 2.0 DAMA;[JAPDA43TM] CUADRO JACKET 2.0 DAMA (M, NEGRO);JAPDA43TM;DAMA;Negro;M;GRIETA;1
2026;JUNIO;CUADRO JACKET 2.0 DAMA;[JAPDA16TM] CUADRO JACKET 2.0 DAMA (M, BLANCO);JAPDA16TM;DAMA;Blanco;M;GRIETA;1
2026;JUNIO;CUADRO JACKET 2.0 KIDS;[JAPKI162T12] CUADRO JACKET 2.0 KIDS (12, Azul Polo);JAPKI162T12;KIDS;Azul Polo;12;SAMBIL VALENCIA;1
2026;JUNIO;CUADRO JACKET 2.0 CAB;[JAPCA66TXL] CUADRO JACKET 2.0 CAB (XL, VERDE MILITAR);JAPCA66TXL;CAB;Verde Militar;XL;GRIETA;1
2026;JUNIO;CUADRO JACKET 2.0 DAMA;[JAPDA162TS] CUADRO JACKET 2.0 DAMA (S, Azul Polo);JAPDA162TS;DAMA;Azul Polo;S;SAMBIL VALENCIA;1
2026;JUNIO;CUADRO JACKET 2.0 DAMA;[JAPDA16TM] CUADRO JACKET 2.0 DAMA (M, BLANCO);JAPDA16TM;DAMA;Blanco;M;SAMBIL VALENCIA;1
2026;JUNIO;CUADRO JACKET 2.0 DAMA;[JAPDA35TXS] CUADRO JACKET 2.0 DAMA (XS, Magenta);JAPDA35TXS;DAMA;Magenta;XS;SAMBIL VALENCIA;1
2026;JUNIO;CUADRO JACKET 2.0 CAB;[JAPCA43TS] CUADRO JACKET 2.0 CAB (S, NEGRO);JAPCA43TS;CAB;Negro;S;CERRO VERDE;1
2026;JUNIO;CUADRO JACKET 2.0 KIDS;[JAPKI162T2] CUADRO JACKET 2.0 KIDS (2, Azul Polo);JAPKI162T2;KIDS;Azul Polo;2;CERRO VERDE;1
2026;JUNIO;CUADRO JACKET 2.0 KIDS;[JAPKI162T2] CUADRO JACKET 2.0 KIDS (2, Azul Polo);JAPKI162T2;KIDS;Azul Polo;2;CERRO VERDE;-1
2026;JUNIO;CUADRO JACKET 2.0 KIDS;[JAPKI162T12] CUADRO JACKET 2.0 KIDS (12, Azul Polo);JAPKI162T12;KIDS;Azul Polo;12;CERRO VERDE;1
2026;JUNIO;CUADRO JACKET 2.0 CAB;[JAPCA43TM] CUADRO JACKET 2.0 CAB (M, NEGRO);JAPCA43TM;CAB;Negro;M;TOLON;1
2026;JUNIO;CUADRO JACKET 2.0 CAB;[JAPCA162TM] CUADRO JACKET 2.0 CAB (M, Azul Polo);JAPCA162TM;CAB;Azul Polo;M;GRIETA;1
2026;JUNIO;CUADRO JACKET 2.0 DAMA;[JAPDA16TS] CUADRO JACKET 2.0 DAMA (S, BLANCO);JAPDA16TS;DAMA;Blanco;S;CERRO VERDE;1
2026;JUNIO;CUADRO JACKET 2.0 CAB;[JAPCA43TXL] CUADRO JACKET 2.0 CAB (XL, NEGRO);JAPCA43TXL;CAB;Negro;XL;SAMBIL VALENCIA;1
2026;JUNIO;CUADRO JACKET 2.0 DAMA;[JAPDA43TXS] CUADRO JACKET 2.0 DAMA (XS, NEGRO);JAPDA43TXS;DAMA;Negro;XS;SAMBIL VALENCIA;1
2026;JUNIO;CUADRO JACKET 2.0 CAB;[JAPCA43TM] CUADRO JACKET 2.0 CAB (M, NEGRO);JAPCA43TM;CAB;Negro;M;SAMBIL VALENCIA;1
2026;JUNIO;CUADRO JACKET 2.0 DAMA;[JAPDA35TS] CUADRO JACKET 2.0 DAMA (S, Magenta);JAPDA35TS;DAMA;Magenta;S;SAMBIL VALENCIA;1
2026;JUNIO;CUADRO JACKET 2.0 DAMA;[JAPDA43TL] CUADRO JACKET 2.0 DAMA (L, NEGRO);JAPDA43TL;DAMA;Negro;L;SAMBIL VALENCIA;1
2026;JUNIO;CUADRO JACKET 2.0 DAMA;[JAPDA43TXS] CUADRO JACKET 2.0 DAMA (XS, NEGRO);JAPDA43TXS;DAMA;Negro;XS;CERRO VERDE;1
2026;JUNIO;CUADRO JACKET 2.0 CAB;[JAPCA16TS] CUADRO JACKET 2.0 CAB (S, BLANCO);JAPCA16TS;CAB;Blanco;S;SAMBIL CHACAO;1
2026;JUNIO;CUADRO JACKET 2.0 CAB;[JAPCA162TXL] CUADRO JACKET 2.0 CAB (XL, Azul Polo);JAPCA162TXL;CAB;Azul Polo;XL;SAMBIL CHACAO;1
2026;JUNIO;CUADRO JACKET 2.0 CAB;[JAPCA43TM] CUADRO JACKET 2.0 CAB (M, NEGRO);JAPCA43TM;CAB;Negro;M;SAMBIL CHACAO;1
2026;JUNIO;CUADRO JACKET 2.0 DAMA;[JAPDA162TS] CUADRO JACKET 2.0 DAMA (S, Azul Polo);JAPDA162TS;DAMA;Azul Polo;S;SAMBIL CHACAO;1
2026;JUNIO;CUADRO JACKET 2.0 KIDS;[JAPKI43T12] CUADRO JACKET 2.0 KIDS (12, NEGRO);JAPKI43T12;KIDS;Negro;12;SAMBIL CHACAO;1
2026;JUNIO;CUADRO JACKET 2.0 CAB;[JAPCA162TM] CUADRO JACKET 2.0 CAB (M, Azul Polo);JAPCA162TM;CAB;Azul Polo;M;SAMBIL VALENCIA;1
2026;JUNIO;CUADRO JACKET 2.0 DAMA;[JAPDA35TM] CUADRO JACKET 2.0 DAMA (M, Magenta);JAPDA35TM;DAMA;Magenta;M;CERRO VERDE;1
2026;JUNIO;CUADRO JACKET 2.0 DAMA;[JAPDA66TM] CUADRO JACKET 2.0 DAMA (M, VERDE MILITAR);JAPDA66TM;DAMA;Verde Militar;M;CERRO VERDE;1
2026;JUNIO;CUADRO JACKET 2.0 DAMA;[JAPDA43TM] CUADRO JACKET 2.0 DAMA (M, NEGRO);JAPDA43TM;DAMA;Negro;M;CERRO VERDE;1
2026;JUNIO;CUADRO JACKET 2.0 CAB;[JAPCA43TM] CUADRO JACKET 2.0 CAB (M, NEGRO);JAPCA43TM;CAB;Negro;M;SAMBIL CHACAO;1
2026;JUNIO;CUADRO JACKET 2.0 DAMA;[JAPDA35TXL] CUADRO JACKET 2.0 DAMA (XL, Magenta);JAPDA35TXL;DAMA;Magenta;XL;GRIETA;1
2026;JUNIO;CUADRO JACKET 2.0 DAMA;[JAPDA35TXS] CUADRO JACKET 2.0 DAMA (XS, Magenta);JAPDA35TXS;DAMA;Magenta;XS;GRIETA;1
2026;JUNIO;CUADRO JACKET 2.0 DAMA;[JAPDA162TXL] CUADRO JACKET 2.0 DAMA (XL, Azul Polo);JAPDA162TXL;DAMA;Azul Polo;XL;SAMBIL VALENCIA;1
2026;JUNIO;CUADRO JACKET 2.0 CAB;[JAPCA66T2XL] CUADRO JACKET 2.0 CAB (2XL, VERDE MILITAR);JAPCA66T2XL;CAB;Verde Militar;2XL;SAMBIL VALENCIA;1
2026;JUNIO;CUADRO JACKET 2.0 CAB;[JAPCA162TXL] CUADRO JACKET 2.0 CAB (XL, Azul Polo);JAPCA162TXL;CAB;Azul Polo;XL;SAMBIL VALENCIA;1
2026;JUNIO;CUADRO JACKET 2.0 DAMA;[JAPDA01TM] CUADRO JACKET 2.0 DAMA (M, AGUAMARINA);JAPDA01TM;DAMA;Aguamarina;M;SAMBIL CHACAO;1
2026;JUNIO;CUADRO JACKET 2.0 CAB;[JAPCA162TL] CUADRO JACKET 2.0 CAB (L, Azul Polo);JAPCA162TL;CAB;Azul Polo;L;CERRO VERDE;1
2026;JUNIO;CUADRO JACKET 2.0 CAB;[JAPCA43TL] CUADRO JACKET 2.0 CAB (L, NEGRO);JAPCA43TL;CAB;Negro;L;CERRO VERDE;1
2026;JUNIO;CUADRO JACKET 2.0 CAB;[JAPCA16TS] CUADRO JACKET 2.0 CAB (S, BLANCO);JAPCA16TS;CAB;Blanco;S;SAMBIL CHACAO;1
2026;JUNIO;CUADRO JACKET 2.0 CAB;[JAPCA43TS] CUADRO JACKET 2.0 CAB (S, NEGRO);JAPCA43TS;CAB;Negro;S;SAMBIL CHACAO;1
2026;JUNIO;CUADRO JACKET 2.0 DAMA;[JAPDA16TM] CUADRO JACKET 2.0 DAMA (M, BLANCO);JAPDA16TM;DAMA;Blanco;M;SAMBIL CHACAO;1
2026;JUNIO;CUADRO JACKET 2.0 CAB;[JAPCA66TM] CUADRO JACKET 2.0 CAB (M, VERDE MILITAR);JAPCA66TM;CAB;Verde Militar;M;GRIETA;1
2026;JUNIO;CUADRO JACKET 2.0 CAB;[JAPCA43TXL] CUADRO JACKET 2.0 CAB (XL, NEGRO);JAPCA43TXL;CAB;Negro;XL;SAMBIL VALENCIA;1
2026;JUNIO;CUADRO JACKET 2.0 CAB;[JAPCA43TL] CUADRO JACKET 2.0 CAB (L, NEGRO);JAPCA43TL;CAB;Negro;L;CERRO VERDE;1
2026;JUNIO;CUADRO JACKET 2.0 CAB;[JAPCA43TL] CUADRO JACKET 2.0 CAB (L, NEGRO);JAPCA43TL;CAB;Negro;L;SAMBIL VALENCIA;1
2026;JUNIO;CUADRO JACKET 2.0 DAMA;[JAPDA43TXS] CUADRO JACKET 2.0 DAMA (XS, NEGRO);JAPDA43TXS;DAMA;Negro;XS;SAMBIL VALENCIA;1
2026;JUNIO;CUADRO JACKET 2.0 DAMA;[JAPDA43TS] CUADRO JACKET 2.0 DAMA (S, NEGRO);JAPDA43TS;DAMA;Negro;S;CERRO VERDE;1
2026;JUNIO;CUADRO JACKET 2.0 CAB;[JAPCA43TM] CUADRO JACKET 2.0 CAB (M, NEGRO);JAPCA43TM;CAB;Negro;M;SAMBIL VALENCIA;1
2026;JUNIO;CUADRO JACKET 2.0 CAB;[JAPCA43TM] CUADRO JACKET 2.0 CAB (M, NEGRO);JAPCA43TM;CAB;Negro;M;TOLON;1
2026;JUNIO;CUADRO JACKET 2.0 CAB;[JAPCA16TXL] CUADRO JACKET 2.0 CAB (XL, BLANCO);JAPCA16TXL;CAB;Blanco;XL;CERRO VERDE;1
2026;JUNIO;CUADRO JACKET 2.0 DAMA;[JAPDA66TS] CUADRO JACKET 2.0 DAMA (S, VERDE MILITAR);JAPDA66TS;DAMA;Verde Militar;S;SAMBIL VALENCIA;1
2026;JUNIO;CUADRO JACKET 2.0 KIDS;[JAPKI01T12] CUADRO JACKET 2.0 KIDS (12, AGUAMARINA);JAPKI01T12;KIDS;Aguamarina;12;GRIETA;1
2026;JUNIO;CUADRO JACKET 2.0 DAMA;[JAPDA162TXS] CUADRO JACKET 2.0 DAMA (XS, Azul Polo);JAPDA162TXS;DAMA;Azul Polo;XS;SAMBIL VALENCIA;1
2026;JUNIO;CUADRO JACKET 2.0 CAB;[JAPCA43TM] CUADRO JACKET 2.0 CAB (M, NEGRO);JAPCA43TM;CAB;Negro;M;CERRO VERDE;1
2026;JUNIO;CUADRO JACKET 2.0 CAB;[JAPCA162TXL] CUADRO JACKET 2.0 CAB (XL, Azul Polo);JAPCA162TXL;CAB;Azul Polo;XL;CERRO VERDE;1
2026;JUNIO;CUADRO JACKET 2.0 CAB;[JAPCA43TXL] CUADRO JACKET 2.0 CAB (XL, NEGRO);JAPCA43TXL;CAB;Negro;XL;CERRO VERDE;1
2026;JUNIO;CUADRO JACKET 2.0 CAB;[JAPCA162TL] CUADRO JACKET 2.0 CAB (L, Azul Polo);JAPCA162TL;CAB;Azul Polo;L;CERRO VERDE;6
2026;JUNIO;CUADRO JACKET 2.0 CAB;[JAPCA43TL] CUADRO JACKET 2.0 CAB (L, NEGRO);JAPCA43TL;CAB;Negro;L;CERRO VERDE;5
2026;JUNIO;CUADRO JACKET 2.0 CAB;[JAPCA43TXL] CUADRO JACKET 2.0 CAB (XL, NEGRO);JAPCA43TXL;CAB;Negro;XL;GRAND PLAZ;1
2026;JUNIO;CUADRO JACKET 2.0 CAB;[JAPCA43TS] CUADRO JACKET 2.0 CAB (S, NEGRO);JAPCA43TS;CAB;Negro;S;CERRO VERDE;1
2026;JUNIO;CUADRO JACKET 2.0 CAB;[JAPCA16TM] CUADRO JACKET 2.0 CAB (M, BLANCO);JAPCA16TM;CAB;Blanco;M;WEB;1
2026;JUNIO;CUADRO JACKET 2.0 DAMA;[JAPDA43TS] CUADRO JACKET 2.0 DAMA (S, NEGRO);JAPDA43TS;DAMA;Negro;S;GRIETA;1
2026;JUNIO;CUADRO JACKET 2.0 CAB;[JAPCA162TM] CUADRO JACKET 2.0 CAB (M, Azul Polo);JAPCA162TM;CAB;Azul Polo;M;SAMBIL VALENCIA;-1
2026;JUNIO;CUADRO JACKET 2.0 CAB;[JAPCA162TXL] CUADRO JACKET 2.0 CAB (XL, Azul Polo);JAPCA162TXL;CAB;Azul Polo;XL;SAMBIL VALENCIA;1
2026;JUNIO;CUADRO JACKET 2.0 CAB;[JAPCA01TM] CUADRO JACKET 2.0 CAB (M, AGUAMARINA);JAPCA01TM;CAB;Aguamarina;M;SAMBIL VALENCIA;1
2026;JUNIO;CUADRO JACKET 2.0 CAB;[JAPCA66TXL] CUADRO JACKET 2.0 CAB (XL, VERDE MILITAR);JAPCA66TXL;CAB;Verde Militar;XL;GRIETA;-1
2026;JUNIO;CUADRO JACKET 2.0 CAB;[JAPCA16TL] CUADRO JACKET 2.0 CAB (L, BLANCO);JAPCA16TL;CAB;Blanco;L;SAMBIL VALENCIA;1
2026;JUNIO;CUADRO JACKET 2.0 CAB;[JAPCA66T2XL] CUADRO JACKET 2.0 CAB (2XL, VERDE MILITAR);JAPCA66T2XL;CAB;Verde Militar;2XL;GRIETA;1
2026;JUNIO;CUADRO JACKET 2.0 CAB;[JAPCA66T2XL] CUADRO JACKET 2.0 CAB (2XL, VERDE MILITAR);JAPCA66T2XL;CAB;Verde Militar;2XL;SAMBIL CHACAO;1
2026;JUNIO;CUADRO JACKET 2.0 CAB;[JAPCA43T2XL] CUADRO JACKET 2.0 CAB (2XL, NEGRO);JAPCA43T2XL;CAB;Negro;2XL;SAMBIL CHACAO;1
2026;JUNIO;CUADRO JACKET 2.0 DAMA;[JAPDA43TL] CUADRO JACKET 2.0 DAMA (L, NEGRO);JAPDA43TL;DAMA;Negro;L;SAMBIL VALENCIA;1
2026;JUNIO;CUADRO JACKET 2.0 CAB;[JAPCA43TL] CUADRO JACKET 2.0 CAB (L, NEGRO);JAPCA43TL;CAB;Negro;L;SAMBIL VALENCIA;1
2026;JUNIO;CUADRO JACKET 2.0 CAB;[JAPCA162TXL] CUADRO JACKET 2.0 CAB (XL, Azul Polo);JAPCA162TXL;CAB;Azul Polo;XL;SAMBIL CHACAO;1
2026;JUNIO;CUADRO JACKET 2.0 DAMA;[JAPDA162TXS] CUADRO JACKET 2.0 DAMA (XS, Azul Polo);JAPDA162TXS;DAMA;Azul Polo;XS;SAMBIL CHACAO;1
2026;JUNIO;CUADRO JACKET 2.0 DAMA;[JAPDA43TS] CUADRO JACKET 2.0 DAMA (S, NEGRO);JAPDA43TS;DAMA;Negro;S;SAMBIL VALENCIA;1
2026;JUNIO;CUADRO JACKET 2.0 CAB;[JAPCA43TL] CUADRO JACKET 2.0 CAB (L, NEGRO);JAPCA43TL;CAB;Negro;L;GRIETA;1
2026;JUNIO;CUADRO JACKET 2.0 CAB;[JAPCA43TXL] CUADRO JACKET 2.0 CAB (XL, NEGRO);JAPCA43TXL;CAB;Negro;XL;GRIETA;1
2026;JUNIO;CUADRO JACKET 2.0 CAB;[JAPCA43TXL] CUADRO JACKET 2.0 CAB (XL, NEGRO);JAPCA43TXL;CAB;Negro;XL;SAMBIL VALENCIA;1
2026;JUNIO;CUADRO JACKET 2.0 KIDS;[JAPKI162T12] CUADRO JACKET 2.0 KIDS (12, Azul Polo);JAPKI162T12;KIDS;Azul Polo;12;GRIETA;1
2026;JUNIO;CUADRO JACKET 2.0 DAMA;[JAPDA43TM] CUADRO JACKET 2.0 DAMA (M, NEGRO);JAPDA43TM;DAMA;Negro;M;SAMBIL VALENCIA;1
2026;JUNIO;CUADRO JACKET 2.0 DAMA;[JAPDA43TXS] CUADRO JACKET 2.0 DAMA (XS, NEGRO);JAPDA43TXS;DAMA;Negro;XS;SAMBIL VALENCIA;1
2026;JUNIO;CUADRO JACKET 2.0 CAB;[JAPCA162TXL] CUADRO JACKET 2.0 CAB (XL, Azul Polo);JAPCA162TXL;CAB;Azul Polo;XL;GRAND PLAZ;1
2026;JUNIO;CUADRO JACKET 2.0 CAB;[JAPCA162TL] CUADRO JACKET 2.0 CAB (L, Azul Polo);JAPCA162TL;CAB;Azul Polo;L;SAMBIL VALENCIA;1
2026;JUNIO;CUADRO JACKET 2.0 CAB;[JAPCA43TM] CUADRO JACKET 2.0 CAB (M, NEGRO);JAPCA43TM;CAB;Negro;M;WEB;1
2026;JUNIO;CUADRO JACKET 2.0 CAB;[JAPCA43TM] CUADRO JACKET 2.0 CAB (M, NEGRO);JAPCA43TM;CAB;Negro;M;SAMBIL CHACAO;1
2026;JUNIO;CUADRO JACKET 2.0 DAMA;[JAPDA43TS] CUADRO JACKET 2.0 DAMA (S, NEGRO);JAPDA43TS;DAMA;Negro;S;GRIETA;1
2026;JUNIO;CUADRO JACKET 2.0 DAMA;[JAPDA16TM] CUADRO JACKET 2.0 DAMA (M, BLANCO);JAPDA16TM;DAMA;Blanco;M;SAMBIL VALENCIA;1
2026;JUNIO;CUADRO JACKET 2.0 CAB;[JAPCA162TM] CUADRO JACKET 2.0 CAB (M, Azul Polo);JAPCA162TM;CAB;Azul Polo;M;CERRO VERDE;1
2026;JUNIO;CUADRO JACKET 2.0 CAB;[JAPCA66TM] CUADRO JACKET 2.0 CAB (M, VERDE MILITAR);JAPCA66TM;CAB;Verde Militar;M;CERRO VERDE;1
2026;JUNIO;CUADRO JACKET 2.0 CAB;[JAPCA66TM] CUADRO JACKET 2.0 CAB (M, VERDE MILITAR);JAPCA66TM;CAB;Verde Militar;M;SAMBIL VALENCIA;1
2026;JUNIO;CUADRO JACKET 2.0 CAB;[JAPCA16T2XL] CUADRO JACKET 2.0 CAB (2XL, BLANCO);JAPCA16T2XL;CAB;Blanco;2XL;SAMBIL VALENCIA;1
2026;JUNIO;CUADRO JACKET 2.0 CAB;[JAPCA43TM] CUADRO JACKET 2.0 CAB (M, NEGRO);JAPCA43TM;CAB;Negro;M;SAMBIL VALENCIA;1
2026;JUNIO;CUADRO JACKET 2.0 DAMA;[JAPDA35TXS] CUADRO JACKET 2.0 DAMA (XS, Magenta);JAPDA35TXS;DAMA;Magenta;XS;GRIETA;1
2026;JUNIO;CUADRO JACKET 2.0 CAB;[JAPCA66TM] CUADRO JACKET 2.0 CAB (M, VERDE MILITAR);JAPCA66TM;CAB;Verde Militar;M;WEB;1
2026;JUNIO;CUADRO JACKET 2.0 CAB;[JAPCA162TL] CUADRO JACKET 2.0 CAB (L, Azul Polo);JAPCA162TL;CAB;Azul Polo;L;SAMBIL VALENCIA;1
2026;JUNIO;CUADRO JACKET 2.0 CAB;[JAPCA43TL] CUADRO JACKET 2.0 CAB (L, NEGRO);JAPCA43TL;CAB;Negro;L;CERRO VERDE;1
2026;JUNIO;CUADRO JACKET 2.0 CAB;[JAPCA162TL] CUADRO JACKET 2.0 CAB (L, Azul Polo);JAPCA162TL;CAB;Azul Polo;L;CERRO VERDE;1
2026;JUNIO;CUADRO JACKET 2.0 DAMA;[JAPDA16TL] CUADRO JACKET 2.0 DAMA (L, BLANCO);JAPDA16TL;DAMA;Blanco;L;SAMBIL CHACAO;1
2026;JUNIO;CUADRO JACKET 2.0 CAB;[JAPCA66TL] CUADRO JACKET 2.0 CAB (L, VERDE MILITAR);JAPCA66TL;CAB;Verde Militar;L;SAMBIL CHACAO;1
2026;JUNIO;CUADRO JACKET 2.0 CAB;[JAPCA162TM] CUADRO JACKET 2.0 CAB (M, Azul Polo);JAPCA162TM;CAB;Azul Polo;M;CERRO VERDE;1
2026;JUNIO;CUADRO JACKET 2.0 CAB;[JAPCA43TS] CUADRO JACKET 2.0 CAB (S, NEGRO);JAPCA43TS;CAB;Negro;S;SAMBIL CHACAO;1
2026;JUNIO;CUADRO JACKET 2.0 DAMA;[JAPDA43TXS] CUADRO JACKET 2.0 DAMA (XS, NEGRO);JAPDA43TXS;DAMA;Negro;XS;SAMBIL CHACAO;1
2026;JUNIO;CUADRO JACKET 2.0 CAB;[JAPCA162TXL] CUADRO JACKET 2.0 CAB (XL, Azul Polo);JAPCA162TXL;CAB;Azul Polo;XL;SAMBIL CHACAO;1
2026;JUNIO;CUADRO JACKET 2.0 CAB;[JAPCA43TL] CUADRO JACKET 2.0 CAB (L, NEGRO);JAPCA43TL;CAB;Negro;L;SAMBIL VALENCIA;1
2026;JUNIO;CUADRO JACKET 2.0 CAB;[JAPCA66TL] CUADRO JACKET 2.0 CAB (L, VERDE MILITAR);JAPCA66TL;CAB;Verde Militar;L;SAMBIL VALENCIA;1
2026;JUNIO;CUADRO JACKET 2.0 CAB;[JAPCA66TL] CUADRO JACKET 2.0 CAB (L, VERDE MILITAR);JAPCA66TL;CAB;Verde Militar;L;WEB;1
2026;JUNIO;CUADRO JACKET 2.0 CAB;[JAPCA162TXL] CUADRO JACKET 2.0 CAB (XL, Azul Polo);JAPCA162TXL;CAB;Azul Polo;XL;SAMBIL VALENCIA;1
2026;JUNIO;CUADRO JACKET 2.0 DAMA;[JAPDA01TL] CUADRO JACKET 2.0 DAMA (L, AGUAMARINA);JAPDA01TL;DAMA;Aguamarina;L;SAMBIL VALENCIA;1
2026;JUNIO;CUADRO JACKET 2.0 CAB;[JAPCA43TM] CUADRO JACKET 2.0 CAB (M, NEGRO);JAPCA43TM;CAB;Negro;M;GRIETA;2
2026;JUNIO;CUADRO JACKET 2.0 CAB;[JAPCA43TL] CUADRO JACKET 2.0 CAB (L, NEGRO);JAPCA43TL;CAB;Negro;L;SAMBIL CHACAO;1
2026;JUNIO;CUADRO JACKET 2.0 DAMA;[JAPDA16TXS] CUADRO JACKET 2.0 DAMA (XS, BLANCO);JAPDA16TXS;DAMA;Blanco;XS;GRAND PLAZ;1
2026;JUNIO;CUADRO JACKET 2.0 CAB;[JAPCA43TL] CUADRO JACKET 2.0 CAB (L, NEGRO);JAPCA43TL;CAB;Negro;L;GRAND PLAZ;1
2026;JUNIO;CUADRO JACKET 2.0 CAB;[JAPCA43TXL] CUADRO JACKET 2.0 CAB (XL, NEGRO);JAPCA43TXL;CAB;Negro;XL;CERRO VERDE;1
2026;JUNIO;CUADRO JACKET 2.0 CAB;[JAPCA162TXL] CUADRO JACKET 2.0 CAB (XL, Azul Polo);JAPCA162TXL;CAB;Azul Polo;XL;SAMBIL VALENCIA;1
2026;JUNIO;CUADRO JACKET 2.0 CAB;[JAPCA162TL] CUADRO JACKET 2.0 CAB (L, Azul Polo);JAPCA162TL;CAB;Azul Polo;L;SAMBIL CHACAO;1
2026;JUNIO;CUADRO JACKET 2.0 CAB;[JAPCA162TM] CUADRO JACKET 2.0 CAB (M, Azul Polo);JAPCA162TM;CAB;Azul Polo;M;CERRO VERDE;1
2026;JUNIO;CUADRO JACKET 2.0 CAB;[JAPCA162TXL] CUADRO JACKET 2.0 CAB (XL, Azul Polo);JAPCA162TXL;CAB;Azul Polo;XL;SAMBIL VALENCIA;1
2026;JUNIO;CUADRO JACKET 2.0 CAB;[JAPCA16TM] CUADRO JACKET 2.0 CAB (M, BLANCO);JAPCA16TM;CAB;Blanco;M;SAMBIL CHACAO;1
2026;JUNIO;CUADRO JACKET 2.0 CAB;[JAPCA66TL] CUADRO JACKET 2.0 CAB (L, VERDE MILITAR);JAPCA66TL;CAB;Verde Militar;L;SAMBIL CHACAO;1
2026;JUNIO;CUADRO JACKET 2.0 CAB;[JAPCA43TL] CUADRO JACKET 2.0 CAB (L, NEGRO);JAPCA43TL;CAB;Negro;L;SAMBIL CHACAO;1
2026;JUNIO;CUADRO JACKET 2.0 CAB;[JAPCA43TXL] CUADRO JACKET 2.0 CAB (XL, NEGRO);JAPCA43TXL;CAB;Negro;XL;SAMBIL CHACAO;1
2026;JUNIO;CUADRO JACKET 2.0 CAB;[JAPCA162TXL] CUADRO JACKET 2.0 CAB (XL, Azul Polo);JAPCA162TXL;CAB;Azul Polo;XL;SAMBIL CHACAO;1
2026;JUNIO;CUADRO JACKET 2.0 CAB;[JAPCA162TXL] CUADRO JACKET 2.0 CAB (XL, Azul Polo);JAPCA162TXL;CAB;Azul Polo;XL;CERRO VERDE;1
2026;JUNIO;CUADRO JACKET 2.0 DAMA;[JAPDA01TS] CUADRO JACKET 2.0 DAMA (S, AGUAMARINA);JAPDA01TS;DAMA;Aguamarina;S;CERRO VERDE;1
2026;JUNIO;CUADRO JACKET 2.0 CAB;[JAPCA66T2XL] CUADRO JACKET 2.0 CAB (2XL, VERDE MILITAR);JAPCA66T2XL;CAB;Verde Militar;2XL;TOLON;1
2026;JUNIO;CUADRO JACKET 2.0 DAMA;[JAPDA43TL] CUADRO JACKET 2.0 DAMA (L, NEGRO);JAPDA43TL;DAMA;Negro;L;SAMBIL VALENCIA;1
2026;JUNIO;CUADRO JACKET 2.0 CAB;[JAPCA162TXL] CUADRO JACKET 2.0 CAB (XL, Azul Polo);JAPCA162TXL;CAB;Azul Polo;XL;CERRO VERDE;1
2026;JUNIO;CUADRO JACKET 2.0 CAB;[JAPCA162TS] CUADRO JACKET 2.0 CAB (S, Azul Polo);JAPCA162TS;CAB;Azul Polo;S;CERRO VERDE;1
2026;JUNIO;CUADRO JACKET 2.0 DAMA;[JAPDA43TS] CUADRO JACKET 2.0 DAMA (S, NEGRO);JAPDA43TS;DAMA;Negro;S;SAMBIL VALENCIA;1
2026;JUNIO;CUADRO JACKET 2.0 CAB;[JAPCA43TM] CUADRO JACKET 2.0 CAB (M, NEGRO);JAPCA43TM;CAB;Negro;M;SAMBIL VALENCIA;1
2026;JUNIO;CUADRO JACKET 2.0 CAB;[JAPCA66TXL] CUADRO JACKET 2.0 CAB (XL, VERDE MILITAR);JAPCA66TXL;CAB;Verde Militar;XL;SAMBIL VALENCIA;1
2026;JUNIO;CUADRO JACKET 2.0 KIDS;[JAPKI01T4] CUADRO JACKET 2.0 KIDS (4, AGUAMARINA);JAPKI01T4;KIDS;Aguamarina;4;SAMBIL VALENCIA;1
2026;JUNIO;CUADRO JACKET 2.0 CAB;[JAPCA66TL] CUADRO JACKET 2.0 CAB (L, VERDE MILITAR);JAPCA66TL;CAB;Verde Militar;L;SAMBIL CHACAO;1
2026;JUNIO;CUADRO JACKET 2.0 CAB;[JAPCA66TL] CUADRO JACKET 2.0 CAB (L, VERDE MILITAR);JAPCA66TL;CAB;Verde Militar;L;CERRO VERDE;1
2026;JUNIO;CUADRO JACKET 2.0 CAB;[JAPCA162TM] CUADRO JACKET 2.0 CAB (M, Azul Polo);JAPCA162TM;CAB;Azul Polo;M;SAMBIL VALENCIA;1
2026;JUNIO;CUADRO JACKET 2.0 KIDS;[JAPKI162T12] CUADRO JACKET 2.0 KIDS (12, Azul Polo);JAPKI162T12;KIDS;Azul Polo;12;TOLON;1
2026;JUNIO;CUADRO JACKET 2.0 KIDS;[JAPKI35T10] CUADRO JACKET 2.0 KIDS (10, Magenta);JAPKI35T10;KIDS;Magenta;10;TOLON;1
2026;JUNIO;CUADRO JACKET 2.0 CAB;[JAPCA162TM] CUADRO JACKET 2.0 CAB (M, Azul Polo);JAPCA162TM;CAB;Azul Polo;M;CERRO VERDE;1
2026;JUNIO;CUADRO JACKET 2.0 CAB;[JAPCA16TM] CUADRO JACKET 2.0 CAB (M, BLANCO);JAPCA16TM;CAB;Blanco;M;SAMBIL CHACAO;1
2026;JUNIO;CUADRO JACKET 2.0 DAMA;[JAPDA16TS] CUADRO JACKET 2.0 DAMA (S, BLANCO);JAPDA16TS;DAMA;Blanco;S;SAMBIL CHACAO;1
2026;JUNIO;CUADRO JACKET 2.0 CAB;[JAPCA43TXL] CUADRO JACKET 2.0 CAB (XL, NEGRO);JAPCA43TXL;CAB;Negro;XL;SAMBIL CHACAO;1
2026;JUNIO;CUADRO JACKET 2.0 CAB;[JAPCA16TXL] CUADRO JACKET 2.0 CAB (XL, BLANCO);JAPCA16TXL;CAB;Blanco;XL;TOLON;1
2026;JUNIO;CUADRO JACKET 2.0 CAB;[JAPCA162TS] CUADRO JACKET 2.0 CAB (S, Azul Polo);JAPCA162TS;CAB;Azul Polo;S;SAMBIL VALENCIA;1
2026;JUNIO;CUADRO JACKET 2.0 CAB;[JAPCA66TL] CUADRO JACKET 2.0 CAB (L, VERDE MILITAR);JAPCA66TL;CAB;Verde Militar;L;CERRO VERDE;1
2026;JUNIO;CUADRO JACKET 2.0 DAMA;[JAPDA162TM] CUADRO JACKET 2.0 DAMA (M, Azul Polo);JAPDA162TM;DAMA;Azul Polo;M;SAMBIL CHACAO;1
2026;JUNIO;CUADRO JACKET 2.0 CAB;[JAPCA43TXL] CUADRO JACKET 2.0 CAB (XL, NEGRO);JAPCA43TXL;CAB;Negro;XL;GRIETA;1
2026;JUNIO;CUADRO JACKET 2.0 CAB;[JAPCA16TXL] CUADRO JACKET 2.0 CAB (XL, BLANCO);JAPCA16TXL;CAB;Blanco;XL;PEDIDOS;1
2026;JUNIO;CUADRO JACKET 2.0 CAB;[JAPCA16TS] CUADRO JACKET 2.0 CAB (S, BLANCO);JAPCA16TS;CAB;Blanco;S;PEDIDOS;1
2026;JUNIO;CUADRO JACKET 2.0 CAB;[JAPCA66TM] CUADRO JACKET 2.0 CAB (M, VERDE MILITAR);JAPCA66TM;CAB;Verde Militar;M;PEDIDOS;1
2026;JUNIO;CUADRO JACKET 2.0 CAB;[JAPCA16TXL] CUADRO JACKET 2.0 CAB (XL, BLANCO);JAPCA16TXL;CAB;Blanco;XL;PEDIDOS;1
2026;JUNIO;CUADRO JACKET 2.0 CAB;[JAPCA43TXL] CUADRO JACKET 2.0 CAB (XL, NEGRO);JAPCA43TXL;CAB;Negro;XL;SAMBIL VALENCIA;1
2026;JUNIO;CUADRO JACKET 2.0 CAB;[JAPCA16TM] CUADRO JACKET 2.0 CAB (M, BLANCO);JAPCA16TM;CAB;Blanco;M;PEDIDOS;1
2026;JUNIO;CUADRO JACKET 2.0 CAB;[JAPCA43TM] CUADRO JACKET 2.0 CAB (M, NEGRO);JAPCA43TM;CAB;Negro;M;SAMBIL CHACAO;1
2026;JUNIO;CUADRO JACKET 2.0 CAB;[JAPCA162TXL] CUADRO JACKET 2.0 CAB (XL, Azul Polo);JAPCA162TXL;CAB;Azul Polo;XL;PEDIDOS;1
2026;JUNIO;CUADRO JACKET 2.0 CAB;[JAPCA43TXL] CUADRO JACKET 2.0 CAB (XL, NEGRO);JAPCA43TXL;CAB;Negro;XL;LA VELA;1
2026;JUNIO;CUADRO JACKET 2.0 CAB;[JAPCA162TM] CUADRO JACKET 2.0 CAB (M, Azul Polo);JAPCA162TM;CAB;Azul Polo;M;SAMBIL CHACAO;1
2026;JUNIO;CUADRO JACKET 2.0 DAMA;[JAPDA162TXS] CUADRO JACKET 2.0 DAMA (XS, Azul Polo);JAPDA162TXS;DAMA;Azul Polo;XS;SAMBIL CHACAO;1
2026;JUNIO;CUADRO JACKET 2.0 CAB;[JAPCA43TL] CUADRO JACKET 2.0 CAB (L, NEGRO);JAPCA43TL;CAB;Negro;L;GRIETA;1
2026;JUNIO;CUADRO JACKET 2.0 CAB;[JAPCA162TM] CUADRO JACKET 2.0 CAB (M, Azul Polo);JAPCA162TM;CAB;Azul Polo;M;SAMBIL VALENCIA;1
2026;JUNIO;CUADRO JACKET 2.0 CAB;[JAPCA43TXL] CUADRO JACKET 2.0 CAB (XL, NEGRO);JAPCA43TXL;CAB;Negro;XL;WEB;1
2026;JUNIO;CUADRO JACKET 2.0 CAB;[JAPCA162TXL] CUADRO JACKET 2.0 CAB (XL, Azul Polo);JAPCA162TXL;CAB;Azul Polo;XL;GRIETA;1
2026;JUNIO;CUADRO JACKET 2.0 KIDS;[JAPKI35T12] CUADRO JACKET 2.0 KIDS (12, Magenta);JAPKI35T12;KIDS;Magenta;12;CERRO VERDE;1
2026;JUNIO;CUADRO JACKET 2.0 CAB;[JAPCA162TL] CUADRO JACKET 2.0 CAB (L, Azul Polo);JAPCA162TL;CAB;Azul Polo;L;SAMBIL CHACAO;1
2026;JUNIO;CUADRO JACKET 2.0 CAB;[JAPCA66TS] CUADRO JACKET 2.0 CAB (S, VERDE MILITAR);JAPCA66TS;CAB;Verde Militar;S;SAMBIL VALENCIA;1
2026;JUNIO;CUADRO JACKET 2.0 CAB;[JAPCA43TL] CUADRO JACKET 2.0 CAB (L, NEGRO);JAPCA43TL;CAB;Negro;L;SAMBIL VALENCIA;1
2026;JUNIO;CUADRO JACKET 2.0 DAMA;[JAPDA43TXS] CUADRO JACKET 2.0 DAMA (XS, NEGRO);JAPDA43TXS;DAMA;Negro;XS;SAMBIL VALENCIA;1
2026;JUNIO;CUADRO JACKET 2.0 CAB;[JAPCA16TXL] CUADRO JACKET 2.0 CAB (XL, BLANCO);JAPCA16TXL;CAB;Blanco;XL;SAMBIL CHACAO;1
2026;JUNIO;CUADRO JACKET 2.0 DAMA;[JAPDA66TXL] CUADRO JACKET 2.0 DAMA (XL, VERDE MILITAR);JAPDA66TXL;DAMA;Verde Militar;XL;GRAND PLAZ;1
2026;JUNIO;CUADRO JACKET 2.0 DAMA;[JAPDA162TXS] CUADRO JACKET 2.0 DAMA (XS, Azul Polo);JAPDA162TXS;DAMA;Azul Polo;XS;CERRO VERDE;1
2026;JUNIO;CUADRO JACKET 2.0 CAB;[JAPCA162TL] CUADRO JACKET 2.0 CAB (L, Azul Polo);JAPCA162TL;CAB;Azul Polo;L;SAMBIL CHACAO;1
2026;JUNIO;CUADRO JACKET 2.0 DAMA;[JAPDA16TS] CUADRO JACKET 2.0 DAMA (S, BLANCO);JAPDA16TS;DAMA;Blanco;S;SAMBIL VALENCIA;1
2026;JUNIO;CUADRO JACKET 2.0 CAB;[JAPCA16TXL] CUADRO JACKET 2.0 CAB (XL, BLANCO);JAPCA16TXL;CAB;Blanco;XL;GRIETA;1
2026;JUNIO;CUADRO JACKET 2.0 CAB;[JAPCA16TL] CUADRO JACKET 2.0 CAB (L, BLANCO);JAPCA16TL;CAB;Blanco;L;GRIETA;1
2026;JUNIO;CUADRO JACKET 2.0 CAB;[JAPCA66TL] CUADRO JACKET 2.0 CAB (L, VERDE MILITAR);JAPCA66TL;CAB;Verde Militar;L;GRIETA;1
2026;JUNIO;CUADRO JACKET 2.0 CAB;[JAPCA66TXL] CUADRO JACKET 2.0 CAB (XL, VERDE MILITAR);JAPCA66TXL;CAB;Verde Militar;XL;GRIETA;1
2026;JUNIO;CUADRO JACKET 2.0 CAB;[JAPCA43TXL] CUADRO JACKET 2.0 CAB (XL, NEGRO);JAPCA43TXL;CAB;Negro;XL;GRIETA;1
2026;JUNIO;CUADRO JACKET 2.0 CAB;[JAPCA43TL] CUADRO JACKET 2.0 CAB (L, NEGRO);JAPCA43TL;CAB;Negro;L;GRIETA;1
2026;JUNIO;CUADRO JACKET 2.0 CAB;[JAPCA43TM] CUADRO JACKET 2.0 CAB (M, NEGRO);JAPCA43TM;CAB;Negro;M;SAMBIL VALENCIA;1
2026;JUNIO;CUADRO JACKET 2.0 CAB;[JAPCA01T2XL] CUADRO JACKET 2.0 CAB (2XL, AGUAMARINA);JAPCA01T2XL;CAB;Aguamarina;2XL;SAMBIL VALENCIA;1
2026;JUNIO;CUADRO JACKET 2.0 DAMA;[JAPDA43TXL] CUADRO JACKET 2.0 DAMA (XL, NEGRO);JAPDA43TXL;DAMA;Negro;XL;CERRO VERDE;1
2026;JUNIO;CUADRO JACKET 2.0 CAB;[JAPCA43TL] CUADRO JACKET 2.0 CAB (L, NEGRO);JAPCA43TL;CAB;Negro;L;CERRO VERDE;1
2026;JUNIO;CUADRO JACKET 2.0 CAB;[JAPCA66TL] CUADRO JACKET 2.0 CAB (L, VERDE MILITAR);JAPCA66TL;CAB;Verde Militar;L;SAMBIL CHACAO;1
2026;JUNIO;CUADRO JACKET 2.0 CAB;[JAPCA162TS] CUADRO JACKET 2.0 CAB (S, Azul Polo);JAPCA162TS;CAB;Azul Polo;S;SAMBIL CHACAO;1
2026;JUNIO;CUADRO JACKET 2.0 CAB;[JAPCA162TM] CUADRO JACKET 2.0 CAB (M, Azul Polo);JAPCA162TM;CAB;Azul Polo;M;SAMBIL CHACAO;1
2026;JUNIO;CUADRO JACKET 2.0 CAB;[JAPCA43T2XL] CUADRO JACKET 2.0 CAB (2XL, NEGRO);JAPCA43T2XL;CAB;Negro;2XL;SAMBIL CHACAO;1
2026;JUNIO;CUADRO JACKET 2.0 KIDS;[JAPKI162T12] CUADRO JACKET 2.0 KIDS (12, Azul Polo);JAPKI162T12;KIDS;Azul Polo;12;TOLON;1
2026;JUNIO;CUADRO JACKET 2.0 CAB;[JAPCA162TXL] CUADRO JACKET 2.0 CAB (XL, Azul Polo);JAPCA162TXL;CAB;Azul Polo;XL;TOLON;1
2026;JUNIO;CUADRO JACKET 2.0 CAB;[JAPCA43TS] CUADRO JACKET 2.0 CAB (S, NEGRO);JAPCA43TS;CAB;Negro;S;SAMBIL VALENCIA;1
2026;JUNIO;CUADRO JACKET 2.0 CAB;[JAPCA66TL] CUADRO JACKET 2.0 CAB (L, VERDE MILITAR);JAPCA66TL;CAB;Verde Militar;L;SAMBIL CHACAO;1
2026;JUNIO;CUADRO JACKET 2.0 DAMA;[JAPDA162TS] CUADRO JACKET 2.0 DAMA (S, Azul Polo);JAPDA162TS;DAMA;Azul Polo;S;TOLON;1
2026;JUNIO;CUADRO JACKET 2.0 DAMA;[JAPDA162TM] CUADRO JACKET 2.0 DAMA (M, Azul Polo);JAPDA162TM;DAMA;Azul Polo;M;SAMBIL VALENCIA;1
2026;JUNIO;CUADRO JACKET 2.0 CAB;[JAPCA162TL] CUADRO JACKET 2.0 CAB (L, Azul Polo);JAPCA162TL;CAB;Azul Polo;L;SAMBIL CHACAO;1
2026;JUNIO;CUADRO JACKET 2.0 DAMA;[JAPDA35TS] CUADRO JACKET 2.0 DAMA (S, Magenta);JAPDA35TS;DAMA;Magenta;S;TOLON;1
2026;JUNIO;CUADRO JACKET 2.0 CAB;[JAPCA43T2XL] CUADRO JACKET 2.0 CAB (2XL, NEGRO);JAPCA43T2XL;CAB;Negro;2XL;LA VELA;1
2026;JUNIO;CUADRO JACKET 2.0 CAB;[JAPCA162TS] CUADRO JACKET 2.0 CAB (S, Azul Polo);JAPCA162TS;CAB;Azul Polo;S;SAMBIL VALENCIA;1
2026;JUNIO;CUADRO JACKET 2.0 CAB;[JAPCA43TL] CUADRO JACKET 2.0 CAB (L, NEGRO);JAPCA43TL;CAB;Negro;L;SAMBIL VALENCIA;1
2026;JUNIO;CUADRO JACKET 2.0 CAB;[JAPCA16TM] CUADRO JACKET 2.0 CAB (M, BLANCO);JAPCA16TM;CAB;Blanco;M;CERRO VERDE;1
2026;JUNIO;CUADRO JACKET 2.0 CAB;[JAPCA43T2XL] CUADRO JACKET 2.0 CAB (2XL, NEGRO);JAPCA43T2XL;CAB;Negro;2XL;SAMBIL VALENCIA;1
2026;JUNIO;CUADRO JACKET 2.0 CAB;[JAPCA43TS] CUADRO JACKET 2.0 CAB (S, NEGRO);JAPCA43TS;CAB;Negro;S;SAMBIL VALENCIA;1
2026;JUNIO;CUADRO JACKET 2.0 DAMA;[JAPDA35TL] CUADRO JACKET 2.0 DAMA (L, Magenta);JAPDA35TL;DAMA;Magenta;L;SAMBIL VALENCIA;1
2026;JUNIO;CUADRO JACKET 2.0 DAMA;[JAPDA16TS] CUADRO JACKET 2.0 DAMA (S, BLANCO);JAPDA16TS;DAMA;Blanco;S;SAMBIL VALENCIA;1
2026;JUNIO;CUADRO JACKET 2.0 CAB;[JAPCA66TXL] CUADRO JACKET 2.0 CAB (XL, VERDE MILITAR);JAPCA66TXL;CAB;Verde Militar;XL;SAMBIL VALENCIA;1
2026;JUNIO;CUADRO JACKET 2.0 DAMA;[JAPDA16TXS] CUADRO JACKET 2.0 DAMA (XS, BLANCO);JAPDA16TXS;DAMA;Blanco;XS;SAMBIL VALENCIA;1
2026;JUNIO;CUADRO JACKET 2.0 CAB;[JAPCA43T2XL] CUADRO JACKET 2.0 CAB (2XL, NEGRO);JAPCA43T2XL;CAB;Negro;2XL;SAMBIL VALENCIA;1
2026;JUNIO;CUADRO JACKET 2.0 CAB;[JAPCA162TM] CUADRO JACKET 2.0 CAB (M, Azul Polo);JAPCA162TM;CAB;Azul Polo;M;LA VELA;1
2026;JUNIO;CUADRO JACKET 2.0 CAB;[JAPCA162TM] CUADRO JACKET 2.0 CAB (M, Azul Polo);JAPCA162TM;CAB;Azul Polo;M;LA VELA;-1
2026;JUNIO;CUADRO JACKET 2.0 CAB;[JAPCA162TM] CUADRO JACKET 2.0 CAB (M, Azul Polo);JAPCA162TM;CAB;Azul Polo;M;LA VELA;1
2026;JUNIO;CUADRO JACKET 2.0 DAMA;[JAPDA35TXS] CUADRO JACKET 2.0 DAMA (XS, Magenta);JAPDA35TXS;DAMA;Magenta;XS;SAMBIL VALENCIA;1
2026;JUNIO;CUADRO JACKET 2.0 CAB;[JAPCA43TM] CUADRO JACKET 2.0 CAB (M, NEGRO);JAPCA43TM;CAB;Negro;M;SAMBIL VALENCIA;1
2026;JUNIO;CUADRO JACKET 2.0 CAB;[JAPCA43TL] CUADRO JACKET 2.0 CAB (L, NEGRO);JAPCA43TL;CAB;Negro;L;SAMBIL VALENCIA;1
2026;JUNIO;CUADRO JACKET 2.0 DAMA;[JAPDA43TS] CUADRO JACKET 2.0 DAMA (S, NEGRO);JAPDA43TS;DAMA;Negro;S;GRAND PLAZ;1
2026;JUNIO;CUADRO JACKET 2.0 CAB;[JAPCA162TXL] CUADRO JACKET 2.0 CAB (XL, Azul Polo);JAPCA162TXL;CAB;Azul Polo;XL;CERRO VERDE;1
2026;JUNIO;CUADRO JACKET 2.0 CAB;[JAPCA01TL] CUADRO JACKET 2.0 CAB (L, AGUAMARINA);JAPCA01TL;CAB;Aguamarina;L;CERRO VERDE;1
2026;JUNIO;CUADRO JACKET 2.0 CAB;[JAPCA162TXL] CUADRO JACKET 2.0 CAB (XL, Azul Polo);JAPCA162TXL;CAB;Azul Polo;XL;GRIETA;1
2026;JUNIO;CUADRO JACKET 2.0 CAB;[JAPCA43TL] CUADRO JACKET 2.0 CAB (L, NEGRO);JAPCA43TL;CAB;Negro;L;GRIETA;1
2026;JUNIO;CUADRO JACKET 2.0 KIDS;[JAPKI43T12] CUADRO JACKET 2.0 KIDS (12, NEGRO);JAPKI43T12;KIDS;Negro;12;GRIETA;1
2026;JUNIO;CUADRO JACKET 2.0 DAMA;[JAPDA162TS] CUADRO JACKET 2.0 DAMA (S, Azul Polo);JAPDA162TS;DAMA;Azul Polo;S;GRIETA;1
2026;JUNIO;CUADRO JACKET 2.0 CAB;[JAPCA66TM] CUADRO JACKET 2.0 CAB (M, VERDE MILITAR);JAPCA66TM;CAB;Verde Militar;M;SAMBIL CHACAO;2
2026;JUNIO;CUADRO JACKET 2.0 CAB;[JAPCA66TL] CUADRO JACKET 2.0 CAB (L, VERDE MILITAR);JAPCA66TL;CAB;Verde Militar;L;SAMBIL CHACAO;1
2026;JUNIO;CUADRO JACKET 2.0 DAMA;[JAPDA66TS] CUADRO JACKET 2.0 DAMA (S, VERDE MILITAR);JAPDA66TS;DAMA;Verde Militar;S;SAMBIL CHACAO;2
2026;JUNIO;CUADRO JACKET 2.0 CAB;[JAPCA162TM] CUADRO JACKET 2.0 CAB (M, Azul Polo);JAPCA162TM;CAB;Azul Polo;M;SAMBIL CHACAO;1
2026;JUNIO;CUADRO JACKET 2.0 CAB;[JAPCA66TL] CUADRO JACKET 2.0 CAB (L, VERDE MILITAR);JAPCA66TL;CAB;Verde Militar;L;SAMBIL CHACAO;1
2026;JUNIO;CUADRO JACKET 2.0 KIDS;[JAPKI35T8] CUADRO JACKET 2.0 KIDS (8, Magenta);JAPKI35T8;KIDS;Magenta;8;GRIETA;1
2026;JUNIO;CUADRO JACKET 2.0 DAMA;[JAPDA35TS] CUADRO JACKET 2.0 DAMA (S, Magenta);JAPDA35TS;DAMA;Magenta;S;GRIETA;1
2026;JUNIO;CUADRO JACKET 2.0 CAB;[JAPCA162T2XL] CUADRO JACKET 2.0 CAB (2XL, Azul Polo);JAPCA162T2XL;CAB;Azul Polo;2XL;SAMBIL CHACAO;1
2026;JUNIO;CUADRO JACKET 2.0 CAB;[JAPCA66T2XL] CUADRO JACKET 2.0 CAB (2XL, VERDE MILITAR);JAPCA66T2XL;CAB;Verde Militar;2XL;SAMBIL CHACAO;1
2026;JUNIO;CUADRO JACKET 2.0 CAB;[JAPCA43TM] CUADRO JACKET 2.0 CAB (M, NEGRO);JAPCA43TM;CAB;Negro;M;SAMBIL VALENCIA;1
2026;JUNIO;CUADRO JACKET 2.0 CAB;[JAPCA43T2XL] CUADRO JACKET 2.0 CAB (2XL, NEGRO);JAPCA43T2XL;CAB;Negro;2XL;SAMBIL VALENCIA;1
2026;JUNIO;CUADRO JACKET 2.0 CAB;[JAPCA162TL] CUADRO JACKET 2.0 CAB (L, Azul Polo);JAPCA162TL;CAB;Azul Polo;L;CERRO VERDE;1
2026;JUNIO;CUADRO JACKET 2.0 CAB;[JAPCA43TM] CUADRO JACKET 2.0 CAB (M, NEGRO);JAPCA43TM;CAB;Negro;M;GRIETA;1
2026;JUNIO;CUADRO JACKET 2.0 CAB;[JAPCA162TL] CUADRO JACKET 2.0 CAB (L, Azul Polo);JAPCA162TL;CAB;Azul Polo;L;GRAND PLAZ;1
2026;JUNIO;CUADRO JACKET 2.0 DAMA;[JAPDA66TL] CUADRO JACKET 2.0 DAMA (L, VERDE MILITAR);JAPDA66TL;DAMA;Verde Militar;L;TOLON;1
2026;JUNIO;CUADRO JACKET 2.0 KIDS;[JAPKI35T12] CUADRO JACKET 2.0 KIDS (12, Magenta);JAPKI35T12;KIDS;Magenta;12;CERRO VERDE;1
2026;JUNIO;CUADRO JACKET 2.0 KIDS;[JAPKI162T4] CUADRO JACKET 2.0 KIDS (4, Azul Polo);JAPKI162T4;KIDS;Azul Polo;4;CERRO VERDE;1
2026;JUNIO;CUADRO JACKET 2.0 KIDS;[JAPKI43T6] CUADRO JACKET 2.0 KIDS (6, NEGRO);JAPKI43T6;KIDS;Negro;6;CERRO VERDE;1
2026;JUNIO;CUADRO JACKET 2.0 CAB;[JAPCA43TM] CUADRO JACKET 2.0 CAB (M, NEGRO);JAPCA43TM;CAB;Negro;M;GRIETA;1
2026;JUNIO;CUADRO JACKET 2.0 CAB;[JAPCA66TM] CUADRO JACKET 2.0 CAB (M, VERDE MILITAR);JAPCA66TM;CAB;Verde Militar;M;LA VELA;1
2026;JUNIO;CUADRO JACKET 2.0 CAB;[JAPCA66TL] CUADRO JACKET 2.0 CAB (L, VERDE MILITAR);JAPCA66TL;CAB;Verde Militar;L;SAMBIL CHACAO;1
2026;JUNIO;CUADRO JACKET 2.0 CAB;[JAPCA66TXL] CUADRO JACKET 2.0 CAB (XL, VERDE MILITAR);JAPCA66TXL;CAB;Verde Militar;XL;SAMBIL VALENCIA;1
2026;JUNIO;CUADRO JACKET 2.0 CAB;[JAPCA16TM] CUADRO JACKET 2.0 CAB (M, BLANCO);JAPCA16TM;CAB;Blanco;M;SAMBIL CHACAO;1
2026;JUNIO;CUADRO JACKET 2.0 CAB;[JAPCA66TS] CUADRO JACKET 2.0 CAB (S, VERDE MILITAR);JAPCA66TS;CAB;Verde Militar;S;SAMBIL VALENCIA;1
2026;JUNIO;CUADRO JACKET 2.0 CAB;[JAPCA162TXL] CUADRO JACKET 2.0 CAB (XL, Azul Polo);JAPCA162TXL;CAB;Azul Polo;XL;SAMBIL VALENCIA;1
2026;JUNIO;CUADRO JACKET 2.0 CAB;[JAPCA43TXL] CUADRO JACKET 2.0 CAB (XL, NEGRO);JAPCA43TXL;CAB;Negro;XL;SAMBIL VALENCIA;1
2026;JUNIO;CUADRO JACKET 2.0 DAMA;[JAPDA35TM] CUADRO JACKET 2.0 DAMA (M, Magenta);JAPDA35TM;DAMA;Magenta;M;SAMBIL VALENCIA;1
2026;JUNIO;CUADRO JACKET 2.0 DAMA;[JAPDA66TS] CUADRO JACKET 2.0 DAMA (S, VERDE MILITAR);JAPDA66TS;DAMA;Verde Militar;S;CERRO VERDE;1
2026;JUNIO;CUADRO JACKET 2.0 CAB;[JAPCA66TL] CUADRO JACKET 2.0 CAB (L, VERDE MILITAR);JAPCA66TL;CAB;Verde Militar;L;CERRO VERDE;1
2026;JUNIO;CUADRO JACKET 2.0 CAB;[JAPCA43TXL] CUADRO JACKET 2.0 CAB (XL, NEGRO);JAPCA43TXL;CAB;Negro;XL;GRIETA;1
2026;JUNIO;CUADRO JACKET 2.0 CAB;[JAPCA43TM] CUADRO JACKET 2.0 CAB (M, NEGRO);JAPCA43TM;CAB;Negro;M;SAMBIL VALENCIA;1
2026;JUNIO;CUADRO JACKET 2.0 DAMA;[JAPDA35TM] CUADRO JACKET 2.0 DAMA (M, Magenta);JAPDA35TM;DAMA;Magenta;M;SAMBIL VALENCIA;1
2026;JUNIO;CUADRO JACKET 2.0 CAB;[JAPCA162TL] CUADRO JACKET 2.0 CAB (L, Azul Polo);JAPCA162TL;CAB;Azul Polo;L;SAMBIL VALENCIA;1
2026;JUNIO;CUADRO JACKET 2.0 CAB;[JAPCA162TL] CUADRO JACKET 2.0 CAB (L, Azul Polo);JAPCA162TL;CAB;Azul Polo;L;CERRO VERDE;1
2026;JUNIO;CUADRO JACKET 2.0 DAMA;[JAPDA43TM] CUADRO JACKET 2.0 DAMA (M, NEGRO);JAPDA43TM;DAMA;Negro;M;SAMBIL VALENCIA;1
2026;JUNIO;CUADRO JACKET 2.0 CAB;[JAPCA43TL] CUADRO JACKET 2.0 CAB (L, NEGRO);JAPCA43TL;CAB;Negro;L;SAMBIL VALENCIA;1
2026;JUNIO;CUADRO JACKET 2.0 CAB;[JAPCA66TXL] CUADRO JACKET 2.0 CAB (XL, VERDE MILITAR);JAPCA66TXL;CAB;Verde Militar;XL;CERRO VERDE;1
2026;JUNIO;CUADRO JACKET 2.0 KIDS;[JAPKI162T4] CUADRO JACKET 2.0 KIDS (4, Azul Polo);JAPKI162T4;KIDS;Azul Polo;4;TOLON;1
2026;JUNIO;CUADRO JACKET 2.0 CAB;[JAPCA43TXL] CUADRO JACKET 2.0 CAB (XL, NEGRO);JAPCA43TXL;CAB;Negro;XL;GRIETA;-1
2026;JUNIO;CUADRO JACKET 2.0 CAB;[JAPCA66TM] CUADRO JACKET 2.0 CAB (M, VERDE MILITAR);JAPCA66TM;CAB;Verde Militar;M;SAMBIL CHACAO;1
2026;JUNIO;CUADRO JACKET 2.0 DAMA;[JAPDA35TM] CUADRO JACKET 2.0 DAMA (M, Magenta);JAPDA35TM;DAMA;Magenta;M;CERRO VERDE;1
2026;JUNIO;CUADRO JACKET 2.0 CAB;[JAPCA43TXL] CUADRO JACKET 2.0 CAB (XL, NEGRO);JAPCA43TXL;CAB;Negro;XL;CERRO VERDE;1
2026;JUNIO;CUADRO JACKET 2.0 CAB;[JAPCA43TL] CUADRO JACKET 2.0 CAB (L, NEGRO);JAPCA43TL;CAB;Negro;L;LA VELA;1
2026;JUNIO;CUADRO JACKET 2.0 CAB;[JAPCA43TXL] CUADRO JACKET 2.0 CAB (XL, NEGRO);JAPCA43TXL;CAB;Negro;XL;SAMBIL CHACAO;1
2026;JUNIO;CUADRO JACKET 2.0 CAB;[JAPCA162TM] CUADRO JACKET 2.0 CAB (M, Azul Polo);JAPCA162TM;CAB;Azul Polo;M;SAMBIL CHACAO;1
2026;JUNIO;CUADRO JACKET 2.0 CAB;[JAPCA66TXL] CUADRO JACKET 2.0 CAB (XL, VERDE MILITAR);JAPCA66TXL;CAB;Verde Militar;XL;SAMBIL VALENCIA;1
2026;JUNIO;CUADRO JACKET 2.0 CAB;[JAPCA43TL] CUADRO JACKET 2.0 CAB (L, NEGRO);JAPCA43TL;CAB;Negro;L;GRIETA;1
2026;JUNIO;CUADRO JACKET 2.0 KIDS;[JAPKI35T12] CUADRO JACKET 2.0 KIDS (12, Magenta);JAPKI35T12;KIDS;Magenta;12;GRIETA;1
2026;JUNIO;CUADRO JACKET 2.0 CAB;[JAPCA162TL] CUADRO JACKET 2.0 CAB (L, Azul Polo);JAPCA162TL;CAB;Azul Polo;L;GRIETA;1
2026;JUNIO;CUADRO JACKET 2.0 CAB;[JAPCA162TM] CUADRO JACKET 2.0 CAB (M, Azul Polo);JAPCA162TM;CAB;Azul Polo;M;SAMBIL CHACAO;-1
2026;JUNIO;CUADRO JACKET 2.0 CAB;[JAPCA162T2XL] CUADRO JACKET 2.0 CAB (2XL, Azul Polo);JAPCA162T2XL;CAB;Azul Polo;2XL;CERRO VERDE;1
2026;JUNIO;CUADRO JACKET 2.0 CAB;[JAPCA43T2XL] CUADRO JACKET 2.0 CAB (2XL, NEGRO);JAPCA43T2XL;CAB;Negro;2XL;CERRO VERDE;1
2026;JUNIO;CUADRO JACKET 2.0 CAB;[JAPCA162TM] CUADRO JACKET 2.0 CAB (M, Azul Polo);JAPCA162TM;CAB;Azul Polo;M;SAMBIL CHACAO;1
2026;JUNIO;CUADRO JACKET 2.0 CAB;[JAPCA66TL] CUADRO JACKET 2.0 CAB (L, VERDE MILITAR);JAPCA66TL;CAB;Verde Militar;L;LA VELA;1
2026;JUNIO;CUADRO JACKET 2.0 CAB;[JAPCA162T2XL] CUADRO JACKET 2.0 CAB (2XL, Azul Polo);JAPCA162T2XL;CAB;Azul Polo;2XL;TOLON;1
2026;JUNIO;CUADRO JACKET 2.0 DAMA;[JAPDA66TS] CUADRO JACKET 2.0 DAMA (S, VERDE MILITAR);JAPDA66TS;DAMA;Verde Militar;S;CERRO VERDE;1
2026;JUNIO;CUADRO JACKET 2.0 DAMA;[JAPDA43TS] CUADRO JACKET 2.0 DAMA (S, NEGRO);JAPDA43TS;DAMA;Negro;S;SAMBIL VALENCIA;1
2026;JUNIO;CUADRO JACKET 2.0 DAMA;[JAPDA35TM] CUADRO JACKET 2.0 DAMA (M, Magenta);JAPDA35TM;DAMA;Magenta;M;CERRO VERDE;-1
2026;JUNIO;CUADRO JACKET 2.0 DAMA;[JAPDA35TS] CUADRO JACKET 2.0 DAMA (S, Magenta);JAPDA35TS;DAMA;Magenta;S;CERRO VERDE;1
2026;JUNIO;CUADRO JACKET 2.0 DAMA;[JAPDA43TM] CUADRO JACKET 2.0 DAMA (M, NEGRO);JAPDA43TM;DAMA;Negro;M;LA VELA;1
2026;JUNIO;CUADRO JACKET 2.0 CAB;[JAPCA16TS] CUADRO JACKET 2.0 CAB (S, BLANCO);JAPCA16TS;CAB;Blanco;S;SAMBIL CHACAO;1
2026;JUNIO;CUADRO JACKET 2.0 CAB;[JAPCA66TXL] CUADRO JACKET 2.0 CAB (XL, VERDE MILITAR);JAPCA66TXL;CAB;Verde Militar;XL;SAMBIL VALENCIA;1
2026;JUNIO;CUADRO JACKET 2.0 CAB;[JAPCA43TXL] CUADRO JACKET 2.0 CAB (XL, NEGRO);JAPCA43TXL;CAB;Negro;XL;SAMBIL VALENCIA;1
2026;JUNIO;CUADRO JACKET 2.0 CAB;[JAPCA162TL] CUADRO JACKET 2.0 CAB (L, Azul Polo);JAPCA162TL;CAB;Azul Polo;L;SAMBIL CHACAO;1
2026;JUNIO;CUADRO JACKET 2.0 CAB;[JAPCA43T2XL] CUADRO JACKET 2.0 CAB (2XL, NEGRO);JAPCA43T2XL;CAB;Negro;2XL;SAMBIL VALENCIA;1
2026;JUNIO;CUADRO JACKET 2.0 CAB;[JAPCA162T2XL] CUADRO JACKET 2.0 CAB (2XL, Azul Polo);JAPCA162T2XL;CAB;Azul Polo;2XL;CERRO VERDE;1
2026;JUNIO;CUADRO JACKET 2.0 CAB;[JAPCA43TXL] CUADRO JACKET 2.0 CAB (XL, NEGRO);JAPCA43TXL;CAB;Negro;XL;SAMBIL VALENCIA;1
2026;JUNIO;CUADRO JACKET 2.0 DAMA;[JAPDA43TXS] CUADRO JACKET 2.0 DAMA (XS, NEGRO);JAPDA43TXS;DAMA;Negro;XS;SAMBIL VALENCIA;1
2026;JUNIO;CUADRO JACKET 2.0 KIDS;[JAPKI35T10] CUADRO JACKET 2.0 KIDS (10, Magenta);JAPKI35T10;KIDS;Magenta;10;SAMBIL VALENCIA;1
2026;JUNIO;CUADRO JACKET 2.0 DAMA;[JAPDA01TM] CUADRO JACKET 2.0 DAMA (M, AGUAMARINA);JAPDA01TM;DAMA;Aguamarina;M;LA VELA;1
2026;JUNIO;CUADRO JACKET 2.0 CAB;[JAPCA43T2XL] CUADRO JACKET 2.0 CAB (2XL, NEGRO);JAPCA43T2XL;CAB;Negro;2XL;SAMBIL CHACAO;1
2026;JUNIO;CUADRO JACKET 2.0 CAB;[JAPCA43TM] CUADRO JACKET 2.0 CAB (M, NEGRO);JAPCA43TM;CAB;Negro;M;SAMBIL CHACAO;1
2026;JUNIO;CUADRO JACKET 2.0 DAMA;[JAPDA01TXL] CUADRO JACKET 2.0 DAMA (XL, AGUAMARINA);JAPDA01TXL;DAMA;Aguamarina;XL;SAMBIL VALENCIA;1
2026;JUNIO;CUADRO JACKET 2.0 CAB;[JAPCA16TM] CUADRO JACKET 2.0 CAB (M, BLANCO);JAPCA16TM;CAB;Blanco;M;GRIETA;1
2026;JUNIO;CUADRO JACKET 2.0 CAB;[JAPCA162TXL] CUADRO JACKET 2.0 CAB (XL, Azul Polo);JAPCA162TXL;CAB;Azul Polo;XL;SAMBIL CHACAO;1
2026;JUNIO;CUADRO JACKET 2.0 CAB;[JAPCA162TL] CUADRO JACKET 2.0 CAB (L, Azul Polo);JAPCA162TL;CAB;Azul Polo;L;GRIETA;1
2026;JUNIO;CUADRO JACKET 2.0 CAB;[JAPCA162TXL] CUADRO JACKET 2.0 CAB (XL, Azul Polo);JAPCA162TXL;CAB;Azul Polo;XL;TOLON;1
2026;JUNIO;CUADRO JACKET 2.0 CAB;[JAPCA43TL] CUADRO JACKET 2.0 CAB (L, NEGRO);JAPCA43TL;CAB;Negro;L;SAMBIL CHACAO;1
2026;JUNIO;CUADRO JACKET 2.0 CAB;[JAPCA162TM] CUADRO JACKET 2.0 CAB (M, Azul Polo);JAPCA162TM;CAB;Azul Polo;M;SAMBIL VALENCIA;1
2026;JUNIO;CUADRO JACKET 2.0 CAB;[JAPCA66TL] CUADRO JACKET 2.0 CAB (L, VERDE MILITAR);JAPCA66TL;CAB;Verde Militar;L;SAMBIL CHACAO;1
2026;JUNIO;CUADRO JACKET 2.0 CAB;[JAPCA162TM] CUADRO JACKET 2.0 CAB (M, Azul Polo);JAPCA162TM;CAB;Azul Polo;M;SAMBIL VALENCIA;1
2026;JUNIO;CUADRO JACKET 2.0 CAB;[JAPCA66T2XL] CUADRO JACKET 2.0 CAB (2XL, VERDE MILITAR);JAPCA66T2XL;CAB;Verde Militar;2XL;SAMBIL CHACAO;1
2026;JUNIO;CUADRO JACKET 2.0 KIDS;[JAPKI43T12] CUADRO JACKET 2.0 KIDS (12, NEGRO);JAPKI43T12;KIDS;Negro;12;LA VELA;1
2026;JUNIO;CUADRO JACKET 2.0 KIDS;[JAPKI01T12] CUADRO JACKET 2.0 KIDS (12, AGUAMARINA);JAPKI01T12;KIDS;Aguamarina;12;LA VELA;1
2026;JUNIO;CUADRO JACKET 2.0 CAB;[JAPCA162T2XL] CUADRO JACKET 2.0 CAB (2XL, Azul Polo);JAPCA162T2XL;CAB;Azul Polo;2XL;SAMBIL VALENCIA;1
2026;JUNIO;CUADRO JACKET 2.0 KIDS;[JAPKI43T8] CUADRO JACKET 2.0 KIDS (8, NEGRO);JAPKI43T8;KIDS;Negro;8;CERRO VERDE;1
2026;JUNIO;CUADRO JACKET 2.0 DAMA;[JAPDA01TXS] CUADRO JACKET 2.0 DAMA (XS, AGUAMARINA);JAPDA01TXS;DAMA;Aguamarina;XS;CERRO VERDE;1
2026;JUNIO;CUADRO JACKET 2.0 DAMA;[JAPDA162TXS] CUADRO JACKET 2.0 DAMA (XS, Azul Polo);JAPDA162TXS;DAMA;Azul Polo;XS;CERRO VERDE;1
2026;JUNIO;CUADRO JACKET 2.0 KIDS;[JAPKI01T12] CUADRO JACKET 2.0 KIDS (12, AGUAMARINA);JAPKI01T12;KIDS;Aguamarina;12;CERRO VERDE;1
2026;JUNIO;CUADRO JACKET 2.0 CAB;[JAPCA162TL] CUADRO JACKET 2.0 CAB (L, Azul Polo);JAPCA162TL;CAB;Azul Polo;L;SAMBIL CHACAO;1
2026;JUNIO;CUADRO JACKET 2.0 CAB;[JAPCA43T2XL] CUADRO JACKET 2.0 CAB (2XL, NEGRO);JAPCA43T2XL;CAB;Negro;2XL;GRIETA;1
2026;JUNIO;CUADRO JACKET 2.0 DAMA;[JAPDA16TL] CUADRO JACKET 2.0 DAMA (L, BLANCO);JAPDA16TL;DAMA;Blanco;L;GRIETA;1
2026;JUNIO;CUADRO JACKET 2.0 CAB;[JAPCA66TXL] CUADRO JACKET 2.0 CAB (XL, VERDE MILITAR);JAPCA66TXL;CAB;Verde Militar;XL;GRIETA;1
2026;JUNIO;CUADRO JACKET 2.0 CAB;[JAPCA16T2XL] CUADRO JACKET 2.0 CAB (2XL, BLANCO);JAPCA16T2XL;CAB;Blanco;2XL;GRIETA;1
2026;JUNIO;CUADRO JACKET 2.0 DAMA;[JAPDA35TL] CUADRO JACKET 2.0 DAMA (L, Magenta);JAPDA35TL;DAMA;Magenta;L;CERRO VERDE;1
2026;JUNIO;CUADRO JACKET 2.0 CAB;[JAPCA66T2XL] CUADRO JACKET 2.0 CAB (2XL, VERDE MILITAR);JAPCA66T2XL;CAB;Verde Militar;2XL;CERRO VERDE;1
2026;JUNIO;CUADRO JACKET 2.0 KIDS;[JAPKI43T4] CUADRO JACKET 2.0 KIDS (4, NEGRO);JAPKI43T4;KIDS;Negro;4;LA VELA;1
2026;JUNIO;CUADRO JACKET 2.0 CAB;[JAPCA16TL] CUADRO JACKET 2.0 CAB (L, BLANCO);JAPCA16TL;CAB;Blanco;L;CERRO VERDE;1
2026;JUNIO;CUADRO JACKET 2.0 DAMA;[JAPDA43TS] CUADRO JACKET 2.0 DAMA (S, NEGRO);JAPDA43TS;DAMA;Negro;S;GRIETA;1
2026;JUNIO;CUADRO JACKET 2.0 CAB;[JAPCA16TM] CUADRO JACKET 2.0 CAB (M, BLANCO);JAPCA16TM;CAB;Blanco;M;CERRO VERDE;2
2026;JUNIO;CUADRO JACKET 2.0 CAB;[JAPCA66TM] CUADRO JACKET 2.0 CAB (M, VERDE MILITAR);JAPCA66TM;CAB;Verde Militar;M;CERRO VERDE;1
2026;JUNIO;CUADRO JACKET 2.0 CAB;[JAPCA66TS] CUADRO JACKET 2.0 CAB (S, VERDE MILITAR);JAPCA66TS;CAB;Verde Militar;S;SAMBIL VALENCIA;1
2026;JUNIO;CUADRO JACKET 2.0 CAB;[JAPCA43TS] CUADRO JACKET 2.0 CAB (S, NEGRO);JAPCA43TS;CAB;Negro;S;SAMBIL VALENCIA;1
2026;JUNIO;CUADRO JACKET 2.0 CAB;[JAPCA66TM] CUADRO JACKET 2.0 CAB (M, VERDE MILITAR);JAPCA66TM;CAB;Verde Militar;M;SAMBIL CHACAO;1
2026;JUNIO;CUADRO JACKET 2.0 DAMA;[JAPDA162TS] CUADRO JACKET 2.0 DAMA (S, Azul Polo);JAPDA162TS;DAMA;Azul Polo;S;CERRO VERDE;1
2026;JUNIO;CUADRO JACKET 2.0 CAB;[JAPCA162TM] CUADRO JACKET 2.0 CAB (M, Azul Polo);JAPCA162TM;CAB;Azul Polo;M;CERRO VERDE;1
2026;JUNIO;CUADRO JACKET 2.0 DAMA;[JAPDA43TM] CUADRO JACKET 2.0 DAMA (M, NEGRO);JAPDA43TM;DAMA;Negro;M;SAMBIL VALENCIA;1
2026;JUNIO;CUADRO JACKET 2.0 CAB;[JAPCA43TM] CUADRO JACKET 2.0 CAB (M, NEGRO);JAPCA43TM;CAB;Negro;M;SAMBIL CHACAO;1
2026;JUNIO;CUADRO JACKET 2.0 DAMA;[JAPDA43TXL] CUADRO JACKET 2.0 DAMA (XL, NEGRO);JAPDA43TXL;DAMA;Negro;XL;SAMBIL CHACAO;1
2026;JUNIO;CUADRO JACKET 2.0 DAMA;[JAPDA162TL] CUADRO JACKET 2.0 DAMA (L, Azul Polo);JAPDA162TL;DAMA;Azul Polo;L;SAMBIL CHACAO;1
2026;JUNIO;CUADRO JACKET 2.0 CAB;[JAPCA43TM] CUADRO JACKET 2.0 CAB (M, NEGRO);JAPCA43TM;CAB;Negro;M;SAMBIL CHACAO;1
2026;JUNIO;CUADRO JACKET 2.0 DAMA;[JAPDA01TL] CUADRO JACKET 2.0 DAMA (L, AGUAMARINA);JAPDA01TL;DAMA;Aguamarina;L;SAMBIL CHACAO;1
2026;JUNIO;CUADRO JACKET 2.0 DAMA;[JAPDA43TS] CUADRO JACKET 2.0 DAMA (S, NEGRO);JAPDA43TS;DAMA;Negro;S;SAMBIL CHACAO;2
2026;JUNIO;CUADRO JACKET 2.0 KIDS;[JAPKI162T4] CUADRO JACKET 2.0 KIDS (4, Azul Polo);JAPKI162T4;KIDS;Azul Polo;4;CERRO VERDE;1
2026;JUNIO;CUADRO JACKET 2.0 KIDS;[JAPKI162T8] CUADRO JACKET 2.0 KIDS (8, Azul Polo);JAPKI162T8;KIDS;Azul Polo;8;CERRO VERDE;1
2026;JUNIO;CUADRO JACKET 2.0 DAMA;[JAPDA66TS] CUADRO JACKET 2.0 DAMA (S, VERDE MILITAR);JAPDA66TS;DAMA;Verde Militar;S;SAMBIL VALENCIA;1
2026;JUNIO;CUADRO JACKET 2.0 CAB;[JAPCA162T2XL] CUADRO JACKET 2.0 CAB (2XL, Azul Polo);JAPCA162T2XL;CAB;Azul Polo;2XL;CERRO VERDE;1
2026;JUNIO;CUADRO JACKET 2.0 CAB;[JAPCA66T2XL] CUADRO JACKET 2.0 CAB (2XL, VERDE MILITAR);JAPCA66T2XL;CAB;Verde Militar;2XL;CERRO VERDE;1
2026;JUNIO;CUADRO JACKET 2.0 DAMA;[JAPDA66TM] CUADRO JACKET 2.0 DAMA (M, VERDE MILITAR);JAPDA66TM;DAMA;Verde Militar;M;CERRO VERDE;1
2026;JUNIO;CUADRO JACKET 2.0 DAMA;[JAPDA43TM] CUADRO JACKET 2.0 DAMA (M, NEGRO);JAPDA43TM;DAMA;Negro;M;CERRO VERDE;1
2026;JUNIO;CUADRO JACKET 2.0 CAB;[JAPCA66TS] CUADRO JACKET 2.0 CAB (S, VERDE MILITAR);JAPCA66TS;CAB;Verde Militar;S;SAMBIL CHACAO;1
2026;JUNIO;CUADRO JACKET 2.0 CAB;[JAPCA162T2XL] CUADRO JACKET 2.0 CAB (2XL, Azul Polo);JAPCA162T2XL;CAB;Azul Polo;2XL;SAMBIL CHACAO;1
2026;JUNIO;CUADRO JACKET 2.0 CAB;[JAPCA43TS] CUADRO JACKET 2.0 CAB (S, NEGRO);JAPCA43TS;CAB;Negro;S;SAMBIL VALENCIA;1
2026;JUNIO;CUADRO JACKET 2.0 CAB;[JAPCA16TL] CUADRO JACKET 2.0 CAB (L, BLANCO);JAPCA16TL;CAB;Blanco;L;LA VELA;1
2026;JUNIO;CUADRO JACKET 2.0 DAMA;[JAPDA16TL] CUADRO JACKET 2.0 DAMA (L, BLANCO);JAPDA16TL;DAMA;Blanco;L;LA VELA;1
2026;JUNIO;CUADRO JACKET 2.0 CAB;[JAPCA43TL] CUADRO JACKET 2.0 CAB (L, NEGRO);JAPCA43TL;CAB;Negro;L;LA VELA;1
2026;JUNIO;CUADRO JACKET 2.0 DAMA;[JAPDA16TL] CUADRO JACKET 2.0 DAMA (L, BLANCO);JAPDA16TL;DAMA;Blanco;L;GRIETA;1
2026;JUNIO;CUADRO JACKET 2.0 CAB;[JAPCA162TXL] CUADRO JACKET 2.0 CAB (XL, Azul Polo);JAPCA162TXL;CAB;Azul Polo;XL;GRIETA;1
2026;JUNIO;CUADRO JACKET 2.0 CAB;[JAPCA66TL] CUADRO JACKET 2.0 CAB (L, VERDE MILITAR);JAPCA66TL;CAB;Verde Militar;L;GRIETA;1
2026;JUNIO;CUADRO JACKET 2.0 CAB;[JAPCA43TXL] CUADRO JACKET 2.0 CAB (XL, NEGRO);JAPCA43TXL;CAB;Negro;XL;GRIETA;1
2026;JUNIO;CUADRO JACKET 2.0 CAB;[JAPCA43TS] CUADRO JACKET 2.0 CAB (S, NEGRO);JAPCA43TS;CAB;Negro;S;SAMBIL VALENCIA;1
2026;JUNIO;CUADRO JACKET 2.0 CAB;[JAPCA16TM] CUADRO JACKET 2.0 CAB (M, BLANCO);JAPCA16TM;CAB;Blanco;M;SAMBIL VALENCIA;1
2026;JUNIO;CUADRO JACKET 2.0 DAMA;[JAPDA162TM] CUADRO JACKET 2.0 DAMA (M, Azul Polo);JAPDA162TM;DAMA;Azul Polo;M;GRIETA;1
2026;JUNIO;CUADRO JACKET 2.0 KIDS;[JAPKI162T12] CUADRO JACKET 2.0 KIDS (12, Azul Polo);JAPKI162T12;KIDS;Azul Polo;12;CERRO VERDE;1
2026;JUNIO;CUADRO JACKET 2.0 KIDS;[JAPKI162T4] CUADRO JACKET 2.0 KIDS (4, Azul Polo);JAPKI162T4;KIDS;Azul Polo;4;CERRO VERDE;1
2026;JUNIO;CUADRO JACKET 2.0 KIDS;[JAPKI162T8] CUADRO JACKET 2.0 KIDS (8, Azul Polo);JAPKI162T8;KIDS;Azul Polo;8;CERRO VERDE;1
2026;JUNIO;CUADRO JACKET 2.0 CAB;[JAPCA162T2XL] CUADRO JACKET 2.0 CAB (2XL, Azul Polo);JAPCA162T2XL;CAB;Azul Polo;2XL;TOLON;-1
2026;JUNIO;CUADRO JACKET 2.0 DAMA;[JAPDA43TM] CUADRO JACKET 2.0 DAMA (M, NEGRO);JAPDA43TM;DAMA;Negro;M;SAMBIL VALENCIA;1
2026;JUNIO;CUADRO JACKET 2.0 CAB;[JAPCA162TL] CUADRO JACKET 2.0 CAB (L, Azul Polo);JAPCA162TL;CAB;Azul Polo;L;CERRO VERDE;1
2026;JUNIO;CUADRO JACKET 2.0 DAMA;[JAPDA16TM] CUADRO JACKET 2.0 DAMA (M, BLANCO);JAPDA16TM;DAMA;Blanco;M;SAMBIL CHACAO;1
2026;JUNIO;CUADRO JACKET 2.0 CAB;[JAPCA162TS] CUADRO JACKET 2.0 CAB (S, Azul Polo);JAPCA162TS;CAB;Azul Polo;S;SAMBIL CHACAO;1
2026;JUNIO;CUADRO JACKET 2.0 KIDS;[JAPKI43T12] CUADRO JACKET 2.0 KIDS (12, NEGRO);JAPKI43T12;KIDS;Negro;12;LA VELA;1
2026;JUNIO;CUADRO JACKET 2.0 KIDS;[JAPKI162T12] CUADRO JACKET 2.0 KIDS (12, Azul Polo);JAPKI162T12;KIDS;Azul Polo;12;TOLON;1
2026;JUNIO;CUADRO JACKET 2.0 DAMA;[JAPDA66TM] CUADRO JACKET 2.0 DAMA (M, VERDE MILITAR);JAPDA66TM;DAMA;Verde Militar;M;SAMBIL CHACAO;1
2026;JUNIO;CUADRO JACKET 2.0 KIDS;[JAPKI43T12] CUADRO JACKET 2.0 KIDS (12, NEGRO);JAPKI43T12;KIDS;Negro;12;CERRO VERDE;1
2026;JUNIO;CUADRO JACKET 2.0 DAMA;[JAPDA16TXL] CUADRO JACKET 2.0 DAMA (XL, BLANCO);JAPDA16TXL;DAMA;Blanco;XL;CERRO VERDE;1
2026;JUNIO;CUADRO JACKET 2.0 CAB;[JAPCA16TL] CUADRO JACKET 2.0 CAB (L, BLANCO);JAPCA16TL;CAB;Blanco;L;SAMBIL CHACAO;1
2026;JUNIO;CUADRO JACKET 2.0 CAB;[JAPCA01T2XL] CUADRO JACKET 2.0 CAB (2XL, AGUAMARINA);JAPCA01T2XL;CAB;Aguamarina;2XL;LA VELA;1
2026;JUNIO;CUADRO JACKET 2.0 CAB;[JAPCA16TS] CUADRO JACKET 2.0 CAB (S, BLANCO);JAPCA16TS;CAB;Blanco;S;WEB;1
2026;JUNIO;CUADRO JACKET 2.0 DAMA;[JAPDA16TXS] CUADRO JACKET 2.0 DAMA (XS, BLANCO);JAPDA16TXS;DAMA;Blanco;XS;SAMBIL CHACAO;1
2026;JUNIO;CUADRO JACKET 2.0 DAMA;[JAPDA43TXS] CUADRO JACKET 2.0 DAMA (XS, NEGRO);JAPDA43TXS;DAMA;Negro;XS;LA VELA;1
2026;JUNIO;CUADRO JACKET 2.0 DAMA;[JAPDA16TXS] CUADRO JACKET 2.0 DAMA (XS, BLANCO);JAPDA16TXS;DAMA;Blanco;XS;SAMBIL CHACAO;-1
2026;JUNIO;CUADRO JACKET 2.0 DAMA;[JAPDA16TS] CUADRO JACKET 2.0 DAMA (S, BLANCO);JAPDA16TS;DAMA;Blanco;S;SAMBIL CHACAO;1
2026;JUNIO;CUADRO JACKET 2.0 KIDS;[JAPKI35T12] CUADRO JACKET 2.0 KIDS (12, Magenta);JAPKI35T12;KIDS;Magenta;12;LA VELA;1
2026;JUNIO;CUADRO JACKET 2.0 DAMA;[JAPDA16TM] CUADRO JACKET 2.0 DAMA (M, BLANCO);JAPDA16TM;DAMA;Blanco;M;SAMBIL VALENCIA;1
2026;JUNIO;CUADRO JACKET 2.0 CAB;[JAPCA162TM] CUADRO JACKET 2.0 CAB (M, Azul Polo);JAPCA162TM;CAB;Azul Polo;M;GRIETA;1
2026;JUNIO;CUADRO JACKET 2.0 CAB;[JAPCA162TL] CUADRO JACKET 2.0 CAB (L, Azul Polo);JAPCA162TL;CAB;Azul Polo;L;GRIETA;1
2026;JUNIO;CUADRO JACKET 2.0 CAB;[JAPCA162TS] CUADRO JACKET 2.0 CAB (S, Azul Polo);JAPCA162TS;CAB;Azul Polo;S;GRIETA;1
2026;JUNIO;CUADRO JACKET 2.0 CAB;[JAPCA66TM] CUADRO JACKET 2.0 CAB (M, VERDE MILITAR);JAPCA66TM;CAB;Verde Militar;M;CERRO VERDE;1
2026;JUNIO;CUADRO JACKET 2.0 CAB;[JAPCA162TL] CUADRO JACKET 2.0 CAB (L, Azul Polo);JAPCA162TL;CAB;Azul Polo;L;SAMBIL VALENCIA;1
2026;JUNIO;CUADRO JACKET 2.0 DAMA;[JAPDA162TL] CUADRO JACKET 2.0 DAMA (L, Azul Polo);JAPDA162TL;DAMA;Azul Polo;L;SAMBIL VALENCIA;1
2026;JUNIO;CUADRO JACKET 2.0 CAB;[JAPCA66TM] CUADRO JACKET 2.0 CAB (M, VERDE MILITAR);JAPCA66TM;CAB;Verde Militar;M;SAMBIL VALENCIA;1
2026;JUNIO;CUADRO JACKET 2.0 CAB;[JAPCA43TS] CUADRO JACKET 2.0 CAB (S, NEGRO);JAPCA43TS;CAB;Negro;S;LA VELA;1
2026;JUNIO;CUADRO JACKET 2.0 CAB;[JAPCA162TL] CUADRO JACKET 2.0 CAB (L, Azul Polo);JAPCA162TL;CAB;Azul Polo;L;LA VELA;1
2026;JUNIO;CUADRO JACKET 2.0 DAMA;[JAPDA43TXS] CUADRO JACKET 2.0 DAMA (XS, NEGRO);JAPDA43TXS;DAMA;Negro;XS;GRAND PLAZ;1
2026;JUNIO;CUADRO JACKET 2.0 CAB;[JAPCA43TL] CUADRO JACKET 2.0 CAB (L, NEGRO);JAPCA43TL;CAB;Negro;L;CERRO VERDE;1
2026;JUNIO;CUADRO JACKET 2.0 CAB;[JAPCA43TM] CUADRO JACKET 2.0 CAB (M, NEGRO);JAPCA43TM;CAB;Negro;M;LA VELA;1
2026;JUNIO;CUADRO JACKET 2.0 CAB;[JAPCA43TS] CUADRO JACKET 2.0 CAB (S, NEGRO);JAPCA43TS;CAB;Negro;S;SAMBIL VALENCIA;-1
2026;JUNIO;CUADRO JACKET 2.0 CAB;[JAPCA43TS] CUADRO JACKET 2.0 CAB (S, NEGRO);JAPCA43TS;CAB;Negro;S;SAMBIL VALENCIA;1
2026;JUNIO;CUADRO JACKET 2.0 DAMA;[JAPDA01TXL] CUADRO JACKET 2.0 DAMA (XL, AGUAMARINA);JAPDA01TXL;DAMA;Aguamarina;XL;GRIETA;1
2026;JUNIO;CUADRO JACKET 2.0 CAB;[JAPCA43T2XL] CUADRO JACKET 2.0 CAB (2XL, NEGRO);JAPCA43T2XL;CAB;Negro;2XL;SAMBIL VALENCIA;1
2026;JUNIO;CUADRO JACKET 2.0 DAMA;[JAPDA01TL] CUADRO JACKET 2.0 DAMA (L, AGUAMARINA);JAPDA01TL;DAMA;Aguamarina;L;CERRO VERDE;1
2026;JUNIO;CUADRO JACKET 2.0 DAMA;[JAPDA16TXS] CUADRO JACKET 2.0 DAMA (XS, BLANCO);JAPDA16TXS;DAMA;Blanco;XS;SAMBIL VALENCIA;1
2026;JUNIO;CUADRO JACKET 2.0 CAB;[JAPCA162TL] CUADRO JACKET 2.0 CAB (L, Azul Polo);JAPCA162TL;CAB;Azul Polo;L;CERRO VERDE;1
2026;JUNIO;CUADRO JACKET 2.0 DAMA;[JAPDA162TXS] CUADRO JACKET 2.0 DAMA (XS, Azul Polo);JAPDA162TXS;DAMA;Azul Polo;XS;CERRO VERDE;1
2026;JUNIO;CUADRO JACKET 2.0 CAB;[JAPCA66TM] CUADRO JACKET 2.0 CAB (M, VERDE MILITAR);JAPCA66TM;CAB;Verde Militar;M;SAMBIL VALENCIA;1
2026;JUNIO;CUADRO JACKET 2.0 KIDS;[JAPKI43T10] CUADRO JACKET 2.0 KIDS (10, NEGRO);JAPKI43T10;KIDS;Negro;10;TOLON;1
2026;JUNIO;CUADRO JACKET 2.0 DAMA;[JAPDA43TM] CUADRO JACKET 2.0 DAMA (M, NEGRO);JAPDA43TM;DAMA;Negro;M;TOLON;1
2026;JUNIO;CUADRO JACKET 2.0 CAB;[JAPCA43T2XL] CUADRO JACKET 2.0 CAB (2XL, NEGRO);JAPCA43T2XL;CAB;Negro;2XL;TOLON;2
2026;JUNIO;CUADRO JACKET 2.0 CAB;[JAPCA16TXL] CUADRO JACKET 2.0 CAB (XL, BLANCO);JAPCA16TXL;CAB;Blanco;XL;SAMBIL VALENCIA;1
2026;JUNIO;CUADRO JACKET 2.0 DAMA;[JAPDA16TXS] CUADRO JACKET 2.0 DAMA (XS, BLANCO);JAPDA16TXS;DAMA;Blanco;XS;SAMBIL VALENCIA;1
2026;JUNIO;CUADRO JACKET 2.0 CAB;[JAPCA162TL] CUADRO JACKET 2.0 CAB (L, Azul Polo);JAPCA162TL;CAB;Azul Polo;L;GRIETA;1
2026;JUNIO;CUADRO JACKET 2.0 CAB;[JAPCA16TM] CUADRO JACKET 2.0 CAB (M, BLANCO);JAPCA16TM;CAB;Blanco;M;CERRO VERDE;1
2026;JUNIO;CUADRO JACKET 2.0 DAMA;[JAPDA35TXS] CUADRO JACKET 2.0 DAMA (XS, Magenta);JAPDA35TXS;DAMA;Magenta;XS;SAMBIL CHACAO;1
2026;JUNIO;CUADRO JACKET 2.0 DAMA;[JAPDA01TXS] CUADRO JACKET 2.0 DAMA (XS, AGUAMARINA);JAPDA01TXS;DAMA;Aguamarina;XS;SAMBIL CHACAO;1
2026;JUNIO;CUADRO JACKET 2.0 CAB;[JAPCA01T2XL] CUADRO JACKET 2.0 CAB (2XL, AGUAMARINA);JAPCA01T2XL;CAB;Aguamarina;2XL;TOLON;1
2026;JUNIO;CUADRO JACKET 2.0 DAMA;[JAPDA01TXS] CUADRO JACKET 2.0 DAMA (XS, AGUAMARINA);JAPDA01TXS;DAMA;Aguamarina;XS;SAMBIL CHACAO;-1
2026;JUNIO;CUADRO JACKET 2.0 DAMA;[JAPDA35TXS] CUADRO JACKET 2.0 DAMA (XS, Magenta);JAPDA35TXS;DAMA;Magenta;XS;SAMBIL CHACAO;-1
2026;JUNIO;CUADRO JACKET 2.0 DAMA;[JAPDA35TS] CUADRO JACKET 2.0 DAMA (S, Magenta);JAPDA35TS;DAMA;Magenta;S;SAMBIL CHACAO;1
2026;JUNIO;CUADRO JACKET 2.0 DAMA;[JAPDA01TS] CUADRO JACKET 2.0 DAMA (S, AGUAMARINA);JAPDA01TS;DAMA;Aguamarina;S;SAMBIL CHACAO;1
2026;JUNIO;CUADRO JACKET 2.0 CAB;[JAPCA43TL] CUADRO JACKET 2.0 CAB (L, NEGRO);JAPCA43TL;CAB;Negro;L;SAMBIL CHACAO;1
2026;JUNIO;CUADRO JACKET 2.0 CAB;[JAPCA162TXL] CUADRO JACKET 2.0 CAB (XL, Azul Polo);JAPCA162TXL;CAB;Azul Polo;XL;LA VELA;1
2026;JUNIO;CUADRO JACKET 2.0 DAMA;[JAPDA43TS] CUADRO JACKET 2.0 DAMA (S, NEGRO);JAPDA43TS;DAMA;Negro;S;LA VELA;1
2026;JUNIO;CUADRO JACKET 2.0 CAB;[JAPCA16TS] CUADRO JACKET 2.0 CAB (S, BLANCO);JAPCA16TS;CAB;Blanco;S;GRIETA;1
2026;JUNIO;CUADRO JACKET 2.0 CAB;[JAPCA16TS] CUADRO JACKET 2.0 CAB (S, BLANCO);JAPCA16TS;CAB;Blanco;S;GRIETA;-1
2026;JUNIO;CUADRO JACKET 2.0 CAB;[JAPCA16TM] CUADRO JACKET 2.0 CAB (M, BLANCO);JAPCA16TM;CAB;Blanco;M;GRIETA;1
2026;JUNIO;CUADRO JACKET 2.0 CAB;[JAPCA66TXL] CUADRO JACKET 2.0 CAB (XL, VERDE MILITAR);JAPCA66TXL;CAB;Verde Militar;XL;LA VELA;1
2026;JUNIO;CUADRO JACKET 2.0 CAB;[JAPCA43TXL] CUADRO JACKET 2.0 CAB (XL, NEGRO);JAPCA43TXL;CAB;Negro;XL;WEB;1
2026;JUNIO;CUADRO JACKET 2.0 KIDS;[JAPKI35T8] CUADRO JACKET 2.0 KIDS (8, Magenta);JAPKI35T8;KIDS;Magenta;8;LA VELA;1
2026;JUNIO;CUADRO JACKET 2.0 DAMA;[JAPDA43TM] CUADRO JACKET 2.0 DAMA (M, NEGRO);JAPDA43TM;DAMA;Negro;M;GRIETA;1
2026;JUNIO;CUADRO JACKET 2.0 CAB;[JAPCA43TS] CUADRO JACKET 2.0 CAB (S, NEGRO);JAPCA43TS;CAB;Negro;S;GRIETA;1
2026;JUNIO;CUADRO JACKET 2.0 CAB;[JAPCA162TXL] CUADRO JACKET 2.0 CAB (XL, Azul Polo);JAPCA162TXL;CAB;Azul Polo;XL;GRIETA;1
2026;JUNIO;CUADRO JACKET 2.0 CAB;[JAPCA43TXL] CUADRO JACKET 2.0 CAB (XL, NEGRO);JAPCA43TXL;CAB;Negro;XL;SAMBIL VALENCIA;1
2026;JUNIO;CUADRO JACKET 2.0 CAB;[JAPCA43TL] CUADRO JACKET 2.0 CAB (L, NEGRO);JAPCA43TL;CAB;Negro;L;SAMBIL VALENCIA;1
2026;JUNIO;CUADRO JACKET 2.0 CAB;[JAPCA43TL] CUADRO JACKET 2.0 CAB (L, NEGRO);JAPCA43TL;CAB;Negro;L;LA VELA;1
2026;JUNIO;CUADRO JACKET 2.0 DAMA;[JAPDA43TXL] CUADRO JACKET 2.0 DAMA (XL, NEGRO);JAPDA43TXL;DAMA;Negro;XL;SAMBIL VALENCIA;1
2026;JUNIO;CUADRO JACKET 2.0 CAB;[JAPCA43TM] CUADRO JACKET 2.0 CAB (M, NEGRO);JAPCA43TM;CAB;Negro;M;SAMBIL VALENCIA;1
2026;JUNIO;CUADRO JACKET 2.0 DAMA;[JAPDA35TS] CUADRO JACKET 2.0 DAMA (S, Magenta);JAPDA35TS;DAMA;Magenta;S;SAMBIL VALENCIA;1
2026;JUNIO;CUADRO JACKET 2.0 KIDS;[JAPKI35T2] CUADRO JACKET 2.0 KIDS (2, Magenta);JAPKI35T2;KIDS;Magenta;2;SAMBIL VALENCIA;1
2026;JUNIO;CUADRO JACKET 2.0 DAMA;[JAPDA16TM] CUADRO JACKET 2.0 DAMA (M, BLANCO);JAPDA16TM;DAMA;Blanco;M;LA VELA;1
2026;JUNIO;CUADRO JACKET 2.0 CAB;[JAPCA43TM] CUADRO JACKET 2.0 CAB (M, NEGRO);JAPCA43TM;CAB;Negro;M;SAMBIL VALENCIA;1
2026;JUNIO;CUADRO JACKET 2.0 DAMA;[JAPDA01TM] CUADRO JACKET 2.0 DAMA (M, AGUAMARINA);JAPDA01TM;DAMA;Aguamarina;M;LA VELA;1
2026;JUNIO;CUADRO JACKET 2.0 CAB;[JAPCA66TM] CUADRO JACKET 2.0 CAB (M, VERDE MILITAR);JAPCA66TM;CAB;Verde Militar;M;GRIETA;3
2026;JUNIO;CUADRO JACKET 2.0 DAMA;[JAPDA66TM] CUADRO JACKET 2.0 DAMA (M, VERDE MILITAR);JAPDA66TM;DAMA;Verde Militar;M;GRIETA;3
2026;JUNIO;CUADRO JACKET 2.0 CAB;[JAPCA66TL] CUADRO JACKET 2.0 CAB (L, VERDE MILITAR);JAPCA66TL;CAB;Verde Militar;L;GRIETA;3
2026;JUNIO;CUADRO JACKET 2.0 DAMA;[JAPDA66TL] CUADRO JACKET 2.0 DAMA (L, VERDE MILITAR);JAPDA66TL;DAMA;Verde Militar;L;GRIETA;3
2026;JUNIO;CUADRO JACKET 2.0 CAB;[JAPCA66TXL] CUADRO JACKET 2.0 CAB (XL, VERDE MILITAR);JAPCA66TXL;CAB;Verde Militar;XL;GRIETA;3
2026;JUNIO;CUADRO JACKET 2.0 DAMA;[JAPDA01TM] CUADRO JACKET 2.0 DAMA (M, AGUAMARINA);JAPDA01TM;DAMA;Aguamarina;M;LA VELA;-1
2026;JUNIO;CUADRO JACKET 2.0 DAMA;[JAPDA66TM] CUADRO JACKET 2.0 DAMA (M, VERDE MILITAR);JAPDA66TM;DAMA;Verde Militar;M;LA VELA;1
2026;JUNIO;CUADRO JACKET 2.0 CAB;[JAPCA162TM] CUADRO JACKET 2.0 CAB (M, Azul Polo);JAPCA162TM;CAB;Azul Polo;M;GRIETA;-1
2026;JUNIO;CUADRO JACKET 2.0 CAB;[JAPCA162TS] CUADRO JACKET 2.0 CAB (S, Azul Polo);JAPCA162TS;CAB;Azul Polo;S;GRIETA;-1
2026;JUNIO;CUADRO JACKET 2.0 CAB;[JAPCA162TL] CUADRO JACKET 2.0 CAB (L, Azul Polo);JAPCA162TL;CAB;Azul Polo;L;GRIETA;-1
2026;JUNIO;CUADRO JACKET 2.0 CAB;[JAPCA162TS] CUADRO JACKET 2.0 CAB (S, Azul Polo);JAPCA162TS;CAB;Azul Polo;S;GRIETA;1
2026;JUNIO;CUADRO JACKET 2.0 CAB;[JAPCA162TM] CUADRO JACKET 2.0 CAB (M, Azul Polo);JAPCA162TM;CAB;Azul Polo;M;GRIETA;1
2026;JUNIO;CUADRO JACKET 2.0 CAB;[JAPCA162TL] CUADRO JACKET 2.0 CAB (L, Azul Polo);JAPCA162TL;CAB;Azul Polo;L;GRIETA;1
2026;JUNIO;CUADRO JACKET 2.0 CAB;[JAPCA43TL] CUADRO JACKET 2.0 CAB (L, NEGRO);JAPCA43TL;CAB;Negro;L;GRIETA;1
2026;JUNIO;CUADRO JACKET 2.0 DAMA;[JAPDA43TM] CUADRO JACKET 2.0 DAMA (M, NEGRO);JAPDA43TM;DAMA;Negro;M;CORPORATIVO;7
2026;JUNIO;CUADRO JACKET 2.0 CAB;[JAPCA43TM] CUADRO JACKET 2.0 CAB (M, NEGRO);JAPCA43TM;CAB;Negro;M;CORPORATIVO;2
2026;JUNIO;CUADRO JACKET 2.0 CAB;[JAPCA66TM] CUADRO JACKET 2.0 CAB (M, VERDE MILITAR);JAPCA66TM;CAB;Verde Militar;M;SAMBIL CHACAO;1
2026;JUNIO;CUADRO JACKET 2.0 DAMA;[JAPDA16TS] CUADRO JACKET 2.0 DAMA (S, BLANCO);JAPDA16TS;DAMA;Blanco;S;LA VELA;1
2026;JUNIO;CUADRO JACKET 2.0 DAMA;[JAPDA35TXL] CUADRO JACKET 2.0 DAMA (XL, Magenta);JAPDA35TXL;DAMA;Magenta;XL;SAMBIL VALENCIA;1
2026;JUNIO;CUADRO JACKET 2.0 KIDS;[JAPKI162T10] CUADRO JACKET 2.0 KIDS (10, Azul Polo);JAPKI162T10;KIDS;Azul Polo;10;SAMBIL VALENCIA;1
2026;AGOSTO;CUADRO JACKET 2.0;[JAPDA162TS] CUADRO JACKET 2.0 DAMA (S, Azul Polo);JAPDA162TS;DAMA;Azul Polo;S;Sambil Valencia;1
2026;AGOSTO;CUADRO JACKET 2.0;[JAPDA01TXS] CUADRO JACKET 2.0 DAMA (XS, AGUAMARINA);JAPDA01TXS;DAMA;AGUAMARINA;XS;La Vela;1
2026;AGOSTO;CUADRO JACKET 2.0;[JAPDA35TL] CUADRO JACKET 2.0 DAMA (L, Magenta);JAPDA35TL;DAMA;Magenta;L;La Vela;1
2026;AGOSTO;CUADRO JACKET 2.0;[JAPCA162TM] CUADRO JACKET 2.0 CAB (M, Azul Polo);JAPCA162TM;CAB;Azul Polo;M;La Vela;1
2026;AGOSTO;CUADRO JACKET 2.0;[JAPDA43TS] CUADRO JACKET 2.0 DAMA (S, NEGRO);JAPDA43TS;DAMA;NEGRO;S;Sambil Valencia;1
2026;AGOSTO;CUADRO JACKET 2.0;[JAPCA66TM] CUADRO JACKET 2.0 CAB (M, VERDE MILITAR);JAPCA66TM;CAB;VERDE MILITAR;M;Tolon;1
2026;AGOSTO;CUADRO JACKET 2.0;[JAPDA66TM] CUADRO JACKET 2.0 DAMA (M, VERDE MILITAR);JAPDA66TM;DAMA;VERDE MILITAR;M;Tolon;1
2026;AGOSTO;CUADRO JACKET 2.0;[JAPCA43TL] CUADRO JACKET 2.0 CAB (L, NEGRO);JAPCA43TL;CAB;NEGRO;L;Sambil Valencia;1
2026;AGOSTO;CUADRO JACKET 2.0;[JAPKI01T2] CUADRO JACKET 2.0 KIDS (2, AGUAMARINA);JAPKI01T2;KIDS;AGUAMARINA;2;Cerro Verde ;1
2026;AGOSTO;CUADRO JACKET 2.0;[JAPDA35TS] CUADRO JACKET 2.0 DAMA (S, Magenta);JAPDA35TS;DAMA;Magenta;S;Sambil Chacao ;1
2026;AGOSTO;CUADRO JACKET 2.0;[JAPCA16TL] CUADRO JACKET 2.0 CAB (L, BLANCO);JAPCA16TL;CAB;BLANCO;L;Sambil Valencia;1
2026;AGOSTO;CUADRO JACKET 2.0;[JAPDA35TM] CUADRO JACKET 2.0 DAMA (M, Magenta);JAPDA35TM;DAMA;Magenta;M;Sambil Valencia;2
2026;AGOSTO;CUADRO JACKET 2.0;[JAPCA43T2XL] CUADRO JACKET 2.0 CAB (2XL, NEGRO);JAPCA43T2XL;CAB;NEGRO;2XL;Cerro Verde ;1
2026;AGOSTO;CUADRO JACKET 2.0;[JAPCA16TL] CUADRO JACKET 2.0 CAB (L, BLANCO);JAPCA16TL;CAB;BLANCO;L;La Grieta;1
2026;AGOSTO;CUADRO JACKET 2.0;[JAPDA43TS] CUADRO JACKET 2.0 DAMA (S, NEGRO);JAPDA43TS;DAMA;NEGRO;S;La Grieta;1
2026;AGOSTO;CUADRO JACKET 2.0;[JAPCA66TXL] CUADRO JACKET 2.0 CAB (XL, VERDE MILITAR);JAPCA66TXL;CAB;VERDE MILITAR;XL;La Vela;1
2026;AGOSTO;CUADRO JACKET 2.0;[JAPDA16TXS] CUADRO JACKET 2.0 DAMA (XS, BLANCO);JAPDA16TXS;DAMA;BLANCO;XS;La Grieta;1
2026;AGOSTO;CUADRO JACKET 2.0;[JAPDA16TXS] CUADRO JACKET 2.0 DAMA (XS, BLANCO);JAPDA16TXS;DAMA;BLANCO;XS;La Vela;1
2026;AGOSTO;CUADRO JACKET 2.0;[JAPKI43T12] CUADRO JACKET 2.0 KIDS (12, NEGRO);JAPKI43T12;KIDS;NEGRO;12;Sambil Chacao ;1
2026;AGOSTO;CUADRO JACKET 2.0;[JAPDA66TM] CUADRO JACKET 2.0 DAMA (M, VERDE MILITAR);JAPDA66TM;DAMA;VERDE MILITAR;M;La Grieta;1
2026;AGOSTO;CUADRO JACKET 2.0;[JAPDA35TM] CUADRO JACKET 2.0 DAMA (M, Magenta);JAPDA35TM;DAMA;Magenta;M;Sambil Chacao ;1
2026;AGOSTO;CUADRO JACKET 2.0;[JAPDA43TXS] CUADRO JACKET 2.0 DAMA (XS, NEGRO);JAPDA43TXS;DAMA;NEGRO;XS;Sambil Valencia;1
2026;AGOSTO;CUADRO JACKET 2.0;[JAPDA35TM] CUADRO JACKET 2.0 DAMA (M, Magenta);JAPDA35TM;DAMA;Magenta;M;La Vela;2
2026;AGOSTO;CUADRO JACKET 2.0;[JAPKI01T8] CUADRO JACKET 2.0 KIDS (8, AGUAMARINA);JAPKI01T8;KIDS;AGUAMARINA;8;La Vela;1
2026;AGOSTO;CUADRO JACKET 2.0;[JAPCA43TM] CUADRO JACKET 2.0 CAB (M, NEGRO);JAPCA43TM;CAB;NEGRO;M;La Vela;1
2026;AGOSTO;CUADRO JACKET 2.0;[JAPDA35TS] CUADRO JACKET 2.0 DAMA (S, Magenta);JAPDA35TS;DAMA;Magenta;S;La Vela;4
2026;AGOSTO;CUADRO JACKET 2.0;[JAPDA16TL] CUADRO JACKET 2.0 DAMA (L, BLANCO);JAPDA16TL;DAMA;BLANCO;L;La Vela;1
2026;AGOSTO;CUADRO JACKET 2.0;[JAPDA35TL] CUADRO JACKET 2.0 DAMA (L, Magenta);JAPDA35TL;DAMA;Magenta;L;La Vela;1
2026;AGOSTO;CUADRO JACKET 2.0;[JAPDA16TS] CUADRO JACKET 2.0 DAMA (S, BLANCO);JAPDA16TS;DAMA;BLANCO;S;La Vela;1
2026;AGOSTO;CUADRO JACKET 2.0;[JAPKI35T8] CUADRO JACKET 2.0 KIDS (8, Magenta);JAPKI35T8;KIDS;Magenta;8;La Vela;1
2026;AGOSTO;CUADRO JACKET 2.0;[JAPKI43T4] CUADRO JACKET 2.0 KIDS (4, NEGRO);JAPKI43T4;KIDS;NEGRO;4;La Vela;1
2026;AGOSTO;CUADRO JACKET 2.0;[JAPDA16TM] CUADRO JACKET 2.0 DAMA (M, BLANCO);JAPDA16TM;DAMA;BLANCO;M;La Vela;1
2026;AGOSTO;CUADRO JACKET 2.0;[JAPDA16TS] CUADRO JACKET 2.0 DAMA (S, BLANCO);JAPDA16TS;DAMA;BLANCO;S;La Vela;1
2026;AGOSTO;CUADRO JACKET 2.0;[JAPDA35TXS] CUADRO JACKET 2.0 DAMA (XS, Magenta);JAPDA35TXS;DAMA;Magenta;XS;La Vela;1
2026;AGOSTO;CUADRO JACKET 2.0;[JAPDA16TS] CUADRO JACKET 2.0 DAMA (S, BLANCO);JAPDA16TS;DAMA;BLANCO;S;La Vela;1
2026;AGOSTO;CUADRO JACKET 2.0;[JAPDA162TS] CUADRO JACKET 2.0 DAMA (S, Azul Polo);JAPDA162TS;DAMA;Azul Polo;S;Cerro Verde ;1
2026;AGOSTO;CUADRO JACKET 2.0;[JAPCA162TM] CUADRO JACKET 2.0 CAB (M, Azul Polo);JAPCA162TM;CAB;Azul Polo;M;Cerro Verde ;1
2026;AGOSTO;CUADRO JACKET 2.0;[JAPKI35T12] CUADRO JACKET 2.0 KIDS (12, Magenta);JAPKI35T12;KIDS;Magenta;12;La Grieta;1
2026;AGOSTO;CUADRO JACKET 2.0;[JAPKI162T8] CUADRO JACKET 2.0 KIDS (8, Azul Polo);JAPKI162T8;KIDS;Azul Polo;8;La Grieta;1
2026;AGOSTO;CUADRO JACKET 2.0;[JAPCA162TS] CUADRO JACKET 2.0 CAB (S, Azul Polo);JAPCA162TS;CAB;Azul Polo;S;Pedidos;5
2026;AGOSTO;CUADRO JACKET 2.0;[JAPDA162TM] CUADRO JACKET 2.0 DAMA (M, Azul Polo);JAPDA162TM;DAMA;Azul Polo;M;Pedidos;13
2026;AGOSTO;CUADRO JACKET 2.0;[JAPDA162TL] CUADRO JACKET 2.0 DAMA (L, Azul Polo);JAPDA162TL;DAMA;Azul Polo;L;Pedidos;10
2026;AGOSTO;CUADRO JACKET 2.0;[JAPDA16TM] CUADRO JACKET 2.0 DAMA (M, BLANCO);JAPDA16TM;DAMA;BLANCO;M;Pedidos;1
2026;AGOSTO;CUADRO JACKET 2.0;[JAPCA162TM] CUADRO JACKET 2.0 CAB (M, Azul Polo);JAPCA162TM;CAB;Azul Polo;M;Pedidos;10
2026;AGOSTO;CUADRO JACKET 2.0;[JAPDA162TS] CUADRO JACKET 2.0 DAMA (S, Azul Polo);JAPDA162TS;DAMA;Azul Polo;S;Pedidos;10
2026;AGOSTO;CUADRO JACKET 2.0;[JAPCA162TL] CUADRO JACKET 2.0 CAB (L, Azul Polo);JAPCA162TL;CAB;Azul Polo;L;Pedidos;24
2026;AGOSTO;CUADRO JACKET 2.0;[JAPDA66TM] CUADRO JACKET 2.0 DAMA (M, VERDE MILITAR);JAPDA66TM;DAMA;VERDE MILITAR;M;Pedidos;1
2026;AGOSTO;CUADRO JACKET 2.0;[JAPCA66TL] CUADRO JACKET 2.0 CAB (L, VERDE MILITAR);JAPCA66TL;CAB;VERDE MILITAR;L;Pedidos;1
2026;AGOSTO;CUADRO JACKET 2.0;[JAPCA162T2XL] CUADRO JACKET 2.0 CAB (2XL, Azul Polo);JAPCA162T2XL;CAB;Azul Polo;2XL;Pedidos;5
2026;AGOSTO;CUADRO JACKET 2.0;[JAPDA162TXL] CUADRO JACKET 2.0 DAMA (XL, Azul Polo);JAPDA162TXL;DAMA;Azul Polo;XL;Pedidos;5
2026;AGOSTO;CUADRO JACKET 2.0;[JAPCA162TXL] CUADRO JACKET 2.0 CAB (XL, Azul Polo);JAPCA162TXL;CAB;Azul Polo;XL;Pedidos;15
2026;AGOSTO;CUADRO JACKET 2.0;[JAPCA43TL] CUADRO JACKET 2.0 CAB (L, NEGRO);JAPCA43TL;CAB;NEGRO;L;Sambil Chacao ;1
2026;AGOSTO;CUADRO JACKET 2.0;[JAPDA66TM] CUADRO JACKET 2.0 DAMA (M, VERDE MILITAR);JAPDA66TM;DAMA;VERDE MILITAR;M;La Vela;1
2026;AGOSTO;CUADRO JACKET 2.0;[JAPDA162TXS] CUADRO JACKET 2.0 DAMA (XS, Azul Polo);JAPDA162TXS;DAMA;Azul Polo;XS;Cerro Verde ;1
2026;AGOSTO;CUADRO JACKET 2.0;[JAPCA66TS] CUADRO JACKET 2.0 CAB (S, VERDE MILITAR);JAPCA66TS;CAB;VERDE MILITAR;S;Cerro Verde ;1
2026;AGOSTO;CUADRO JACKET 2.0;[JAPCA66TM] CUADRO JACKET 2.0 CAB (M, VERDE MILITAR);JAPCA66TM;CAB;VERDE MILITAR;M;Sambil Chacao ;1
2026;AGOSTO;CUADRO JACKET 2.0;[JAPCA43T2XL] CUADRO JACKET 2.0 CAB (2XL, NEGRO);JAPCA43T2XL;CAB;NEGRO;2XL;Sambil Valencia;1
2026;AGOSTO;CUADRO JACKET 2.0;[JAPDA66TL] CUADRO JACKET 2.0 DAMA (L, VERDE MILITAR);JAPDA66TL;DAMA;VERDE MILITAR;L;Cerro Verde ;1
2026;AGOSTO;CUADRO JACKET 2.0;[JAPCA162T2XL] CUADRO JACKET 2.0 CAB (2XL, Azul Polo);JAPCA162T2XL;CAB;Azul Polo;2XL;La Vela;1
2026;AGOSTO;CUADRO JACKET 2.0;[JAPKI162T8] CUADRO JACKET 2.0 KIDS (8, Azul Polo);JAPKI162T8;KIDS;Azul Polo;8;Cerro Verde ;2
2026;AGOSTO;CUADRO JACKET 2.0;[JAPDA16TS] CUADRO JACKET 2.0 DAMA (S, BLANCO);JAPDA16TS;DAMA;BLANCO;S;Sambil Valencia;1
2026;AGOSTO;CUADRO JACKET 2.0;[JAPKI01T12] CUADRO JACKET 2.0 KIDS (12, AGUAMARINA);JAPKI01T12;KIDS;AGUAMARINA;12;Cerro Verde ;1
2026;AGOSTO;CUADRO JACKET 2.0;[JAPDA01TXS] CUADRO JACKET 2.0 DAMA (XS, AGUAMARINA);JAPDA01TXS;DAMA;AGUAMARINA;XS;La Vela;1
2026;AGOSTO;CUADRO JACKET 2.0;[JAPDA66TL] CUADRO JACKET 2.0 DAMA (L, VERDE MILITAR);JAPDA66TL;DAMA;VERDE MILITAR;L;La Vela;1
2026;AGOSTO;CUADRO JACKET 2.0;[JAPCA43TXL] CUADRO JACKET 2.0 CAB (XL, NEGRO);JAPCA43TXL;CAB;NEGRO;XL;Sambil Valencia;1
2026;AGOSTO;CUADRO JACKET 2.0;[JAPDA16TXS] CUADRO JACKET 2.0 DAMA (XS, BLANCO);JAPDA16TXS;DAMA;BLANCO;XS;Sambil Valencia;1
2026;AGOSTO;CUADRO JACKET 2.0;[JAPDA43TM] CUADRO JACKET 2.0 DAMA (M, NEGRO);JAPDA43TM;DAMA;NEGRO;M;Cerro Verde ;1
2026;AGOSTO;CUADRO JACKET 2.0;[JAPCA16T2XL] CUADRO JACKET 2.0 CAB (2XL, BLANCO);JAPCA16T2XL;CAB;BLANCO;2XL;Sambil Valencia;1
2026;AGOSTO;CUADRO JACKET 2.0;[JAPDA35TL] CUADRO JACKET 2.0 DAMA (L, Magenta);JAPDA35TL;DAMA;Magenta;L;La Vela;1
2026;AGOSTO;CUADRO JACKET 2.0;[JAPDA43TXS] CUADRO JACKET 2.0 DAMA (XS, NEGRO);JAPDA43TXS;DAMA;NEGRO;XS;La Vela;1
2026;AGOSTO;CUADRO JACKET 2.0;[JAPCA43TL] CUADRO JACKET 2.0 CAB (L, NEGRO);JAPCA43TL;CAB;NEGRO;L;La Vela;1
2026;AGOSTO;CUADRO JACKET 2.0;[JAPCA66TL] CUADRO JACKET 2.0 CAB (L, VERDE MILITAR);JAPCA66TL;CAB;VERDE MILITAR;L;La Vela;1
2026;AGOSTO;CUADRO JACKET 2.0;[JAPDA16TL] CUADRO JACKET 2.0 DAMA (L, BLANCO);JAPDA16TL;DAMA;BLANCO;L;La Vela;1
2026;AGOSTO;CUADRO JACKET 2.0;[JAPCA162TL] CUADRO JACKET 2.0 CAB (L, Azul Polo);JAPCA162TL;CAB;Azul Polo;L;La Vela;1
2026;AGOSTO;CUADRO JACKET 2.0;[JAPDA162TS] CUADRO JACKET 2.0 DAMA (S, Azul Polo);JAPDA162TS;DAMA;Azul Polo;S;La Vela;1
2026;AGOSTO;CUADRO JACKET 2.0;[JAPCA66TM] CUADRO JACKET 2.0 CAB (M, VERDE MILITAR);JAPCA66TM;CAB;VERDE MILITAR;M;La Vela;1
2026;AGOSTO;CUADRO JACKET 2.0;[JAPCA66T2XL] CUADRO JACKET 2.0 CAB (2XL, VERDE MILITAR);JAPCA66T2XL;CAB;VERDE MILITAR;2XL;Tolon;1
2026;AGOSTO;CUADRO JACKET 2.0;[JAPCA162T2XL] CUADRO JACKET 2.0 CAB (2XL, Azul Polo);JAPCA162T2XL;CAB;Azul Polo;2XL;Tolon;1
2026;AGOSTO;CUADRO JACKET 2.0;[JAPKI35T12] CUADRO JACKET 2.0 KIDS (12, Magenta);JAPKI35T12;KIDS;Magenta;12;Sambil Valencia;1
2026;AGOSTO;CUADRO JACKET 2.0;[JAPCA43T2XL] CUADRO JACKET 2.0 CAB (2XL, NEGRO);JAPCA43T2XL;CAB;NEGRO;2XL;Cerro Verde ;1
2026;AGOSTO;CUADRO JACKET 2.0;[JAPDA35TS] CUADRO JACKET 2.0 DAMA (S, Magenta);JAPDA35TS;DAMA;Magenta;S;Sambil Valencia;1
2026;AGOSTO;CUADRO JACKET 2.0;[JAPDA162TM] CUADRO JACKET 2.0 DAMA (M, Azul Polo);JAPDA162TM;DAMA;Azul Polo;M;Sambil Valencia;1
2026;AGOSTO;CUADRO JACKET 2.0;[JAPDA162TS] CUADRO JACKET 2.0 DAMA (S, Azul Polo);JAPDA162TS;DAMA;Azul Polo;S;Sambil Valencia;-1
2026;AGOSTO;CUADRO JACKET 2.0;[JAPCA162TS] CUADRO JACKET 2.0 CAB (S, Azul Polo);JAPCA162TS;CAB;Azul Polo;S;Sambil Valencia;1
2026;AGOSTO;CUADRO JACKET 2.0;[JAPCA162TM] CUADRO JACKET 2.0 CAB (M, Azul Polo);JAPCA162TM;CAB;Azul Polo;M;Sambil Valencia;1
2026;AGOSTO;CUADRO JACKET 2.0;[JAPCA162TL] CUADRO JACKET 2.0 CAB (L, Azul Polo);JAPCA162TL;CAB;Azul Polo;L;Sambil Valencia;1
2026;AGOSTO;CUADRO JACKET 2.0;[JAPKI162T4] CUADRO JACKET 2.0 KIDS (4, Azul Polo);JAPKI162T4;KIDS;Azul Polo;4;Sambil Valencia;1
2026;AGOSTO;CUADRO JACKET 2.0;[JAPDA162TS] CUADRO JACKET 2.0 DAMA (S, Azul Polo);JAPDA162TS;DAMA;Azul Polo;S;Sambil Valencia;1
2026;AGOSTO;CUADRO JACKET 2.0;[JAPCA43TS] CUADRO JACKET 2.0 CAB (S, NEGRO);JAPCA43TS;CAB;NEGRO;S;Sambil Valencia;1
2026;AGOSTO;CUADRO JACKET 2.0;[JAPDA43TXS] CUADRO JACKET 2.0 DAMA (XS, NEGRO);JAPDA43TXS;DAMA;NEGRO;XS;La Vela;1
2026;AGOSTO;CUADRO JACKET 2.0;[JAPCA43TL] CUADRO JACKET 2.0 CAB (L, NEGRO);JAPCA43TL;CAB;NEGRO;L;Cerro Verde ;1
2026;AGOSTO;CUADRO JACKET 2.0;[JAPDA01TL] CUADRO JACKET 2.0 DAMA (L, AGUAMARINA);JAPDA01TL;DAMA;AGUAMARINA;L;Sambil Valencia;1
2026;AGOSTO;CUADRO JACKET 2.0;[JAPDA66TS] CUADRO JACKET 2.0 DAMA (S, VERDE MILITAR);JAPDA66TS;DAMA;VERDE MILITAR;S;Sambil Valencia;1
2026;AGOSTO;CUADRO JACKET 2.0;[JAPKI162T12] CUADRO JACKET 2.0 KIDS (12, Azul Polo);JAPKI162T12;KIDS;Azul Polo;12;Cerro Verde ;1
2026;AGOSTO;CUADRO JACKET 2.0;[JAPKI43T8] CUADRO JACKET 2.0 KIDS (8, NEGRO);JAPKI43T8;KIDS;NEGRO;8;Sambil Valencia;1
2026;AGOSTO;CUADRO JACKET 2.0;[JAPDA35TL] CUADRO JACKET 2.0 DAMA (L, Magenta);JAPDA35TL;DAMA;Magenta;L;Sambil Valencia;1
2026;AGOSTO;CUADRO JACKET 2.0;[JAPDA16TXS] CUADRO JACKET 2.0 DAMA (XS, BLANCO);JAPDA16TXS;DAMA;BLANCO;XS;La Grieta;1
2026;AGOSTO;CUADRO JACKET 2.0;[JAPCA43TS] CUADRO JACKET 2.0 CAB (S, NEGRO);JAPCA43TS;CAB;NEGRO;S;La Grieta;1
2026;AGOSTO;CUADRO JACKET 2.0;[JAPDA16TM] CUADRO JACKET 2.0 DAMA (M, BLANCO);JAPDA16TM;DAMA;BLANCO;M;La Grieta;1
2026;AGOSTO;CUADRO JACKET 2.0;[JAPKI43T10] CUADRO JACKET 2.0 KIDS (10, NEGRO);JAPKI43T10;KIDS;NEGRO;10;Sambil Chacao ;1
2026;AGOSTO;CUADRO JACKET 2.0;[JAPDA162TXS] CUADRO JACKET 2.0 DAMA (XS, Azul Polo);JAPDA162TXS;DAMA;Azul Polo;XS;Sambil Valencia;1
2026;AGOSTO;CUADRO JACKET 2.0;[JAPKI35T12] CUADRO JACKET 2.0 KIDS (12, Magenta);JAPKI35T12;KIDS;Magenta;12;Sambil Valencia;1
2026;AGOSTO;CUADRO JACKET 2.0;[JAPDA01TL] CUADRO JACKET 2.0 DAMA (L, AGUAMARINA);JAPDA01TL;DAMA;AGUAMARINA;L;Sambil Chacao ;1
2026;AGOSTO;CUADRO JACKET 2.0;[JAPDA66TL] CUADRO JACKET 2.0 DAMA (L, VERDE MILITAR);JAPDA66TL;DAMA;VERDE MILITAR;L;Tolon;1
2026;AGOSTO;CUADRO JACKET 2.0;[JAPKI43T2] CUADRO JACKET 2.0 KIDS (2, NEGRO);JAPKI43T2;KIDS;NEGRO;2;La Grieta;1
2026;AGOSTO;CUADRO JACKET 2.0;[JAPCA43TL] CUADRO JACKET 2.0 CAB (L, NEGRO);JAPCA43TL;CAB;NEGRO;L;La Grieta;1
2026;AGOSTO;CUADRO JACKET 2.0;[JAPDA43TXS] CUADRO JACKET 2.0 DAMA (XS, NEGRO);JAPDA43TXS;DAMA;NEGRO;XS;La Grieta;1
2026;AGOSTO;CUADRO JACKET 2.0;[JAPCA16T2XL] CUADRO JACKET 2.0 CAB (2XL, BLANCO);JAPCA16T2XL;CAB;BLANCO;2XL;Tolon;1
2026;AGOSTO;CUADRO JACKET 2.0;[JAPDA162TXS] CUADRO JACKET 2.0 DAMA (XS, Azul Polo);JAPDA162TXS;DAMA;Azul Polo;XS;La Grieta;1
2026;AGOSTO;CUADRO JACKET 2.0;[JAPDA162TM] CUADRO JACKET 2.0 DAMA (M, Azul Polo);JAPDA162TM;DAMA;Azul Polo;M;La Grieta;1
2026;AGOSTO;CUADRO JACKET 2.0;[JAPCA162TM] CUADRO JACKET 2.0 CAB (M, Azul Polo);JAPCA162TM;CAB;Azul Polo;M;La Grieta;1
2026;AGOSTO;CUADRO JACKET 2.0;[JAPDA16TS] CUADRO JACKET 2.0 DAMA (S, BLANCO);JAPDA16TS;DAMA;BLANCO;S;Sambil Valencia;1
2026;AGOSTO;CUADRO JACKET 2.0;[JAPCA162TM] CUADRO JACKET 2.0 CAB (M, Azul Polo);JAPCA162TM;CAB;Azul Polo;M;Sambil Valencia;1
2026;AGOSTO;CUADRO JACKET 2.0;[JAPKI35T2] CUADRO JACKET 2.0 KIDS (2, Magenta);JAPKI35T2;KIDS;Magenta;2;La Grieta;1
2026;AGOSTO;CUADRO JACKET 2.0;[JAPDA43TL] CUADRO JACKET 2.0 DAMA (L, NEGRO);JAPDA43TL;DAMA;NEGRO;L;Sambil Valencia;1
2026;AGOSTO;CUADRO JACKET 2.0;[JAPDA01TM] CUADRO JACKET 2.0 DAMA (M, AGUAMARINA);JAPDA01TM;DAMA;AGUAMARINA;M;Sambil Valencia;1
2026;AGOSTO;CUADRO JACKET 2.0;[JAPDA16TM] CUADRO JACKET 2.0 DAMA (M, BLANCO);JAPDA16TM;DAMA;BLANCO;M;Sambil Valencia;1
2026;AGOSTO;CUADRO JACKET 2.0;[JAPCA66TM] CUADRO JACKET 2.0 CAB (M, VERDE MILITAR);JAPCA66TM;CAB;VERDE MILITAR;M;Cerro Verde ;1
2026;AGOSTO;CUADRO JACKET 2.0;[JAPDA66TM] CUADRO JACKET 2.0 DAMA (M, VERDE MILITAR);JAPDA66TM;DAMA;VERDE MILITAR;M;Sambil Valencia;1
2026;AGOSTO;CUADRO JACKET 2.0;[JAPCA66TS] CUADRO JACKET 2.0 CAB (S, VERDE MILITAR);JAPCA66TS;CAB;VERDE MILITAR;S;La Grieta;1
2026;AGOSTO;CUADRO JACKET 2.0;[JAPDA16TM] CUADRO JACKET 2.0 DAMA (M, BLANCO);JAPDA16TM;DAMA;BLANCO;M;Sambil Valencia;1
2026;AGOSTO;CUADRO JACKET 2.0;[JAPCA43TL] CUADRO JACKET 2.0 CAB (L, NEGRO);JAPCA43TL;CAB;NEGRO;L;La Vela;1
2026;AGOSTO;CUADRO JACKET 2.0;[JAPDA01TXS] CUADRO JACKET 2.0 DAMA (XS, AGUAMARINA);JAPDA01TXS;DAMA;AGUAMARINA;XS;La Vela;1
2026;AGOSTO;CUADRO JACKET 2.0;[JAPKI35T12] CUADRO JACKET 2.0 KIDS (12, Magenta);JAPKI35T12;KIDS;Magenta;12;La Vela;1
2026;AGOSTO;CUADRO JACKET 2.0;[JAPDA43TXS] CUADRO JACKET 2.0 DAMA (XS, NEGRO);JAPDA43TXS;DAMA;NEGRO;XS;Tolon;1
2026;AGOSTO;CUADRO JACKET 2.0;[JAPDA01TS] CUADRO JACKET 2.0 DAMA (S, AGUAMARINA);JAPDA01TS;DAMA;AGUAMARINA;S;Tolon;1
2026;AGOSTO;CUADRO JACKET 2.0;[JAPDA43TS] CUADRO JACKET 2.0 DAMA (S, NEGRO);JAPDA43TS;DAMA;NEGRO;S;Tolon;1
2026;AGOSTO;CUADRO JACKET 2.0;[JAPCA43TM] CUADRO JACKET 2.0 CAB (M, NEGRO);JAPCA43TM;CAB;NEGRO;M;Sambil Chacao ;1
2026;AGOSTO;CUADRO JACKET 2.0;[JAPCA43TL] CUADRO JACKET 2.0 CAB (L, NEGRO);JAPCA43TL;CAB;NEGRO;L;La Vela;1
2026;AGOSTO;CUADRO JACKET 2.0;[JAPCA43TM] CUADRO JACKET 2.0 CAB (M, NEGRO);JAPCA43TM;CAB;NEGRO;M;Cerro Verde ;1
2026;AGOSTO;CUADRO JACKET 2.0;[JAPDA35TS] CUADRO JACKET 2.0 DAMA (S, Magenta);JAPDA35TS;DAMA;Magenta;S;Sambil Chacao ;1
2026;AGOSTO;CUADRO JACKET 2.0;[JAPKI35T10] CUADRO JACKET 2.0 KIDS (10, Magenta);JAPKI35T10;KIDS;Magenta;10;Sambil Chacao ;1
2026;AGOSTO;CUADRO JACKET 2.0;[JAPDA35TM] CUADRO JACKET 2.0 DAMA (M, Magenta);JAPDA35TM;DAMA;Magenta;M;La Vela;1
2026;AGOSTO;CUADRO JACKET 2.0;[JAPDA16TL] CUADRO JACKET 2.0 DAMA (L, BLANCO);JAPDA16TL;DAMA;BLANCO;L;La Vela;1
2026;AGOSTO;CUADRO JACKET 2.0;[JAPCA162TL] CUADRO JACKET 2.0 CAB (L, Azul Polo);JAPCA162TL;CAB;Azul Polo;L;Cerro Verde ;2
2026;AGOSTO;CUADRO JACKET 2.0;[JAPDA162TXL] CUADRO JACKET 2.0 DAMA (XL, Azul Polo);JAPDA162TXL;DAMA;Azul Polo;XL;Cerro Verde ;1
2026;AGOSTO;CUADRO JACKET 2.0;[JAPCA162TXL] CUADRO JACKET 2.0 CAB (XL, Azul Polo);JAPCA162TXL;CAB;Azul Polo;XL;Cerro Verde ;1
2026;AGOSTO;CUADRO JACKET 2.0;[JAPDA162TL] CUADRO JACKET 2.0 DAMA (L, Azul Polo);JAPDA162TL;DAMA;Azul Polo;L;Cerro Verde ;1
2026;AGOSTO;CUADRO JACKET 2.0;[JAPDA162TM] CUADRO JACKET 2.0 DAMA (M, Azul Polo);JAPDA162TM;DAMA;Azul Polo;M;Cerro Verde ;1
2026;AGOSTO;CUADRO JACKET 2.0;[JAPCA162T2XL] CUADRO JACKET 2.0 CAB (2XL, Azul Polo);JAPCA162T2XL;CAB;Azul Polo;2XL;Cerro Verde ;1
2026;AGOSTO;CUADRO JACKET 2.0;[JAPDA35TXS] CUADRO JACKET 2.0 DAMA (XS, Magenta);JAPDA35TXS;DAMA;Magenta;XS;La Grieta;1
2026;AGOSTO;CUADRO JACKET 2.0;[JAPCA43TL] CUADRO JACKET 2.0 CAB (L, NEGRO);JAPCA43TL;CAB;NEGRO;L;Sambil Valencia;1
2026;AGOSTO;CUADRO JACKET 2.0;[JAPKI01T12] CUADRO JACKET 2.0 KIDS (12, AGUAMARINA);JAPKI01T12;KIDS;AGUAMARINA;12;Cerro Verde ;1
2026;AGOSTO;CUADRO JACKET 2.0;[JAPCA01TM] CUADRO JACKET 2.0 CAB (M, AGUAMARINA);JAPCA01TM;CAB;AGUAMARINA;M;La Grieta;1
2026;AGOSTO;CUADRO JACKET 2.0;[JAPCA16TM] CUADRO JACKET 2.0 CAB (M, BLANCO);JAPCA16TM;CAB;BLANCO;M;Cerro Verde ;1
2026;AGOSTO;CUADRO JACKET 2.0;[JAPDA162TXS] CUADRO JACKET 2.0 DAMA (XS, Azul Polo);JAPDA162TXS;DAMA;Azul Polo;XS;Cerro Verde ;1
2026;AGOSTO;CUADRO JACKET 2.0;[JAPDA16TS] CUADRO JACKET 2.0 DAMA (S, BLANCO);JAPDA16TS;DAMA;BLANCO;S;Sambil Valencia;1
2026;AGOSTO;CUADRO JACKET 2.0;[JAPDA35TS] CUADRO JACKET 2.0 DAMA (S, Magenta);JAPDA35TS;DAMA;Magenta;S;Sambil Valencia;1
2026;AGOSTO;CUADRO JACKET 2.0;[JAPCA162TXL] CUADRO JACKET 2.0 CAB (XL, Azul Polo);JAPCA162TXL;CAB;Azul Polo;XL;Sambil Chacao ;1
2026;AGOSTO;CUADRO JACKET 2.0;[JAPDA162TM] CUADRO JACKET 2.0 DAMA (M, Azul Polo);JAPDA162TM;DAMA;Azul Polo;M;Pedidos;1
2026;AGOSTO;CUADRO JACKET 2.0;[JAPDA162TS] CUADRO JACKET 2.0 DAMA (S, Azul Polo);JAPDA162TS;DAMA;Azul Polo;S;La Grieta;1
2026;AGOSTO;CUADRO JACKET 2.0;[JAPCA43TL] CUADRO JACKET 2.0 CAB (L, NEGRO);JAPCA43TL;CAB;NEGRO;L;Pedidos;1
2026;AGOSTO;CUADRO JACKET 2.0;[JAPCA66TL] CUADRO JACKET 2.0 CAB (L, VERDE MILITAR);JAPCA66TL;CAB;VERDE MILITAR;L;Pedidos;1
2026;AGOSTO;CUADRO JACKET 2.0;[JAPDA43TS] CUADRO JACKET 2.0 DAMA (S, NEGRO);JAPDA43TS;DAMA;NEGRO;S;Sambil Chacao ;1
2026;AGOSTO;CUADRO JACKET 2.0;[JAPCA43TL] CUADRO JACKET 2.0 CAB (L, NEGRO);JAPCA43TL;CAB;NEGRO;L;Sambil Chacao ;1
2026;AGOSTO;CUADRO JACKET 2.0;[JAPDA01TS] CUADRO JACKET 2.0 DAMA (S, AGUAMARINA);JAPDA01TS;DAMA;AGUAMARINA;S;La Vela;1
2026;AGOSTO;CUADRO JACKET 2.0;[JAPDA35TS] CUADRO JACKET 2.0 DAMA (S, Magenta);JAPDA35TS;DAMA;Magenta;S;La Vela;1
2026;AGOSTO;CUADRO JACKET 2.0;[JAPDA43TM] CUADRO JACKET 2.0 DAMA (M, NEGRO);JAPDA43TM;DAMA;NEGRO;M;Sambil Valencia;1
2026;AGOSTO;CUADRO JACKET 2.0;[JAPCA43TXL] CUADRO JACKET 2.0 CAB (XL, NEGRO);JAPCA43TXL;CAB;NEGRO;XL;Sambil Valencia;1
2026;AGOSTO;CUADRO JACKET 2.0;[JAPDA43TM] CUADRO JACKET 2.0 DAMA (M, NEGRO);JAPDA43TM;DAMA;NEGRO;M;Sambil Valencia;1
2026;AGOSTO;CUADRO JACKET 2.0;[JAPCA162TL] CUADRO JACKET 2.0 CAB (L, Azul Polo);JAPCA162TL;CAB;Azul Polo;L;Sambil Valencia;1
2026;AGOSTO;CUADRO JACKET 2.0;[JAPDA01TS] CUADRO JACKET 2.0 DAMA (S, AGUAMARINA);JAPDA01TS;DAMA;AGUAMARINA;S;Cerro Verde ;1
2026;AGOSTO;CUADRO JACKET 2.0;[JAPDA01TM] CUADRO JACKET 2.0 DAMA (M, AGUAMARINA);JAPDA01TM;DAMA;AGUAMARINA;M;Sambil Chacao ;1
2026;AGOSTO;CUADRO JACKET 2.0;[JAPCA66TL] CUADRO JACKET 2.0 CAB (L, VERDE MILITAR);JAPCA66TL;CAB;VERDE MILITAR;L;Sambil Chacao ;1
2026;AGOSTO;CUADRO JACKET 2.0;[JAPDA162TM] CUADRO JACKET 2.0 DAMA (M, Azul Polo);JAPDA162TM;DAMA;Azul Polo;M;Sambil Valencia;1
2026;AGOSTO;CUADRO JACKET 2.0;[JAPCA162TM] CUADRO JACKET 2.0 CAB (M, Azul Polo);JAPCA162TM;CAB;Azul Polo;M;Sambil Chacao ;1
2026;AGOSTO;CUADRO JACKET 2.0;[JAPDA16TS] CUADRO JACKET 2.0 DAMA (S, BLANCO);JAPDA16TS;DAMA;BLANCO;S;La Grieta;1
2026;AGOSTO;CUADRO JACKET 2.0;[JAPDA16TXS] CUADRO JACKET 2.0 DAMA (XS, BLANCO);JAPDA16TXS;DAMA;BLANCO;XS;La Grieta;1
2026;AGOSTO;CUADRO JACKET 2.0;[JAPDA16TXS] CUADRO JACKET 2.0 DAMA (XS, BLANCO);JAPDA16TXS;DAMA;BLANCO;XS;Sambil Chacao ;1
2026;AGOSTO;CUADRO JACKET 2.0;[JAPCA66T2XL] CUADRO JACKET 2.0 CAB (2XL, VERDE MILITAR);JAPCA66T2XL;CAB;VERDE MILITAR;2XL;Sambil Chacao ;1
2026;AGOSTO;CUADRO JACKET 2.0;[JAPDA66TXS] CUADRO JACKET 2.0 DAMA (XS, VERDE MILITAR);JAPDA66TXS;DAMA;VERDE MILITAR;XS;Tolon;1
2026;AGOSTO;CUADRO JACKET 2.0;[JAPCA16TS] CUADRO JACKET 2.0 CAB (S, BLANCO);JAPCA16TS;CAB;BLANCO;S;La Vela;1
2026;AGOSTO;CUADRO JACKET 2.0;[JAPCA162TXL] CUADRO JACKET 2.0 CAB (XL, Azul Polo);JAPCA162TXL;CAB;Azul Polo;XL;La Grieta;1
2026;AGOSTO;CUADRO JACKET 2.0;[JAPDA162TL] CUADRO JACKET 2.0 DAMA (L, Azul Polo);JAPDA162TL;DAMA;Azul Polo;L;La Grieta;1
2026;AGOSTO;CUADRO JACKET 2.0;[JAPKI162T6] CUADRO JACKET 2.0 KIDS (6, Azul Polo);JAPKI162T6;KIDS;Azul Polo;6;La Grieta;1
2026;AGOSTO;CUADRO JACKET 2.0;[JAPCA162TL] CUADRO JACKET 2.0 CAB (L, Azul Polo);JAPCA162TL;CAB;Azul Polo;L;Cerro Verde ;1
2026;AGOSTO;CUADRO JACKET 2.0;[JAPDA66TS] CUADRO JACKET 2.0 DAMA (S, VERDE MILITAR);JAPDA66TS;DAMA;VERDE MILITAR;S;La Vela;1
2026;AGOSTO;CUADRO JACKET 2.0;[JAPCA66T2XL] CUADRO JACKET 2.0 CAB (2XL, VERDE MILITAR);JAPCA66T2XL;CAB;VERDE MILITAR;2XL;Cerro Verde ;1
2026;AGOSTO;CUADRO JACKET 2.0;[JAPCA16T2XL] CUADRO JACKET 2.0 CAB (2XL, BLANCO);JAPCA16T2XL;CAB;BLANCO;2XL;Cerro Verde ;1
2026;AGOSTO;CUADRO JACKET 2.0;[JAPDA66TM] CUADRO JACKET 2.0 DAMA (M, VERDE MILITAR);JAPDA66TM;DAMA;VERDE MILITAR;M;Cerro Verde ;1
2026;AGOSTO;CUADRO JACKET 2.0;[JAPDA16TS] CUADRO JACKET 2.0 DAMA (S, BLANCO);JAPDA16TS;DAMA;BLANCO;S;Sambil Chacao ;1
2026;AGOSTO;CUADRO JACKET 2.0;[JAPCA43TL] CUADRO JACKET 2.0 CAB (L, NEGRO);JAPCA43TL;CAB;NEGRO;L;La Grieta;2
2026;AGOSTO;CUADRO JACKET 2.0;[JAPKI43T10] CUADRO JACKET 2.0 KIDS (10, NEGRO);JAPKI43T10;KIDS;NEGRO;10;Sambil Chacao ;1
2026;AGOSTO;CUADRO JACKET 2.0;[JAPCA66TM] CUADRO JACKET 2.0 CAB (M, VERDE MILITAR);JAPCA66TM;CAB;VERDE MILITAR;M;Cerro Verde ;1
2026;AGOSTO;CUADRO JACKET 2.0;[JAPDA01TXS] CUADRO JACKET 2.0 DAMA (XS, AGUAMARINA);JAPDA01TXS;DAMA;AGUAMARINA;XS;Sambil Valencia;1
2026;AGOSTO;CUADRO JACKET 2.0;[JAPCA43TXL] CUADRO JACKET 2.0 CAB (XL, NEGRO);JAPCA43TXL;CAB;NEGRO;XL;Sambil Valencia;1
2026;AGOSTO;CUADRO JACKET 2.0;[JAPDA43TS] CUADRO JACKET 2.0 DAMA (S, NEGRO);JAPDA43TS;DAMA;NEGRO;S;La Grieta;1
2026;AGOSTO;CUADRO JACKET 2.0;[JAPCA43T2XL] CUADRO JACKET 2.0 CAB (2XL, NEGRO);JAPCA43T2XL;CAB;NEGRO;2XL;La Grieta;1
2026;AGOSTO;CUADRO JACKET 2.0;[JAPKI43T8] CUADRO JACKET 2.0 KIDS (8, NEGRO);JAPKI43T8;KIDS;NEGRO;8;Cerro Verde ;1
2026;AGOSTO;CUADRO JACKET 2.0;[JAPDA43TS] CUADRO JACKET 2.0 DAMA (S, NEGRO);JAPDA43TS;DAMA;NEGRO;S;Cerro Verde ;1
2026;AGOSTO;CUADRO JACKET 2.0;[JAPDA43TS] CUADRO JACKET 2.0 DAMA (S, NEGRO);JAPDA43TS;DAMA;NEGRO;S;Sambil Valencia;1
2026;AGOSTO;CUADRO JACKET 2.0;[JAPDA43TM] CUADRO JACKET 2.0 DAMA (M, NEGRO);JAPDA43TM;DAMA;NEGRO;M;Sambil Chacao ;1
2026;AGOSTO;CUADRO JACKET 2.0;[JAPKI35T10] CUADRO JACKET 2.0 KIDS (10, Magenta);JAPKI35T10;KIDS;Magenta;10;Sambil Valencia;1
2026;AGOSTO;CUADRO JACKET 2.0;[JAPKI01T10] CUADRO JACKET 2.0 KIDS (10, AGUAMARINA);JAPKI01T10;KIDS;AGUAMARINA;10;Sambil Valencia;1
2026;AGOSTO;CUADRO JACKET 2.0;[JAPKI01T8] CUADRO JACKET 2.0 KIDS (8, AGUAMARINA);JAPKI01T8;KIDS;AGUAMARINA;8;Sambil Valencia;-1
2026;AGOSTO;CUADRO JACKET 2.0;[JAPKI35T8] CUADRO JACKET 2.0 KIDS (8, Magenta);JAPKI35T8;KIDS;Magenta;8;Sambil Valencia;-1
2026;AGOSTO;CUADRO JACKET 2.0;[JAPCA16TL] CUADRO JACKET 2.0 CAB (L, BLANCO);JAPCA16TL;CAB;BLANCO;L;Sambil Valencia;1
2026;AGOSTO;CUADRO JACKET 2.0;[JAPDA16TL] CUADRO JACKET 2.0 DAMA (L, BLANCO);JAPDA16TL;DAMA;BLANCO;L;Sambil Valencia;1
2026;AGOSTO;CUADRO JACKET 2.0;[JAPKI01T10] CUADRO JACKET 2.0 KIDS (10, AGUAMARINA);JAPKI01T10;KIDS;AGUAMARINA;10;La Vela;1
2026;AGOSTO;CUADRO JACKET 2.0;[JAPKI35T10] CUADRO JACKET 2.0 KIDS (10, Magenta);JAPKI35T10;KIDS;Magenta;10;La Vela;1
2026;AGOSTO;CUADRO JACKET 2.0;[JAPKI01T12] CUADRO JACKET 2.0 KIDS (12, AGUAMARINA);JAPKI01T12;KIDS;AGUAMARINA;12;La Vela;1
2026;AGOSTO;CUADRO JACKET 2.0;[JAPCA162TS] CUADRO JACKET 2.0 CAB (S, Azul Polo);JAPCA162TS;CAB;Azul Polo;S;Sambil Valencia;1
2026;AGOSTO;CUADRO JACKET 2.0;[JAPCA43TL] CUADRO JACKET 2.0 CAB (L, NEGRO);JAPCA43TL;CAB;NEGRO;L;Sambil Chacao ;1
2026;AGOSTO;CUADRO JACKET 2.0;[JAPDA43TS] CUADRO JACKET 2.0 DAMA (S, NEGRO);JAPDA43TS;DAMA;NEGRO;S;La Grieta;1
2026;AGOSTO;CUADRO JACKET 2.0;[JAPDA43TM] CUADRO JACKET 2.0 DAMA (M, NEGRO);JAPDA43TM;DAMA;NEGRO;M;La Grieta;1
2026;AGOSTO;CUADRO JACKET 2.0;[JAPDA43TM] CUADRO JACKET 2.0 DAMA (M, NEGRO);JAPDA43TM;DAMA;NEGRO;M;La Grieta;1
2026;AGOSTO;CUADRO JACKET 2.0;[JAPKI162T12] CUADRO JACKET 2.0 KIDS (12, Azul Polo);JAPKI162T12;KIDS;Azul Polo;12;Tolon;1
2026;AGOSTO;CUADRO JACKET 2.0;[JAPDA162TXS] CUADRO JACKET 2.0 DAMA (XS, Azul Polo);JAPDA162TXS;DAMA;Azul Polo;XS;Tolon;1
2026;AGOSTO;CUADRO JACKET 2.0;[JAPKI35T2] CUADRO JACKET 2.0 KIDS (2, Magenta);JAPKI35T2;KIDS;Magenta;2;Sambil Valencia;1
2026;AGOSTO;CUADRO JACKET 2.0;[JAPCA16TM] CUADRO JACKET 2.0 CAB (M, BLANCO);JAPCA16TM;CAB;BLANCO;M;La Grieta;1
2026;AGOSTO;CUADRO JACKET 2.0;[JAPKI01T12] CUADRO JACKET 2.0 KIDS (12, AGUAMARINA);JAPKI01T12;KIDS;AGUAMARINA;12;La Grieta;1
2026;AGOSTO;CUADRO JACKET 2.0;[JAPKI35T10] CUADRO JACKET 2.0 KIDS (10, Magenta);JAPKI35T10;KIDS;Magenta;10;Sambil Chacao ;1
2026;AGOSTO;CUADRO JACKET 2.0;[JAPCA16TM] CUADRO JACKET 2.0 CAB (M, BLANCO);JAPCA16TM;CAB;BLANCO;M;Sambil Chacao ;1
2026;AGOSTO;CUADRO JACKET 2.0;[JAPCA43TM] CUADRO JACKET 2.0 CAB (M, NEGRO);JAPCA43TM;CAB;NEGRO;M;La Grieta;1
2026;AGOSTO;CUADRO JACKET 2.0;[JAPDA35TM] CUADRO JACKET 2.0 DAMA (M, Magenta);JAPDA35TM;DAMA;Magenta;M;Sambil Chacao ;1
2026;AGOSTO;CUADRO JACKET 2.0;[JAPCA162TL] CUADRO JACKET 2.0 CAB (L, Azul Polo);JAPCA162TL;CAB;Azul Polo;L;Grandplaz ;1
2026;AGOSTO;CUADRO JACKET 2.0;[JAPDA43TM] CUADRO JACKET 2.0 DAMA (M, NEGRO);JAPDA43TM;DAMA;NEGRO;M;La Grieta;1
2026;AGOSTO;CUADRO JACKET 2.0;[JAPCA43TXL] CUADRO JACKET 2.0 CAB (XL, NEGRO);JAPCA43TXL;CAB;NEGRO;XL;La Grieta;1
2026;AGOSTO;CUADRO JACKET 2.0;[JAPDA16TXS] CUADRO JACKET 2.0 DAMA (XS, BLANCO);JAPDA16TXS;DAMA;BLANCO;XS;Sambil Valencia;1
2026;AGOSTO;CUADRO JACKET 2.0;[JAPDA43TM] CUADRO JACKET 2.0 DAMA (M, NEGRO);JAPDA43TM;DAMA;NEGRO;M;Sambil Valencia;1
2026;AGOSTO;CUADRO JACKET 2.0;[JAPDA16TM] CUADRO JACKET 2.0 DAMA (M, BLANCO);JAPDA16TM;DAMA;BLANCO;M;Sambil Chacao ;1
2026;AGOSTO;CUADRO JACKET 2.0;[JAPDA43TM] CUADRO JACKET 2.0 DAMA (M, NEGRO);JAPDA43TM;DAMA;NEGRO;M;Sambil Chacao ;1
2026;AGOSTO;CUADRO JACKET 2.0;[JAPDA43TM] CUADRO JACKET 2.0 DAMA (M, NEGRO);JAPDA43TM;DAMA;NEGRO;M;La Grieta;1
2026;AGOSTO;CUADRO JACKET 2.0;[JAPDA43TXS] CUADRO JACKET 2.0 DAMA (XS, NEGRO);JAPDA43TXS;DAMA;NEGRO;XS;La Grieta;1
2026;AGOSTO;CUADRO JACKET 2.0;[JAPKI35T8] CUADRO JACKET 2.0 KIDS (8, Magenta);JAPKI35T8;KIDS;Magenta;8;Cerro Verde ;1
2026;AGOSTO;CUADRO JACKET 2.0;[JAPCA162TL] CUADRO JACKET 2.0 CAB (L, Azul Polo);JAPCA162TL;CAB;Azul Polo;L;Cerro Verde ;1
2026;AGOSTO;CUADRO JACKET 2.0;[JAPCA66TL] CUADRO JACKET 2.0 CAB (L, VERDE MILITAR);JAPCA66TL;CAB;VERDE MILITAR;L;La Grieta;1
2026;AGOSTO;CUADRO JACKET 2.0;[JAPDA43TM] CUADRO JACKET 2.0 DAMA (M, NEGRO);JAPDA43TM;DAMA;NEGRO;M;La Vela;1
2026;AGOSTO;CUADRO JACKET 2.0;[JAPDA162TM] CUADRO JACKET 2.0 DAMA (M, Azul Polo);JAPDA162TM;DAMA;Azul Polo;M;La Vela;1
2026;AGOSTO;CUADRO JACKET 2.0;[JAPDA01TXS] CUADRO JACKET 2.0 DAMA (XS, AGUAMARINA);JAPDA01TXS;DAMA;AGUAMARINA;XS;Tolon;1
2026;AGOSTO;CUADRO JACKET 2.0;[JAPCA162TXL] CUADRO JACKET 2.0 CAB (XL, Azul Polo);JAPCA162TXL;CAB;Azul Polo;XL;Sambil Valencia;1
2026;AGOSTO;CUADRO JACKET 2.0;[JAPCA162TM] CUADRO JACKET 2.0 CAB (M, Azul Polo);JAPCA162TM;CAB;Azul Polo;M;Sambil Valencia;1
2026;AGOSTO;CUADRO JACKET 2.0;[JAPKI35T8] CUADRO JACKET 2.0 KIDS (8, Magenta);JAPKI35T8;KIDS;Magenta;8;La Grieta;1
2026;AGOSTO;CUADRO JACKET 2.0;[JAPDA35TXS] CUADRO JACKET 2.0 DAMA (XS, Magenta);JAPDA35TXS;DAMA;Magenta;XS;La Vela;1
2026;AGOSTO;CUADRO JACKET 2.0;[JAPCA43TM] CUADRO JACKET 2.0 CAB (M, NEGRO);JAPCA43TM;CAB;NEGRO;M;La Grieta;1
2026;AGOSTO;CUADRO JACKET 2.0;[JAPDA35TM] CUADRO JACKET 2.0 DAMA (M, Magenta);JAPDA35TM;DAMA;Magenta;M;Sambil Valencia;1
2026;AGOSTO;CUADRO JACKET 2.0;[JAPCA162TXL] CUADRO JACKET 2.0 CAB (XL, Azul Polo);JAPCA162TXL;CAB;Azul Polo;XL;Tolon;1
2026;AGOSTO;CUADRO JACKET 2.0;[JAPDA35TXS] CUADRO JACKET 2.0 DAMA (XS, Magenta);JAPDA35TXS;DAMA;Magenta;XS;Sambil Valencia;1
2026;AGOSTO;CUADRO JACKET 2.0;[JAPDA35TL] CUADRO JACKET 2.0 DAMA (L, Magenta);JAPDA35TL;DAMA;Magenta;L;La Grieta;1
2026;AGOSTO;CUADRO JACKET 2.0;[JAPCA16TL] CUADRO JACKET 2.0 CAB (L, BLANCO);JAPCA16TL;CAB;BLANCO;L;La Grieta;1
2026;AGOSTO;CUADRO JACKET 2.0;[JAPCA43TM] CUADRO JACKET 2.0 CAB (M, NEGRO);JAPCA43TM;CAB;NEGRO;M;Sambil Valencia;1
2026;AGOSTO;CUADRO JACKET 2.0;[JAPCA16TM] CUADRO JACKET 2.0 CAB (M, BLANCO);JAPCA16TM;CAB;BLANCO;M;Sambil Valencia;1
2026;AGOSTO;CUADRO JACKET 2.0;[JAPDA43TM] CUADRO JACKET 2.0 DAMA (M, NEGRO);JAPDA43TM;DAMA;NEGRO;M;Sambil Valencia;1
2026;AGOSTO;CUADRO JACKET 2.0;[JAPDA35TS] CUADRO JACKET 2.0 DAMA (S, Magenta);JAPDA35TS;DAMA;Magenta;S;Sambil Chacao ;1
2026;AGOSTO;CUADRO JACKET 2.0;[JAPCA43TXL] CUADRO JACKET 2.0 CAB (XL, NEGRO);JAPCA43TXL;CAB;NEGRO;XL;Sambil Chacao ;1
2026;AGOSTO;CUADRO JACKET 2.0;[JAPDA43TXS] CUADRO JACKET 2.0 DAMA (XS, NEGRO);JAPDA43TXS;DAMA;NEGRO;XS;Sambil Valencia;1
2026;AGOSTO;CUADRO JACKET 2.0;[JAPCA43TL] CUADRO JACKET 2.0 CAB (L, NEGRO);JAPCA43TL;CAB;NEGRO;L;Sambil Chacao ;1
2026;AGOSTO;CUADRO JACKET 2.0;[JAPCA43TXL] CUADRO JACKET 2.0 CAB (XL, NEGRO);JAPCA43TXL;CAB;NEGRO;XL;Sambil Chacao ;1
2026;AGOSTO;CUADRO JACKET 2.0;[JAPCA162TM] CUADRO JACKET 2.0 CAB (M, Azul Polo);JAPCA162TM;CAB;Azul Polo;M;Cerro Verde ;1
2026;AGOSTO;CUADRO JACKET 2.0;[JAPDA162TL] CUADRO JACKET 2.0 DAMA (L, Azul Polo);JAPDA162TL;DAMA;Azul Polo;L;Sambil Valencia;2
2026;AGOSTO;CUADRO JACKET 2.0;[JAPDA162TS] CUADRO JACKET 2.0 DAMA (S, Azul Polo);JAPDA162TS;DAMA;Azul Polo;S;Cerro Verde ;1
2026;AGOSTO;CUADRO JACKET 2.0;[JAPCA43TL] CUADRO JACKET 2.0 CAB (L, NEGRO);JAPCA43TL;CAB;NEGRO;L;Sambil Chacao ;1
2026;AGOSTO;CUADRO JACKET 2.0;[JAPCA43TL] CUADRO JACKET 2.0 CAB (L, NEGRO);JAPCA43TL;CAB;NEGRO;L;Sambil Valencia;1
2026;AGOSTO;CUADRO JACKET 2.0;[JAPCA66TL] CUADRO JACKET 2.0 CAB (L, VERDE MILITAR);JAPCA66TL;CAB;VERDE MILITAR;L;Cerro Verde ;1
2026;AGOSTO;CUADRO JACKET 2.0;[JAPDA16TL] CUADRO JACKET 2.0 DAMA (L, BLANCO);JAPDA16TL;DAMA;BLANCO;L;La Grieta;1
2026;AGOSTO;CUADRO JACKET 2.0;[JAPDA43TXS] CUADRO JACKET 2.0 DAMA (XS, NEGRO);JAPDA43TXS;DAMA;NEGRO;XS;Sambil Valencia;1
2026;AGOSTO;CUADRO JACKET 2.0;[JAPCA16TM] CUADRO JACKET 2.0 CAB (M, BLANCO);JAPCA16TM;CAB;BLANCO;M;Sambil Valencia;1
2026;AGOSTO;CUADRO JACKET 2.0;[JAPCA43TM] CUADRO JACKET 2.0 CAB (M, NEGRO);JAPCA43TM;CAB;NEGRO;M;Sambil Valencia;1
2026;AGOSTO;CUADRO JACKET 2.0;[JAPDA66TL] CUADRO JACKET 2.0 DAMA (L, VERDE MILITAR);JAPDA66TL;DAMA;VERDE MILITAR;L;La Vela;1
2026;AGOSTO;CUADRO JACKET 2.0;[JAPDA66TS] CUADRO JACKET 2.0 DAMA (S, VERDE MILITAR);JAPDA66TS;DAMA;VERDE MILITAR;S;La Vela;-1
2026;AGOSTO;CUADRO JACKET 2.0;[JAPCA43TXL] CUADRO JACKET 2.0 CAB (XL, NEGRO);JAPCA43TXL;CAB;NEGRO;XL;Sambil Valencia;1
2026;AGOSTO;CUADRO JACKET 2.0;[JAPCA66TM] CUADRO JACKET 2.0 CAB (M, VERDE MILITAR);JAPCA66TM;CAB;VERDE MILITAR;M;Tolon;1
2026;AGOSTO;CUADRO JACKET 2.0;[JAPDA66TS] CUADRO JACKET 2.0 DAMA (S, VERDE MILITAR);JAPDA66TS;DAMA;VERDE MILITAR;S;Cerro Verde ;1
2026;AGOSTO;CUADRO JACKET 2.0;[JAPDA43TS] CUADRO JACKET 2.0 DAMA (S, NEGRO);JAPDA43TS;DAMA;NEGRO;S;Cerro Verde ;1
2026;AGOSTO;CUADRO JACKET 2.0;[JAPKI35T10] CUADRO JACKET 2.0 KIDS (10, Magenta);JAPKI35T10;KIDS;Magenta;10;Sambil Valencia;1
2026;AGOSTO;CUADRO JACKET 2.0;[JAPKI162T8] CUADRO JACKET 2.0 KIDS (8, Azul Polo);JAPKI162T8;KIDS;Azul Polo;8;Sambil Valencia;1
2026;AGOSTO;CUADRO JACKET 2.0;[JAPDA35TL] CUADRO JACKET 2.0 DAMA (L, Magenta);JAPDA35TL;DAMA;Magenta;L;Sambil Valencia;1
2026;AGOSTO;CUADRO JACKET 2.0;[JAPDA162TM] CUADRO JACKET 2.0 DAMA (M, Azul Polo);JAPDA162TM;DAMA;Azul Polo;M;La Grieta;1
2026;AGOSTO;CUADRO JACKET 2.0;[JAPCA162TM] CUADRO JACKET 2.0 CAB (M, Azul Polo);JAPCA162TM;CAB;Azul Polo;M;La Grieta;-1
2026;AGOSTO;CUADRO JACKET 2.0;[JAPKI162T4] CUADRO JACKET 2.0 KIDS (4, Azul Polo);JAPKI162T4;KIDS;Azul Polo;4;Cerro Verde ;1
2026;AGOSTO;CUADRO JACKET 2.0;[JAPCA162TM] CUADRO JACKET 2.0 CAB (M, Azul Polo);JAPCA162TM;CAB;Azul Polo;M;La Grieta;1
2026;AGOSTO;CUADRO JACKET 2.0;[JAPCA01TM] CUADRO JACKET 2.0 CAB (M, AGUAMARINA);JAPCA01TM;CAB;AGUAMARINA;M;Sambil Chacao ;1
2026;AGOSTO;CUADRO JACKET 2.0;[JAPDA43TXL] CUADRO JACKET 2.0 DAMA (XL, NEGRO);JAPDA43TXL;DAMA;NEGRO;XL;Sambil Valencia;1
2026;AGOSTO;CUADRO JACKET 2.0;[JAPKI162T10] CUADRO JACKET 2.0 KIDS (10, Azul Polo);JAPKI162T10;KIDS;Azul Polo;10;Sambil Valencia;1
2026;AGOSTO;CUADRO JACKET 2.0;[JAPCA43TL] CUADRO JACKET 2.0 CAB (L, NEGRO);JAPCA43TL;CAB;NEGRO;L;Cerro Verde ;1
2026;AGOSTO;CUADRO JACKET 2.0;[JAPDA43TXS] CUADRO JACKET 2.0 DAMA (XS, NEGRO);JAPDA43TXS;DAMA;NEGRO;XS;Tolon;1
2026;AGOSTO;CUADRO JACKET 2.0;[JAPDA16TXS] CUADRO JACKET 2.0 DAMA (XS, BLANCO);JAPDA16TXS;DAMA;BLANCO;XS;Sambil Valencia;1
2026;AGOSTO;CUADRO JACKET 2.0;[JAPKI162T12] CUADRO JACKET 2.0 KIDS (12, Azul Polo);JAPKI162T12;KIDS;Azul Polo;12;La Vela;1
2026;AGOSTO;CUADRO JACKET 2.0;[JAPDA43TXS] CUADRO JACKET 2.0 DAMA (XS, NEGRO);JAPDA43TXS;DAMA;NEGRO;XS;Sambil Valencia;1
2026;AGOSTO;CUADRO JACKET 2.0;[JAPCA43TL] CUADRO JACKET 2.0 CAB (L, NEGRO);JAPCA43TL;CAB;NEGRO;L;Sambil Valencia;1
2026;AGOSTO;CUADRO JACKET 2.0;[JAPCA43TL] CUADRO JACKET 2.0 CAB (L, NEGRO);JAPCA43TL;CAB;NEGRO;L;Tolon;1
2026;AGOSTO;CUADRO JACKET 2.0;[JAPKI162T8] CUADRO JACKET 2.0 KIDS (8, Azul Polo);JAPKI162T8;KIDS;Azul Polo;8;Cerro Verde ;1
2026;AGOSTO;CUADRO JACKET 2.0;[JAPCA16T2XL] CUADRO JACKET 2.0 CAB (2XL, BLANCO);JAPCA16T2XL;CAB;BLANCO;2XL;Sambil Valencia;1
2026;AGOSTO;CUADRO JACKET 2.0;[JAPCA43TXL] CUADRO JACKET 2.0 CAB (XL, NEGRO);JAPCA43TXL;CAB;NEGRO;XL;Sambil Valencia;1
2026;AGOSTO;CUADRO JACKET 2.0;[JAPCA66TXL] CUADRO JACKET 2.0 CAB (XL, VERDE MILITAR);JAPCA66TXL;CAB;VERDE MILITAR;XL;Sambil Chacao ;1
2026;AGOSTO;CUADRO JACKET 2.0;[JAPCA43TXL] CUADRO JACKET 2.0 CAB (XL, NEGRO);JAPCA43TXL;CAB;NEGRO;XL;Sambil Chacao ;1
2026;AGOSTO;CUADRO JACKET 2.0;[JAPCA162TXL] CUADRO JACKET 2.0 CAB (XL, Azul Polo);JAPCA162TXL;CAB;Azul Polo;XL;Sambil Chacao ;1
2026;AGOSTO;CUADRO JACKET 2.0;[JAPDA16TXS] CUADRO JACKET 2.0 DAMA (XS, BLANCO);JAPDA16TXS;DAMA;BLANCO;XS;Grandplaz ;1
2026;AGOSTO;CUADRO JACKET 2.0;[JAPCA16TM] CUADRO JACKET 2.0 CAB (M, BLANCO);JAPCA16TM;CAB;BLANCO;M;Grandplaz ;1
2026;AGOSTO;CUADRO JACKET 2.0;[JAPDA35TL] CUADRO JACKET 2.0 DAMA (L, Magenta);JAPDA35TL;DAMA;Magenta;L;La Vela;1
2026;AGOSTO;CUADRO JACKET 2.0;[JAPDA35TXS] CUADRO JACKET 2.0 DAMA (XS, Magenta);JAPDA35TXS;DAMA;Magenta;XS;La Vela;1
2026;AGOSTO;CUADRO JACKET 2.0;[JAPKI35T12] CUADRO JACKET 2.0 KIDS (12, Magenta);JAPKI35T12;KIDS;Magenta;12;La Vela;-1
2026;AGOSTO;CUADRO JACKET 2.0;[JAPCA66T2XL] CUADRO JACKET 2.0 CAB (2XL, VERDE MILITAR);JAPCA66T2XL;CAB;VERDE MILITAR;2XL;Cerro Verde ;1
2026;AGOSTO;CUADRO JACKET 2.0;[JAPDA01TS] CUADRO JACKET 2.0 DAMA (S, AGUAMARINA);JAPDA01TS;DAMA;AGUAMARINA;S;Cerro Verde ;1
2026;AGOSTO;CUADRO JACKET 2.0;[JAPKI01T12] CUADRO JACKET 2.0 KIDS (12, AGUAMARINA);JAPKI01T12;KIDS;AGUAMARINA;12;Sambil Valencia;1
2026;AGOSTO;CUADRO JACKET 2.0;[JAPCA43TM] CUADRO JACKET 2.0 CAB (M, NEGRO);JAPCA43TM;CAB;NEGRO;M;Sambil Valencia;1
2026;AGOSTO;CUADRO JACKET 2.0;[JAPDA43TS] CUADRO JACKET 2.0 DAMA (S, NEGRO);JAPDA43TS;DAMA;NEGRO;S;Sambil Valencia;1
2026;AGOSTO;CUADRO JACKET 2.0;[JAPCA43TS] CUADRO JACKET 2.0 CAB (S, NEGRO);JAPCA43TS;CAB;NEGRO;S;Sambil Valencia;1
2026;AGOSTO;CUADRO JACKET 2.0;[JAPDA43TXS] CUADRO JACKET 2.0 DAMA (XS, NEGRO);JAPDA43TXS;DAMA;NEGRO;XS;Cerro Verde ;1
2026;AGOSTO;CUADRO JACKET 2.0;[JAPCA43T2XL] CUADRO JACKET 2.0 CAB (2XL, NEGRO);JAPCA43T2XL;CAB;NEGRO;2XL;La Vela;1
2026;AGOSTO;CUADRO JACKET 2.0;[JAPDA66TS] CUADRO JACKET 2.0 DAMA (S, VERDE MILITAR);JAPDA66TS;DAMA;VERDE MILITAR;S;La Vela;1
2026;AGOSTO;CUADRO JACKET 2.0;[JAPCA16TM] CUADRO JACKET 2.0 CAB (M, BLANCO);JAPCA16TM;CAB;BLANCO;M;Sambil Valencia;1
2026;AGOSTO;CUADRO JACKET 2.0;[JAPCA43T2XL] CUADRO JACKET 2.0 CAB (2XL, NEGRO);JAPCA43T2XL;CAB;NEGRO;2XL;La Grieta;1
2026;AGOSTO;CUADRO JACKET 2.0;[JAPCA16TM] CUADRO JACKET 2.0 CAB (M, BLANCO);JAPCA16TM;CAB;BLANCO;M;Sambil Valencia;1
2026;AGOSTO;CUADRO JACKET 2.0;[JAPKI43T6] CUADRO JACKET 2.0 KIDS (6, NEGRO);JAPKI43T6;KIDS;NEGRO;6;Sambil Valencia;1
2026;AGOSTO;CUADRO JACKET 2.0;[JAPDA66TM] CUADRO JACKET 2.0 DAMA (M, VERDE MILITAR);JAPDA66TM;DAMA;VERDE MILITAR;M;Sambil Chacao ;1
2026;AGOSTO;CUADRO JACKET 2.0;[JAPKI35T8] CUADRO JACKET 2.0 KIDS (8, Magenta);JAPKI35T8;KIDS;Magenta;8;Sambil Chacao ;1
2026;AGOSTO;CUADRO JACKET 2.0;[JAPCA43TS] CUADRO JACKET 2.0 CAB (S, NEGRO);JAPCA43TS;CAB;NEGRO;S;Sambil Chacao ;1
2026;AGOSTO;CUADRO JACKET 2.0;[JAPDA43TXS] CUADRO JACKET 2.0 DAMA (XS, NEGRO);JAPDA43TXS;DAMA;NEGRO;XS;Sambil Chacao ;1
2026;AGOSTO;CUADRO JACKET 2.0;[JAPDA01TXS] CUADRO JACKET 2.0 DAMA (XS, AGUAMARINA);JAPDA01TXS;DAMA;AGUAMARINA;XS;Sambil Chacao ;1
2026;AGOSTO;CUADRO JACKET 2.0;[JAPDA43TXS] CUADRO JACKET 2.0 DAMA (XS, NEGRO);JAPDA43TXS;DAMA;NEGRO;XS;Sambil Chacao ;1
2026;AGOSTO;CUADRO JACKET 2.0;[JAPDA16TXL] CUADRO JACKET 2.0 DAMA (XL, BLANCO);JAPDA16TXL;DAMA;BLANCO;XL;Sambil Chacao ;1
2026;AGOSTO;CUADRO JACKET 2.0;[JAPCA66TL] CUADRO JACKET 2.0 CAB (L, VERDE MILITAR);JAPCA66TL;CAB;VERDE MILITAR;L;Sambil Chacao ;1
2026;AGOSTO;CUADRO JACKET 2.0;[JAPDA16TS] CUADRO JACKET 2.0 DAMA (S, BLANCO);JAPDA16TS;DAMA;BLANCO;S;La Grieta;1
2026;AGOSTO;CUADRO JACKET 2.0;[JAPDA16TM] CUADRO JACKET 2.0 DAMA (M, BLANCO);JAPDA16TM;DAMA;BLANCO;M;La Grieta;1
2026;AGOSTO;CUADRO JACKET 2.0;[JAPCA162TXL] CUADRO JACKET 2.0 CAB (XL, Azul Polo);JAPCA162TXL;CAB;Azul Polo;XL;Cerro Verde ;1
2026;AGOSTO;CUADRO JACKET 2.0;[JAPCA43TL] CUADRO JACKET 2.0 CAB (L, NEGRO);JAPCA43TL;CAB;NEGRO;L;La Grieta;1
2026;AGOSTO;CUADRO JACKET 2.0;[JAPCA01T2XL] CUADRO JACKET 2.0 CAB (2XL, AGUAMARINA);JAPCA01T2XL;CAB;AGUAMARINA;2XL;Sambil Chacao ;1
2026;AGOSTO;CUADRO JACKET 2.0;[JAPCA16TM] CUADRO JACKET 2.0 CAB (M, BLANCO);JAPCA16TM;CAB;BLANCO;M;La Grieta;1
2026;AGOSTO;CUADRO JACKET 2.0;[JAPDA16TM] CUADRO JACKET 2.0 DAMA (M, BLANCO);JAPDA16TM;DAMA;BLANCO;M;Sambil Chacao ;1
2026;AGOSTO;CUADRO JACKET 2.0;[JAPCA43TS] CUADRO JACKET 2.0 CAB (S, NEGRO);JAPCA43TS;CAB;NEGRO;S;Sambil Chacao ;1
2026;AGOSTO;CUADRO JACKET 2.0;[JAPCA162TM] CUADRO JACKET 2.0 CAB (M, Azul Polo);JAPCA162TM;CAB;Azul Polo;M;Sambil Valencia;1
2026;AGOSTO;CUADRO JACKET 2.0;[JAPCA162T2XL] CUADRO JACKET 2.0 CAB (2XL, Azul Polo);JAPCA162T2XL;CAB;Azul Polo;2XL;Sambil Valencia;1
2026;AGOSTO;CUADRO JACKET 2.0;[JAPDA162TS] CUADRO JACKET 2.0 DAMA (S, Azul Polo);JAPDA162TS;DAMA;Azul Polo;S;Sambil Valencia;1
2026;AGOSTO;CUADRO JACKET 2.0;[JAPDA43TS] CUADRO JACKET 2.0 DAMA (S, NEGRO);JAPDA43TS;DAMA;NEGRO;S;Sambil Valencia;1
2026;AGOSTO;CUADRO JACKET 2.0;[JAPDA35TXS] CUADRO JACKET 2.0 DAMA (XS, Magenta);JAPDA35TXS;DAMA;Magenta;XS;Cerro Verde ;1
2026;AGOSTO;CUADRO JACKET 2.0;[JAPCA16TS] CUADRO JACKET 2.0 CAB (S, BLANCO);JAPCA16TS;CAB;BLANCO;S;Sambil Chacao ;1
2026;AGOSTO;CUADRO JACKET 2.0;[JAPDA16TXS] CUADRO JACKET 2.0 DAMA (XS, BLANCO);JAPDA16TXS;DAMA;BLANCO;XS;Sambil Chacao ;1
2026;AGOSTO;CUADRO JACKET 2.0;[JAPCA162TM] CUADRO JACKET 2.0 CAB (M, Azul Polo);JAPCA162TM;CAB;Azul Polo;M;Cerro Verde ;1
2026;AGOSTO;CUADRO JACKET 2.0;[JAPCA43TM] CUADRO JACKET 2.0 CAB (M, NEGRO);JAPCA43TM;CAB;NEGRO;M;Sambil Valencia;1
2026;AGOSTO;CUADRO JACKET 2.0;[JAPCA43TM] CUADRO JACKET 2.0 CAB (M, NEGRO);JAPCA43TM;CAB;NEGRO;M;Sambil Valencia;1
2026;AGOSTO;CUADRO JACKET 2.0;[JAPDA162TL] CUADRO JACKET 2.0 DAMA (L, Azul Polo);JAPDA162TL;DAMA;Azul Polo;L;Pedidos;1
2026;AGOSTO;CUADRO JACKET 2.0;[JAPCA162TS] CUADRO JACKET 2.0 CAB (S, Azul Polo);JAPCA162TS;CAB;Azul Polo;S;Cerro Verde ;1
2026;AGOSTO;CUADRO JACKET 2.0;[JAPDA01TXS] CUADRO JACKET 2.0 DAMA (XS, AGUAMARINA);JAPDA01TXS;DAMA;AGUAMARINA;XS;La Grieta;1
2026;AGOSTO;CUADRO JACKET 2.0;[JAPKI35T8] CUADRO JACKET 2.0 KIDS (8, Magenta);JAPKI35T8;KIDS;Magenta;8;La Grieta;1
2026;AGOSTO;CUADRO JACKET 2.0;[JAPDA35TM] CUADRO JACKET 2.0 DAMA (M, Magenta);JAPDA35TM;DAMA;Magenta;M;La Grieta;1
2026;AGOSTO;CUADRO JACKET 2.0;[JAPKI35T10] CUADRO JACKET 2.0 KIDS (10, Magenta);JAPKI35T10;KIDS;Magenta;10;La Grieta;1
2026;AGOSTO;CUADRO JACKET 2.0;[JAPCA43TM] CUADRO JACKET 2.0 CAB (M, NEGRO);JAPCA43TM;CAB;NEGRO;M;Sambil Valencia;1
2026;AGOSTO;CUADRO JACKET 2.0;[JAPDA43TS] CUADRO JACKET 2.0 DAMA (S, NEGRO);JAPDA43TS;DAMA;NEGRO;S;Sambil Valencia;1
2026;AGOSTO;CUADRO JACKET 2.0;[JAPCA43T2XL] CUADRO JACKET 2.0 CAB (2XL, NEGRO);JAPCA43T2XL;CAB;NEGRO;2XL;La Vela;1
2026;AGOSTO;CUADRO JACKET 2.0;[JAPCA66T2XL] CUADRO JACKET 2.0 CAB (2XL, VERDE MILITAR);JAPCA66T2XL;CAB;VERDE MILITAR;2XL;La Vela;1
2026;AGOSTO;CUADRO JACKET 2.0;[JAPCA66TM] CUADRO JACKET 2.0 CAB (M, VERDE MILITAR);JAPCA66TM;CAB;VERDE MILITAR;M;La Vela;1
2026;AGOSTO;CUADRO JACKET 2.0;[JAPDA43TM] CUADRO JACKET 2.0 DAMA (M, NEGRO);JAPDA43TM;DAMA;NEGRO;M;Sambil Valencia;1
2026;AGOSTO;CUADRO JACKET 2.0;[JAPDA162TS] CUADRO JACKET 2.0 DAMA (S, Azul Polo);JAPDA162TS;DAMA;Azul Polo;S;Sambil Valencia;1
2026;AGOSTO;CUADRO JACKET 2.0;[JAPDA16TS] CUADRO JACKET 2.0 DAMA (S, BLANCO);JAPDA16TS;DAMA;BLANCO;S;Sambil Valencia;1
2026;AGOSTO;CUADRO JACKET 2.0;[JAPCA43TXL] CUADRO JACKET 2.0 CAB (XL, NEGRO);JAPCA43TXL;CAB;NEGRO;XL;Cerro Verde ;1
2026;AGOSTO;CUADRO JACKET 2.0;[JAPCA162TL] CUADRO JACKET 2.0 CAB (L, Azul Polo);JAPCA162TL;CAB;Azul Polo;L;Sambil Chacao ;1
2026;AGOSTO;CUADRO JACKET 2.0;[JAPCA16TXL] CUADRO JACKET 2.0 CAB (XL, BLANCO);JAPCA16TXL;CAB;BLANCO;XL;Sambil Chacao ;1
2026;AGOSTO;CUADRO JACKET 2.0;[JAPDA66TXS] CUADRO JACKET 2.0 DAMA (XS, VERDE MILITAR);JAPDA66TXS;DAMA;VERDE MILITAR;XS;Sambil Valencia;1
2026;AGOSTO;CUADRO JACKET 2.0;[JAPKI35T2] CUADRO JACKET 2.0 KIDS (2, Magenta);JAPKI35T2;KIDS;Magenta;2;Cerro Verde ;1
2026;AGOSTO;CUADRO JACKET 2.0;[JAPCA43TXL] CUADRO JACKET 2.0 CAB (XL, NEGRO);JAPCA43TXL;CAB;NEGRO;XL;Sambil Valencia;1
2026;AGOSTO;CUADRO JACKET 2.0;[JAPCA43TL] CUADRO JACKET 2.0 CAB (L, NEGRO);JAPCA43TL;CAB;NEGRO;L;La Grieta;1
2026;AGOSTO;CUADRO JACKET 2.0;[JAPKI35T2] CUADRO JACKET 2.0 KIDS (2, Magenta);JAPKI35T2;KIDS;Magenta;2;Sambil Valencia;1
2026;AGOSTO;CUADRO JACKET 2.0;[JAPDA35TM] CUADRO JACKET 2.0 DAMA (M, Magenta);JAPDA35TM;DAMA;Magenta;M;Pedidos;1
2026;AGOSTO;CUADRO JACKET 2.0;[JAPDA35TL] CUADRO JACKET 2.0 DAMA (L, Magenta);JAPDA35TL;DAMA;Magenta;L;La Vela;1
2026;AGOSTO;CUADRO JACKET 2.0;[JAPDA01TM] CUADRO JACKET 2.0 DAMA (M, AGUAMARINA);JAPDA01TM;DAMA;AGUAMARINA;M;La Vela;1
2026;AGOSTO;CUADRO JACKET 2.0;[JAPCA66TM] CUADRO JACKET 2.0 CAB (M, VERDE MILITAR);JAPCA66TM;CAB;VERDE MILITAR;M;Sambil Valencia;1
2026;AGOSTO;CUADRO JACKET 2.0;[JAPDA43TM] CUADRO JACKET 2.0 DAMA (M, NEGRO);JAPDA43TM;DAMA;NEGRO;M;Cerro Verde ;1
2026;AGOSTO;CUADRO JACKET 2.0;[JAPDA66TS] CUADRO JACKET 2.0 DAMA (S, VERDE MILITAR);JAPDA66TS;DAMA;VERDE MILITAR;S;Cerro Verde ;1
2026;AGOSTO;CUADRO JACKET 2.0;[JAPDA01TXS] CUADRO JACKET 2.0 DAMA (XS, AGUAMARINA);JAPDA01TXS;DAMA;AGUAMARINA;XS;Tolon;-1
2026;AGOSTO;CUADRO JACKET 2.0;[JAPCA01TS] CUADRO JACKET 2.0 CAB (S, AGUAMARINA);JAPCA01TS;CAB;AGUAMARINA;S;Sambil Chacao ;1
2026;AGOSTO;CUADRO JACKET 2.0;[JAPCA16TL] CUADRO JACKET 2.0 CAB (L, BLANCO);JAPCA16TL;CAB;BLANCO;L;Cerro Verde ;1
2026;AGOSTO;CUADRO JACKET 2.0;[JAPDA16TXS] CUADRO JACKET 2.0 DAMA (XS, BLANCO);JAPDA16TXS;DAMA;BLANCO;XS;Cerro Verde ;1
2026;AGOSTO;CUADRO JACKET 2.0;[JAPDA16TXS] CUADRO JACKET 2.0 DAMA (XS, BLANCO);JAPDA16TXS;DAMA;BLANCO;XS;Cerro Verde ;-1
2026;AGOSTO;CUADRO JACKET 2.0;[JAPCA16TL] CUADRO JACKET 2.0 CAB (L, BLANCO);JAPCA16TL;CAB;BLANCO;L;Cerro Verde ;-1
2026;AGOSTO;CUADRO JACKET 2.0;[JAPCA43TXL] CUADRO JACKET 2.0 CAB (XL, NEGRO);JAPCA43TXL;CAB;NEGRO;XL;Sambil Valencia;1
2026;AGOSTO;CUADRO JACKET 2.0;[JAPDA66TS] CUADRO JACKET 2.0 DAMA (S, VERDE MILITAR);JAPDA66TS;DAMA;VERDE MILITAR;S;Cerro Verde ;1
2026;AGOSTO;CUADRO JACKET 2.0;[JAPCA16TS] CUADRO JACKET 2.0 CAB (S, BLANCO);JAPCA16TS;CAB;BLANCO;S;Sambil Valencia;1
2026;AGOSTO;CUADRO JACKET 2.0;[JAPKI01T6] CUADRO JACKET 2.0 KIDS (6, AGUAMARINA);JAPKI01T6;KIDS;AGUAMARINA;6;Cerro Verde ;1
2026;AGOSTO;CUADRO JACKET 2.0;[JAPKI01T4] CUADRO JACKET 2.0 KIDS (4, AGUAMARINA);JAPKI01T4;KIDS;AGUAMARINA;4;Cerro Verde ;1
2026;AGOSTO;CUADRO JACKET 2.0;[JAPCA162TM] CUADRO JACKET 2.0 CAB (M, Azul Polo);JAPCA162TM;CAB;Azul Polo;M;La Grieta;1
2026;AGOSTO;CUADRO JACKET 2.0;[JAPCA162TL] CUADRO JACKET 2.0 CAB (L, Azul Polo);JAPCA162TL;CAB;Azul Polo;L;La Grieta;1
2026;AGOSTO;CUADRO JACKET 2.0;[JAPCA16TL] CUADRO JACKET 2.0 CAB (L, BLANCO);JAPCA16TL;CAB;BLANCO;L;Cerro Verde ;1
2026;AGOSTO;CUADRO JACKET 2.0;[JAPDA16TXS] CUADRO JACKET 2.0 DAMA (XS, BLANCO);JAPDA16TXS;DAMA;BLANCO;XS;Cerro Verde ;1
2026;AGOSTO;CUADRO JACKET 2.0;[JAPCA43T2XL] CUADRO JACKET 2.0 CAB (2XL, NEGRO);JAPCA43T2XL;CAB;NEGRO;2XL;Sambil Chacao ;1
2026;AGOSTO;CUADRO JACKET 2.0;[JAPCA66TS] CUADRO JACKET 2.0 CAB (S, VERDE MILITAR);JAPCA66TS;CAB;VERDE MILITAR;S;Cerro Verde ;1
2026;AGOSTO;CUADRO JACKET 2.0;[JAPDA16TS] CUADRO JACKET 2.0 DAMA (S, BLANCO);JAPDA16TS;DAMA;BLANCO;S;La Vela;1
2026;AGOSTO;CUADRO JACKET 2.0;[JAPDA16TXS] CUADRO JACKET 2.0 DAMA (XS, BLANCO);JAPDA16TXS;DAMA;BLANCO;XS;La Vela;1
2026;AGOSTO;CUADRO JACKET 2.0;[JAPCA66TXL] CUADRO JACKET 2.0 CAB (XL, VERDE MILITAR);JAPCA66TXL;CAB;VERDE MILITAR;XL;Cerro Verde ;1
2026;AGOSTO;CUADRO JACKET 2.0;[JAPDA162TXS] CUADRO JACKET 2.0 DAMA (XS, Azul Polo);JAPDA162TXS;DAMA;Azul Polo;XS;Cerro Verde ;1
2026;AGOSTO;CUADRO JACKET 2.0;[JAPDA43TXS] CUADRO JACKET 2.0 DAMA (XS, NEGRO);JAPDA43TXS;DAMA;NEGRO;XS;Sambil Valencia;1
2026;AGOSTO;CUADRO JACKET 2.0;[JAPCA66TL] CUADRO JACKET 2.0 CAB (L, VERDE MILITAR);JAPCA66TL;CAB;VERDE MILITAR;L;Sambil Valencia;1
2026;AGOSTO;CUADRO JACKET 2.0;[JAPDA01TS] CUADRO JACKET 2.0 DAMA (S, AGUAMARINA);JAPDA01TS;DAMA;AGUAMARINA;S;Cerro Verde ;1
2026;AGOSTO;CUADRO JACKET 2.0;[JAPDA162TS] CUADRO JACKET 2.0 DAMA (S, Azul Polo);JAPDA162TS;DAMA;Azul Polo;S;Cerro Verde ;1
2026;AGOSTO;CUADRO JACKET 2.0;[JAPCA162TS] CUADRO JACKET 2.0 CAB (S, Azul Polo);JAPCA162TS;CAB;Azul Polo;S;Cerro Verde ;1
2026;AGOSTO;CUADRO JACKET 2.0;[JAPCA16TS] CUADRO JACKET 2.0 CAB (S, BLANCO);JAPCA16TS;CAB;BLANCO;S;Cerro Verde ;1
2026;AGOSTO;CUADRO JACKET 2.0;[JAPCA162TM] CUADRO JACKET 2.0 CAB (M, Azul Polo);JAPCA162TM;CAB;Azul Polo;M;Cerro Verde ;-1
2026;AGOSTO;CUADRO JACKET 2.0;[JAPCA66TM] CUADRO JACKET 2.0 CAB (M, VERDE MILITAR);JAPCA66TM;CAB;VERDE MILITAR;M;Cerro Verde ;-1
2026;AGOSTO;CUADRO JACKET 2.0;[JAPCA43T2XL] CUADRO JACKET 2.0 CAB (2XL, NEGRO);JAPCA43T2XL;CAB;NEGRO;2XL;Sambil Chacao ;1
2026;AGOSTO;CUADRO JACKET 2.0;[JAPCA16T2XL] CUADRO JACKET 2.0 CAB (2XL, BLANCO);JAPCA16T2XL;CAB;BLANCO;2XL;Sambil Chacao ;1
2026;AGOSTO;CUADRO JACKET 2.0;[JAPCA66TL] CUADRO JACKET 2.0 CAB (L, VERDE MILITAR);JAPCA66TL;CAB;VERDE MILITAR;L;Tolon;1
2026;AGOSTO;CUADRO JACKET 2.0;[JAPDA01TS] CUADRO JACKET 2.0 DAMA (S, AGUAMARINA);JAPDA01TS;DAMA;AGUAMARINA;S;Sambil Valencia;1
2026;AGOSTO;CUADRO JACKET 2.0;[JAPCA43TL] CUADRO JACKET 2.0 CAB (L, NEGRO);JAPCA43TL;CAB;NEGRO;L;Cerro Verde ;1
2026;AGOSTO;CUADRO JACKET 2.0;[JAPCA66TL] CUADRO JACKET 2.0 CAB (L, VERDE MILITAR);JAPCA66TL;CAB;VERDE MILITAR;L;Cerro Verde ;1
2026;AGOSTO;CUADRO JACKET 2.0;[JAPDA35TS] CUADRO JACKET 2.0 DAMA (S, Magenta);JAPDA35TS;DAMA;Magenta;S;Sambil Valencia;1
2026;AGOSTO;CUADRO JACKET 2.0;[JAPCA16TL] CUADRO JACKET 2.0 CAB (L, BLANCO);JAPCA16TL;CAB;BLANCO;L;Sambil Chacao ;1
2026;AGOSTO;CUADRO JACKET 2.0;[JAPDA16TS] CUADRO JACKET 2.0 DAMA (S, BLANCO);JAPDA16TS;DAMA;BLANCO;S;Sambil Chacao ;1
2026;AGOSTO;CUADRO JACKET 2.0;[JAPCA43TL] CUADRO JACKET 2.0 CAB (L, NEGRO);JAPCA43TL;CAB;NEGRO;L;Sambil Valencia;1
2026;AGOSTO;CUADRO JACKET 2.0;[JAPCA16TM] CUADRO JACKET 2.0 CAB (M, BLANCO);JAPCA16TM;CAB;BLANCO;M;Sambil Valencia;1
2026;AGOSTO;CUADRO JACKET 2.0;[JAPCA43TL] CUADRO JACKET 2.0 CAB (L, NEGRO);JAPCA43TL;CAB;NEGRO;L;La Vela;1
2026;AGOSTO;CUADRO JACKET 2.0;[JAPDA35TXS] CUADRO JACKET 2.0 DAMA (XS, Magenta);JAPDA35TXS;DAMA;Magenta;XS;Cerro Verde ;3
2026;AGOSTO;CUADRO JACKET 2.0;[JAPKI35T12] CUADRO JACKET 2.0 KIDS (12, Magenta);JAPKI35T12;KIDS;Magenta;12;La Vela;1
2026;AGOSTO;CUADRO JACKET 2.0;[JAPDA162TL] CUADRO JACKET 2.0 DAMA (L, Azul Polo);JAPDA162TL;DAMA;Azul Polo;L;La Vela;1
2026;AGOSTO;CUADRO JACKET 2.0;[JAPDA35TS] CUADRO JACKET 2.0 DAMA (S, Magenta);JAPDA35TS;DAMA;Magenta;S;La Vela;1
2026;AGOSTO;CUADRO JACKET 2.0;[JAPKI162T12] CUADRO JACKET 2.0 KIDS (12, Azul Polo);JAPKI162T12;KIDS;Azul Polo;12;Sambil Chacao ;1
2026;AGOSTO;CUADRO JACKET 2.0;[JAPKI35T8] CUADRO JACKET 2.0 KIDS (8, Magenta);JAPKI35T8;KIDS;Magenta;8;Sambil Valencia;1
2026;AGOSTO;CUADRO JACKET 2.0;[JAPKI01T8] CUADRO JACKET 2.0 KIDS (8, AGUAMARINA);JAPKI01T8;KIDS;AGUAMARINA;8;Sambil Valencia;1
2026;AGOSTO;CUADRO JACKET 2.0;[JAPCA43TM] CUADRO JACKET 2.0 CAB (M, NEGRO);JAPCA43TM;CAB;NEGRO;M;Sambil Valencia;1
2026;AGOSTO;CUADRO JACKET 2.0;[JAPCA16TM] CUADRO JACKET 2.0 CAB (M, BLANCO);JAPCA16TM;CAB;BLANCO;M;Sambil Valencia;1
2026;AGOSTO;CUADRO JACKET 2.0;[JAPCA162T2XL] CUADRO JACKET 2.0 CAB (2XL, Azul Polo);JAPCA162T2XL;CAB;Azul Polo;2XL;Cerro Verde ;1
2026;AGOSTO;CUADRO JACKET 2.0;[JAPCA43T2XL] CUADRO JACKET 2.0 CAB (2XL, NEGRO);JAPCA43T2XL;CAB;NEGRO;2XL;Cerro Verde ;1
2026;AGOSTO;CUADRO JACKET 2.0;[JAPCA162T2XL] CUADRO JACKET 2.0 CAB (2XL, Azul Polo);JAPCA162T2XL;CAB;Azul Polo;2XL;Cerro Verde ;1
2026;AGOSTO;CUADRO JACKET 2.0;[JAPDA43TL] CUADRO JACKET 2.0 DAMA (L, NEGRO);JAPDA43TL;DAMA;NEGRO;L;Sambil Valencia;1
2026;AGOSTO;CUADRO JACKET 2.0;[JAPKI01T12] CUADRO JACKET 2.0 KIDS (12, AGUAMARINA);JAPKI01T12;KIDS;AGUAMARINA;12;La Vela;1
2026;AGOSTO;CUADRO JACKET 2.0;[JAPKI162T4] CUADRO JACKET 2.0 KIDS (4, Azul Polo);JAPKI162T4;KIDS;Azul Polo;4;Cerro Verde ;1
2026;AGOSTO;CUADRO JACKET 2.0;[JAPDA35TS] CUADRO JACKET 2.0 DAMA (S, Magenta);JAPDA35TS;DAMA;Magenta;S;La Grieta;1
2026;AGOSTO;CUADRO JACKET 2.0;[JAPCA43TM] CUADRO JACKET 2.0 CAB (M, NEGRO);JAPCA43TM;CAB;NEGRO;M;Sambil Chacao ;1
2026;AGOSTO;CUADRO JACKET 2.0;[JAPDA66TS] CUADRO JACKET 2.0 DAMA (S, VERDE MILITAR);JAPDA66TS;DAMA;VERDE MILITAR;S;Cerro Verde ;1
2026;AGOSTO;CUADRO JACKET 2.0;[JAPDA162TXS] CUADRO JACKET 2.0 DAMA (XS, Azul Polo);JAPDA162TXS;DAMA;Azul Polo;XS;Sambil Valencia;1
2026;AGOSTO;CUADRO JACKET 2.0;[JAPKI01T12] CUADRO JACKET 2.0 KIDS (12, AGUAMARINA);JAPKI01T12;KIDS;AGUAMARINA;12;Sambil Valencia;1
2026;AGOSTO;CUADRO JACKET 2.0;[JAPDA43TM] CUADRO JACKET 2.0 DAMA (M, NEGRO);JAPDA43TM;DAMA;NEGRO;M;Sambil Valencia;1
2026;AGOSTO;CUADRO JACKET 2.0;[JAPDA35TXS] CUADRO JACKET 2.0 DAMA (XS, Magenta);JAPDA35TXS;DAMA;Magenta;XS;Sambil Valencia;1
2026;AGOSTO;CUADRO JACKET 2.0;[JAPDA01TS] CUADRO JACKET 2.0 DAMA (S, AGUAMARINA);JAPDA01TS;DAMA;AGUAMARINA;S;La Vela;1
2026;AGOSTO;CUADRO JACKET 2.0;[JAPDA43TL] CUADRO JACKET 2.0 DAMA (L, NEGRO);JAPDA43TL;DAMA;NEGRO;L;Sambil Chacao ;1
2026;AGOSTO;CUADRO JACKET 2.0;[JAPDA66TS] CUADRO JACKET 2.0 DAMA (S, VERDE MILITAR);JAPDA66TS;DAMA;VERDE MILITAR;S;Cerro Verde ;1
2026;AGOSTO;CUADRO JACKET 2.0;[JAPKI43T12] CUADRO JACKET 2.0 KIDS (12, NEGRO);JAPKI43T12;KIDS;NEGRO;12;La Grieta;1
2026;AGOSTO;CUADRO JACKET 2.0;[JAPKI43T10] CUADRO JACKET 2.0 KIDS (10, NEGRO);JAPKI43T10;KIDS;NEGRO;10;Sambil Valencia;-1
2026;AGOSTO;CUADRO JACKET 2.0;[JAPDA16TM] CUADRO JACKET 2.0 DAMA (M, BLANCO);JAPDA16TM;DAMA;BLANCO;M;La Grieta;1
2026;AGOSTO;CUADRO JACKET 2.0;[JAPDA162TM] CUADRO JACKET 2.0 DAMA (M, Azul Polo);JAPDA162TM;DAMA;Azul Polo;M;Sambil Valencia;1
2026;AGOSTO;CUADRO JACKET 2.0;[JAPCA162T2XL] CUADRO JACKET 2.0 CAB (2XL, Azul Polo);JAPCA162T2XL;CAB;Azul Polo;2XL;Sambil Chacao ;1
2026;AGOSTO;CUADRO JACKET 2.0;[JAPDA16TS] CUADRO JACKET 2.0 DAMA (S, BLANCO);JAPDA16TS;DAMA;BLANCO;S;Sambil Chacao ;2
2026;AGOSTO;CUADRO JACKET 2.0;[JAPDA162TXS] CUADRO JACKET 2.0 DAMA (XS, Azul Polo);JAPDA162TXS;DAMA;Azul Polo;XS;Sambil Chacao ;1
2026;AGOSTO;CUADRO JACKET 2.0;[JAPCA162T2XL] CUADRO JACKET 2.0 CAB (2XL, Azul Polo);JAPCA162T2XL;CAB;Azul Polo;2XL;Cerro Verde ;1
2026;AGOSTO;CUADRO JACKET 2.0;[JAPCA162TXL] CUADRO JACKET 2.0 CAB (XL, Azul Polo);JAPCA162TXL;CAB;Azul Polo;XL;Cerro Verde ;1
2026;AGOSTO;CUADRO JACKET 2.0;[JAPKI35T2] CUADRO JACKET 2.0 KIDS (2, Magenta);JAPKI35T2;KIDS;Magenta;2;Sambil Valencia;1
2026;AGOSTO;CUADRO JACKET 2.0;[JAPDA66TS] CUADRO JACKET 2.0 DAMA (S, VERDE MILITAR);JAPDA66TS;DAMA;VERDE MILITAR;S;La Grieta;1
2026;AGOSTO;CUADRO JACKET 2.0;[JAPCA66TS] CUADRO JACKET 2.0 CAB (S, VERDE MILITAR);JAPCA66TS;CAB;VERDE MILITAR;S;Sambil Chacao ;1
2026;AGOSTO;CUADRO JACKET 2.0;[JAPKI162T4] CUADRO JACKET 2.0 KIDS (4, Azul Polo);JAPKI162T4;KIDS;Azul Polo;4;Cerro Verde ;1
2026;AGOSTO;CUADRO JACKET 2.0;[JAPCA162TM] CUADRO JACKET 2.0 CAB (M, Azul Polo);JAPCA162TM;CAB;Azul Polo;M;La Grieta;1
2026;AGOSTO;CUADRO JACKET 2.0;[JAPCA43TXL] CUADRO JACKET 2.0 CAB (XL, NEGRO);JAPCA43TXL;CAB;NEGRO;XL;Cerro Verde ;1
2026;AGOSTO;CUADRO JACKET 2.0;[JAPDA16TXS] CUADRO JACKET 2.0 DAMA (XS, BLANCO);JAPDA16TXS;DAMA;BLANCO;XS;Cerro Verde ;1
2026;AGOSTO;CUADRO JACKET 2.0;[JAPCA43T2XL] CUADRO JACKET 2.0 CAB (2XL, NEGRO);JAPCA43T2XL;CAB;NEGRO;2XL;Sambil Valencia;1
2026;AGOSTO;CUADRO JACKET 2.0;[JAPDA66TXS] CUADRO JACKET 2.0 DAMA (XS, VERDE MILITAR);JAPDA66TXS;DAMA;VERDE MILITAR;XS;La Grieta;1
2026;AGOSTO;CUADRO JACKET 2.0;[JAPDA43TXS] CUADRO JACKET 2.0 DAMA (XS, NEGRO);JAPDA43TXS;DAMA;NEGRO;XS;La Grieta;1
2026;AGOSTO;CUADRO JACKET 2.0;[JAPCA162TXL] CUADRO JACKET 2.0 CAB (XL, Azul Polo);JAPCA162TXL;CAB;Azul Polo;XL;La Vela;1
2026;AGOSTO;CUADRO JACKET 2.0;[JAPCA43TL] CUADRO JACKET 2.0 CAB (L, NEGRO);JAPCA43TL;CAB;NEGRO;L;Sambil Valencia;1
2026;AGOSTO;CUADRO JACKET 2.0;[JAPCA43T2XL] CUADRO JACKET 2.0 CAB (2XL, NEGRO);JAPCA43T2XL;CAB;NEGRO;2XL;La Grieta;1
2026;JULIO;CUADRO JACKET 2.0;[JAPKI43T10] CUADRO JACKET 2.0 KIDS (10, NEGRO);JAPKI43T10;KIDS;NEGRO;10;Sambil Valencia;1
2026;JULIO;CUADRO JACKET 2.0;[JAPDA66TXS] CUADRO JACKET 2.0 DAMA (XS, VERDE MILITAR);JAPDA66TXS;DAMA;VERDE MILITAR;XS;Sambil Chacao ;1
2026;JULIO;CUADRO JACKET 2.0;[JAPCA43TL] CUADRO JACKET 2.0 CAB (L, NEGRO);JAPCA43TL;CAB;NEGRO;L;Sambil Chacao ;1
2026;JULIO;CUADRO JACKET 2.0;[JAPCA43T2XL] CUADRO JACKET 2.0 CAB (2XL, NEGRO);JAPCA43T2XL;CAB;NEGRO;2XL;Sambil Valencia;1
2026;JULIO;CUADRO JACKET 2.0;[JAPDA43TS] CUADRO JACKET 2.0 DAMA (S, NEGRO);JAPDA43TS;DAMA;NEGRO;S;Sambil Valencia;1
2026;JULIO;CUADRO JACKET 2.0;[JAPCA162TXL] CUADRO JACKET 2.0 CAB (XL, Azul Polo);JAPCA162TXL;CAB;Azul Polo;XL;Grandplaz ;1
2026;JULIO;CUADRO JACKET 2.0;[JAPCA16TXL] CUADRO JACKET 2.0 CAB (XL, BLANCO);JAPCA16TXL;CAB;BLANCO;XL;Tolon;1
2026;JULIO;CUADRO JACKET 2.0;[JAPCA162TM] CUADRO JACKET 2.0 CAB (M, Azul Polo);JAPCA162TM;CAB;Azul Polo;M;La Grieta;1
2026;JULIO;CUADRO JACKET 2.0;[JAPKI35T6] CUADRO JACKET 2.0 KIDS (6, Magenta);JAPKI35T6;KIDS;Magenta;6;Sambil Valencia;1
2026;JULIO;CUADRO JACKET 2.0;[JAPDA35TS] CUADRO JACKET 2.0 DAMA (S, Magenta);JAPDA35TS;DAMA;Magenta;S;Cerro Verde ;1
2026;JULIO;CUADRO JACKET 2.0;[JAPCA66TS] CUADRO JACKET 2.0 CAB (S, VERDE MILITAR);JAPCA66TS;CAB;VERDE MILITAR;S;La Vela;1
2026;JULIO;CUADRO JACKET 2.0;[JAPDA43TS] CUADRO JACKET 2.0 DAMA (S, NEGRO);JAPDA43TS;DAMA;NEGRO;S;Sambil Valencia;1
2026;JULIO;CUADRO JACKET 2.0;[JAPCA162TXL] CUADRO JACKET 2.0 CAB (XL, Azul Polo);JAPCA162TXL;CAB;Azul Polo;XL;Cerro Verde ;1
2026;JULIO;CUADRO JACKET 2.0;[JAPCA162TL] CUADRO JACKET 2.0 CAB (L, Azul Polo);JAPCA162TL;CAB;Azul Polo;L;Cerro Verde ;-1
2026;JULIO;CUADRO JACKET 2.0;[JAPDA43TXL] CUADRO JACKET 2.0 DAMA (XL, NEGRO);JAPDA43TXL;DAMA;NEGRO;XL;Tolon;1
2026;JULIO;CUADRO JACKET 2.0;[JAPCA162TL] CUADRO JACKET 2.0 CAB (L, Azul Polo);JAPCA162TL;CAB;Azul Polo;L;Cerro Verde ;1
2026;JULIO;CUADRO JACKET 2.0;[JAPKI01T4] CUADRO JACKET 2.0 KIDS (4, AGUAMARINA);JAPKI01T4;KIDS;AGUAMARINA;4;Tolon;1
2026;JULIO;CUADRO JACKET 2.0;[JAPKI162T10] CUADRO JACKET 2.0 KIDS (10, Azul Polo);JAPKI162T10;KIDS;Azul Polo;10;Tolon;1
2026;JULIO;CUADRO JACKET 2.0;[JAPKI43T10] CUADRO JACKET 2.0 KIDS (10, NEGRO);JAPKI43T10;KIDS;NEGRO;10;Tolon;1
2026;JULIO;CUADRO JACKET 2.0;[JAPKI01T8] CUADRO JACKET 2.0 KIDS (8, AGUAMARINA);JAPKI01T8;KIDS;AGUAMARINA;8;Tolon;1
2026;JULIO;CUADRO JACKET 2.0;[JAPCA43TS] CUADRO JACKET 2.0 CAB (S, NEGRO);JAPCA43TS;CAB;NEGRO;S;Cerro Verde ;-1
2026;JULIO;CUADRO JACKET 2.0;[JAPCA162TL] CUADRO JACKET 2.0 CAB (L, Azul Polo);JAPCA162TL;CAB;Azul Polo;L;Tolon;1
2026;JULIO;CUADRO JACKET 2.0;[JAPCA162TS] CUADRO JACKET 2.0 CAB (S, Azul Polo);JAPCA162TS;CAB;Azul Polo;S;Sambil Chacao ;1
2026;JULIO;CUADRO JACKET 2.0;[JAPCA43TM] CUADRO JACKET 2.0 CAB (M, NEGRO);JAPCA43TM;CAB;NEGRO;M;La Grieta;1
2026;JULIO;CUADRO JACKET 2.0;[JAPCA162TL] CUADRO JACKET 2.0 CAB (L, Azul Polo);JAPCA162TL;CAB;Azul Polo;L;Sambil Valencia;1
2026;JULIO;CUADRO JACKET 2.0;[JAPKI35T8] CUADRO JACKET 2.0 KIDS (8, Magenta);JAPKI35T8;KIDS;Magenta;8;La Vela;1
2026;JULIO;CUADRO JACKET 2.0;[JAPCA162TL] CUADRO JACKET 2.0 CAB (L, Azul Polo);JAPCA162TL;CAB;Azul Polo;L;Sambil Valencia;1
2026;JULIO;CUADRO JACKET 2.0;[JAPCA43TL] CUADRO JACKET 2.0 CAB (L, NEGRO);JAPCA43TL;CAB;NEGRO;L;Sambil Valencia;1
2026;JULIO;CUADRO JACKET 2.0;[JAPKI43T4] CUADRO JACKET 2.0 KIDS (4, NEGRO);JAPKI43T4;KIDS;NEGRO;4;Sambil Valencia;1
2026;JULIO;CUADRO JACKET 2.0;[JAPCA66TS] CUADRO JACKET 2.0 CAB (S, VERDE MILITAR);JAPCA66TS;CAB;VERDE MILITAR;S;La Grieta;1
2026;JULIO;CUADRO JACKET 2.0;[JAPCA66TXL] CUADRO JACKET 2.0 CAB (XL, VERDE MILITAR);JAPCA66TXL;CAB;VERDE MILITAR;XL;La Grieta;1
2026;JULIO;CUADRO JACKET 2.0;[JAPDA16TM] CUADRO JACKET 2.0 DAMA (M, BLANCO);JAPDA16TM;DAMA;BLANCO;M;Cerro Verde ;1
2026;JULIO;CUADRO JACKET 2.0;[JAPCA66TXL] CUADRO JACKET 2.0 CAB (XL, VERDE MILITAR);JAPCA66TXL;CAB;VERDE MILITAR;XL;Cerro Verde ;1
2026;JULIO;CUADRO JACKET 2.0;[JAPDA66TXS] CUADRO JACKET 2.0 DAMA (XS, VERDE MILITAR);JAPDA66TXS;DAMA;VERDE MILITAR;XS;La Vela;1
2026;JULIO;CUADRO JACKET 2.0;[JAPCA162T2XL] CUADRO JACKET 2.0 CAB (2XL, Azul Polo);JAPCA162T2XL;CAB;Azul Polo;2XL;Grandplaz ;1
2026;JULIO;CUADRO JACKET 2.0;[JAPCA43TM] CUADRO JACKET 2.0 CAB (M, NEGRO);JAPCA43TM;CAB;NEGRO;M;Sambil Chacao ;1
2026;JULIO;CUADRO JACKET 2.0;[JAPDA43TM] CUADRO JACKET 2.0 DAMA (M, NEGRO);JAPDA43TM;DAMA;NEGRO;M;Tolon;1
2026;JULIO;CUADRO JACKET 2.0;[JAPDA43TXS] CUADRO JACKET 2.0 DAMA (XS, NEGRO);JAPDA43TXS;DAMA;NEGRO;XS;Sambil Valencia;1
2026;JULIO;CUADRO JACKET 2.0;[JAPDA01TM] CUADRO JACKET 2.0 DAMA (M, AGUAMARINA);JAPDA01TM;DAMA;AGUAMARINA;M;Cerro Verde ;1
2026;JULIO;CUADRO JACKET 2.0;[JAPCA01TL] CUADRO JACKET 2.0 CAB (L, AGUAMARINA);JAPCA01TL;CAB;AGUAMARINA;L;Cerro Verde ;1
2026;JULIO;CUADRO JACKET 2.0;[JAPKI35T12] CUADRO JACKET 2.0 KIDS (12, Magenta);JAPKI35T12;KIDS;Magenta;12;Cerro Verde ;1
2026;JULIO;CUADRO JACKET 2.0;[JAPDA35TXS] CUADRO JACKET 2.0 DAMA (XS, Magenta);JAPDA35TXS;DAMA;Magenta;XS;Cerro Verde ;1
2026;JULIO;CUADRO JACKET 2.0;[JAPCA43T2XL] CUADRO JACKET 2.0 CAB (2XL, NEGRO);JAPCA43T2XL;CAB;NEGRO;2XL;Sambil Valencia;1
2026;JULIO;CUADRO JACKET 2.0;[JAPCA43TS] CUADRO JACKET 2.0 CAB (S, NEGRO);JAPCA43TS;CAB;NEGRO;S;Sambil Chacao ;1
2026;JULIO;CUADRO JACKET 2.0;[JAPCA162TS] CUADRO JACKET 2.0 CAB (S, Azul Polo);JAPCA162TS;CAB;Azul Polo;S;Tolon;1
2026;JULIO;CUADRO JACKET 2.0;[JAPDA162TL] CUADRO JACKET 2.0 DAMA (L, Azul Polo);JAPDA162TL;DAMA;Azul Polo;L;Cerro Verde ;1
2026;JULIO;CUADRO JACKET 2.0;[JAPCA162TL] CUADRO JACKET 2.0 CAB (L, Azul Polo);JAPCA162TL;CAB;Azul Polo;L;Sambil Valencia;1
2026;JULIO;CUADRO JACKET 2.0;[JAPCA16T2XL] CUADRO JACKET 2.0 CAB (2XL, BLANCO);JAPCA16T2XL;CAB;BLANCO;2XL;Sambil Valencia;-1
2026;JULIO;CUADRO JACKET 2.0;[JAPKI43T12] CUADRO JACKET 2.0 KIDS (12, NEGRO);JAPKI43T12;KIDS;NEGRO;12;Tolon;1
2026;JULIO;CUADRO JACKET 2.0;[JAPDA01TM] CUADRO JACKET 2.0 DAMA (M, AGUAMARINA);JAPDA01TM;DAMA;AGUAMARINA;M;Sambil Chacao ;1
2026;JULIO;CUADRO JACKET 2.0;[JAPCA01TM] CUADRO JACKET 2.0 CAB (M, AGUAMARINA);JAPCA01TM;CAB;AGUAMARINA;M;Sambil Chacao ;1
2026;JULIO;CUADRO JACKET 2.0;[JAPDA01TM] CUADRO JACKET 2.0 DAMA (M, AGUAMARINA);JAPDA01TM;DAMA;AGUAMARINA;M;Sambil Chacao ;1
2026;JULIO;CUADRO JACKET 2.0;[JAPCA43TL] CUADRO JACKET 2.0 CAB (L, NEGRO);JAPCA43TL;CAB;NEGRO;L;Sambil Valencia;1
2026;JULIO;CUADRO JACKET 2.0;[JAPCA43TXL] CUADRO JACKET 2.0 CAB (XL, NEGRO);JAPCA43TXL;CAB;NEGRO;XL;Sambil Valencia;1
2026;JULIO;CUADRO JACKET 2.0;[JAPDA35TM] CUADRO JACKET 2.0 DAMA (M, Magenta);JAPDA35TM;DAMA;Magenta;M;Tolon;1
2026;JULIO;CUADRO JACKET 2.0;[JAPDA16TM] CUADRO JACKET 2.0 DAMA (M, BLANCO);JAPDA16TM;DAMA;BLANCO;M;Tolon;1
2026;JULIO;CUADRO JACKET 2.0;[JAPCA16TS] CUADRO JACKET 2.0 CAB (S, BLANCO);JAPCA16TS;CAB;BLANCO;S;Sambil Valencia;1
2026;JULIO;CUADRO JACKET 2.0;[JAPDA01TS] CUADRO JACKET 2.0 DAMA (S, AGUAMARINA);JAPDA01TS;DAMA;AGUAMARINA;S;Sambil Chacao ;1
2026;JULIO;CUADRO JACKET 2.0;[JAPKI43T10] CUADRO JACKET 2.0 KIDS (10, NEGRO);JAPKI43T10;KIDS;NEGRO;10;Sambil Valencia;1
2026;JULIO;CUADRO JACKET 2.0;[JAPKI43T8] CUADRO JACKET 2.0 KIDS (8, NEGRO);JAPKI43T8;KIDS;NEGRO;8;Sambil Valencia;1
2026;JULIO;CUADRO JACKET 2.0;[JAPCA66TL] CUADRO JACKET 2.0 CAB (L, VERDE MILITAR);JAPCA66TL;CAB;VERDE MILITAR;L;La Vela;1
2026;JULIO;CUADRO JACKET 2.0;[JAPDA43TS] CUADRO JACKET 2.0 DAMA (S, NEGRO);JAPDA43TS;DAMA;NEGRO;S;Sambil Valencia;1
2026;JULIO;CUADRO JACKET 2.0;[JAPDA66TS] CUADRO JACKET 2.0 DAMA (S, VERDE MILITAR);JAPDA66TS;DAMA;VERDE MILITAR;S;Sambil Valencia;1
2026;JULIO;CUADRO JACKET 2.0;[JAPDA162TS] CUADRO JACKET 2.0 DAMA (S, Azul Polo);JAPDA162TS;DAMA;Azul Polo;S;Sambil Valencia;1
2026;JULIO;CUADRO JACKET 2.0;[JAPDA43TS] CUADRO JACKET 2.0 DAMA (S, NEGRO);JAPDA43TS;DAMA;NEGRO;S;Cerro Verde ;2
2026;JULIO;CUADRO JACKET 2.0;[JAPCA66TXL] CUADRO JACKET 2.0 CAB (XL, VERDE MILITAR);JAPCA66TXL;CAB;VERDE MILITAR;XL;La Vela;1
2026;JULIO;CUADRO JACKET 2.0;[JAPCA43TM] CUADRO JACKET 2.0 CAB (M, NEGRO);JAPCA43TM;CAB;NEGRO;M;Sambil Valencia;1
2026;JULIO;CUADRO JACKET 2.0;[JAPDA16TM] CUADRO JACKET 2.0 DAMA (M, BLANCO);JAPDA16TM;DAMA;BLANCO;M;Sambil Chacao ;1
2026;JULIO;CUADRO JACKET 2.0;[JAPCA43TM] CUADRO JACKET 2.0 CAB (M, NEGRO);JAPCA43TM;CAB;NEGRO;M;Sambil Chacao ;1
2026;JULIO;CUADRO JACKET 2.0;[JAPKI01T12] CUADRO JACKET 2.0 KIDS (12, AGUAMARINA);JAPKI01T12;KIDS;AGUAMARINA;12;Tolon;1
2026;JULIO;CUADRO JACKET 2.0;[JAPDA43TXS] CUADRO JACKET 2.0 DAMA (XS, NEGRO);JAPDA43TXS;DAMA;NEGRO;XS;Sambil Valencia;1
2026;JULIO;CUADRO JACKET 2.0;[JAPKI162T12] CUADRO JACKET 2.0 KIDS (12, Azul Polo);JAPKI162T12;KIDS;Azul Polo;12;Sambil Valencia;1
2026;JULIO;CUADRO JACKET 2.0;[JAPCA162TS] CUADRO JACKET 2.0 CAB (S, Azul Polo);JAPCA162TS;CAB;Azul Polo;S;La Grieta;1
2026;JULIO;CUADRO JACKET 2.0;[JAPKI35T6] CUADRO JACKET 2.0 KIDS (6, Magenta);JAPKI35T6;KIDS;Magenta;6;La Grieta;1
2026;JULIO;CUADRO JACKET 2.0;[JAPDA162TS] CUADRO JACKET 2.0 DAMA (S, Azul Polo);JAPDA162TS;DAMA;Azul Polo;S;La Grieta;1
2026;JULIO;CUADRO JACKET 2.0;[JAPKI162T4] CUADRO JACKET 2.0 KIDS (4, Azul Polo);JAPKI162T4;KIDS;Azul Polo;4;La Grieta;1
2026;JULIO;CUADRO JACKET 2.0;[JAPKI43T12] CUADRO JACKET 2.0 KIDS (12, NEGRO);JAPKI43T12;KIDS;NEGRO;12;La Grieta;1
2026;JULIO;CUADRO JACKET 2.0;[JAPDA16TM] CUADRO JACKET 2.0 DAMA (M, BLANCO);JAPDA16TM;DAMA;BLANCO;M;Sambil Valencia;1
2026;JULIO;CUADRO JACKET 2.0;[JAPDA162TXS] CUADRO JACKET 2.0 DAMA (XS, Azul Polo);JAPDA162TXS;DAMA;Azul Polo;XS;Sambil Chacao ;1
2026;JULIO;CUADRO JACKET 2.0;[JAPCA162TM] CUADRO JACKET 2.0 CAB (M, Azul Polo);JAPCA162TM;CAB;Azul Polo;M;Sambil Valencia;1
2026;JULIO;CUADRO JACKET 2.0;[JAPDA16TXS] CUADRO JACKET 2.0 DAMA (XS, BLANCO);JAPDA16TXS;DAMA;BLANCO;XS;Sambil Valencia;1
2026;JULIO;CUADRO JACKET 2.0;[JAPDA66TM] CUADRO JACKET 2.0 DAMA (M, VERDE MILITAR);JAPDA66TM;DAMA;VERDE MILITAR;M;La Grieta;1
2026;JULIO;CUADRO JACKET 2.0;[JAPDA43TM] CUADRO JACKET 2.0 DAMA (M, NEGRO);JAPDA43TM;DAMA;NEGRO;M;La Grieta;1
2026;JULIO;CUADRO JACKET 2.0;[JAPCA162TL] CUADRO JACKET 2.0 CAB (L, Azul Polo);JAPCA162TL;CAB;Azul Polo;L;Cerro Verde ;1
2026;JULIO;CUADRO JACKET 2.0;[JAPKI162T8] CUADRO JACKET 2.0 KIDS (8, Azul Polo);JAPKI162T8;KIDS;Azul Polo;8;Cerro Verde ;1
2026;JULIO;CUADRO JACKET 2.0;[JAPDA43TS] CUADRO JACKET 2.0 DAMA (S, NEGRO);JAPDA43TS;DAMA;NEGRO;S;Sambil Valencia;1
2026;JULIO;CUADRO JACKET 2.0;[JAPKI43T10] CUADRO JACKET 2.0 KIDS (10, NEGRO);JAPKI43T10;KIDS;NEGRO;10;Sambil Valencia;1
2026;JULIO;CUADRO JACKET 2.0;[JAPDA35TXS] CUADRO JACKET 2.0 DAMA (XS, Magenta);JAPDA35TXS;DAMA;Magenta;XS;Sambil Valencia;1
2026;JULIO;CUADRO JACKET 2.0;[JAPDA43TL] CUADRO JACKET 2.0 DAMA (L, NEGRO);JAPDA43TL;DAMA;NEGRO;L;Sambil Valencia;1
2026;JULIO;CUADRO JACKET 2.0;[JAPKI01T8] CUADRO JACKET 2.0 KIDS (8, AGUAMARINA);JAPKI01T8;KIDS;AGUAMARINA;8;Cerro Verde ;1
2026;JULIO;CUADRO JACKET 2.0;[JAPDA162TXS] CUADRO JACKET 2.0 DAMA (XS, Azul Polo);JAPDA162TXS;DAMA;Azul Polo;XS;Cerro Verde ;1
2026;JULIO;CUADRO JACKET 2.0;[JAPCA43TL] CUADRO JACKET 2.0 CAB (L, NEGRO);JAPCA43TL;CAB;NEGRO;L;Sambil Chacao ;1
2026;JULIO;CUADRO JACKET 2.0;[JAPDA01TS] CUADRO JACKET 2.0 DAMA (S, AGUAMARINA);JAPDA01TS;DAMA;AGUAMARINA;S;Sambil Valencia;1
2026;JULIO;CUADRO JACKET 2.0;[JAPCA01TXL] CUADRO JACKET 2.0 CAB (XL, AGUAMARINA);JAPCA01TXL;CAB;AGUAMARINA;XL;Sambil Valencia;1
2026;JULIO;CUADRO JACKET 2.0;[JAPCA43TS] CUADRO JACKET 2.0 CAB (S, NEGRO);JAPCA43TS;CAB;NEGRO;S;Cerro Verde ;1
2026;JULIO;CUADRO JACKET 2.0;[JAPDA35TS] CUADRO JACKET 2.0 DAMA (S, Magenta);JAPDA35TS;DAMA;Magenta;S;Cerro Verde ;1
2026;JULIO;CUADRO JACKET 2.0;[JAPDA01TM] CUADRO JACKET 2.0 DAMA (M, AGUAMARINA);JAPDA01TM;DAMA;AGUAMARINA;M;Cerro Verde ;1
2026;JULIO;CUADRO JACKET 2.0;[JAPKI162T10] CUADRO JACKET 2.0 KIDS (10, Azul Polo);JAPKI162T10;KIDS;Azul Polo;10;Cerro Verde ;1
2026;JULIO;CUADRO JACKET 2.0;[JAPDA162TM] CUADRO JACKET 2.0 DAMA (M, Azul Polo);JAPDA162TM;DAMA;Azul Polo;M;La Grieta;1
2026;JULIO;CUADRO JACKET 2.0;[JAPKI162T10] CUADRO JACKET 2.0 KIDS (10, Azul Polo);JAPKI162T10;KIDS;Azul Polo;10;La Vela;1
2026;JULIO;CUADRO JACKET 2.0;[JAPDA35TM] CUADRO JACKET 2.0 DAMA (M, Magenta);JAPDA35TM;DAMA;Magenta;M;La Vela;1
2026;JULIO;CUADRO JACKET 2.0;[JAPDA01TXL] CUADRO JACKET 2.0 DAMA (XL, AGUAMARINA);JAPDA01TXL;DAMA;AGUAMARINA;XL;Sambil Valencia;1
2026;JULIO;CUADRO JACKET 2.0;[JAPDA66TS] CUADRO JACKET 2.0 DAMA (S, VERDE MILITAR);JAPDA66TS;DAMA;VERDE MILITAR;S;La Grieta;1
2026;JULIO;CUADRO JACKET 2.0;[JAPCA66TXL] CUADRO JACKET 2.0 CAB (XL, VERDE MILITAR);JAPCA66TXL;CAB;VERDE MILITAR;XL;La Grieta;1
2026;JULIO;CUADRO JACKET 2.0;[JAPCA43TS] CUADRO JACKET 2.0 CAB (S, NEGRO);JAPCA43TS;CAB;NEGRO;S;La Vela;1
2026;JULIO;CUADRO JACKET 2.0;[JAPCA43T2XL] CUADRO JACKET 2.0 CAB (2XL, NEGRO);JAPCA43T2XL;CAB;NEGRO;2XL;Sambil Chacao ;1
2026;JULIO;CUADRO JACKET 2.0;[JAPCA66TM] CUADRO JACKET 2.0 CAB (M, VERDE MILITAR);JAPCA66TM;CAB;VERDE MILITAR;M;La Grieta;1
2026;JULIO;CUADRO JACKET 2.0;[JAPDA162TL] CUADRO JACKET 2.0 DAMA (L, Azul Polo);JAPDA162TL;DAMA;Azul Polo;L;La Grieta;1
2026;JULIO;CUADRO JACKET 2.0;[JAPCA43TS] CUADRO JACKET 2.0 CAB (S, NEGRO);JAPCA43TS;CAB;NEGRO;S;Sambil Chacao ;1
2026;JULIO;CUADRO JACKET 2.0;[JAPKI162T4] CUADRO JACKET 2.0 KIDS (4, Azul Polo);JAPKI162T4;KIDS;Azul Polo;4;Sambil Valencia;1
2026;JULIO;CUADRO JACKET 2.0;[JAPDA43TXS] CUADRO JACKET 2.0 DAMA (XS, NEGRO);JAPDA43TXS;DAMA;NEGRO;XS;Sambil Chacao ;1
2026;JULIO;CUADRO JACKET 2.0;[JAPDA35TM] CUADRO JACKET 2.0 DAMA (M, Magenta);JAPDA35TM;DAMA;Magenta;M;Tolon;1
2026;JULIO;CUADRO JACKET 2.0;[JAPCA43TM] CUADRO JACKET 2.0 CAB (M, NEGRO);JAPCA43TM;CAB;NEGRO;M;La Grieta;1
2026;JULIO;CUADRO JACKET 2.0;[JAPCA66TXL] CUADRO JACKET 2.0 CAB (XL, VERDE MILITAR);JAPCA66TXL;CAB;VERDE MILITAR;XL;Cerro Verde ;-1
2026;JULIO;CUADRO JACKET 2.0;[JAPKI162T10] CUADRO JACKET 2.0 KIDS (10, Azul Polo);JAPKI162T10;KIDS;Azul Polo;10;Cerro Verde ;1
2026;JULIO;CUADRO JACKET 2.0;[JAPDA16TS] CUADRO JACKET 2.0 DAMA (S, BLANCO);JAPDA16TS;DAMA;BLANCO;S;La Grieta;1
2026;JULIO;CUADRO JACKET 2.0;[JAPCA162TXL] CUADRO JACKET 2.0 CAB (XL, Azul Polo);JAPCA162TXL;CAB;Azul Polo;XL;Sambil Valencia;1
2026;JULIO;CUADRO JACKET 2.0;[JAPCA162T2XL] CUADRO JACKET 2.0 CAB (2XL, Azul Polo);JAPCA162T2XL;CAB;Azul Polo;2XL;Cerro Verde ;1
2026;JULIO;CUADRO JACKET 2.0;[JAPCA01TXL] CUADRO JACKET 2.0 CAB (XL, AGUAMARINA);JAPCA01TXL;CAB;AGUAMARINA;XL;Tolon;1
2026;JULIO;CUADRO JACKET 2.0;[JAPDA16TXS] CUADRO JACKET 2.0 DAMA (XS, BLANCO);JAPDA16TXS;DAMA;BLANCO;XS;La Grieta;1
2026;JULIO;CUADRO JACKET 2.0;[JAPDA66TXS] CUADRO JACKET 2.0 DAMA (XS, VERDE MILITAR);JAPDA66TXS;DAMA;VERDE MILITAR;XS;Cerro Verde ;1
2026;JULIO;CUADRO JACKET 2.0;[JAPDA35TM] CUADRO JACKET 2.0 DAMA (M, Magenta);JAPDA35TM;DAMA;Magenta;M;Sambil Chacao ;1
2026;JULIO;CUADRO JACKET 2.0;[JAPDA16TXS] CUADRO JACKET 2.0 DAMA (XS, BLANCO);JAPDA16TXS;DAMA;BLANCO;XS;La Grieta;1
2026;JULIO;CUADRO JACKET 2.0;[JAPCA16TS] CUADRO JACKET 2.0 CAB (S, BLANCO);JAPCA16TS;CAB;BLANCO;S;La Grieta;1
2026;JULIO;CUADRO JACKET 2.0;[JAPCA16TM] CUADRO JACKET 2.0 CAB (M, BLANCO);JAPCA16TM;CAB;BLANCO;M;Sambil Valencia;-1
2026;JULIO;CUADRO JACKET 2.0;[JAPCA66TM] CUADRO JACKET 2.0 CAB (M, VERDE MILITAR);JAPCA66TM;CAB;VERDE MILITAR;M;La Vela;1
2026;JULIO;CUADRO JACKET 2.0;[JAPCA43TM] CUADRO JACKET 2.0 CAB (M, NEGRO);JAPCA43TM;CAB;NEGRO;M;La Vela;1
2026;JULIO;CUADRO JACKET 2.0;[JAPDA01TXS] CUADRO JACKET 2.0 DAMA (XS, AGUAMARINA);JAPDA01TXS;DAMA;AGUAMARINA;XS;Sambil Chacao ;1
2026;JULIO;CUADRO JACKET 2.0;[JAPCA162TS] CUADRO JACKET 2.0 CAB (S, Azul Polo);JAPCA162TS;CAB;Azul Polo;S;Sambil Valencia;1
2026;JULIO;CUADRO JACKET 2.0;[JAPCA66TL] CUADRO JACKET 2.0 CAB (L, VERDE MILITAR);JAPCA66TL;CAB;VERDE MILITAR;L;Sambil Chacao ;1
2026;JULIO;CUADRO JACKET 2.0;[JAPCA43TM] CUADRO JACKET 2.0 CAB (M, NEGRO);JAPCA43TM;CAB;NEGRO;M;Sambil Valencia;1
2026;JULIO;CUADRO JACKET 2.0;[JAPCA66TXL] CUADRO JACKET 2.0 CAB (XL, VERDE MILITAR);JAPCA66TXL;CAB;VERDE MILITAR;XL;La Vela;1
2026;JULIO;CUADRO JACKET 2.0;[JAPDA162TXS] CUADRO JACKET 2.0 DAMA (XS, Azul Polo);JAPDA162TXS;DAMA;Azul Polo;XS;Sambil Chacao ;1
2026;JULIO;CUADRO JACKET 2.0;[JAPCA43TM] CUADRO JACKET 2.0 CAB (M, NEGRO);JAPCA43TM;CAB;NEGRO;M;La Vela;1
2026;JULIO;CUADRO JACKET 2.0;[JAPKI43T12] CUADRO JACKET 2.0 KIDS (12, NEGRO);JAPKI43T12;KIDS;NEGRO;12;La Grieta;1
2026;JULIO;CUADRO JACKET 2.0;[JAPKI162T6] CUADRO JACKET 2.0 KIDS (6, Azul Polo);JAPKI162T6;KIDS;Azul Polo;6;La Grieta;1
2026;JULIO;CUADRO JACKET 2.0;[JAPCA43T2XL] CUADRO JACKET 2.0 CAB (2XL, NEGRO);JAPCA43T2XL;CAB;NEGRO;2XL;Cerro Verde ;1
2026;JULIO;CUADRO JACKET 2.0;[JAPCA66T2XL] CUADRO JACKET 2.0 CAB (2XL, VERDE MILITAR);JAPCA66T2XL;CAB;VERDE MILITAR;2XL;Cerro Verde ;1
2026;JULIO;CUADRO JACKET 2.0;[JAPCA66TM] CUADRO JACKET 2.0 CAB (M, VERDE MILITAR);JAPCA66TM;CAB;VERDE MILITAR;M;La Vela;1
2026;JULIO;CUADRO JACKET 2.0;[JAPKI43T12] CUADRO JACKET 2.0 KIDS (12, NEGRO);JAPKI43T12;KIDS;NEGRO;12;Cerro Verde ;1
2026;JULIO;CUADRO JACKET 2.0;[JAPCA162T2XL] CUADRO JACKET 2.0 CAB (2XL, Azul Polo);JAPCA162T2XL;CAB;Azul Polo;2XL;Cerro Verde ;1
2026;JULIO;CUADRO JACKET 2.0;[JAPCA16TXL] CUADRO JACKET 2.0 CAB (XL, BLANCO);JAPCA16TXL;CAB;BLANCO;XL;Sambil Chacao ;1
2026;JULIO;CUADRO JACKET 2.0;[JAPDA35TM] CUADRO JACKET 2.0 DAMA (M, Magenta);JAPDA35TM;DAMA;Magenta;M;La Vela;1
2026;JULIO;CUADRO JACKET 2.0;[JAPDA35TS] CUADRO JACKET 2.0 DAMA (S, Magenta);JAPDA35TS;DAMA;Magenta;S;La Vela;1
2026;JULIO;CUADRO JACKET 2.0;[JAPCA162TXL] CUADRO JACKET 2.0 CAB (XL, Azul Polo);JAPCA162TXL;CAB;Azul Polo;XL;La Vela;1
2026;JULIO;CUADRO JACKET 2.0;[JAPCA66TXL] CUADRO JACKET 2.0 CAB (XL, VERDE MILITAR);JAPCA66TXL;CAB;VERDE MILITAR;XL;Sambil Chacao ;1
2026;JULIO;CUADRO JACKET 2.0;[JAPDA66TS] CUADRO JACKET 2.0 DAMA (S, VERDE MILITAR);JAPDA66TS;DAMA;VERDE MILITAR;S;Sambil Chacao ;1
2026;JULIO;CUADRO JACKET 2.0;[JAPDA01TM] CUADRO JACKET 2.0 DAMA (M, AGUAMARINA);JAPDA01TM;DAMA;AGUAMARINA;M;Cerro Verde ;1
2026;JULIO;CUADRO JACKET 2.0;[JAPCA162TL] CUADRO JACKET 2.0 CAB (L, Azul Polo);JAPCA162TL;CAB;Azul Polo;L;Cerro Verde ;1
2026;JULIO;CUADRO JACKET 2.0;[JAPDA16TM] CUADRO JACKET 2.0 DAMA (M, BLANCO);JAPDA16TM;DAMA;BLANCO;M;Sambil Valencia;1
2026;JULIO;CUADRO JACKET 2.0;[JAPDA35TS] CUADRO JACKET 2.0 DAMA (S, Magenta);JAPDA35TS;DAMA;Magenta;S;Cerro Verde ;1
2026;JULIO;CUADRO JACKET 2.0;[JAPCA43TXL] CUADRO JACKET 2.0 CAB (XL, NEGRO);JAPCA43TXL;CAB;NEGRO;XL;Sambil Valencia;1
2026;JULIO;CUADRO JACKET 2.0;[JAPCA43TS] CUADRO JACKET 2.0 CAB (S, NEGRO);JAPCA43TS;CAB;NEGRO;S;La Grieta;1
2026;JULIO;CUADRO JACKET 2.0;[JAPDA16TL] CUADRO JACKET 2.0 DAMA (L, BLANCO);JAPDA16TL;DAMA;BLANCO;L;La Grieta;1
2026;JULIO;CUADRO JACKET 2.0;[JAPCA162TXL] CUADRO JACKET 2.0 CAB (XL, Azul Polo);JAPCA162TXL;CAB;Azul Polo;XL;Tolon;1
2026;JULIO;CUADRO JACKET 2.0;[JAPCA43TM] CUADRO JACKET 2.0 CAB (M, NEGRO);JAPCA43TM;CAB;NEGRO;M;Cerro Verde ;1
2026;JULIO;CUADRO JACKET 2.0;[JAPCA43TS] CUADRO JACKET 2.0 CAB (S, NEGRO);JAPCA43TS;CAB;NEGRO;S;Sambil Valencia;1
2026;JULIO;CUADRO JACKET 2.0;[JAPDA43TM] CUADRO JACKET 2.0 DAMA (M, NEGRO);JAPDA43TM;DAMA;NEGRO;M;Sambil Valencia;1
2026;JULIO;CUADRO JACKET 2.0;[JAPDA43TM] CUADRO JACKET 2.0 DAMA (M, NEGRO);JAPDA43TM;DAMA;NEGRO;M;Sambil Valencia;1
2026;JULIO;CUADRO JACKET 2.0;[JAPCA16TM] CUADRO JACKET 2.0 CAB (M, BLANCO);JAPCA16TM;CAB;BLANCO;M;Sambil Valencia;1
2026;JULIO;CUADRO JACKET 2.0;[JAPCA43TS] CUADRO JACKET 2.0 CAB (S, NEGRO);JAPCA43TS;CAB;NEGRO;S;Sambil Valencia;1
2026;JULIO;CUADRO JACKET 2.0;[JAPCA16TL] CUADRO JACKET 2.0 CAB (L, BLANCO);JAPCA16TL;CAB;BLANCO;L;La Vela;1
2026;JULIO;CUADRO JACKET 2.0;[JAPDA16TXL] CUADRO JACKET 2.0 DAMA (XL, BLANCO);JAPDA16TXL;DAMA;BLANCO;XL;Sambil Valencia;1
2026;JULIO;CUADRO JACKET 2.0;[JAPDA43TS] CUADRO JACKET 2.0 DAMA (S, NEGRO);JAPDA43TS;DAMA;NEGRO;S;Tolon;1
2026;JULIO;CUADRO JACKET 2.0;[JAPDA16TS] CUADRO JACKET 2.0 DAMA (S, BLANCO);JAPDA16TS;DAMA;BLANCO;S;Pedidos;1
2026;JULIO;CUADRO JACKET 2.0;[JAPCA43TXL] CUADRO JACKET 2.0 CAB (XL, NEGRO);JAPCA43TXL;CAB;NEGRO;XL;Cerro Verde ;1
2026;JULIO;CUADRO JACKET 2.0;[JAPCA43TXL] CUADRO JACKET 2.0 CAB (XL, NEGRO);JAPCA43TXL;CAB;NEGRO;XL;Sambil Valencia;1
2026;JULIO;CUADRO JACKET 2.0;[JAPCA43TL] CUADRO JACKET 2.0 CAB (L, NEGRO);JAPCA43TL;CAB;NEGRO;L;Sambil Valencia;1
2026;JULIO;CUADRO JACKET 2.0;[JAPCA43TM] CUADRO JACKET 2.0 CAB (M, NEGRO);JAPCA43TM;CAB;NEGRO;M;La Grieta;1
2026;JULIO;CUADRO JACKET 2.0;[JAPDA01TXS] CUADRO JACKET 2.0 DAMA (XS, AGUAMARINA);JAPDA01TXS;DAMA;AGUAMARINA;XS;Sambil Valencia;1
2026;JULIO;CUADRO JACKET 2.0;[JAPDA162TS] CUADRO JACKET 2.0 DAMA (S, Azul Polo);JAPDA162TS;DAMA;Azul Polo;S;Sambil Chacao ;1
2026;JULIO;CUADRO JACKET 2.0;[JAPDA35TM] CUADRO JACKET 2.0 DAMA (M, Magenta);JAPDA35TM;DAMA;Magenta;M;Sambil Valencia;1
2026;JULIO;CUADRO JACKET 2.0;[JAPCA43TXL] CUADRO JACKET 2.0 CAB (XL, NEGRO);JAPCA43TXL;CAB;NEGRO;XL;La Grieta;1
2026;JULIO;CUADRO JACKET 2.0;[JAPCA43T2XL] CUADRO JACKET 2.0 CAB (2XL, NEGRO);JAPCA43T2XL;CAB;NEGRO;2XL;La Grieta;1
2026;JULIO;CUADRO JACKET 2.0;[JAPCA43TL] CUADRO JACKET 2.0 CAB (L, NEGRO);JAPCA43TL;CAB;NEGRO;L;Sambil Valencia;1
2026;JULIO;CUADRO JACKET 2.0;[JAPCA162TL] CUADRO JACKET 2.0 CAB (L, Azul Polo);JAPCA162TL;CAB;Azul Polo;L;La Grieta;1
2026;JULIO;CUADRO JACKET 2.0;[JAPDA01TS] CUADRO JACKET 2.0 DAMA (S, AGUAMARINA);JAPDA01TS;DAMA;AGUAMARINA;S;Sambil Valencia;1
2026;JULIO;CUADRO JACKET 2.0;[JAPCA16TM] CUADRO JACKET 2.0 CAB (M, BLANCO);JAPCA16TM;CAB;BLANCO;M;Sambil Valencia;1
2026;JULIO;CUADRO JACKET 2.0;[JAPKI162T8] CUADRO JACKET 2.0 KIDS (8, Azul Polo);JAPKI162T8;KIDS;Azul Polo;8;Tolon;2
2026;JULIO;CUADRO JACKET 2.0;[JAPCA162TS] CUADRO JACKET 2.0 CAB (S, Azul Polo);JAPCA162TS;CAB;Azul Polo;S;La Vela;1
2026;JULIO;CUADRO JACKET 2.0;[JAPDA162TS] CUADRO JACKET 2.0 DAMA (S, Azul Polo);JAPDA162TS;DAMA;Azul Polo;S;La Vela;1
2026;JULIO;CUADRO JACKET 2.0;[JAPCA66T2XL] CUADRO JACKET 2.0 CAB (2XL, VERDE MILITAR);JAPCA66T2XL;CAB;VERDE MILITAR;2XL;Tolon;1
2026;JULIO;CUADRO JACKET 2.0;[JAPDA16TM] CUADRO JACKET 2.0 DAMA (M, BLANCO);JAPDA16TM;DAMA;BLANCO;M;Tolon;1
2026;JULIO;CUADRO JACKET 2.0;[JAPDA43TL] CUADRO JACKET 2.0 DAMA (L, NEGRO);JAPDA43TL;DAMA;NEGRO;L;La Grieta;1
2026;JULIO;CUADRO JACKET 2.0;[JAPDA35TS] CUADRO JACKET 2.0 DAMA (S, Magenta);JAPDA35TS;DAMA;Magenta;S;Sambil Valencia;1
2026;JULIO;CUADRO JACKET 2.0;[JAPKI01T2] CUADRO JACKET 2.0 KIDS (2, AGUAMARINA);JAPKI01T2;KIDS;AGUAMARINA;2;Sambil Valencia;1
2026;JULIO;CUADRO JACKET 2.0;[JAPDA16TS] CUADRO JACKET 2.0 DAMA (S, BLANCO);JAPDA16TS;DAMA;BLANCO;S;La Vela;1
2026;JULIO;CUADRO JACKET 2.0;[JAPKI162T10] CUADRO JACKET 2.0 KIDS (10, Azul Polo);JAPKI162T10;KIDS;Azul Polo;10;Cerro Verde ;1
2026;JULIO;CUADRO JACKET 2.0;[JAPDA16TM] CUADRO JACKET 2.0 DAMA (M, BLANCO);JAPDA16TM;DAMA;BLANCO;M;Pedidos;1
2026;JULIO;CUADRO JACKET 2.0;[JAPDA162TM] CUADRO JACKET 2.0 DAMA (M, Azul Polo);JAPDA162TM;DAMA;Azul Polo;M;Pedidos;1
2026;JULIO;CUADRO JACKET 2.0;[JAPCA16TL] CUADRO JACKET 2.0 CAB (L, BLANCO);JAPCA16TL;CAB;BLANCO;L;Pedidos;1
2026;JULIO;CUADRO JACKET 2.0;[JAPKI01T4] CUADRO JACKET 2.0 KIDS (4, AGUAMARINA);JAPKI01T4;KIDS;AGUAMARINA;4;Pedidos;1
2026;JULIO;CUADRO JACKET 2.0;[JAPKI35T8] CUADRO JACKET 2.0 KIDS (8, Magenta);JAPKI35T8;KIDS;Magenta;8;Pedidos;1
2026;JULIO;CUADRO JACKET 2.0;[JAPCA162T2XL] CUADRO JACKET 2.0 CAB (2XL, Azul Polo);JAPCA162T2XL;CAB;Azul Polo;2XL;Tolon;1
2026;JULIO;CUADRO JACKET 2.0;[JAPKI35T2] CUADRO JACKET 2.0 KIDS (2, Magenta);JAPKI35T2;KIDS;Magenta;2;Cerro Verde ;1
2026;JULIO;CUADRO JACKET 2.0;[JAPCA16TL] CUADRO JACKET 2.0 CAB (L, BLANCO);JAPCA16TL;CAB;BLANCO;L;Cerro Verde ;1
2026;JULIO;CUADRO JACKET 2.0;[JAPDA43TS] CUADRO JACKET 2.0 DAMA (S, NEGRO);JAPDA43TS;DAMA;NEGRO;S;Sambil Valencia;1
2026;JULIO;CUADRO JACKET 2.0;[JAPKI01T4] CUADRO JACKET 2.0 KIDS (4, AGUAMARINA);JAPKI01T4;KIDS;AGUAMARINA;4;La Grieta;1
2026;JULIO;CUADRO JACKET 2.0;[JAPKI162T4] CUADRO JACKET 2.0 KIDS (4, Azul Polo);JAPKI162T4;KIDS;Azul Polo;4;La Grieta;1
2026;JULIO;CUADRO JACKET 2.0;[JAPCA66TXL] CUADRO JACKET 2.0 CAB (XL, VERDE MILITAR);JAPCA66TXL;CAB;VERDE MILITAR;XL;Cerro Verde ;1
2026;JULIO;CUADRO JACKET 2.0;[JAPCA162TL] CUADRO JACKET 2.0 CAB (L, Azul Polo);JAPCA162TL;CAB;Azul Polo;L;Sambil Valencia;1
2026;JULIO;CUADRO JACKET 2.0;[JAPCA162TL] CUADRO JACKET 2.0 CAB (L, Azul Polo);JAPCA162TL;CAB;Azul Polo;L;Sambil Valencia;-1
2026;JULIO;CUADRO JACKET 2.0;[JAPCA162TL] CUADRO JACKET 2.0 CAB (L, Azul Polo);JAPCA162TL;CAB;Azul Polo;L;Sambil Valencia;1
2026;JULIO;CUADRO JACKET 2.0;[JAPCA162TS] CUADRO JACKET 2.0 CAB (S, Azul Polo);JAPCA162TS;CAB;Azul Polo;S;La Grieta;1
2026;JULIO;CUADRO JACKET 2.0;[JAPKI43T12] CUADRO JACKET 2.0 KIDS (12, NEGRO);JAPKI43T12;KIDS;NEGRO;12;La Grieta;1
2026;JULIO;CUADRO JACKET 2.0;[JAPKI162T12] CUADRO JACKET 2.0 KIDS (12, Azul Polo);JAPKI162T12;KIDS;Azul Polo;12;Sambil Valencia;1
2026;JULIO;CUADRO JACKET 2.0;[JAPCA43TXL] CUADRO JACKET 2.0 CAB (XL, NEGRO);JAPCA43TXL;CAB;NEGRO;XL;Sambil Valencia;1
2026;JULIO;CUADRO JACKET 2.0;[JAPCA16TL] CUADRO JACKET 2.0 CAB (L, BLANCO);JAPCA16TL;CAB;BLANCO;L;La Grieta;1
2026;JULIO;CUADRO JACKET 2.0;[JAPCA43T2XL] CUADRO JACKET 2.0 CAB (2XL, NEGRO);JAPCA43T2XL;CAB;NEGRO;2XL;La Vela;1
2026;JULIO;CUADRO JACKET 2.0;[JAPCA16T2XL] CUADRO JACKET 2.0 CAB (2XL, BLANCO);JAPCA16T2XL;CAB;BLANCO;2XL;Sambil Valencia;1
2026;JULIO;CUADRO JACKET 2.0;[JAPDA43TS] CUADRO JACKET 2.0 DAMA (S, NEGRO);JAPDA43TS;DAMA;NEGRO;S;Sambil Valencia;1
2026;JULIO;CUADRO JACKET 2.0;[JAPCA162TS] CUADRO JACKET 2.0 CAB (S, Azul Polo);JAPCA162TS;CAB;Azul Polo;S;La Grieta;8
2026;JULIO;CUADRO JACKET 2.0;[JAPCA162TM] CUADRO JACKET 2.0 CAB (M, Azul Polo);JAPCA162TM;CAB;Azul Polo;M;La Grieta;8
2026;JULIO;CUADRO JACKET 2.0;[JAPCA162TL] CUADRO JACKET 2.0 CAB (L, Azul Polo);JAPCA162TL;CAB;Azul Polo;L;La Grieta;4
2026;JULIO;CUADRO JACKET 2.0;[JAPCA162TL] CUADRO JACKET 2.0 CAB (L, Azul Polo);JAPCA162TL;CAB;Azul Polo;L;Sambil Valencia;1
2026;JULIO;CUADRO JACKET 2.0;[JAPCA66TL] CUADRO JACKET 2.0 CAB (L, VERDE MILITAR);JAPCA66TL;CAB;VERDE MILITAR;L;Sambil Valencia;1
2026;JULIO;CUADRO JACKET 2.0;[JAPCA66TS] CUADRO JACKET 2.0 CAB (S, VERDE MILITAR);JAPCA66TS;CAB;VERDE MILITAR;S;Sambil Valencia;1
2026;JULIO;CUADRO JACKET 2.0;[JAPKI43T12] CUADRO JACKET 2.0 KIDS (12, NEGRO);JAPKI43T12;KIDS;NEGRO;12;La Vela;1
2026;JULIO;CUADRO JACKET 2.0;[JAPDA43TS] CUADRO JACKET 2.0 DAMA (S, NEGRO);JAPDA43TS;DAMA;NEGRO;S;La Vela;1
2026;JULIO;CUADRO JACKET 2.0;[JAPCA43TS] CUADRO JACKET 2.0 CAB (S, NEGRO);JAPCA43TS;CAB;NEGRO;S;La Vela;1
2026;JULIO;CUADRO JACKET 2.0;[JAPCA162TS] CUADRO JACKET 2.0 CAB (S, Azul Polo);JAPCA162TS;CAB;Azul Polo;S;La Grieta;1
2026;JULIO;CUADRO JACKET 2.0;[JAPDA66TS] CUADRO JACKET 2.0 DAMA (S, VERDE MILITAR);JAPDA66TS;DAMA;VERDE MILITAR;S;La Grieta;1
2026;JULIO;CUADRO JACKET 2.0;[JAPKI43T10] CUADRO JACKET 2.0 KIDS (10, NEGRO);JAPKI43T10;KIDS;NEGRO;10;Grandplaz ;1
2026;JULIO;CUADRO JACKET 2.0;[JAPCA43TM] CUADRO JACKET 2.0 CAB (M, NEGRO);JAPCA43TM;CAB;NEGRO;M;Tolon;1
2026;JULIO;CUADRO JACKET 2.0;[JAPKI35T2] CUADRO JACKET 2.0 KIDS (2, Magenta);JAPKI35T2;KIDS;Magenta;2;Sambil Chacao ;1
2026;JULIO;CUADRO JACKET 2.0;[JAPKI35T4] CUADRO JACKET 2.0 KIDS (4, Magenta);JAPKI35T4;KIDS;Magenta;4;Sambil Chacao ;1
2026;JULIO;CUADRO JACKET 2.0;[JAPCA162TL] CUADRO JACKET 2.0 CAB (L, Azul Polo);JAPCA162TL;CAB;Azul Polo;L;La Grieta;1
2026;JULIO;CUADRO JACKET 2.0;[JAPDA66TXS] CUADRO JACKET 2.0 DAMA (XS, VERDE MILITAR);JAPDA66TXS;DAMA;VERDE MILITAR;XS;Grandplaz ;1
2026;JULIO;CUADRO JACKET 2.0;[JAPDA43TS] CUADRO JACKET 2.0 DAMA (S, NEGRO);JAPDA43TS;DAMA;NEGRO;S;Sambil Valencia;1
2026;JULIO;CUADRO JACKET 2.0;[JAPDA43TM] CUADRO JACKET 2.0 DAMA (M, NEGRO);JAPDA43TM;DAMA;NEGRO;M;Sambil Valencia;1
2026;JULIO;CUADRO JACKET 2.0;[JAPKI01T10] CUADRO JACKET 2.0 KIDS (10, AGUAMARINA);JAPKI01T10;KIDS;AGUAMARINA;10;Sambil Chacao ;1
2026;JULIO;CUADRO JACKET 2.0;[JAPKI43T8] CUADRO JACKET 2.0 KIDS (8, NEGRO);JAPKI43T8;KIDS;NEGRO;8;Sambil Chacao ;1
2026;JULIO;CUADRO JACKET 2.0;[JAPKI43T10] CUADRO JACKET 2.0 KIDS (10, NEGRO);JAPKI43T10;KIDS;NEGRO;10;Sambil Valencia;1
2026;JULIO;CUADRO JACKET 2.0;[JAPKI35T10] CUADRO JACKET 2.0 KIDS (10, Magenta);JAPKI35T10;KIDS;Magenta;10;Sambil Valencia;1
2026;JULIO;CUADRO JACKET 2.0;[JAPCA43TXL] CUADRO JACKET 2.0 CAB (XL, NEGRO);JAPCA43TXL;CAB;NEGRO;XL;Sambil Valencia;1
2026;JULIO;CUADRO JACKET 2.0;[JAPDA16TM] CUADRO JACKET 2.0 DAMA (M, BLANCO);JAPDA16TM;DAMA;BLANCO;M;Sambil Valencia;1
2026;JULIO;CUADRO JACKET 2.0;[JAPKI162T12] CUADRO JACKET 2.0 KIDS (12, Azul Polo);JAPKI162T12;KIDS;Azul Polo;12;Sambil Valencia;1
2026;JULIO;CUADRO JACKET 2.0;[JAPKI43T10] CUADRO JACKET 2.0 KIDS (10, NEGRO);JAPKI43T10;KIDS;NEGRO;10;Cerro Verde ;1
2026;JULIO;CUADRO JACKET 2.0;[JAPCA162TM] CUADRO JACKET 2.0 CAB (M, Azul Polo);JAPCA162TM;CAB;Azul Polo;M;Cerro Verde ;1
2026;JULIO;CUADRO JACKET 2.0;[JAPDA35TM] CUADRO JACKET 2.0 DAMA (M, Magenta);JAPDA35TM;DAMA;Magenta;M;Cerro Verde ;1
2026;JULIO;CUADRO JACKET 2.0;[JAPDA43TXS] CUADRO JACKET 2.0 DAMA (XS, NEGRO);JAPDA43TXS;DAMA;NEGRO;XS;Sambil Valencia;1
2026;JULIO;CUADRO JACKET 2.0;[JAPCA162T2XL] CUADRO JACKET 2.0 CAB (2XL, Azul Polo);JAPCA162T2XL;CAB;Azul Polo;2XL;Grandplaz ;1
2026;JULIO;CUADRO JACKET 2.0;[JAPDA43TXS] CUADRO JACKET 2.0 DAMA (XS, NEGRO);JAPDA43TXS;DAMA;NEGRO;XS;Sambil Valencia;1
2026;JULIO;CUADRO JACKET 2.0;[JAPCA43TM] CUADRO JACKET 2.0 CAB (M, NEGRO);JAPCA43TM;CAB;NEGRO;M;Sambil Valencia;1
2026;JULIO;CUADRO JACKET 2.0;[JAPDA43TS] CUADRO JACKET 2.0 DAMA (S, NEGRO);JAPDA43TS;DAMA;NEGRO;S;Sambil Valencia;1
2026;JULIO;CUADRO JACKET 2.0;[JAPKI35T12] CUADRO JACKET 2.0 KIDS (12, Magenta);JAPKI35T12;KIDS;Magenta;12;Sambil Valencia;1
2026;JULIO;CUADRO JACKET 2.0;[JAPDA43TXS] CUADRO JACKET 2.0 DAMA (XS, NEGRO);JAPDA43TXS;DAMA;NEGRO;XS;Sambil Valencia;1
2026;JULIO;CUADRO JACKET 2.0;[JAPKI162T12] CUADRO JACKET 2.0 KIDS (12, Azul Polo);JAPKI162T12;KIDS;Azul Polo;12;Sambil Valencia;1
2026;JULIO;CUADRO JACKET 2.0;[JAPKI43T12] CUADRO JACKET 2.0 KIDS (12, NEGRO);JAPKI43T12;KIDS;NEGRO;12;Sambil Valencia;1
2026;JULIO;CUADRO JACKET 2.0;[JAPKI43T12] CUADRO JACKET 2.0 KIDS (12, NEGRO);JAPKI43T12;KIDS;NEGRO;12;Sambil Valencia;-1
2026;JULIO;CUADRO JACKET 2.0;[JAPKI43T12] CUADRO JACKET 2.0 KIDS (12, NEGRO);JAPKI43T12;KIDS;NEGRO;12;Sambil Valencia;1
2026;JULIO;CUADRO JACKET 2.0;[JAPCA43TL] CUADRO JACKET 2.0 CAB (L, NEGRO);JAPCA43TL;CAB;NEGRO;L;Sambil Valencia;1
2026;JULIO;CUADRO JACKET 2.0;[JAPKI162T12] CUADRO JACKET 2.0 KIDS (12, Azul Polo);JAPKI162T12;KIDS;Azul Polo;12;Cerro Verde ;1
2026;JULIO;CUADRO JACKET 2.0;[JAPCA43TL] CUADRO JACKET 2.0 CAB (L, NEGRO);JAPCA43TL;CAB;NEGRO;L;Sambil Valencia;1
2026;JULIO;CUADRO JACKET 2.0;[JAPDA01TXS] CUADRO JACKET 2.0 DAMA (XS, AGUAMARINA);JAPDA01TXS;DAMA;AGUAMARINA;XS;Tolon;1
2026;JULIO;CUADRO JACKET 2.0;[JAPCA66TL] CUADRO JACKET 2.0 CAB (L, VERDE MILITAR);JAPCA66TL;CAB;VERDE MILITAR;L;Tolon;1
2026;JULIO;CUADRO JACKET 2.0;[JAPCA162TS] CUADRO JACKET 2.0 CAB (S, Azul Polo);JAPCA162TS;CAB;Azul Polo;S;Cerro Verde ;1
2026;JULIO;CUADRO JACKET 2.0;[JAPCA16TS] CUADRO JACKET 2.0 CAB (S, BLANCO);JAPCA16TS;CAB;BLANCO;S;Sambil Valencia;1
2026;JULIO;CUADRO JACKET 2.0;[JAPCA162TXL] CUADRO JACKET 2.0 CAB (XL, Azul Polo);JAPCA162TXL;CAB;Azul Polo;XL;Sambil Chacao ;1
2026;JULIO;CUADRO JACKET 2.0;[JAPDA162TXS] CUADRO JACKET 2.0 DAMA (XS, Azul Polo);JAPDA162TXS;DAMA;Azul Polo;XS;Sambil Chacao ;1
2026;JULIO;CUADRO JACKET 2.0;[JAPCA66TL] CUADRO JACKET 2.0 CAB (L, VERDE MILITAR);JAPCA66TL;CAB;VERDE MILITAR;L;Sambil Valencia;1
2026;JULIO;CUADRO JACKET 2.0;[JAPDA162TM] CUADRO JACKET 2.0 DAMA (M, Azul Polo);JAPDA162TM;DAMA;Azul Polo;M;Grandplaz ;1
2026;JULIO;CUADRO JACKET 2.0;[JAPCA66TL] CUADRO JACKET 2.0 CAB (L, VERDE MILITAR);JAPCA66TL;CAB;VERDE MILITAR;L;Grandplaz ;1
2026;JULIO;CUADRO JACKET 2.0;[JAPCA162T2XL] CUADRO JACKET 2.0 CAB (2XL, Azul Polo);JAPCA162T2XL;CAB;Azul Polo;2XL;Grandplaz ;1
2026;JULIO;CUADRO JACKET 2.0;[JAPCA43TM] CUADRO JACKET 2.0 CAB (M, NEGRO);JAPCA43TM;CAB;NEGRO;M;Sambil Valencia;1
2026;JULIO;CUADRO JACKET 2.0;[JAPCA43TXL] CUADRO JACKET 2.0 CAB (XL, NEGRO);JAPCA43TXL;CAB;NEGRO;XL;Cerro Verde ;1
2026;JULIO;CUADRO JACKET 2.0;[JAPDA16TXS] CUADRO JACKET 2.0 DAMA (XS, BLANCO);JAPDA16TXS;DAMA;BLANCO;XS;Sambil Valencia;1
2026;JULIO;CUADRO JACKET 2.0;[JAPDA43TM] CUADRO JACKET 2.0 DAMA (M, NEGRO);JAPDA43TM;DAMA;NEGRO;M;Sambil Chacao ;1
2026;JULIO;CUADRO JACKET 2.0;[JAPCA43TL] CUADRO JACKET 2.0 CAB (L, NEGRO);JAPCA43TL;CAB;NEGRO;L;Sambil Valencia;1
2026;JULIO;CUADRO JACKET 2.0;[JAPDA43TXS] CUADRO JACKET 2.0 DAMA (XS, NEGRO);JAPDA43TXS;DAMA;NEGRO;XS;Sambil Valencia;1
2026;JULIO;CUADRO JACKET 2.0;[JAPDA43TM] CUADRO JACKET 2.0 DAMA (M, NEGRO);JAPDA43TM;DAMA;NEGRO;M;Sambil Valencia;1
2026;JULIO;CUADRO JACKET 2.0;[JAPDA35TS] CUADRO JACKET 2.0 DAMA (S, Magenta);JAPDA35TS;DAMA;Magenta;S;Sambil Valencia;1
2026;JULIO;CUADRO JACKET 2.0;[JAPCA43TL] CUADRO JACKET 2.0 CAB (L, NEGRO);JAPCA43TL;CAB;NEGRO;L;Sambil Chacao ;1
2026;JULIO;CUADRO JACKET 2.0;[JAPDA43TXS] CUADRO JACKET 2.0 DAMA (XS, NEGRO);JAPDA43TXS;DAMA;NEGRO;XS;Sambil Chacao ;1
2026;JULIO;CUADRO JACKET 2.0;[JAPCA43TM] CUADRO JACKET 2.0 CAB (M, NEGRO);JAPCA43TM;CAB;NEGRO;M;Tolon;1
2026;JULIO;CUADRO JACKET 2.0;[JAPKI162T12] CUADRO JACKET 2.0 KIDS (12, Azul Polo);JAPKI162T12;KIDS;Azul Polo;12;Sambil Valencia;1
2026;JULIO;CUADRO JACKET 2.0;[JAPCA66TXL] CUADRO JACKET 2.0 CAB (XL, VERDE MILITAR);JAPCA66TXL;CAB;VERDE MILITAR;XL;Cerro Verde ;1
2026;JULIO;CUADRO JACKET 2.0;[JAPDA162TS] CUADRO JACKET 2.0 DAMA (S, Azul Polo);JAPDA162TS;DAMA;Azul Polo;S;Sambil Valencia;1
2026;JULIO;CUADRO JACKET 2.0;[JAPCA43TS] CUADRO JACKET 2.0 CAB (S, NEGRO);JAPCA43TS;CAB;NEGRO;S;Sambil Valencia;1
2026;JULIO;CUADRO JACKET 2.0;[JAPDA43TXS] CUADRO JACKET 2.0 DAMA (XS, NEGRO);JAPDA43TXS;DAMA;NEGRO;XS;Sambil Valencia;1
2026;JULIO;CUADRO JACKET 2.0;[JAPCA162TM] CUADRO JACKET 2.0 CAB (M, Azul Polo);JAPCA162TM;CAB;Azul Polo;M;Sambil Chacao ;1
2026;JULIO;CUADRO JACKET 2.0;[JAPCA43TM] CUADRO JACKET 2.0 CAB (M, NEGRO);JAPCA43TM;CAB;NEGRO;M;Sambil Chacao ;1
2026;JULIO;CUADRO JACKET 2.0;[JAPKI43T8] CUADRO JACKET 2.0 KIDS (8, NEGRO);JAPKI43T8;KIDS;NEGRO;8;La Grieta;1
2026;JULIO;CUADRO JACKET 2.0;[JAPKI43T4] CUADRO JACKET 2.0 KIDS (4, NEGRO);JAPKI43T4;KIDS;NEGRO;4;La Grieta;1
2026;JULIO;CUADRO JACKET 2.0;[JAPCA43TM] CUADRO JACKET 2.0 CAB (M, NEGRO);JAPCA43TM;CAB;NEGRO;M;La Grieta;1
2026;JULIO;CUADRO JACKET 2.0;[JAPCA162T2XL] CUADRO JACKET 2.0 CAB (2XL, Azul Polo);JAPCA162T2XL;CAB;Azul Polo;2XL;Cerro Verde ;1
2026;JULIO;CUADRO JACKET 2.0;[JAPDA66TXL] CUADRO JACKET 2.0 DAMA (XL, VERDE MILITAR);JAPDA66TXL;DAMA;VERDE MILITAR;XL;La Grieta;1
2026;JULIO;CUADRO JACKET 2.0;[JAPDA66TM] CUADRO JACKET 2.0 DAMA (M, VERDE MILITAR);JAPDA66TM;DAMA;VERDE MILITAR;M;La Grieta;6
2026;JULIO;CUADRO JACKET 2.0;[JAPCA66TXL] CUADRO JACKET 2.0 CAB (XL, VERDE MILITAR);JAPCA66TXL;CAB;VERDE MILITAR;XL;La Grieta;5
2026;JULIO;CUADRO JACKET 2.0;[JAPDA66TL] CUADRO JACKET 2.0 DAMA (L, VERDE MILITAR);JAPDA66TL;DAMA;VERDE MILITAR;L;La Grieta;8
2026;JULIO;CUADRO JACKET 2.0;[JAPCA66TL] CUADRO JACKET 2.0 CAB (L, VERDE MILITAR);JAPCA66TL;CAB;VERDE MILITAR;L;La Grieta;8
2026;JULIO;CUADRO JACKET 2.0;[JAPDA66TS] CUADRO JACKET 2.0 DAMA (S, VERDE MILITAR);JAPDA66TS;DAMA;VERDE MILITAR;S;La Grieta;4
2026;JULIO;CUADRO JACKET 2.0;[JAPCA66T2XL] CUADRO JACKET 2.0 CAB (2XL, VERDE MILITAR);JAPCA66T2XL;CAB;VERDE MILITAR;2XL;La Grieta;1
2026;JULIO;CUADRO JACKET 2.0;[JAPCA66TM] CUADRO JACKET 2.0 CAB (M, VERDE MILITAR);JAPCA66TM;CAB;VERDE MILITAR;M;La Grieta;5
2026;JULIO;CUADRO JACKET 2.0;[JAPDA16TS] CUADRO JACKET 2.0 DAMA (S, BLANCO);JAPDA16TS;DAMA;BLANCO;S;La Grieta;1
2026;JULIO;CUADRO JACKET 2.0;[JAPCA162TS] CUADRO JACKET 2.0 CAB (S, Azul Polo);JAPCA162TS;CAB;Azul Polo;S;Sambil Valencia;1
2026;JULIO;CUADRO JACKET 2.0;[JAPCA16TL] CUADRO JACKET 2.0 CAB (L, BLANCO);JAPCA16TL;CAB;BLANCO;L;Sambil Valencia;1
2026;JULIO;CUADRO JACKET 2.0;[JAPDA35TXS] CUADRO JACKET 2.0 DAMA (XS, Magenta);JAPDA35TXS;DAMA;Magenta;XS;La Grieta;1
2026;JULIO;CUADRO JACKET 2.0;[JAPKI35T6] CUADRO JACKET 2.0 KIDS (6, Magenta);JAPKI35T6;KIDS;Magenta;6;La Grieta;1
2026;JULIO;CUADRO JACKET 2.0;[JAPDA35TXL] CUADRO JACKET 2.0 DAMA (XL, Magenta);JAPDA35TXL;DAMA;Magenta;XL;Grandplaz ;2
2026;JULIO;CUADRO JACKET 2.0;[JAPDA35TL] CUADRO JACKET 2.0 DAMA (L, Magenta);JAPDA35TL;DAMA;Magenta;L;Grandplaz ;1
2026;JULIO;CUADRO JACKET 2.0;[JAPKI01T12] CUADRO JACKET 2.0 KIDS (12, AGUAMARINA);JAPKI01T12;KIDS;AGUAMARINA;12;Sambil Valencia;1
2026;JULIO;CUADRO JACKET 2.0;[JAPKI35T12] CUADRO JACKET 2.0 KIDS (12, Magenta);JAPKI35T12;KIDS;Magenta;12;Sambil Valencia;1
2026;JULIO;CUADRO JACKET 2.0;[JAPCA43TS] CUADRO JACKET 2.0 CAB (S, NEGRO);JAPCA43TS;CAB;NEGRO;S;Sambil Valencia;1
2026;JULIO;CUADRO JACKET 2.0;[JAPCA43T2XL] CUADRO JACKET 2.0 CAB (2XL, NEGRO);JAPCA43T2XL;CAB;NEGRO;2XL;La Grieta;1
2026;JULIO;CUADRO JACKET 2.0;[JAPDA16TS] CUADRO JACKET 2.0 DAMA (S, BLANCO);JAPDA16TS;DAMA;BLANCO;S;La Grieta;1
2026;JULIO;CUADRO JACKET 2.0;[JAPCA43TL] CUADRO JACKET 2.0 CAB (L, NEGRO);JAPCA43TL;CAB;NEGRO;L;Pedidos;1
2026;JULIO;CUADRO JACKET 2.0;[JAPCA43TL] CUADRO JACKET 2.0 CAB (L, NEGRO);JAPCA43TL;CAB;NEGRO;L;Sambil Valencia;2
2026;JULIO;CUADRO JACKET 2.0;[JAPDA43TS] CUADRO JACKET 2.0 DAMA (S, NEGRO);JAPDA43TS;DAMA;NEGRO;S;Sambil Valencia;1
2026;JULIO;CUADRO JACKET 2.0;[JAPCA66T2XL] CUADRO JACKET 2.0 CAB (2XL, VERDE MILITAR);JAPCA66T2XL;CAB;VERDE MILITAR;2XL;Sambil Valencia;1
2026;JULIO;CUADRO JACKET 2.0;[JAPCA162TL] CUADRO JACKET 2.0 CAB (L, Azul Polo);JAPCA162TL;CAB;Azul Polo;L;Tolon;1
2026;JULIO;CUADRO JACKET 2.0;[JAPDA162TS] CUADRO JACKET 2.0 DAMA (S, Azul Polo);JAPDA162TS;DAMA;Azul Polo;S;Tolon;1
2026;JULIO;CUADRO JACKET 2.0;[JAPKI162T6] CUADRO JACKET 2.0 KIDS (6, Azul Polo);JAPKI162T6;KIDS;Azul Polo;6;Tolon;1
2026;JULIO;CUADRO JACKET 2.0;[JAPKI43T10] CUADRO JACKET 2.0 KIDS (10, NEGRO);JAPKI43T10;KIDS;NEGRO;10;Tolon;1
2026;JULIO;CUADRO JACKET 2.0;[JAPCA66TL] CUADRO JACKET 2.0 CAB (L, VERDE MILITAR);JAPCA66TL;CAB;VERDE MILITAR;L;Sambil Chacao ;1
2026;JULIO;CUADRO JACKET 2.0;[JAPKI01T12] CUADRO JACKET 2.0 KIDS (12, AGUAMARINA);JAPKI01T12;KIDS;AGUAMARINA;12;Cerro Verde ;1
2026;JULIO;CUADRO JACKET 2.0;[JAPCA66TM] CUADRO JACKET 2.0 CAB (M, VERDE MILITAR);JAPCA66TM;CAB;VERDE MILITAR;M;Sambil Valencia;1
2026;JULIO;CUADRO JACKET 2.0;[JAPDA162TM] CUADRO JACKET 2.0 DAMA (M, Azul Polo);JAPDA162TM;DAMA;Azul Polo;M;Sambil Chacao ;1
2026;JULIO;CUADRO JACKET 2.0;[JAPCA162TM] CUADRO JACKET 2.0 CAB (M, Azul Polo);JAPCA162TM;CAB;Azul Polo;M;Pedidos;1
2026;JULIO;CUADRO JACKET 2.0;[JAPDA01TXS] CUADRO JACKET 2.0 DAMA (XS, AGUAMARINA);JAPDA01TXS;DAMA;AGUAMARINA;XS;Sambil Valencia;1
2026;JULIO;CUADRO JACKET 2.0;[JAPCA162T2XL] CUADRO JACKET 2.0 CAB (2XL, Azul Polo);JAPCA162T2XL;CAB;Azul Polo;2XL;Cerro Verde ;-1
2026;JULIO;CUADRO JACKET 2.0;[JAPCA43TL] CUADRO JACKET 2.0 CAB (L, NEGRO);JAPCA43TL;CAB;NEGRO;L;Cerro Verde ;1
2026;JULIO;CUADRO JACKET 2.0;[JAPCA162TM] CUADRO JACKET 2.0 CAB (M, Azul Polo);JAPCA162TM;CAB;Azul Polo;M;Sambil Valencia;1
2026;JULIO;CUADRO JACKET 2.0;[JAPCA162TS] CUADRO JACKET 2.0 CAB (S, Azul Polo);JAPCA162TS;CAB;Azul Polo;S;Sambil Valencia;-1
2026;JULIO;CUADRO JACKET 2.0;[JAPKI35T12] CUADRO JACKET 2.0 KIDS (12, Magenta);JAPKI35T12;KIDS;Magenta;12;Sambil Valencia;1
2026;JULIO;CUADRO JACKET 2.0;[JAPDA35TL] CUADRO JACKET 2.0 DAMA (L, Magenta);JAPDA35TL;DAMA;Magenta;L;Sambil Valencia;1
2026;JULIO;CUADRO JACKET 2.0;[JAPDA16TS] CUADRO JACKET 2.0 DAMA (S, BLANCO);JAPDA16TS;DAMA;BLANCO;S;Pedidos;1
2026;JULIO;CUADRO JACKET 2.0;[JAPDA43TS] CUADRO JACKET 2.0 DAMA (S, NEGRO);JAPDA43TS;DAMA;NEGRO;S;La Grieta;1
2026;JULIO;CUADRO JACKET 2.0;[JAPDA16TXL] CUADRO JACKET 2.0 DAMA (XL, BLANCO);JAPDA16TXL;DAMA;BLANCO;XL;La Grieta;1
2026;JULIO;CUADRO JACKET 2.0;[JAPCA43TL] CUADRO JACKET 2.0 CAB (L, NEGRO);JAPCA43TL;CAB;NEGRO;L;Sambil Chacao ;1
2026;JULIO;CUADRO JACKET 2.0;[JAPDA162TM] CUADRO JACKET 2.0 DAMA (M, Azul Polo);JAPDA162TM;DAMA;Azul Polo;M;Pedidos;1
2026;JULIO;CUADRO JACKET 2.0;[JAPCA162TL] CUADRO JACKET 2.0 CAB (L, Azul Polo);JAPCA162TL;CAB;Azul Polo;L;Sambil Chacao ;1
2026;JULIO;CUADRO JACKET 2.0;[JAPDA162TS] CUADRO JACKET 2.0 DAMA (S, Azul Polo);JAPDA162TS;DAMA;Azul Polo;S;Sambil Chacao ;1
2026;JULIO;CUADRO JACKET 2.0;[JAPCA162TXL] CUADRO JACKET 2.0 CAB (XL, Azul Polo);JAPCA162TXL;CAB;Azul Polo;XL;Sambil Chacao ;2
2026;JULIO;CUADRO JACKET 2.0;[JAPCA43TL] CUADRO JACKET 2.0 CAB (L, NEGRO);JAPCA43TL;CAB;NEGRO;L;La Grieta;1
2026;JULIO;CUADRO JACKET 2.0;[JAPCA162TS] CUADRO JACKET 2.0 CAB (S, Azul Polo);JAPCA162TS;CAB;Azul Polo;S;La Grieta;1
2026;JULIO;CUADRO JACKET 2.0;[JAPDA16TM] CUADRO JACKET 2.0 DAMA (M, BLANCO);JAPDA16TM;DAMA;BLANCO;M;La Grieta;1
2026;JULIO;CUADRO JACKET 2.0;[JAPDA35TS] CUADRO JACKET 2.0 DAMA (S, Magenta);JAPDA35TS;DAMA;Magenta;S;La Grieta;1
2026;JULIO;CUADRO JACKET 2.0;[JAPDA35TS] CUADRO JACKET 2.0 DAMA (S, Magenta);JAPDA35TS;DAMA;Magenta;S;La Grieta;1
2026;JULIO;CUADRO JACKET 2.0;[JAPDA43TXS] CUADRO JACKET 2.0 DAMA (XS, NEGRO);JAPDA43TXS;DAMA;NEGRO;XS;Sambil Valencia;1
2026;JULIO;CUADRO JACKET 2.0;[JAPCA66TM] CUADRO JACKET 2.0 CAB (M, VERDE MILITAR);JAPCA66TM;CAB;VERDE MILITAR;M;Cerro Verde ;1
2026;JULIO;CUADRO JACKET 2.0;[JAPDA01TS] CUADRO JACKET 2.0 DAMA (S, AGUAMARINA);JAPDA01TS;DAMA;AGUAMARINA;S;La Grieta;1
2026;JULIO;CUADRO JACKET 2.0;[JAPCA43TL] CUADRO JACKET 2.0 CAB (L, NEGRO);JAPCA43TL;CAB;NEGRO;L;Sambil Valencia;1
2026;JULIO;CUADRO JACKET 2.0;[JAPKI43T12] CUADRO JACKET 2.0 KIDS (12, NEGRO);JAPKI43T12;KIDS;NEGRO;12;Sambil Valencia;1
2026;JULIO;CUADRO JACKET 2.0;[JAPDA43TM] CUADRO JACKET 2.0 DAMA (M, NEGRO);JAPDA43TM;DAMA;NEGRO;M;Sambil Valencia;1
2026;JULIO;CUADRO JACKET 2.0;[JAPDA162TXS] CUADRO JACKET 2.0 DAMA (XS, Azul Polo);JAPDA162TXS;DAMA;Azul Polo;XS;Cerro Verde ;1
2026;JULIO;CUADRO JACKET 2.0;[JAPKI35T12] CUADRO JACKET 2.0 KIDS (12, Magenta);JAPKI35T12;KIDS;Magenta;12;Cerro Verde ;1
2026;JULIO;CUADRO JACKET 2.0;[JAPDA43TM] CUADRO JACKET 2.0 DAMA (M, NEGRO);JAPDA43TM;DAMA;NEGRO;M;La Grieta;1
2026;JULIO;CUADRO JACKET 2.0;[JAPCA66TXL] CUADRO JACKET 2.0 CAB (XL, VERDE MILITAR);JAPCA66TXL;CAB;VERDE MILITAR;XL;Sambil Chacao ;1
2026;JULIO;CUADRO JACKET 2.0;[JAPCA43TM] CUADRO JACKET 2.0 CAB (M, NEGRO);JAPCA43TM;CAB;NEGRO;M;Sambil Chacao ;1
2026;JULIO;CUADRO JACKET 2.0;[JAPCA43T2XL] CUADRO JACKET 2.0 CAB (2XL, NEGRO);JAPCA43T2XL;CAB;NEGRO;2XL;Cerro Verde ;1
2026;JULIO;CUADRO JACKET 2.0;[JAPCA43TL] CUADRO JACKET 2.0 CAB (L, NEGRO);JAPCA43TL;CAB;NEGRO;L;Cerro Verde ;1
2026;JULIO;CUADRO JACKET 2.0;[JAPCA43TXL] CUADRO JACKET 2.0 CAB (XL, NEGRO);JAPCA43TXL;CAB;NEGRO;XL;Cerro Verde ;2
2026;JULIO;CUADRO JACKET 2.0;[JAPDA66TXS] CUADRO JACKET 2.0 DAMA (XS, VERDE MILITAR);JAPDA66TXS;DAMA;VERDE MILITAR;XS;Tolon;1
2026;JULIO;CUADRO JACKET 2.0;[JAPCA66TL] CUADRO JACKET 2.0 CAB (L, VERDE MILITAR);JAPCA66TL;CAB;VERDE MILITAR;L;Sambil Chacao ;1
2026;JULIO;CUADRO JACKET 2.0;[JAPCA66TXL] CUADRO JACKET 2.0 CAB (XL, VERDE MILITAR);JAPCA66TXL;CAB;VERDE MILITAR;XL;Sambil Valencia;1
2026;JULIO;CUADRO JACKET 2.0;[JAPDA16TS] CUADRO JACKET 2.0 DAMA (S, BLANCO);JAPDA16TS;DAMA;BLANCO;S;Sambil Valencia;1
2026;JULIO;CUADRO JACKET 2.0;[JAPDA162TS] CUADRO JACKET 2.0 DAMA (S, Azul Polo);JAPDA162TS;DAMA;Azul Polo;S;La Grieta;1
2026;JULIO;CUADRO JACKET 2.0;[JAPDA162TXS] CUADRO JACKET 2.0 DAMA (XS, Azul Polo);JAPDA162TXS;DAMA;Azul Polo;XS;La Grieta;-1
2026;JULIO;CUADRO JACKET 2.0;[JAPDA35TS] CUADRO JACKET 2.0 DAMA (S, Magenta);JAPDA35TS;DAMA;Magenta;S;Cerro Verde ;1
2026;JULIO;CUADRO JACKET 2.0;[JAPDA162TL] CUADRO JACKET 2.0 DAMA (L, Azul Polo);JAPDA162TL;DAMA;Azul Polo;L;Cerro Verde ;1
2026;JULIO;CUADRO JACKET 2.0;[JAPDA01TL] CUADRO JACKET 2.0 DAMA (L, AGUAMARINA);JAPDA01TL;DAMA;AGUAMARINA;L;Cerro Verde ;1
2026;JULIO;CUADRO JACKET 2.0;[JAPCA43TS] CUADRO JACKET 2.0 CAB (S, NEGRO);JAPCA43TS;CAB;NEGRO;S;Cerro Verde ;1
2026;JULIO;CUADRO JACKET 2.0;[JAPDA66TXS] CUADRO JACKET 2.0 DAMA (XS, VERDE MILITAR);JAPDA66TXS;DAMA;VERDE MILITAR;XS;Cerro Verde ;1
2026;JULIO;CUADRO JACKET 2.0;[JAPCA162TL] CUADRO JACKET 2.0 CAB (L, Azul Polo);JAPCA162TL;CAB;Azul Polo;L;La Grieta;1
2026;JULIO;CUADRO JACKET 2.0;[JAPCA43TL] CUADRO JACKET 2.0 CAB (L, NEGRO);JAPCA43TL;CAB;NEGRO;L;La Grieta;1
2026;JULIO;CUADRO JACKET 2.0;[JAPDA43TM] CUADRO JACKET 2.0 DAMA (M, NEGRO);JAPDA43TM;DAMA;NEGRO;M;La Grieta;1
2026;JULIO;CUADRO JACKET 2.0;[JAPCA43TM] CUADRO JACKET 2.0 CAB (M, NEGRO);JAPCA43TM;CAB;NEGRO;M;La Vela;1
2026;JULIO;CUADRO JACKET 2.0;[JAPDA162TS] CUADRO JACKET 2.0 DAMA (S, Azul Polo);JAPDA162TS;DAMA;Azul Polo;S;Sambil Chacao ;1
2026;JULIO;CUADRO JACKET 2.0;[JAPCA162TL] CUADRO JACKET 2.0 CAB (L, Azul Polo);JAPCA162TL;CAB;Azul Polo;L;Sambil Chacao ;1
2026;JULIO;CUADRO JACKET 2.0;[JAPDA35TM] CUADRO JACKET 2.0 DAMA (M, Magenta);JAPDA35TM;DAMA;Magenta;M;Sambil Valencia;1
2026;JULIO;CUADRO JACKET 2.0;[JAPDA16TM] CUADRO JACKET 2.0 DAMA (M, BLANCO);JAPDA16TM;DAMA;BLANCO;M;Sambil Chacao ;1
2026;JULIO;CUADRO JACKET 2.0;[JAPCA16TM] CUADRO JACKET 2.0 CAB (M, BLANCO);JAPCA16TM;CAB;BLANCO;M;Sambil Chacao ;1
2026;JULIO;CUADRO JACKET 2.0;[JAPDA162TXS] CUADRO JACKET 2.0 DAMA (XS, Azul Polo);JAPDA162TXS;DAMA;Azul Polo;XS;Cerro Verde ;1
2026;JULIO;CUADRO JACKET 2.0;[JAPCA162TL] CUADRO JACKET 2.0 CAB (L, Azul Polo);JAPCA162TL;CAB;Azul Polo;L;Cerro Verde ;1
2026;JULIO;CUADRO JACKET 2.0;[JAPDA35TXS] CUADRO JACKET 2.0 DAMA (XS, Magenta);JAPDA35TXS;DAMA;Magenta;XS;Sambil Valencia;1
2026;JULIO;CUADRO JACKET 2.0;[JAPCA43TM] CUADRO JACKET 2.0 CAB (M, NEGRO);JAPCA43TM;CAB;NEGRO;M;Sambil Valencia;1
2026;JULIO;CUADRO JACKET 2.0;[JAPCA43TM] CUADRO JACKET 2.0 CAB (M, NEGRO);JAPCA43TM;CAB;NEGRO;M;Sambil Chacao ;1
2026;JULIO;CUADRO JACKET 2.0;[JAPCA66TS] CUADRO JACKET 2.0 CAB (S, VERDE MILITAR);JAPCA66TS;CAB;VERDE MILITAR;S;Cerro Verde ;1
2026;JULIO;CUADRO JACKET 2.0;[JAPCA43TXL] CUADRO JACKET 2.0 CAB (XL, NEGRO);JAPCA43TXL;CAB;NEGRO;XL;Cerro Verde ;1
2026;JULIO;CUADRO JACKET 2.0;[JAPDA01TS] CUADRO JACKET 2.0 DAMA (S, AGUAMARINA);JAPDA01TS;DAMA;AGUAMARINA;S;Sambil Chacao ;1
2026;JULIO;CUADRO JACKET 2.0;[JAPCA16TM] CUADRO JACKET 2.0 CAB (M, BLANCO);JAPCA16TM;CAB;BLANCO;M;Sambil Chacao ;1
2026;JULIO;CUADRO JACKET 2.0;[JAPCA01TL] CUADRO JACKET 2.0 CAB (L, AGUAMARINA);JAPCA01TL;CAB;AGUAMARINA;L;Cerro Verde ;1
2026;JULIO;CUADRO JACKET 2.0;[JAPDA01TM] CUADRO JACKET 2.0 DAMA (M, AGUAMARINA);JAPDA01TM;DAMA;AGUAMARINA;M;Cerro Verde ;1
2026;JULIO;CUADRO JACKET 2.0;[JAPDA162TL] CUADRO JACKET 2.0 DAMA (L, Azul Polo);JAPDA162TL;DAMA;Azul Polo;L;Cerro Verde ;1
2026;JULIO;CUADRO JACKET 2.0;[JAPCA43TM] CUADRO JACKET 2.0 CAB (M, NEGRO);JAPCA43TM;CAB;NEGRO;M;Sambil Chacao ;1
2026;JULIO;CUADRO JACKET 2.0;[JAPDA43TXS] CUADRO JACKET 2.0 DAMA (XS, NEGRO);JAPDA43TXS;DAMA;NEGRO;XS;Sambil Valencia;1
2026;JULIO;CUADRO JACKET 2.0;[JAPCA162TL] CUADRO JACKET 2.0 CAB (L, Azul Polo);JAPCA162TL;CAB;Azul Polo;L;Sambil Valencia;1
2026;JULIO;CUADRO JACKET 2.0;[JAPDA162TM] CUADRO JACKET 2.0 DAMA (M, Azul Polo);JAPDA162TM;DAMA;Azul Polo;M;Sambil Valencia;1
2026;JULIO;CUADRO JACKET 2.0;[JAPCA162TS] CUADRO JACKET 2.0 CAB (S, Azul Polo);JAPCA162TS;CAB;Azul Polo;S;Sambil Valencia;1
2026;JULIO;CUADRO JACKET 2.0;[JAPDA16TXL] CUADRO JACKET 2.0 DAMA (XL, BLANCO);JAPDA16TXL;DAMA;BLANCO;XL;La Grieta;1
2026;JULIO;CUADRO JACKET 2.0;[JAPCA66TM] CUADRO JACKET 2.0 CAB (M, VERDE MILITAR);JAPCA66TM;CAB;VERDE MILITAR;M;Cerro Verde ;1
2026;JULIO;CUADRO JACKET 2.0;[JAPKI01T10] CUADRO JACKET 2.0 KIDS (10, AGUAMARINA);JAPKI01T10;KIDS;AGUAMARINA;10;Cerro Verde ;1
2026;JULIO;CUADRO JACKET 2.0;[JAPDA43TXS] CUADRO JACKET 2.0 DAMA (XS, NEGRO);JAPDA43TXS;DAMA;NEGRO;XS;Sambil Chacao ;1
2026;JULIO;CUADRO JACKET 2.0;[JAPDA16TM] CUADRO JACKET 2.0 DAMA (M, BLANCO);JAPDA16TM;DAMA;BLANCO;M;Tolon;1
2026;JULIO;CUADRO JACKET 2.0;[JAPCA66TM] CUADRO JACKET 2.0 CAB (M, VERDE MILITAR);JAPCA66TM;CAB;VERDE MILITAR;M;La Grieta;1
2026;JULIO;CUADRO JACKET 2.0;[JAPCA43TM] CUADRO JACKET 2.0 CAB (M, NEGRO);JAPCA43TM;CAB;NEGRO;M;La Grieta;1
2026;JULIO;CUADRO JACKET 2.0;[JAPCA162TL] CUADRO JACKET 2.0 CAB (L, Azul Polo);JAPCA162TL;CAB;Azul Polo;L;La Grieta;1
2026;JULIO;CUADRO JACKET 2.0;[JAPDA43TM] CUADRO JACKET 2.0 DAMA (M, NEGRO);JAPDA43TM;DAMA;NEGRO;M;Sambil Valencia;1
2026;JULIO;CUADRO JACKET 2.0;[JAPDA162TXS] CUADRO JACKET 2.0 DAMA (XS, Azul Polo);JAPDA162TXS;DAMA;Azul Polo;XS;La Grieta;1
2026;JULIO;CUADRO JACKET 2.0;[JAPCA43T2XL] CUADRO JACKET 2.0 CAB (2XL, NEGRO);JAPCA43T2XL;CAB;NEGRO;2XL;Sambil Chacao ;1
2026;JULIO;CUADRO JACKET 2.0;[JAPDA43TM] CUADRO JACKET 2.0 DAMA (M, NEGRO);JAPDA43TM;DAMA;NEGRO;M;Sambil Valencia;1
2026;JULIO;CUADRO JACKET 2.0;[JAPDA01TS] CUADRO JACKET 2.0 DAMA (S, AGUAMARINA);JAPDA01TS;DAMA;AGUAMARINA;S;Sambil Chacao ;1
2026;JULIO;CUADRO JACKET 2.0;[JAPCA162TS] CUADRO JACKET 2.0 CAB (S, Azul Polo);JAPCA162TS;CAB;Azul Polo;S;Sambil Valencia;1
2026;JULIO;CUADRO JACKET 2.0;[JAPCA43TM] CUADRO JACKET 2.0 CAB (M, NEGRO);JAPCA43TM;CAB;NEGRO;M;Cerro Verde ;1
2026;JULIO;CUADRO JACKET 2.0;[JAPDA43TS] CUADRO JACKET 2.0 DAMA (S, NEGRO);JAPDA43TS;DAMA;NEGRO;S;Cerro Verde ;1
2026;JULIO;CUADRO JACKET 2.0;[JAPDA162TXS] CUADRO JACKET 2.0 DAMA (XS, Azul Polo);JAPDA162TXS;DAMA;Azul Polo;XS;Sambil Valencia;1
2026;JULIO;CUADRO JACKET 2.0;[JAPCA162TM] CUADRO JACKET 2.0 CAB (M, Azul Polo);JAPCA162TM;CAB;Azul Polo;M;La Grieta;1
2026;JULIO;CUADRO JACKET 2.0;[JAPDA162TXS] CUADRO JACKET 2.0 DAMA (XS, Azul Polo);JAPDA162TXS;DAMA;Azul Polo;XS;La Vela;1
2026;JULIO;CUADRO JACKET 2.0;[JAPCA43TM] CUADRO JACKET 2.0 CAB (M, NEGRO);JAPCA43TM;CAB;NEGRO;M;Sambil Valencia;1
2026;JULIO;CUADRO JACKET 2.0;[JAPDA16TS] CUADRO JACKET 2.0 DAMA (S, BLANCO);JAPDA16TS;DAMA;BLANCO;S;Sambil Valencia;1
2026;JULIO;CUADRO JACKET 2.0;[JAPDA43TM] CUADRO JACKET 2.0 DAMA (M, NEGRO);JAPDA43TM;DAMA;NEGRO;M;Sambil Valencia;1
2026;JULIO;CUADRO JACKET 2.0;[JAPDA43TS] CUADRO JACKET 2.0 DAMA (S, NEGRO);JAPDA43TS;DAMA;NEGRO;S;La Grieta;1
2026;JULIO;CUADRO JACKET 2.0;[JAPDA43TXS] CUADRO JACKET 2.0 DAMA (XS, NEGRO);JAPDA43TXS;DAMA;NEGRO;XS;La Grieta;-1
2026;JULIO;CUADRO JACKET 2.0;[JAPCA66TM] CUADRO JACKET 2.0 CAB (M, VERDE MILITAR);JAPCA66TM;CAB;VERDE MILITAR;M;La Vela;1
2026;JULIO;CUADRO JACKET 2.0;[JAPCA43TXL] CUADRO JACKET 2.0 CAB (XL, NEGRO);JAPCA43TXL;CAB;NEGRO;XL;La Grieta;1
2026;JULIO;CUADRO JACKET 2.0;[JAPCA162TL] CUADRO JACKET 2.0 CAB (L, Azul Polo);JAPCA162TL;CAB;Azul Polo;L;Cerro Verde ;1
2026;JULIO;CUADRO JACKET 2.0;[JAPDA16TS] CUADRO JACKET 2.0 DAMA (S, BLANCO);JAPDA16TS;DAMA;BLANCO;S;Sambil Valencia;1
2026;JULIO;CUADRO JACKET 2.0;[JAPCA43T2XL] CUADRO JACKET 2.0 CAB (2XL, NEGRO);JAPCA43T2XL;CAB;NEGRO;2XL;La Grieta;1
2026;JULIO;CUADRO JACKET 2.0;[JAPCA16TM] CUADRO JACKET 2.0 CAB (M, BLANCO);JAPCA16TM;CAB;BLANCO;M;La Vela;1
2026;JULIO;CUADRO JACKET 2.0;[JAPKI43T8] CUADRO JACKET 2.0 KIDS (8, NEGRO);JAPKI43T8;KIDS;NEGRO;8;Tolon;1
2026;JULIO;CUADRO JACKET 2.0;[JAPCA162TM] CUADRO JACKET 2.0 CAB (M, Azul Polo);JAPCA162TM;CAB;Azul Polo;M;Sambil Valencia;1
2026;JULIO;CUADRO JACKET 2.0;[JAPKI01T12] CUADRO JACKET 2.0 KIDS (12, AGUAMARINA);JAPKI01T12;KIDS;AGUAMARINA;12;La Grieta;1
2026;JULIO;CUADRO JACKET 2.0;[JAPKI35T12] CUADRO JACKET 2.0 KIDS (12, Magenta);JAPKI35T12;KIDS;Magenta;12;Sambil Valencia;1
2026;JULIO;CUADRO JACKET 2.0;[JAPCA66TXL] CUADRO JACKET 2.0 CAB (XL, VERDE MILITAR);JAPCA66TXL;CAB;VERDE MILITAR;XL;Sambil Chacao ;1
2026;JULIO;CUADRO JACKET 2.0;[JAPCA43TS] CUADRO JACKET 2.0 CAB (S, NEGRO);JAPCA43TS;CAB;NEGRO;S;Tolon;1
2026;JULIO;CUADRO JACKET 2.0;[JAPKI01T6] CUADRO JACKET 2.0 KIDS (6, AGUAMARINA);JAPKI01T6;KIDS;AGUAMARINA;6;Cerro Verde ;1
2026;JULIO;CUADRO JACKET 2.0;[JAPKI35T12] CUADRO JACKET 2.0 KIDS (12, Magenta);JAPKI35T12;KIDS;Magenta;12;La Grieta;1
2026;JULIO;CUADRO JACKET 2.0;[JAPCA43TL] CUADRO JACKET 2.0 CAB (L, NEGRO);JAPCA43TL;CAB;NEGRO;L;Sambil Valencia;1
2026;JULIO;CUADRO JACKET 2.0;[JAPDA162TM] CUADRO JACKET 2.0 DAMA (M, Azul Polo);JAPDA162TM;DAMA;Azul Polo;M;La Grieta;1
2026;JULIO;CUADRO JACKET 2.0;[JAPDA162TM] CUADRO JACKET 2.0 DAMA (M, Azul Polo);JAPDA162TM;DAMA;Azul Polo;M;La Grieta;-1
2026;JULIO;CUADRO JACKET 2.0;[JAPCA43TL] CUADRO JACKET 2.0 CAB (L, NEGRO);JAPCA43TL;CAB;NEGRO;L;La Vela;1
2026;JULIO;CUADRO JACKET 2.0;[JAPCA162TXL] CUADRO JACKET 2.0 CAB (XL, Azul Polo);JAPCA162TXL;CAB;Azul Polo;XL;Sambil Chacao ;1
2026;JULIO;CUADRO JACKET 2.0;[JAPDA162TM] CUADRO JACKET 2.0 DAMA (M, Azul Polo);JAPDA162TM;DAMA;Azul Polo;M;La Grieta;1
2026;JULIO;CUADRO JACKET 2.0;[JAPKI162T4] CUADRO JACKET 2.0 KIDS (4, Azul Polo);JAPKI162T4;KIDS;Azul Polo;4;La Grieta;1
2026;JULIO;CUADRO JACKET 2.0;[JAPCA66TL] CUADRO JACKET 2.0 CAB (L, VERDE MILITAR);JAPCA66TL;CAB;VERDE MILITAR;L;Sambil Valencia;1
2026;JULIO;CUADRO JACKET 2.0;[JAPCA43TM] CUADRO JACKET 2.0 CAB (M, NEGRO);JAPCA43TM;CAB;NEGRO;M;Sambil Valencia;1
2026;JULIO;CUADRO JACKET 2.0;[JAPDA35TXS] CUADRO JACKET 2.0 DAMA (XS, Magenta);JAPDA35TXS;DAMA;Magenta;XS;Sambil Valencia;1
2026;JULIO;CUADRO JACKET 2.0;[JAPCA43TXL] CUADRO JACKET 2.0 CAB (XL, NEGRO);JAPCA43TXL;CAB;NEGRO;XL;La Grieta;1
2026;JULIO;CUADRO JACKET 2.0;[JAPCA43TS] CUADRO JACKET 2.0 CAB (S, NEGRO);JAPCA43TS;CAB;NEGRO;S;Sambil Chacao ;1
2026;JULIO;CUADRO JACKET 2.0;[JAPCA43TL] CUADRO JACKET 2.0 CAB (L, NEGRO);JAPCA43TL;CAB;NEGRO;L;La Grieta;1
2026;JULIO;CUADRO JACKET 2.0;[JAPCA01TL] CUADRO JACKET 2.0 CAB (L, AGUAMARINA);JAPCA01TL;CAB;AGUAMARINA;L;Pedidos;1
2026;JULIO;CUADRO JACKET 2.0;[JAPCA43TXL] CUADRO JACKET 2.0 CAB (XL, NEGRO);JAPCA43TXL;CAB;NEGRO;XL;La Grieta;1
2026;JULIO;CUADRO JACKET 2.0;[JAPCA162TL] CUADRO JACKET 2.0 CAB (L, Azul Polo);JAPCA162TL;CAB;Azul Polo;L;La Grieta;-1
2026;JULIO;CUADRO JACKET 2.0;[JAPDA43TM] CUADRO JACKET 2.0 DAMA (M, NEGRO);JAPDA43TM;DAMA;NEGRO;M;Sambil Valencia;1
2026;JULIO;CUADRO JACKET 2.0;[JAPDA43TXS] CUADRO JACKET 2.0 DAMA (XS, NEGRO);JAPDA43TXS;DAMA;NEGRO;XS;La Grieta;1
2026;JULIO;CUADRO JACKET 2.0;[JAPCA43TL] CUADRO JACKET 2.0 CAB (L, NEGRO);JAPCA43TL;CAB;NEGRO;L;Cerro Verde ;1
2026;JULIO;CUADRO JACKET 2.0;[JAPCA16TXL] CUADRO JACKET 2.0 CAB (XL, BLANCO);JAPCA16TXL;CAB;BLANCO;XL;Sambil Chacao ;1
2026;JULIO;CUADRO JACKET 2.0;[JAPCA16TL] CUADRO JACKET 2.0 CAB (L, BLANCO);JAPCA16TL;CAB;BLANCO;L;Sambil Chacao ;-1
2026;JULIO;CUADRO JACKET 2.0;[JAPCA43TL] CUADRO JACKET 2.0 CAB (L, NEGRO);JAPCA43TL;CAB;NEGRO;L;Sambil Valencia;1
2026;JULIO;CUADRO JACKET 2.0;[JAPKI162T6] CUADRO JACKET 2.0 KIDS (6, Azul Polo);JAPKI162T6;KIDS;Azul Polo;6;La Grieta;1
2026;JULIO;CUADRO JACKET 2.0;[JAPKI35T10] CUADRO JACKET 2.0 KIDS (10, Magenta);JAPKI35T10;KIDS;Magenta;10;La Grieta;1
2026;JULIO;CUADRO JACKET 2.0;[JAPCA162TM] CUADRO JACKET 2.0 CAB (M, Azul Polo);JAPCA162TM;CAB;Azul Polo;M;Sambil Valencia;1
2026;JULIO;CUADRO JACKET 2.0;[JAPDA16TXS] CUADRO JACKET 2.0 DAMA (XS, BLANCO);JAPDA16TXS;DAMA;BLANCO;XS;Cerro Verde ;1
2026;JULIO;CUADRO JACKET 2.0;[JAPCA66TL] CUADRO JACKET 2.0 CAB (L, VERDE MILITAR);JAPCA66TL;CAB;VERDE MILITAR;L;La Grieta;1
2026;JULIO;CUADRO JACKET 2.0;[JAPCA43TL] CUADRO JACKET 2.0 CAB (L, NEGRO);JAPCA43TL;CAB;NEGRO;L;La Grieta;1
2026;JULIO;CUADRO JACKET 2.0;[JAPDA43TS] CUADRO JACKET 2.0 DAMA (S, NEGRO);JAPDA43TS;DAMA;NEGRO;S;Cerro Verde ;1
2026;JULIO;CUADRO JACKET 2.0;[JAPCA43TS] CUADRO JACKET 2.0 CAB (S, NEGRO);JAPCA43TS;CAB;NEGRO;S;La Grieta;1
2026;JULIO;CUADRO JACKET 2.0;[JAPCA162T2XL] CUADRO JACKET 2.0 CAB (2XL, Azul Polo);JAPCA162T2XL;CAB;Azul Polo;2XL;Pedidos;1
2026;JULIO;CUADRO JACKET 2.0;[JAPCA43TM] CUADRO JACKET 2.0 CAB (M, NEGRO);JAPCA43TM;CAB;NEGRO;M;Sambil Valencia;1
2026;JULIO;CUADRO JACKET 2.0;[JAPDA43TS] CUADRO JACKET 2.0 DAMA (S, NEGRO);JAPDA43TS;DAMA;NEGRO;S;Sambil Chacao ;1
2026;JULIO;CUADRO JACKET 2.0;[JAPCA16TM] CUADRO JACKET 2.0 CAB (M, BLANCO);JAPCA16TM;CAB;BLANCO;M;Cerro Verde ;1
2026;JULIO;CUADRO JACKET 2.0;[JAPDA35TM] CUADRO JACKET 2.0 DAMA (M, Magenta);JAPDA35TM;DAMA;Magenta;M;Cerro Verde ;1
2026;JULIO;CUADRO JACKET 2.0;[JAPDA162TM] CUADRO JACKET 2.0 DAMA (M, Azul Polo);JAPDA162TM;DAMA;Azul Polo;M;Pedidos;1
2026;JULIO;CUADRO JACKET 2.0;[JAPCA162TL] CUADRO JACKET 2.0 CAB (L, Azul Polo);JAPCA162TL;CAB;Azul Polo;L;La Grieta;1
2026;JULIO;CUADRO JACKET 2.0;[JAPDA35TXS] CUADRO JACKET 2.0 DAMA (XS, Magenta);JAPDA35TXS;DAMA;Magenta;XS;Tolon;1
2026;JULIO;CUADRO JACKET 2.0;[JAPKI01T12] CUADRO JACKET 2.0 KIDS (12, AGUAMARINA);JAPKI01T12;KIDS;AGUAMARINA;12;Cerro Verde ;1
2026;JULIO;CUADRO JACKET 2.0;[JAPCA43TM] CUADRO JACKET 2.0 CAB (M, NEGRO);JAPCA43TM;CAB;NEGRO;M;Cerro Verde ;1
2026;JULIO;CUADRO JACKET 2.0;[JAPCA162TL] CUADRO JACKET 2.0 CAB (L, Azul Polo);JAPCA162TL;CAB;Azul Polo;L;La Grieta;1
2026;JULIO;CUADRO JACKET 2.0;[JAPCA43TXL] CUADRO JACKET 2.0 CAB (XL, NEGRO);JAPCA43TXL;CAB;NEGRO;XL;Cerro Verde ;1
2026;JULIO;CUADRO JACKET 2.0;[JAPKI162T8] CUADRO JACKET 2.0 KIDS (8, Azul Polo);JAPKI162T8;KIDS;Azul Polo;8;Cerro Verde ;1
2026;JULIO;CUADRO JACKET 2.0;[JAPDA162TS] CUADRO JACKET 2.0 DAMA (S, Azul Polo);JAPDA162TS;DAMA;Azul Polo;S;Sambil Valencia;1
2026;JULIO;CUADRO JACKET 2.0;[JAPDA162TXS] CUADRO JACKET 2.0 DAMA (XS, Azul Polo);JAPDA162TXS;DAMA;Azul Polo;XS;Sambil Valencia;1
2026;JULIO;CUADRO JACKET 2.0;[JAPCA162TXL] CUADRO JACKET 2.0 CAB (XL, Azul Polo);JAPCA162TXL;CAB;Azul Polo;XL;Sambil Valencia;1
2026;JULIO;CUADRO JACKET 2.0;[JAPCA162TM] CUADRO JACKET 2.0 CAB (M, Azul Polo);JAPCA162TM;CAB;Azul Polo;M;Sambil Valencia;1
2026;JULIO;CUADRO JACKET 2.0;[JAPDA35TXS] CUADRO JACKET 2.0 DAMA (XS, Magenta);JAPDA35TXS;DAMA;Magenta;XS;Cerro Verde ;1
2026;JULIO;CUADRO JACKET 2.0;[JAPDA43TS] CUADRO JACKET 2.0 DAMA (S, NEGRO);JAPDA43TS;DAMA;NEGRO;S;Sambil Valencia;1
2026;JULIO;CUADRO JACKET 2.0;[JAPCA43TXL] CUADRO JACKET 2.0 CAB (XL, NEGRO);JAPCA43TXL;CAB;NEGRO;XL;Sambil Valencia;1
2026;JULIO;CUADRO JACKET 2.0;[JAPKI01T6] CUADRO JACKET 2.0 KIDS (6, AGUAMARINA);JAPKI01T6;KIDS;AGUAMARINA;6;La Grieta;1
2026;JULIO;CUADRO JACKET 2.0;[JAPKI01T2] CUADRO JACKET 2.0 KIDS (2, AGUAMARINA);JAPKI01T2;KIDS;AGUAMARINA;2;Sambil Valencia;-1
2026;JULIO;CUADRO JACKET 2.0;[JAPCA43T2XL] CUADRO JACKET 2.0 CAB (2XL, NEGRO);JAPCA43T2XL;CAB;NEGRO;2XL;Sambil Valencia;1
2026;JULIO;CUADRO JACKET 2.0;[JAPDA43TXS] CUADRO JACKET 2.0 DAMA (XS, NEGRO);JAPDA43TXS;DAMA;NEGRO;XS;Sambil Valencia;1
2026;JULIO;CUADRO JACKET 2.0;[JAPCA162TXL] CUADRO JACKET 2.0 CAB (XL, Azul Polo);JAPCA162TXL;CAB;Azul Polo;XL;Sambil Valencia;1
2026;JULIO;CUADRO JACKET 2.0;[JAPCA43T2XL] CUADRO JACKET 2.0 CAB (2XL, NEGRO);JAPCA43T2XL;CAB;NEGRO;2XL;Sambil Valencia;1
2026;JULIO;CUADRO JACKET 2.0;[JAPKI35T4] CUADRO JACKET 2.0 KIDS (4, Magenta);JAPKI35T4;KIDS;Magenta;4;Sambil Valencia;1
2026;JULIO;CUADRO JACKET 2.0;[JAPDA16TXS] CUADRO JACKET 2.0 DAMA (XS, BLANCO);JAPDA16TXS;DAMA;BLANCO;XS;Sambil Valencia;1
2026;JULIO;CUADRO JACKET 2.0;[JAPKI01T2] CUADRO JACKET 2.0 KIDS (2, AGUAMARINA);JAPKI01T2;KIDS;AGUAMARINA;2;Sambil Valencia;1
2026;JULIO;CUADRO JACKET 2.0;[JAPDA162TM] CUADRO JACKET 2.0 DAMA (M, Azul Polo);JAPDA162TM;DAMA;Azul Polo;M;Sambil Valencia;1
2026;JULIO;CUADRO JACKET 2.0;[JAPDA43TM] CUADRO JACKET 2.0 DAMA (M, NEGRO);JAPDA43TM;DAMA;NEGRO;M;Sambil Valencia;1
2026;JULIO;CUADRO JACKET 2.0;[JAPCA66TXL] CUADRO JACKET 2.0 CAB (XL, VERDE MILITAR);JAPCA66TXL;CAB;VERDE MILITAR;XL;Cerro Verde ;1
2026;JULIO;CUADRO JACKET 2.0;[JAPCA66T2XL] CUADRO JACKET 2.0 CAB (2XL, VERDE MILITAR);JAPCA66T2XL;CAB;VERDE MILITAR;2XL;Cerro Verde ;1
2026;JULIO;CUADRO JACKET 2.0;[JAPDA16TL] CUADRO JACKET 2.0 DAMA (L, BLANCO);JAPDA16TL;DAMA;BLANCO;L;La Grieta;1
2026;JULIO;CUADRO JACKET 2.0;[JAPDA35TL] CUADRO JACKET 2.0 DAMA (L, Magenta);JAPDA35TL;DAMA;Magenta;L;La Grieta;-1
2026;JULIO;CUADRO JACKET 2.0;[JAPCA66TL] CUADRO JACKET 2.0 CAB (L, VERDE MILITAR);JAPCA66TL;CAB;VERDE MILITAR;L;Grandplaz ;1
2026;JULIO;CUADRO JACKET 2.0;[JAPKI43T12] CUADRO JACKET 2.0 KIDS (12, NEGRO);JAPKI43T12;KIDS;NEGRO;12;Cerro Verde ;-1
2026;JULIO;CUADRO JACKET 2.0;[JAPCA162TXL] CUADRO JACKET 2.0 CAB (XL, Azul Polo);JAPCA162TXL;CAB;Azul Polo;XL;La Grieta;1
2026;JULIO;CUADRO JACKET 2.0;[JAPCA66TM] CUADRO JACKET 2.0 CAB (M, VERDE MILITAR);JAPCA66TM;CAB;VERDE MILITAR;M;Sambil Valencia;1
2026;JULIO;CUADRO JACKET 2.0;[JAPKI43T4] CUADRO JACKET 2.0 KIDS (4, NEGRO);JAPKI43T4;KIDS;NEGRO;4;Tolon;1
2026;JULIO;CUADRO JACKET 2.0;[JAPCA66TL] CUADRO JACKET 2.0 CAB (L, VERDE MILITAR);JAPCA66TL;CAB;VERDE MILITAR;L;Tolon;1
2026;JULIO;CUADRO JACKET 2.0;[JAPDA01TS] CUADRO JACKET 2.0 DAMA (S, AGUAMARINA);JAPDA01TS;DAMA;AGUAMARINA;S;Sambil Valencia;1
2026;JULIO;CUADRO JACKET 2.0;[JAPKI35T12] CUADRO JACKET 2.0 KIDS (12, Magenta);JAPKI35T12;KIDS;Magenta;12;La Vela;-1
2026;JULIO;CUADRO JACKET 2.0;[JAPCA16TXL] CUADRO JACKET 2.0 CAB (XL, BLANCO);JAPCA16TXL;CAB;BLANCO;XL;La Grieta;1
2026;JULIO;CUADRO JACKET 2.0;[JAPCA43TXL] CUADRO JACKET 2.0 CAB (XL, NEGRO);JAPCA43TXL;CAB;NEGRO;XL;Sambil Valencia;1
2026;JULIO;CUADRO JACKET 2.0;[JAPCA66TL] CUADRO JACKET 2.0 CAB (L, VERDE MILITAR);JAPCA66TL;CAB;VERDE MILITAR;L;Cerro Verde ;1
2026;JULIO;CUADRO JACKET 2.0;[JAPDA43TXS] CUADRO JACKET 2.0 DAMA (XS, NEGRO);JAPDA43TXS;DAMA;NEGRO;XS;La Grieta;1
2026;JULIO;CUADRO JACKET 2.0;[JAPCA43TM] CUADRO JACKET 2.0 CAB (M, NEGRO);JAPCA43TM;CAB;NEGRO;M;Sambil Chacao ;1
2026;JULIO;CUADRO JACKET 2.0;[JAPKI01T12] CUADRO JACKET 2.0 KIDS (12, AGUAMARINA);JAPKI01T12;KIDS;AGUAMARINA;12;Sambil Valencia;1
2026;JULIO;CUADRO JACKET 2.0;[JAPDA35TL] CUADRO JACKET 2.0 DAMA (L, Magenta);JAPDA35TL;DAMA;Magenta;L;Sambil Valencia;1
2026;JULIO;CUADRO JACKET 2.0;[JAPDA35TS] CUADRO JACKET 2.0 DAMA (S, Magenta);JAPDA35TS;DAMA;Magenta;S;Sambil Valencia;1
2026;JULIO;CUADRO JACKET 2.0;[JAPDA35TM] CUADRO JACKET 2.0 DAMA (M, Magenta);JAPDA35TM;DAMA;Magenta;M;Sambil Valencia;2
2026;JULIO;CUADRO JACKET 2.0;[JAPDA35TL] CUADRO JACKET 2.0 DAMA (L, Magenta);JAPDA35TL;DAMA;Magenta;L;Sambil Chacao ;1
2026;JULIO;CUADRO JACKET 2.0;[JAPDA35TS] CUADRO JACKET 2.0 DAMA (S, Magenta);JAPDA35TS;DAMA;Magenta;S;Sambil Chacao ;-1
2026;JULIO;CUADRO JACKET 2.0;[JAPDA35TS] CUADRO JACKET 2.0 DAMA (S, Magenta);JAPDA35TS;DAMA;Magenta;S;Sambil Chacao ;1
2026;JULIO;CUADRO JACKET 2.0;[JAPCA162TXL] CUADRO JACKET 2.0 CAB (XL, Azul Polo);JAPCA162TXL;CAB;Azul Polo;XL;Sambil Valencia;1
2026;JULIO;CUADRO JACKET 2.0;[JAPDA43TXS] CUADRO JACKET 2.0 DAMA (XS, NEGRO);JAPDA43TXS;DAMA;NEGRO;XS;La Grieta;1
2026;JULIO;CUADRO JACKET 2.0;[JAPCA162TS] CUADRO JACKET 2.0 CAB (S, Azul Polo);JAPCA162TS;CAB;Azul Polo;S;La Vela;1
2026;JULIO;CUADRO JACKET 2.0;[JAPCA66TS] CUADRO JACKET 2.0 CAB (S, VERDE MILITAR);JAPCA66TS;CAB;VERDE MILITAR;S;La Vela;1
2026;JULIO;CUADRO JACKET 2.0;[JAPCA66TL] CUADRO JACKET 2.0 CAB (L, VERDE MILITAR);JAPCA66TL;CAB;VERDE MILITAR;L;Sambil Valencia;1
2026;JULIO;CUADRO JACKET 2.0;[JAPKI43T12] CUADRO JACKET 2.0 KIDS (12, NEGRO);JAPKI43T12;KIDS;NEGRO;12;Sambil Valencia;1
2026;JULIO;CUADRO JACKET 2.0;[JAPKI162T10] CUADRO JACKET 2.0 KIDS (10, Azul Polo);JAPKI162T10;KIDS;Azul Polo;10;Sambil Valencia;1
2026;JULIO;CUADRO JACKET 2.0;[JAPCA43TL] CUADRO JACKET 2.0 CAB (L, NEGRO);JAPCA43TL;CAB;NEGRO;L;Cerro Verde ;1
2026;JULIO;CUADRO JACKET 2.0;[JAPCA162T2XL] CUADRO JACKET 2.0 CAB (2XL, Azul Polo);JAPCA162T2XL;CAB;Azul Polo;2XL;Pedidos;1
2026;JULIO;CUADRO JACKET 2.0;[JAPDA01TXS] CUADRO JACKET 2.0 DAMA (XS, AGUAMARINA);JAPDA01TXS;DAMA;AGUAMARINA;XS;Cerro Verde ;1
2026;JULIO;CUADRO JACKET 2.0;[JAPCA01TL] CUADRO JACKET 2.0 CAB (L, AGUAMARINA);JAPCA01TL;CAB;AGUAMARINA;L;Grandplaz ;1
2026;JULIO;CUADRO JACKET 2.0;[JAPDA162TL] CUADRO JACKET 2.0 DAMA (L, Azul Polo);JAPDA162TL;DAMA;Azul Polo;L;Cerro Verde ;1
2026;JULIO;CUADRO JACKET 2.0;[JAPDA43TS] CUADRO JACKET 2.0 DAMA (S, NEGRO);JAPDA43TS;DAMA;NEGRO;S;La Vela;1
2026;JULIO;CUADRO JACKET 2.0;[JAPCA162TXL] CUADRO JACKET 2.0 CAB (XL, Azul Polo);JAPCA162TXL;CAB;Azul Polo;XL;Cerro Verde ;1
2026;JULIO;CUADRO JACKET 2.0;[JAPDA162TXS] CUADRO JACKET 2.0 DAMA (XS, Azul Polo);JAPDA162TXS;DAMA;Azul Polo;XS;Cerro Verde ;1
2026;JULIO;CUADRO JACKET 2.0;[JAPDA35TS] CUADRO JACKET 2.0 DAMA (S, Magenta);JAPDA35TS;DAMA;Magenta;S;Sambil Valencia;1
2026;JULIO;CUADRO JACKET 2.0;[JAPDA162TXL] CUADRO JACKET 2.0 DAMA (XL, Azul Polo);JAPDA162TXL;DAMA;Azul Polo;XL;Sambil Valencia;1
2026;JULIO;CUADRO JACKET 2.0;[JAPCA16TM] CUADRO JACKET 2.0 CAB (M, BLANCO);JAPCA16TM;CAB;BLANCO;M;Sambil Valencia;1
2026;JULIO;CUADRO JACKET 2.0;[JAPCA43TM] CUADRO JACKET 2.0 CAB (M, NEGRO);JAPCA43TM;CAB;NEGRO;M;Sambil Valencia;1
2026;JULIO;CUADRO JACKET 2.0;[JAPCA43T2XL] CUADRO JACKET 2.0 CAB (2XL, NEGRO);JAPCA43T2XL;CAB;NEGRO;2XL;La Grieta;1
2026;JULIO;CUADRO JACKET 2.0;[JAPKI43T8] CUADRO JACKET 2.0 KIDS (8, NEGRO);JAPKI43T8;KIDS;NEGRO;8;La Vela;2
2026;JULIO;CUADRO JACKET 2.0;[JAPDA162TM] CUADRO JACKET 2.0 DAMA (M, Azul Polo);JAPDA162TM;DAMA;Azul Polo;M;Sambil Valencia;1
2026;JULIO;CUADRO JACKET 2.0;[JAPCA162TM] CUADRO JACKET 2.0 CAB (M, Azul Polo);JAPCA162TM;CAB;Azul Polo;M;Sambil Valencia;-1
2026;JULIO;CUADRO JACKET 2.0;[JAPDA43TXS] CUADRO JACKET 2.0 DAMA (XS, NEGRO);JAPDA43TXS;DAMA;NEGRO;XS;La Grieta;1
2026;JULIO;CUADRO JACKET 2.0;[JAPCA162TXL] CUADRO JACKET 2.0 CAB (XL, Azul Polo);JAPCA162TXL;CAB;Azul Polo;XL;Sambil Valencia;1
2026;JULIO;CUADRO JACKET 2.0;[JAPDA162TS] CUADRO JACKET 2.0 DAMA (S, Azul Polo);JAPDA162TS;DAMA;Azul Polo;S;Sambil Valencia;1
2026;JULIO;CUADRO JACKET 2.0;[JAPDA35TS] CUADRO JACKET 2.0 DAMA (S, Magenta);JAPDA35TS;DAMA;Magenta;S;Sambil Valencia;-1
2026;JULIO;CUADRO JACKET 2.0;[JAPKI162T4] CUADRO JACKET 2.0 KIDS (4, Azul Polo);JAPKI162T4;KIDS;Azul Polo;4;Cerro Verde ;1
2026;JULIO;CUADRO JACKET 2.0;[JAPCA43TL] CUADRO JACKET 2.0 CAB (L, NEGRO);JAPCA43TL;CAB;NEGRO;L;Sambil Valencia;1
2026;JULIO;CUADRO JACKET 2.0;[JAPDA43TXS] CUADRO JACKET 2.0 DAMA (XS, NEGRO);JAPDA43TXS;DAMA;NEGRO;XS;La Grieta;-1
2026;JULIO;CUADRO JACKET 2.0;[JAPDA162TS] CUADRO JACKET 2.0 DAMA (S, Azul Polo);JAPDA162TS;DAMA;Azul Polo;S;La Grieta;1
2026;JULIO;CUADRO JACKET 2.0;[JAPDA35TS] CUADRO JACKET 2.0 DAMA (S, Magenta);JAPDA35TS;DAMA;Magenta;S;Sambil Valencia;1
2026;JULIO;CUADRO JACKET 2.0;[JAPCA43TM] CUADRO JACKET 2.0 CAB (M, NEGRO);JAPCA43TM;CAB;NEGRO;M;La Grieta;3
2026;JULIO;CUADRO JACKET 2.0;[JAPCA43TL] CUADRO JACKET 2.0 CAB (L, NEGRO);JAPCA43TL;CAB;NEGRO;L;La Grieta;1
