Año;Mes;Producto;Variante del producto;SKU;GENERO;COLOR;TALLA;tienda / ubicación;Cant. ordenada
2025;OCTUBRE;SHORT PLAYA ESTAMPADO KIDS;[SHOSUKI155T2] SHORT PLAYA ESTAMPADO KIDS (2, PLAYUELA);SHOSUKI155T2;KIDS;Playuela;2;GRAND PLAZ;1
2025;OCTUBRE;SHORT PLAYA ESTAMPADO CAB;[SHOSUCA155TM] SHORT PLAYA ESTAMPADO CAB (M, PLAYUELA);SHOSUCA155TM;CAB;Playuela;M;GRAND PLAZ;1
2025;OCTUBRE;SHORT PLAYA ESTAMPADO CAB;[SHOSUCA153TL] SHORT PLAYA ESTAMPADO CAB (L, SAL);SHOSUCA153TL;CAB;Sal;L;GRIETA;1
2025;OCTUBRE;SHORT PLAYA ESTAMPADO CAB;[SHOSUCA155TL] SHORT PLAYA ESTAMPADO CAB (L, PLAYUELA);SHOSUCA155TL;CAB;Playuela;L;GRIETA;1
2025;OCTUBRE;SHORT PLAYA ESTAMPADO CAB;[SHOSUCA155TL] SHORT PLAYA ESTAMPADO CAB (L, PLAYUELA);SHOSUCA155TL;CAB;Playuela;L;GRIETA;1
2025;OCTUBRE;SHORT PLAYA ESTAMPADO KIDS;[SHOSUKI156T14] SHORT PLAYA ESTAMPADO KIDS (14, TUCUPIDO);SHOSUKI156T14;KIDS;Tucupido;14;SAMBIL CHACAO;1
2025;OCTUBRE;SHORT PLAYA ESTAMPADO KIDS;[SHOSUKI156T6] SHORT PLAYA ESTAMPADO KIDS (6, TUCUPIDO);SHOSUKI156T6;KIDS;Tucupido;6;SAMBIL CHACAO;1
2025;OCTUBRE;SHORT PLAYA ESTAMPADO KIDS;[SHOSUKI155T12] SHORT PLAYA ESTAMPADO KIDS (12, PLAYUELA);SHOSUKI155T12;KIDS;Playuela;12;SAMBIL CHACAO;1
2025;OCTUBRE;SHORT PLAYA ESTAMPADO CAB;[SHOSUCA155TL] SHORT PLAYA ESTAMPADO CAB (L, PLAYUELA);SHOSUCA155TL;CAB;Playuela;L;SAMBIL CHACAO;1
2025;OCTUBRE;SHORT PLAYA KIDS;[SHOUNKI68T8] SHORT PLAYA KIDS (8, Verde Oliva - 160421);SHOUNKI68T8;KIDS;Verde Oliva;8;WEB;1
2025;OCTUBRE;SHORT PLAYA KIDS;[SHOUNKI12T12] SHORT PLAYA KIDS (12, Azul Marino - 5102);SHOUNKI12T12;KIDS;Azul Marino;12;CERRO VERDE;1
2025;OCTUBRE;SHORT PLAYA CAB;[SHOUNCA13TL] SHORT PLAYA CAB (L, Azul Rey - 194053);SHOUNCA13TL;CAB;Azul Rey;L;CERRO VERDE;1
2025;OCTUBRE;SHORT PLAYA KIDS;[SHOUNKI33T2] SHORT PLAYA KIDS (2, Kaki - 161105);SHOUNKI33T2;KIDS;Kaki;2;CERRO VERDE;1
2025;OCTUBRE;SHORT PLAYA CAB;[SHOUNCA33TL] SHORT PLAYA CAB (L, Kaki - 161105);SHOUNCA33TL;CAB;Kaki;L;GRIETA;1
2025;OCTUBRE;SHORT PLAYA CAB;[SHOUNCA29TL] SHORT PLAYA CAB (L, Gris Azulado - 194316);SHOUNCA29TL;CAB;Gris Azulado;L;CERRO VERDE;1
2025;OCTUBRE;SHORT PLAYA ESTAMPADO CAB;[SHOSUCA153TL] SHORT PLAYA ESTAMPADO CAB (L, SAL);SHOSUCA153TL;CAB;Sal;L;SAMBIL CHACAO;1
2025;OCTUBRE;SHORT PLAYA ESTAMPADO CAB;[SHOSUCA153TM] SHORT PLAYA ESTAMPADO CAB (M, SAL);SHOSUCA153TM;CAB;Sal;M;SAMBIL VALENCIA;1
2025;OCTUBRE;SHORT PLAYA ESTAMPADO CAB;[SHOSUCA154TM] SHORT PLAYA ESTAMPADO CAB (M, SOMBRERO);SHOSUCA154TM;CAB;Sombrero;M;SAMBIL VALENCIA;1
2025;OCTUBRE;SHORT PLAYA CAB;[SHOUNCA57TL] SHORT PLAYA CAB (L, Terracota - 161344);SHOUNCA57TL;CAB;Terracota;L;SAMBIL CHACAO;1
2025;OCTUBRE;SHORT PLAYA ESTAMPADO CAB;[SHOSUCA155TL] SHORT PLAYA ESTAMPADO CAB (L, PLAYUELA);SHOSUCA155TL;CAB;Playuela;L;SAMBIL VALENCIA;1
2025;OCTUBRE;SHORT PLAYA KIDS;[SHOUNKI50T6] SHORT PLAYA KIDS (6, Rojo - 3392);SHOUNKI50T6;KIDS;Rojo;6;PEDIDOS;1
2025;OCTUBRE;SHORT PLAYA ESTAMPADO CAB;[SHOSUCA155TL] SHORT PLAYA ESTAMPADO CAB (L, PLAYUELA);SHOSUCA155TL;CAB;Playuela;L;GRIETA;1
2025;OCTUBRE;SHORT PLAYA ESTAMPADO CAB;[SHOSUCA156TXL] SHORT PLAYA ESTAMPADO CAB (XL, TUCUPIDO);SHOSUCA156TXL;CAB;Tucupido;XL;SAMBIL VALENCIA;1
2025;OCTUBRE;SHORT PLAYA ESTAMPADO CAB;[SHOSUCA153TL] SHORT PLAYA ESTAMPADO CAB (L, SAL);SHOSUCA153TL;CAB;Sal;L;SAMBIL VALENCIA;1
2025;OCTUBRE;SHORT PLAYA ESTAMPADO CAB;[SHOSUCA156TL] SHORT PLAYA ESTAMPADO CAB (L, TUCUPIDO);SHOSUCA156TL;CAB;Tucupido;L;CERRO VERDE;1
2025;OCTUBRE;SHORT PLAYA ESTAMPADO CAB;[SHOSUCA155TL] SHORT PLAYA ESTAMPADO CAB (L, PLAYUELA);SHOSUCA155TL;CAB;Playuela;L;SAMBIL CHACAO;1
2025;OCTUBRE;SHORT PLAYA CAB;[SHOUNCA57TS] SHORT PLAYA CAB (S, Terracota - 161344);SHOUNCA57TS;CAB;Terracota;S;CERRO VERDE;1
2025;OCTUBRE;SHORT PLAYA ESTAMPADO CAB;[SHOSUCA154TL] SHORT PLAYA ESTAMPADO CAB (L, SOMBRERO);SHOSUCA154TL;CAB;Sombrero;L;GRIETA;1
2025;OCTUBRE;SHORT PLAYA CAB;[SHOUNCA23TM] SHORT PLAYA CAB (M, Coral - 181649);SHOUNCA23TM;CAB;Coral;M;SAMBIL CHACAO;1
2025;OCTUBRE;SHORT PLAYA ESTAMPADO CAB;[SHOSUCA153TL] SHORT PLAYA ESTAMPADO CAB (L, SAL);SHOSUCA153TL;CAB;Sal;L;GRIETA;1
2025;OCTUBRE;SHORT PLAYA ESTAMPADO KIDS;[SHOSUKI153T14] SHORT PLAYA ESTAMPADO KIDS (14, SAL);SHOSUKI153T14;KIDS;Sal;14;GRIETA;1
2025;OCTUBRE;SHORT PLAYA CAB;[SHOUNCA33TL] SHORT PLAYA CAB (L, Kaki - 161105);SHOUNCA33TL;CAB;Kaki;L;GRIETA;1
2025;OCTUBRE;SHORT PLAYA CAB;[SHOUNCA01T2XL] SHORT PLAYA CAB (2XL, Aguamarina - 135313);SHOUNCA01T2XL;CAB;Aguamarina;2XL;GRIETA;1
2025;OCTUBRE;SHORT PLAYA CAB;[SHOUNCA57TM] SHORT PLAYA CAB (M, Terracota - 161344);SHOUNCA57TM;CAB;Terracota;M;CERRO VERDE;1
2025;OCTUBRE;SHORT PLAYA ESTAMPADO KIDS;[SHOSUKI153T10] SHORT PLAYA ESTAMPADO KIDS (10, SAL);SHOSUKI153T10;KIDS;Sal;10;SAMBIL VALENCIA;1
2025;OCTUBRE;SHORT PLAYA ESTAMPADO KIDS;[SHOSUKI155T10] SHORT PLAYA ESTAMPADO KIDS (10, PLAYUELA);SHOSUKI155T10;KIDS;Playuela;10;SAMBIL VALENCIA;1
2025;OCTUBRE;SHORT PLAYA CAB;[SHOUNCA57TM] SHORT PLAYA CAB (M, Terracota - 161344);SHOUNCA57TM;CAB;Terracota;M;CERRO VERDE;1
2025;OCTUBRE;SHORT PLAYA ESTAMPADO KIDS;[SHOSUKI54T6] SHORT PLAYA ESTAMPADO KIDS (6, ROYAL);SHOSUKI54T6;KIDS;Royal;6;CERRO VERDE;1
2025;OCTUBRE;SHORT PLAYA ESTAMPADO CAB;[SHOSUCA154TXL] SHORT PLAYA ESTAMPADO CAB (XL, SOMBRERO);SHOSUCA154TXL;CAB;Sombrero;XL;SAMBIL VALENCIA;1
2025;OCTUBRE;SHORT PLAYA ESTAMPADO CAB;[SHOSUCA156T2XL] SHORT PLAYA ESTAMPADO CAB (2XL, TUCUPIDO);SHOSUCA156T2XL;CAB;Tucupido;2XL;SAMBIL VALENCIA;1
2025;OCTUBRE;SHORT PLAYA CAB;[SHOUNCA50TL] SHORT PLAYA CAB (L, Rojo - 181660);SHOUNCA50TL;CAB;Rojo;L;GRIETA;1
2025;OCTUBRE;SHORT PLAYA ESTAMPADO CAB;[SHOSUCA155TS] SHORT PLAYA ESTAMPADO CAB (S, PLAYUELA);SHOSUCA155TS;CAB;Playuela;S;CERRO VERDE;1
2025;OCTUBRE;SHORT PLAYA ESTAMPADO KIDS;[SHOSUKI156T14] SHORT PLAYA ESTAMPADO KIDS (14, TUCUPIDO);SHOSUKI156T14;KIDS;Tucupido;14;GRIETA;1
2025;OCTUBRE;SHORT PLAYA ESTAMPADO CAB;[SHOSUCA156TXL] SHORT PLAYA ESTAMPADO CAB (XL, TUCUPIDO);SHOSUCA156TXL;CAB;Tucupido;XL;SAMBIL VALENCIA;-1
2025;OCTUBRE;SHORT PLAYA ESTAMPADO CAB;[SHOSUCA156T2XL] SHORT PLAYA ESTAMPADO CAB (2XL, TUCUPIDO);SHOSUCA156T2XL;CAB;Tucupido;2XL;SAMBIL VALENCIA;1
2025;OCTUBRE;SHORT PLAYA ESTAMPADO CAB;[SHOSUCA156TXL] SHORT PLAYA ESTAMPADO CAB (XL, TUCUPIDO);SHOSUCA156TXL;CAB;Tucupido;XL;SAMBIL CHACAO;1
2025;OCTUBRE;SHORT PLAYA KIDS;[SHOUNKI01T8] SHORT PLAYA KIDS (8, Aguamarina - 61275);SHOUNKI01T8;KIDS;Aguamarina;8;GRAND PLAZ;1
2025;OCTUBRE;SHORT PLAYA CAB;[SHOUNCA01T2XL] SHORT PLAYA CAB (2XL, Aguamarina - 135313);SHOUNCA01T2XL;CAB;Aguamarina;2XL;CERRO VERDE;1
2025;OCTUBRE;SHORT PLAYA ESTAMPADO CAB;[SHOSUCA156T2XL] SHORT PLAYA ESTAMPADO CAB (2XL, TUCUPIDO);SHOSUCA156T2XL;CAB;Tucupido;2XL;SAMBIL VALENCIA;1
2025;OCTUBRE;SHORT PLAYA CAB;[SHOUNCA01TL] SHORT PLAYA CAB (L, Aguamarina - 135313);SHOUNCA01TL;CAB;Aguamarina;L;CERRO VERDE;1
2025;OCTUBRE;SHORT PLAYA ESTAMPADO CAB;[SHOSUCA156T2XL] SHORT PLAYA ESTAMPADO CAB (2XL, TUCUPIDO);SHOSUCA156T2XL;CAB;Tucupido;2XL;SAMBIL CHACAO;1
2025;OCTUBRE;SHORT PLAYA ESTAMPADO KIDS;[SHOSUKI156T12] SHORT PLAYA ESTAMPADO KIDS (12, TUCUPIDO);SHOSUKI156T12;KIDS;Tucupido;12;SAMBIL CHACAO;1
2025;OCTUBRE;SHORT PLAYA CAB;[SHOUNCA33T2XL] SHORT PLAYA CAB (2XL, Kaki - 161105);SHOUNCA33T2XL;CAB;Kaki;2XL;GRIETA;1
2025;OCTUBRE;SHORT PLAYA ESTAMPADO CAB;[SHOSUCA156TXL] SHORT PLAYA ESTAMPADO CAB (XL, TUCUPIDO);SHOSUCA156TXL;CAB;Tucupido;XL;SAMBIL CHACAO;1
2025;OCTUBRE;SHORT PLAYA ESTAMPADO CAB;[SHOSUCA156TXL] SHORT PLAYA ESTAMPADO CAB (XL, TUCUPIDO);SHOSUCA156TXL;CAB;Tucupido;XL;SAMBIL CHACAO;-1
2025;OCTUBRE;SHORT PLAYA ESTAMPADO CAB;[SHOSUCA156T2XL] SHORT PLAYA ESTAMPADO CAB (2XL, TUCUPIDO);SHOSUCA156T2XL;CAB;Tucupido;2XL;SAMBIL CHACAO;1
2025;OCTUBRE;SHORT PLAYA ESTAMPADO CAB;[SHOSUCA156TM] SHORT PLAYA ESTAMPADO CAB (M, TUCUPIDO);SHOSUCA156TM;CAB;Tucupido;M;SAMBIL CHACAO;1
2025;OCTUBRE;SHORT PLAYA ESTAMPADO KIDS;[SHOSUKI153T1] SHORT PLAYA ESTAMPADO KIDS (1, SAL);SHOSUKI153T1;KIDS;Sal;1;SAMBIL VALENCIA;1
2025;OCTUBRE;SHORT PLAYA ESTAMPADO KIDS;[SHOSUKI153T6] SHORT PLAYA ESTAMPADO KIDS (6, SAL);SHOSUKI153T6;KIDS;Sal;6;SAMBIL VALENCIA;1
2025;OCTUBRE;SHORT PLAYA ESTAMPADO CAB;[SHOSUCA156TL] SHORT PLAYA ESTAMPADO CAB (L, TUCUPIDO);SHOSUCA156TL;CAB;Tucupido;L;GRIETA;-1
2025;OCTUBRE;SHORT PLAYA ESTAMPADO CAB;[SHOSUCA156TXL] SHORT PLAYA ESTAMPADO CAB (XL, TUCUPIDO);SHOSUCA156TXL;CAB;Tucupido;XL;GRIETA;1
2025;OCTUBRE;SHORT PLAYA ESTAMPADO CAB;[SHOSUCA153TM] SHORT PLAYA ESTAMPADO CAB (M, SAL);SHOSUCA153TM;CAB;Sal;M;SAMBIL VALENCIA;1
2025;OCTUBRE;SHORT PLAYA KIDS;[SHOUNKI68T2] SHORT PLAYA KIDS (2, Verde Oliva - 160421);SHOUNKI68T2;KIDS;Verde Oliva;2;CERRO VERDE;1
2025;OCTUBRE;SHORT PLAYA KIDS;[SHOUNKI23T2] SHORT PLAYA KIDS (2, Coral - 181649);SHOUNKI23T2;KIDS;Coral;2;CERRO VERDE;1
2025;OCTUBRE;SHORT PLAYA ESTAMPADO KIDS;[SHOSUKI155T2] SHORT PLAYA ESTAMPADO KIDS (2, PLAYUELA);SHOSUKI155T2;KIDS;Playuela;2;GRIETA;1
2025;OCTUBRE;SHORT PLAYA KIDS;[SHOUNKI01T2] SHORT PLAYA KIDS (2, Aguamarina - 61275);SHOUNKI01T2;KIDS;Aguamarina;2;GRIETA;1
2025;OCTUBRE;SHORT PLAYA CAB;[SHOUNCA68TS] SHORT PLAYA CAB (S, Verde Oliva - 160421);SHOUNCA68TS;CAB;Verde Oliva;S;GRIETA;1
2025;OCTUBRE;SHORT PLAYA ESTAMPADO CAB;[SHOSUCA153TL] SHORT PLAYA ESTAMPADO CAB (L, SAL);SHOSUCA153TL;CAB;Sal;L;SAMBIL CHACAO;1
2025;OCTUBRE;SHORT PLAYA CAB;[SHOUNCA23TL] SHORT PLAYA CAB (L, Coral - 181649);SHOUNCA23TL;CAB;Coral;L;SAMBIL CHACAO;1
2025;OCTUBRE;SHORT PLAYA CAB;[SHOUNCA29TL] SHORT PLAYA CAB (L, Gris Azulado - 194316);SHOUNCA29TL;CAB;Gris Azulado;L;CERRO VERDE;1
2025;OCTUBRE;SHORT PLAYA ESTAMPADO KIDS;[SHOSUKI153T4] SHORT PLAYA ESTAMPADO KIDS (4, SAL);SHOSUKI153T4;KIDS;Sal;4;SAMBIL CHACAO;1
2025;OCTUBRE;SHORT PLAYA ESTAMPADO CAB;[SHOSUCA155TL] SHORT PLAYA ESTAMPADO CAB (L, PLAYUELA);SHOSUCA155TL;CAB;Playuela;L;GRIETA;-1
2025;OCTUBRE;SHORT PLAYA ESTAMPADO CAB;[SHOSUCA153TL] SHORT PLAYA ESTAMPADO CAB (L, SAL);SHOSUCA153TL;CAB;Sal;L;GRIETA;-1
2025;OCTUBRE;SHORT PLAYA CAB;[SHOUNCA57TL] SHORT PLAYA CAB (L, Terracota - 161344);SHOUNCA57TL;CAB;Terracota;L;SAMBIL CHACAO;1
2025;OCTUBRE;SHORT PLAYA CAB;[SHOUNCA01TL] SHORT PLAYA CAB (L, Aguamarina - 135313);SHOUNCA01TL;CAB;Aguamarina;L;CERRO VERDE;1
2025;OCTUBRE;SHORT PLAYA CAB;[SHOUNCA33TM] SHORT PLAYA CAB (M, Kaki - 161105);SHOUNCA33TM;CAB;Kaki;M;PEDIDOS;1
2025;OCTUBRE;SHORT PLAYA ESTAMPADO CAB;[SHOSUCA155TM] SHORT PLAYA ESTAMPADO CAB (M, PLAYUELA);SHOSUCA155TM;CAB;Playuela;M;CERRO VERDE;1
2025;OCTUBRE;SHORT PLAYA CAB;[SHOUNCA23T2XL] SHORT PLAYA CAB (2XL, Coral - 181649);SHOUNCA23T2XL;CAB;Coral;2XL;PEDIDOS;1
2025;OCTUBRE;SHORT PLAYA ESTAMPADO CAB;[SHOSUCA153TM] SHORT PLAYA ESTAMPADO CAB (M, SAL);SHOSUCA153TM;CAB;Sal;M;SAMBIL VALENCIA;1
2025;OCTUBRE;SHORT PLAYA KIDS;[SHOUNKI29T12] SHORT PLAYA KIDS (12, Gris Azulado - 194316);SHOUNKI29T12;KIDS;Gris Azulado;12;CERRO VERDE;1
2025;OCTUBRE;SHORT PLAYA CAB;[SHOUNCA33T2XL] SHORT PLAYA CAB (2XL, Kaki - 161105);SHOUNCA33T2XL;CAB;Kaki;2XL;GRIETA;1
2025;OCTUBRE;SHORT PLAYA ESTAMPADO CAB;[SHOSUCA154T2XL] SHORT PLAYA ESTAMPADO CAB (2XL, SOMBRERO);SHOSUCA154T2XL;CAB;Sombrero;2XL;SAMBIL VALENCIA;1
2025;OCTUBRE;SHORT PLAYA ESTAMPADO CAB;[SHOSUCA153TL] SHORT PLAYA ESTAMPADO CAB (L, SAL);SHOSUCA153TL;CAB;Sal;L;SAMBIL VALENCIA;1
2025;OCTUBRE;SHORT PLAYA CAB;[SHOUNCA33TM] SHORT PLAYA CAB (M, Kaki - 161105);SHOUNCA33TM;CAB;Kaki;M;CERRO VERDE;1
2025;OCTUBRE;SHORT PLAYA ESTAMPADO CAB;[SHOSUCA155TL] SHORT PLAYA ESTAMPADO CAB (L, PLAYUELA);SHOSUCA155TL;CAB;Playuela;L;SAMBIL CHACAO;1
2025;OCTUBRE;SHORT PLAYA ESTAMPADO CAB;[SHOSUCA156TL] SHORT PLAYA ESTAMPADO CAB (L, TUCUPIDO);SHOSUCA156TL;CAB;Tucupido;L;GRIETA;1
2025;OCTUBRE;SHORT PLAYA ESTAMPADO CAB;[SHOSUCA153TL] SHORT PLAYA ESTAMPADO CAB (L, SAL);SHOSUCA153TL;CAB;Sal;L;GRIETA;1
2025;OCTUBRE;SHORT PLAYA ESTAMPADO CAB;[SHOSUCA154TL] SHORT PLAYA ESTAMPADO CAB (L, SOMBRERO);SHOSUCA154TL;CAB;Sombrero;L;SAMBIL VALENCIA;1
2025;OCTUBRE;SHORT PLAYA ESTAMPADO KIDS;[SHOSUKI154T6] SHORT PLAYA ESTAMPADO KIDS (6, SOMBRERO);SHOSUKI154T6;KIDS;Sombrero;6;SAMBIL VALENCIA;1
2025;OCTUBRE;SHORT PLAYA ESTAMPADO CAB;[SHOSUCA154TM] SHORT PLAYA ESTAMPADO CAB (M, SOMBRERO);SHOSUCA154TM;CAB;Sombrero;M;SAMBIL VALENCIA;1
2025;OCTUBRE;SHORT PLAYA ESTAMPADO KIDS;[SHOSUKI104T6] SHORT PLAYA ESTAMPADO KIDS (6, BLACK ABSTRACT);SHOSUKI104T6;KIDS;Black Abstract;6;SAMBIL VALENCIA;1
2025;OCTUBRE;SHORT PLAYA ESTAMPADO KIDS;[SHOSUKI155T12] SHORT PLAYA ESTAMPADO KIDS (12, PLAYUELA);SHOSUKI155T12;KIDS;Playuela;12;CERRO VERDE;1
2025;OCTUBRE;SHORT PLAYA ESTAMPADO CAB;[SHOSUCA155TL] SHORT PLAYA ESTAMPADO CAB (L, PLAYUELA);SHOSUCA155TL;CAB;Playuela;L;GRIETA;1
2025;OCTUBRE;SHORT PLAYA ESTAMPADO CAB;[SHOSUCA154T2XL] SHORT PLAYA ESTAMPADO CAB (2XL, SOMBRERO);SHOSUCA154T2XL;CAB;Sombrero;2XL;GRIETA;1
2025;OCTUBRE;SHORT PLAYA ESTAMPADO CAB;[SHOSUCA155TM] SHORT PLAYA ESTAMPADO CAB (M, PLAYUELA);SHOSUCA155TM;CAB;Playuela;M;GRIETA;1
2025;OCTUBRE;SHORT PLAYA ESTAMPADO CAB;[SHOSUCA153TL] SHORT PLAYA ESTAMPADO CAB (L, SAL);SHOSUCA153TL;CAB;Sal;L;GRIETA;-1
2025;OCTUBRE;SHORT PLAYA ESTAMPADO CAB;[SHOSUCA154TXL] SHORT PLAYA ESTAMPADO CAB (XL, SOMBRERO);SHOSUCA154TXL;CAB;Sombrero;XL;GRIETA;1
2025;OCTUBRE;SHORT PLAYA ESTAMPADO CAB;[SHOSUCA153TM] SHORT PLAYA ESTAMPADO CAB (M, SAL);SHOSUCA153TM;CAB;Sal;M;SAMBIL VALENCIA;-1
2025;OCTUBRE;SHORT PLAYA ESTAMPADO CAB;[SHOSUCA155TL] SHORT PLAYA ESTAMPADO CAB (L, PLAYUELA);SHOSUCA155TL;CAB;Playuela;L;SAMBIL VALENCIA;1
2025;OCTUBRE;SHORT PLAYA ESTAMPADO CAB;[SHOSUCA153TL] SHORT PLAYA ESTAMPADO CAB (L, SAL);SHOSUCA153TL;CAB;Sal;L;GRIETA;1
2025;OCTUBRE;SHORT PLAYA CAB;[SHOUNCA23TM] SHORT PLAYA CAB (M, Coral - 181649);SHOUNCA23TM;CAB;Coral;M;SAMBIL CHACAO;1
2025;OCTUBRE;SHORT PLAYA KIDS;[SHOUNKI23T4] SHORT PLAYA KIDS (4, Coral - 181649);SHOUNKI23T4;KIDS;Coral;4;SAMBIL CHACAO;1
2025;OCTUBRE;SHORT PLAYA KIDS;[SHOUNKI57T14] SHORT PLAYA KIDS (14, Terracota - 161344);SHOUNKI57T14;KIDS;Terracota;14;GRIETA;1
2025;OCTUBRE;SHORT PLAYA KIDS;[SHOUNKI13T2] SHORT PLAYA KIDS (2, Azul Rey - 50122);SHOUNKI13T2;KIDS;Azul Rey;2;GRIETA;1
2025;OCTUBRE;SHORT PLAYA ESTAMPADO KIDS;[SHOSUKI155T10] SHORT PLAYA ESTAMPADO KIDS (10, PLAYUELA);SHOSUKI155T10;KIDS;Playuela;10;CERRO VERDE;1
2025;OCTUBRE;SHORT PLAYA ESTAMPADO KIDS;[SHOSUKI153T12] SHORT PLAYA ESTAMPADO KIDS (12, SAL);SHOSUKI153T12;KIDS;Sal;12;GRIETA;1
2025;OCTUBRE;SHORT PLAYA KIDS;[SHOUNKI13T12] SHORT PLAYA KIDS (12, Azul Rey - 50122);SHOUNKI13T12;KIDS;Azul Rey;12;GRIETA;1
2025;OCTUBRE;SHORT PLAYA CAB;[SHOUNCA68TM] SHORT PLAYA CAB (M, Verde Oliva - 160421);SHOUNCA68TM;CAB;Verde Oliva;M;CERRO VERDE;1
2025;OCTUBRE;SHORT PLAYA ESTAMPADO CAB;[SHOSUCA153TM] SHORT PLAYA ESTAMPADO CAB (M, SAL);SHOSUCA153TM;CAB;Sal;M;CERRO VERDE;1
2025;OCTUBRE;SHORT PLAYA CAB;[SHOUNCA68TM] SHORT PLAYA CAB (M, Verde Oliva - 160421);SHOUNCA68TM;CAB;Verde Oliva;M;CERRO VERDE;1
2025;OCTUBRE;SHORT PLAYA ESTAMPADO KIDS;[SHOSUKI155T14] SHORT PLAYA ESTAMPADO KIDS (14, PLAYUELA);SHOSUKI155T14;KIDS;Playuela;14;SAMBIL VALENCIA;1
2025;OCTUBRE;SHORT PLAYA ESTAMPADO CAB;[SHOSUCA156TXL] SHORT PLAYA ESTAMPADO CAB (XL, TUCUPIDO);SHOSUCA156TXL;CAB;Tucupido;XL;SAMBIL VALENCIA;1
2025;OCTUBRE;SHORT PLAYA ESTAMPADO KIDS;[SHOSUKI155T14] SHORT PLAYA ESTAMPADO KIDS (14, PLAYUELA);SHOSUKI155T14;KIDS;Playuela;14;GRAND PLAZ;1
2025;OCTUBRE;SHORT PLAYA KIDS;[SHOUNKI01T12] SHORT PLAYA KIDS (12, Aguamarina - 61275);SHOUNKI01T12;KIDS;Aguamarina;12;CERRO VERDE;1
2025;OCTUBRE;SHORT PLAYA ESTAMPADO KIDS;[SHOSUKI154T14] SHORT PLAYA ESTAMPADO KIDS (14, SOMBRERO);SHOSUKI154T14;KIDS;Sombrero;14;SAMBIL CHACAO;1
2025;OCTUBRE;SHORT PLAYA ESTAMPADO CAB;[SHOSUCA153TS] SHORT PLAYA ESTAMPADO CAB (S, SAL);SHOSUCA153TS;CAB;Sal;S;SAMBIL VALENCIA;1
2025;OCTUBRE;SHORT PLAYA CAB;[SHOUNCA33TS] SHORT PLAYA CAB (S, Kaki - 161105);SHOUNCA33TS;CAB;Kaki;S;SAMBIL CHACAO;1
2025;OCTUBRE;SHORT PLAYA ESTAMPADO CAB;[SHOSUCA153TL] SHORT PLAYA ESTAMPADO CAB (L, SAL);SHOSUCA153TL;CAB;Sal;L;GRIETA;1
2025;OCTUBRE;SHORT PLAYA KIDS;[SHOUNKI01T2] SHORT PLAYA KIDS (2, Aguamarina - 61275);SHOUNKI01T2;KIDS;Aguamarina;2;CERRO VERDE;1
2025;OCTUBRE;SHORT PLAYA CAB;[SHOUNCA13TL] SHORT PLAYA CAB (L, Azul Rey - 194053);SHOUNCA13TL;CAB;Azul Rey;L;CERRO VERDE;1
2025;OCTUBRE;SHORT PLAYA CAB;[SHOUNCA01TL] SHORT PLAYA CAB (L, Aguamarina - 135313);SHOUNCA01TL;CAB;Aguamarina;L;CERRO VERDE;1
2025;OCTUBRE;SHORT PLAYA ESTAMPADO KIDS;[SHOSUKI155T1] SHORT PLAYA ESTAMPADO KIDS (1, PLAYUELA);SHOSUKI155T1;KIDS;Playuela;1;CERRO VERDE;1
2025;OCTUBRE;SHORT PLAYA CAB;[SHOUNCA57TS] SHORT PLAYA CAB (S, Terracota - 161344);SHOUNCA57TS;CAB;Terracota;S;GRIETA;1
2025;OCTUBRE;SHORT PLAYA ESTAMPADO CAB;[SHOSUCA155TL] SHORT PLAYA ESTAMPADO CAB (L, PLAYUELA);SHOSUCA155TL;CAB;Playuela;L;SAMBIL CHACAO;1
2025;OCTUBRE;SHORT PLAYA ESTAMPADO CAB;[SHOSUCA156TL] SHORT PLAYA ESTAMPADO CAB (L, TUCUPIDO);SHOSUCA156TL;CAB;Tucupido;L;SAMBIL VALENCIA;1
2025;OCTUBRE;SHORT PLAYA ESTAMPADO CAB;[SHOSUCA153TM] SHORT PLAYA ESTAMPADO CAB (M, SAL);SHOSUCA153TM;CAB;Sal;M;SAMBIL VALENCIA;1
2025;OCTUBRE;SHORT PLAYA ESTAMPADO CAB;[SHOSUCA156TXL] SHORT PLAYA ESTAMPADO CAB (XL, TUCUPIDO);SHOSUCA156TXL;CAB;Tucupido;XL;SAMBIL VALENCIA;1
2025;OCTUBRE;SHORT PLAYA ESTAMPADO KIDS;[SHOSUKI104T2] SHORT PLAYA ESTAMPADO KIDS (2, BLACK ABSTRACT);SHOSUKI104T2;KIDS;Black Abstract;2;SAMBIL VALENCIA;1
2025;OCTUBRE;SHORT PLAYA ESTAMPADO CAB;[SHOSUCA156TXL] SHORT PLAYA ESTAMPADO CAB (XL, TUCUPIDO);SHOSUCA156TXL;CAB;Tucupido;XL;SAMBIL CHACAO;1
2025;OCTUBRE;SHORT PLAYA ESTAMPADO CAB;[SHOSUCA153TL] SHORT PLAYA ESTAMPADO CAB (L, SAL);SHOSUCA153TL;CAB;Sal;L;SAMBIL CHACAO;1
2025;OCTUBRE;SHORT PLAYA ESTAMPADO KIDS;[SHOSUKI153T4] SHORT PLAYA ESTAMPADO KIDS (4, SAL);SHOSUKI153T4;KIDS;Sal;4;CERRO VERDE;1
2025;OCTUBRE;SHORT PLAYA ESTAMPADO CAB;[SHOSUCA153TM] SHORT PLAYA ESTAMPADO CAB (M, SAL);SHOSUCA153TM;CAB;Sal;M;CERRO VERDE;2
2025;OCTUBRE;SHORT PLAYA ESTAMPADO KIDS;[SHOSUKI153T4] SHORT PLAYA ESTAMPADO KIDS (4, SAL);SHOSUKI153T4;KIDS;Sal;4;CERRO VERDE;-1
2025;OCTUBRE;SHORT PLAYA ESTAMPADO CAB;[SHOSUCA153TM] SHORT PLAYA ESTAMPADO CAB (M, SAL);SHOSUCA153TM;CAB;Sal;M;CERRO VERDE;-2
2025;OCTUBRE;SHORT PLAYA ESTAMPADO KIDS;[SHOSUKI153T4] SHORT PLAYA ESTAMPADO KIDS (4, SAL);SHOSUKI153T4;KIDS;Sal;4;CERRO VERDE;1
2025;OCTUBRE;SHORT PLAYA ESTAMPADO CAB;[SHOSUCA153TM] SHORT PLAYA ESTAMPADO CAB (M, SAL);SHOSUCA153TM;CAB;Sal;M;CERRO VERDE;1
2025;OCTUBRE;SHORT PLAYA ESTAMPADO CAB;[SHOSUCA155TL] SHORT PLAYA ESTAMPADO CAB (L, PLAYUELA);SHOSUCA155TL;CAB;Playuela;L;SAMBIL CHACAO;1
2025;OCTUBRE;SHORT PLAYA ESTAMPADO CAB;[SHOSUCA155TM] SHORT PLAYA ESTAMPADO CAB (M, PLAYUELA);SHOSUCA155TM;CAB;Playuela;M;SAMBIL VALENCIA;1
2025;OCTUBRE;SHORT PLAYA ESTAMPADO CAB;[SHOSUCA155TM] SHORT PLAYA ESTAMPADO CAB (M, PLAYUELA);SHOSUCA155TM;CAB;Playuela;M;SAMBIL VALENCIA;-1
2025;OCTUBRE;SHORT PLAYA ESTAMPADO CAB;[SHOSUCA155TM] SHORT PLAYA ESTAMPADO CAB (M, PLAYUELA);SHOSUCA155TM;CAB;Playuela;M;SAMBIL VALENCIA;1
2025;OCTUBRE;SHORT PLAYA ESTAMPADO CAB;[SHOSUCA156TL] SHORT PLAYA ESTAMPADO CAB (L, TUCUPIDO);SHOSUCA156TL;CAB;Tucupido;L;SAMBIL CHACAO;1
2025;OCTUBRE;SHORT PLAYA CAB;[SHOUNCA57TL] SHORT PLAYA CAB (L, Terracota - 161344);SHOUNCA57TL;CAB;Terracota;L;SAMBIL CHACAO;1
2025;OCTUBRE;SHORT PLAYA ESTAMPADO KIDS;[SHOSUKI155T6] SHORT PLAYA ESTAMPADO KIDS (6, PLAYUELA);SHOSUKI155T6;KIDS;Playuela;6;GRIETA;1
2025;OCTUBRE;SHORT PLAYA KIDS;[SHOUNKI13T6] SHORT PLAYA KIDS (6, Azul Rey - 50122);SHOUNKI13T6;KIDS;Azul Rey;6;GRIETA;1
2025;OCTUBRE;SHORT PLAYA ESTAMPADO CAB;[SHOSUCA155TL] SHORT PLAYA ESTAMPADO CAB (L, PLAYUELA);SHOSUCA155TL;CAB;Playuela;L;SAMBIL CHACAO;1
2025;OCTUBRE;SHORT PLAYA KIDS;[SHOUNKI01T8] SHORT PLAYA KIDS (8, Aguamarina - 61275);SHOUNKI01T8;KIDS;Aguamarina;8;SAMBIL CHACAO;1
2025;OCTUBRE;SHORT PLAYA KIDS;[SHOUNKI23T8] SHORT PLAYA KIDS (8, Coral - 181649);SHOUNKI23T8;KIDS;Coral;8;SAMBIL CHACAO;1
2025;OCTUBRE;SHORT PLAYA ESTAMPADO KIDS;[SHOSUKI156T4] SHORT PLAYA ESTAMPADO KIDS (4, TUCUPIDO);SHOSUKI156T4;KIDS;Tucupido;4;CERRO VERDE;1
2025;OCTUBRE;SHORT PLAYA ESTAMPADO KIDS;[SHOSUKI153T10] SHORT PLAYA ESTAMPADO KIDS (10, SAL);SHOSUKI153T10;KIDS;Sal;10;CERRO VERDE;1
2025;OCTUBRE;SHORT PLAYA ESTAMPADO KIDS;[SHOSUKI155T10] SHORT PLAYA ESTAMPADO KIDS (10, PLAYUELA);SHOSUKI155T10;KIDS;Playuela;10;CERRO VERDE;1
2025;OCTUBRE;SHORT PLAYA ESTAMPADO CAB;[SHOSUCA155TL] SHORT PLAYA ESTAMPADO CAB (L, PLAYUELA);SHOSUCA155TL;CAB;Playuela;L;CERRO VERDE;1
2025;OCTUBRE;SHORT PLAYA ESTAMPADO CAB;[SHOSUCA156TM] SHORT PLAYA ESTAMPADO CAB (M, TUCUPIDO);SHOSUCA156TM;CAB;Tucupido;M;SAMBIL VALENCIA;1
2025;OCTUBRE;SHORT PLAYA CAB;[SHOUNCA01T2XL] SHORT PLAYA CAB (2XL, Aguamarina - 135313);SHOUNCA01T2XL;CAB;Aguamarina;2XL;GRAND PLAZ;1
2025;OCTUBRE;SHORT PLAYA CAB;[SHOUNCA57TS] SHORT PLAYA CAB (S, Terracota - 161344);SHOUNCA57TS;CAB;Terracota;S;SAMBIL CHACAO;1
2025;OCTUBRE;SHORT PLAYA CAB;[SHOUNCA12T2XL] SHORT PLAYA CAB (2XL, Azul Marino - 193933);SHOUNCA12T2XL;CAB;Azul Marino;2XL;CERRO VERDE;1
2025;OCTUBRE;SHORT PLAYA ESTAMPADO CAB;[SHOSUCA153TL] SHORT PLAYA ESTAMPADO CAB (L, SAL);SHOSUCA153TL;CAB;Sal;L;SAMBIL CHACAO;1
2025;OCTUBRE;SHORT PLAYA ESTAMPADO CAB;[SHOSUCA154TL] SHORT PLAYA ESTAMPADO CAB (L, SOMBRERO);SHOSUCA154TL;CAB;Sombrero;L;SAMBIL CHACAO;1
2025;OCTUBRE;SHORT PLAYA KIDS;[SHOUNKI12T8] SHORT PLAYA KIDS (8, Azul Marino - 5102);SHOUNKI12T8;KIDS;Azul Marino;8;SAMBIL CHACAO;1
2025;OCTUBRE;SHORT PLAYA ESTAMPADO CAB;[SHOSUCA153TL] SHORT PLAYA ESTAMPADO CAB (L, SAL);SHOSUCA153TL;CAB;Sal;L;GRIETA;1
2025;OCTUBRE;SHORT PLAYA ESTAMPADO CAB;[SHOSUCA153TL] SHORT PLAYA ESTAMPADO CAB (L, SAL);SHOSUCA153TL;CAB;Sal;L;SAMBIL CHACAO;1
2025;OCTUBRE;SHORT PLAYA ESTAMPADO KIDS;[SHOSUKI153T6] SHORT PLAYA ESTAMPADO KIDS (6, SAL);SHOSUKI153T6;KIDS;Sal;6;SAMBIL VALENCIA;1
2025;OCTUBRE;SHORT PLAYA ESTAMPADO CAB;[SHOSUCA155TM] SHORT PLAYA ESTAMPADO CAB (M, PLAYUELA);SHOSUCA155TM;CAB;Playuela;M;SAMBIL CHACAO;1
2025;OCTUBRE;SHORT PLAYA ESTAMPADO CAB;[SHOSUCA153TS] SHORT PLAYA ESTAMPADO CAB (S, SAL);SHOSUCA153TS;CAB;Sal;S;GRIETA;1
2025;OCTUBRE;SHORT PLAYA ESTAMPADO CAB;[SHOSUCA156TS] SHORT PLAYA ESTAMPADO CAB (S, TUCUPIDO);SHOSUCA156TS;CAB;Tucupido;S;SAMBIL VALENCIA;1
2025;OCTUBRE;SHORT PLAYA CAB;[SHOUNCA57TM] SHORT PLAYA CAB (M, Terracota - 161344);SHOUNCA57TM;CAB;Terracota;M;SAMBIL CHACAO;1
2025;OCTUBRE;SHORT PLAYA ESTAMPADO CAB;[SHOSUCA156TXL] SHORT PLAYA ESTAMPADO CAB (XL, TUCUPIDO);SHOSUCA156TXL;CAB;Tucupido;XL;GRIETA;1
2025;OCTUBRE;SHORT PLAYA CAB;[SHOUNCA57TS] SHORT PLAYA CAB (S, Terracota - 161344);SHOUNCA57TS;CAB;Terracota;S;CERRO VERDE;1
2025;OCTUBRE;SHORT PLAYA CAB;[SHOUNCA33TL] SHORT PLAYA CAB (L, Kaki - 161105);SHOUNCA33TL;CAB;Kaki;L;CERRO VERDE;1
2025;OCTUBRE;SHORT PLAYA KIDS;[SHOUNKI33T6] SHORT PLAYA KIDS (6, Kaki - 161105);SHOUNKI33T6;KIDS;Kaki;6;CERRO VERDE;1
2025;OCTUBRE;SHORT PLAYA ESTAMPADO KIDS;[SHOSUKI156T12] SHORT PLAYA ESTAMPADO KIDS (12, TUCUPIDO);SHOSUKI156T12;KIDS;Tucupido;12;CERRO VERDE;1
2025;OCTUBRE;SHORT PLAYA ESTAMPADO CAB;[SHOSUCA155TL] SHORT PLAYA ESTAMPADO CAB (L, PLAYUELA);SHOSUCA155TL;CAB;Playuela;L;SAMBIL VALENCIA;1
2025;OCTUBRE;SHORT PLAYA ESTAMPADO CAB;[SHOSUCA156TM] SHORT PLAYA ESTAMPADO CAB (M, TUCUPIDO);SHOSUCA156TM;CAB;Tucupido;M;GRIETA;1
2025;OCTUBRE;SHORT PLAYA ESTAMPADO CAB;[SHOSUCA154TM] SHORT PLAYA ESTAMPADO CAB (M, SOMBRERO);SHOSUCA154TM;CAB;Sombrero;M;GRIETA;1
2025;OCTUBRE;SHORT PLAYA ESTAMPADO KIDS;[SHOSUKI155T2] SHORT PLAYA ESTAMPADO KIDS (2, PLAYUELA);SHOSUKI155T2;KIDS;Playuela;2;PEDIDOS;1
2025;OCTUBRE;SHORT PLAYA ESTAMPADO KIDS;[SHOSUKI153T14] SHORT PLAYA ESTAMPADO KIDS (14, SAL);SHOSUKI153T14;KIDS;Sal;14;GRIETA;1
2025;OCTUBRE;SHORT PLAYA ESTAMPADO CAB;[SHOSUCA155TM] SHORT PLAYA ESTAMPADO CAB (M, PLAYUELA);SHOSUCA155TM;CAB;Playuela;M;SAMBIL CHACAO;1
2025;OCTUBRE;SHORT PLAYA CAB;[SHOUNCA50TL] SHORT PLAYA CAB (L, Rojo - 181660);SHOUNCA50TL;CAB;Rojo;L;CERRO VERDE;1
2025;OCTUBRE;SHORT PLAYA ESTAMPADO KIDS;[SHOSUKI156T10] SHORT PLAYA ESTAMPADO KIDS (10, TUCUPIDO);SHOSUKI156T10;KIDS;Tucupido;10;GRIETA;1
2025;OCTUBRE;SHORT PLAYA ESTAMPADO CAB;[SHOSUCA156TM] SHORT PLAYA ESTAMPADO CAB (M, TUCUPIDO);SHOSUCA156TM;CAB;Tucupido;M;SAMBIL CHACAO;1
2025;OCTUBRE;SHORT PLAYA ESTAMPADO CAB;[SHOSUCA155TS] SHORT PLAYA ESTAMPADO CAB (S, PLAYUELA);SHOSUCA155TS;CAB;Playuela;S;CERRO VERDE;1
2025;OCTUBRE;SHORT PLAYA ESTAMPADO KIDS;[SHOSUKI155T12] SHORT PLAYA ESTAMPADO KIDS (12, PLAYUELA);SHOSUKI155T12;KIDS;Playuela;12;SAMBIL VALENCIA;1
2025;OCTUBRE;SHORT PLAYA ESTAMPADO KIDS;[SHOSUKI154T10] SHORT PLAYA ESTAMPADO KIDS (10, SOMBRERO);SHOSUKI154T10;KIDS;Sombrero;10;SAMBIL VALENCIA;1
2025;OCTUBRE;SHORT PLAYA KIDS;[SHOUNKI01T4] SHORT PLAYA KIDS (4, Aguamarina - 61275);SHOUNKI01T4;KIDS;Aguamarina;4;CERRO VERDE;1
2025;OCTUBRE;SHORT PLAYA ESTAMPADO CAB;[SHOSUCA153TL] SHORT PLAYA ESTAMPADO CAB (L, SAL);SHOSUCA153TL;CAB;Sal;L;SAMBIL CHACAO;1
2025;OCTUBRE;SHORT PLAYA ESTAMPADO CAB;[SHOSUCA153TM] SHORT PLAYA ESTAMPADO CAB (M, SAL);SHOSUCA153TM;CAB;Sal;M;CERRO VERDE;1
2025;OCTUBRE;SHORT PLAYA ESTAMPADO KIDS;[SHOSUKI155T14] SHORT PLAYA ESTAMPADO KIDS (14, PLAYUELA);SHOSUKI155T14;KIDS;Playuela;14;CERRO VERDE;1
2025;OCTUBRE;SHORT PLAYA ESTAMPADO KIDS;[SHOSUKI156T10] SHORT PLAYA ESTAMPADO KIDS (10, TUCUPIDO);SHOSUKI156T10;KIDS;Tucupido;10;CERRO VERDE;1
2025;OCTUBRE;SHORT PLAYA CAB;[SHOUNCA33TM] SHORT PLAYA CAB (M, Kaki - 161105);SHOUNCA33TM;CAB;Kaki;M;CERRO VERDE;-1
2025;OCTUBRE;SHORT PLAYA CAB;[SHOUNCA33TL] SHORT PLAYA CAB (L, Kaki - 161105);SHOUNCA33TL;CAB;Kaki;L;CERRO VERDE;1
2025;OCTUBRE;SHORT PLAYA ESTAMPADO CAB;[SHOSUCA153TL] SHORT PLAYA ESTAMPADO CAB (L, SAL);SHOSUCA153TL;CAB;Sal;L;SAMBIL CHACAO;1
2025;OCTUBRE;SHORT PLAYA ESTAMPADO KIDS;[SHOSUKI155T8] SHORT PLAYA ESTAMPADO KIDS (8, PLAYUELA);SHOSUKI155T8;KIDS;Playuela;8;GRIETA;1
2025;OCTUBRE;SHORT PLAYA ESTAMPADO KIDS;[SHOSUKI155T4] SHORT PLAYA ESTAMPADO KIDS (4, PLAYUELA);SHOSUKI155T4;KIDS;Playuela;4;SAMBIL CHACAO;1
2025;OCTUBRE;SHORT PLAYA KIDS;[SHOUNKI50T4] SHORT PLAYA KIDS (4, Rojo - 3392);SHOUNKI50T4;KIDS;Rojo;4;SAMBIL CHACAO;1
2025;OCTUBRE;SHORT PLAYA KIDS;[SHOUNKI29T12] SHORT PLAYA KIDS (12, Gris Azulado - 194316);SHOUNKI29T12;KIDS;Gris Azulado;12;SAMBIL CHACAO;1
2025;OCTUBRE;SHORT PLAYA KIDS;[SHOUNKI29T6] SHORT PLAYA KIDS (6, Gris Azulado - 194316);SHOUNKI29T6;KIDS;Gris Azulado;6;CERRO VERDE;1
2025;OCTUBRE;SHORT PLAYA ESTAMPADO CAB;[SHOSUCA156TS] SHORT PLAYA ESTAMPADO CAB (S, TUCUPIDO);SHOSUCA156TS;CAB;Tucupido;S;GRIETA;1
2025;OCTUBRE;SHORT PLAYA ESTAMPADO CAB;[SHOSUCA153TS] SHORT PLAYA ESTAMPADO CAB (S, SAL);SHOSUCA153TS;CAB;Sal;S;GRIETA;1
2025;OCTUBRE;SHORT PLAYA ESTAMPADO CAB;[SHOSUCA154TXL] SHORT PLAYA ESTAMPADO CAB (XL, SOMBRERO);SHOSUCA154TXL;CAB;Sombrero;XL;CERRO VERDE;1
2025;OCTUBRE;SHORT PLAYA ESTAMPADO CAB;[SHOSUCA156TS] SHORT PLAYA ESTAMPADO CAB (S, TUCUPIDO);SHOSUCA156TS;CAB;Tucupido;S;GRIETA;-1
2025;OCTUBRE;SHORT PLAYA ESTAMPADO CAB;[SHOSUCA153TS] SHORT PLAYA ESTAMPADO CAB (S, SAL);SHOSUCA153TS;CAB;Sal;S;GRIETA;-1
2025;OCTUBRE;SHORT PLAYA ESTAMPADO KIDS;[SHOSUKI155T8] SHORT PLAYA ESTAMPADO KIDS (8, PLAYUELA);SHOSUKI155T8;KIDS;Playuela;8;CERRO VERDE;1
2025;OCTUBRE;SHORT PLAYA ESTAMPADO KIDS;[SHOSUKI156T8] SHORT PLAYA ESTAMPADO KIDS (8, TUCUPIDO);SHOSUKI156T8;KIDS;Tucupido;8;CERRO VERDE;1
2025;OCTUBRE;SHORT PLAYA KIDS;[SHOUNKI13T4] SHORT PLAYA KIDS (4, Azul Rey - 50122);SHOUNKI13T4;KIDS;Azul Rey;4;CERRO VERDE;1
2025;OCTUBRE;SHORT PLAYA KIDS;[SHOUNKI13T6] SHORT PLAYA KIDS (6, Azul Rey - 50122);SHOUNKI13T6;KIDS;Azul Rey;6;CERRO VERDE;1
2025;OCTUBRE;SHORT PLAYA CAB;[SHOUNCA13TXL] SHORT PLAYA CAB (XL, Azul Rey - 194053);SHOUNCA13TXL;CAB;Azul Rey;XL;GRIETA;1
2025;OCTUBRE;SHORT PLAYA ESTAMPADO KIDS;[SHOSUKI155T12] SHORT PLAYA ESTAMPADO KIDS (12, PLAYUELA);SHOSUKI155T12;KIDS;Playuela;12;CERRO VERDE;1
2025;OCTUBRE;SHORT PLAYA ESTAMPADO CAB;[SHOSUCA154TM] SHORT PLAYA ESTAMPADO CAB (M, SOMBRERO);SHOSUCA154TM;CAB;Sombrero;M;GRIETA;1
2025;OCTUBRE;SHORT PLAYA ESTAMPADO CAB;[SHOSUCA156TM] SHORT PLAYA ESTAMPADO CAB (M, TUCUPIDO);SHOSUCA156TM;CAB;Tucupido;M;GRIETA;1
2025;OCTUBRE;SHORT PLAYA ESTAMPADO CAB;[SHOSUCA156T2XL] SHORT PLAYA ESTAMPADO CAB (2XL, TUCUPIDO);SHOSUCA156T2XL;CAB;Tucupido;2XL;SAMBIL VALENCIA;1
2025;OCTUBRE;SHORT PLAYA ESTAMPADO CAB;[SHOSUCA156T2XL] SHORT PLAYA ESTAMPADO CAB (2XL, TUCUPIDO);SHOSUCA156T2XL;CAB;Tucupido;2XL;SAMBIL VALENCIA;1
2025;OCTUBRE;SHORT PLAYA CAB;[SHOUNCA57TL] SHORT PLAYA CAB (L, Terracota - 161344);SHOUNCA57TL;CAB;Terracota;L;SAMBIL CHACAO;1
2025;OCTUBRE;SHORT PLAYA ESTAMPADO CAB;[SHOSUCA155TM] SHORT PLAYA ESTAMPADO CAB (M, PLAYUELA);SHOSUCA155TM;CAB;Playuela;M;SAMBIL CHACAO;1
2025;OCTUBRE;SHORT PLAYA ESTAMPADO KIDS;[SHOSUKI155T12] SHORT PLAYA ESTAMPADO KIDS (12, PLAYUELA);SHOSUKI155T12;KIDS;Playuela;12;PEDIDOS;1
2025;OCTUBRE;SHORT PLAYA KIDS;[SHOUNKI57T8] SHORT PLAYA KIDS (8, Terracota - 161344);SHOUNKI57T8;KIDS;Terracota;8;GRIETA;1
2025;OCTUBRE;SHORT PLAYA ESTAMPADO KIDS;[SHOSUKI154T6] SHORT PLAYA ESTAMPADO KIDS (6, SOMBRERO);SHOSUKI154T6;KIDS;Sombrero;6;WEB;1
2025;OCTUBRE;SHORT PLAYA KIDS;[SHOUNKI13T4] SHORT PLAYA KIDS (4, Azul Rey - 50122);SHOUNKI13T4;KIDS;Azul Rey;4;GRIETA;1
2025;OCTUBRE;SHORT PLAYA ESTAMPADO CAB;[SHOSUCA154TXL] SHORT PLAYA ESTAMPADO CAB (XL, SOMBRERO);SHOSUCA154TXL;CAB;Sombrero;XL;SAMBIL VALENCIA;1
2025;OCTUBRE;SHORT PLAYA ESTAMPADO KIDS;[SHOSUKI153T14] SHORT PLAYA ESTAMPADO KIDS (14, SAL);SHOSUKI153T14;KIDS;Sal;14;SAMBIL VALENCIA;1
2025;OCTUBRE;SHORT PLAYA CAB;[SHOUNCA68T2XL] SHORT PLAYA CAB (2XL, Verde Oliva - 160421);SHOUNCA68T2XL;CAB;Verde Oliva;2XL;SAMBIL CHACAO;1
2025;OCTUBRE;SHORT PLAYA ESTAMPADO CAB;[SHOSUCA156TM] SHORT PLAYA ESTAMPADO CAB (M, TUCUPIDO);SHOSUCA156TM;CAB;Tucupido;M;GRIETA;-1
2025;OCTUBRE;SHORT PLAYA ESTAMPADO CAB;[SHOSUCA154TM] SHORT PLAYA ESTAMPADO CAB (M, SOMBRERO);SHOSUCA154TM;CAB;Sombrero;M;GRIETA;-1
2025;OCTUBRE;SHORT PLAYA ESTAMPADO CAB;[SHOSUCA156TM] SHORT PLAYA ESTAMPADO CAB (M, TUCUPIDO);SHOSUCA156TM;CAB;Tucupido;M;GRIETA;1
2025;OCTUBRE;SHORT PLAYA ESTAMPADO KIDS;[SHOSUKI155T10] SHORT PLAYA ESTAMPADO KIDS (10, PLAYUELA);SHOSUKI155T10;KIDS;Playuela;10;GRIETA;1
2025;OCTUBRE;SHORT PLAYA ESTAMPADO CAB;[SHOSUCA155TM] SHORT PLAYA ESTAMPADO CAB (M, PLAYUELA);SHOSUCA155TM;CAB;Playuela;M;SAMBIL VALENCIA;1
2025;OCTUBRE;SHORT PLAYA ESTAMPADO KIDS;[SHOSUKI154T10] SHORT PLAYA ESTAMPADO KIDS (10, SOMBRERO);SHOSUKI154T10;KIDS;Sombrero;10;CERRO VERDE;1
2025;OCTUBRE;SHORT PLAYA CAB;[SHOUNCA33TS] SHORT PLAYA CAB (S, Kaki - 161105);SHOUNCA33TS;CAB;Kaki;S;GRIETA;1
2025;OCTUBRE;SHORT PLAYA ESTAMPADO CAB;[SHOSUCA155TM] SHORT PLAYA ESTAMPADO CAB (M, PLAYUELA);SHOSUCA155TM;CAB;Playuela;M;CERRO VERDE;1
2025;OCTUBRE;SHORT PLAYA ESTAMPADO KIDS;[SHOSUKI156T14] SHORT PLAYA ESTAMPADO KIDS (14, TUCUPIDO);SHOSUKI156T14;KIDS;Tucupido;14;CERRO VERDE;1
2025;OCTUBRE;SHORT PLAYA ESTAMPADO KIDS;[SHOSUKI155T14] SHORT PLAYA ESTAMPADO KIDS (14, PLAYUELA);SHOSUKI155T14;KIDS;Playuela;14;CERRO VERDE;1
2025;OCTUBRE;SHORT PLAYA KIDS;[SHOUNKI13T10] SHORT PLAYA KIDS (10, Azul Rey - 50122);SHOUNKI13T10;KIDS;Azul Rey;10;CERRO VERDE;1
2025;OCTUBRE;SHORT PLAYA ESTAMPADO KIDS;[SHOSUKI155T12] SHORT PLAYA ESTAMPADO KIDS (12, PLAYUELA);SHOSUKI155T12;KIDS;Playuela;12;SAMBIL CHACAO;1
2025;OCTUBRE;SHORT PLAYA ESTAMPADO CAB;[SHOSUCA154TXL] SHORT PLAYA ESTAMPADO CAB (XL, SOMBRERO);SHOSUCA154TXL;CAB;Sombrero;XL;GRAND PLAZ;1
2025;OCTUBRE;SHORT PLAYA ESTAMPADO CAB;[SHOSUCA155TL] SHORT PLAYA ESTAMPADO CAB (L, PLAYUELA);SHOSUCA155TL;CAB;Playuela;L;GRAND PLAZ;1
2025;OCTUBRE;SHORT PLAYA ESTAMPADO CAB;[SHOSUCA153TM] SHORT PLAYA ESTAMPADO CAB (M, SAL);SHOSUCA153TM;CAB;Sal;M;SAMBIL CHACAO;1
2025;OCTUBRE;SHORT PLAYA ESTAMPADO CAB;[SHOSUCA155TM] SHORT PLAYA ESTAMPADO CAB (M, PLAYUELA);SHOSUCA155TM;CAB;Playuela;M;SAMBIL VALENCIA;1
2025;OCTUBRE;SHORT PLAYA CAB;[SHOUNCA23TM] SHORT PLAYA CAB (M, Coral - 181649);SHOUNCA23TM;CAB;Coral;M;GRIETA;1
2025;OCTUBRE;SHORT PLAYA KIDS;[SHOUNKI23T10] SHORT PLAYA KIDS (10, Coral - 181649);SHOUNKI23T10;KIDS;Coral;10;CERRO VERDE;1
2025;OCTUBRE;SHORT PLAYA ESTAMPADO CAB;[SHOSUCA156TS] SHORT PLAYA ESTAMPADO CAB (S, TUCUPIDO);SHOSUCA156TS;CAB;Tucupido;S;GRIETA;1
2025;OCTUBRE;SHORT PLAYA KIDS;[SHOUNKI01T14] SHORT PLAYA KIDS (14, Aguamarina - 61275);SHOUNKI01T14;KIDS;Aguamarina;14;GRIETA;1
2025;OCTUBRE;SHORT PLAYA ESTAMPADO CAB;[SHOSUCA154T2XL] SHORT PLAYA ESTAMPADO CAB (2XL, SOMBRERO);SHOSUCA154T2XL;CAB;Sombrero;2XL;GRIETA;1
2025;OCTUBRE;SHORT PLAYA CAB;[SHOUNCA57TM] SHORT PLAYA CAB (M, Terracota - 161344);SHOUNCA57TM;CAB;Terracota;M;GRIETA;1
2025;OCTUBRE;SHORT PLAYA ESTAMPADO KIDS;[SHOSUKI155T10] SHORT PLAYA ESTAMPADO KIDS (10, PLAYUELA);SHOSUKI155T10;KIDS;Playuela;10;SAMBIL VALENCIA;1
2025;OCTUBRE;SHORT PLAYA ESTAMPADO KIDS;[SHOSUKI153T8] SHORT PLAYA ESTAMPADO KIDS (8, SAL);SHOSUKI153T8;KIDS;Sal;8;SAMBIL VALENCIA;1
2025;OCTUBRE;SHORT PLAYA ESTAMPADO KIDS;[SHOSUKI155T10] SHORT PLAYA ESTAMPADO KIDS (10, PLAYUELA);SHOSUKI155T10;KIDS;Playuela;10;GRAND PLAZ;0
2025;OCTUBRE;SHORT PLAYA ESTAMPADO CAB;[SHOSUCA154T2XL] SHORT PLAYA ESTAMPADO CAB (2XL, SOMBRERO);SHOSUCA154T2XL;CAB;Sombrero;2XL;SAMBIL VALENCIA;1
2025;OCTUBRE;SHORT PLAYA KIDS;[SHOUNKI29T12] SHORT PLAYA KIDS (12, Gris Azulado - 194316);SHOUNKI29T12;KIDS;Gris Azulado;12;GRIETA;1
2025;OCTUBRE;SHORT PLAYA ESTAMPADO CAB;[SHOSUCA154TS] SHORT PLAYA ESTAMPADO CAB (S, SOMBRERO);SHOSUCA154TS;CAB;Sombrero;S;CERRO VERDE;1
2025;OCTUBRE;SHORT PLAYA ESTAMPADO CAB;[SHOSUCA156TS] SHORT PLAYA ESTAMPADO CAB (S, TUCUPIDO);SHOSUCA156TS;CAB;Tucupido;S;CERRO VERDE;1
2025;OCTUBRE;SHORT PLAYA ESTAMPADO CAB;[SHOSUCA155TM] SHORT PLAYA ESTAMPADO CAB (M, PLAYUELA);SHOSUCA155TM;CAB;Playuela;M;SAMBIL VALENCIA;1
2025;OCTUBRE;SHORT PLAYA CAB;[SHOUNCA33TL] SHORT PLAYA CAB (L, Kaki - 161105);SHOUNCA33TL;CAB;Kaki;L;CERRO VERDE;1
2025;OCTUBRE;SHORT PLAYA CAB;[SHOUNCA12TXL] SHORT PLAYA CAB (XL, Azul Marino - 193933);SHOUNCA12TXL;CAB;Azul Marino;XL;WEB;1
2025;OCTUBRE;SHORT PLAYA ESTAMPADO KIDS;[SHOSUKI155T10] SHORT PLAYA ESTAMPADO KIDS (10, PLAYUELA);SHOSUKI155T10;KIDS;Playuela;10;GRAND PLAZ;1
2025;OCTUBRE;SHORT PLAYA ESTAMPADO KIDS;[SHOSUKI156T10] SHORT PLAYA ESTAMPADO KIDS (10, TUCUPIDO);SHOSUKI156T10;KIDS;Tucupido;10;WEB;1
2025;OCTUBRE;SHORT PLAYA ESTAMPADO KIDS;[SHOSUKI153T14] SHORT PLAYA ESTAMPADO KIDS (14, SAL);SHOSUKI153T14;KIDS;Sal;14;GRIETA;1
2025;OCTUBRE;SHORT PLAYA KIDS;[SHOUNKI33T12] SHORT PLAYA KIDS (12, Kaki - 161105);SHOUNKI33T12;KIDS;Kaki;12;GRIETA;1
2025;OCTUBRE;SHORT PLAYA ESTAMPADO KIDS;[SHOSUKI155T2] SHORT PLAYA ESTAMPADO KIDS (2, PLAYUELA);SHOSUKI155T2;KIDS;Playuela;2;CERRO VERDE;1
2025;OCTUBRE;SHORT PLAYA ESTAMPADO KIDS;[SHOSUKI156T8] SHORT PLAYA ESTAMPADO KIDS (8, TUCUPIDO);SHOSUKI156T8;KIDS;Tucupido;8;CERRO VERDE;1
2025;OCTUBRE;SHORT PLAYA ESTAMPADO CAB;[SHOSUCA153TM] SHORT PLAYA ESTAMPADO CAB (M, SAL);SHOSUCA153TM;CAB;Sal;M;SAMBIL CHACAO;1
2025;OCTUBRE;SHORT PLAYA CAB;[SHOUNCA68TS] SHORT PLAYA CAB (S, Verde Oliva - 160421);SHOUNCA68TS;CAB;Verde Oliva;S;GRIETA;1
2025;OCTUBRE;SHORT PLAYA CAB;[SHOUNCA68T2XL] SHORT PLAYA CAB (2XL, Verde Oliva - 160421);SHOUNCA68T2XL;CAB;Verde Oliva;2XL;GRIETA;1
2025;OCTUBRE;SHORT PLAYA KIDS;[SHOUNKI29T4] SHORT PLAYA KIDS (4, Gris Azulado - 194316);SHOUNKI29T4;KIDS;Gris Azulado;4;SAMBIL CHACAO;1
2025;OCTUBRE;SHORT PLAYA KIDS;[SHOUNKI33T4] SHORT PLAYA KIDS (4, Kaki - 161105);SHOUNKI33T4;KIDS;Kaki;4;SAMBIL CHACAO;1
2025;OCTUBRE;SHORT PLAYA KIDS;[SHOUNKI33T14] SHORT PLAYA KIDS (14, Kaki - 161105);SHOUNKI33T14;KIDS;Kaki;14;GRIETA;1
2025;OCTUBRE;SHORT PLAYA KIDS;[SHOUNKI33T10] SHORT PLAYA KIDS (10, Kaki - 161105);SHOUNKI33T10;KIDS;Kaki;10;GRIETA;1
2025;OCTUBRE;SHORT PLAYA KIDS;[SHOUNKI33T4] SHORT PLAYA KIDS (4, Kaki - 161105);SHOUNKI33T4;KIDS;Kaki;4;GRIETA;1
2025;OCTUBRE;SHORT PLAYA CAB;[SHOUNCA57TM] SHORT PLAYA CAB (M, Terracota - 161344);SHOUNCA57TM;CAB;Terracota;M;GRIETA;1
2025;OCTUBRE;SHORT PLAYA CAB;[SHOUNCA57TM] SHORT PLAYA CAB (M, Terracota - 161344);SHOUNCA57TM;CAB;Terracota;M;GRIETA;-1
2025;OCTUBRE;SHORT PLAYA CAB;[SHOUNCA57TM] SHORT PLAYA CAB (M, Terracota - 161344);SHOUNCA57TM;CAB;Terracota;M;GRIETA;1
2025;OCTUBRE;SHORT PLAYA ESTAMPADO CAB;[SHOSUCA156TL] SHORT PLAYA ESTAMPADO CAB (L, TUCUPIDO);SHOSUCA156TL;CAB;Tucupido;L;CERRO VERDE;-1
2025;OCTUBRE;SHORT PLAYA CAB;[SHOUNCA29TXL] SHORT PLAYA CAB (XL, Gris Azulado - 194316);SHOUNCA29TXL;CAB;Gris Azulado;XL;CERRO VERDE;1
2025;OCTUBRE;SHORT PLAYA ESTAMPADO KIDS;[SHOSUKI155T12] SHORT PLAYA ESTAMPADO KIDS (12, PLAYUELA);SHOSUKI155T12;KIDS;Playuela;12;SAMBIL VALENCIA;1
2025;OCTUBRE;SHORT PLAYA ESTAMPADO KIDS;[SHOSUKI155T10] SHORT PLAYA ESTAMPADO KIDS (10, PLAYUELA);SHOSUKI155T10;KIDS;Playuela;10;SAMBIL VALENCIA;1
2025;OCTUBRE;SHORT PLAYA ESTAMPADO CAB;[SHOSUCA155TS] SHORT PLAYA ESTAMPADO CAB (S, PLAYUELA);SHOSUCA155TS;CAB;Playuela;S;SAMBIL VALENCIA;1
2025;OCTUBRE;SHORT PLAYA KIDS;[SHOUNKI01T8] SHORT PLAYA KIDS (8, Aguamarina - 61275);SHOUNKI01T8;KIDS;Aguamarina;8;GRIETA;1
2025;OCTUBRE;SHORT PLAYA KIDS;[SHOUNKI01T12] SHORT PLAYA KIDS (12, Aguamarina - 61275);SHOUNKI01T12;KIDS;Aguamarina;12;SAMBIL CHACAO;1
2025;OCTUBRE;SHORT PLAYA ESTAMPADO KIDS;[SHOSUKI156T10] SHORT PLAYA ESTAMPADO KIDS (10, TUCUPIDO);SHOSUKI156T10;KIDS;Tucupido;10;SAMBIL VALENCIA;1
2025;OCTUBRE;SHORT PLAYA ESTAMPADO CAB;[SHOSUCA153TL] SHORT PLAYA ESTAMPADO CAB (L, SAL);SHOSUCA153TL;CAB;Sal;L;GRIETA;1
2025;OCTUBRE;SHORT PLAYA CAB;[SHOUNCA57TM] SHORT PLAYA CAB (M, Terracota - 161344);SHOUNCA57TM;CAB;Terracota;M;GRIETA;1
2025;OCTUBRE;SHORT PLAYA KIDS;[SHOUNKI01T10] SHORT PLAYA KIDS (10, Aguamarina - 61275);SHOUNKI01T10;KIDS;Aguamarina;10;CERRO VERDE;1
2025;OCTUBRE;SHORT PLAYA CAB;[SHOUNCA12T2XL] SHORT PLAYA CAB (2XL, Azul Marino - 193933);SHOUNCA12T2XL;CAB;Azul Marino;2XL;CERRO VERDE;1
2025;OCTUBRE;SHORT PLAYA KIDS;[SHOUNKI50T14] SHORT PLAYA KIDS (14, Rojo - 3392);SHOUNKI50T14;KIDS;Rojo;14;GRIETA;1
2025;OCTUBRE;SHORT PLAYA ESTAMPADO KIDS;[SHOSUKI154T8] SHORT PLAYA ESTAMPADO KIDS (8, SOMBRERO);SHOSUKI154T8;KIDS;Sombrero;8;CERRO VERDE;1
2025;OCTUBRE;SHORT PLAYA CAB;[SHOUNCA50T2XL] SHORT PLAYA CAB (2XL, Rojo - 181660);SHOUNCA50T2XL;CAB;Rojo;2XL;GRAND PLAZ;1
2025;OCTUBRE;SHORT PLAYA KIDS;[SHOUNKI50T8] SHORT PLAYA KIDS (8, Rojo - 3392);SHOUNKI50T8;KIDS;Rojo;8;SAMBIL CHACAO;1
2025;OCTUBRE;SHORT PLAYA CAB;[SHOUNCA57TM] SHORT PLAYA CAB (M, Terracota - 161344);SHOUNCA57TM;CAB;Terracota;M;GRIETA;1
2025;OCTUBRE;SHORT PLAYA ESTAMPADO CAB;[SHOSUCA153TL] SHORT PLAYA ESTAMPADO CAB (L, SAL);SHOSUCA153TL;CAB;Sal;L;GRIETA;1
2025;OCTUBRE;SHORT PLAYA CAB;[SHOUNCA68TS] SHORT PLAYA CAB (S, Verde Oliva - 160421);SHOUNCA68TS;CAB;Verde Oliva;S;GRIETA;1
2025;OCTUBRE;SHORT PLAYA ESTAMPADO CAB;[SHOSUCA153TL] SHORT PLAYA ESTAMPADO CAB (L, SAL);SHOSUCA153TL;CAB;Sal;L;GRIETA;1
2025;OCTUBRE;SHORT PLAYA KIDS;[SHOUNKI29T1] SHORT PLAYA KIDS (1, Gris Azulado - 194316);SHOUNKI29T1;KIDS;Gris Azulado;1;SAMBIL CHACAO;1
2025;NOVIEMBRE;SHORT PLAYA CAB;[SHOUNCA68TL] SHORT PLAYA CAB (L, Verde Oliva - 160421);SHOUNCA68TL;CAB;Verde Oliva;L;CERRO VERDE;1
2025;NOVIEMBRE;SHORT PLAYA ESTAMPADO CAB;[SHOSUCA156TXL] SHORT PLAYA ESTAMPADO CAB (XL, TUCUPIDO);SHOSUCA156TXL;CAB;Tucupido;XL;CERRO VERDE;1
2025;NOVIEMBRE;SHORT PLAYA ESTAMPADO KIDS;[SHOSUKI156T8] SHORT PLAYA ESTAMPADO KIDS (8, TUCUPIDO);SHOSUKI156T8;KIDS;Tucupido;8;SAMBIL VALENCIA;2
2025;NOVIEMBRE;SHORT PLAYA ESTAMPADO KIDS;[SHOSUKI155T12] SHORT PLAYA ESTAMPADO KIDS (12, PLAYUELA);SHOSUKI155T12;KIDS;Playuela;12;SAMBIL VALENCIA;1
2025;NOVIEMBRE;SHORT PLAYA ESTAMPADO KIDS;[SHOSUKI155T14] SHORT PLAYA ESTAMPADO KIDS (14, PLAYUELA);SHOSUKI155T14;KIDS;Playuela;14;SAMBIL VALENCIA;1
2025;NOVIEMBRE;SHORT PLAYA ESTAMPADO CAB;[SHOSUCA154TXL] SHORT PLAYA ESTAMPADO CAB (XL, SOMBRERO);SHOSUCA154TXL;CAB;Sombrero;XL;CERRO VERDE;1
2025;NOVIEMBRE;SHORT PLAYA KIDS;[SHOUNKI23T14] SHORT PLAYA KIDS (14, Coral - 181649);SHOUNKI23T14;KIDS;Coral;14;CERRO VERDE;1
2025;NOVIEMBRE;SHORT PLAYA ESTAMPADO CAB;[SHOSUCA156TM] SHORT PLAYA ESTAMPADO CAB (M, TUCUPIDO);SHOSUCA156TM;CAB;Tucupido;M;SAMBIL VALENCIA;1
2025;NOVIEMBRE;SHORT PLAYA ESTAMPADO CAB;[SHOSUCA153TL] SHORT PLAYA ESTAMPADO CAB (L, SAL);SHOSUCA153TL;CAB;Sal;L;GRAND PLAZ;1
2025;NOVIEMBRE;SHORT PLAYA CAB;[SHOUNCA33TS] SHORT PLAYA CAB (S, Kaki - 161105);SHOUNCA33TS;CAB;Kaki;S;GRIETA;1
2025;NOVIEMBRE;SHORT PLAYA ESTAMPADO CAB;[SHOSUCA153TS] SHORT PLAYA ESTAMPADO CAB (S, SAL);SHOSUCA153TS;CAB;Sal;S;GRIETA;1
2025;NOVIEMBRE;SHORT PLAYA ESTAMPADO KIDS;[SHOSUKI153T14] SHORT PLAYA ESTAMPADO KIDS (14, SAL);SHOSUKI153T14;KIDS;Sal;14;SAMBIL VALENCIA;1
2025;NOVIEMBRE;SHORT PLAYA KIDS;[SHOUNKI01T8] SHORT PLAYA KIDS (8, Aguamarina - 61275);SHOUNKI01T8;KIDS;Aguamarina;8;CERRO VERDE;1
2025;NOVIEMBRE;SHORT PLAYA KIDS;[SHOUNKI13T12] SHORT PLAYA KIDS (12, Azul Rey - 50122);SHOUNKI13T12;KIDS;Azul Rey;12;GRIETA;1
2025;NOVIEMBRE;SHORT PLAYA KIDS;[SHOUNKI01T6] SHORT PLAYA KIDS (6, Aguamarina - 61275);SHOUNKI01T6;KIDS;Aguamarina;6;CERRO VERDE;1
2025;NOVIEMBRE;SHORT PLAYA ESTAMPADO CAB;[SHOSUCA154TM] SHORT PLAYA ESTAMPADO CAB (M, SOMBRERO);SHOSUCA154TM;CAB;Sombrero;M;GRIETA;1
2025;NOVIEMBRE;SHORT PLAYA ESTAMPADO CAB;[SHOSUCA156TM] SHORT PLAYA ESTAMPADO CAB (M, TUCUPIDO);SHOSUCA156TM;CAB;Tucupido;M;SAMBIL VALENCIA;1
2025;NOVIEMBRE;SHORT PLAYA KIDS;[SHOUNKI33T10] SHORT PLAYA KIDS (10, Kaki - 161105);SHOUNKI33T10;KIDS;Kaki;10;SAMBIL CHACAO;1
2025;NOVIEMBRE;SHORT PLAYA ESTAMPADO CAB;[SHOSUCA154TXL] SHORT PLAYA ESTAMPADO CAB (XL, SOMBRERO);SHOSUCA154TXL;CAB;Sombrero;XL;GRIETA;1
2025;NOVIEMBRE;SHORT PLAYA ESTAMPADO CAB;[SHOSUCA154TL] SHORT PLAYA ESTAMPADO CAB (L, SOMBRERO);SHOSUCA154TL;CAB;Sombrero;L;SAMBIL VALENCIA;1
2025;NOVIEMBRE;SHORT PLAYA ESTAMPADO KIDS;[SHOSUKI153T1] SHORT PLAYA ESTAMPADO KIDS (1, SAL);SHOSUKI153T1;KIDS;Sal;1;SAMBIL VALENCIA;2
2025;NOVIEMBRE;SHORT PLAYA ESTAMPADO CAB;[SHOSUCA155TS] SHORT PLAYA ESTAMPADO CAB (S, PLAYUELA);SHOSUCA155TS;CAB;Playuela;S;GRIETA;1
2025;NOVIEMBRE;SHORT PLAYA CAB;[SHOUNCA23TL] SHORT PLAYA CAB (L, Coral - 181649);SHOUNCA23TL;CAB;Coral;L;GRAND PLAZ;1
2025;NOVIEMBRE;SHORT PLAYA KIDS;[SHOUNKI68T1] SHORT PLAYA KIDS (1, Verde Oliva - 160421);SHOUNKI68T1;KIDS;Verde Oliva;1;GRIETA;1
2025;NOVIEMBRE;SHORT PLAYA ESTAMPADO KIDS;[SHOSUKI155T4] SHORT PLAYA ESTAMPADO KIDS (4, PLAYUELA);SHOSUKI155T4;KIDS;Playuela;4;GRIETA;1
2025;NOVIEMBRE;SHORT PLAYA ESTAMPADO CAB;[SHOSUCA154TXL] SHORT PLAYA ESTAMPADO CAB (XL, SOMBRERO);SHOSUCA154TXL;CAB;Sombrero;XL;CERRO VERDE;1
2025;NOVIEMBRE;SHORT PLAYA ESTAMPADO CAB;[SHOSUCA156TM] SHORT PLAYA ESTAMPADO CAB (M, TUCUPIDO);SHOSUCA156TM;CAB;Tucupido;M;CERRO VERDE;1
2025;NOVIEMBRE;SHORT PLAYA ESTAMPADO CAB;[SHOSUCA153TM] SHORT PLAYA ESTAMPADO CAB (M, SAL);SHOSUCA153TM;CAB;Sal;M;SAMBIL CHACAO;2
2025;NOVIEMBRE;SHORT PLAYA CAB;[SHOUNCA33TM] SHORT PLAYA CAB (M, Kaki - 161105);SHOUNCA33TM;CAB;Kaki;M;CERRO VERDE;-1
2025;NOVIEMBRE;SHORT PLAYA CAB;[SHOUNCA33TL] SHORT PLAYA CAB (L, Kaki - 161105);SHOUNCA33TL;CAB;Kaki;L;CERRO VERDE;1
2025;NOVIEMBRE;SHORT PLAYA KIDS;[SHOUNKI12T8] SHORT PLAYA KIDS (8, Azul Marino - 5102);SHOUNKI12T8;KIDS;Azul Marino;8;CERRO VERDE;1
2025;NOVIEMBRE;SHORT PLAYA ESTAMPADO KIDS;[SHOSUKI155T4] SHORT PLAYA ESTAMPADO KIDS (4, PLAYUELA);SHOSUKI155T4;KIDS;Playuela;4;SAMBIL CHACAO;1
2025;NOVIEMBRE;SHORT PLAYA ESTAMPADO CAB;[SHOSUCA156TL] SHORT PLAYA ESTAMPADO CAB (L, TUCUPIDO);SHOSUCA156TL;CAB;Tucupido;L;CERRO VERDE;1
2025;NOVIEMBRE;SHORT PLAYA ESTAMPADO KIDS;[SHOSUKI154T12] SHORT PLAYA ESTAMPADO KIDS (12, SOMBRERO);SHOSUKI154T12;KIDS;Sombrero;12;SAMBIL CHACAO;1
2025;NOVIEMBRE;SHORT PLAYA ESTAMPADO KIDS;[SHOSUKI154T10] SHORT PLAYA ESTAMPADO KIDS (10, SOMBRERO);SHOSUKI154T10;KIDS;Sombrero;10;SAMBIL CHACAO;1
2025;NOVIEMBRE;SHORT PLAYA ESTAMPADO CAB;[SHOSUCA154TL] SHORT PLAYA ESTAMPADO CAB (L, SOMBRERO);SHOSUCA154TL;CAB;Sombrero;L;SAMBIL CHACAO;1
2025;NOVIEMBRE;SHORT PLAYA ESTAMPADO CAB;[SHOSUCA156T2XL] SHORT PLAYA ESTAMPADO CAB (2XL, TUCUPIDO);SHOSUCA156T2XL;CAB;Tucupido;2XL;SAMBIL VALENCIA;1
2025;NOVIEMBRE;SHORT PLAYA ESTAMPADO KIDS;[SHOSUKI156T1] SHORT PLAYA ESTAMPADO KIDS (1, TUCUPIDO);SHOSUKI156T1;KIDS;Tucupido;1;CERRO VERDE;1
2025;NOVIEMBRE;SHORT PLAYA KIDS;[SHOUNKI68T14] SHORT PLAYA KIDS (14, Verde Oliva - 160421);SHOUNKI68T14;KIDS;Verde Oliva;14;GRIETA;1
2025;NOVIEMBRE;SHORT PLAYA KIDS;[SHOUNKI29T14] SHORT PLAYA KIDS (14, Gris Azulado - 194316);SHOUNKI29T14;KIDS;Gris Azulado;14;SAMBIL VALENCIA;1
2025;NOVIEMBRE;SHORT PLAYA KIDS;[SHOUNKI23T8] SHORT PLAYA KIDS (8, Coral - 181649);SHOUNKI23T8;KIDS;Coral;8;CERRO VERDE;1
2025;NOVIEMBRE;SHORT PLAYA CAB;[SHOUNCA57TS] SHORT PLAYA CAB (S, Terracota - 161344);SHOUNCA57TS;CAB;Terracota;S;SAMBIL VALENCIA;1
2025;NOVIEMBRE;SHORT PLAYA ESTAMPADO KIDS;[SHOSUKI154T4] SHORT PLAYA ESTAMPADO KIDS (4, SOMBRERO);SHOSUKI154T4;KIDS;Sombrero;4;GRIETA;1
2025;NOVIEMBRE;SHORT PLAYA KIDS;[SHOUNKI12T14] SHORT PLAYA KIDS (14, Azul Marino - 5102);SHOUNKI12T14;KIDS;Azul Marino;14;GRIETA;1
2025;NOVIEMBRE;SHORT PLAYA ESTAMPADO KIDS;[SHOSUKI155T8] SHORT PLAYA ESTAMPADO KIDS (8, PLAYUELA);SHOSUKI155T8;KIDS;Playuela;8;GRIETA;1
2025;NOVIEMBRE;SHORT PLAYA KIDS;[SHOUNKI13T14] SHORT PLAYA KIDS (14, Azul Rey - 50122);SHOUNKI13T14;KIDS;Azul Rey;14;CERRO VERDE;1
2025;NOVIEMBRE;SHORT PLAYA KIDS;[SHOUNKI50T10] SHORT PLAYA KIDS (10, Rojo - 3392);SHOUNKI50T10;KIDS;Rojo;10;GRIETA;1
2025;NOVIEMBRE;SHORT PLAYA KIDS;[SHOUNKI13T10] SHORT PLAYA KIDS (10, Azul Rey - 50122);SHOUNKI13T10;KIDS;Azul Rey;10;GRIETA;1
2025;NOVIEMBRE;SHORT PLAYA KIDS;[SHOUNKI01T10] SHORT PLAYA KIDS (10, Aguamarina - 61275);SHOUNKI01T10;KIDS;Aguamarina;10;GRIETA;1
2025;NOVIEMBRE;SHORT PLAYA KIDS;[SHOUNKI13T6] SHORT PLAYA KIDS (6, Azul Rey - 50122);SHOUNKI13T6;KIDS;Azul Rey;6;GRIETA;1
2025;NOVIEMBRE;SHORT PLAYA KIDS;[SHOUNKI12T8] SHORT PLAYA KIDS (8, Azul Marino - 5102);SHOUNKI12T8;KIDS;Azul Marino;8;SAMBIL CHACAO;1
2025;NOVIEMBRE;SHORT PLAYA ESTAMPADO KIDS;[SHOSUKI153T12] SHORT PLAYA ESTAMPADO KIDS (12, SAL);SHOSUKI153T12;KIDS;Sal;12;SAMBIL VALENCIA;1
2025;NOVIEMBRE;SHORT PLAYA ESTAMPADO CAB;[SHOSUCA155TM] SHORT PLAYA ESTAMPADO CAB (M, PLAYUELA);SHOSUCA155TM;CAB;Playuela;M;SAMBIL VALENCIA;1
2025;NOVIEMBRE;SHORT PLAYA ESTAMPADO KIDS;[SHOSUKI156T8] SHORT PLAYA ESTAMPADO KIDS (8, TUCUPIDO);SHOSUKI156T8;KIDS;Tucupido;8;SAMBIL CHACAO;1
2025;NOVIEMBRE;SHORT PLAYA ESTAMPADO KIDS;[SHOSUKI153T6] SHORT PLAYA ESTAMPADO KIDS (6, SAL);SHOSUKI153T6;KIDS;Sal;6;SAMBIL VALENCIA;1
2025;NOVIEMBRE;SHORT PLAYA ESTAMPADO KIDS;[SHOSUKI153T8] SHORT PLAYA ESTAMPADO KIDS (8, SAL);SHOSUKI153T8;KIDS;Sal;8;GRIETA;1
2025;NOVIEMBRE;SHORT PLAYA CAB;[SHOUNCA50T2XL] SHORT PLAYA CAB (2XL, Rojo - 181660);SHOUNCA50T2XL;CAB;Rojo;2XL;GRIETA;1
2025;NOVIEMBRE;SHORT PLAYA ESTAMPADO CAB;[SHOSUCA156TM] SHORT PLAYA ESTAMPADO CAB (M, TUCUPIDO);SHOSUCA156TM;CAB;Tucupido;M;SAMBIL VALENCIA;1
2025;NOVIEMBRE;SHORT PLAYA ESTAMPADO CAB;[SHOSUCA155TM] SHORT PLAYA ESTAMPADO CAB (M, PLAYUELA);SHOSUCA155TM;CAB;Playuela;M;SAMBIL VALENCIA;1
2025;NOVIEMBRE;SHORT PLAYA ESTAMPADO CAB;[SHOSUCA154TL] SHORT PLAYA ESTAMPADO CAB (L, SOMBRERO);SHOSUCA154TL;CAB;Sombrero;L;CERRO VERDE;1
2025;NOVIEMBRE;SHORT PLAYA ESTAMPADO CAB;[SHOSUCA154TM] SHORT PLAYA ESTAMPADO CAB (M, SOMBRERO);SHOSUCA154TM;CAB;Sombrero;M;CERRO VERDE;1
2025;NOVIEMBRE;SHORT PLAYA ESTAMPADO KIDS;[SHOSUKI156T1] SHORT PLAYA ESTAMPADO KIDS (1, TUCUPIDO);SHOSUKI156T1;KIDS;Tucupido;1;CERRO VERDE;-1
2025;NOVIEMBRE;SHORT PLAYA ESTAMPADO KIDS;[SHOSUKI156T2] SHORT PLAYA ESTAMPADO KIDS (2, TUCUPIDO);SHOSUKI156T2;KIDS;Tucupido;2;CERRO VERDE;1
2025;NOVIEMBRE;SHORT PLAYA CAB;[SHOUNCA68T3XL] SHORT PLAYA CAB (3XL, Verde Oliva - 160421);SHOUNCA68T3XL;CAB;Verde Oliva;3XL;GRIETA;1
2025;NOVIEMBRE;SHORT PLAYA ESTAMPADO CAB;[SHOSUCA156TXL] SHORT PLAYA ESTAMPADO CAB (XL, TUCUPIDO);SHOSUCA156TXL;CAB;Tucupido;XL;CERRO VERDE;1
2025;NOVIEMBRE;SHORT PLAYA ESTAMPADO CAB;[SHOSUCA156TXL] SHORT PLAYA ESTAMPADO CAB (XL, TUCUPIDO);SHOSUCA156TXL;CAB;Tucupido;XL;SAMBIL CHACAO;1
2025;NOVIEMBRE;SHORT PLAYA CAB;[SHOUNCA57TL] SHORT PLAYA CAB (L, Terracota - 161344);SHOUNCA57TL;CAB;Terracota;L;SAMBIL VALENCIA;1
2025;NOVIEMBRE;SHORT PLAYA CAB;[SHOUNCA13TM] SHORT PLAYA CAB (M, Azul Rey - 194053);SHOUNCA13TM;CAB;Azul Rey;M;GRAND PLAZ;1
2025;NOVIEMBRE;SHORT PLAYA KIDS;[SHOUNKI33T14] SHORT PLAYA KIDS (14, Kaki - 161105);SHOUNKI33T14;KIDS;Kaki;14;GRIETA;1
2025;NOVIEMBRE;SHORT PLAYA KIDS;[SHOUNKI01T12] SHORT PLAYA KIDS (12, Aguamarina - 61275);SHOUNKI01T12;KIDS;Aguamarina;12;CERRO VERDE;1
2025;NOVIEMBRE;SHORT PLAYA KIDS;[SHOUNKI57T8] SHORT PLAYA KIDS (8, Terracota - 161344);SHOUNKI57T8;KIDS;Terracota;8;SAMBIL CHACAO;1
2025;NOVIEMBRE;SHORT PLAYA ESTAMPADO CAB;[SHOSUCA156TL] SHORT PLAYA ESTAMPADO CAB (L, TUCUPIDO);SHOSUCA156TL;CAB;Tucupido;L;GRIETA;1
2025;NOVIEMBRE;SHORT PLAYA ESTAMPADO KIDS;[SHOSUKI155T6] SHORT PLAYA ESTAMPADO KIDS (6, PLAYUELA);SHOSUKI155T6;KIDS;Playuela;6;SAMBIL VALENCIA;1
2025;NOVIEMBRE;SHORT PLAYA KIDS;[SHOUNKI13T12] SHORT PLAYA KIDS (12, Azul Rey - 50122);SHOUNKI13T12;KIDS;Azul Rey;12;SAMBIL VALENCIA;-1
2025;NOVIEMBRE;SHORT PLAYA ESTAMPADO CAB;[SHOSUCA156T2XL] SHORT PLAYA ESTAMPADO CAB (2XL, TUCUPIDO);SHOSUCA156T2XL;CAB;Tucupido;2XL;CERRO VERDE;1
2025;NOVIEMBRE;SHORT PLAYA CAB;[SHOUNCA57TM] SHORT PLAYA CAB (M, Terracota - 161344);SHOUNCA57TM;CAB;Terracota;M;CERRO VERDE;1
2025;NOVIEMBRE;SHORT PLAYA ESTAMPADO CAB;[SHOSUCA156T2XL] SHORT PLAYA ESTAMPADO CAB (2XL, TUCUPIDO);SHOSUCA156T2XL;CAB;Tucupido;2XL;GRIETA;1
2025;NOVIEMBRE;SHORT PLAYA ESTAMPADO CAB;[SHOSUCA153TM] SHORT PLAYA ESTAMPADO CAB (M, SAL);SHOSUCA153TM;CAB;Sal;M;SAMBIL CHACAO;1
2025;NOVIEMBRE;SHORT PLAYA CAB;[SHOUNCA57TM] SHORT PLAYA CAB (M, Terracota - 161344);SHOUNCA57TM;CAB;Terracota;M;SAMBIL CHACAO;1
2025;NOVIEMBRE;SHORT PLAYA ESTAMPADO CAB;[SHOSUCA156TS] SHORT PLAYA ESTAMPADO CAB (S, TUCUPIDO);SHOSUCA156TS;CAB;Tucupido;S;SAMBIL VALENCIA;1
2025;NOVIEMBRE;SHORT PLAYA ESTAMPADO KIDS;[SHOSUKI155T14] SHORT PLAYA ESTAMPADO KIDS (14, PLAYUELA);SHOSUKI155T14;KIDS;Playuela;14;GRIETA;1
2025;NOVIEMBRE;SHORT PLAYA ESTAMPADO CAB;[SHOSUCA154TL] SHORT PLAYA ESTAMPADO CAB (L, SOMBRERO);SHOSUCA154TL;CAB;Sombrero;L;SAMBIL CHACAO;1
2025;NOVIEMBRE;SHORT PLAYA CAB;[SHOUNCA68TL] SHORT PLAYA CAB (L, Verde Oliva - 160421);SHOUNCA68TL;CAB;Verde Oliva;L;CERRO VERDE;1
2025;NOVIEMBRE;SHORT PLAYA ESTAMPADO KIDS;[SHOSUKI156T8] SHORT PLAYA ESTAMPADO KIDS (8, TUCUPIDO);SHOSUKI156T8;KIDS;Tucupido;8;GRIETA;1
2025;NOVIEMBRE;SHORT PLAYA KIDS;[SHOUNKI29T8] SHORT PLAYA KIDS (8, Gris Azulado - 194316);SHOUNKI29T8;KIDS;Gris Azulado;8;SAMBIL VALENCIA;1
2025;NOVIEMBRE;SHORT PLAYA ESTAMPADO KIDS;[SHOSUKI156T14] SHORT PLAYA ESTAMPADO KIDS (14, TUCUPIDO);SHOSUKI156T14;KIDS;Tucupido;14;CERRO VERDE;1
2025;NOVIEMBRE;SHORT PLAYA ESTAMPADO CAB;[SHOSUCA154T2XL] SHORT PLAYA ESTAMPADO CAB (2XL, SOMBRERO);SHOSUCA154T2XL;CAB;Sombrero;2XL;SAMBIL CHACAO;1
2025;NOVIEMBRE;SHORT PLAYA ESTAMPADO CAB;[SHOSUCA156T2XL] SHORT PLAYA ESTAMPADO CAB (2XL, TUCUPIDO);SHOSUCA156T2XL;CAB;Tucupido;2XL;SAMBIL CHACAO;1
2025;NOVIEMBRE;SHORT PLAYA ESTAMPADO KIDS;[SHOSUKI153T14] SHORT PLAYA ESTAMPADO KIDS (14, SAL);SHOSUKI153T14;KIDS;Sal;14;SAMBIL VALENCIA;1
2025;NOVIEMBRE;SHORT PLAYA CAB;[SHOUNCA01T2XL] SHORT PLAYA CAB (2XL, Aguamarina - 135313);SHOUNCA01T2XL;CAB;Aguamarina;2XL;GRIETA;1
2025;NOVIEMBRE;SHORT PLAYA KIDS;[SHOUNKI01T1] SHORT PLAYA KIDS (1, Aguamarina - 61275);SHOUNKI01T1;KIDS;Aguamarina;1;GRIETA;1
2025;NOVIEMBRE;SHORT PLAYA KIDS;[SHOUNKI12T14] SHORT PLAYA KIDS (14, Azul Marino - 5102);SHOUNKI12T14;KIDS;Azul Marino;14;CERRO VERDE;1
2025;NOVIEMBRE;SHORT PLAYA ESTAMPADO KIDS;[SHOSUKI154T6] SHORT PLAYA ESTAMPADO KIDS (6, SOMBRERO);SHOSUKI154T6;KIDS;Sombrero;6;SAMBIL VALENCIA;1
2025;NOVIEMBRE;SHORT PLAYA CAB;[SHOUNCA33T2XL] SHORT PLAYA CAB (2XL, Kaki - 161105);SHOUNCA33T2XL;CAB;Kaki;2XL;GRIETA;1
2025;NOVIEMBRE;SHORT PLAYA ESTAMPADO KIDS;[SHOSUKI153T4] SHORT PLAYA ESTAMPADO KIDS (4, SAL);SHOSUKI153T4;KIDS;Sal;4;SAMBIL VALENCIA;1
2025;NOVIEMBRE;SHORT PLAYA ESTAMPADO KIDS;[SHOSUKI153T12] SHORT PLAYA ESTAMPADO KIDS (12, SAL);SHOSUKI153T12;KIDS;Sal;12;CERRO VERDE;1
2025;NOVIEMBRE;SHORT PLAYA CAB;[SHOUNCA68TL] SHORT PLAYA CAB (L, Verde Oliva - 160421);SHOUNCA68TL;CAB;Verde Oliva;L;CERRO VERDE;1
2025;NOVIEMBRE;SHORT PLAYA ESTAMPADO KIDS;[SHOSUKI155T8] SHORT PLAYA ESTAMPADO KIDS (8, PLAYUELA);SHOSUKI155T8;KIDS;Playuela;8;SAMBIL VALENCIA;1
2025;NOVIEMBRE;SHORT PLAYA ESTAMPADO CAB;[SHOSUCA156TL] SHORT PLAYA ESTAMPADO CAB (L, TUCUPIDO);SHOSUCA156TL;CAB;Tucupido;L;SAMBIL VALENCIA;1
2025;NOVIEMBRE;SHORT PLAYA KIDS;[SHOUNKI29T12] SHORT PLAYA KIDS (12, Gris Azulado - 194316);SHOUNKI29T12;KIDS;Gris Azulado;12;SAMBIL CHACAO;1
2025;NOVIEMBRE;SHORT PLAYA CAB;[SHOUNCA33TM] SHORT PLAYA CAB (M, Kaki - 161105);SHOUNCA33TM;CAB;Kaki;M;SAMBIL CHACAO;1
2025;NOVIEMBRE;SHORT PLAYA KIDS;[SHOUNKI01T14] SHORT PLAYA KIDS (14, Aguamarina - 61275);SHOUNKI01T14;KIDS;Aguamarina;14;SAMBIL CHACAO;2
2025;NOVIEMBRE;SHORT PLAYA ESTAMPADO KIDS;[SHOSUKI156T4] SHORT PLAYA ESTAMPADO KIDS (4, TUCUPIDO);SHOSUKI156T4;KIDS;Tucupido;4;SAMBIL VALENCIA;1
2025;NOVIEMBRE;SHORT PLAYA ESTAMPADO KIDS;[SHOSUKI153T4] SHORT PLAYA ESTAMPADO KIDS (4, SAL);SHOSUKI153T4;KIDS;Sal;4;SAMBIL VALENCIA;1
2025;NOVIEMBRE;SHORT PLAYA ESTAMPADO CAB;[SHOSUCA155TS] SHORT PLAYA ESTAMPADO CAB (S, PLAYUELA);SHOSUCA155TS;CAB;Playuela;S;SAMBIL CHACAO;1
2025;NOVIEMBRE;SHORT PLAYA CAB;[SHOUNCA57TL] SHORT PLAYA CAB (L, Terracota - 161344);SHOUNCA57TL;CAB;Terracota;L;CERRO VERDE;1
2025;NOVIEMBRE;SHORT PLAYA CAB;[SHOUNCA01T2XL] SHORT PLAYA CAB (2XL, Aguamarina - 135313);SHOUNCA01T2XL;CAB;Aguamarina;2XL;CERRO VERDE;1
2025;NOVIEMBRE;SHORT PLAYA CAB;[SHOUNCA01TL] SHORT PLAYA CAB (L, Aguamarina - 135313);SHOUNCA01TL;CAB;Aguamarina;L;CERRO VERDE;1
2025;NOVIEMBRE;SHORT PLAYA ESTAMPADO CAB;[SHOSUCA153TL] SHORT PLAYA ESTAMPADO CAB (L, SAL);SHOSUCA153TL;CAB;Sal;L;GRIETA;-1
2025;NOVIEMBRE;SHORT PLAYA ESTAMPADO CAB;[SHOSUCA153TL] SHORT PLAYA ESTAMPADO CAB (L, SAL);SHOSUCA153TL;CAB;Sal;L;GRIETA;1
2025;NOVIEMBRE;SHORT PLAYA CAB;[SHOUNCA12T2XL] SHORT PLAYA CAB (2XL, Azul Marino - 193933);SHOUNCA12T2XL;CAB;Azul Marino;2XL;CERRO VERDE;1
2025;NOVIEMBRE;SHORT PLAYA ESTAMPADO CAB;[SHOSUCA156TS] SHORT PLAYA ESTAMPADO CAB (S, TUCUPIDO);SHOSUCA156TS;CAB;Tucupido;S;SAMBIL VALENCIA;1
2025;NOVIEMBRE;SHORT PLAYA ESTAMPADO CAB;[SHOSUCA156TS] SHORT PLAYA ESTAMPADO CAB (S, TUCUPIDO);SHOSUCA156TS;CAB;Tucupido;S;SAMBIL CHACAO;1
2025;NOVIEMBRE;SHORT PLAYA ESTAMPADO KIDS;[SHOSUKI156T6] SHORT PLAYA ESTAMPADO KIDS (6, TUCUPIDO);SHOSUKI156T6;KIDS;Tucupido;6;SAMBIL CHACAO;1
2025;NOVIEMBRE;SHORT PLAYA ESTAMPADO CAB;[SHOSUCA156T2XL] SHORT PLAYA ESTAMPADO CAB (2XL, TUCUPIDO);SHOSUCA156T2XL;CAB;Tucupido;2XL;SAMBIL CHACAO;1
2025;NOVIEMBRE;SHORT PLAYA ESTAMPADO CAB;[SHOSUCA156TM] SHORT PLAYA ESTAMPADO CAB (M, TUCUPIDO);SHOSUCA156TM;CAB;Tucupido;M;SAMBIL CHACAO;1
2025;NOVIEMBRE;SHORT PLAYA ESTAMPADO CAB;[SHOSUCA155TS] SHORT PLAYA ESTAMPADO CAB (S, PLAYUELA);SHOSUCA155TS;CAB;Playuela;S;SAMBIL CHACAO;1
2025;NOVIEMBRE;SHORT PLAYA ESTAMPADO CAB;[SHOSUCA156T2XL] SHORT PLAYA ESTAMPADO CAB (2XL, TUCUPIDO);SHOSUCA156T2XL;CAB;Tucupido;2XL;GRIETA;1
2025;NOVIEMBRE;SHORT PLAYA CAB;[SHOUNCA57TM] SHORT PLAYA CAB (M, Terracota - 161344);SHOUNCA57TM;CAB;Terracota;M;SAMBIL CHACAO;1
2025;NOVIEMBRE;SHORT PLAYA ESTAMPADO CAB;[SHOSUCA154T2XL] SHORT PLAYA ESTAMPADO CAB (2XL, SOMBRERO);SHOSUCA154T2XL;CAB;Sombrero;2XL;SAMBIL VALENCIA;1
2025;NOVIEMBRE;SHORT PLAYA ESTAMPADO CAB;[SHOSUCA154TXL] SHORT PLAYA ESTAMPADO CAB (XL, SOMBRERO);SHOSUCA154TXL;CAB;Sombrero;XL;SAMBIL VALENCIA;1
2025;NOVIEMBRE;SHORT PLAYA CAB;[SHOUNCA29TL] SHORT PLAYA CAB (L, Gris Azulado - 194316);SHOUNCA29TL;CAB;Gris Azulado;L;WEB;1
2025;NOVIEMBRE;SHORT PLAYA ESTAMPADO CAB;[SHOSUCA155TS] SHORT PLAYA ESTAMPADO CAB (S, PLAYUELA);SHOSUCA155TS;CAB;Playuela;S;CERRO VERDE;1
2025;NOVIEMBRE;SHORT PLAYA KIDS;[SHOUNKI50T6] SHORT PLAYA KIDS (6, Rojo - 3392);SHOUNKI50T6;KIDS;Rojo;6;WEB;1
2025;NOVIEMBRE;SHORT PLAYA KIDS;[SHOUNKI50T14] SHORT PLAYA KIDS (14, Rojo - 3392);SHOUNKI50T14;KIDS;Rojo;14;SAMBIL CHACAO;1
2025;NOVIEMBRE;SHORT PLAYA ESTAMPADO CAB;[SHOSUCA156TL] SHORT PLAYA ESTAMPADO CAB (L, TUCUPIDO);SHOSUCA156TL;CAB;Tucupido;L;GRIETA;1
2025;NOVIEMBRE;SHORT PLAYA KIDS;[SHOUNKI50T8] SHORT PLAYA KIDS (8, Rojo - 3392);SHOUNKI50T8;KIDS;Rojo;8;CERRO VERDE;1
2025;NOVIEMBRE;SHORT PLAYA CAB;[SHOUNCA13TM] SHORT PLAYA CAB (M, Azul Rey - 194053);SHOUNCA13TM;CAB;Azul Rey;M;CERRO VERDE;1
2025;NOVIEMBRE;SHORT PLAYA ESTAMPADO KIDS;[SHOSUKI153T2] SHORT PLAYA ESTAMPADO KIDS (2, SAL);SHOSUKI153T2;KIDS;Sal;2;SAMBIL VALENCIA;1
2025;NOVIEMBRE;SHORT PLAYA ESTAMPADO KIDS;[SHOSUKI156T12] SHORT PLAYA ESTAMPADO KIDS (12, TUCUPIDO);SHOSUKI156T12;KIDS;Tucupido;12;SAMBIL VALENCIA;1
2025;NOVIEMBRE;SHORT PLAYA ESTAMPADO CAB;[SHOSUCA156TL] SHORT PLAYA ESTAMPADO CAB (L, TUCUPIDO);SHOSUCA156TL;CAB;Tucupido;L;GRIETA;-1
2025;NOVIEMBRE;SHORT PLAYA ESTAMPADO CAB;[SHOSUCA154TXL] SHORT PLAYA ESTAMPADO CAB (XL, SOMBRERO);SHOSUCA154TXL;CAB;Sombrero;XL;GRIETA;1
2025;NOVIEMBRE;SHORT PLAYA ESTAMPADO CAB;[SHOSUCA154TXL] SHORT PLAYA ESTAMPADO CAB (XL, SOMBRERO);SHOSUCA154TXL;CAB;Sombrero;XL;SAMBIL CHACAO;1
2025;NOVIEMBRE;SHORT PLAYA CAB;[SHOUNCA33TS] SHORT PLAYA CAB (S, Kaki - 161105);SHOUNCA33TS;CAB;Kaki;S;GRIETA;-1
2025;NOVIEMBRE;SHORT PLAYA CAB;[SHOUNCA29TM] SHORT PLAYA CAB (M, Gris Azulado - 194316);SHOUNCA29TM;CAB;Gris Azulado;M;GRIETA;1
2025;NOVIEMBRE;SHORT PLAYA KIDS;[SHOUNKI33T2] SHORT PLAYA KIDS (2, Kaki - 161105);SHOUNKI33T2;KIDS;Kaki;2;SAMBIL CHACAO;1
2025;NOVIEMBRE;SHORT PLAYA ESTAMPADO CAB;[SHOSUCA156TM] SHORT PLAYA ESTAMPADO CAB (M, TUCUPIDO);SHOSUCA156TM;CAB;Tucupido;M;SAMBIL VALENCIA;1
2025;NOVIEMBRE;SHORT PLAYA ESTAMPADO CAB;[SHOSUCA154TL] SHORT PLAYA ESTAMPADO CAB (L, SOMBRERO);SHOSUCA154TL;CAB;Sombrero;L;SAMBIL VALENCIA;1
2025;NOVIEMBRE;SHORT PLAYA ESTAMPADO CAB;[SHOSUCA153TM] SHORT PLAYA ESTAMPADO CAB (M, SAL);SHOSUCA153TM;CAB;Sal;M;GRAND PLAZ;1
2025;NOVIEMBRE;SHORT PLAYA ESTAMPADO CAB;[SHOSUCA156TM] SHORT PLAYA ESTAMPADO CAB (M, TUCUPIDO);SHOSUCA156TM;CAB;Tucupido;M;GRAND PLAZ;1
2025;NOVIEMBRE;SHORT PLAYA CAB;[SHOUNCA57T2XL] SHORT PLAYA CAB (2XL, Terracota - 161344);SHOUNCA57T2XL;CAB;Terracota;2XL;GRIETA;1
2025;NOVIEMBRE;SHORT PLAYA ESTAMPADO KIDS;[SHOSUKI156T10] SHORT PLAYA ESTAMPADO KIDS (10, TUCUPIDO);SHOSUKI156T10;KIDS;Tucupido;10;GRIETA;1
2025;NOVIEMBRE;SHORT PLAYA ESTAMPADO KIDS;[SHOSUKI153T10] SHORT PLAYA ESTAMPADO KIDS (10, SAL);SHOSUKI153T10;KIDS;Sal;10;GRIETA;1
2025;NOVIEMBRE;SHORT PLAYA ESTAMPADO KIDS;[SHOSUKI153T8] SHORT PLAYA ESTAMPADO KIDS (8, SAL);SHOSUKI153T8;KIDS;Sal;8;GRIETA;1
2025;NOVIEMBRE;SHORT PLAYA ESTAMPADO CAB;[SHOSUCA156T2XL] SHORT PLAYA ESTAMPADO CAB (2XL, TUCUPIDO);SHOSUCA156T2XL;CAB;Tucupido;2XL;CERRO VERDE;1
2025;NOVIEMBRE;SHORT PLAYA ESTAMPADO CAB;[SHOSUCA153TL] SHORT PLAYA ESTAMPADO CAB (L, SAL);SHOSUCA153TL;CAB;Sal;L;CERRO VERDE;1
2025;NOVIEMBRE;SHORT PLAYA KIDS;[SHOUNKI12T2] SHORT PLAYA KIDS (2, Azul Marino - 5102);SHOUNKI12T2;KIDS;Azul Marino;2;CERRO VERDE;1
2025;NOVIEMBRE;SHORT PLAYA ESTAMPADO KIDS;[SHOSUKI153T8] SHORT PLAYA ESTAMPADO KIDS (8, SAL);SHOSUKI153T8;KIDS;Sal;8;GRAND PLAZ;1
2025;NOVIEMBRE;SHORT PLAYA ESTAMPADO KIDS;[SHOSUKI156T8] SHORT PLAYA ESTAMPADO KIDS (8, TUCUPIDO);SHOSUKI156T8;KIDS;Tucupido;8;CERRO VERDE;1
2025;NOVIEMBRE;SHORT PLAYA ESTAMPADO KIDS;[SHOSUKI104T10] SHORT PLAYA ESTAMPADO KIDS (10, BLACK ABSTRACT);SHOSUKI104T10;KIDS;Black Abstract;10;SAMBIL VALENCIA;1
2025;NOVIEMBRE;SHORT PLAYA ESTAMPADO KIDS;[SHOSUKI156T10] SHORT PLAYA ESTAMPADO KIDS (10, TUCUPIDO);SHOSUKI156T10;KIDS;Tucupido;10;SAMBIL VALENCIA;1
2025;NOVIEMBRE;SHORT PLAYA CAB;[SHOUNCA12TS] SHORT PLAYA CAB (S, Azul Marino - 193933);SHOUNCA12TS;CAB;Azul Marino;S;GRIETA;1
2025;NOVIEMBRE;SHORT PLAYA ESTAMPADO KIDS;[SHOSUKI155T10] SHORT PLAYA ESTAMPADO KIDS (10, PLAYUELA);SHOSUKI155T10;KIDS;Playuela;10;GRIETA;1
2025;NOVIEMBRE;SHORT PLAYA ESTAMPADO KIDS;[SHOSUKI155T1] SHORT PLAYA ESTAMPADO KIDS (1, PLAYUELA);SHOSUKI155T1;KIDS;Playuela;1;CERRO VERDE;1
2025;NOVIEMBRE;SHORT PLAYA ESTAMPADO CAB;[SHOSUCA156TM] SHORT PLAYA ESTAMPADO CAB (M, TUCUPIDO);SHOSUCA156TM;CAB;Tucupido;M;GRAND PLAZ;1
2025;NOVIEMBRE;SHORT PLAYA ESTAMPADO KIDS;[SHOSUKI156T6] SHORT PLAYA ESTAMPADO KIDS (6, TUCUPIDO);SHOSUKI156T6;KIDS;Tucupido;6;CERRO VERDE;1
2025;NOVIEMBRE;SHORT PLAYA CAB;[SHOUNCA33TM] SHORT PLAYA CAB (M, Kaki - 161105);SHOUNCA33TM;CAB;Kaki;M;CERRO VERDE;1
2025;NOVIEMBRE;SHORT PLAYA KIDS;[SHOUNKI33T2] SHORT PLAYA KIDS (2, Kaki - 161105);SHOUNKI33T2;KIDS;Kaki;2;CERRO VERDE;1
2025;NOVIEMBRE;SHORT PLAYA KIDS;[SHOUNKI33T1] SHORT PLAYA KIDS (1, Kaki - 161105);SHOUNKI33T1;KIDS;Kaki;1;CERRO VERDE;1
2025;NOVIEMBRE;SHORT PLAYA KIDS;[SHOUNKI33T1] SHORT PLAYA KIDS (1, Kaki - 161105);SHOUNKI33T1;KIDS;Kaki;1;CERRO VERDE;1
2025;NOVIEMBRE;SHORT PLAYA KIDS;[SHOUNKI68T2] SHORT PLAYA KIDS (2, Verde Oliva - 160421);SHOUNKI68T2;KIDS;Verde Oliva;2;CERRO VERDE;1
2025;NOVIEMBRE;SHORT PLAYA ESTAMPADO KIDS;[SHOSUKI156T10] SHORT PLAYA ESTAMPADO KIDS (10, TUCUPIDO);SHOSUKI156T10;KIDS;Tucupido;10;CERRO VERDE;1
2025;NOVIEMBRE;SHORT PLAYA ESTAMPADO CAB;[SHOSUCA154TXL] SHORT PLAYA ESTAMPADO CAB (XL, SOMBRERO);SHOSUCA154TXL;CAB;Sombrero;XL;SAMBIL VALENCIA;1
2025;NOVIEMBRE;SHORT PLAYA ESTAMPADO KIDS;[SHOSUKI156T12] SHORT PLAYA ESTAMPADO KIDS (12, TUCUPIDO);SHOSUKI156T12;KIDS;Tucupido;12;CERRO VERDE;1
2025;NOVIEMBRE;SHORT PLAYA CAB;[SHOUNCA33TM] SHORT PLAYA CAB (M, Kaki - 161105);SHOUNCA33TM;CAB;Kaki;M;CERRO VERDE;1
2025;NOVIEMBRE;SHORT PLAYA ESTAMPADO CAB;[SHOSUCA156TL] SHORT PLAYA ESTAMPADO CAB (L, TUCUPIDO);SHOSUCA156TL;CAB;Tucupido;L;SAMBIL CHACAO;1
2025;NOVIEMBRE;SHORT PLAYA ESTAMPADO CAB;[SHOSUCA156TS] SHORT PLAYA ESTAMPADO CAB (S, TUCUPIDO);SHOSUCA156TS;CAB;Tucupido;S;SAMBIL CHACAO;1
2025;NOVIEMBRE;SHORT PLAYA CAB;[SHOUNCA29TXL] SHORT PLAYA CAB (XL, Gris Azulado - 194316);SHOUNCA29TXL;CAB;Gris Azulado;XL;GRIETA;1
2025;NOVIEMBRE;SHORT PLAYA ESTAMPADO CAB;[SHOSUCA156TL] SHORT PLAYA ESTAMPADO CAB (L, TUCUPIDO);SHOSUCA156TL;CAB;Tucupido;L;SAMBIL CHACAO;1
2025;NOVIEMBRE;SHORT PLAYA ESTAMPADO CAB;[SHOSUCA156T2XL] SHORT PLAYA ESTAMPADO CAB (2XL, TUCUPIDO);SHOSUCA156T2XL;CAB;Tucupido;2XL;GRIETA;1
2025;NOVIEMBRE;SHORT PLAYA KIDS;[SHOUNKI50T4] SHORT PLAYA KIDS (4, Rojo - 3392);SHOUNKI50T4;KIDS;Rojo;4;GRIETA;1
2025;NOVIEMBRE;SHORT PLAYA ESTAMPADO KIDS;[SHOSUKI155T6] SHORT PLAYA ESTAMPADO KIDS (6, PLAYUELA);SHOSUKI155T6;KIDS;Playuela;6;GRIETA;1
2025;NOVIEMBRE;SHORT PLAYA ESTAMPADO CAB;[SHOSUCA156TL] SHORT PLAYA ESTAMPADO CAB (L, TUCUPIDO);SHOSUCA156TL;CAB;Tucupido;L;SAMBIL CHACAO;1
2025;NOVIEMBRE;SHORT PLAYA ESTAMPADO KIDS;[SHOSUKI155T6] SHORT PLAYA ESTAMPADO KIDS (6, PLAYUELA);SHOSUKI155T6;KIDS;Playuela;6;GRIETA;1
2025;NOVIEMBRE;SHORT PLAYA ESTAMPADO CAB;[SHOSUCA154T2XL] SHORT PLAYA ESTAMPADO CAB (2XL, SOMBRERO);SHOSUCA154T2XL;CAB;Sombrero;2XL;GRIETA;1
2025;NOVIEMBRE;SHORT PLAYA ESTAMPADO KIDS;[SHOSUKI155T10] SHORT PLAYA ESTAMPADO KIDS (10, PLAYUELA);SHOSUKI155T10;KIDS;Playuela;10;SAMBIL VALENCIA;1
2025;NOVIEMBRE;SHORT PLAYA KIDS;[SHOUNKI29T8] SHORT PLAYA KIDS (8, Gris Azulado - 194316);SHOUNKI29T8;KIDS;Gris Azulado;8;CERRO VERDE;1
2025;NOVIEMBRE;SHORT PLAYA KIDS;[SHOUNKI33T8] SHORT PLAYA KIDS (8, Kaki - 161105);SHOUNKI33T8;KIDS;Kaki;8;CERRO VERDE;1
2025;NOVIEMBRE;SHORT PLAYA CAB;[SHOUNCA33TM] SHORT PLAYA CAB (M, Kaki - 161105);SHOUNCA33TM;CAB;Kaki;M;CERRO VERDE;1
2025;NOVIEMBRE;SHORT PLAYA ESTAMPADO KIDS;[SHOSUKI111T1] SHORT PLAYA ESTAMPADO KIDS (1, CRASQUI);SHOSUKI111T1;KIDS;Crasqui;1;SAMBIL VALENCIA;1
2025;NOVIEMBRE;SHORT PLAYA ESTAMPADO KIDS;[SHOSUKI154T2] SHORT PLAYA ESTAMPADO KIDS (2, SOMBRERO);SHOSUKI154T2;KIDS;Sombrero;2;SAMBIL VALENCIA;1
2025;NOVIEMBRE;SHORT PLAYA CAB;[SHOUNCA29TXL] SHORT PLAYA CAB (XL, Gris Azulado - 194316);SHOUNCA29TXL;CAB;Gris Azulado;XL;GRIETA;-1
2025;NOVIEMBRE;SHORT PLAYA CAB;[SHOUNCA29TXL] SHORT PLAYA CAB (XL, Gris Azulado - 194316);SHOUNCA29TXL;CAB;Gris Azulado;XL;GRIETA;1
2025;NOVIEMBRE;SHORT PLAYA ESTAMPADO KIDS;[SHOSUKI154T8] SHORT PLAYA ESTAMPADO KIDS (8, SOMBRERO);SHOSUKI154T8;KIDS;Sombrero;8;GRIETA;1
2025;NOVIEMBRE;SHORT PLAYA CAB;[SHOUNCA68TL] SHORT PLAYA CAB (L, Verde Oliva - 160421);SHOUNCA68TL;CAB;Verde Oliva;L;GRIETA;1
2025;NOVIEMBRE;SHORT PLAYA ESTAMPADO CAB;[SHOSUCA154T2XL] SHORT PLAYA ESTAMPADO CAB (2XL, SOMBRERO);SHOSUCA154T2XL;CAB;Sombrero;2XL;SAMBIL CHACAO;1
2025;NOVIEMBRE;SHORT PLAYA ESTAMPADO CAB;[SHOSUCA156TL] SHORT PLAYA ESTAMPADO CAB (L, TUCUPIDO);SHOSUCA156TL;CAB;Tucupido;L;GRIETA;1
2025;NOVIEMBRE;SHORT PLAYA ESTAMPADO CAB;[SHOSUCA154TM] SHORT PLAYA ESTAMPADO CAB (M, SOMBRERO);SHOSUCA154TM;CAB;Sombrero;M;GRIETA;1
2025;NOVIEMBRE;SHORT PLAYA CAB;[SHOUNCA33TS] SHORT PLAYA CAB (S, Kaki - 161105);SHOUNCA33TS;CAB;Kaki;S;GRIETA;1
2025;NOVIEMBRE;SHORT PLAYA CAB;[SHOUNCA57TS] SHORT PLAYA CAB (S, Terracota - 161344);SHOUNCA57TS;CAB;Terracota;S;GRIETA;1
2025;NOVIEMBRE;SHORT PLAYA CAB;[SHOUNCA68TS] SHORT PLAYA CAB (S, Verde Oliva - 160421);SHOUNCA68TS;CAB;Verde Oliva;S;GRIETA;1
2025;NOVIEMBRE;SHORT PLAYA ESTAMPADO CAB;[SHOSUCA155TS] SHORT PLAYA ESTAMPADO CAB (S, PLAYUELA);SHOSUCA155TS;CAB;Playuela;S;GRIETA;1
2025;NOVIEMBRE;SHORT PLAYA KIDS;[SHOUNKI29T10] SHORT PLAYA KIDS (10, Gris Azulado - 194316);SHOUNKI29T10;KIDS;Gris Azulado;10;CERRO VERDE;1
2025;NOVIEMBRE;SHORT PLAYA ESTAMPADO CAB;[SHOSUCA156TS] SHORT PLAYA ESTAMPADO CAB (S, TUCUPIDO);SHOSUCA156TS;CAB;Tucupido;S;SAMBIL VALENCIA;1
2025;NOVIEMBRE;SHORT PLAYA KIDS;[SHOUNKI01T12] SHORT PLAYA KIDS (12, Aguamarina - 61275);SHOUNKI01T12;KIDS;Aguamarina;12;SAMBIL CHACAO;1
2025;NOVIEMBRE;SHORT PLAYA KIDS;[SHOUNKI01T14] SHORT PLAYA KIDS (14, Aguamarina - 61275);SHOUNKI01T14;KIDS;Aguamarina;14;GRIETA;1
2025;NOVIEMBRE;SHORT PLAYA ESTAMPADO CAB;[SHOSUCA156TM] SHORT PLAYA ESTAMPADO CAB (M, TUCUPIDO);SHOSUCA156TM;CAB;Tucupido;M;GRIETA;1
2025;NOVIEMBRE;SHORT PLAYA ESTAMPADO KIDS;[SHOSUKI54T1] SHORT PLAYA ESTAMPADO KIDS (1, ROYAL);SHOSUKI54T1;KIDS;Royal;1;CERRO VERDE;1
2025;NOVIEMBRE;SHORT PLAYA ESTAMPADO KIDS;[SHOSUKI153T4] SHORT PLAYA ESTAMPADO KIDS (4, SAL);SHOSUKI153T4;KIDS;Sal;4;SAMBIL VALENCIA;1
2025;NOVIEMBRE;SHORT PLAYA ESTAMPADO CAB;[SHOSUCA156TL] SHORT PLAYA ESTAMPADO CAB (L, TUCUPIDO);SHOSUCA156TL;CAB;Tucupido;L;SAMBIL VALENCIA;1
2025;NOVIEMBRE;SHORT PLAYA ESTAMPADO CAB;[SHOSUCA154TS] SHORT PLAYA ESTAMPADO CAB (S, SOMBRERO);SHOSUCA154TS;CAB;Sombrero;S;SAMBIL CHACAO;1
2025;NOVIEMBRE;SHORT PLAYA ESTAMPADO CAB;[SHOSUCA154TXL] SHORT PLAYA ESTAMPADO CAB (XL, SOMBRERO);SHOSUCA154TXL;CAB;Sombrero;XL;SAMBIL VALENCIA;1
2025;NOVIEMBRE;SHORT PLAYA KIDS;[SHOUNKI01T14] SHORT PLAYA KIDS (14, Aguamarina - 61275);SHOUNKI01T14;KIDS;Aguamarina;14;SAMBIL CHACAO;1
2025;NOVIEMBRE;SHORT PLAYA KIDS;[SHOUNKI23T8] SHORT PLAYA KIDS (8, Coral - 181649);SHOUNKI23T8;KIDS;Coral;8;SAMBIL CHACAO;1
2025;NOVIEMBRE;SHORT PLAYA ESTAMPADO KIDS;[SHOSUKI153T8] SHORT PLAYA ESTAMPADO KIDS (8, SAL);SHOSUKI153T8;KIDS;Sal;8;SAMBIL VALENCIA;1
2025;DICIEMBRE;SHORT PLAYA KIDS;[SHOUNKI01T14] SHORT PLAYA KIDS (14, Aguamarina - 61275);SHOUNKI01T14;KIDS;Aguamarina;14;GRIETA;-1
2025;DICIEMBRE;SHORT PLAYA ESTAMPADO KIDS;[SHOSUKI155T6] SHORT PLAYA ESTAMPADO KIDS (6, PLAYUELA);SHOSUKI155T6;KIDS;Playuela;6;SAMBIL VALENCIA;1
2025;DICIEMBRE;SHORT PLAYA ESTAMPADO KIDS;[SHOSUKI153T10] SHORT PLAYA ESTAMPADO KIDS (10, SAL);SHOSUKI153T10;KIDS;Sal;10;SAMBIL VALENCIA;1
2025;DICIEMBRE;SHORT PLAYA CAB;[SHOUNCA57TS] SHORT PLAYA CAB (S, Terracota - 161344);SHOUNCA57TS;CAB;Terracota;S;CERRO VERDE;1
2025;DICIEMBRE;SHORT PLAYA ESTAMPADO CAB;[SHOSUCA156TM] SHORT PLAYA ESTAMPADO CAB (M, TUCUPIDO);SHOSUCA156TM;CAB;Tucupido;M;SAMBIL VALENCIA;1
2025;DICIEMBRE;SHORT PLAYA KIDS;[SHOUNKI13T10] SHORT PLAYA KIDS (10, Azul Rey - 50122);SHOUNKI13T10;KIDS;Azul Rey;10;GRIETA;1
2025;DICIEMBRE;SHORT PLAYA ESTAMPADO KIDS;[SHOSUKI154T10] SHORT PLAYA ESTAMPADO KIDS (10, SOMBRERO);SHOSUKI154T10;KIDS;Sombrero;10;CERRO VERDE;1
2025;DICIEMBRE;SHORT PLAYA ESTAMPADO KIDS;[SHOSUKI156T12] SHORT PLAYA ESTAMPADO KIDS (12, TUCUPIDO);SHOSUKI156T12;KIDS;Tucupido;12;CERRO VERDE;2
2025;DICIEMBRE;SHORT PLAYA ESTAMPADO CAB;[SHOSUCA156TL] SHORT PLAYA ESTAMPADO CAB (L, TUCUPIDO);SHOSUCA156TL;CAB;Tucupido;L;CERRO VERDE;1
2025;DICIEMBRE;SHORT PLAYA ESTAMPADO KIDS;[SHOSUKI153T12] SHORT PLAYA ESTAMPADO KIDS (12, SAL);SHOSUKI153T12;KIDS;Sal;12;SAMBIL VALENCIA;1
2025;DICIEMBRE;SHORT PLAYA ESTAMPADO CAB;[SHOSUCA153TL] SHORT PLAYA ESTAMPADO CAB (L, SAL);SHOSUCA153TL;CAB;Sal;L;CERRO VERDE;1
2025;DICIEMBRE;SHORT PLAYA KIDS;[SHOUNKI13T12] SHORT PLAYA KIDS (12, Azul Rey - 50122);SHOUNKI13T12;KIDS;Azul Rey;12;SAMBIL CHACAO;1
2025;DICIEMBRE;SHORT PLAYA ESTAMPADO CAB;[SHOSUCA153TL] SHORT PLAYA ESTAMPADO CAB (L, SAL);SHOSUCA153TL;CAB;Sal;L;CERRO VERDE;1
2025;DICIEMBRE;SHORT PLAYA KIDS;[SHOUNKI13T14] SHORT PLAYA KIDS (14, Azul Rey - 50122);SHOUNKI13T14;KIDS;Azul Rey;14;SAMBIL VALENCIA;1
2025;DICIEMBRE;SHORT PLAYA ESTAMPADO KIDS;[SHOSUKI154T4] SHORT PLAYA ESTAMPADO KIDS (4, SOMBRERO);SHOSUKI154T4;KIDS;Sombrero;4;GRAND PLAZ;1
2025;DICIEMBRE;SHORT PLAYA ESTAMPADO CAB;[SHOSUCA153TL] SHORT PLAYA ESTAMPADO CAB (L, SAL);SHOSUCA153TL;CAB;Sal;L;CERRO VERDE;1
2025;DICIEMBRE;SHORT PLAYA CAB;[SHOUNCA57TL] SHORT PLAYA CAB (L, Terracota - 161344);SHOUNCA57TL;CAB;Terracota;L;CERRO VERDE;1
2025;DICIEMBRE;SHORT PLAYA ESTAMPADO CAB;[SHOSUCA153TL] SHORT PLAYA ESTAMPADO CAB (L, SAL);SHOSUCA153TL;CAB;Sal;L;CERRO VERDE;1
2025;DICIEMBRE;SHORT PLAYA ESTAMPADO KIDS;[SHOSUKI156T6] SHORT PLAYA ESTAMPADO KIDS (6, TUCUPIDO);SHOSUKI156T6;KIDS;Tucupido;6;GRAND PLAZ;1
2025;DICIEMBRE;SHORT PLAYA ESTAMPADO KIDS;[SHOSUKI155T6] SHORT PLAYA ESTAMPADO KIDS (6, PLAYUELA);SHOSUKI155T6;KIDS;Playuela;6;GRAND PLAZ;1
2025;DICIEMBRE;SHORT PLAYA CAB;[SHOUNCA57TM] SHORT PLAYA CAB (M, Terracota - 161344);SHOUNCA57TM;CAB;Terracota;M;CERRO VERDE;1
2025;DICIEMBRE;SHORT PLAYA ESTAMPADO KIDS;[SHOSUKI154T1] SHORT PLAYA ESTAMPADO KIDS (1, SOMBRERO);SHOSUKI154T1;KIDS;Sombrero;1;SAMBIL VALENCIA;1
2025;DICIEMBRE;SHORT PLAYA ESTAMPADO CAB;[SHOSUCA154TL] SHORT PLAYA ESTAMPADO CAB (L, SOMBRERO);SHOSUCA154TL;CAB;Sombrero;L;SAMBIL VALENCIA;1
2025;DICIEMBRE;SHORT PLAYA ESTAMPADO CAB;[SHOSUCA154TM] SHORT PLAYA ESTAMPADO CAB (M, SOMBRERO);SHOSUCA154TM;CAB;Sombrero;M;SAMBIL CHACAO;1
2025;DICIEMBRE;SHORT PLAYA ESTAMPADO CAB;[SHOSUCA154TL] SHORT PLAYA ESTAMPADO CAB (L, SOMBRERO);SHOSUCA154TL;CAB;Sombrero;L;SAMBIL CHACAO;1
2025;DICIEMBRE;SHORT PLAYA CAB;[SHOUNCA68TM] SHORT PLAYA CAB (M, Verde Oliva - 160421);SHOUNCA68TM;CAB;Verde Oliva;M;SAMBIL VALENCIA;1
2025;DICIEMBRE;SHORT PLAYA CAB;[SHOUNCA01T2XL] SHORT PLAYA CAB (2XL, Aguamarina - 135313);SHOUNCA01T2XL;CAB;Aguamarina;2XL;SAMBIL CHACAO;1
2025;DICIEMBRE;SHORT PLAYA ESTAMPADO CAB;[SHOSUCA156TS] SHORT PLAYA ESTAMPADO CAB (S, TUCUPIDO);SHOSUCA156TS;CAB;Tucupido;S;SAMBIL VALENCIA;1
2025;DICIEMBRE;SHORT PLAYA KIDS;[SHOUNKI13T10] SHORT PLAYA KIDS (10, Azul Rey - 50122);SHOUNKI13T10;KIDS;Azul Rey;10;SAMBIL CHACAO;1
2025;DICIEMBRE;SHORT PLAYA KIDS;[SHOUNKI33T1] SHORT PLAYA KIDS (1, Kaki - 161105);SHOUNKI33T1;KIDS;Kaki;1;GRIETA;1
2025;DICIEMBRE;SHORT PLAYA ESTAMPADO KIDS;[SHOSUKI155T6] SHORT PLAYA ESTAMPADO KIDS (6, PLAYUELA);SHOSUKI155T6;KIDS;Playuela;6;GRIETA;1
2025;DICIEMBRE;SHORT PLAYA CAB;[SHOUNCA23TS] SHORT PLAYA CAB (S, Coral - 181649);SHOUNCA23TS;CAB;Coral;S;SAMBIL CHACAO;1
2025;DICIEMBRE;SHORT PLAYA ESTAMPADO CAB;[SHOSUCA156TL] SHORT PLAYA ESTAMPADO CAB (L, TUCUPIDO);SHOSUCA156TL;CAB;Tucupido;L;SAMBIL CHACAO;1
2025;DICIEMBRE;SHORT PLAYA ESTAMPADO KIDS;[SHOSUKI155T4] SHORT PLAYA ESTAMPADO KIDS (4, PLAYUELA);SHOSUKI155T4;KIDS;Playuela;4;GRIETA;1
2025;DICIEMBRE;SHORT PLAYA KIDS;[SHOUNKI57T4] SHORT PLAYA KIDS (4, Terracota - 161344);SHOUNKI57T4;KIDS;Terracota;4;CERRO VERDE;1
2025;DICIEMBRE;SHORT PLAYA KIDS;[SHOUNKI50T14] SHORT PLAYA KIDS (14, Rojo - 3392);SHOUNKI50T14;KIDS;Rojo;14;SAMBIL VALENCIA;1
2025;DICIEMBRE;SHORT PLAYA KIDS;[SHOUNKI12T14] SHORT PLAYA KIDS (14, Azul Marino - 5102);SHOUNKI12T14;KIDS;Azul Marino;14;GRIETA;2
2025;DICIEMBRE;SHORT PLAYA KIDS;[SHOUNKI12T6] SHORT PLAYA KIDS (6, Azul Marino - 5102);SHOUNKI12T6;KIDS;Azul Marino;6;GRIETA;1
2025;DICIEMBRE;SHORT PLAYA ESTAMPADO KIDS;[SHOSUKI154T1] SHORT PLAYA ESTAMPADO KIDS (1, SOMBRERO);SHOSUKI154T1;KIDS;Sombrero;1;CERRO VERDE;1
2025;DICIEMBRE;SHORT PLAYA ESTAMPADO CAB;[SHOSUCA153TS] SHORT PLAYA ESTAMPADO CAB (S, SAL);SHOSUCA153TS;CAB;Sal;S;GRIETA;1
2025;DICIEMBRE;SHORT PLAYA ESTAMPADO CAB;[SHOSUCA156TM] SHORT PLAYA ESTAMPADO CAB (M, TUCUPIDO);SHOSUCA156TM;CAB;Tucupido;M;SAMBIL CHACAO;1
2025;DICIEMBRE;SHORT PLAYA KIDS;[SHOUNKI29T4] SHORT PLAYA KIDS (4, Gris Azulado - 194316);SHOUNKI29T4;KIDS;Gris Azulado;4;SAMBIL VALENCIA;1
2025;DICIEMBRE;SHORT PLAYA KIDS;[SHOUNKI29T4] SHORT PLAYA KIDS (4, Gris Azulado - 194316);SHOUNKI29T4;KIDS;Gris Azulado;4;SAMBIL CHACAO;1
2025;DICIEMBRE;SHORT PLAYA KIDS;[SHOUNKI33T4] SHORT PLAYA KIDS (4, Kaki - 161105);SHOUNKI33T4;KIDS;Kaki;4;SAMBIL CHACAO;1
2025;DICIEMBRE;SHORT PLAYA KIDS;[SHOUNKI57T10] SHORT PLAYA KIDS (10, Terracota - 161344);SHOUNKI57T10;KIDS;Terracota;10;SAMBIL VALENCIA;1
2025;DICIEMBRE;SHORT PLAYA KIDS;[SHOUNKI01T2] SHORT PLAYA KIDS (2, Aguamarina - 61275);SHOUNKI01T2;KIDS;Aguamarina;2;SAMBIL VALENCIA;1
2025;DICIEMBRE;SHORT PLAYA ESTAMPADO CAB;[SHOSUCA153TL] SHORT PLAYA ESTAMPADO CAB (L, SAL);SHOSUCA153TL;CAB;Sal;L;CERRO VERDE;-1
2025;DICIEMBRE;SHORT PLAYA ESTAMPADO CAB;[SHOSUCA154TXL] SHORT PLAYA ESTAMPADO CAB (XL, SOMBRERO);SHOSUCA154TXL;CAB;Sombrero;XL;CERRO VERDE;1
2025;DICIEMBRE;SHORT PLAYA KIDS;[SHOUNKI01T14] SHORT PLAYA KIDS (14, Aguamarina - 61275);SHOUNKI01T14;KIDS;Aguamarina;14;SAMBIL VALENCIA;1
2025;DICIEMBRE;SHORT PLAYA ESTAMPADO CAB;[SHOSUCA156TL] SHORT PLAYA ESTAMPADO CAB (L, TUCUPIDO);SHOSUCA156TL;CAB;Tucupido;L;SAMBIL VALENCIA;1
2025;DICIEMBRE;SHORT PLAYA KIDS;[SHOUNKI01T14] SHORT PLAYA KIDS (14, Aguamarina - 61275);SHOUNKI01T14;KIDS;Aguamarina;14;GRIETA;1
2025;DICIEMBRE;SHORT PLAYA KIDS;[SHOUNKI01T12] SHORT PLAYA KIDS (12, Aguamarina - 61275);SHOUNKI01T12;KIDS;Aguamarina;12;GRIETA;1
2025;DICIEMBRE;SHORT PLAYA ESTAMPADO KIDS;[SHOSUKI154T6] SHORT PLAYA ESTAMPADO KIDS (6, SOMBRERO);SHOSUKI154T6;KIDS;Sombrero;6;GRAND PLAZ;1
2025;DICIEMBRE;SHORT PLAYA KIDS;[SHOUNKI12T14] SHORT PLAYA KIDS (14, Azul Marino - 5102);SHOUNKI12T14;KIDS;Azul Marino;14;SAMBIL VALENCIA;1
2025;DICIEMBRE;SHORT PLAYA KIDS;[SHOUNKI50T6] SHORT PLAYA KIDS (6, Rojo - 3392);SHOUNKI50T6;KIDS;Rojo;6;SAMBIL VALENCIA;1
2025;DICIEMBRE;SHORT PLAYA KIDS;[SHOUNKI01T6] SHORT PLAYA KIDS (6, Aguamarina - 61275);SHOUNKI01T6;KIDS;Aguamarina;6;SAMBIL VALENCIA;1
2025;DICIEMBRE;SHORT PLAYA CAB;[SHOUNCA68T2XL] SHORT PLAYA CAB (2XL, Verde Oliva - 160421);SHOUNCA68T2XL;CAB;Verde Oliva;2XL;CERRO VERDE;1
2025;DICIEMBRE;SHORT PLAYA CAB;[SHOUNCA57TM] SHORT PLAYA CAB (M, Terracota - 161344);SHOUNCA57TM;CAB;Terracota;M;SAMBIL CHACAO;1
2025;DICIEMBRE;SHORT PLAYA ESTAMPADO CAB;[SHOSUCA156TM] SHORT PLAYA ESTAMPADO CAB (M, TUCUPIDO);SHOSUCA156TM;CAB;Tucupido;M;GRIETA;1
2025;DICIEMBRE;SHORT PLAYA ESTAMPADO KIDS;[SHOSUKI153T6] SHORT PLAYA ESTAMPADO KIDS (6, SAL);SHOSUKI153T6;KIDS;Sal;6;CERRO VERDE;1
2025;DICIEMBRE;SHORT PLAYA ESTAMPADO CAB;[SHOSUCA153TL] SHORT PLAYA ESTAMPADO CAB (L, SAL);SHOSUCA153TL;CAB;Sal;L;CERRO VERDE;1
2025;DICIEMBRE;SHORT PLAYA ESTAMPADO CAB;[SHOSUCA154TXL] SHORT PLAYA ESTAMPADO CAB (XL, SOMBRERO);SHOSUCA154TXL;CAB;Sombrero;XL;SAMBIL CHACAO;1
2025;DICIEMBRE;SHORT PLAYA ESTAMPADO KIDS;[SHOSUKI155T8] SHORT PLAYA ESTAMPADO KIDS (8, PLAYUELA);SHOSUKI155T8;KIDS;Playuela;8;SAMBIL CHACAO;1
2025;DICIEMBRE;SHORT PLAYA ESTAMPADO CAB;[SHOSUCA154TS] SHORT PLAYA ESTAMPADO CAB (S, SOMBRERO);SHOSUCA154TS;CAB;Sombrero;S;SAMBIL CHACAO;1
2025;DICIEMBRE;SHORT PLAYA ESTAMPADO CAB;[SHOSUCA156TS] SHORT PLAYA ESTAMPADO CAB (S, TUCUPIDO);SHOSUCA156TS;CAB;Tucupido;S;SAMBIL CHACAO;1
2025;DICIEMBRE;SHORT PLAYA ESTAMPADO KIDS;[SHOSUKI156T10] SHORT PLAYA ESTAMPADO KIDS (10, TUCUPIDO);SHOSUKI156T10;KIDS;Tucupido;10;CERRO VERDE;1
2025;DICIEMBRE;SHORT PLAYA ESTAMPADO KIDS;[SHOSUKI156T14] SHORT PLAYA ESTAMPADO KIDS (14, TUCUPIDO);SHOSUKI156T14;KIDS;Tucupido;14;GRIETA;1
2025;DICIEMBRE;SHORT PLAYA ESTAMPADO CAB;[SHOSUCA153TM] SHORT PLAYA ESTAMPADO CAB (M, SAL);SHOSUCA153TM;CAB;Sal;M;CERRO VERDE;-1
2025;DICIEMBRE;SHORT PLAYA ESTAMPADO CAB;[SHOSUCA153TL] SHORT PLAYA ESTAMPADO CAB (L, SAL);SHOSUCA153TL;CAB;Sal;L;CERRO VERDE;1
2025;DICIEMBRE;SHORT PLAYA ESTAMPADO CAB;[SHOSUCA155TS] SHORT PLAYA ESTAMPADO CAB (S, PLAYUELA);SHOSUCA155TS;CAB;Playuela;S;GRIETA;1
2025;DICIEMBRE;SHORT PLAYA ESTAMPADO CAB;[SHOSUCA156TS] SHORT PLAYA ESTAMPADO CAB (S, TUCUPIDO);SHOSUCA156TS;CAB;Tucupido;S;GRIETA;1
2025;DICIEMBRE;SHORT PLAYA ESTAMPADO KIDS;[SHOSUKI155T2] SHORT PLAYA ESTAMPADO KIDS (2, PLAYUELA);SHOSUKI155T2;KIDS;Playuela;2;GRIETA;1
2025;DICIEMBRE;SHORT PLAYA ESTAMPADO CAB;[SHOSUCA156TS] SHORT PLAYA ESTAMPADO CAB (S, TUCUPIDO);SHOSUCA156TS;CAB;Tucupido;S;CERRO VERDE;1
2025;DICIEMBRE;SHORT PLAYA KIDS;[SHOUNKI29T12] SHORT PLAYA KIDS (12, Gris Azulado - 194316);SHOUNKI29T12;KIDS;Gris Azulado;12;SAMBIL VALENCIA;1
2025;DICIEMBRE;SHORT PLAYA ESTAMPADO KIDS;[SHOSUKI155T10] SHORT PLAYA ESTAMPADO KIDS (10, PLAYUELA);SHOSUKI155T10;KIDS;Playuela;10;SAMBIL VALENCIA;1
2025;DICIEMBRE;SHORT PLAYA KIDS;[SHOUNKI68T2] SHORT PLAYA KIDS (2, Verde Oliva - 160421);SHOUNKI68T2;KIDS;Verde Oliva;2;CERRO VERDE;1
2025;DICIEMBRE;SHORT PLAYA KIDS;[SHOUNKI50T10] SHORT PLAYA KIDS (10, Rojo - 3392);SHOUNKI50T10;KIDS;Rojo;10;SAMBIL VALENCIA;1
2025;DICIEMBRE;SHORT PLAYA ESTAMPADO CAB;[SHOSUCA154TL] SHORT PLAYA ESTAMPADO CAB (L, SOMBRERO);SHOSUCA154TL;CAB;Sombrero;L;CERRO VERDE;1
2025;DICIEMBRE;SHORT PLAYA KIDS;[SHOUNKI01T10] SHORT PLAYA KIDS (10, Aguamarina - 61275);SHOUNKI01T10;KIDS;Aguamarina;10;SAMBIL CHACAO;1
2025;DICIEMBRE;SHORT PLAYA ESTAMPADO KIDS;[SHOSUKI153T10] SHORT PLAYA ESTAMPADO KIDS (10, SAL);SHOSUKI153T10;KIDS;Sal;10;SAMBIL CHACAO;1
2025;DICIEMBRE;SHORT PLAYA ESTAMPADO KIDS;[SHOSUKI153T14] SHORT PLAYA ESTAMPADO KIDS (14, SAL);SHOSUKI153T14;KIDS;Sal;14;SAMBIL CHACAO;1
2025;DICIEMBRE;SHORT PLAYA KIDS;[SHOUNKI13T12] SHORT PLAYA KIDS (12, Azul Rey - 50122);SHOUNKI13T12;KIDS;Azul Rey;12;SAMBIL CHACAO;1
2025;DICIEMBRE;SHORT PLAYA ESTAMPADO KIDS;[SHOSUKI155T4] SHORT PLAYA ESTAMPADO KIDS (4, PLAYUELA);SHOSUKI155T4;KIDS;Playuela;4;GRIETA;1
2025;DICIEMBRE;SHORT PLAYA KIDS;[SHOUNKI29T4] SHORT PLAYA KIDS (4, Gris Azulado - 194316);SHOUNKI29T4;KIDS;Gris Azulado;4;GRIETA;1
2025;DICIEMBRE;SHORT PLAYA CAB;[SHOUNCA29TM] SHORT PLAYA CAB (M, Gris Azulado - 194316);SHOUNCA29TM;CAB;Gris Azulado;M;GRIETA;1
2025;DICIEMBRE;SHORT PLAYA CAB;[SHOUNCA29TS] SHORT PLAYA CAB (S, Gris Azulado - 194316);SHOUNCA29TS;CAB;Gris Azulado;S;GRIETA;1
2025;DICIEMBRE;SHORT PLAYA ESTAMPADO CAB;[SHOSUCA154TL] SHORT PLAYA ESTAMPADO CAB (L, SOMBRERO);SHOSUCA154TL;CAB;Sombrero;L;WEB;1
2025;DICIEMBRE;SHORT PLAYA ESTAMPADO CAB;[SHOSUCA156TL] SHORT PLAYA ESTAMPADO CAB (L, TUCUPIDO);SHOSUCA156TL;CAB;Tucupido;L;WEB;1
2025;DICIEMBRE;SHORT PLAYA KIDS;[SHOUNKI33T14] SHORT PLAYA KIDS (14, Kaki - 161105);SHOUNKI33T14;KIDS;Kaki;14;SAMBIL VALENCIA;1
2025;DICIEMBRE;SHORT PLAYA CAB;[SHOUNCA29TM] SHORT PLAYA CAB (M, Gris Azulado - 194316);SHOUNCA29TM;CAB;Gris Azulado;M;GRIETA;-1
2025;DICIEMBRE;SHORT PLAYA CAB;[SHOUNCA29TS] SHORT PLAYA CAB (S, Gris Azulado - 194316);SHOUNCA29TS;CAB;Gris Azulado;S;GRIETA;-1
2025;DICIEMBRE;SHORT PLAYA CAB;[SHOUNCA29TM] SHORT PLAYA CAB (M, Gris Azulado - 194316);SHOUNCA29TM;CAB;Gris Azulado;M;GRIETA;1
2025;DICIEMBRE;SHORT PLAYA CAB;[SHOUNCA29TS] SHORT PLAYA CAB (S, Gris Azulado - 194316);SHOUNCA29TS;CAB;Gris Azulado;S;GRIETA;1
2025;DICIEMBRE;SHORT PLAYA KIDS;[SHOUNKI50T8] SHORT PLAYA KIDS (8, Rojo - 3392);SHOUNKI50T8;KIDS;Rojo;8;SAMBIL VALENCIA;1
2025;DICIEMBRE;SHORT PLAYA ESTAMPADO CAB;[SHOSUCA154TL] SHORT PLAYA ESTAMPADO CAB (L, SOMBRERO);SHOSUCA154TL;CAB;Sombrero;L;SAMBIL VALENCIA;1
2025;DICIEMBRE;SHORT PLAYA ESTAMPADO CAB;[SHOSUCA154TXL] SHORT PLAYA ESTAMPADO CAB (XL, SOMBRERO);SHOSUCA154TXL;CAB;Sombrero;XL;SAMBIL CHACAO;1
2025;DICIEMBRE;SHORT PLAYA KIDS;[SHOUNKI13T8] SHORT PLAYA KIDS (8, Azul Rey - 50122);SHOUNKI13T8;KIDS;Azul Rey;8;CERRO VERDE;1
2025;DICIEMBRE;SHORT PLAYA ESTAMPADO KIDS;[SHOSUKI154T8] SHORT PLAYA ESTAMPADO KIDS (8, SOMBRERO);SHOSUKI154T8;KIDS;Sombrero;8;CERRO VERDE;1
2025;DICIEMBRE;SHORT PLAYA ESTAMPADO KIDS;[SHOSUKI153T8] SHORT PLAYA ESTAMPADO KIDS (8, SAL);SHOSUKI153T8;KIDS;Sal;8;CERRO VERDE;1
2025;DICIEMBRE;SHORT PLAYA ESTAMPADO KIDS;[SHOSUKI155T8] SHORT PLAYA ESTAMPADO KIDS (8, PLAYUELA);SHOSUKI155T8;KIDS;Playuela;8;CERRO VERDE;1
2025;DICIEMBRE;SHORT PLAYA ESTAMPADO KIDS;[SHOSUKI153T6] SHORT PLAYA ESTAMPADO KIDS (6, SAL);SHOSUKI153T6;KIDS;Sal;6;CERRO VERDE;1
2025;DICIEMBRE;SHORT PLAYA ESTAMPADO KIDS;[SHOSUKI153T14] SHORT PLAYA ESTAMPADO KIDS (14, SAL);SHOSUKI153T14;KIDS;Sal;14;CERRO VERDE;1
2025;DICIEMBRE;SHORT PLAYA ESTAMPADO KIDS;[SHOSUKI153T2] SHORT PLAYA ESTAMPADO KIDS (2, SAL);SHOSUKI153T2;KIDS;Sal;2;CERRO VERDE;1
2025;DICIEMBRE;SHORT PLAYA CAB;[SHOUNCA57T2XL] SHORT PLAYA CAB (2XL, Terracota - 161344);SHOUNCA57T2XL;CAB;Terracota;2XL;SAMBIL VALENCIA;1
2025;DICIEMBRE;SHORT PLAYA ESTAMPADO CAB;[SHOSUCA156TL] SHORT PLAYA ESTAMPADO CAB (L, TUCUPIDO);SHOSUCA156TL;CAB;Tucupido;L;SAMBIL VALENCIA;1
2025;DICIEMBRE;SHORT PLAYA ESTAMPADO CAB;[SHOSUCA156TS] SHORT PLAYA ESTAMPADO CAB (S, TUCUPIDO);SHOSUCA156TS;CAB;Tucupido;S;SAMBIL VALENCIA;1
2025;DICIEMBRE;SHORT PLAYA KIDS;[SHOUNKI01T14] SHORT PLAYA KIDS (14, Aguamarina - 61275);SHOUNKI01T14;KIDS;Aguamarina;14;SAMBIL VALENCIA;1
2025;DICIEMBRE;SHORT PLAYA ESTAMPADO KIDS;[SHOSUKI155T2] SHORT PLAYA ESTAMPADO KIDS (2, PLAYUELA);SHOSUKI155T2;KIDS;Playuela;2;SAMBIL VALENCIA;-1
2025;DICIEMBRE;SHORT PLAYA ESTAMPADO KIDS;[SHOSUKI154T4] SHORT PLAYA ESTAMPADO KIDS (4, SOMBRERO);SHOSUKI154T4;KIDS;Sombrero;4;SAMBIL VALENCIA;1
2025;DICIEMBRE;SHORT PLAYA ESTAMPADO CAB;[SHOSUCA153TM] SHORT PLAYA ESTAMPADO CAB (M, SAL);SHOSUCA153TM;CAB;Sal;M;CERRO VERDE;1
2025;DICIEMBRE;SHORT PLAYA ESTAMPADO CAB;[SHOSUCA156TM] SHORT PLAYA ESTAMPADO CAB (M, TUCUPIDO);SHOSUCA156TM;CAB;Tucupido;M;GRIETA;1
2025;DICIEMBRE;SHORT PLAYA CAB;[SHOUNCA29TM] SHORT PLAYA CAB (M, Gris Azulado - 194316);SHOUNCA29TM;CAB;Gris Azulado;M;WEB;1
2025;DICIEMBRE;SHORT PLAYA CAB;[SHOUNCA68TS] SHORT PLAYA CAB (S, Verde Oliva - 160421);SHOUNCA68TS;CAB;Verde Oliva;S;GRIETA;1
2025;DICIEMBRE;SHORT PLAYA ESTAMPADO CAB;[SHOSUCA156TM] SHORT PLAYA ESTAMPADO CAB (M, TUCUPIDO);SHOSUCA156TM;CAB;Tucupido;M;SAMBIL CHACAO;1
2025;DICIEMBRE;SHORT PLAYA KIDS;[SHOUNKI50T10] SHORT PLAYA KIDS (10, Rojo - 3392);SHOUNKI50T10;KIDS;Rojo;10;SAMBIL CHACAO;1
2025;DICIEMBRE;SHORT PLAYA KIDS;[SHOUNKI12T8] SHORT PLAYA KIDS (8, Azul Marino - 5102);SHOUNKI12T8;KIDS;Azul Marino;8;SAMBIL VALENCIA;1
2025;DICIEMBRE;SHORT PLAYA ESTAMPADO KIDS;[SHOSUKI153T12] SHORT PLAYA ESTAMPADO KIDS (12, SAL);SHOSUKI153T12;KIDS;Sal;12;SAMBIL VALENCIA;1
2025;DICIEMBRE;SHORT PLAYA KIDS;[SHOUNKI57T14] SHORT PLAYA KIDS (14, Terracota - 161344);SHOUNKI57T14;KIDS;Terracota;14;CERRO VERDE;1
2025;DICIEMBRE;SHORT PLAYA KIDS;[SHOUNKI50T10] SHORT PLAYA KIDS (10, Rojo - 3392);SHOUNKI50T10;KIDS;Rojo;10;CERRO VERDE;1
2025;DICIEMBRE;SHORT PLAYA KIDS;[SHOUNKI29T12] SHORT PLAYA KIDS (12, Gris Azulado - 194316);SHOUNKI29T12;KIDS;Gris Azulado;12;SAMBIL VALENCIA;1
2025;DICIEMBRE;SHORT PLAYA KIDS;[SHOUNKI68T1] SHORT PLAYA KIDS (1, Verde Oliva - 160421);SHOUNKI68T1;KIDS;Verde Oliva;1;CERRO VERDE;1
2025;DICIEMBRE;SHORT PLAYA ESTAMPADO CAB;[SHOSUCA156TM] SHORT PLAYA ESTAMPADO CAB (M, TUCUPIDO);SHOSUCA156TM;CAB;Tucupido;M;SAMBIL VALENCIA;1
2025;DICIEMBRE;SHORT PLAYA ESTAMPADO CAB;[SHOSUCA154TM] SHORT PLAYA ESTAMPADO CAB (M, SOMBRERO);SHOSUCA154TM;CAB;Sombrero;M;GRIETA;1
2025;DICIEMBRE;SHORT PLAYA KIDS;[SHOUNKI57T4] SHORT PLAYA KIDS (4, Terracota - 161344);SHOUNKI57T4;KIDS;Terracota;4;GRIETA;1
2025;DICIEMBRE;SHORT PLAYA ESTAMPADO KIDS;[SHOSUKI154T4] SHORT PLAYA ESTAMPADO KIDS (4, SOMBRERO);SHOSUKI154T4;KIDS;Sombrero;4;GRIETA;1
2025;DICIEMBRE;SHORT PLAYA ESTAMPADO KIDS;[SHOSUKI153T10] SHORT PLAYA ESTAMPADO KIDS (10, SAL);SHOSUKI153T10;KIDS;Sal;10;GRIETA;1
2025;DICIEMBRE;SHORT PLAYA KIDS;[SHOUNKI57T8] SHORT PLAYA KIDS (8, Terracota - 161344);SHOUNKI57T8;KIDS;Terracota;8;CERRO VERDE;1
2025;DICIEMBRE;SHORT PLAYA ESTAMPADO KIDS;[SHOSUKI153T8] SHORT PLAYA ESTAMPADO KIDS (8, SAL);SHOSUKI153T8;KIDS;Sal;8;CERRO VERDE;1
2025;DICIEMBRE;SHORT PLAYA ESTAMPADO CAB;[SHOSUCA154TM] SHORT PLAYA ESTAMPADO CAB (M, SOMBRERO);SHOSUCA154TM;CAB;Sombrero;M;CERRO VERDE;1
2025;DICIEMBRE;SHORT PLAYA KIDS;[SHOUNKI29T2] SHORT PLAYA KIDS (2, Gris Azulado - 194316);SHOUNKI29T2;KIDS;Gris Azulado;2;SAMBIL CHACAO;1
2025;DICIEMBRE;SHORT PLAYA ESTAMPADO CAB;[SHOSUCA154TL] SHORT PLAYA ESTAMPADO CAB (L, SOMBRERO);SHOSUCA154TL;CAB;Sombrero;L;GRIETA;1
2025;DICIEMBRE;SHORT PLAYA CAB;[SHOUNCA57T2XL] SHORT PLAYA CAB (2XL, Terracota - 161344);SHOUNCA57T2XL;CAB;Terracota;2XL;GRIETA;2
2025;DICIEMBRE;SHORT PLAYA KIDS;[SHOUNKI01T14] SHORT PLAYA KIDS (14, Aguamarina - 61275);SHOUNKI01T14;KIDS;Aguamarina;14;CERRO VERDE;1
2025;DICIEMBRE;SHORT PLAYA KIDS;[SHOUNKI13T1] SHORT PLAYA KIDS (1, Azul Rey - 50122);SHOUNKI13T1;KIDS;Azul Rey;1;SAMBIL CHACAO;1
2025;DICIEMBRE;SHORT PLAYA ESTAMPADO KIDS;[SHOSUKI155T6] SHORT PLAYA ESTAMPADO KIDS (6, PLAYUELA);SHOSUKI155T6;KIDS;Playuela;6;CERRO VERDE;1
2025;DICIEMBRE;SHORT PLAYA ESTAMPADO KIDS;[SHOSUKI155T2] SHORT PLAYA ESTAMPADO KIDS (2, PLAYUELA);SHOSUKI155T2;KIDS;Playuela;2;CERRO VERDE;1
2025;DICIEMBRE;SHORT PLAYA ESTAMPADO KIDS;[SHOSUKI154T12] SHORT PLAYA ESTAMPADO KIDS (12, SOMBRERO);SHOSUKI154T12;KIDS;Sombrero;12;GRAND PLAZ;1
2025;DICIEMBRE;SHORT PLAYA ESTAMPADO KIDS;[SHOSUKI156T14] SHORT PLAYA ESTAMPADO KIDS (14, TUCUPIDO);SHOSUKI156T14;KIDS;Tucupido;14;CERRO VERDE;1
2025;DICIEMBRE;SHORT PLAYA ESTAMPADO CAB;[SHOSUCA154TL] SHORT PLAYA ESTAMPADO CAB (L, SOMBRERO);SHOSUCA154TL;CAB;Sombrero;L;SAMBIL VALENCIA;1
2025;DICIEMBRE;SHORT PLAYA ESTAMPADO KIDS;[SHOSUKI156T6] SHORT PLAYA ESTAMPADO KIDS (6, TUCUPIDO);SHOSUKI156T6;KIDS;Tucupido;6;CERRO VERDE;1
2025;DICIEMBRE;SHORT PLAYA ESTAMPADO CAB;[SHOSUCA155TS] SHORT PLAYA ESTAMPADO CAB (S, PLAYUELA);SHOSUCA155TS;CAB;Playuela;S;CERRO VERDE;1
2025;DICIEMBRE;SHORT PLAYA KIDS;[SHOUNKI12T1] SHORT PLAYA KIDS (1, Azul Marino - 5102);SHOUNKI12T1;KIDS;Azul Marino;1;GRIETA;1
2025;DICIEMBRE;SHORT PLAYA ESTAMPADO KIDS;[SHOSUKI155T12] SHORT PLAYA ESTAMPADO KIDS (12, PLAYUELA);SHOSUKI155T12;KIDS;Playuela;12;CERRO VERDE;1
2025;DICIEMBRE;SHORT PLAYA KIDS;[SHOUNKI01T14] SHORT PLAYA KIDS (14, Aguamarina - 61275);SHOUNKI01T14;KIDS;Aguamarina;14;SAMBIL CHACAO;1
2025;DICIEMBRE;SHORT PLAYA ESTAMPADO CAB;[SHOSUCA154T2XL] SHORT PLAYA ESTAMPADO CAB (2XL, SOMBRERO);SHOSUCA154T2XL;CAB;Sombrero;2XL;SAMBIL VALENCIA;1
2025;DICIEMBRE;SHORT PLAYA ESTAMPADO CAB;[SHOSUCA156TL] SHORT PLAYA ESTAMPADO CAB (L, TUCUPIDO);SHOSUCA156TL;CAB;Tucupido;L;SAMBIL CHACAO;1
2025;DICIEMBRE;SHORT PLAYA ESTAMPADO KIDS;[SHOSUKI156T4] SHORT PLAYA ESTAMPADO KIDS (4, TUCUPIDO);SHOSUKI156T4;KIDS;Tucupido;4;CERRO VERDE;1
2025;DICIEMBRE;SHORT PLAYA ESTAMPADO KIDS;[SHOSUKI156T2] SHORT PLAYA ESTAMPADO KIDS (2, TUCUPIDO);SHOSUKI156T2;KIDS;Tucupido;2;CERRO VERDE;1
2025;DICIEMBRE;SHORT PLAYA ESTAMPADO KIDS;[SHOSUKI156T10] SHORT PLAYA ESTAMPADO KIDS (10, TUCUPIDO);SHOSUKI156T10;KIDS;Tucupido;10;GRIETA;1
2025;DICIEMBRE;SHORT PLAYA ESTAMPADO KIDS;[SHOSUKI153T10] SHORT PLAYA ESTAMPADO KIDS (10, SAL);SHOSUKI153T10;KIDS;Sal;10;GRIETA;1
2025;DICIEMBRE;SHORT PLAYA KIDS;[SHOUNKI57T14] SHORT PLAYA KIDS (14, Terracota - 161344);SHOUNKI57T14;KIDS;Terracota;14;SAMBIL VALENCIA;1
2025;DICIEMBRE;SHORT PLAYA ESTAMPADO CAB;[SHOSUCA154TM] SHORT PLAYA ESTAMPADO CAB (M, SOMBRERO);SHOSUCA154TM;CAB;Sombrero;M;SAMBIL VALENCIA;1
2025;DICIEMBRE;SHORT PLAYA ESTAMPADO KIDS;[SHOSUKI154T10] SHORT PLAYA ESTAMPADO KIDS (10, SOMBRERO);SHOSUKI154T10;KIDS;Sombrero;10;SAMBIL VALENCIA;1
2025;DICIEMBRE;SHORT PLAYA KIDS;[SHOUNKI29T10] SHORT PLAYA KIDS (10, Gris Azulado - 194316);SHOUNKI29T10;KIDS;Gris Azulado;10;SAMBIL CHACAO;1
2025;DICIEMBRE;SHORT PLAYA KIDS;[SHOUNKI50T10] SHORT PLAYA KIDS (10, Rojo - 3392);SHOUNKI50T10;KIDS;Rojo;10;SAMBIL CHACAO;1
2025;DICIEMBRE;SHORT PLAYA ESTAMPADO CAB;[SHOSUCA154TL] SHORT PLAYA ESTAMPADO CAB (L, SOMBRERO);SHOSUCA154TL;CAB;Sombrero;L;CERRO VERDE;1
2025;DICIEMBRE;SHORT PLAYA ESTAMPADO CAB;[SHOSUCA154TXL] SHORT PLAYA ESTAMPADO CAB (XL, SOMBRERO);SHOSUCA154TXL;CAB;Sombrero;XL;CERRO VERDE;1
2025;DICIEMBRE;SHORT PLAYA ESTAMPADO KIDS;[SHOSUKI155T2] SHORT PLAYA ESTAMPADO KIDS (2, PLAYUELA);SHOSUKI155T2;KIDS;Playuela;2;SAMBIL CHACAO;1
2025;DICIEMBRE;SHORT PLAYA KIDS;[SHOUNKI29T2] SHORT PLAYA KIDS (2, Gris Azulado - 194316);SHOUNKI29T2;KIDS;Gris Azulado;2;SAMBIL CHACAO;1
2025;DICIEMBRE;SHORT PLAYA ESTAMPADO KIDS;[SHOSUKI154T2] SHORT PLAYA ESTAMPADO KIDS (2, SOMBRERO);SHOSUKI154T2;KIDS;Sombrero;2;SAMBIL VALENCIA;1
2025;DICIEMBRE;SHORT PLAYA ESTAMPADO CAB;[SHOSUCA156TL] SHORT PLAYA ESTAMPADO CAB (L, TUCUPIDO);SHOSUCA156TL;CAB;Tucupido;L;GRIETA;1
2025;DICIEMBRE;SHORT PLAYA KIDS;[SHOUNKI01T8] SHORT PLAYA KIDS (8, Aguamarina - 61275);SHOUNKI01T8;KIDS;Aguamarina;8;SAMBIL VALENCIA;1
2025;DICIEMBRE;SHORT PLAYA ESTAMPADO KIDS;[SHOSUKI155T8] SHORT PLAYA ESTAMPADO KIDS (8, PLAYUELA);SHOSUKI155T8;KIDS;Playuela;8;CERRO VERDE;1
2025;DICIEMBRE;SHORT PLAYA ESTAMPADO KIDS;[SHOSUKI156T12] SHORT PLAYA ESTAMPADO KIDS (12, TUCUPIDO);SHOSUKI156T12;KIDS;Tucupido;12;SAMBIL CHACAO;1
2025;DICIEMBRE;SHORT PLAYA ESTAMPADO KIDS;[SHOSUKI156T4] SHORT PLAYA ESTAMPADO KIDS (4, TUCUPIDO);SHOSUKI156T4;KIDS;Tucupido;4;SAMBIL CHACAO;1
2025;DICIEMBRE;SHORT PLAYA ESTAMPADO CAB;[SHOSUCA156TL] SHORT PLAYA ESTAMPADO CAB (L, TUCUPIDO);SHOSUCA156TL;CAB;Tucupido;L;SAMBIL CHACAO;1
2025;DICIEMBRE;SHORT PLAYA ESTAMPADO CAB;[SHOSUCA156TM] SHORT PLAYA ESTAMPADO CAB (M, TUCUPIDO);SHOSUCA156TM;CAB;Tucupido;M;SAMBIL CHACAO;1
2025;DICIEMBRE;SHORT PLAYA ESTAMPADO CAB;[SHOSUCA154TS] SHORT PLAYA ESTAMPADO CAB (S, SOMBRERO);SHOSUCA154TS;CAB;Sombrero;S;SAMBIL VALENCIA;1
2025;DICIEMBRE;SHORT PLAYA KIDS;[SHOUNKI57T6] SHORT PLAYA KIDS (6, Terracota - 161344);SHOUNKI57T6;KIDS;Terracota;6;GRIETA;1
2025;DICIEMBRE;SHORT PLAYA KIDS;[SHOUNKI33T6] SHORT PLAYA KIDS (6, Kaki - 161105);SHOUNKI33T6;KIDS;Kaki;6;GRIETA;1
2025;DICIEMBRE;SHORT PLAYA ESTAMPADO CAB;[SHOSUCA154T2XL] SHORT PLAYA ESTAMPADO CAB (2XL, SOMBRERO);SHOSUCA154T2XL;CAB;Sombrero;2XL;SAMBIL CHACAO;1
2025;DICIEMBRE;SHORT PLAYA KIDS;[SHOUNKI33T14] SHORT PLAYA KIDS (14, Kaki - 161105);SHOUNKI33T14;KIDS;Kaki;14;SAMBIL CHACAO;1
2025;DICIEMBRE;SHORT PLAYA KIDS;[SHOUNKI33T8] SHORT PLAYA KIDS (8, Kaki - 161105);SHOUNKI33T8;KIDS;Kaki;8;SAMBIL CHACAO;1
2025;DICIEMBRE;SHORT PLAYA ESTAMPADO CAB;[SHOSUCA156T2XL] SHORT PLAYA ESTAMPADO CAB (2XL, TUCUPIDO);SHOSUCA156T2XL;CAB;Tucupido;2XL;CERRO VERDE;1
2025;DICIEMBRE;SHORT PLAYA ESTAMPADO CAB;[SHOSUCA154TL] SHORT PLAYA ESTAMPADO CAB (L, SOMBRERO);SHOSUCA154TL;CAB;Sombrero;L;SAMBIL CHACAO;1
2025;DICIEMBRE;SHORT PLAYA CAB;[SHOUNCA57T2XL] SHORT PLAYA CAB (2XL, Terracota - 161344);SHOUNCA57T2XL;CAB;Terracota;2XL;SAMBIL CHACAO;1
2025;DICIEMBRE;SHORT PLAYA ESTAMPADO KIDS;[SHOSUKI154T2] SHORT PLAYA ESTAMPADO KIDS (2, SOMBRERO);SHOSUKI154T2;KIDS;Sombrero;2;GRIETA;1
2025;DICIEMBRE;SHORT PLAYA ESTAMPADO CAB;[SHOSUCA154T2XL] SHORT PLAYA ESTAMPADO CAB (2XL, SOMBRERO);SHOSUCA154T2XL;CAB;Sombrero;2XL;GRIETA;1
2025;DICIEMBRE;SHORT PLAYA CAB;[SHOUNCA29TXL] SHORT PLAYA CAB (XL, Gris Azulado - 194316);SHOUNCA29TXL;CAB;Gris Azulado;XL;GRIETA;1
2025;DICIEMBRE;SHORT PLAYA ESTAMPADO KIDS;[SHOSUKI155T6] SHORT PLAYA ESTAMPADO KIDS (6, PLAYUELA);SHOSUKI155T6;KIDS;Playuela;6;SAMBIL CHACAO;1
2025;DICIEMBRE;SHORT PLAYA CAB;[SHOUNCA33TS] SHORT PLAYA CAB (S, Kaki - 161105);SHOUNCA33TS;CAB;Kaki;S;GRIETA;1
2025;DICIEMBRE;SHORT PLAYA ESTAMPADO CAB;[SHOSUCA156TL] SHORT PLAYA ESTAMPADO CAB (L, TUCUPIDO);SHOSUCA156TL;CAB;Tucupido;L;GRIETA;1
2025;DICIEMBRE;SHORT PLAYA ESTAMPADO KIDS;[SHOSUKI154T14] SHORT PLAYA ESTAMPADO KIDS (14, SOMBRERO);SHOSUKI154T14;KIDS;Sombrero;14;SAMBIL CHACAO;1
2025;DICIEMBRE;SHORT PLAYA ESTAMPADO KIDS;[SHOSUKI153T14] SHORT PLAYA ESTAMPADO KIDS (14, SAL);SHOSUKI153T14;KIDS;Sal;14;SAMBIL CHACAO;1
2025;DICIEMBRE;SHORT PLAYA ESTAMPADO KIDS;[SHOSUKI155T14] SHORT PLAYA ESTAMPADO KIDS (14, PLAYUELA);SHOSUKI155T14;KIDS;Playuela;14;SAMBIL CHACAO;1
2025;DICIEMBRE;SHORT PLAYA KIDS;[SHOUNKI13T8] SHORT PLAYA KIDS (8, Azul Rey - 50122);SHOUNKI13T8;KIDS;Azul Rey;8;SAMBIL CHACAO;1
2025;DICIEMBRE;SHORT PLAYA ESTAMPADO KIDS;[SHOSUKI154T8] SHORT PLAYA ESTAMPADO KIDS (8, SOMBRERO);SHOSUKI154T8;KIDS;Sombrero;8;CERRO VERDE;1
2025;DICIEMBRE;SHORT PLAYA ESTAMPADO CAB;[SHOSUCA156TL] SHORT PLAYA ESTAMPADO CAB (L, TUCUPIDO);SHOSUCA156TL;CAB;Tucupido;L;GRIETA;1
2025;DICIEMBRE;SHORT PLAYA ESTAMPADO CAB;[SHOSUCA156TS] SHORT PLAYA ESTAMPADO CAB (S, TUCUPIDO);SHOSUCA156TS;CAB;Tucupido;S;CERRO VERDE;-1
2025;DICIEMBRE;SHORT PLAYA CAB;[SHOUNCA57TM] SHORT PLAYA CAB (M, Terracota - 161344);SHOUNCA57TM;CAB;Terracota;M;CERRO VERDE;1
2025;DICIEMBRE;SHORT PLAYA CAB;[SHOUNCA68TL] SHORT PLAYA CAB (L, Verde Oliva - 160421);SHOUNCA68TL;CAB;Verde Oliva;L;CERRO VERDE;1
2025;DICIEMBRE;SHORT PLAYA ESTAMPADO CAB;[SHOSUCA156TM] SHORT PLAYA ESTAMPADO CAB (M, TUCUPIDO);SHOSUCA156TM;CAB;Tucupido;M;SAMBIL CHACAO;1
2025;DICIEMBRE;SHORT PLAYA ESTAMPADO CAB;[SHOSUCA154TXL] SHORT PLAYA ESTAMPADO CAB (XL, SOMBRERO);SHOSUCA154TXL;CAB;Sombrero;XL;SAMBIL CHACAO;1
2025;DICIEMBRE;SHORT PLAYA ESTAMPADO KIDS;[SHOSUKI153T2] SHORT PLAYA ESTAMPADO KIDS (2, SAL);SHOSUKI153T2;KIDS;Sal;2;SAMBIL CHACAO;1
2025;DICIEMBRE;SHORT PLAYA ESTAMPADO KIDS;[SHOSUKI153T8] SHORT PLAYA ESTAMPADO KIDS (8, SAL);SHOSUKI153T8;KIDS;Sal;8;SAMBIL CHACAO;1
2025;DICIEMBRE;SHORT PLAYA KIDS;[SHOUNKI50T8] SHORT PLAYA KIDS (8, Rojo - 3392);SHOUNKI50T8;KIDS;Rojo;8;SAMBIL CHACAO;1
2025;DICIEMBRE;SHORT PLAYA KIDS;[SHOUNKI13T8] SHORT PLAYA KIDS (8, Azul Rey - 50122);SHOUNKI13T8;KIDS;Azul Rey;8;SAMBIL CHACAO;1
2025;DICIEMBRE;SHORT PLAYA ESTAMPADO KIDS;[SHOSUKI153T14] SHORT PLAYA ESTAMPADO KIDS (14, SAL);SHOSUKI153T14;KIDS;Sal;14;SAMBIL CHACAO;1
2025;DICIEMBRE;SHORT PLAYA ESTAMPADO KIDS;[SHOSUKI153T2] SHORT PLAYA ESTAMPADO KIDS (2, SAL);SHOSUKI153T2;KIDS;Sal;2;SAMBIL VALENCIA;1
2025;DICIEMBRE;SHORT PLAYA ESTAMPADO KIDS;[SHOSUKI154T1] SHORT PLAYA ESTAMPADO KIDS (1, SOMBRERO);SHOSUKI154T1;KIDS;Sombrero;1;SAMBIL VALENCIA;1
2025;DICIEMBRE;SHORT PLAYA ESTAMPADO KIDS;[SHOSUKI153T1] SHORT PLAYA ESTAMPADO KIDS (1, SAL);SHOSUKI153T1;KIDS;Sal;1;SAMBIL VALENCIA;1
2025;DICIEMBRE;SHORT PLAYA KIDS;[SHOUNKI50T2] SHORT PLAYA KIDS (2, Rojo - 3392);SHOUNKI50T2;KIDS;Rojo;2;SAMBIL VALENCIA;1
2025;DICIEMBRE;SHORT PLAYA ESTAMPADO CAB;[SHOSUCA154T2XL] SHORT PLAYA ESTAMPADO CAB (2XL, SOMBRERO);SHOSUCA154T2XL;CAB;Sombrero;2XL;GRAND PLAZ;1
2025;DICIEMBRE;SHORT PLAYA ESTAMPADO CAB;[SHOSUCA156TS] SHORT PLAYA ESTAMPADO CAB (S, TUCUPIDO);SHOSUCA156TS;CAB;Tucupido;S;SAMBIL CHACAO;1
2025;DICIEMBRE;SHORT PLAYA ESTAMPADO CAB;[SHOSUCA154TL] SHORT PLAYA ESTAMPADO CAB (L, SOMBRERO);SHOSUCA154TL;CAB;Sombrero;L;GRIETA;1
2025;DICIEMBRE;SHORT PLAYA KIDS;[SHOUNKI50T10] SHORT PLAYA KIDS (10, Rojo - 3392);SHOUNKI50T10;KIDS;Rojo;10;SAMBIL VALENCIA;1
2025;DICIEMBRE;SHORT PLAYA ESTAMPADO CAB;[SHOSUCA154TM] SHORT PLAYA ESTAMPADO CAB (M, SOMBRERO);SHOSUCA154TM;CAB;Sombrero;M;SAMBIL VALENCIA;1
2025;DICIEMBRE;SHORT PLAYA ESTAMPADO CAB;[SHOSUCA156T2XL] SHORT PLAYA ESTAMPADO CAB (2XL, TUCUPIDO);SHOSUCA156T2XL;CAB;Tucupido;2XL;GRIETA;1
2025;DICIEMBRE;SHORT PLAYA ESTAMPADO KIDS;[SHOSUKI156T2] SHORT PLAYA ESTAMPADO KIDS (2, TUCUPIDO);SHOSUKI156T2;KIDS;Tucupido;2;GRIETA;1
2025;DICIEMBRE;SHORT PLAYA ESTAMPADO KIDS;[SHOSUKI156T1] SHORT PLAYA ESTAMPADO KIDS (1, TUCUPIDO);SHOSUKI156T1;KIDS;Tucupido;1;GRIETA;1
2025;DICIEMBRE;SHORT PLAYA ESTAMPADO CAB;[SHOSUCA156TL] SHORT PLAYA ESTAMPADO CAB (L, TUCUPIDO);SHOSUCA156TL;CAB;Tucupido;L;CERRO VERDE;1
2025;DICIEMBRE;SHORT PLAYA ESTAMPADO CAB;[SHOSUCA154TS] SHORT PLAYA ESTAMPADO CAB (S, SOMBRERO);SHOSUCA154TS;CAB;Sombrero;S;CERRO VERDE;1
2025;DICIEMBRE;SHORT PLAYA ESTAMPADO KIDS;[SHOSUKI155T14] SHORT PLAYA ESTAMPADO KIDS (14, PLAYUELA);SHOSUKI155T14;KIDS;Playuela;14;SAMBIL VALENCIA;1
2025;DICIEMBRE;SHORT PLAYA KIDS;[SHOUNKI13T1] SHORT PLAYA KIDS (1, Azul Rey - 50122);SHOUNKI13T1;KIDS;Azul Rey;1;SAMBIL CHACAO;1
2025;DICIEMBRE;SHORT PLAYA ESTAMPADO KIDS;[SHOSUKI156T14] SHORT PLAYA ESTAMPADO KIDS (14, TUCUPIDO);SHOSUKI156T14;KIDS;Tucupido;14;GRAND PLAZ;1
2025;DICIEMBRE;SHORT PLAYA ESTAMPADO KIDS;[SHOSUKI155T14] SHORT PLAYA ESTAMPADO KIDS (14, PLAYUELA);SHOSUKI155T14;KIDS;Playuela;14;GRAND PLAZ;1
2025;DICIEMBRE;SHORT PLAYA CAB;[SHOUNCA68T2XL] SHORT PLAYA CAB (2XL, Verde Oliva - 160421);SHOUNCA68T2XL;CAB;Verde Oliva;2XL;CERRO VERDE;1
2025;DICIEMBRE;SHORT PLAYA ESTAMPADO CAB;[SHOSUCA156TM] SHORT PLAYA ESTAMPADO CAB (M, TUCUPIDO);SHOSUCA156TM;CAB;Tucupido;M;SAMBIL VALENCIA;1
2025;DICIEMBRE;SHORT PLAYA KIDS;[SHOUNKI01T10] SHORT PLAYA KIDS (10, Aguamarina - 61275);SHOUNKI01T10;KIDS;Aguamarina;10;SAMBIL CHACAO;1
2025;DICIEMBRE;SHORT PLAYA KIDS;[SHOUNKI13T4] SHORT PLAYA KIDS (4, Azul Rey - 50122);SHOUNKI13T4;KIDS;Azul Rey;4;SAMBIL CHACAO;1
2025;DICIEMBRE;SHORT PLAYA KIDS;[SHOUNKI13T2] SHORT PLAYA KIDS (2, Azul Rey - 50122);SHOUNKI13T2;KIDS;Azul Rey;2;SAMBIL CHACAO;1
2025;DICIEMBRE;SHORT PLAYA KIDS;[SHOUNKI50T4] SHORT PLAYA KIDS (4, Rojo - 3392);SHOUNKI50T4;KIDS;Rojo;4;GRIETA;1
2025;DICIEMBRE;SHORT PLAYA ESTAMPADO CAB;[SHOSUCA156TS] SHORT PLAYA ESTAMPADO CAB (S, TUCUPIDO);SHOSUCA156TS;CAB;Tucupido;S;SAMBIL CHACAO;1
2025;DICIEMBRE;SHORT PLAYA KIDS;[SHOUNKI13T1] SHORT PLAYA KIDS (1, Azul Rey - 50122);SHOUNKI13T1;KIDS;Azul Rey;1;GRIETA;1
2025;DICIEMBRE;SHORT PLAYA KIDS;[SHOUNKI12T1] SHORT PLAYA KIDS (1, Azul Marino - 5102);SHOUNKI12T1;KIDS;Azul Marino;1;GRIETA;1
2025;DICIEMBRE;SHORT PLAYA ESTAMPADO KIDS;[SHOSUKI156T2] SHORT PLAYA ESTAMPADO KIDS (2, TUCUPIDO);SHOSUKI156T2;KIDS;Tucupido;2;SAMBIL CHACAO;1
2025;DICIEMBRE;SHORT PLAYA ESTAMPADO KIDS;[SHOSUKI154T12] SHORT PLAYA ESTAMPADO KIDS (12, SOMBRERO);SHOSUKI154T12;KIDS;Sombrero;12;CERRO VERDE;1
2025;DICIEMBRE;SHORT PLAYA ESTAMPADO KIDS;[SHOSUKI156T12] SHORT PLAYA ESTAMPADO KIDS (12, TUCUPIDO);SHOSUKI156T12;KIDS;Tucupido;12;SAMBIL VALENCIA;1
2025;DICIEMBRE;SHORT PLAYA KIDS;[SHOUNKI29T2] SHORT PLAYA KIDS (2, Gris Azulado - 194316);SHOUNKI29T2;KIDS;Gris Azulado;2;SAMBIL VALENCIA;1
2025;DICIEMBRE;SHORT PLAYA ESTAMPADO KIDS;[SHOSUKI108T14] SHORT PLAYA ESTAMPADO KIDS (14, MADRISQUI);SHOSUKI108T14;KIDS;Madrisqui;14;SAMBIL VALENCIA;1
2025;DICIEMBRE;SHORT PLAYA KIDS;[SHOUNKI33T1] SHORT PLAYA KIDS (1, Kaki - 161105);SHOUNKI33T1;KIDS;Kaki;1;SAMBIL CHACAO;1
2025;DICIEMBRE;SHORT PLAYA ESTAMPADO CAB;[SHOSUCA154T2XL] SHORT PLAYA ESTAMPADO CAB (2XL, SOMBRERO);SHOSUCA154T2XL;CAB;Sombrero;2XL;SAMBIL CHACAO;1
2025;DICIEMBRE;SHORT PLAYA ESTAMPADO KIDS;[SHOSUKI153T14] SHORT PLAYA ESTAMPADO KIDS (14, SAL);SHOSUKI153T14;KIDS;Sal;14;CERRO VERDE;1
2025;DICIEMBRE;SHORT PLAYA KIDS;[SHOUNKI13T12] SHORT PLAYA KIDS (12, Azul Rey - 50122);SHOUNKI13T12;KIDS;Azul Rey;12;CERRO VERDE;1
2025;DICIEMBRE;SHORT PLAYA ESTAMPADO KIDS;[SHOSUKI154T6] SHORT PLAYA ESTAMPADO KIDS (6, SOMBRERO);SHOSUKI154T6;KIDS;Sombrero;6;CERRO VERDE;1
2025;DICIEMBRE;SHORT PLAYA ESTAMPADO KIDS;[SHOSUKI154T2] SHORT PLAYA ESTAMPADO KIDS (2, SOMBRERO);SHOSUKI154T2;KIDS;Sombrero;2;CERRO VERDE;1
2025;DICIEMBRE;SHORT PLAYA ESTAMPADO CAB;[SHOSUCA154TL] SHORT PLAYA ESTAMPADO CAB (L, SOMBRERO);SHOSUCA154TL;CAB;Sombrero;L;CERRO VERDE;2
2025;DICIEMBRE;SHORT PLAYA ESTAMPADO CAB;[SHOSUCA154TS] SHORT PLAYA ESTAMPADO CAB (S, SOMBRERO);SHOSUCA154TS;CAB;Sombrero;S;CERRO VERDE;-1
2025;DICIEMBRE;SHORT PLAYA ESTAMPADO KIDS;[SHOSUKI156T12] SHORT PLAYA ESTAMPADO KIDS (12, TUCUPIDO);SHOSUKI156T12;KIDS;Tucupido;12;SAMBIL VALENCIA;-1
2025;DICIEMBRE;SHORT PLAYA ESTAMPADO KIDS;[SHOSUKI156T14] SHORT PLAYA ESTAMPADO KIDS (14, TUCUPIDO);SHOSUKI156T14;KIDS;Tucupido;14;SAMBIL VALENCIA;1
2025;DICIEMBRE;SHORT PLAYA ESTAMPADO KIDS;[SHOSUKI153T6] SHORT PLAYA ESTAMPADO KIDS (6, SAL);SHOSUKI153T6;KIDS;Sal;6;SAMBIL CHACAO;1
2025;DICIEMBRE;SHORT PLAYA KIDS;[SHOUNKI13T1] SHORT PLAYA KIDS (1, Azul Rey - 50122);SHOUNKI13T1;KIDS;Azul Rey;1;GRIETA;-1
2025;DICIEMBRE;SHORT PLAYA KIDS;[SHOUNKI12T1] SHORT PLAYA KIDS (1, Azul Marino - 5102);SHOUNKI12T1;KIDS;Azul Marino;1;GRIETA;-1
2025;DICIEMBRE;SHORT PLAYA KIDS;[SHOUNKI12T2] SHORT PLAYA KIDS (2, Azul Marino - 5102);SHOUNKI12T2;KIDS;Azul Marino;2;GRIETA;1
2025;DICIEMBRE;SHORT PLAYA KIDS;[SHOUNKI13T2] SHORT PLAYA KIDS (2, Azul Rey - 50122);SHOUNKI13T2;KIDS;Azul Rey;2;GRIETA;1
2025;DICIEMBRE;SHORT PLAYA ESTAMPADO CAB;[SHOSUCA154TXL] SHORT PLAYA ESTAMPADO CAB (XL, SOMBRERO);SHOSUCA154TXL;CAB;Sombrero;XL;SAMBIL CHACAO;1
2025;DICIEMBRE;SHORT PLAYA ESTAMPADO CAB;[SHOSUCA154TM] SHORT PLAYA ESTAMPADO CAB (M, SOMBRERO);SHOSUCA154TM;CAB;Sombrero;M;SAMBIL CHACAO;1
2025;DICIEMBRE;SHORT PLAYA ESTAMPADO CAB;[SHOSUCA154TL] SHORT PLAYA ESTAMPADO CAB (L, SOMBRERO);SHOSUCA154TL;CAB;Sombrero;L;GRIETA;1
2025;DICIEMBRE;SHORT PLAYA ESTAMPADO CAB;[SHOSUCA154TM] SHORT PLAYA ESTAMPADO CAB (M, SOMBRERO);SHOSUCA154TM;CAB;Sombrero;M;SAMBIL VALENCIA;1
2025;DICIEMBRE;SHORT PLAYA KIDS;[SHOUNKI01T6] SHORT PLAYA KIDS (6, Aguamarina - 61275);SHOUNKI01T6;KIDS;Aguamarina;6;SAMBIL VALENCIA;1
2025;DICIEMBRE;SHORT PLAYA ESTAMPADO KIDS;[SHOSUKI154T14] SHORT PLAYA ESTAMPADO KIDS (14, SOMBRERO);SHOSUKI154T14;KIDS;Sombrero;14;CERRO VERDE;1
2025;DICIEMBRE;SHORT PLAYA ESTAMPADO CAB;[SHOSUCA156TM] SHORT PLAYA ESTAMPADO CAB (M, TUCUPIDO);SHOSUCA156TM;CAB;Tucupido;M;CERRO VERDE;1
2025;DICIEMBRE;SHORT PLAYA ESTAMPADO CAB;[SHOSUCA156TL] SHORT PLAYA ESTAMPADO CAB (L, TUCUPIDO);SHOSUCA156TL;CAB;Tucupido;L;SAMBIL CHACAO;1
2025;DICIEMBRE;SHORT PLAYA CAB;[SHOUNCA57TM] SHORT PLAYA CAB (M, Terracota - 161344);SHOUNCA57TM;CAB;Terracota;M;SAMBIL CHACAO;1
2025;DICIEMBRE;SHORT PLAYA ESTAMPADO CAB;[SHOSUCA154TL] SHORT PLAYA ESTAMPADO CAB (L, SOMBRERO);SHOSUCA154TL;CAB;Sombrero;L;SAMBIL CHACAO;1
2025;DICIEMBRE;SHORT PLAYA ESTAMPADO CAB;[SHOSUCA156TS] SHORT PLAYA ESTAMPADO CAB (S, TUCUPIDO);SHOSUCA156TS;CAB;Tucupido;S;SAMBIL CHACAO;1
2025;DICIEMBRE;SHORT PLAYA ESTAMPADO KIDS;[SHOSUKI155T12] SHORT PLAYA ESTAMPADO KIDS (12, PLAYUELA);SHOSUKI155T12;KIDS;Playuela;12;GRIETA;1
2025;DICIEMBRE;SHORT PLAYA ESTAMPADO CAB;[SHOSUCA156TM] SHORT PLAYA ESTAMPADO CAB (M, TUCUPIDO);SHOSUCA156TM;CAB;Tucupido;M;CERRO VERDE;1
2025;DICIEMBRE;SHORT PLAYA ESTAMPADO CAB;[SHOSUCA156T2XL] SHORT PLAYA ESTAMPADO CAB (2XL, TUCUPIDO);SHOSUCA156T2XL;CAB;Tucupido;2XL;GRIETA;1
2025;DICIEMBRE;SHORT PLAYA ESTAMPADO KIDS;[SHOSUKI54T1] SHORT PLAYA ESTAMPADO KIDS (1, ROYAL);SHOSUKI54T1;KIDS;Royal;1;CERRO VERDE;1
2025;DICIEMBRE;SHORT PLAYA ESTAMPADO KIDS;[SHOSUKI154T2] SHORT PLAYA ESTAMPADO KIDS (2, SOMBRERO);SHOSUKI154T2;KIDS;Sombrero;2;CERRO VERDE;1
2025;DICIEMBRE;SHORT PLAYA ESTAMPADO KIDS;[SHOSUKI153T2] SHORT PLAYA ESTAMPADO KIDS (2, SAL);SHOSUKI153T2;KIDS;Sal;2;CERRO VERDE;1
2025;DICIEMBRE;SHORT PLAYA ESTAMPADO KIDS;[SHOSUKI155T2] SHORT PLAYA ESTAMPADO KIDS (2, PLAYUELA);SHOSUKI155T2;KIDS;Playuela;2;CERRO VERDE;1
2025;DICIEMBRE;SHORT PLAYA ESTAMPADO KIDS;[SHOSUKI154T2] SHORT PLAYA ESTAMPADO KIDS (2, SOMBRERO);SHOSUKI154T2;KIDS;Sombrero;2;SAMBIL CHACAO;1
2025;DICIEMBRE;SHORT PLAYA ESTAMPADO CAB;[SHOSUCA154T2XL] SHORT PLAYA ESTAMPADO CAB (2XL, SOMBRERO);SHOSUCA154T2XL;CAB;Sombrero;2XL;SAMBIL CHACAO;1
2025;DICIEMBRE;SHORT PLAYA ESTAMPADO CAB;[SHOSUCA156TM] SHORT PLAYA ESTAMPADO CAB (M, TUCUPIDO);SHOSUCA156TM;CAB;Tucupido;M;GRIETA;1
2025;DICIEMBRE;SHORT PLAYA ESTAMPADO KIDS;[SHOSUKI156T8] SHORT PLAYA ESTAMPADO KIDS (8, TUCUPIDO);SHOSUKI156T8;KIDS;Tucupido;8;GRAND PLAZ;1
2025;DICIEMBRE;SHORT PLAYA KIDS;[SHOUNKI29T10] SHORT PLAYA KIDS (10, Gris Azulado - 194316);SHOUNKI29T10;KIDS;Gris Azulado;10;GRIETA;1
2025;DICIEMBRE;SHORT PLAYA ESTAMPADO KIDS;[SHOSUKI156T8] SHORT PLAYA ESTAMPADO KIDS (8, TUCUPIDO);SHOSUKI156T8;KIDS;Tucupido;8;GRIETA;1
2025;DICIEMBRE;SHORT PLAYA ESTAMPADO KIDS;[SHOSUKI153T10] SHORT PLAYA ESTAMPADO KIDS (10, SAL);SHOSUKI153T10;KIDS;Sal;10;CERRO VERDE;1
2025;DICIEMBRE;SHORT PLAYA ESTAMPADO KIDS;[SHOSUKI154T10] SHORT PLAYA ESTAMPADO KIDS (10, SOMBRERO);SHOSUKI154T10;KIDS;Sombrero;10;CERRO VERDE;1
2025;DICIEMBRE;SHORT PLAYA CAB;[SHOUNCA57TM] SHORT PLAYA CAB (M, Terracota - 161344);SHOUNCA57TM;CAB;Terracota;M;SAMBIL CHACAO;1
2025;DICIEMBRE;SHORT PLAYA ESTAMPADO KIDS;[SHOSUKI156T8] SHORT PLAYA ESTAMPADO KIDS (8, TUCUPIDO);SHOSUKI156T8;KIDS;Tucupido;8;CERRO VERDE;1
2025;DICIEMBRE;SHORT PLAYA ESTAMPADO CAB;[SHOSUCA154TM] SHORT PLAYA ESTAMPADO CAB (M, SOMBRERO);SHOSUCA154TM;CAB;Sombrero;M;SAMBIL CHACAO;1
2025;DICIEMBRE;SHORT PLAYA CAB;[SHOUNCA57TM] SHORT PLAYA CAB (M, Terracota - 161344);SHOUNCA57TM;CAB;Terracota;M;SAMBIL CHACAO;1
2025;DICIEMBRE;SHORT PLAYA ESTAMPADO KIDS;[SHOSUKI153T2] SHORT PLAYA ESTAMPADO KIDS (2, SAL);SHOSUKI153T2;KIDS;Sal;2;SAMBIL CHACAO;1
2025;DICIEMBRE;SHORT PLAYA KIDS;[SHOUNKI68T14] SHORT PLAYA KIDS (14, Verde Oliva - 160421);SHOUNKI68T14;KIDS;Verde Oliva;14;SAMBIL VALENCIA;1
2025;DICIEMBRE;SHORT PLAYA KIDS;[SHOUNKI01T2] SHORT PLAYA KIDS (2, Aguamarina - 61275);SHOUNKI01T2;KIDS;Aguamarina;2;SAMBIL CHACAO;1
2025;DICIEMBRE;SHORT PLAYA ESTAMPADO KIDS;[SHOSUKI153T4] SHORT PLAYA ESTAMPADO KIDS (4, SAL);SHOSUKI153T4;KIDS;Sal;4;CERRO VERDE;1
2025;DICIEMBRE;SHORT PLAYA ESTAMPADO CAB;[SHOSUCA154TM] SHORT PLAYA ESTAMPADO CAB (M, SOMBRERO);SHOSUCA154TM;CAB;Sombrero;M;CERRO VERDE;1
2025;DICIEMBRE;SHORT PLAYA ESTAMPADO CAB;[SHOSUCA153TS] SHORT PLAYA ESTAMPADO CAB (S, SAL);SHOSUCA153TS;CAB;Sal;S;GRIETA;1
2025;DICIEMBRE;SHORT PLAYA KIDS;[SHOUNKI13T8] SHORT PLAYA KIDS (8, Azul Rey - 50122);SHOUNKI13T8;KIDS;Azul Rey;8;SAMBIL CHACAO;1
2025;DICIEMBRE;SHORT PLAYA KIDS;[SHOUNKI29T12] SHORT PLAYA KIDS (12, Gris Azulado - 194316);SHOUNKI29T12;KIDS;Gris Azulado;12;CERRO VERDE;1
2025;DICIEMBRE;SHORT PLAYA ESTAMPADO KIDS;[SHOSUKI155T14] SHORT PLAYA ESTAMPADO KIDS (14, PLAYUELA);SHOSUKI155T14;KIDS;Playuela;14;SAMBIL VALENCIA;1
2025;DICIEMBRE;SHORT PLAYA ESTAMPADO KIDS;[SHOSUKI156T6] SHORT PLAYA ESTAMPADO KIDS (6, TUCUPIDO);SHOSUKI156T6;KIDS;Tucupido;6;GRIETA;1
2025;DICIEMBRE;SHORT PLAYA CAB;[SHOUNCA50T2XL] SHORT PLAYA CAB (2XL, Rojo - 181660);SHOUNCA50T2XL;CAB;Rojo;2XL;CERRO VERDE;1
2025;DICIEMBRE;SHORT PLAYA KIDS;[SHOUNKI33T8] SHORT PLAYA KIDS (8, Kaki - 161105);SHOUNKI33T8;KIDS;Kaki;8;SAMBIL VALENCIA;1
2025;DICIEMBRE;SHORT PLAYA ESTAMPADO CAB;[SHOSUCA154TM] SHORT PLAYA ESTAMPADO CAB (M, SOMBRERO);SHOSUCA154TM;CAB;Sombrero;M;CERRO VERDE;1
2025;DICIEMBRE;SHORT PLAYA CAB;[SHOUNCA68T2XL] SHORT PLAYA CAB (2XL, Verde Oliva - 160421);SHOUNCA68T2XL;CAB;Verde Oliva;2XL;CERRO VERDE;1
2025;DICIEMBRE;SHORT PLAYA ESTAMPADO KIDS;[SHOSUKI153T14] SHORT PLAYA ESTAMPADO KIDS (14, SAL);SHOSUKI153T14;KIDS;Sal;14;SAMBIL CHACAO;1
2025;DICIEMBRE;SHORT PLAYA KIDS;[SHOUNKI33T14] SHORT PLAYA KIDS (14, Kaki - 161105);SHOUNKI33T14;KIDS;Kaki;14;SAMBIL CHACAO;1
2025;DICIEMBRE;SHORT PLAYA ESTAMPADO CAB;[SHOSUCA154TL] SHORT PLAYA ESTAMPADO CAB (L, SOMBRERO);SHOSUCA154TL;CAB;Sombrero;L;SAMBIL VALENCIA;1
2025;DICIEMBRE;SHORT PLAYA ESTAMPADO CAB;[SHOSUCA156TL] SHORT PLAYA ESTAMPADO CAB (L, TUCUPIDO);SHOSUCA156TL;CAB;Tucupido;L;SAMBIL VALENCIA;1
2025;DICIEMBRE;SHORT PLAYA ESTAMPADO KIDS;[SHOSUKI156T12] SHORT PLAYA ESTAMPADO KIDS (12, TUCUPIDO);SHOSUKI156T12;KIDS;Tucupido;12;SAMBIL VALENCIA;1
2025;DICIEMBRE;SHORT PLAYA ESTAMPADO KIDS;[SHOSUKI155T6] SHORT PLAYA ESTAMPADO KIDS (6, PLAYUELA);SHOSUKI155T6;KIDS;Playuela;6;CERRO VERDE;1
2025;DICIEMBRE;SHORT PLAYA KIDS;[SHOUNKI50T10] SHORT PLAYA KIDS (10, Rojo - 3392);SHOUNKI50T10;KIDS;Rojo;10;SAMBIL CHACAO;1
2025;DICIEMBRE;SHORT PLAYA ESTAMPADO KIDS;[SHOSUKI156T12] SHORT PLAYA ESTAMPADO KIDS (12, TUCUPIDO);SHOSUKI156T12;KIDS;Tucupido;12;GRIETA;-1
2025;DICIEMBRE;SHORT PLAYA ESTAMPADO KIDS;[SHOSUKI156T14] SHORT PLAYA ESTAMPADO KIDS (14, TUCUPIDO);SHOSUKI156T14;KIDS;Tucupido;14;GRIETA;1
2025;DICIEMBRE;SHORT PLAYA ESTAMPADO CAB;[SHOSUCA156T2XL] SHORT PLAYA ESTAMPADO CAB (2XL, TUCUPIDO);SHOSUCA156T2XL;CAB;Tucupido;2XL;GRIETA;1
2025;DICIEMBRE;SHORT PLAYA ESTAMPADO KIDS;[SHOSUKI154T12] SHORT PLAYA ESTAMPADO KIDS (12, SOMBRERO);SHOSUKI154T12;KIDS;Sombrero;12;SAMBIL CHACAO;1
2025;DICIEMBRE;SHORT PLAYA ESTAMPADO KIDS;[SHOSUKI154T14] SHORT PLAYA ESTAMPADO KIDS (14, SOMBRERO);SHOSUKI154T14;KIDS;Sombrero;14;SAMBIL CHACAO;1
2025;DICIEMBRE;SHORT PLAYA ESTAMPADO CAB;[SHOSUCA154TL] SHORT PLAYA ESTAMPADO CAB (L, SOMBRERO);SHOSUCA154TL;CAB;Sombrero;L;SAMBIL CHACAO;1
2025;DICIEMBRE;SHORT PLAYA ESTAMPADO CAB;[SHOSUCA154TXL] SHORT PLAYA ESTAMPADO CAB (XL, SOMBRERO);SHOSUCA154TXL;CAB;Sombrero;XL;CERRO VERDE;1
2025;DICIEMBRE;SHORT PLAYA ESTAMPADO CAB;[SHOSUCA156TM] SHORT PLAYA ESTAMPADO CAB (M, TUCUPIDO);SHOSUCA156TM;CAB;Tucupido;M;CERRO VERDE;1
2025;DICIEMBRE;SHORT PLAYA ESTAMPADO CAB;[SHOSUCA156TS] SHORT PLAYA ESTAMPADO CAB (S, TUCUPIDO);SHOSUCA156TS;CAB;Tucupido;S;CERRO VERDE;1
2025;DICIEMBRE;SHORT PLAYA ESTAMPADO KIDS;[SHOSUKI153T2] SHORT PLAYA ESTAMPADO KIDS (2, SAL);SHOSUKI153T2;KIDS;Sal;2;GRIETA;1
2025;DICIEMBRE;SHORT PLAYA ESTAMPADO KIDS;[SHOSUKI154T14] SHORT PLAYA ESTAMPADO KIDS (14, SOMBRERO);SHOSUKI154T14;KIDS;Sombrero;14;GRIETA;1
2025;DICIEMBRE;SHORT PLAYA ESTAMPADO CAB;[SHOSUCA154TS] SHORT PLAYA ESTAMPADO CAB (S, SOMBRERO);SHOSUCA154TS;CAB;Sombrero;S;GRIETA;1
2025;DICIEMBRE;SHORT PLAYA ESTAMPADO CAB;[SHOSUCA154TXL] SHORT PLAYA ESTAMPADO CAB (XL, SOMBRERO);SHOSUCA154TXL;CAB;Sombrero;XL;SAMBIL VALENCIA;1
2025;DICIEMBRE;SHORT PLAYA ESTAMPADO CAB;[SHOSUCA156TS] SHORT PLAYA ESTAMPADO CAB (S, TUCUPIDO);SHOSUCA156TS;CAB;Tucupido;S;GRIETA;1
2025;DICIEMBRE;SHORT PLAYA ESTAMPADO CAB;[SHOSUCA154TL] SHORT PLAYA ESTAMPADO CAB (L, SOMBRERO);SHOSUCA154TL;CAB;Sombrero;L;SAMBIL CHACAO;1
2025;DICIEMBRE;SHORT PLAYA KIDS;[SHOUNKI01T1] SHORT PLAYA KIDS (1, Aguamarina - 61275);SHOUNKI01T1;KIDS;Aguamarina;1;SAMBIL CHACAO;1
2025;DICIEMBRE;SHORT PLAYA ESTAMPADO CAB;[SHOSUCA156TL] SHORT PLAYA ESTAMPADO CAB (L, TUCUPIDO);SHOSUCA156TL;CAB;Tucupido;L;SAMBIL VALENCIA;1
2025;DICIEMBRE;SHORT PLAYA ESTAMPADO KIDS;[SHOSUKI153T12] SHORT PLAYA ESTAMPADO KIDS (12, SAL);SHOSUKI153T12;KIDS;Sal;12;SAMBIL CHACAO;1
2025;DICIEMBRE;SHORT PLAYA KIDS;[SHOUNKI29T12] SHORT PLAYA KIDS (12, Gris Azulado - 194316);SHOUNKI29T12;KIDS;Gris Azulado;12;SAMBIL CHACAO;1
2025;DICIEMBRE;SHORT PLAYA ESTAMPADO CAB;[SHOSUCA156TS] SHORT PLAYA ESTAMPADO CAB (S, TUCUPIDO);SHOSUCA156TS;CAB;Tucupido;S;SAMBIL CHACAO;1
2025;DICIEMBRE;SHORT PLAYA ESTAMPADO KIDS;[SHOSUKI154T6] SHORT PLAYA ESTAMPADO KIDS (6, SOMBRERO);SHOSUKI154T6;KIDS;Sombrero;6;SAMBIL CHACAO;1
2025;DICIEMBRE;SHORT PLAYA ESTAMPADO CAB;[SHOSUCA154TL] SHORT PLAYA ESTAMPADO CAB (L, SOMBRERO);SHOSUCA154TL;CAB;Sombrero;L;SAMBIL CHACAO;1
2025;DICIEMBRE;SHORT PLAYA ESTAMPADO KIDS;[SHOSUKI153T8] SHORT PLAYA ESTAMPADO KIDS (8, SAL);SHOSUKI153T8;KIDS;Sal;8;WEB;1
2025;DICIEMBRE;SHORT PLAYA ESTAMPADO CAB;[SHOSUCA154TM] SHORT PLAYA ESTAMPADO CAB (M, SOMBRERO);SHOSUCA154TM;CAB;Sombrero;M;CERRO VERDE;1
2025;DICIEMBRE;SHORT PLAYA KIDS;[SHOUNKI13T8] SHORT PLAYA KIDS (8, Azul Rey - 50122);SHOUNKI13T8;KIDS;Azul Rey;8;SAMBIL CHACAO;1
2025;DICIEMBRE;SHORT PLAYA ESTAMPADO CAB;[SHOSUCA156TL] SHORT PLAYA ESTAMPADO CAB (L, TUCUPIDO);SHOSUCA156TL;CAB;Tucupido;L;GRIETA;1
2025;DICIEMBRE;SHORT PLAYA ESTAMPADO KIDS;[SHOSUKI154T6] SHORT PLAYA ESTAMPADO KIDS (6, SOMBRERO);SHOSUKI154T6;KIDS;Sombrero;6;GRIETA;1
2025;DICIEMBRE;SHORT PLAYA KIDS;[SHOUNKI33T6] SHORT PLAYA KIDS (6, Kaki - 161105);SHOUNKI33T6;KIDS;Kaki;6;SAMBIL CHACAO;1
2025;DICIEMBRE;SHORT PLAYA KIDS;[SHOUNKI33T14] SHORT PLAYA KIDS (14, Kaki - 161105);SHOUNKI33T14;KIDS;Kaki;14;SAMBIL VALENCIA;1
2025;DICIEMBRE;SHORT PLAYA KIDS;[SHOUNKI12T10] SHORT PLAYA KIDS (10, Azul Marino - 5102);SHOUNKI12T10;KIDS;Azul Marino;10;SAMBIL VALENCIA;1
2025;DICIEMBRE;SHORT PLAYA ESTAMPADO CAB;[SHOSUCA154TL] SHORT PLAYA ESTAMPADO CAB (L, SOMBRERO);SHOSUCA154TL;CAB;Sombrero;L;GRIETA;1
2025;DICIEMBRE;SHORT PLAYA CAB;[SHOUNCA50T2XL] SHORT PLAYA CAB (2XL, Rojo - 181660);SHOUNCA50T2XL;CAB;Rojo;2XL;CERRO VERDE;1
2025;DICIEMBRE;SHORT PLAYA ESTAMPADO CAB;[SHOSUCA156TL] SHORT PLAYA ESTAMPADO CAB (L, TUCUPIDO);SHOSUCA156TL;CAB;Tucupido;L;CERRO VERDE;1
2025;DICIEMBRE;SHORT PLAYA ESTAMPADO CAB;[SHOSUCA154TL] SHORT PLAYA ESTAMPADO CAB (L, SOMBRERO);SHOSUCA154TL;CAB;Sombrero;L;GRIETA;1
2025;DICIEMBRE;SHORT PLAYA KIDS;[SHOUNKI50T14] SHORT PLAYA KIDS (14, Rojo - 3392);SHOUNKI50T14;KIDS;Rojo;14;CERRO VERDE;1
2025;DICIEMBRE;SHORT PLAYA KIDS;[SHOUNKI68T14] SHORT PLAYA KIDS (14, Verde Oliva - 160421);SHOUNKI68T14;KIDS;Verde Oliva;14;CERRO VERDE;1
2025;DICIEMBRE;SHORT PLAYA CAB;[SHOUNCA57T2XL] SHORT PLAYA CAB (2XL, Terracota - 161344);SHOUNCA57T2XL;CAB;Terracota;2XL;SAMBIL VALENCIA;1
2025;DICIEMBRE;SHORT PLAYA CAB;[SHOUNCA50TM] SHORT PLAYA CAB (M, Rojo - 181660);SHOUNCA50TM;CAB;Rojo;M;GRIETA;1
2025;DICIEMBRE;SHORT PLAYA ESTAMPADO KIDS;[SHOSUKI153T12] SHORT PLAYA ESTAMPADO KIDS (12, SAL);SHOSUKI153T12;KIDS;Sal;12;SAMBIL VALENCIA;1
2025;DICIEMBRE;SHORT PLAYA ESTAMPADO KIDS;[SHOSUKI153T6] SHORT PLAYA ESTAMPADO KIDS (6, SAL);SHOSUKI153T6;KIDS;Sal;6;SAMBIL VALENCIA;1
2025;DICIEMBRE;SHORT PLAYA ESTAMPADO CAB;[SHOSUCA154TXL] SHORT PLAYA ESTAMPADO CAB (XL, SOMBRERO);SHOSUCA154TXL;CAB;Sombrero;XL;SAMBIL CHACAO;1
2025;DICIEMBRE;SHORT PLAYA ESTAMPADO KIDS;[SHOSUKI154T4] SHORT PLAYA ESTAMPADO KIDS (4, SOMBRERO);SHOSUKI154T4;KIDS;Sombrero;4;SAMBIL CHACAO;1
2025;DICIEMBRE;SHORT PLAYA KIDS;[SHOUNKI29T4] SHORT PLAYA KIDS (4, Gris Azulado - 194316);SHOUNKI29T4;KIDS;Gris Azulado;4;SAMBIL VALENCIA;1
2025;DICIEMBRE;SHORT PLAYA KIDS;[SHOUNKI01T10] SHORT PLAYA KIDS (10, Aguamarina - 61275);SHOUNKI01T10;KIDS;Aguamarina;10;SAMBIL VALENCIA;1
2025;DICIEMBRE;SHORT PLAYA CAB;[SHOUNCA57T2XL] SHORT PLAYA CAB (2XL, Terracota - 161344);SHOUNCA57T2XL;CAB;Terracota;2XL;GRIETA;1
2025;DICIEMBRE;SHORT PLAYA ESTAMPADO CAB;[SHOSUCA156T2XL] SHORT PLAYA ESTAMPADO CAB (2XL, TUCUPIDO);SHOSUCA156T2XL;CAB;Tucupido;2XL;GRIETA;1
2025;DICIEMBRE;SHORT PLAYA KIDS;[SHOUNKI12T12] SHORT PLAYA KIDS (12, Azul Marino - 5102);SHOUNKI12T12;KIDS;Azul Marino;12;CERRO VERDE;1
2025;DICIEMBRE;SHORT PLAYA KIDS;[SHOUNKI13T2] SHORT PLAYA KIDS (2, Azul Rey - 50122);SHOUNKI13T2;KIDS;Azul Rey;2;SAMBIL CHACAO;1
2025;DICIEMBRE;SHORT PLAYA ESTAMPADO KIDS;[SHOSUKI153T10] SHORT PLAYA ESTAMPADO KIDS (10, SAL);SHOSUKI153T10;KIDS;Sal;10;SAMBIL VALENCIA;1
2025;DICIEMBRE;SHORT PLAYA KIDS;[SHOUNKI23T14] SHORT PLAYA KIDS (14, Coral - 181649);SHOUNKI23T14;KIDS;Coral;14;SAMBIL CHACAO;1
2025;DICIEMBRE;SHORT PLAYA ESTAMPADO KIDS;[SHOSUKI155T14] SHORT PLAYA ESTAMPADO KIDS (14, PLAYUELA);SHOSUKI155T14;KIDS;Playuela;14;SAMBIL CHACAO;1
2025;DICIEMBRE;SHORT PLAYA ESTAMPADO KIDS;[SHOSUKI155T12] SHORT PLAYA ESTAMPADO KIDS (12, PLAYUELA);SHOSUKI155T12;KIDS;Playuela;12;SAMBIL VALENCIA;1
2025;DICIEMBRE;SHORT PLAYA ESTAMPADO CAB;[SHOSUCA154TM] SHORT PLAYA ESTAMPADO CAB (M, SOMBRERO);SHOSUCA154TM;CAB;Sombrero;M;CERRO VERDE;1
2025;DICIEMBRE;SHORT PLAYA ESTAMPADO KIDS;[SHOSUKI154T2] SHORT PLAYA ESTAMPADO KIDS (2, SOMBRERO);SHOSUKI154T2;KIDS;Sombrero;2;GRIETA;1
2025;DICIEMBRE;SHORT PLAYA ESTAMPADO CAB;[SHOSUCA154TM] SHORT PLAYA ESTAMPADO CAB (M, SOMBRERO);SHOSUCA154TM;CAB;Sombrero;M;GRIETA;1
2025;DICIEMBRE;SHORT PLAYA KIDS;[SHOUNKI68T4] SHORT PLAYA KIDS (4, Verde Oliva - 160421);SHOUNKI68T4;KIDS;Verde Oliva;4;CERRO VERDE;1
2025;DICIEMBRE;SHORT PLAYA CAB;[SHOUNCA68T2XL] SHORT PLAYA CAB (2XL, Verde Oliva - 160421);SHOUNCA68T2XL;CAB;Verde Oliva;2XL;CERRO VERDE;1
2025;DICIEMBRE;SHORT PLAYA ESTAMPADO CAB;[SHOSUCA154TS] SHORT PLAYA ESTAMPADO CAB (S, SOMBRERO);SHOSUCA154TS;CAB;Sombrero;S;GRIETA;1
2025;DICIEMBRE;SHORT PLAYA ESTAMPADO KIDS;[SHOSUKI156T14] SHORT PLAYA ESTAMPADO KIDS (14, TUCUPIDO);SHOSUKI156T14;KIDS;Tucupido;14;GRIETA;1
2025;DICIEMBRE;SHORT PLAYA ESTAMPADO CAB;[SHOSUCA156TL] SHORT PLAYA ESTAMPADO CAB (L, TUCUPIDO);SHOSUCA156TL;CAB;Tucupido;L;SAMBIL VALENCIA;1
2025;DICIEMBRE;SHORT PLAYA KIDS;[SHOUNKI50T8] SHORT PLAYA KIDS (8, Rojo - 3392);SHOUNKI50T8;KIDS;Rojo;8;GRIETA;1
2025;DICIEMBRE;SHORT PLAYA KIDS;[SHOUNKI57T2] SHORT PLAYA KIDS (2, Terracota - 161344);SHOUNKI57T2;KIDS;Terracota;2;GRIETA;1
2025;DICIEMBRE;SHORT PLAYA KIDS;[SHOUNKI50T1] SHORT PLAYA KIDS (1, Rojo - 3392);SHOUNKI50T1;KIDS;Rojo;1;GRIETA;1
2025;DICIEMBRE;SHORT PLAYA KIDS;[SHOUNKI50T14] SHORT PLAYA KIDS (14, Rojo - 3392);SHOUNKI50T14;KIDS;Rojo;14;SAMBIL VALENCIA;1
2025;DICIEMBRE;SHORT PLAYA ESTAMPADO CAB;[SHOSUCA156TL] SHORT PLAYA ESTAMPADO CAB (L, TUCUPIDO);SHOSUCA156TL;CAB;Tucupido;L;GRAND PLAZ;1
2025;DICIEMBRE;SHORT PLAYA CAB;[SHOUNCA57TM] SHORT PLAYA CAB (M, Terracota - 161344);SHOUNCA57TM;CAB;Terracota;M;SAMBIL CHACAO;1
2025;DICIEMBRE;SHORT PLAYA ESTAMPADO KIDS;[SHOSUKI156T1] SHORT PLAYA ESTAMPADO KIDS (1, TUCUPIDO);SHOSUKI156T1;KIDS;Tucupido;1;GRAND PLAZ;1
2025;DICIEMBRE;SHORT PLAYA ESTAMPADO CAB;[SHOSUCA156TM] SHORT PLAYA ESTAMPADO CAB (M, TUCUPIDO);SHOSUCA156TM;CAB;Tucupido;M;SAMBIL CHACAO;1
2025;DICIEMBRE;SHORT PLAYA ESTAMPADO KIDS;[SHOSUKI109T6] SHORT PLAYA ESTAMPADO KIDS (6, NAVY);SHOSUKI109T6;KIDS;Navy;6;CERRO VERDE;1
2025;DICIEMBRE;SHORT PLAYA ESTAMPADO KIDS;[SHOSUKI154T6] SHORT PLAYA ESTAMPADO KIDS (6, SOMBRERO);SHOSUKI154T6;KIDS;Sombrero;6;CERRO VERDE;1
2025;DICIEMBRE;SHORT PLAYA KIDS;[SHOUNKI57T6] SHORT PLAYA KIDS (6, Terracota - 161344);SHOUNKI57T6;KIDS;Terracota;6;CERRO VERDE;1
2025;DICIEMBRE;SHORT PLAYA ESTAMPADO KIDS;[SHOSUKI154T8] SHORT PLAYA ESTAMPADO KIDS (8, SOMBRERO);SHOSUKI154T8;KIDS;Sombrero;8;SAMBIL VALENCIA;1
2025;DICIEMBRE;SHORT PLAYA KIDS;[SHOUNKI01T8] SHORT PLAYA KIDS (8, Aguamarina - 61275);SHOUNKI01T8;KIDS;Aguamarina;8;SAMBIL VALENCIA;1
2025;DICIEMBRE;SHORT PLAYA ESTAMPADO KIDS;[SHOSUKI156T12] SHORT PLAYA ESTAMPADO KIDS (12, TUCUPIDO);SHOSUKI156T12;KIDS;Tucupido;12;GRIETA;1
2025;DICIEMBRE;SHORT PLAYA KIDS;[SHOUNKI33T14] SHORT PLAYA KIDS (14, Kaki - 161105);SHOUNKI33T14;KIDS;Kaki;14;CERRO VERDE;1
2025;DICIEMBRE;SHORT PLAYA ESTAMPADO KIDS;[SHOSUKI155T10] SHORT PLAYA ESTAMPADO KIDS (10, PLAYUELA);SHOSUKI155T10;KIDS;Playuela;10;SAMBIL CHACAO;1
2025;DICIEMBRE;SHORT PLAYA KIDS;[SHOUNKI68T14] SHORT PLAYA KIDS (14, Verde Oliva - 160421);SHOUNKI68T14;KIDS;Verde Oliva;14;GRIETA;1
2025;DICIEMBRE;SHORT PLAYA CAB;[SHOUNCA50T2XL] SHORT PLAYA CAB (2XL, Rojo - 181660);SHOUNCA50T2XL;CAB;Rojo;2XL;CERRO VERDE;-1
2025;DICIEMBRE;SHORT PLAYA ESTAMPADO CAB;[SHOSUCA154TL] SHORT PLAYA ESTAMPADO CAB (L, SOMBRERO);SHOSUCA154TL;CAB;Sombrero;L;CERRO VERDE;1
2025;DICIEMBRE;SHORT PLAYA ESTAMPADO CAB;[SHOSUCA154TL] SHORT PLAYA ESTAMPADO CAB (L, SOMBRERO);SHOSUCA154TL;CAB;Sombrero;L;GRIETA;1
2025;DICIEMBRE;SHORT PLAYA ESTAMPADO CAB;[SHOSUCA154TM] SHORT PLAYA ESTAMPADO CAB (M, SOMBRERO);SHOSUCA154TM;CAB;Sombrero;M;SAMBIL VALENCIA;1
2025;DICIEMBRE;SHORT PLAYA ESTAMPADO KIDS;[SHOSUKI155T14] SHORT PLAYA ESTAMPADO KIDS (14, PLAYUELA);SHOSUKI155T14;KIDS;Playuela;14;GRIETA;1
2025;DICIEMBRE;SHORT PLAYA ESTAMPADO CAB;[SHOSUCA154TXL] SHORT PLAYA ESTAMPADO CAB (XL, SOMBRERO);SHOSUCA154TXL;CAB;Sombrero;XL;CERRO VERDE;-1
2025;DICIEMBRE;SHORT PLAYA ESTAMPADO CAB;[SHOSUCA154T2XL] SHORT PLAYA ESTAMPADO CAB (2XL, SOMBRERO);SHOSUCA154T2XL;CAB;Sombrero;2XL;CERRO VERDE;1
2025;DICIEMBRE;SHORT PLAYA ESTAMPADO CAB;[SHOSUCA154TS] SHORT PLAYA ESTAMPADO CAB (S, SOMBRERO);SHOSUCA154TS;CAB;Sombrero;S;CERRO VERDE;1
2025;DICIEMBRE;SHORT PLAYA ESTAMPADO CAB;[SHOSUCA154T2XL] SHORT PLAYA ESTAMPADO CAB (2XL, SOMBRERO);SHOSUCA154T2XL;CAB;Sombrero;2XL;CERRO VERDE;1
2025;DICIEMBRE;SHORT PLAYA ESTAMPADO KIDS;[SHOSUKI154T4] SHORT PLAYA ESTAMPADO KIDS (4, SOMBRERO);SHOSUKI154T4;KIDS;Sombrero;4;CERRO VERDE;1
2025;DICIEMBRE;SHORT PLAYA ESTAMPADO CAB;[SHOSUCA156TM] SHORT PLAYA ESTAMPADO CAB (M, TUCUPIDO);SHOSUCA156TM;CAB;Tucupido;M;SAMBIL CHACAO;1
2025;DICIEMBRE;SHORT PLAYA ESTAMPADO KIDS;[SHOSUKI156T2] SHORT PLAYA ESTAMPADO KIDS (2, TUCUPIDO);SHOSUKI156T2;KIDS;Tucupido;2;SAMBIL CHACAO;1
2025;DICIEMBRE;SHORT PLAYA ESTAMPADO CAB;[SHOSUCA154TL] SHORT PLAYA ESTAMPADO CAB (L, SOMBRERO);SHOSUCA154TL;CAB;Sombrero;L;GRIETA;1
2025;DICIEMBRE;SHORT PLAYA KIDS;[SHOUNKI01T6] SHORT PLAYA KIDS (6, Aguamarina - 61275);SHOUNKI01T6;KIDS;Aguamarina;6;CERRO VERDE;1
2025;DICIEMBRE;SHORT PLAYA ESTAMPADO CAB;[SHOSUCA154TM] SHORT PLAYA ESTAMPADO CAB (M, SOMBRERO);SHOSUCA154TM;CAB;Sombrero;M;GRIETA;1
2025;DICIEMBRE;SHORT PLAYA KIDS;[SHOUNKI68T14] SHORT PLAYA KIDS (14, Verde Oliva - 160421);SHOUNKI68T14;KIDS;Verde Oliva;14;GRIETA;1
2025;DICIEMBRE;SHORT PLAYA KIDS;[SHOUNKI33T12] SHORT PLAYA KIDS (12, Kaki - 161105);SHOUNKI33T12;KIDS;Kaki;12;GRIETA;1
2025;DICIEMBRE;SHORT PLAYA KIDS;[SHOUNKI68T4] SHORT PLAYA KIDS (4, Verde Oliva - 160421);SHOUNKI68T4;KIDS;Verde Oliva;4;GRIETA;1
2025;DICIEMBRE;SHORT PLAYA ESTAMPADO CAB;[SHOSUCA154T2XL] SHORT PLAYA ESTAMPADO CAB (2XL, SOMBRERO);SHOSUCA154T2XL;CAB;Sombrero;2XL;SAMBIL VALENCIA;1
2025;DICIEMBRE;SHORT PLAYA KIDS;[SHOUNKI50T12] SHORT PLAYA KIDS (12, Rojo - 3392);SHOUNKI50T12;KIDS;Rojo;12;CERRO VERDE;1
2025;DICIEMBRE;SHORT PLAYA KIDS;[SHOUNKI33T12] SHORT PLAYA KIDS (12, Kaki - 161105);SHOUNKI33T12;KIDS;Kaki;12;CERRO VERDE;1
2025;DICIEMBRE;SHORT PLAYA CAB;[SHOUNCA57T2XL] SHORT PLAYA CAB (2XL, Terracota - 161344);SHOUNCA57T2XL;CAB;Terracota;2XL;CERRO VERDE;1
2025;DICIEMBRE;SHORT PLAYA ESTAMPADO KIDS;[SHOSUKI155T14] SHORT PLAYA ESTAMPADO KIDS (14, PLAYUELA);SHOSUKI155T14;KIDS;Playuela;14;GRIETA;1
2025;DICIEMBRE;SHORT PLAYA CAB;[SHOUNCA57T2XL] SHORT PLAYA CAB (2XL, Terracota - 161344);SHOUNCA57T2XL;CAB;Terracota;2XL;SAMBIL VALENCIA;1
2025;DICIEMBRE;SHORT PLAYA KIDS;[SHOUNKI01T12] SHORT PLAYA KIDS (12, Aguamarina - 61275);SHOUNKI01T12;KIDS;Aguamarina;12;GRIETA;1
2025;DICIEMBRE;SHORT PLAYA KIDS;[SHOUNKI33T10] SHORT PLAYA KIDS (10, Kaki - 161105);SHOUNKI33T10;KIDS;Kaki;10;CERRO VERDE;1
2025;DICIEMBRE;SHORT PLAYA ESTAMPADO KIDS;[SHOSUKI154T12] SHORT PLAYA ESTAMPADO KIDS (12, SOMBRERO);SHOSUKI154T12;KIDS;Sombrero;12;SAMBIL CHACAO;1
2025;DICIEMBRE;SHORT PLAYA KIDS;[SHOUNKI01T4] SHORT PLAYA KIDS (4, Aguamarina - 61275);SHOUNKI01T4;KIDS;Aguamarina;4;SAMBIL CHACAO;1
2025;DICIEMBRE;SHORT PLAYA ESTAMPADO CAB;[SHOSUCA154TXL] SHORT PLAYA ESTAMPADO CAB (XL, SOMBRERO);SHOSUCA154TXL;CAB;Sombrero;XL;CERRO VERDE;1
2025;DICIEMBRE;SHORT PLAYA ESTAMPADO CAB;[SHOSUCA154TM] SHORT PLAYA ESTAMPADO CAB (M, SOMBRERO);SHOSUCA154TM;CAB;Sombrero;M;SAMBIL CHACAO;1
2025;DICIEMBRE;SHORT PLAYA ESTAMPADO CAB;[SHOSUCA154TL] SHORT PLAYA ESTAMPADO CAB (L, SOMBRERO);SHOSUCA154TL;CAB;Sombrero;L;GRIETA;-1
2025;DICIEMBRE;SHORT PLAYA ESTAMPADO CAB;[SHOSUCA154T2XL] SHORT PLAYA ESTAMPADO CAB (2XL, SOMBRERO);SHOSUCA154T2XL;CAB;Sombrero;2XL;GRIETA;1
2025;DICIEMBRE;SHORT PLAYA ESTAMPADO KIDS;[SHOSUKI156T8] SHORT PLAYA ESTAMPADO KIDS (8, TUCUPIDO);SHOSUKI156T8;KIDS;Tucupido;8;GRIETA;1
2025;DICIEMBRE;SHORT PLAYA ESTAMPADO KIDS;[SHOSUKI153T8] SHORT PLAYA ESTAMPADO KIDS (8, SAL);SHOSUKI153T8;KIDS;Sal;8;GRIETA;1
2025;DICIEMBRE;SHORT PLAYA ESTAMPADO KIDS;[SHOSUKI153T6] SHORT PLAYA ESTAMPADO KIDS (6, SAL);SHOSUKI153T6;KIDS;Sal;6;GRIETA;1
2025;DICIEMBRE;SHORT PLAYA ESTAMPADO CAB;[SHOSUCA156TS] SHORT PLAYA ESTAMPADO CAB (S, TUCUPIDO);SHOSUCA156TS;CAB;Tucupido;S;GRIETA;1
2025;DICIEMBRE;SHORT PLAYA KIDS;[SHOUNKI01T8] SHORT PLAYA KIDS (8, Aguamarina - 61275);SHOUNKI01T8;KIDS;Aguamarina;8;GRIETA;1
2025;DICIEMBRE;SHORT PLAYA ESTAMPADO KIDS;[SHOSUKI154T1] SHORT PLAYA ESTAMPADO KIDS (1, SOMBRERO);SHOSUKI154T1;KIDS;Sombrero;1;CERRO VERDE;1
2025;DICIEMBRE;SHORT PLAYA KIDS;[SHOUNKI50T4] SHORT PLAYA KIDS (4, Rojo - 3392);SHOUNKI50T4;KIDS;Rojo;4;SAMBIL VALENCIA;-1
2025;DICIEMBRE;SHORT PLAYA ESTAMPADO KIDS;[SHOSUKI155T12] SHORT PLAYA ESTAMPADO KIDS (12, PLAYUELA);SHOSUKI155T12;KIDS;Playuela;12;SAMBIL CHACAO;1
2025;DICIEMBRE;SHORT PLAYA ESTAMPADO KIDS;[SHOSUKI108T14] SHORT PLAYA ESTAMPADO KIDS (14, MADRISQUI);SHOSUKI108T14;KIDS;Madrisqui;14;SAMBIL VALENCIA;1
2025;DICIEMBRE;SHORT PLAYA ESTAMPADO KIDS;[SHOSUKI154T14] SHORT PLAYA ESTAMPADO KIDS (14, SOMBRERO);SHOSUKI154T14;KIDS;Sombrero;14;SAMBIL VALENCIA;1
2025;DICIEMBRE;SHORT PLAYA KIDS;[SHOUNKI68T2] SHORT PLAYA KIDS (2, Verde Oliva - 160421);SHOUNKI68T2;KIDS;Verde Oliva;2;SAMBIL VALENCIA;1
2025;DICIEMBRE;SHORT PLAYA KIDS;[SHOUNKI50T8] SHORT PLAYA KIDS (8, Rojo - 3392);SHOUNKI50T8;KIDS;Rojo;8;CERRO VERDE;1
2025;DICIEMBRE;SHORT PLAYA KIDS;[SHOUNKI01T8] SHORT PLAYA KIDS (8, Aguamarina - 61275);SHOUNKI01T8;KIDS;Aguamarina;8;CERRO VERDE;1
2025;DICIEMBRE;SHORT PLAYA KIDS;[SHOUNKI01T14] SHORT PLAYA KIDS (14, Aguamarina - 61275);SHOUNKI01T14;KIDS;Aguamarina;14;CERRO VERDE;1
2025;DICIEMBRE;SHORT PLAYA ESTAMPADO CAB;[SHOSUCA154TL] SHORT PLAYA ESTAMPADO CAB (L, SOMBRERO);SHOSUCA154TL;CAB;Sombrero;L;GRIETA;1
2025;DICIEMBRE;SHORT PLAYA ESTAMPADO KIDS;[SHOSUKI153T14] SHORT PLAYA ESTAMPADO KIDS (14, SAL);SHOSUKI153T14;KIDS;Sal;14;SAMBIL VALENCIA;1
2025;DICIEMBRE;SHORT PLAYA KIDS;[SHOUNKI50T6] SHORT PLAYA KIDS (6, Rojo - 3392);SHOUNKI50T6;KIDS;Rojo;6;SAMBIL VALENCIA;1
2025;DICIEMBRE;SHORT PLAYA KIDS;[SHOUNKI29T8] SHORT PLAYA KIDS (8, Gris Azulado - 194316);SHOUNKI29T8;KIDS;Gris Azulado;8;CERRO VERDE;1
2025;DICIEMBRE;SHORT PLAYA KIDS;[SHOUNKI68T4] SHORT PLAYA KIDS (4, Verde Oliva - 160421);SHOUNKI68T4;KIDS;Verde Oliva;4;CERRO VERDE;1
2025;DICIEMBRE;SHORT PLAYA KIDS;[SHOUNKI29T1] SHORT PLAYA KIDS (1, Gris Azulado - 194316);SHOUNKI29T1;KIDS;Gris Azulado;1;CERRO VERDE;1
2025;DICIEMBRE;SHORT PLAYA ESTAMPADO KIDS;[SHOSUKI153T14] SHORT PLAYA ESTAMPADO KIDS (14, SAL);SHOSUKI153T14;KIDS;Sal;14;GRIETA;1
2025;DICIEMBRE;SHORT PLAYA KIDS;[SHOUNKI50T14] SHORT PLAYA KIDS (14, Rojo - 3392);SHOUNKI50T14;KIDS;Rojo;14;GRIETA;1
2025;DICIEMBRE;SHORT PLAYA CAB;[SHOUNCA12TM] SHORT PLAYA CAB (M, Azul Marino - 193933);SHOUNCA12TM;CAB;Azul Marino;M;GRIETA;1
2025;DICIEMBRE;SHORT PLAYA ESTAMPADO KIDS;[SHOSUKI154T12] SHORT PLAYA ESTAMPADO KIDS (12, SOMBRERO);SHOSUKI154T12;KIDS;Sombrero;12;GRAND PLAZ;-1
2025;DICIEMBRE;SHORT PLAYA ESTAMPADO KIDS;[SHOSUKI154T14] SHORT PLAYA ESTAMPADO KIDS (14, SOMBRERO);SHOSUKI154T14;KIDS;Sombrero;14;GRAND PLAZ;1
2025;DICIEMBRE;SHORT PLAYA KIDS;[SHOUNKI01T14] SHORT PLAYA KIDS (14, Aguamarina - 61275);SHOUNKI01T14;KIDS;Aguamarina;14;GRIETA;1
2025;DICIEMBRE;SHORT PLAYA ESTAMPADO KIDS;[SHOSUKI153T14] SHORT PLAYA ESTAMPADO KIDS (14, SAL);SHOSUKI153T14;KIDS;Sal;14;GRIETA;1
2025;DICIEMBRE;SHORT PLAYA CAB;[SHOUNCA57TS] SHORT PLAYA CAB (S, Terracota - 161344);SHOUNCA57TS;CAB;Terracota;S;SAMBIL CHACAO;1
2025;DICIEMBRE;SHORT PLAYA ESTAMPADO CAB;[SHOSUCA154TM] SHORT PLAYA ESTAMPADO CAB (M, SOMBRERO);SHOSUCA154TM;CAB;Sombrero;M;SAMBIL CHACAO;1
2025;DICIEMBRE;SHORT PLAYA KIDS;[SHOUNKI68T8] SHORT PLAYA KIDS (8, Verde Oliva - 160421);SHOUNKI68T8;KIDS;Verde Oliva;8;SAMBIL VALENCIA;1
2025;DICIEMBRE;SHORT PLAYA KIDS;[SHOUNKI68T14] SHORT PLAYA KIDS (14, Verde Oliva - 160421);SHOUNKI68T14;KIDS;Verde Oliva;14;SAMBIL VALENCIA;1
2025;DICIEMBRE;SHORT PLAYA ESTAMPADO KIDS;[SHOSUKI153T4] SHORT PLAYA ESTAMPADO KIDS (4, SAL);SHOSUKI153T4;KIDS;Sal;4;GRIETA;1
2025;DICIEMBRE;SHORT PLAYA ESTAMPADO KIDS;[SHOSUKI153T10] SHORT PLAYA ESTAMPADO KIDS (10, SAL);SHOSUKI153T10;KIDS;Sal;10;SAMBIL CHACAO;1
2025;DICIEMBRE;SHORT PLAYA KIDS;[SHOUNKI29T8] SHORT PLAYA KIDS (8, Gris Azulado - 194316);SHOUNKI29T8;KIDS;Gris Azulado;8;SAMBIL VALENCIA;1
2025;DICIEMBRE;SHORT PLAYA KIDS;[SHOUNKI57T8] SHORT PLAYA KIDS (8, Terracota - 161344);SHOUNKI57T8;KIDS;Terracota;8;CERRO VERDE;1
2025;DICIEMBRE;SHORT PLAYA KIDS;[SHOUNKI57T6] SHORT PLAYA KIDS (6, Terracota - 161344);SHOUNKI57T6;KIDS;Terracota;6;CERRO VERDE;1
2025;DICIEMBRE;SHORT PLAYA KIDS;[SHOUNKI57T2] SHORT PLAYA KIDS (2, Terracota - 161344);SHOUNKI57T2;KIDS;Terracota;2;CERRO VERDE;1
2025;DICIEMBRE;SHORT PLAYA ESTAMPADO KIDS;[SHOSUKI155T8] SHORT PLAYA ESTAMPADO KIDS (8, PLAYUELA);SHOSUKI155T8;KIDS;Playuela;8;SAMBIL VALENCIA;1
2025;DICIEMBRE;SHORT PLAYA KIDS;[SHOUNKI50T8] SHORT PLAYA KIDS (8, Rojo - 3392);SHOUNKI50T8;KIDS;Rojo;8;SAMBIL VALENCIA;1
2025;DICIEMBRE;SHORT PLAYA ESTAMPADO KIDS;[SHOSUKI156T10] SHORT PLAYA ESTAMPADO KIDS (10, TUCUPIDO);SHOSUKI156T10;KIDS;Tucupido;10;SAMBIL VALENCIA;1
2025;DICIEMBRE;SHORT PLAYA ESTAMPADO CAB;[SHOSUCA154TM] SHORT PLAYA ESTAMPADO CAB (M, SOMBRERO);SHOSUCA154TM;CAB;Sombrero;M;SAMBIL VALENCIA;1
2025;DICIEMBRE;SHORT PLAYA ESTAMPADO KIDS;[SHOSUKI156T6] SHORT PLAYA ESTAMPADO KIDS (6, TUCUPIDO);SHOSUKI156T6;KIDS;Tucupido;6;GRIETA;1
2025;DICIEMBRE;SHORT PLAYA ESTAMPADO CAB;[SHOSUCA153TS] SHORT PLAYA ESTAMPADO CAB (S, SAL);SHOSUCA153TS;CAB;Sal;S;CERRO VERDE;1
2025;DICIEMBRE;SHORT PLAYA KIDS;[SHOUNKI01T14] SHORT PLAYA KIDS (14, Aguamarina - 61275);SHOUNKI01T14;KIDS;Aguamarina;14;CERRO VERDE;1
2025;DICIEMBRE;SHORT PLAYA ESTAMPADO CAB;[SHOSUCA156TL] SHORT PLAYA ESTAMPADO CAB (L, TUCUPIDO);SHOSUCA156TL;CAB;Tucupido;L;CERRO VERDE;1
2025;DICIEMBRE;SHORT PLAYA KIDS;[SHOUNKI33T12] SHORT PLAYA KIDS (12, Kaki - 161105);SHOUNKI33T12;KIDS;Kaki;12;CERRO VERDE;1
2025;DICIEMBRE;SHORT PLAYA KIDS;[SHOUNKI57T14] SHORT PLAYA KIDS (14, Terracota - 161344);SHOUNKI57T14;KIDS;Terracota;14;CERRO VERDE;1
2025;DICIEMBRE;SHORT PLAYA ESTAMPADO KIDS;[SHOSUKI153T14] SHORT PLAYA ESTAMPADO KIDS (14, SAL);SHOSUKI153T14;KIDS;Sal;14;CERRO VERDE;1
2025;DICIEMBRE;SHORT PLAYA KIDS;[SHOUNKI12T14] SHORT PLAYA KIDS (14, Azul Marino - 5102);SHOUNKI12T14;KIDS;Azul Marino;14;CERRO VERDE;1
2025;DICIEMBRE;SHORT PLAYA ESTAMPADO KIDS;[SHOSUKI156T2] SHORT PLAYA ESTAMPADO KIDS (2, TUCUPIDO);SHOSUKI156T2;KIDS;Tucupido;2;GRAND PLAZ;1
2025;DICIEMBRE;SHORT PLAYA KIDS;[SHOUNKI13T10] SHORT PLAYA KIDS (10, Azul Rey - 50122);SHOUNKI13T10;KIDS;Azul Rey;10;SAMBIL VALENCIA;1
2025;DICIEMBRE;SHORT PLAYA ESTAMPADO KIDS;[SHOSUKI153T6] SHORT PLAYA ESTAMPADO KIDS (6, SAL);SHOSUKI153T6;KIDS;Sal;6;GRIETA;1
2025;DICIEMBRE;SHORT PLAYA ESTAMPADO KIDS;[SHOSUKI155T6] SHORT PLAYA ESTAMPADO KIDS (6, PLAYUELA);SHOSUKI155T6;KIDS;Playuela;6;GRIETA;1
2025;DICIEMBRE;SHORT PLAYA ESTAMPADO KIDS;[SHOSUKI154T6] SHORT PLAYA ESTAMPADO KIDS (6, SOMBRERO);SHOSUKI154T6;KIDS;Sombrero;6;GRIETA;-1
2025;DICIEMBRE;SHORT PLAYA ESTAMPADO KIDS;[SHOSUKI154T4] SHORT PLAYA ESTAMPADO KIDS (4, SOMBRERO);SHOSUKI154T4;KIDS;Sombrero;4;GRIETA;1
2025;DICIEMBRE;SHORT PLAYA KIDS;[SHOUNKI57T14] SHORT PLAYA KIDS (14, Terracota - 161344);SHOUNKI57T14;KIDS;Terracota;14;CERRO VERDE;-1
2025;DICIEMBRE;SHORT PLAYA ESTAMPADO CAB;[SHOSUCA156TS] SHORT PLAYA ESTAMPADO CAB (S, TUCUPIDO);SHOSUCA156TS;CAB;Tucupido;S;CERRO VERDE;1
2025;DICIEMBRE;SHORT PLAYA ESTAMPADO KIDS;[SHOSUKI156T12] SHORT PLAYA ESTAMPADO KIDS (12, TUCUPIDO);SHOSUKI156T12;KIDS;Tucupido;12;GRIETA;1
2025;DICIEMBRE;SHORT PLAYA KIDS;[SHOUNKI57T1] SHORT PLAYA KIDS (1, Terracota - 161344);SHOUNKI57T1;KIDS;Terracota;1;SAMBIL VALENCIA;2
2025;DICIEMBRE;SHORT PLAYA KIDS;[SHOUNKI68T8] SHORT PLAYA KIDS (8, Verde Oliva - 160421);SHOUNKI68T8;KIDS;Verde Oliva;8;SAMBIL CHACAO;1
2025;DICIEMBRE;SHORT PLAYA KIDS;[SHOUNKI50T8] SHORT PLAYA KIDS (8, Rojo - 3392);SHOUNKI50T8;KIDS;Rojo;8;SAMBIL CHACAO;1
2025;DICIEMBRE;SHORT PLAYA ESTAMPADO KIDS;[SHOSUKI155T6] SHORT PLAYA ESTAMPADO KIDS (6, PLAYUELA);SHOSUKI155T6;KIDS;Playuela;6;SAMBIL CHACAO;1
2025;DICIEMBRE;SHORT PLAYA KIDS;[SHOUNKI50T10] SHORT PLAYA KIDS (10, Rojo - 3392);SHOUNKI50T10;KIDS;Rojo;10;GRIETA;1
2025;DICIEMBRE;SHORT PLAYA KIDS;[SHOUNKI50T14] SHORT PLAYA KIDS (14, Rojo - 3392);SHOUNKI50T14;KIDS;Rojo;14;GRIETA;1
2025;DICIEMBRE;SHORT PLAYA ESTAMPADO CAB;[SHOSUCA154T2XL] SHORT PLAYA ESTAMPADO CAB (2XL, SOMBRERO);SHOSUCA154T2XL;CAB;Sombrero;2XL;GRIETA;1
2025;DICIEMBRE;SHORT PLAYA KIDS;[SHOUNKI50T10] SHORT PLAYA KIDS (10, Rojo - 3392);SHOUNKI50T10;KIDS;Rojo;10;CERRO VERDE;1
2025;DICIEMBRE;SHORT PLAYA KIDS;[SHOUNKI29T10] SHORT PLAYA KIDS (10, Gris Azulado - 194316);SHOUNKI29T10;KIDS;Gris Azulado;10;SAMBIL VALENCIA;1
2025;DICIEMBRE;SHORT PLAYA KIDS;[SHOUNKI12T8] SHORT PLAYA KIDS (8, Azul Marino - 5102);SHOUNKI12T8;KIDS;Azul Marino;8;SAMBIL CHACAO;1
2025;DICIEMBRE;SHORT PLAYA KIDS;[SHOUNKI12T4] SHORT PLAYA KIDS (4, Azul Marino - 5102);SHOUNKI12T4;KIDS;Azul Marino;4;SAMBIL CHACAO;1
2025;DICIEMBRE;SHORT PLAYA CAB;[SHOUNCA50T2XL] SHORT PLAYA CAB (2XL, Rojo - 181660);SHOUNCA50T2XL;CAB;Rojo;2XL;CERRO VERDE;1
2025;DICIEMBRE;SHORT PLAYA KIDS;[SHOUNKI50T8] SHORT PLAYA KIDS (8, Rojo - 3392);SHOUNKI50T8;KIDS;Rojo;8;CERRO VERDE;1
2025;DICIEMBRE;SHORT PLAYA KIDS;[SHOUNKI50T4] SHORT PLAYA KIDS (4, Rojo - 3392);SHOUNKI50T4;KIDS;Rojo;4;CERRO VERDE;1
2025;DICIEMBRE;SHORT PLAYA KIDS;[SHOUNKI29T6] SHORT PLAYA KIDS (6, Gris Azulado - 194316);SHOUNKI29T6;KIDS;Gris Azulado;6;SAMBIL CHACAO;1
2025;DICIEMBRE;SHORT PLAYA ESTAMPADO KIDS;[SHOSUKI155T8] SHORT PLAYA ESTAMPADO KIDS (8, PLAYUELA);SHOSUKI155T8;KIDS;Playuela;8;SAMBIL CHACAO;1
2025;DICIEMBRE;SHORT PLAYA KIDS;[SHOUNKI23T8] SHORT PLAYA KIDS (8, Coral - 181649);SHOUNKI23T8;KIDS;Coral;8;SAMBIL CHACAO;1
2025;DICIEMBRE;SHORT PLAYA ESTAMPADO CAB;[SHOSUCA156TL] SHORT PLAYA ESTAMPADO CAB (L, TUCUPIDO);SHOSUCA156TL;CAB;Tucupido;L;CERRO VERDE;1
2025;DICIEMBRE;SHORT PLAYA KIDS;[SHOUNKI12T6] SHORT PLAYA KIDS (6, Azul Marino - 5102);SHOUNKI12T6;KIDS;Azul Marino;6;SAMBIL VALENCIA;1
2025;DICIEMBRE;SHORT PLAYA ESTAMPADO CAB;[SHOSUCA154TS] SHORT PLAYA ESTAMPADO CAB (S, SOMBRERO);SHOSUCA154TS;CAB;Sombrero;S;SAMBIL CHACAO;1
2025;DICIEMBRE;SHORT PLAYA KIDS;[SHOUNKI13T12] SHORT PLAYA KIDS (12, Azul Rey - 50122);SHOUNKI13T12;KIDS;Azul Rey;12;GRIETA;1
2025;DICIEMBRE;SHORT PLAYA KIDS;[SHOUNKI01T12] SHORT PLAYA KIDS (12, Aguamarina - 61275);SHOUNKI01T12;KIDS;Aguamarina;12;GRIETA;1
2025;DICIEMBRE;SHORT PLAYA CAB;[SHOUNCA50TXL] SHORT PLAYA CAB (XL, Rojo - 181660);SHOUNCA50TXL;CAB;Rojo;XL;WEB;1
2025;DICIEMBRE;SHORT PLAYA CAB;[SHOUNCA01TXL] SHORT PLAYA CAB (XL, Aguamarina - 135313);SHOUNCA01TXL;CAB;Aguamarina;XL;WEB;1
2025;DICIEMBRE;SHORT PLAYA CAB;[SHOUNCA12TL] SHORT PLAYA CAB (L, Azul Marino - 193933);SHOUNCA12TL;CAB;Azul Marino;L;WEB;1
2025;DICIEMBRE;SHORT PLAYA KIDS;[SHOUNKI68T4] SHORT PLAYA KIDS (4, Verde Oliva - 160421);SHOUNKI68T4;KIDS;Verde Oliva;4;GRIETA;-1
2025;DICIEMBRE;SHORT PLAYA KIDS;[SHOUNKI68T2] SHORT PLAYA KIDS (2, Verde Oliva - 160421);SHOUNKI68T2;KIDS;Verde Oliva;2;GRIETA;1
2025;DICIEMBRE;SHORT PLAYA ESTAMPADO CAB;[SHOSUCA156TS] SHORT PLAYA ESTAMPADO CAB (S, TUCUPIDO);SHOSUCA156TS;CAB;Tucupido;S;GRIETA;1
2025;DICIEMBRE;SHORT PLAYA ESTAMPADO KIDS;[SHOSUKI154T10] SHORT PLAYA ESTAMPADO KIDS (10, SOMBRERO);SHOSUKI154T10;KIDS;Sombrero;10;SAMBIL CHACAO;1
2025;DICIEMBRE;SHORT PLAYA ESTAMPADO KIDS;[SHOSUKI155T8] SHORT PLAYA ESTAMPADO KIDS (8, PLAYUELA);SHOSUKI155T8;KIDS;Playuela;8;GRIETA;1
2025;DICIEMBRE;SHORT PLAYA ESTAMPADO KIDS;[SHOSUKI153T14] SHORT PLAYA ESTAMPADO KIDS (14, SAL);SHOSUKI153T14;KIDS;Sal;14;CERRO VERDE;1
2025;DICIEMBRE;SHORT PLAYA ESTAMPADO CAB;[SHOSUCA154T2XL] SHORT PLAYA ESTAMPADO CAB (2XL, SOMBRERO);SHOSUCA154T2XL;CAB;Sombrero;2XL;GRAND PLAZ;1
2025;DICIEMBRE;SHORT PLAYA ESTAMPADO CAB;[SHOSUCA154TL] SHORT PLAYA ESTAMPADO CAB (L, SOMBRERO);SHOSUCA154TL;CAB;Sombrero;L;CERRO VERDE;1
2025;DICIEMBRE;SHORT PLAYA KIDS;[SHOUNKI13T12] SHORT PLAYA KIDS (12, Azul Rey - 50122);SHOUNKI13T12;KIDS;Azul Rey;12;SAMBIL CHACAO;1
2025;DICIEMBRE;SHORT PLAYA KIDS;[SHOUNKI12T2] SHORT PLAYA KIDS (2, Azul Marino - 5102);SHOUNKI12T2;KIDS;Azul Marino;2;SAMBIL CHACAO;1
2025;DICIEMBRE;SHORT PLAYA ESTAMPADO KIDS;[SHOSUKI155T8] SHORT PLAYA ESTAMPADO KIDS (8, PLAYUELA);SHOSUKI155T8;KIDS;Playuela;8;CERRO VERDE;1
2025;DICIEMBRE;SHORT PLAYA KIDS;[SHOUNKI01T10] SHORT PLAYA KIDS (10, Aguamarina - 61275);SHOUNKI01T10;KIDS;Aguamarina;10;CERRO VERDE;1
2025;DICIEMBRE;SHORT PLAYA KIDS;[SHOUNKI33T1] SHORT PLAYA KIDS (1, Kaki - 161105);SHOUNKI33T1;KIDS;Kaki;1;SAMBIL CHACAO;-1
2025;DICIEMBRE;SHORT PLAYA KIDS;[SHOUNKI33T2] SHORT PLAYA KIDS (2, Kaki - 161105);SHOUNKI33T2;KIDS;Kaki;2;SAMBIL CHACAO;1
2025;DICIEMBRE;SHORT PLAYA KIDS;[SHOUNKI29T8] SHORT PLAYA KIDS (8, Gris Azulado - 194316);SHOUNKI29T8;KIDS;Gris Azulado;8;SAMBIL VALENCIA;1
2025;DICIEMBRE;SHORT PLAYA CAB;[SHOUNCA57T2XL] SHORT PLAYA CAB (2XL, Terracota - 161344);SHOUNCA57T2XL;CAB;Terracota;2XL;SAMBIL VALENCIA;1
2025;DICIEMBRE;SHORT PLAYA ESTAMPADO KIDS;[SHOSUKI104T4] SHORT PLAYA ESTAMPADO KIDS (4, BLACK ABSTRACT);SHOSUKI104T4;KIDS;Black Abstract;4;SAMBIL VALENCIA;1
2025;DICIEMBRE;SHORT PLAYA KIDS;[SHOUNKI01T4] SHORT PLAYA KIDS (4, Aguamarina - 61275);SHOUNKI01T4;KIDS;Aguamarina;4;SAMBIL CHACAO;1
2025;DICIEMBRE;SHORT PLAYA ESTAMPADO CAB;[SHOSUCA154T2XL] SHORT PLAYA ESTAMPADO CAB (2XL, SOMBRERO);SHOSUCA154T2XL;CAB;Sombrero;2XL;SAMBIL VALENCIA;1
2025;DICIEMBRE;SHORT PLAYA ESTAMPADO CAB;[SHOSUCA154TM] SHORT PLAYA ESTAMPADO CAB (M, SOMBRERO);SHOSUCA154TM;CAB;Sombrero;M;GRIETA;1
2025;DICIEMBRE;SHORT PLAYA ESTAMPADO KIDS;[SHOSUKI156T4] SHORT PLAYA ESTAMPADO KIDS (4, TUCUPIDO);SHOSUKI156T4;KIDS;Tucupido;4;SAMBIL VALENCIA;1
2025;DICIEMBRE;SHORT PLAYA ESTAMPADO KIDS;[SHOSUKI155T12] SHORT PLAYA ESTAMPADO KIDS (12, PLAYUELA);SHOSUKI155T12;KIDS;Playuela;12;GRIETA;1
2025;DICIEMBRE;SHORT PLAYA ESTAMPADO CAB;[SHOSUCA154TXL] SHORT PLAYA ESTAMPADO CAB (XL, SOMBRERO);SHOSUCA154TXL;CAB;Sombrero;XL;CERRO VERDE;-1
2025;DICIEMBRE;SHORT PLAYA ESTAMPADO CAB;[SHOSUCA154T2XL] SHORT PLAYA ESTAMPADO CAB (2XL, SOMBRERO);SHOSUCA154T2XL;CAB;Sombrero;2XL;CERRO VERDE;1
2025;DICIEMBRE;SHORT PLAYA KIDS;[SHOUNKI13T12] SHORT PLAYA KIDS (12, Azul Rey - 50122);SHOUNKI13T12;KIDS;Azul Rey;12;SAMBIL VALENCIA;1
2025;DICIEMBRE;SHORT PLAYA CAB;[SHOUNCA57T2XL] SHORT PLAYA CAB (2XL, Terracota - 161344);SHOUNCA57T2XL;CAB;Terracota;2XL;SAMBIL VALENCIA;1
2026;ENERO;SHORT PLAYA ESTAMPADO KIDS;[SHOSUKI156T12] SHORT PLAYA ESTAMPADO KIDS (12, TUCUPIDO);SHOSUKI156T12;KIDS;Tucupido;12;GRIETA;1
2026;ENERO;SHORT PLAYA ESTAMPADO CAB;[SHOSUCA154TM] SHORT PLAYA ESTAMPADO CAB (M, SOMBRERO);SHOSUCA154TM;CAB;Sombrero;M;GRIETA;1
2026;ENERO;SHORT PLAYA KIDS;[SHOUNKI33T8] SHORT PLAYA KIDS (8, Kaki - 161105);SHOUNKI33T8;KIDS;Kaki;8;SAMBIL CHACAO;1
2026;ENERO;SHORT PLAYA KIDS;[SHOUNKI01T8] SHORT PLAYA KIDS (8, Aguamarina - 61275);SHOUNKI01T8;KIDS;Aguamarina;8;SAMBIL CHACAO;1
2026;ENERO;SHORT PLAYA KIDS;[SHOUNKI01T4] SHORT PLAYA KIDS (4, Aguamarina - 61275);SHOUNKI01T4;KIDS;Aguamarina;4;CERRO VERDE;1
2026;ENERO;SHORT PLAYA KIDS;[SHOUNKI12T10] SHORT PLAYA KIDS (10, Azul Marino - 5102);SHOUNKI12T10;KIDS;Azul Marino;10;SAMBIL VALENCIA;1
2026;ENERO;SHORT PLAYA ESTAMPADO KIDS;[SHOSUKI156T12] SHORT PLAYA ESTAMPADO KIDS (12, TUCUPIDO);SHOSUKI156T12;KIDS;Tucupido;12;GRIETA;1
2026;ENERO;SHORT PLAYA ESTAMPADO KIDS;[SHOSUKI156T10] SHORT PLAYA ESTAMPADO KIDS (10, TUCUPIDO);SHOSUKI156T10;KIDS;Tucupido;10;GRIETA;1
2026;ENERO;SHORT PLAYA ESTAMPADO KIDS;[SHOSUKI156T1] SHORT PLAYA ESTAMPADO KIDS (1, TUCUPIDO);SHOSUKI156T1;KIDS;Tucupido;1;GRIETA;1
2026;ENERO;SHORT PLAYA ESTAMPADO CAB;[SHOSUCA156TL] SHORT PLAYA ESTAMPADO CAB (L, TUCUPIDO);SHOSUCA156TL;CAB;Tucupido;L;GRIETA;1
2026;ENERO;SHORT PLAYA KIDS;[SHOUNKI33T12] SHORT PLAYA KIDS (12, Kaki - 161105);SHOUNKI33T12;KIDS;Kaki;12;SAMBIL CHACAO;1
2026;ENERO;SHORT PLAYA ESTAMPADO KIDS;[SHOSUKI154T8] SHORT PLAYA ESTAMPADO KIDS (8, SOMBRERO);SHOSUKI154T8;KIDS;Sombrero;8;SAMBIL CHACAO;1
2026;ENERO;SHORT PLAYA CAB;[SHOUNCA57T2XL] SHORT PLAYA CAB (2XL, Terracota - 161344);SHOUNCA57T2XL;CAB;Terracota;2XL;SAMBIL VALENCIA;1
2026;ENERO;SHORT PLAYA KIDS;[SHOUNKI50T6] SHORT PLAYA KIDS (6, Rojo - 3392);SHOUNKI50T6;KIDS;Rojo;6;SAMBIL CHACAO;1
2026;ENERO;SHORT PLAYA ESTAMPADO KIDS;[SHOSUKI155T6] SHORT PLAYA ESTAMPADO KIDS (6, PLAYUELA);SHOSUKI155T6;KIDS;Playuela;6;SAMBIL CHACAO;1
2026;ENERO;SHORT PLAYA KIDS;[SHOUNKI12T6] SHORT PLAYA KIDS (6, Azul Marino - 5102);SHOUNKI12T6;KIDS;Azul Marino;6;SAMBIL VALENCIA;1
2026;ENERO;SHORT PLAYA ESTAMPADO CAB;[SHOSUCA154TS] SHORT PLAYA ESTAMPADO CAB (S, SOMBRERO);SHOSUCA154TS;CAB;Sombrero;S;SAMBIL VALENCIA;1
2026;ENERO;SHORT PLAYA KIDS;[SHOUNKI33T4] SHORT PLAYA KIDS (4, Kaki - 161105);SHOUNKI33T4;KIDS;Kaki;4;SAMBIL VALENCIA;1
2026;ENERO;SHORT PLAYA KIDS;[SHOUNKI13T10] SHORT PLAYA KIDS (10, Azul Rey - 50122);SHOUNKI13T10;KIDS;Azul Rey;10;SAMBIL CHACAO;1
2026;ENERO;SHORT PLAYA KIDS;[SHOUNKI12T1] SHORT PLAYA KIDS (1, Azul Marino - 5102);SHOUNKI12T1;KIDS;Azul Marino;1;SAMBIL CHACAO;1
2026;ENERO;SHORT PLAYA KIDS;[SHOUNKI50T1] SHORT PLAYA KIDS (1, Rojo - 3392);SHOUNKI50T1;KIDS;Rojo;1;SAMBIL CHACAO;1
2026;ENERO;SHORT PLAYA KIDS;[SHOUNKI33T1] SHORT PLAYA KIDS (1, Kaki - 161105);SHOUNKI33T1;KIDS;Kaki;1;SAMBIL CHACAO;1
2026;ENERO;SHORT PLAYA CAB;[SHOUNCA68T2XL] SHORT PLAYA CAB (2XL, Verde Oliva - 160421);SHOUNCA68T2XL;CAB;Verde Oliva;2XL;GRIETA;1
2026;ENERO;SHORT PLAYA ESTAMPADO CAB;[SHOSUCA154TXL] SHORT PLAYA ESTAMPADO CAB (XL, SOMBRERO);SHOSUCA154TXL;CAB;Sombrero;XL;CERRO VERDE;1
2026;ENERO;SHORT PLAYA ESTAMPADO CAB;[SHOSUCA154T2XL] SHORT PLAYA ESTAMPADO CAB (2XL, SOMBRERO);SHOSUCA154T2XL;CAB;Sombrero;2XL;GRIETA;1
2026;ENERO;SHORT PLAYA KIDS;[SHOUNKI01T12] SHORT PLAYA KIDS (12, Aguamarina - 61275);SHOUNKI01T12;KIDS;Aguamarina;12;SAMBIL VALENCIA;1
2026;ENERO;SHORT PLAYA KIDS;[SHOUNKI01T12] SHORT PLAYA KIDS (12, Aguamarina - 61275);SHOUNKI01T12;KIDS;Aguamarina;12;SAMBIL VALENCIA;-1
2026;ENERO;SHORT PLAYA KIDS;[SHOUNKI01T12] SHORT PLAYA KIDS (12, Aguamarina - 61275);SHOUNKI01T12;KIDS;Aguamarina;12;SAMBIL VALENCIA;1
2026;ENERO;SHORT PLAYA ESTAMPADO KIDS;[SHOSUKI153T4] SHORT PLAYA ESTAMPADO KIDS (4, SAL);SHOSUKI153T4;KIDS;Sal;4;GRIETA;1
2026;ENERO;SHORT PLAYA ESTAMPADO KIDS;[SHOSUKI154T2] SHORT PLAYA ESTAMPADO KIDS (2, SOMBRERO);SHOSUKI154T2;KIDS;Sombrero;2;CERRO VERDE;1
2026;ENERO;SHORT PLAYA ESTAMPADO CAB;[SHOSUCA154TM] SHORT PLAYA ESTAMPADO CAB (M, SOMBRERO);SHOSUCA154TM;CAB;Sombrero;M;CERRO VERDE;1
2026;ENERO;SHORT PLAYA KIDS;[SHOUNKI68T6] SHORT PLAYA KIDS (6, Verde Oliva - 160421);SHOUNKI68T6;KIDS;Verde Oliva;6;SAMBIL VALENCIA;1
2026;ENERO;SHORT PLAYA ESTAMPADO KIDS;[SHOSUKI156T4] SHORT PLAYA ESTAMPADO KIDS (4, TUCUPIDO);SHOSUKI156T4;KIDS;Tucupido;4;CERRO VERDE;1
2026;ENERO;SHORT PLAYA ESTAMPADO KIDS;[SHOSUKI156T2] SHORT PLAYA ESTAMPADO KIDS (2, TUCUPIDO);SHOSUKI156T2;KIDS;Tucupido;2;CERRO VERDE;1
2026;ENERO;SHORT PLAYA ESTAMPADO CAB;[SHOSUCA154TL] SHORT PLAYA ESTAMPADO CAB (L, SOMBRERO);SHOSUCA154TL;CAB;Sombrero;L;CERRO VERDE;1
2026;ENERO;SHORT PLAYA KIDS;[SHOUNKI01T2] SHORT PLAYA KIDS (2, Aguamarina - 61275);SHOUNKI01T2;KIDS;Aguamarina;2;GRIETA;1
2026;ENERO;SHORT PLAYA KIDS;[SHOUNKI12T12] SHORT PLAYA KIDS (12, Azul Marino - 5102);SHOUNKI12T12;KIDS;Azul Marino;12;CERRO VERDE;1
2026;ENERO;SHORT PLAYA ESTAMPADO KIDS;[SHOSUKI153T2] SHORT PLAYA ESTAMPADO KIDS (2, SAL);SHOSUKI153T2;KIDS;Sal;2;CERRO VERDE;1
2026;ENERO;SHORT PLAYA KIDS;[SHOUNKI33T14] SHORT PLAYA KIDS (14, Kaki - 161105);SHOUNKI33T14;KIDS;Kaki;14;GRIETA;1
2026;ENERO;SHORT PLAYA KIDS;[SHOUNKI01T10] SHORT PLAYA KIDS (10, Aguamarina - 61275);SHOUNKI01T10;KIDS;Aguamarina;10;CERRO VERDE;1
2026;ENERO;SHORT PLAYA KIDS;[SHOUNKI13T10] SHORT PLAYA KIDS (10, Azul Rey - 50122);SHOUNKI13T10;KIDS;Azul Rey;10;CERRO VERDE;1
2026;ENERO;SHORT PLAYA ESTAMPADO CAB;[SHOSUCA154TS] SHORT PLAYA ESTAMPADO CAB (S, SOMBRERO);SHOSUCA154TS;CAB;Sombrero;S;GRIETA;1
2026;ENERO;SHORT PLAYA ESTAMPADO KIDS;[SHOSUKI156T4] SHORT PLAYA ESTAMPADO KIDS (4, TUCUPIDO);SHOSUKI156T4;KIDS;Tucupido;4;SAMBIL VALENCIA;1
2026;ENERO;SHORT PLAYA KIDS;[SHOUNKI29T8] SHORT PLAYA KIDS (8, Gris Azulado - 194316);SHOUNKI29T8;KIDS;Gris Azulado;8;GRIETA;1
2026;ENERO;SHORT PLAYA KIDS;[SHOUNKI23T4] SHORT PLAYA KIDS (4, Coral - 181649);SHOUNKI23T4;KIDS;Coral;4;SAMBIL VALENCIA;1
2026;ENERO;SHORT PLAYA KIDS;[SHOUNKI29T1] SHORT PLAYA KIDS (1, Gris Azulado - 194316);SHOUNKI29T1;KIDS;Gris Azulado;1;SAMBIL VALENCIA;1
2026;ENERO;SHORT PLAYA ESTAMPADO CAB;[SHOSUCA154TM] SHORT PLAYA ESTAMPADO CAB (M, SOMBRERO);SHOSUCA154TM;CAB;Sombrero;M;GRAND PLAZ;-1
2026;ENERO;SHORT PLAYA ESTAMPADO CAB;[SHOSUCA154TL] SHORT PLAYA ESTAMPADO CAB (L, SOMBRERO);SHOSUCA154TL;CAB;Sombrero;L;GRAND PLAZ;1
2026;ENERO;SHORT PLAYA CAB;[SHOUNCA29T4XL] SHORT PLAYA CAB (4XL, Gris Azulado - 194316);SHOUNCA29T4XL;CAB;Gris Azulado;4XL;GRIETA;1
2026;ENERO;SHORT PLAYA ESTAMPADO KIDS;[SHOSUKI155T10] SHORT PLAYA ESTAMPADO KIDS (10, PLAYUELA);SHOSUKI155T10;KIDS;Playuela;10;CERRO VERDE;1
2026;ENERO;SHORT PLAYA KIDS;[SHOUNKI29T12] SHORT PLAYA KIDS (12, Gris Azulado - 194316);SHOUNKI29T12;KIDS;Gris Azulado;12;CERRO VERDE;1
2026;ENERO;SHORT PLAYA KIDS;[SHOUNKI13T10] SHORT PLAYA KIDS (10, Azul Rey - 50122);SHOUNKI13T10;KIDS;Azul Rey;10;GRIETA;1
2026;ENERO;SHORT PLAYA ESTAMPADO CAB;[SHOSUCA156TM] SHORT PLAYA ESTAMPADO CAB (M, TUCUPIDO);SHOSUCA156TM;CAB;Tucupido;M;GRIETA;1
2026;ENERO;SHORT PLAYA ESTAMPADO KIDS;[SHOSUKI155T12] SHORT PLAYA ESTAMPADO KIDS (12, PLAYUELA);SHOSUKI155T12;KIDS;Playuela;12;GRIETA;1
2026;ENERO;SHORT PLAYA ESTAMPADO KIDS;[SHOSUKI153T14] SHORT PLAYA ESTAMPADO KIDS (14, SAL);SHOSUKI153T14;KIDS;Sal;14;SAMBIL VALENCIA;1
2026;ENERO;SHORT PLAYA KIDS;[SHOUNKI57T14] SHORT PLAYA KIDS (14, Terracota - 161344);SHOUNKI57T14;KIDS;Terracota;14;GRIETA;1
2026;ENERO;SHORT PLAYA ESTAMPADO KIDS;[SHOSUKI155T14] SHORT PLAYA ESTAMPADO KIDS (14, PLAYUELA);SHOSUKI155T14;KIDS;Playuela;14;CERRO VERDE;1
2026;ENERO;SHORT PLAYA ESTAMPADO KIDS;[SHOSUKI156T12] SHORT PLAYA ESTAMPADO KIDS (12, TUCUPIDO);SHOSUKI156T12;KIDS;Tucupido;12;SAMBIL VALENCIA;1
2026;ENERO;SHORT PLAYA ESTAMPADO CAB;[SHOSUCA154TM] SHORT PLAYA ESTAMPADO CAB (M, SOMBRERO);SHOSUCA154TM;CAB;Sombrero;M;GRIETA;1
2026;ENERO;SHORT PLAYA ESTAMPADO KIDS;[SHOSUKI155T14] SHORT PLAYA ESTAMPADO KIDS (14, PLAYUELA);SHOSUKI155T14;KIDS;Playuela;14;CERRO VERDE;-1
2026;ENERO;SHORT PLAYA ESTAMPADO KIDS;[SHOSUKI155T14] SHORT PLAYA ESTAMPADO KIDS (14, PLAYUELA);SHOSUKI155T14;KIDS;Playuela;14;CERRO VERDE;1
2026;ENERO;SHORT PLAYA KIDS;[SHOUNKI29T1] SHORT PLAYA KIDS (1, Gris Azulado - 194316);SHOUNKI29T1;KIDS;Gris Azulado;1;SAMBIL VALENCIA;1
2026;ENERO;SHORT PLAYA ESTAMPADO KIDS;[SHOSUKI154T1] SHORT PLAYA ESTAMPADO KIDS (1, SOMBRERO);SHOSUKI154T1;KIDS;Sombrero;1;CERRO VERDE;1
2026;ENERO;SHORT PLAYA ESTAMPADO KIDS;[SHOSUKI156T14] SHORT PLAYA ESTAMPADO KIDS (14, TUCUPIDO);SHOSUKI156T14;KIDS;Tucupido;14;CERRO VERDE;1
2026;ENERO;SHORT PLAYA KIDS;[SHOUNKI01T2] SHORT PLAYA KIDS (2, Aguamarina - 61275);SHOUNKI01T2;KIDS;Aguamarina;2;CERRO VERDE;1
2026;ENERO;SHORT PLAYA ESTAMPADO KIDS;[SHOSUKI154T14] SHORT PLAYA ESTAMPADO KIDS (14, SOMBRERO);SHOSUKI154T14;KIDS;Sombrero;14;SAMBIL VALENCIA;1
2026;ENERO;SHORT PLAYA ESTAMPADO KIDS;[SHOSUKI154T14] SHORT PLAYA ESTAMPADO KIDS (14, SOMBRERO);SHOSUKI154T14;KIDS;Sombrero;14;GRIETA;1
2026;ENERO;SHORT PLAYA KIDS;[SHOUNKI12T6] SHORT PLAYA KIDS (6, Azul Marino - 5102);SHOUNKI12T6;KIDS;Azul Marino;6;CERRO VERDE;1
2026;ENERO;SHORT PLAYA ESTAMPADO KIDS;[SHOSUKI156T6] SHORT PLAYA ESTAMPADO KIDS (6, TUCUPIDO);SHOSUKI156T6;KIDS;Tucupido;6;WEB;1
2026;ENERO;SHORT PLAYA ESTAMPADO KIDS;[SHOSUKI153T2] SHORT PLAYA ESTAMPADO KIDS (2, SAL);SHOSUKI153T2;KIDS;Sal;2;GRIETA;1
2026;ENERO;SHORT PLAYA KIDS;[SHOUNKI12T4] SHORT PLAYA KIDS (4, Azul Marino - 5102);SHOUNKI12T4;KIDS;Azul Marino;4;CERRO VERDE;1
2026;ENERO;SHORT PLAYA KIDS;[SHOUNKI01T8] SHORT PLAYA KIDS (8, Aguamarina - 61275);SHOUNKI01T8;KIDS;Aguamarina;8;CERRO VERDE;1
2026;ENERO;SHORT PLAYA KIDS;[SHOUNKI57T14] SHORT PLAYA KIDS (14, Terracota - 161344);SHOUNKI57T14;KIDS;Terracota;14;GRIETA;-1
2026;ENERO;SHORT PLAYA ESTAMPADO CAB;[SHOSUCA154TM] SHORT PLAYA ESTAMPADO CAB (M, SOMBRERO);SHOSUCA154TM;CAB;Sombrero;M;GRIETA;1
2026;ENERO;SHORT PLAYA KIDS;[SHOUNKI57T10] SHORT PLAYA KIDS (10, Terracota - 161344);SHOUNKI57T10;KIDS;Terracota;10;SAMBIL CHACAO;1
2026;ENERO;SHORT PLAYA KIDS;[SHOUNKI29T10] SHORT PLAYA KIDS (10, Gris Azulado - 194316);SHOUNKI29T10;KIDS;Gris Azulado;10;SAMBIL CHACAO;1
2026;ENERO;SHORT PLAYA ESTAMPADO CAB;[SHOSUCA154TL] SHORT PLAYA ESTAMPADO CAB (L, SOMBRERO);SHOSUCA154TL;CAB;Sombrero;L;SAMBIL VALENCIA;1
2026;ENERO;SHORT PLAYA KIDS;[SHOUNKI33T6] SHORT PLAYA KIDS (6, Kaki - 161105);SHOUNKI33T6;KIDS;Kaki;6;CERRO VERDE;1
2026;ENERO;SHORT PLAYA ESTAMPADO KIDS;[SHOSUKI155T10] SHORT PLAYA ESTAMPADO KIDS (10, PLAYUELA);SHOSUKI155T10;KIDS;Playuela;10;CERRO VERDE;1
2026;ENERO;SHORT PLAYA ESTAMPADO CAB;[SHOSUCA154T2XL] SHORT PLAYA ESTAMPADO CAB (2XL, SOMBRERO);SHOSUCA154T2XL;CAB;Sombrero;2XL;SAMBIL VALENCIA;1
2026;ENERO;SHORT PLAYA ESTAMPADO CAB;[SHOSUCA156TS] SHORT PLAYA ESTAMPADO CAB (S, TUCUPIDO);SHOSUCA156TS;CAB;Tucupido;S;GRIETA;-1
2026;ENERO;SHORT PLAYA ESTAMPADO CAB;[SHOSUCA156TM] SHORT PLAYA ESTAMPADO CAB (M, TUCUPIDO);SHOSUCA156TM;CAB;Tucupido;M;GRIETA;1
2026;ENERO;SHORT PLAYA KIDS;[SHOUNKI50T2] SHORT PLAYA KIDS (2, Rojo - 3392);SHOUNKI50T2;KIDS;Rojo;2;SAMBIL VALENCIA;1
2026;ENERO;SHORT PLAYA KIDS;[SHOUNKI29T12] SHORT PLAYA KIDS (12, Gris Azulado - 194316);SHOUNKI29T12;KIDS;Gris Azulado;12;CERRO VERDE;1
2026;ENERO;SHORT PLAYA KIDS;[SHOUNKI01T12] SHORT PLAYA KIDS (12, Aguamarina - 61275);SHOUNKI01T12;KIDS;Aguamarina;12;GRIETA;1
2026;ENERO;SHORT PLAYA ESTAMPADO KIDS;[SHOSUKI155T10] SHORT PLAYA ESTAMPADO KIDS (10, PLAYUELA);SHOSUKI155T10;KIDS;Playuela;10;GRIETA;1
2026;ENERO;SHORT PLAYA KIDS;[SHOUNKI29T10] SHORT PLAYA KIDS (10, Gris Azulado - 194316);SHOUNKI29T10;KIDS;Gris Azulado;10;CERRO VERDE;1
2026;ENERO;SHORT PLAYA ESTAMPADO KIDS;[SHOSUKI154T1] SHORT PLAYA ESTAMPADO KIDS (1, SOMBRERO);SHOSUKI154T1;KIDS;Sombrero;1;SAMBIL VALENCIA;1
2026;ENERO;SHORT PLAYA ESTAMPADO CAB;[SHOSUCA154TL] SHORT PLAYA ESTAMPADO CAB (L, SOMBRERO);SHOSUCA154TL;CAB;Sombrero;L;SAMBIL VALENCIA;1
2026;ENERO;SHORT PLAYA KIDS;[SHOUNKI33T4] SHORT PLAYA KIDS (4, Kaki - 161105);SHOUNKI33T4;KIDS;Kaki;4;CERRO VERDE;1
2026;ENERO;SHORT PLAYA ESTAMPADO KIDS;[SHOSUKI155T1] SHORT PLAYA ESTAMPADO KIDS (1, PLAYUELA);SHOSUKI155T1;KIDS;Playuela;1;GRIETA;1
2026;ENERO;SHORT PLAYA KIDS;[SHOUNKI01T10] SHORT PLAYA KIDS (10, Aguamarina - 61275);SHOUNKI01T10;KIDS;Aguamarina;10;GRIETA;1
2026;ENERO;SHORT PLAYA KIDS;[SHOUNKI13T10] SHORT PLAYA KIDS (10, Azul Rey - 50122);SHOUNKI13T10;KIDS;Azul Rey;10;CERRO VERDE;1
2026;ENERO;SHORT PLAYA ESTAMPADO KIDS;[SHOSUKI153T2] SHORT PLAYA ESTAMPADO KIDS (2, SAL);SHOSUKI153T2;KIDS;Sal;2;SAMBIL VALENCIA;1
2026;ENERO;SHORT PLAYA KIDS;[SHOUNKI01T8] SHORT PLAYA KIDS (8, Aguamarina - 61275);SHOUNKI01T8;KIDS;Aguamarina;8;WEB;1
2026;ENERO;SHORT PLAYA KIDS;[SHOUNKI01T14] SHORT PLAYA KIDS (14, Aguamarina - 61275);SHOUNKI01T14;KIDS;Aguamarina;14;CERRO VERDE;1
2026;ENERO;SHORT PLAYA ESTAMPADO KIDS;[SHOSUKI153T4] SHORT PLAYA ESTAMPADO KIDS (4, SAL);SHOSUKI153T4;KIDS;Sal;4;GRAND PLAZ;1
2026;ENERO;SHORT PLAYA ESTAMPADO CAB;[SHOSUCA154TS] SHORT PLAYA ESTAMPADO CAB (S, SOMBRERO);SHOSUCA154TS;CAB;Sombrero;S;GRIETA;1
2026;ENERO;SHORT PLAYA ESTAMPADO KIDS;[SHOSUKI154T8] SHORT PLAYA ESTAMPADO KIDS (8, SOMBRERO);SHOSUKI154T8;KIDS;Sombrero;8;GRIETA;1
2026;ENERO;SHORT PLAYA CAB;[SHOUNCA38TL] SHORT PLAYA CAB (L, Marron - 171022);SHOUNCA38TL;CAB;Marron;L;GRIETA;1
2026;ENERO;SHORT PLAYA CAB;[SHOUNCA69TL] SHORT PLAYA CAB (L, Verde Pino - 195920);SHOUNCA69TL;CAB;Verde Pino;L;SAMBIL CHACAO;1
2026;ENERO;SHORT PLAYA ESTAMPADO KIDS;[SHOSUKI154T1] SHORT PLAYA ESTAMPADO KIDS (1, SOMBRERO);SHOSUKI154T1;KIDS;Sombrero;1;SAMBIL CHACAO;1
2026;ENERO;SHORT PLAYA ESTAMPADO CAB;[SHOSUCA154TM] SHORT PLAYA ESTAMPADO CAB (M, SOMBRERO);SHOSUCA154TM;CAB;Sombrero;M;SAMBIL CHACAO;1
2026;ENERO;SHORT PLAYA CAB;[SHOUNCA38TM] SHORT PLAYA CAB (M, Marron - 171022);SHOUNCA38TM;CAB;Marron;M;GRIETA;1
2026;ENERO;SHORT PLAYA CAB;[SHOUNCA187TM] SHORT PLAYA CAB (M, Azul Pizarra - 184735);SHOUNCA187TM;CAB;Azul Pizarra;M;GRIETA;1
2026;ENERO;SHORT PLAYA ESTAMPADO KIDS;[SHOSUKI155T1] SHORT PLAYA ESTAMPADO KIDS (1, PLAYUELA);SHOSUKI155T1;KIDS;Playuela;1;CERRO VERDE;1
2026;ENERO;SHORT PLAYA ESTAMPADO KIDS;[SHOSUKI153T8] SHORT PLAYA ESTAMPADO KIDS (8, SAL);SHOSUKI153T8;KIDS;Sal;8;CERRO VERDE;1
2026;ENERO;SHORT PLAYA KIDS;[SHOUNKI50T4] SHORT PLAYA KIDS (4, Rojo - 3392);SHOUNKI50T4;KIDS;Rojo;4;CERRO VERDE;1
2026;ENERO;SHORT PLAYA KIDS;[SHOUNKI23T10] SHORT PLAYA KIDS (10, Coral - 181649);SHOUNKI23T10;KIDS;Coral;10;CERRO VERDE;1
2026;ENERO;SHORT PLAYA CAB;[SHOUNCA187TM] SHORT PLAYA CAB (M, Azul Pizarra - 184735);SHOUNCA187TM;CAB;Azul Pizarra;M;GRIETA;1
2026;ENERO;SHORT PLAYA ESTAMPADO KIDS;[SHOSUKI155T14] SHORT PLAYA ESTAMPADO KIDS (14, PLAYUELA);SHOSUKI155T14;KIDS;Playuela;14;CERRO VERDE;1
2026;ENERO;SHORT PLAYA ESTAMPADO KIDS;[SHOSUKI153T4] SHORT PLAYA ESTAMPADO KIDS (4, SAL);SHOSUKI153T4;KIDS;Sal;4;GRAND PLAZ;1
2026;ENERO;SHORT PLAYA ESTAMPADO CAB;[SHOSUCA154TM] SHORT PLAYA ESTAMPADO CAB (M, SOMBRERO);SHOSUCA154TM;CAB;Sombrero;M;CERRO VERDE;1
2026;ENERO;SHORT PLAYA ESTAMPADO CAB;[SHOSUCA153TS] SHORT PLAYA ESTAMPADO CAB (S, SAL);SHOSUCA153TS;CAB;Sal;S;WEB;1
2026;ENERO;SHORT PLAYA ESTAMPADO KIDS;[SHOSUKI153T1] SHORT PLAYA ESTAMPADO KIDS (1, SAL);SHOSUKI153T1;KIDS;Sal;1;GRIETA;1
2026;ENERO;SHORT PLAYA KIDS;[SHOUNKI13T4] SHORT PLAYA KIDS (4, Azul Rey - 50122);SHOUNKI13T4;KIDS;Azul Rey;4;CERRO VERDE;1
2026;ENERO;SHORT PLAYA CAB;[SHOUNCA187TL] SHORT PLAYA CAB (L, Azul Pizarra - 184735);SHOUNCA187TL;CAB;Azul Pizarra;L;SAMBIL VALENCIA;1
2026;ENERO;SHORT PLAYA KIDS;[SHOUNKI12T12] SHORT PLAYA KIDS (12, Azul Marino - 5102);SHOUNKI12T12;KIDS;Azul Marino;12;GRIETA;1
2026;ENERO;SHORT PLAYA CAB;[SHOUNCA12TM] SHORT PLAYA CAB (M, Azul Marino - 193933);SHOUNCA12TM;CAB;Azul Marino;M;GRIETA;-1
2026;ENERO;SHORT PLAYA CAB;[SHOUNCA12TM] SHORT PLAYA CAB (M, Azul Marino - 193933);SHOUNCA12TM;CAB;Azul Marino;M;GRIETA;1
2026;ENERO;SHORT PLAYA CAB;[SHOUNCA187TL] SHORT PLAYA CAB (L, Azul Pizarra - 184735);SHOUNCA187TL;CAB;Azul Pizarra;L;CERRO VERDE;1
2026;ENERO;SHORT PLAYA ESTAMPADO CAB;[SHOSUCA156TM] SHORT PLAYA ESTAMPADO CAB (M, TUCUPIDO);SHOSUCA156TM;CAB;Tucupido;M;GRIETA;1
2026;ENERO;SHORT PLAYA CAB;[SHOUNCA38TS] SHORT PLAYA CAB (S, Marron - 171022);SHOUNCA38TS;CAB;Marron;S;GRIETA;1
2026;ENERO;SHORT PLAYA KIDS;[SHOUNKI57T10] SHORT PLAYA KIDS (10, Terracota - 161344);SHOUNKI57T10;KIDS;Terracota;10;GRIETA;1
2026;ENERO;SHORT PLAYA KIDS;[SHOUNKI57T4] SHORT PLAYA KIDS (4, Terracota - 161344);SHOUNKI57T4;KIDS;Terracota;4;GRIETA;1
2026;ENERO;SHORT PLAYA ESTAMPADO CAB;[SHOSUCA154TS] SHORT PLAYA ESTAMPADO CAB (S, SOMBRERO);SHOSUCA154TS;CAB;Sombrero;S;GRIETA;1
2026;ENERO;SHORT PLAYA CAB;[SHOUNCA38TL] SHORT PLAYA CAB (L, Marron - 171022);SHOUNCA38TL;CAB;Marron;L;GRIETA;1
2026;ENERO;SHORT PLAYA CAB;[SHOUNCA69TL] SHORT PLAYA CAB (L, Verde Pino - 195920);SHOUNCA69TL;CAB;Verde Pino;L;CERRO VERDE;1
2026;ENERO;SHORT PLAYA ESTAMPADO KIDS;[SHOSUKI153T14] SHORT PLAYA ESTAMPADO KIDS (14, SAL);SHOSUKI153T14;KIDS;Sal;14;GRIETA;1
2026;ENERO;SHORT PLAYA ESTAMPADO KIDS;[SHOSUKI155T14] SHORT PLAYA ESTAMPADO KIDS (14, PLAYUELA);SHOSUKI155T14;KIDS;Playuela;14;GRIETA;1
2026;ENERO;SHORT PLAYA ESTAMPADO KIDS;[SHOSUKI153T12] SHORT PLAYA ESTAMPADO KIDS (12, SAL);SHOSUKI153T12;KIDS;Sal;12;CERRO VERDE;1
2026;ENERO;SHORT PLAYA CAB;[SHOUNCA187TL] SHORT PLAYA CAB (L, Azul Pizarra - 184735);SHOUNCA187TL;CAB;Azul Pizarra;L;CERRO VERDE;1
2026;ENERO;SHORT PLAYA ESTAMPADO KIDS;[SHOSUKI153T14] SHORT PLAYA ESTAMPADO KIDS (14, SAL);SHOSUKI153T14;KIDS;Sal;14;CERRO VERDE;1
2026;ENERO;SHORT PLAYA CAB;[SHOUNCA69TL] SHORT PLAYA CAB (L, Verde Pino - 195920);SHOUNCA69TL;CAB;Verde Pino;L;CERRO VERDE;1
2026;ENERO;SHORT PLAYA ESTAMPADO KIDS;[SHOSUKI154T12] SHORT PLAYA ESTAMPADO KIDS (12, SOMBRERO);SHOSUKI154T12;KIDS;Sombrero;12;GRIETA;1
2026;ENERO;SHORT PLAYA ESTAMPADO KIDS;[SHOSUKI154T10] SHORT PLAYA ESTAMPADO KIDS (10, SOMBRERO);SHOSUKI154T10;KIDS;Sombrero;10;GRIETA;1
2026;ENERO;SHORT PLAYA ESTAMPADO KIDS;[SHOSUKI154T6] SHORT PLAYA ESTAMPADO KIDS (6, SOMBRERO);SHOSUKI154T6;KIDS;Sombrero;6;GRIETA;1
2026;ENERO;SHORT PLAYA ESTAMPADO CAB;[SHOSUCA154TM] SHORT PLAYA ESTAMPADO CAB (M, SOMBRERO);SHOSUCA154TM;CAB;Sombrero;M;GRIETA;1
2026;ENERO;SHORT PLAYA KIDS;[SHOUNKI01T14] SHORT PLAYA KIDS (14, Aguamarina - 61275);SHOUNKI01T14;KIDS;Aguamarina;14;SAMBIL VALENCIA;1
2026;ENERO;SHORT PLAYA KIDS;[SHOUNKI33T8] SHORT PLAYA KIDS (8, Kaki - 161105);SHOUNKI33T8;KIDS;Kaki;8;GRIETA;1
2026;ENERO;SHORT PLAYA KIDS;[SHOUNKI13T4] SHORT PLAYA KIDS (4, Azul Rey - 50122);SHOUNKI13T4;KIDS;Azul Rey;4;SAMBIL VALENCIA;1
2026;ENERO;SHORT PLAYA KIDS;[SHOUNKI57T4] SHORT PLAYA KIDS (4, Terracota - 161344);SHOUNKI57T4;KIDS;Terracota;4;SAMBIL VALENCIA;1
2026;ENERO;SHORT PLAYA CAB;[SHOUNCA187TL] SHORT PLAYA CAB (L, Azul Pizarra - 184735);SHOUNCA187TL;CAB;Azul Pizarra;L;CERRO VERDE;1
2026;ENERO;SHORT PLAYA CAB;[SHOUNCA57TM] SHORT PLAYA CAB (M, Terracota - 161344);SHOUNCA57TM;CAB;Terracota;M;CERRO VERDE;1
2026;ENERO;SHORT PLAYA CAB;[SHOUNCA38TL] SHORT PLAYA CAB (L, Marron - 171022);SHOUNCA38TL;CAB;Marron;L;SAMBIL VALENCIA;1
2026;FEBRERO;SHORT PLAYA KIDS;[SHOUNKI13T8] SHORT PLAYA KIDS (8, Azul Rey - 50122);SHOUNKI13T8;KIDS;Azul Rey;8;CERRO VERDE;1
2026;FEBRERO;SHORT PLAYA KIDS;[SHOUNKI12T8] SHORT PLAYA KIDS (8, Azul Marino - 5102);SHOUNKI12T8;KIDS;Azul Marino;8;CERRO VERDE;1
2026;FEBRERO;SHORT PLAYA KIDS;[SHOUNKI68T10] SHORT PLAYA KIDS (10, Verde Oliva - 160421);SHOUNKI68T10;KIDS;Verde Oliva;10;CERRO VERDE;1
2026;FEBRERO;SHORT PLAYA CAB;[SHOUNCA187TM] SHORT PLAYA CAB (M, Azul Pizarra - 184735);SHOUNCA187TM;CAB;Azul Pizarra;M;SAMBIL VALENCIA;1
2026;FEBRERO;SHORT PLAYA KIDS;[SHOUNKI23T8] SHORT PLAYA KIDS (8, Coral - 181649);SHOUNKI23T8;KIDS;Coral;8;CERRO VERDE;1
2026;FEBRERO;SHORT PLAYA CAB;[SHOUNCA187TM] SHORT PLAYA CAB (M, Azul Pizarra - 184735);SHOUNCA187TM;CAB;Azul Pizarra;M;SAMBIL VALENCIA;1
2026;FEBRERO;SHORT PLAYA CAB;[SHOUNCA170TS] SHORT PLAYA CAB (S, Cereza - 191955);SHOUNCA170TS;CAB;Cereza;S;GRAND PLAZ;1
2026;FEBRERO;SHORT PLAYA CAB;[SHOUNCA38TL] SHORT PLAYA CAB (L, Marron - 171022);SHOUNCA38TL;CAB;Marron;L;PEDIDOS;1
2026;FEBRERO;SHORT PLAYA ESTAMPADO CAB;[SHOSUCA154TM] SHORT PLAYA ESTAMPADO CAB (M, SOMBRERO);SHOSUCA154TM;CAB;Sombrero;M;CERRO VERDE;-1
2026;FEBRERO;SHORT PLAYA ESTAMPADO CAB;[SHOSUCA154TL] SHORT PLAYA ESTAMPADO CAB (L, SOMBRERO);SHOSUCA154TL;CAB;Sombrero;L;CERRO VERDE;1
2026;FEBRERO;SHORT PLAYA CAB;[SHOUNCA69TS] SHORT PLAYA CAB (S, Verde Pino - 195920);SHOUNCA69TS;CAB;Verde Pino;S;GRIETA;1
2026;FEBRERO;SHORT PLAYA KIDS;[SHOUNKI57T8] SHORT PLAYA KIDS (8, Terracota - 161344);SHOUNKI57T8;KIDS;Terracota;8;SAMBIL CHACAO;1
2026;FEBRERO;SHORT PLAYA KIDS;[SHOUNKI13T8] SHORT PLAYA KIDS (8, Azul Rey - 50122);SHOUNKI13T8;KIDS;Azul Rey;8;CERRO VERDE;1
2026;FEBRERO;SHORT PLAYA CAB;[SHOUNCA38TM] SHORT PLAYA CAB (M, Marron - 171022);SHOUNCA38TM;CAB;Marron;M;CERRO VERDE;1
2026;FEBRERO;SHORT PLAYA KIDS;[SHOUNKI33T8] SHORT PLAYA KIDS (8, Kaki - 161105);SHOUNKI33T8;KIDS;Kaki;8;SAMBIL VALENCIA;1
2026;FEBRERO;SHORT PLAYA CAB;[SHOUNCA68TM] SHORT PLAYA CAB (M, Verde Oliva - 160421);SHOUNCA68TM;CAB;Verde Oliva;M;WEB;1
2026;FEBRERO;SHORT PLAYA CAB;[SHOUNCA12TM] SHORT PLAYA CAB (M, Azul Marino - 193933);SHOUNCA12TM;CAB;Azul Marino;M;WEB;1
2026;FEBRERO;SHORT PLAYA CAB;[SHOUNCA69TM] SHORT PLAYA CAB (M, Verde Pino - 195920);SHOUNCA69TM;CAB;Verde Pino;M;CERRO VERDE;1
2026;FEBRERO;SHORT PLAYA CAB;[SHOUNCA69TL] SHORT PLAYA CAB (L, Verde Pino - 195920);SHOUNCA69TL;CAB;Verde Pino;L;WEB;1
2026;FEBRERO;SHORT PLAYA CAB;[SHOUNCA187TM] SHORT PLAYA CAB (M, Azul Pizarra - 184735);SHOUNCA187TM;CAB;Azul Pizarra;M;GRAND PLAZ;1
2026;FEBRERO;SHORT PLAYA ESTAMPADO KIDS;[SHOSUKI153T8] SHORT PLAYA ESTAMPADO KIDS (8, SAL);SHOSUKI153T8;KIDS;Sal;8;GRIETA;1
2026;FEBRERO;SHORT PLAYA ESTAMPADO CAB;[SHOSUCA153T2XL] SHORT PLAYA ESTAMPADO CAB (2XL, SAL);SHOSUCA153T2XL;CAB;Sal;2XL;SAMBIL VALENCIA;1
2026;FEBRERO;SHORT PLAYA ESTAMPADO CAB;[SHOSUCA155TXL] SHORT PLAYA ESTAMPADO CAB (XL, PLAYUELA);SHOSUCA155TXL;CAB;Playuela;XL;SAMBIL VALENCIA;1
2026;FEBRERO;SHORT PLAYA KIDS;[SHOUNKI50T14] SHORT PLAYA KIDS (14, Rojo - 3392);SHOUNKI50T14;KIDS;Rojo;14;GRIETA;1
2026;FEBRERO;SHORT PLAYA KIDS;[SHOUNKI68T14] SHORT PLAYA KIDS (14, Verde Oliva - 160421);SHOUNKI68T14;KIDS;Verde Oliva;14;GRIETA;1
2026;FEBRERO;SHORT PLAYA CAB;[SHOUNCA187TS] SHORT PLAYA CAB (S, Azul Pizarra - 184735);SHOUNCA187TS;CAB;Azul Pizarra;S;SAMBIL CHACAO;1
2026;FEBRERO;SHORT PLAYA ESTAMPADO KIDS;[SHOSUKI156T14] SHORT PLAYA ESTAMPADO KIDS (14, TUCUPIDO);SHOSUKI156T14;KIDS;Tucupido;14;SAMBIL CHACAO;1
2026;FEBRERO;SHORT PLAYA CAB;[SHOUNCA187TM] SHORT PLAYA CAB (M, Azul Pizarra - 184735);SHOUNCA187TM;CAB;Azul Pizarra;M;GRAND PLAZ;-1
2026;FEBRERO;SHORT PLAYA CAB;[SHOUNCA187TL] SHORT PLAYA CAB (L, Azul Pizarra - 184735);SHOUNCA187TL;CAB;Azul Pizarra;L;GRAND PLAZ;1
2026;FEBRERO;SHORT PLAYA KIDS;[SHOUNKI29T6] SHORT PLAYA KIDS (6, Gris Azulado - 194316);SHOUNKI29T6;KIDS;Gris Azulado;6;CERRO VERDE;1
2026;FEBRERO;SHORT PLAYA KIDS;[SHOUNKI12T1] SHORT PLAYA KIDS (1, Azul Marino - 5102);SHOUNKI12T1;KIDS;Azul Marino;1;GRIETA;1
2026;FEBRERO;SHORT PLAYA KIDS;[SHOUNKI33T10] SHORT PLAYA KIDS (10, Kaki - 161105);SHOUNKI33T10;KIDS;Kaki;10;SAMBIL VALENCIA;1
2026;FEBRERO;SHORT PLAYA CAB;[SHOUNCA38TL] SHORT PLAYA CAB (L, Marron - 171022);SHOUNCA38TL;CAB;Marron;L;GRIETA;1
2026;FEBRERO;SHORT PLAYA ESTAMPADO CAB;[SHOSUCA156TL] SHORT PLAYA ESTAMPADO CAB (L, TUCUPIDO);SHOSUCA156TL;CAB;Tucupido;L;GRIETA;1
2026;FEBRERO;SHORT PLAYA CAB;[SHOUNCA38TL] SHORT PLAYA CAB (L, Marron - 171022);SHOUNCA38TL;CAB;Marron;L;CERRO VERDE;1
2026;FEBRERO;SHORT PLAYA CAB;[SHOUNCA187TS] SHORT PLAYA CAB (S, Azul Pizarra - 184735);SHOUNCA187TS;CAB;Azul Pizarra;S;SAMBIL CHACAO;1
2026;FEBRERO;SHORT PLAYA KIDS;[SHOUNKI12T8] SHORT PLAYA KIDS (8, Azul Marino - 5102);SHOUNKI12T8;KIDS;Azul Marino;8;GRIETA;1
2026;FEBRERO;SHORT PLAYA KIDS;[SHOUNKI50T14] SHORT PLAYA KIDS (14, Rojo - 3392);SHOUNKI50T14;KIDS;Rojo;14;CERRO VERDE;1
2026;FEBRERO;SHORT PLAYA CAB;[SHOUNCA69TM] SHORT PLAYA CAB (M, Verde Pino - 195920);SHOUNCA69TM;CAB;Verde Pino;M;CERRO VERDE;1
2026;FEBRERO;SHORT PLAYA ESTAMPADO CAB;[SHOSUCA155TXL] SHORT PLAYA ESTAMPADO CAB (XL, PLAYUELA);SHOSUCA155TXL;CAB;Playuela;XL;SAMBIL CHACAO;2
2026;FEBRERO;SHORT PLAYA CAB;[SHOUNCA187TL] SHORT PLAYA CAB (L, Azul Pizarra - 184735);SHOUNCA187TL;CAB;Azul Pizarra;L;GRIETA;1
2026;FEBRERO;SHORT PLAYA CAB;[SHOUNCA187TL] SHORT PLAYA CAB (L, Azul Pizarra - 184735);SHOUNCA187TL;CAB;Azul Pizarra;L;GRIETA;1
2026;FEBRERO;SHORT PLAYA KIDS;[SHOUNKI12T2] SHORT PLAYA KIDS (2, Azul Marino - 5102);SHOUNKI12T2;KIDS;Azul Marino;2;GRIETA;1
2026;FEBRERO;SHORT PLAYA ESTAMPADO CAB;[SHOSUCA154T2XL] SHORT PLAYA ESTAMPADO CAB (2XL, SOMBRERO);SHOSUCA154T2XL;CAB;Sombrero;2XL;SAMBIL CHACAO;1
2026;FEBRERO;SHORT PLAYA ESTAMPADO CAB;[SHOSUCA155TXL] SHORT PLAYA ESTAMPADO CAB (XL, PLAYUELA);SHOSUCA155TXL;CAB;Playuela;XL;SAMBIL CHACAO;1
2026;FEBRERO;SHORT PLAYA CAB;[SHOUNCA38TM] SHORT PLAYA CAB (M, Marron - 171022);SHOUNCA38TM;CAB;Marron;M;SAMBIL CHACAO;1
2026;FEBRERO;SHORT PLAYA ESTAMPADO KIDS;[SHOSUKI156T12] SHORT PLAYA ESTAMPADO KIDS (12, TUCUPIDO);SHOSUKI156T12;KIDS;Tucupido;12;CERRO VERDE;1
2026;FEBRERO;SHORT PLAYA ESTAMPADO CAB;[SHOSUCA153TXL] SHORT PLAYA ESTAMPADO CAB (XL, SAL);SHOSUCA153TXL;CAB;Sal;XL;CERRO VERDE;1
2026;FEBRERO;SHORT PLAYA ESTAMPADO CAB;[SHOSUCA155TXL] SHORT PLAYA ESTAMPADO CAB (XL, PLAYUELA);SHOSUCA155TXL;CAB;Playuela;XL;CERRO VERDE;1
2026;FEBRERO;SHORT PLAYA KIDS;[SHOUNKI57T8] SHORT PLAYA KIDS (8, Terracota - 161344);SHOUNKI57T8;KIDS;Terracota;8;GRIETA;1
2026;FEBRERO;SHORT PLAYA ESTAMPADO CAB;[SHOSUCA153T2XL] SHORT PLAYA ESTAMPADO CAB (2XL, SAL);SHOSUCA153T2XL;CAB;Sal;2XL;SAMBIL VALENCIA;1
2026;FEBRERO;SHORT PLAYA KIDS;[SHOUNKI68T4] SHORT PLAYA KIDS (4, Verde Oliva - 160421);SHOUNKI68T4;KIDS;Verde Oliva;4;SAMBIL VALENCIA;1
2026;FEBRERO;SHORT PLAYA ESTAMPADO KIDS;[SHOSUKI153T12] SHORT PLAYA ESTAMPADO KIDS (12, SAL);SHOSUKI153T12;KIDS;Sal;12;CERRO VERDE;1
2026;FEBRERO;SHORT PLAYA ESTAMPADO CAB;[SHOSUCA153T2XL] SHORT PLAYA ESTAMPADO CAB (2XL, SAL);SHOSUCA153T2XL;CAB;Sal;2XL;SAMBIL VALENCIA;1
2026;FEBRERO;SHORT PLAYA KIDS;[SHOUNKI50T10] SHORT PLAYA KIDS (10, Rojo - 3392);SHOUNKI50T10;KIDS;Rojo;10;CERRO VERDE;1
2026;FEBRERO;SHORT PLAYA CAB;[SHOUNCA187TM] SHORT PLAYA CAB (M, Azul Pizarra - 184735);SHOUNCA187TM;CAB;Azul Pizarra;M;SAMBIL VALENCIA;1
2026;FEBRERO;SHORT PLAYA CAB;[SHOUNCA69TS] SHORT PLAYA CAB (S, Verde Pino - 195920);SHOUNCA69TS;CAB;Verde Pino;S;SAMBIL CHACAO;1
2026;FEBRERO;SHORT PLAYA CAB;[SHOUNCA187TL] SHORT PLAYA CAB (L, Azul Pizarra - 184735);SHOUNCA187TL;CAB;Azul Pizarra;L;SAMBIL CHACAO;1
2026;FEBRERO;SHORT PLAYA CAB;[SHOUNCA187TS] SHORT PLAYA CAB (S, Azul Pizarra - 184735);SHOUNCA187TS;CAB;Azul Pizarra;S;SAMBIL CHACAO;-1
2026;FEBRERO;SHORT PLAYA CAB;[SHOUNCA187TM] SHORT PLAYA CAB (M, Azul Pizarra - 184735);SHOUNCA187TM;CAB;Azul Pizarra;M;SAMBIL CHACAO;1
2026;FEBRERO;SHORT PLAYA CAB;[SHOUNCA38TL] SHORT PLAYA CAB (L, Marron - 171022);SHOUNCA38TL;CAB;Marron;L;CERRO VERDE;1
2026;FEBRERO;SHORT PLAYA ESTAMPADO CAB;[SHOSUCA153TL] SHORT PLAYA ESTAMPADO CAB (L, SAL);SHOSUCA153TL;CAB;Sal;L;CERRO VERDE;1
2026;FEBRERO;SHORT PLAYA ESTAMPADO CAB;[SHOSUCA155T2XL] SHORT PLAYA ESTAMPADO CAB (2XL, PLAYUELA);SHOSUCA155T2XL;CAB;Playuela;2XL;SAMBIL VALENCIA;1
2026;FEBRERO;SHORT PLAYA ESTAMPADO CAB;[SHOSUCA155TXL] SHORT PLAYA ESTAMPADO CAB (XL, PLAYUELA);SHOSUCA155TXL;CAB;Playuela;XL;CERRO VERDE;1
2026;FEBRERO;SHORT PLAYA ESTAMPADO CAB;[SHOSUCA155TL] SHORT PLAYA ESTAMPADO CAB (L, PLAYUELA);SHOSUCA155TL;CAB;Playuela;L;CERRO VERDE;1
2026;FEBRERO;SHORT PLAYA ESTAMPADO CAB;[SHOSUCA154TM] SHORT PLAYA ESTAMPADO CAB (M, SOMBRERO);SHOSUCA154TM;CAB;Sombrero;M;CERRO VERDE;1
2026;FEBRERO;SHORT PLAYA KIDS;[SHOUNKI13T1] SHORT PLAYA KIDS (1, Azul Rey - 50122);SHOUNKI13T1;KIDS;Azul Rey;1;SAMBIL VALENCIA;1
2026;FEBRERO;SHORT PLAYA KIDS;[SHOUNKI29T10] SHORT PLAYA KIDS (10, Gris Azulado - 194316);SHOUNKI29T10;KIDS;Gris Azulado;10;SAMBIL VALENCIA;1
2026;FEBRERO;SHORT PLAYA CAB;[SHOUNCA170TL] SHORT PLAYA CAB (L, Cereza - 191955);SHOUNCA170TL;CAB;Cereza;L;GRAND PLAZ;1
2026;FEBRERO;SHORT PLAYA KIDS;[SHOUNKI29T2] SHORT PLAYA KIDS (2, Gris Azulado - 194316);SHOUNKI29T2;KIDS;Gris Azulado;2;CERRO VERDE;1
2026;FEBRERO;SHORT PLAYA ESTAMPADO KIDS;[SHOSUKI153T10] SHORT PLAYA ESTAMPADO KIDS (10, SAL);SHOSUKI153T10;KIDS;Sal;10;SAMBIL CHACAO;1
2026;FEBRERO;SHORT PLAYA ESTAMPADO CAB;[SHOSUCA153TXL] SHORT PLAYA ESTAMPADO CAB (XL, SAL);SHOSUCA153TXL;CAB;Sal;XL;SAMBIL CHACAO;1
2026;FEBRERO;SHORT PLAYA ESTAMPADO CAB;[SHOSUCA155TXL] SHORT PLAYA ESTAMPADO CAB (XL, PLAYUELA);SHOSUCA155TXL;CAB;Playuela;XL;SAMBIL CHACAO;1
2026;FEBRERO;SHORT PLAYA ESTAMPADO CAB;[SHOSUCA153TXL] SHORT PLAYA ESTAMPADO CAB (XL, SAL);SHOSUCA153TXL;CAB;Sal;XL;SAMBIL VALENCIA;1
2026;FEBRERO;SHORT PLAYA CAB;[SHOUNCA170TM] SHORT PLAYA CAB (M, Cereza - 191955);SHOUNCA170TM;CAB;Cereza;M;SAMBIL VALENCIA;1
2026;FEBRERO;SHORT PLAYA ESTAMPADO CAB;[SHOSUCA153TM] SHORT PLAYA ESTAMPADO CAB (M, SAL);SHOSUCA153TM;CAB;Sal;M;SAMBIL CHACAO;1
2026;FEBRERO;SHORT PLAYA ESTAMPADO CAB;[SHOSUCA156TL] SHORT PLAYA ESTAMPADO CAB (L, TUCUPIDO);SHOSUCA156TL;CAB;Tucupido;L;GRIETA;1
2026;FEBRERO;SHORT PLAYA ESTAMPADO CAB;[SHOSUCA155TL] SHORT PLAYA ESTAMPADO CAB (L, PLAYUELA);SHOSUCA155TL;CAB;Playuela;L;GRIETA;1
2026;FEBRERO;SHORT PLAYA CAB;[SHOUNCA69TL] SHORT PLAYA CAB (L, Verde Pino - 195920);SHOUNCA69TL;CAB;Verde Pino;L;GRIETA;1
2026;FEBRERO;SHORT PLAYA CAB;[SHOUNCA68TL] SHORT PLAYA CAB (L, Verde Oliva - 160421);SHOUNCA68TL;CAB;Verde Oliva;L;WEB;1
2026;FEBRERO;SHORT PLAYA ESTAMPADO KIDS;[SHOSUKI153T12] SHORT PLAYA ESTAMPADO KIDS (12, SAL);SHOSUKI153T12;KIDS;Sal;12;GRAND PLAZ;1
2026;FEBRERO;SHORT PLAYA KIDS;[SHOUNKI01T6] SHORT PLAYA KIDS (6, Aguamarina - 61275);SHOUNKI01T6;KIDS;Aguamarina;6;GRIETA;1
2026;FEBRERO;SHORT PLAYA CAB;[SHOUNCA12TS] SHORT PLAYA CAB (S, Azul Marino - 193933);SHOUNCA12TS;CAB;Azul Marino;S;WEB;1
2026;FEBRERO;SHORT PLAYA ESTAMPADO KIDS;[SHOSUKI156T4] SHORT PLAYA ESTAMPADO KIDS (4, TUCUPIDO);SHOSUKI156T4;KIDS;Tucupido;4;CERRO VERDE;1
2026;FEBRERO;SHORT PLAYA ESTAMPADO KIDS;[SHOSUKI153T8] SHORT PLAYA ESTAMPADO KIDS (8, SAL);SHOSUKI153T8;KIDS;Sal;8;CERRO VERDE;1
2026;FEBRERO;SHORT PLAYA KIDS;[SHOUNKI33T8] SHORT PLAYA KIDS (8, Kaki - 161105);SHOUNKI33T8;KIDS;Kaki;8;CERRO VERDE;1
2026;FEBRERO;SHORT PLAYA KIDS;[SHOUNKI13T4] SHORT PLAYA KIDS (4, Azul Rey - 50122);SHOUNKI13T4;KIDS;Azul Rey;4;CERRO VERDE;1
2026;FEBRERO;SHORT PLAYA ESTAMPADO CAB;[SHOSUCA156TM] SHORT PLAYA ESTAMPADO CAB (M, TUCUPIDO);SHOSUCA156TM;CAB;Tucupido;M;CERRO VERDE;1
2026;FEBRERO;SHORT PLAYA CAB;[SHOUNCA38TL] SHORT PLAYA CAB (L, Marron - 171022);SHOUNCA38TL;CAB;Marron;L;CERRO VERDE;1
2026;FEBRERO;SHORT PLAYA CAB;[SHOUNCA187TL] SHORT PLAYA CAB (L, Azul Pizarra - 184735);SHOUNCA187TL;CAB;Azul Pizarra;L;CERRO VERDE;1
2026;FEBRERO;SHORT PLAYA CAB;[SHOUNCA69TL] SHORT PLAYA CAB (L, Verde Pino - 195920);SHOUNCA69TL;CAB;Verde Pino;L;SAMBIL VALENCIA;1
2026;FEBRERO;SHORT PLAYA ESTAMPADO CAB;[SHOSUCA153TM] SHORT PLAYA ESTAMPADO CAB (M, SAL);SHOSUCA153TM;CAB;Sal;M;SAMBIL VALENCIA;1
2026;FEBRERO;SHORT PLAYA ESTAMPADO KIDS;[SHOSUKI156T12] SHORT PLAYA ESTAMPADO KIDS (12, TUCUPIDO);SHOSUKI156T12;KIDS;Tucupido;12;GRAND PLAZ;1
2026;FEBRERO;SHORT PLAYA ESTAMPADO KIDS;[SHOSUKI155T2] SHORT PLAYA ESTAMPADO KIDS (2, PLAYUELA);SHOSUKI155T2;KIDS;Playuela;2;SAMBIL VALENCIA;1
2026;FEBRERO;SHORT PLAYA CAB;[SHOUNCA170TS] SHORT PLAYA CAB (S, Cereza - 191955);SHOUNCA170TS;CAB;Cereza;S;SAMBIL CHACAO;1
2026;FEBRERO;SHORT PLAYA ESTAMPADO KIDS;[SHOSUKI153T2] SHORT PLAYA ESTAMPADO KIDS (2, SAL);SHOSUKI153T2;KIDS;Sal;2;CERRO VERDE;1
2026;FEBRERO;SHORT PLAYA CAB;[SHOUNCA38TM] SHORT PLAYA CAB (M, Marron - 171022);SHOUNCA38TM;CAB;Marron;M;SAMBIL VALENCIA;1
2026;FEBRERO;SHORT PLAYA CAB;[SHOUNCA187TM] SHORT PLAYA CAB (M, Azul Pizarra - 184735);SHOUNCA187TM;CAB;Azul Pizarra;M;SAMBIL VALENCIA;1
2026;FEBRERO;SHORT PLAYA ESTAMPADO CAB;[SHOSUCA153TXL] SHORT PLAYA ESTAMPADO CAB (XL, SAL);SHOSUCA153TXL;CAB;Sal;XL;GRIETA;1
2026;FEBRERO;SHORT PLAYA KIDS;[SHOUNKI29T4] SHORT PLAYA KIDS (4, Gris Azulado - 194316);SHOUNKI29T4;KIDS;Gris Azulado;4;SAMBIL CHACAO;1
2026;FEBRERO;SHORT PLAYA CAB;[SHOUNCA69TL] SHORT PLAYA CAB (L, Verde Pino - 195920);SHOUNCA69TL;CAB;Verde Pino;L;GRIETA;1
2026;FEBRERO;SHORT PLAYA ESTAMPADO CAB;[SHOSUCA155TM] SHORT PLAYA ESTAMPADO CAB (M, PLAYUELA);SHOSUCA155TM;CAB;Playuela;M;CERRO VERDE;1
2026;FEBRERO;SHORT PLAYA ESTAMPADO CAB;[SHOSUCA153TL] SHORT PLAYA ESTAMPADO CAB (L, SAL);SHOSUCA153TL;CAB;Sal;L;SAMBIL VALENCIA;1
2026;FEBRERO;SHORT PLAYA ESTAMPADO CAB;[SHOSUCA153TL] SHORT PLAYA ESTAMPADO CAB (L, SAL);SHOSUCA153TL;CAB;Sal;L;CERRO VERDE;1
2026;FEBRERO;SHORT PLAYA ESTAMPADO CAB;[SHOSUCA155TL] SHORT PLAYA ESTAMPADO CAB (L, PLAYUELA);SHOSUCA155TL;CAB;Playuela;L;CERRO VERDE;1
2026;FEBRERO;SHORT PLAYA ESTAMPADO KIDS;[SHOSUKI155T6] SHORT PLAYA ESTAMPADO KIDS (6, PLAYUELA);SHOSUKI155T6;KIDS;Playuela;6;SAMBIL VALENCIA;1
2026;FEBRERO;SHORT PLAYA ESTAMPADO CAB;[SHOSUCA155TM] SHORT PLAYA ESTAMPADO CAB (M, PLAYUELA);SHOSUCA155TM;CAB;Playuela;M;SAMBIL VALENCIA;1
2026;FEBRERO;SHORT PLAYA ESTAMPADO CAB;[SHOSUCA155TXL] SHORT PLAYA ESTAMPADO CAB (XL, PLAYUELA);SHOSUCA155TXL;CAB;Playuela;XL;GRAND PLAZ;1
2026;FEBRERO;SHORT PLAYA CAB;[SHOUNCA187TM] SHORT PLAYA CAB (M, Azul Pizarra - 184735);SHOUNCA187TM;CAB;Azul Pizarra;M;CERRO VERDE;1
2026;FEBRERO;SHORT PLAYA CAB;[SHOUNCA170TS] SHORT PLAYA CAB (S, Cereza - 191955);SHOUNCA170TS;CAB;Cereza;S;GRAND PLAZ;-1
2026;FEBRERO;SHORT PLAYA CAB;[SHOUNCA170TM] SHORT PLAYA CAB (M, Cereza - 191955);SHOUNCA170TM;CAB;Cereza;M;GRAND PLAZ;1
2026;FEBRERO;SHORT PLAYA CAB;[SHOUNCA69TL] SHORT PLAYA CAB (L, Verde Pino - 195920);SHOUNCA69TL;CAB;Verde Pino;L;CERRO VERDE;1
2026;FEBRERO;SHORT PLAYA CAB;[SHOUNCA187TL] SHORT PLAYA CAB (L, Azul Pizarra - 184735);SHOUNCA187TL;CAB;Azul Pizarra;L;SAMBIL VALENCIA;1
2026;FEBRERO;SHORT PLAYA ESTAMPADO CAB;[SHOSUCA153TL] SHORT PLAYA ESTAMPADO CAB (L, SAL);SHOSUCA153TL;CAB;Sal;L;SAMBIL CHACAO;1
2026;FEBRERO;SHORT PLAYA ESTAMPADO CAB;[SHOSUCA156TL] SHORT PLAYA ESTAMPADO CAB (L, TUCUPIDO);SHOSUCA156TL;CAB;Tucupido;L;GRIETA;1
2026;FEBRERO;SHORT PLAYA CAB;[SHOUNCA69TL] SHORT PLAYA CAB (L, Verde Pino - 195920);SHOUNCA69TL;CAB;Verde Pino;L;GRIETA;1
2026;FEBRERO;SHORT PLAYA CAB;[SHOUNCA187TL] SHORT PLAYA CAB (L, Azul Pizarra - 184735);SHOUNCA187TL;CAB;Azul Pizarra;L;GRIETA;1
2026;FEBRERO;SHORT PLAYA CAB;[SHOUNCA187TL] SHORT PLAYA CAB (L, Azul Pizarra - 184735);SHOUNCA187TL;CAB;Azul Pizarra;L;GRIETA;1
2026;FEBRERO;SHORT PLAYA KIDS;[SHOUNKI57T10] SHORT PLAYA KIDS (10, Terracota - 161344);SHOUNKI57T10;KIDS;Terracota;10;CERRO VERDE;1
2026;FEBRERO;SHORT PLAYA ESTAMPADO KIDS;[SHOSUKI153T2] SHORT PLAYA ESTAMPADO KIDS (2, SAL);SHOSUKI153T2;KIDS;Sal;2;CERRO VERDE;1
2026;FEBRERO;SHORT PLAYA ESTAMPADO KIDS;[SHOSUKI153T4] SHORT PLAYA ESTAMPADO KIDS (4, SAL);SHOSUKI153T4;KIDS;Sal;4;CERRO VERDE;1
2026;FEBRERO;SHORT PLAYA ESTAMPADO CAB;[SHOSUCA155TM] SHORT PLAYA ESTAMPADO CAB (M, PLAYUELA);SHOSUCA155TM;CAB;Playuela;M;SAMBIL CHACAO;1
2026;FEBRERO;SHORT PLAYA ESTAMPADO CAB;[SHOSUCA153TM] SHORT PLAYA ESTAMPADO CAB (M, SAL);SHOSUCA153TM;CAB;Sal;M;SAMBIL CHACAO;1
2026;FEBRERO;SHORT PLAYA CAB;[SHOUNCA170TM] SHORT PLAYA CAB (M, Cereza - 191955);SHOUNCA170TM;CAB;Cereza;M;SAMBIL VALENCIA;1
2026;FEBRERO;SHORT PLAYA ESTAMPADO KIDS;[SHOSUKI156T8] SHORT PLAYA ESTAMPADO KIDS (8, TUCUPIDO);SHOSUKI156T8;KIDS;Tucupido;8;SAMBIL VALENCIA;1
2026;FEBRERO;SHORT PLAYA CAB;[SHOUNCA69TM] SHORT PLAYA CAB (M, Verde Pino - 195920);SHOUNCA69TM;CAB;Verde Pino;M;SAMBIL VALENCIA;1
2026;FEBRERO;SHORT PLAYA ESTAMPADO KIDS;[SHOSUKI153T8] SHORT PLAYA ESTAMPADO KIDS (8, SAL);SHOSUKI153T8;KIDS;Sal;8;SAMBIL VALENCIA;1
2026;FEBRERO;SHORT PLAYA ESTAMPADO KIDS;[SHOSUKI155T12] SHORT PLAYA ESTAMPADO KIDS (12, PLAYUELA);SHOSUKI155T12;KIDS;Playuela;12;SAMBIL VALENCIA;1
2026;FEBRERO;SHORT PLAYA CAB;[SHOUNCA170TL] SHORT PLAYA CAB (L, Cereza - 191955);SHOUNCA170TL;CAB;Cereza;L;SAMBIL CHACAO;1
2026;FEBRERO;SHORT PLAYA CAB;[SHOUNCA187TL] SHORT PLAYA CAB (L, Azul Pizarra - 184735);SHOUNCA187TL;CAB;Azul Pizarra;L;SAMBIL CHACAO;1
2026;FEBRERO;SHORT PLAYA KIDS;[SHOUNKI50T8] SHORT PLAYA KIDS (8, Rojo - 3392);SHOUNKI50T8;KIDS;Rojo;8;SAMBIL CHACAO;1
2026;FEBRERO;SHORT PLAYA ESTAMPADO CAB;[SHOSUCA153TXL] SHORT PLAYA ESTAMPADO CAB (XL, SAL);SHOSUCA153TXL;CAB;Sal;XL;SAMBIL CHACAO;1
2026;FEBRERO;SHORT PLAYA ESTAMPADO CAB;[SHOSUCA153T2XL] SHORT PLAYA ESTAMPADO CAB (2XL, SAL);SHOSUCA153T2XL;CAB;Sal;2XL;SAMBIL VALENCIA;1
2026;FEBRERO;SHORT PLAYA ESTAMPADO CAB;[SHOSUCA153TXL] SHORT PLAYA ESTAMPADO CAB (XL, SAL);SHOSUCA153TXL;CAB;Sal;XL;SAMBIL VALENCIA;1
2026;FEBRERO;SHORT PLAYA CAB;[SHOUNCA187TS] SHORT PLAYA CAB (S, Azul Pizarra - 184735);SHOUNCA187TS;CAB;Azul Pizarra;S;CERRO VERDE;1
2026;FEBRERO;SHORT PLAYA ESTAMPADO CAB;[SHOSUCA155T2XL] SHORT PLAYA ESTAMPADO CAB (2XL, PLAYUELA);SHOSUCA155T2XL;CAB;Playuela;2XL;SAMBIL VALENCIA;1
2026;FEBRERO;SHORT PLAYA KIDS;[SHOUNKI29T12] SHORT PLAYA KIDS (12, Gris Azulado - 194316);SHOUNKI29T12;KIDS;Gris Azulado;12;SAMBIL CHACAO;1
2026;FEBRERO;SHORT PLAYA ESTAMPADO CAB;[SHOSUCA155TS] SHORT PLAYA ESTAMPADO CAB (S, PLAYUELA);SHOSUCA155TS;CAB;Playuela;S;SAMBIL CHACAO;1
2026;FEBRERO;SHORT PLAYA ESTAMPADO KIDS;[SHOSUKI154T8] SHORT PLAYA ESTAMPADO KIDS (8, SOMBRERO);SHOSUKI154T8;KIDS;Sombrero;8;GRIETA;1
2026;FEBRERO;SHORT PLAYA CAB;[SHOUNCA170TL] SHORT PLAYA CAB (L, Cereza - 191955);SHOUNCA170TL;CAB;Cereza;L;CERRO VERDE;1
2026;FEBRERO;SHORT PLAYA ESTAMPADO CAB;[SHOSUCA155TM] SHORT PLAYA ESTAMPADO CAB (M, PLAYUELA);SHOSUCA155TM;CAB;Playuela;M;SAMBIL CHACAO;1
2026;FEBRERO;SHORT PLAYA KIDS;[SHOUNKI57T4] SHORT PLAYA KIDS (4, Terracota - 161344);SHOUNKI57T4;KIDS;Terracota;4;CERRO VERDE;1
2026;FEBRERO;SHORT PLAYA KIDS;[SHOUNKI01T4] SHORT PLAYA KIDS (4, Aguamarina - 61275);SHOUNKI01T4;KIDS;Aguamarina;4;CERRO VERDE;1
2026;FEBRERO;SHORT PLAYA KIDS;[SHOUNKI13T8] SHORT PLAYA KIDS (8, Azul Rey - 50122);SHOUNKI13T8;KIDS;Azul Rey;8;GRIETA;1
2026;FEBRERO;SHORT PLAYA CAB;[SHOUNCA170TM] SHORT PLAYA CAB (M, Cereza - 191955);SHOUNCA170TM;CAB;Cereza;M;SAMBIL VALENCIA;1
2026;FEBRERO;SHORT PLAYA ESTAMPADO CAB;[SHOSUCA153TXL] SHORT PLAYA ESTAMPADO CAB (XL, SAL);SHOSUCA153TXL;CAB;Sal;XL;CERRO VERDE;1
2026;FEBRERO;SHORT PLAYA KIDS;[SHOUNKI01T10] SHORT PLAYA KIDS (10, Aguamarina - 61275);SHOUNKI01T10;KIDS;Aguamarina;10;GRIETA;1
2026;FEBRERO;SHORT PLAYA KIDS;[SHOUNKI50T2] SHORT PLAYA KIDS (2, Rojo - 3392);SHOUNKI50T2;KIDS;Rojo;2;CERRO VERDE;1
2026;FEBRERO;SHORT PLAYA ESTAMPADO CAB;[SHOSUCA155T2XL] SHORT PLAYA ESTAMPADO CAB (2XL, PLAYUELA);SHOSUCA155T2XL;CAB;Playuela;2XL;GRAND PLAZ;1
2026;FEBRERO;SHORT PLAYA CAB;[SHOUNCA170TL] SHORT PLAYA CAB (L, Cereza - 191955);SHOUNCA170TL;CAB;Cereza;L;CERRO VERDE;1
2026;FEBRERO;SHORT PLAYA CAB;[SHOUNCA69TL] SHORT PLAYA CAB (L, Verde Pino - 195920);SHOUNCA69TL;CAB;Verde Pino;L;CERRO VERDE;1
2026;FEBRERO;SHORT PLAYA CAB;[SHOUNCA170TS] SHORT PLAYA CAB (S, Cereza - 191955);SHOUNCA170TS;CAB;Cereza;S;SAMBIL CHACAO;1
2026;FEBRERO;SHORT PLAYA CAB;[SHOUNCA187TS] SHORT PLAYA CAB (S, Azul Pizarra - 184735);SHOUNCA187TS;CAB;Azul Pizarra;S;SAMBIL CHACAO;1
2026;FEBRERO;SHORT PLAYA ESTAMPADO CAB;[SHOSUCA153TS] SHORT PLAYA ESTAMPADO CAB (S, SAL);SHOSUCA153TS;CAB;Sal;S;SAMBIL CHACAO;1
2026;FEBRERO;SHORT PLAYA ESTAMPADO KIDS;[SHOSUKI155T14] SHORT PLAYA ESTAMPADO KIDS (14, PLAYUELA);SHOSUKI155T14;KIDS;Playuela;14;GRIETA;1
2026;FEBRERO;SHORT PLAYA CAB;[SHOUNCA170TM] SHORT PLAYA CAB (M, Cereza - 191955);SHOUNCA170TM;CAB;Cereza;M;CERRO VERDE;1
2026;FEBRERO;SHORT PLAYA CAB;[SHOUNCA38TL] SHORT PLAYA CAB (L, Marron - 171022);SHOUNCA38TL;CAB;Marron;L;CERRO VERDE;1
2026;FEBRERO;SHORT PLAYA KIDS;[SHOUNKI23T4] SHORT PLAYA KIDS (4, Coral - 181649);SHOUNKI23T4;KIDS;Coral;4;CERRO VERDE;1
2026;FEBRERO;SHORT PLAYA CAB;[SHOUNCA170TM] SHORT PLAYA CAB (M, Cereza - 191955);SHOUNCA170TM;CAB;Cereza;M;SAMBIL CHACAO;1
2026;FEBRERO;SHORT PLAYA CAB;[SHOUNCA187TL] SHORT PLAYA CAB (L, Azul Pizarra - 184735);SHOUNCA187TL;CAB;Azul Pizarra;L;GRAND PLAZ;1
2026;FEBRERO;SHORT PLAYA ESTAMPADO KIDS;[SHOSUKI153T2] SHORT PLAYA ESTAMPADO KIDS (2, SAL);SHOSUKI153T2;KIDS;Sal;2;GRIETA;1
2026;FEBRERO;SHORT PLAYA ESTAMPADO CAB;[SHOSUCA153TS] SHORT PLAYA ESTAMPADO CAB (S, SAL);SHOSUCA153TS;CAB;Sal;S;SAMBIL VALENCIA;1
2026;FEBRERO;SHORT PLAYA ESTAMPADO CAB;[SHOSUCA153TXL] SHORT PLAYA ESTAMPADO CAB (XL, SAL);SHOSUCA153TXL;CAB;Sal;XL;SAMBIL VALENCIA;1
2026;FEBRERO;SHORT PLAYA ESTAMPADO CAB;[SHOSUCA153TL] SHORT PLAYA ESTAMPADO CAB (L, SAL);SHOSUCA153TL;CAB;Sal;L;SAMBIL VALENCIA;1
2026;FEBRERO;SHORT PLAYA ESTAMPADO CAB;[SHOSUCA155TM] SHORT PLAYA ESTAMPADO CAB (M, PLAYUELA);SHOSUCA155TM;CAB;Playuela;M;GRIETA;1
2026;FEBRERO;SHORT PLAYA ESTAMPADO CAB;[SHOSUCA155TM] SHORT PLAYA ESTAMPADO CAB (M, PLAYUELA);SHOSUCA155TM;CAB;Playuela;M;CERRO VERDE;1
2026;FEBRERO;SHORT PLAYA ESTAMPADO CAB;[SHOSUCA154TL] SHORT PLAYA ESTAMPADO CAB (L, SOMBRERO);SHOSUCA154TL;CAB;Sombrero;L;CERRO VERDE;1
2026;FEBRERO;SHORT PLAYA CAB;[SHOUNCA170TL] SHORT PLAYA CAB (L, Cereza - 191955);SHOUNCA170TL;CAB;Cereza;L;GRIETA;1
2026;FEBRERO;SHORT PLAYA ESTAMPADO CAB;[SHOSUCA153TM] SHORT PLAYA ESTAMPADO CAB (M, SAL);SHOSUCA153TM;CAB;Sal;M;SAMBIL CHACAO;1
2026;FEBRERO;SHORT PLAYA ESTAMPADO CAB;[SHOSUCA153T2XL] SHORT PLAYA ESTAMPADO CAB (2XL, SAL);SHOSUCA153T2XL;CAB;Sal;2XL;SAMBIL CHACAO;1
2026;FEBRERO;SHORT PLAYA ESTAMPADO CAB;[SHOSUCA153TM] SHORT PLAYA ESTAMPADO CAB (M, SAL);SHOSUCA153TM;CAB;Sal;M;CERRO VERDE;1
2026;FEBRERO;SHORT PLAYA ESTAMPADO CAB;[SHOSUCA155TXL] SHORT PLAYA ESTAMPADO CAB (XL, PLAYUELA);SHOSUCA155TXL;CAB;Playuela;XL;GRIETA;1
2026;FEBRERO;SHORT PLAYA CAB;[SHOUNCA187TL] SHORT PLAYA CAB (L, Azul Pizarra - 184735);SHOUNCA187TL;CAB;Azul Pizarra;L;SAMBIL VALENCIA;1
2026;FEBRERO;SHORT PLAYA ESTAMPADO KIDS;[SHOSUKI155T1] SHORT PLAYA ESTAMPADO KIDS (1, PLAYUELA);SHOSUKI155T1;KIDS;Playuela;1;SAMBIL VALENCIA;2
2026;FEBRERO;SHORT PLAYA CAB;[SHOUNCA69TM] SHORT PLAYA CAB (M, Verde Pino - 195920);SHOUNCA69TM;CAB;Verde Pino;M;GRIETA;1
2026;FEBRERO;SHORT PLAYA KIDS;[SHOUNKI57T4] SHORT PLAYA KIDS (4, Terracota - 161344);SHOUNKI57T4;KIDS;Terracota;4;SAMBIL VALENCIA;1
2026;FEBRERO;SHORT PLAYA KIDS;[SHOUNKI33T4] SHORT PLAYA KIDS (4, Kaki - 161105);SHOUNKI33T4;KIDS;Kaki;4;SAMBIL VALENCIA;1
2026;FEBRERO;SHORT PLAYA CAB;[SHOUNCA69TS] SHORT PLAYA CAB (S, Verde Pino - 195920);SHOUNCA69TS;CAB;Verde Pino;S;CERRO VERDE;1
2026;FEBRERO;SHORT PLAYA CAB;[SHOUNCA69TM] SHORT PLAYA CAB (M, Verde Pino - 195920);SHOUNCA69TM;CAB;Verde Pino;M;SAMBIL VALENCIA;1
2026;FEBRERO;SHORT PLAYA CAB;[SHOUNCA170TL] SHORT PLAYA CAB (L, Cereza - 191955);SHOUNCA170TL;CAB;Cereza;L;CERRO VERDE;1
2026;FEBRERO;SHORT PLAYA ESTAMPADO CAB;[SHOSUCA154TL] SHORT PLAYA ESTAMPADO CAB (L, SOMBRERO);SHOSUCA154TL;CAB;Sombrero;L;CERRO VERDE;1
2026;FEBRERO;SHORT PLAYA ESTAMPADO CAB;[SHOSUCA153TL] SHORT PLAYA ESTAMPADO CAB (L, SAL);SHOSUCA153TL;CAB;Sal;L;CERRO VERDE;1
2026;FEBRERO;SHORT PLAYA ESTAMPADO CAB;[SHOSUCA155TL] SHORT PLAYA ESTAMPADO CAB (L, PLAYUELA);SHOSUCA155TL;CAB;Playuela;L;CERRO VERDE;1
2026;FEBRERO;SHORT PLAYA ESTAMPADO CAB;[SHOSUCA155TM] SHORT PLAYA ESTAMPADO CAB (M, PLAYUELA);SHOSUCA155TM;CAB;Playuela;M;SAMBIL CHACAO;1
2026;FEBRERO;SHORT PLAYA KIDS;[SHOUNKI12T4] SHORT PLAYA KIDS (4, Azul Marino - 5102);SHOUNKI12T4;KIDS;Azul Marino;4;SAMBIL VALENCIA;1
2026;FEBRERO;SHORT PLAYA KIDS;[SHOUNKI01T4] SHORT PLAYA KIDS (4, Aguamarina - 61275);SHOUNKI01T4;KIDS;Aguamarina;4;SAMBIL VALENCIA;1
2026;FEBRERO;SHORT PLAYA ESTAMPADO CAB;[SHOSUCA155TM] SHORT PLAYA ESTAMPADO CAB (M, PLAYUELA);SHOSUCA155TM;CAB;Playuela;M;GRAND PLAZ;1
2026;FEBRERO;SHORT PLAYA ESTAMPADO CAB;[SHOSUCA155TM] SHORT PLAYA ESTAMPADO CAB (M, PLAYUELA);SHOSUCA155TM;CAB;Playuela;M;CERRO VERDE;1
2026;FEBRERO;SHORT PLAYA KIDS;[SHOUNKI68T14] SHORT PLAYA KIDS (14, Verde Oliva - 160421);SHOUNKI68T14;KIDS;Verde Oliva;14;CERRO VERDE;1
2026;FEBRERO;SHORT PLAYA ESTAMPADO CAB;[SHOSUCA153TM] SHORT PLAYA ESTAMPADO CAB (M, SAL);SHOSUCA153TM;CAB;Sal;M;GRIETA;1
2026;FEBRERO;SHORT PLAYA ESTAMPADO CAB;[SHOSUCA155TXL] SHORT PLAYA ESTAMPADO CAB (XL, PLAYUELA);SHOSUCA155TXL;CAB;Playuela;XL;SAMBIL VALENCIA;1
2026;FEBRERO;SHORT PLAYA ESTAMPADO CAB;[SHOSUCA153TL] SHORT PLAYA ESTAMPADO CAB (L, SAL);SHOSUCA153TL;CAB;Sal;L;SAMBIL VALENCIA;1
2026;FEBRERO;SHORT PLAYA CAB;[SHOUNCA69TL] SHORT PLAYA CAB (L, Verde Pino - 195920);SHOUNCA69TL;CAB;Verde Pino;L;SAMBIL VALENCIA;1
2026;FEBRERO;SHORT PLAYA ESTAMPADO CAB;[SHOSUCA155TM] SHORT PLAYA ESTAMPADO CAB (M, PLAYUELA);SHOSUCA155TM;CAB;Playuela;M;GRIETA;1
2026;FEBRERO;SHORT PLAYA CAB;[SHOUNCA69TL] SHORT PLAYA CAB (L, Verde Pino - 195920);SHOUNCA69TL;CAB;Verde Pino;L;SAMBIL VALENCIA;1
2026;FEBRERO;SHORT PLAYA ESTAMPADO CAB;[SHOSUCA153TL] SHORT PLAYA ESTAMPADO CAB (L, SAL);SHOSUCA153TL;CAB;Sal;L;GRIETA;1
2026;FEBRERO;SHORT PLAYA ESTAMPADO CAB;[SHOSUCA153TS] SHORT PLAYA ESTAMPADO CAB (S, SAL);SHOSUCA153TS;CAB;Sal;S;SAMBIL VALENCIA;1
2026;FEBRERO;SHORT PLAYA ESTAMPADO CAB;[SHOSUCA155T2XL] SHORT PLAYA ESTAMPADO CAB (2XL, PLAYUELA);SHOSUCA155T2XL;CAB;Playuela;2XL;SAMBIL CHACAO;1
2026;FEBRERO;SHORT PLAYA ESTAMPADO CAB;[SHOSUCA153T2XL] SHORT PLAYA ESTAMPADO CAB (2XL, SAL);SHOSUCA153T2XL;CAB;Sal;2XL;SAMBIL CHACAO;1
2026;FEBRERO;SHORT PLAYA ESTAMPADO CAB;[SHOSUCA155TXL] SHORT PLAYA ESTAMPADO CAB (XL, PLAYUELA);SHOSUCA155TXL;CAB;Playuela;XL;GRIETA;1
2026;FEBRERO;SHORT PLAYA ESTAMPADO CAB;[SHOSUCA155TXL] SHORT PLAYA ESTAMPADO CAB (XL, PLAYUELA);SHOSUCA155TXL;CAB;Playuela;XL;GRAND PLAZ;1
2026;FEBRERO;SHORT PLAYA KIDS;[SHOUNKI68T14] SHORT PLAYA KIDS (14, Verde Oliva - 160421);SHOUNKI68T14;KIDS;Verde Oliva;14;SAMBIL VALENCIA;1
2026;FEBRERO;SHORT PLAYA ESTAMPADO CAB;[SHOSUCA156TL] SHORT PLAYA ESTAMPADO CAB (L, TUCUPIDO);SHOSUCA156TL;CAB;Tucupido;L;CERRO VERDE;1
2026;FEBRERO;SHORT PLAYA CAB;[SHOUNCA69TS] SHORT PLAYA CAB (S, Verde Pino - 195920);SHOUNCA69TS;CAB;Verde Pino;S;SAMBIL CHACAO;1
2026;FEBRERO;SHORT PLAYA ESTAMPADO CAB;[SHOSUCA153TS] SHORT PLAYA ESTAMPADO CAB (S, SAL);SHOSUCA153TS;CAB;Sal;S;SAMBIL CHACAO;1
2026;FEBRERO;SHORT PLAYA KIDS;[SHOUNKI01T10] SHORT PLAYA KIDS (10, Aguamarina - 61275);SHOUNKI01T10;KIDS;Aguamarina;10;SAMBIL CHACAO;1
2026;FEBRERO;SHORT PLAYA CAB;[SHOUNCA69TL] SHORT PLAYA CAB (L, Verde Pino - 195920);SHOUNCA69TL;CAB;Verde Pino;L;SAMBIL CHACAO;1
2026;FEBRERO;SHORT PLAYA CAB;[SHOUNCA38TL] SHORT PLAYA CAB (L, Marron - 171022);SHOUNCA38TL;CAB;Marron;L;SAMBIL CHACAO;1
2026;FEBRERO;SHORT PLAYA ESTAMPADO CAB;[SHOSUCA155TXL] SHORT PLAYA ESTAMPADO CAB (XL, PLAYUELA);SHOSUCA155TXL;CAB;Playuela;XL;SAMBIL CHACAO;1
2026;FEBRERO;SHORT PLAYA CAB;[SHOUNCA170TL] SHORT PLAYA CAB (L, Cereza - 191955);SHOUNCA170TL;CAB;Cereza;L;GRIETA;1
2026;FEBRERO;SHORT PLAYA KIDS;[SHOUNKI50T2] SHORT PLAYA KIDS (2, Rojo - 3392);SHOUNKI50T2;KIDS;Rojo;2;GRIETA;1
2026;FEBRERO;SHORT PLAYA CAB;[SHOUNCA69TL] SHORT PLAYA CAB (L, Verde Pino - 195920);SHOUNCA69TL;CAB;Verde Pino;L;SAMBIL VALENCIA;1
2026;FEBRERO;SHORT PLAYA CAB;[SHOUNCA69TM] SHORT PLAYA CAB (M, Verde Pino - 195920);SHOUNCA69TM;CAB;Verde Pino;M;GRIETA;1
2026;FEBRERO;SHORT PLAYA CAB;[SHOUNCA170TL] SHORT PLAYA CAB (L, Cereza - 191955);SHOUNCA170TL;CAB;Cereza;L;GRIETA;1
2026;FEBRERO;SHORT PLAYA CAB;[SHOUNCA170TL] SHORT PLAYA CAB (L, Cereza - 191955);SHOUNCA170TL;CAB;Cereza;L;CERRO VERDE;1
2026;FEBRERO;SHORT PLAYA CAB;[SHOUNCA170TM] SHORT PLAYA CAB (M, Cereza - 191955);SHOUNCA170TM;CAB;Cereza;M;SAMBIL VALENCIA;1
2026;FEBRERO;SHORT PLAYA CAB;[SHOUNCA69TS] SHORT PLAYA CAB (S, Verde Pino - 195920);SHOUNCA69TS;CAB;Verde Pino;S;GRIETA;1
2026;FEBRERO;SHORT PLAYA CAB;[SHOUNCA187TM] SHORT PLAYA CAB (M, Azul Pizarra - 184735);SHOUNCA187TM;CAB;Azul Pizarra;M;GRIETA;1
2026;FEBRERO;SHORT PLAYA CAB;[SHOUNCA38TM] SHORT PLAYA CAB (M, Marron - 171022);SHOUNCA38TM;CAB;Marron;M;GRIETA;1
2026;FEBRERO;SHORT PLAYA ESTAMPADO CAB;[SHOSUCA153TXL] SHORT PLAYA ESTAMPADO CAB (XL, SAL);SHOSUCA153TXL;CAB;Sal;XL;GRIETA;1
2026;FEBRERO;SHORT PLAYA ESTAMPADO CAB;[SHOSUCA155TL] SHORT PLAYA ESTAMPADO CAB (L, PLAYUELA);SHOSUCA155TL;CAB;Playuela;L;SAMBIL VALENCIA;1
2026;FEBRERO;SHORT PLAYA KIDS;[SHOUNKI50T14] SHORT PLAYA KIDS (14, Rojo - 3392);SHOUNKI50T14;KIDS;Rojo;14;SAMBIL VALENCIA;1
2026;FEBRERO;SHORT PLAYA KIDS;[SHOUNKI12T4] SHORT PLAYA KIDS (4, Azul Marino - 5102);SHOUNKI12T4;KIDS;Azul Marino;4;SAMBIL VALENCIA;1
2026;FEBRERO;SHORT PLAYA ESTAMPADO CAB;[SHOSUCA155TM] SHORT PLAYA ESTAMPADO CAB (M, PLAYUELA);SHOSUCA155TM;CAB;Playuela;M;SAMBIL VALENCIA;1
2026;FEBRERO;SHORT PLAYA KIDS;[SHOUNKI01T12] SHORT PLAYA KIDS (12, Aguamarina - 61275);SHOUNKI01T12;KIDS;Aguamarina;12;SAMBIL VALENCIA;1
2026;FEBRERO;SHORT PLAYA KIDS;[SHOUNKI33T14] SHORT PLAYA KIDS (14, Kaki - 161105);SHOUNKI33T14;KIDS;Kaki;14;SAMBIL VALENCIA;1
2026;FEBRERO;SHORT PLAYA ESTAMPADO CAB;[SHOSUCA155T2XL] SHORT PLAYA ESTAMPADO CAB (2XL, PLAYUELA);SHOSUCA155T2XL;CAB;Playuela;2XL;SAMBIL CHACAO;1
2026;FEBRERO;SHORT PLAYA CAB;[SHOUNCA187TM] SHORT PLAYA CAB (M, Azul Pizarra - 184735);SHOUNCA187TM;CAB;Azul Pizarra;M;GRIETA;1
2026;FEBRERO;SHORT PLAYA ESTAMPADO CAB;[SHOSUCA153TXL] SHORT PLAYA ESTAMPADO CAB (XL, SAL);SHOSUCA153TXL;CAB;Sal;XL;SAMBIL VALENCIA;1
2026;FEBRERO;SHORT PLAYA ESTAMPADO KIDS;[SHOSUKI154T12] SHORT PLAYA ESTAMPADO KIDS (12, SOMBRERO);SHOSUKI154T12;KIDS;Sombrero;12;GRAND PLAZ;1
2026;FEBRERO;SHORT PLAYA KIDS;[SHOUNKI50T4] SHORT PLAYA KIDS (4, Rojo - 3392);SHOUNKI50T4;KIDS;Rojo;4;SAMBIL VALENCIA;1
2026;FEBRERO;SHORT PLAYA CAB;[SHOUNCA38TL] SHORT PLAYA CAB (L, Marron - 171022);SHOUNCA38TL;CAB;Marron;L;SAMBIL VALENCIA;1
2026;FEBRERO;SHORT PLAYA CAB;[SHOUNCA170TS] SHORT PLAYA CAB (S, Cereza - 191955);SHOUNCA170TS;CAB;Cereza;S;GRIETA;1
2026;FEBRERO;SHORT PLAYA ESTAMPADO CAB;[SHOSUCA155TS] SHORT PLAYA ESTAMPADO CAB (S, PLAYUELA);SHOSUCA155TS;CAB;Playuela;S;GRIETA;1
2026;FEBRERO;SHORT PLAYA ESTAMPADO CAB;[SHOSUCA153TL] SHORT PLAYA ESTAMPADO CAB (L, SAL);SHOSUCA153TL;CAB;Sal;L;GRIETA;1
2026;FEBRERO;SHORT PLAYA ESTAMPADO CAB;[SHOSUCA153TM] SHORT PLAYA ESTAMPADO CAB (M, SAL);SHOSUCA153TM;CAB;Sal;M;SAMBIL VALENCIA;1
2026;FEBRERO;SHORT PLAYA ESTAMPADO CAB;[SHOSUCA153TL] SHORT PLAYA ESTAMPADO CAB (L, SAL);SHOSUCA153TL;CAB;Sal;L;SAMBIL VALENCIA;1
2026;FEBRERO;SHORT PLAYA KIDS;[SHOUNKI29T1] SHORT PLAYA KIDS (1, Gris Azulado - 194316);SHOUNKI29T1;KIDS;Gris Azulado;1;SAMBIL CHACAO;1
2026;FEBRERO;SHORT PLAYA ESTAMPADO CAB;[SHOSUCA155TM] SHORT PLAYA ESTAMPADO CAB (M, PLAYUELA);SHOSUCA155TM;CAB;Playuela;M;SAMBIL CHACAO;1
2026;FEBRERO;SHORT PLAYA ESTAMPADO CAB;[SHOSUCA153TXL] SHORT PLAYA ESTAMPADO CAB (XL, SAL);SHOSUCA153TXL;CAB;Sal;XL;SAMBIL CHACAO;1
2026;FEBRERO;SHORT PLAYA ESTAMPADO CAB;[SHOSUCA153TXL] SHORT PLAYA ESTAMPADO CAB (XL, SAL);SHOSUCA153TXL;CAB;Sal;XL;CERRO VERDE;1
2026;FEBRERO;SHORT PLAYA ESTAMPADO CAB;[SHOSUCA155TXL] SHORT PLAYA ESTAMPADO CAB (XL, PLAYUELA);SHOSUCA155TXL;CAB;Playuela;XL;SAMBIL VALENCIA;1
2026;FEBRERO;SHORT PLAYA KIDS;[SHOUNKI57T14] SHORT PLAYA KIDS (14, Terracota - 161344);SHOUNKI57T14;KIDS;Terracota;14;SAMBIL VALENCIA;1
2026;FEBRERO;SHORT PLAYA ESTAMPADO KIDS;[SHOSUKI156T14] SHORT PLAYA ESTAMPADO KIDS (14, TUCUPIDO);SHOSUKI156T14;KIDS;Tucupido;14;SAMBIL VALENCIA;1
2026;FEBRERO;SHORT PLAYA ESTAMPADO KIDS;[SHOSUKI153T14] SHORT PLAYA ESTAMPADO KIDS (14, SAL);SHOSUKI153T14;KIDS;Sal;14;GRIETA;1
2026;FEBRERO;SHORT PLAYA ESTAMPADO CAB;[SHOSUCA155TXL] SHORT PLAYA ESTAMPADO CAB (XL, PLAYUELA);SHOSUCA155TXL;CAB;Playuela;XL;SAMBIL VALENCIA;1
2026;FEBRERO;SHORT PLAYA ESTAMPADO CAB;[SHOSUCA155TL] SHORT PLAYA ESTAMPADO CAB (L, PLAYUELA);SHOSUCA155TL;CAB;Playuela;L;SAMBIL CHACAO;1
2026;FEBRERO;SHORT PLAYA KIDS;[SHOUNKI57T8] SHORT PLAYA KIDS (8, Terracota - 161344);SHOUNKI57T8;KIDS;Terracota;8;SAMBIL VALENCIA;1
2026;FEBRERO;SHORT PLAYA ESTAMPADO CAB;[SHOSUCA153TL] SHORT PLAYA ESTAMPADO CAB (L, SAL);SHOSUCA153TL;CAB;Sal;L;CERRO VERDE;1
2026;FEBRERO;SHORT PLAYA KIDS;[SHOUNKI13T6] SHORT PLAYA KIDS (6, Azul Rey - 50122);SHOUNKI13T6;KIDS;Azul Rey;6;CERRO VERDE;1
2026;FEBRERO;SHORT PLAYA KIDS;[SHOUNKI12T6] SHORT PLAYA KIDS (6, Azul Marino - 5102);SHOUNKI12T6;KIDS;Azul Marino;6;CERRO VERDE;1
2026;FEBRERO;SHORT PLAYA KIDS;[SHOUNKI12T14] SHORT PLAYA KIDS (14, Azul Marino - 5102);SHOUNKI12T14;KIDS;Azul Marino;14;CERRO VERDE;1
2026;FEBRERO;SHORT PLAYA KIDS;[SHOUNKI12T10] SHORT PLAYA KIDS (10, Azul Marino - 5102);SHOUNKI12T10;KIDS;Azul Marino;10;GRIETA;1
2026;FEBRERO;SHORT PLAYA KIDS;[SHOUNKI12T4] SHORT PLAYA KIDS (4, Azul Marino - 5102);SHOUNKI12T4;KIDS;Azul Marino;4;GRIETA;1
2026;FEBRERO;SHORT PLAYA ESTAMPADO CAB;[SHOSUCA154T2XL] SHORT PLAYA ESTAMPADO CAB (2XL, SOMBRERO);SHOSUCA154T2XL;CAB;Sombrero;2XL;SAMBIL VALENCIA;1
2026;FEBRERO;SHORT PLAYA ESTAMPADO CAB;[SHOSUCA155TXL] SHORT PLAYA ESTAMPADO CAB (XL, PLAYUELA);SHOSUCA155TXL;CAB;Playuela;XL;CERRO VERDE;1
2026;FEBRERO;SHORT PLAYA ESTAMPADO CAB;[SHOSUCA154TS] SHORT PLAYA ESTAMPADO CAB (S, SOMBRERO);SHOSUCA154TS;CAB;Sombrero;S;SAMBIL CHACAO;1
2026;FEBRERO;SHORT PLAYA ESTAMPADO CAB;[SHOSUCA153TL] SHORT PLAYA ESTAMPADO CAB (L, SAL);SHOSUCA153TL;CAB;Sal;L;CERRO VERDE;-1
2026;FEBRERO;SHORT PLAYA ESTAMPADO CAB;[SHOSUCA153TS] SHORT PLAYA ESTAMPADO CAB (S, SAL);SHOSUCA153TS;CAB;Sal;S;CERRO VERDE;1
2026;FEBRERO;SHORT PLAYA KIDS;[SHOUNKI13T10] SHORT PLAYA KIDS (10, Azul Rey - 50122);SHOUNKI13T10;KIDS;Azul Rey;10;GRIETA;1
2026;FEBRERO;SHORT PLAYA KIDS;[SHOUNKI13T6] SHORT PLAYA KIDS (6, Azul Rey - 50122);SHOUNKI13T6;KIDS;Azul Rey;6;SAMBIL VALENCIA;1
2026;FEBRERO;SHORT PLAYA ESTAMPADO CAB;[SHOSUCA153TXL] SHORT PLAYA ESTAMPADO CAB (XL, SAL);SHOSUCA153TXL;CAB;Sal;XL;CERRO VERDE;1
2026;FEBRERO;SHORT PLAYA CAB;[SHOUNCA187TL] SHORT PLAYA CAB (L, Azul Pizarra - 184735);SHOUNCA187TL;CAB;Azul Pizarra;L;SAMBIL CHACAO;1
2026;FEBRERO;SHORT PLAYA CAB;[SHOUNCA170TL] SHORT PLAYA CAB (L, Cereza - 191955);SHOUNCA170TL;CAB;Cereza;L;SAMBIL VALENCIA;1
2026;FEBRERO;SHORT PLAYA ESTAMPADO CAB;[SHOSUCA153TM] SHORT PLAYA ESTAMPADO CAB (M, SAL);SHOSUCA153TM;CAB;Sal;M;SAMBIL VALENCIA;1
2026;FEBRERO;SHORT PLAYA ESTAMPADO CAB;[SHOSUCA153T2XL] SHORT PLAYA ESTAMPADO CAB (2XL, SAL);SHOSUCA153T2XL;CAB;Sal;2XL;SAMBIL CHACAO;1
2026;FEBRERO;SHORT PLAYA CAB;[SHOUNCA187TM] SHORT PLAYA CAB (M, Azul Pizarra - 184735);SHOUNCA187TM;CAB;Azul Pizarra;M;SAMBIL CHACAO;1
2026;FEBRERO;SHORT PLAYA ESTAMPADO CAB;[SHOSUCA153TM] SHORT PLAYA ESTAMPADO CAB (M, SAL);SHOSUCA153TM;CAB;Sal;M;SAMBIL CHACAO;1
2026;FEBRERO;SHORT PLAYA KIDS;[SHOUNKI33T14] SHORT PLAYA KIDS (14, Kaki - 161105);SHOUNKI33T14;KIDS;Kaki;14;SAMBIL CHACAO;1
2026;FEBRERO;SHORT PLAYA ESTAMPADO CAB;[SHOSUCA153TS] SHORT PLAYA ESTAMPADO CAB (S, SAL);SHOSUCA153TS;CAB;Sal;S;SAMBIL CHACAO;1
2026;FEBRERO;SHORT PLAYA CAB;[SHOUNCA187TM] SHORT PLAYA CAB (M, Azul Pizarra - 184735);SHOUNCA187TM;CAB;Azul Pizarra;M;SAMBIL CHACAO;1
2026;FEBRERO;SHORT PLAYA CAB;[SHOUNCA69TM] SHORT PLAYA CAB (M, Verde Pino - 195920);SHOUNCA69TM;CAB;Verde Pino;M;SAMBIL CHACAO;1
2026;FEBRERO;SHORT PLAYA CAB;[SHOUNCA38TL] SHORT PLAYA CAB (L, Marron - 171022);SHOUNCA38TL;CAB;Marron;L;SAMBIL CHACAO;1
2026;FEBRERO;SHORT PLAYA KIDS;[SHOUNKI01T12] SHORT PLAYA KIDS (12, Aguamarina - 61275);SHOUNKI01T12;KIDS;Aguamarina;12;GRIETA;1
2026;FEBRERO;SHORT PLAYA ESTAMPADO CAB;[SHOSUCA153TXL] SHORT PLAYA ESTAMPADO CAB (XL, SAL);SHOSUCA153TXL;CAB;Sal;XL;CERRO VERDE;1
2026;FEBRERO;SHORT PLAYA ESTAMPADO CAB;[SHOSUCA155TXL] SHORT PLAYA ESTAMPADO CAB (XL, PLAYUELA);SHOSUCA155TXL;CAB;Playuela;XL;SAMBIL VALENCIA;1
2026;FEBRERO;SHORT PLAYA ESTAMPADO CAB;[SHOSUCA153TM] SHORT PLAYA ESTAMPADO CAB (M, SAL);SHOSUCA153TM;CAB;Sal;M;SAMBIL VALENCIA;1
2026;FEBRERO;SHORT PLAYA ESTAMPADO CAB;[SHOSUCA155TM] SHORT PLAYA ESTAMPADO CAB (M, PLAYUELA);SHOSUCA155TM;CAB;Playuela;M;GRIETA;1
2026;FEBRERO;SHORT PLAYA CAB;[SHOUNCA38TM] SHORT PLAYA CAB (M, Marron - 171022);SHOUNCA38TM;CAB;Marron;M;GRIETA;1
2026;FEBRERO;SHORT PLAYA ESTAMPADO KIDS;[SHOSUKI155T14] SHORT PLAYA ESTAMPADO KIDS (14, PLAYUELA);SHOSUKI155T14;KIDS;Playuela;14;GRIETA;1
2026;FEBRERO;SHORT PLAYA KIDS;[SHOUNKI57T8] SHORT PLAYA KIDS (8, Terracota - 161344);SHOUNKI57T8;KIDS;Terracota;8;CERRO VERDE;1
2026;FEBRERO;SHORT PLAYA KIDS;[SHOUNKI50T4] SHORT PLAYA KIDS (4, Rojo - 3392);SHOUNKI50T4;KIDS;Rojo;4;CERRO VERDE;1
2026;FEBRERO;SHORT PLAYA CAB;[SHOUNCA57T2XL] SHORT PLAYA CAB (2XL, Terracota - 161344);SHOUNCA57T2XL;CAB;Terracota;2XL;CERRO VERDE;1
2026;FEBRERO;SHORT PLAYA CAB;[SHOUNCA170TS] SHORT PLAYA CAB (S, Cereza - 191955);SHOUNCA170TS;CAB;Cereza;S;SAMBIL VALENCIA;1
2026;FEBRERO;SHORT PLAYA CAB;[SHOUNCA187TM] SHORT PLAYA CAB (M, Azul Pizarra - 184735);SHOUNCA187TM;CAB;Azul Pizarra;M;SAMBIL CHACAO;1
2026;FEBRERO;SHORT PLAYA KIDS;[SHOUNKI50T2] SHORT PLAYA KIDS (2, Rojo - 3392);SHOUNKI50T2;KIDS;Rojo;2;CERRO VERDE;1
2026;FEBRERO;SHORT PLAYA KIDS;[SHOUNKI12T2] SHORT PLAYA KIDS (2, Azul Marino - 5102);SHOUNKI12T2;KIDS;Azul Marino;2;CERRO VERDE;2
2026;FEBRERO;SHORT PLAYA ESTAMPADO CAB;[SHOSUCA155T2XL] SHORT PLAYA ESTAMPADO CAB (2XL, PLAYUELA);SHOSUCA155T2XL;CAB;Playuela;2XL;SAMBIL VALENCIA;1
2026;FEBRERO;SHORT PLAYA KIDS;[SHOUNKI57T14] SHORT PLAYA KIDS (14, Terracota - 161344);SHOUNKI57T14;KIDS;Terracota;14;SAMBIL VALENCIA;1
2026;FEBRERO;SHORT PLAYA KIDS;[SHOUNKI68T14] SHORT PLAYA KIDS (14, Verde Oliva - 160421);SHOUNKI68T14;KIDS;Verde Oliva;14;SAMBIL VALENCIA;1
2026;FEBRERO;SHORT PLAYA CAB;[SHOUNCA187TS] SHORT PLAYA CAB (S, Azul Pizarra - 184735);SHOUNCA187TS;CAB;Azul Pizarra;S;CERRO VERDE;1
2026;FEBRERO;SHORT PLAYA ESTAMPADO CAB;[SHOSUCA155TXL] SHORT PLAYA ESTAMPADO CAB (XL, PLAYUELA);SHOSUCA155TXL;CAB;Playuela;XL;SAMBIL CHACAO;1
2026;FEBRERO;SHORT PLAYA CAB;[SHOUNCA170TL] SHORT PLAYA CAB (L, Cereza - 191955);SHOUNCA170TL;CAB;Cereza;L;GRIETA;1
2026;FEBRERO;SHORT PLAYA KIDS;[SHOUNKI01T14] SHORT PLAYA KIDS (14, Aguamarina - 61275);SHOUNKI01T14;KIDS;Aguamarina;14;SAMBIL VALENCIA;1
2026;FEBRERO;SHORT PLAYA CAB;[SHOUNCA170TM] SHORT PLAYA CAB (M, Cereza - 191955);SHOUNCA170TM;CAB;Cereza;M;GRIETA;1
2026;FEBRERO;SHORT PLAYA KIDS;[SHOUNKI01T12] SHORT PLAYA KIDS (12, Aguamarina - 61275);SHOUNKI01T12;KIDS;Aguamarina;12;GRIETA;-1
2026;FEBRERO;SHORT PLAYA KIDS;[SHOUNKI01T14] SHORT PLAYA KIDS (14, Aguamarina - 61275);SHOUNKI01T14;KIDS;Aguamarina;14;GRIETA;1
2026;FEBRERO;SHORT PLAYA KIDS;[SHOUNKI13T1] SHORT PLAYA KIDS (1, Azul Rey - 50122);SHOUNKI13T1;KIDS;Azul Rey;1;CERRO VERDE;1
2026;FEBRERO;SHORT PLAYA ESTAMPADO CAB;[SHOSUCA153TL] SHORT PLAYA ESTAMPADO CAB (L, SAL);SHOSUCA153TL;CAB;Sal;L;SAMBIL CHACAO;1
2026;FEBRERO;SHORT PLAYA ESTAMPADO CAB;[SHOSUCA155TM] SHORT PLAYA ESTAMPADO CAB (M, PLAYUELA);SHOSUCA155TM;CAB;Playuela;M;CERRO VERDE;1
2026;FEBRERO;SHORT PLAYA ESTAMPADO CAB;[SHOSUCA155TXL] SHORT PLAYA ESTAMPADO CAB (XL, PLAYUELA);SHOSUCA155TXL;CAB;Playuela;XL;SAMBIL CHACAO;1
2026;FEBRERO;SHORT PLAYA ESTAMPADO CAB;[SHOSUCA153TL] SHORT PLAYA ESTAMPADO CAB (L, SAL);SHOSUCA153TL;CAB;Sal;L;SAMBIL VALENCIA;1
2026;FEBRERO;SHORT PLAYA CAB;[SHOUNCA69T2XL] SHORT PLAYA CAB (2XL, Verde Pino - 195920);SHOUNCA69T2XL;CAB;Verde Pino;2XL;SAMBIL VALENCIA;2
2026;FEBRERO;SHORT PLAYA KIDS;[SHOUNKI12T14] SHORT PLAYA KIDS (14, Azul Marino - 5102);SHOUNKI12T14;KIDS;Azul Marino;14;CERRO VERDE;-1
2026;FEBRERO;SHORT PLAYA KIDS;[SHOUNKI01T10] SHORT PLAYA KIDS (10, Aguamarina - 61275);SHOUNKI01T10;KIDS;Aguamarina;10;CERRO VERDE;1
2026;FEBRERO;SHORT PLAYA ESTAMPADO KIDS;[SHOSUKI155T12] SHORT PLAYA ESTAMPADO KIDS (12, PLAYUELA);SHOSUKI155T12;KIDS;Playuela;12;GRIETA;1
2026;FEBRERO;SHORT PLAYA ESTAMPADO CAB;[SHOSUCA153TXL] SHORT PLAYA ESTAMPADO CAB (XL, SAL);SHOSUCA153TXL;CAB;Sal;XL;CERRO VERDE;1
2026;FEBRERO;SHORT PLAYA ESTAMPADO CAB;[SHOSUCA155T2XL] SHORT PLAYA ESTAMPADO CAB (2XL, PLAYUELA);SHOSUCA155T2XL;CAB;Playuela;2XL;GRAND PLAZ;1
2026;FEBRERO;SHORT PLAYA KIDS;[SHOUNKI50T4] SHORT PLAYA KIDS (4, Rojo - 3392);SHOUNKI50T4;KIDS;Rojo;4;GRIETA;1
2026;FEBRERO;SHORT PLAYA ESTAMPADO KIDS;[SHOSUKI153T14] SHORT PLAYA ESTAMPADO KIDS (14, SAL);SHOSUKI153T14;KIDS;Sal;14;SAMBIL CHACAO;1
2026;FEBRERO;SHORT PLAYA ESTAMPADO KIDS;[SHOSUKI153T2] SHORT PLAYA ESTAMPADO KIDS (2, SAL);SHOSUKI153T2;KIDS;Sal;2;SAMBIL VALENCIA;1
2026;FEBRERO;SHORT PLAYA ESTAMPADO KIDS;[SHOSUKI156T2] SHORT PLAYA ESTAMPADO KIDS (2, TUCUPIDO);SHOSUKI156T2;KIDS;Tucupido;2;SAMBIL VALENCIA;1
2026;FEBRERO;SHORT PLAYA KIDS;[SHOUNKI01T14] SHORT PLAYA KIDS (14, Aguamarina - 61275);SHOUNKI01T14;KIDS;Aguamarina;14;SAMBIL VALENCIA;1
2026;FEBRERO;SHORT PLAYA ESTAMPADO CAB;[SHOSUCA155TM] SHORT PLAYA ESTAMPADO CAB (M, PLAYUELA);SHOSUCA155TM;CAB;Playuela;M;SAMBIL CHACAO;1
2026;FEBRERO;SHORT PLAYA KIDS;[SHOUNKI29T4] SHORT PLAYA KIDS (4, Gris Azulado - 194316);SHOUNKI29T4;KIDS;Gris Azulado;4;GRIETA;1
2026;FEBRERO;SHORT PLAYA KIDS;[SHOUNKI29T6] SHORT PLAYA KIDS (6, Gris Azulado - 194316);SHOUNKI29T6;KIDS;Gris Azulado;6;GRIETA;1
2026;FEBRERO;SHORT PLAYA KIDS;[SHOUNKI29T1] SHORT PLAYA KIDS (1, Gris Azulado - 194316);SHOUNKI29T1;KIDS;Gris Azulado;1;GRIETA;1
2026;FEBRERO;SHORT PLAYA ESTAMPADO KIDS;[SHOSUKI155T10] SHORT PLAYA ESTAMPADO KIDS (10, PLAYUELA);SHOSUKI155T10;KIDS;Playuela;10;CERRO VERDE;1
2026;FEBRERO;SHORT PLAYA KIDS;[SHOUNKI01T14] SHORT PLAYA KIDS (14, Aguamarina - 61275);SHOUNKI01T14;KIDS;Aguamarina;14;SAMBIL CHACAO;1
2026;FEBRERO;SHORT PLAYA ESTAMPADO KIDS;[SHOSUKI156T14] SHORT PLAYA ESTAMPADO KIDS (14, TUCUPIDO);SHOSUKI156T14;KIDS;Tucupido;14;CERRO VERDE;1
2026;FEBRERO;SHORT PLAYA ESTAMPADO KIDS;[SHOSUKI156T10] SHORT PLAYA ESTAMPADO KIDS (10, TUCUPIDO);SHOSUKI156T10;KIDS;Tucupido;10;CERRO VERDE;1
2026;FEBRERO;SHORT PLAYA CAB;[SHOUNCA170TM] SHORT PLAYA CAB (M, Cereza - 191955);SHOUNCA170TM;CAB;Cereza;M;SAMBIL CHACAO;2
2026;FEBRERO;SHORT PLAYA ESTAMPADO KIDS;[SHOSUKI154T12] SHORT PLAYA ESTAMPADO KIDS (12, SOMBRERO);SHOSUKI154T12;KIDS;Sombrero;12;GRIETA;1
2026;FEBRERO;SHORT PLAYA ESTAMPADO KIDS;[SHOSUKI155T14] SHORT PLAYA ESTAMPADO KIDS (14, PLAYUELA);SHOSUKI155T14;KIDS;Playuela;14;GRIETA;1
2026;FEBRERO;SHORT PLAYA ESTAMPADO KIDS;[SHOSUKI154T6] SHORT PLAYA ESTAMPADO KIDS (6, SOMBRERO);SHOSUKI154T6;KIDS;Sombrero;6;SAMBIL VALENCIA;1
2026;FEBRERO;SHORT PLAYA KIDS;[SHOUNKI68T6] SHORT PLAYA KIDS (6, Verde Oliva - 160421);SHOUNKI68T6;KIDS;Verde Oliva;6;SAMBIL VALENCIA;1
2026;FEBRERO;SHORT PLAYA KIDS;[SHOUNKI29T6] SHORT PLAYA KIDS (6, Gris Azulado - 194316);SHOUNKI29T6;KIDS;Gris Azulado;6;SAMBIL VALENCIA;1
2026;FEBRERO;SHORT PLAYA KIDS;[SHOUNKI57T6] SHORT PLAYA KIDS (6, Terracota - 161344);SHOUNKI57T6;KIDS;Terracota;6;SAMBIL VALENCIA;1
2026;FEBRERO;SHORT PLAYA KIDS;[SHOUNKI33T6] SHORT PLAYA KIDS (6, Kaki - 161105);SHOUNKI33T6;KIDS;Kaki;6;SAMBIL VALENCIA;1
2026;FEBRERO;SHORT PLAYA CAB;[SHOUNCA38TL] SHORT PLAYA CAB (L, Marron - 171022);SHOUNCA38TL;CAB;Marron;L;SAMBIL VALENCIA;1
2026;FEBRERO;SHORT PLAYA CAB;[SHOUNCA01TL] SHORT PLAYA CAB (L, Aguamarina - 135313);SHOUNCA01TL;CAB;Aguamarina;L;SAMBIL VALENCIA;1
2026;FEBRERO;SHORT PLAYA CAB;[SHOUNCA68TL] SHORT PLAYA CAB (L, Verde Oliva - 160421);SHOUNCA68TL;CAB;Verde Oliva;L;SAMBIL VALENCIA;1
2026;FEBRERO;SHORT PLAYA CAB;[SHOUNCA29TL] SHORT PLAYA CAB (L, Gris Azulado - 194316);SHOUNCA29TL;CAB;Gris Azulado;L;SAMBIL VALENCIA;1
2026;MARZO;SHORT PLAYA CAB;[SHOUNCA69TXL] SHORT PLAYA CAB (XL, Verde Pino - 195920);SHOUNCA69TXL;CAB;Verde Pino;XL;GRIETA;1
2026;MARZO;SHORT PLAYA KIDS;[SHOUNKI13T8] SHORT PLAYA KIDS (8, Azul Rey - 50122);SHOUNKI13T8;KIDS;Azul Rey;8;CERRO VERDE;1
2026;MARZO;SHORT PLAYA KIDS;[SHOUNKI12T8] SHORT PLAYA KIDS (8, Azul Marino - 5102);SHOUNKI12T8;KIDS;Azul Marino;8;CERRO VERDE;1
2026;MARZO;SHORT PLAYA KIDS;[SHOUNKI01T12] SHORT PLAYA KIDS (12, Aguamarina - 61275);SHOUNKI01T12;KIDS;Aguamarina;12;CERRO VERDE;1
2026;MARZO;SHORT PLAYA KIDS;[SHOUNKI12T12] SHORT PLAYA KIDS (12, Azul Marino - 5102);SHOUNKI12T12;KIDS;Azul Marino;12;CERRO VERDE;1
2026;MARZO;SHORT PLAYA ESTAMPADO KIDS;[SHOSUKI156T10] SHORT PLAYA ESTAMPADO KIDS (10, TUCUPIDO);SHOSUKI156T10;KIDS;Tucupido;10;GRIETA;1
2026;MARZO;SHORT PLAYA ESTAMPADO CAB;[SHOSUCA153TXL] SHORT PLAYA ESTAMPADO CAB (XL, SAL);SHOSUCA153TXL;CAB;Sal;XL;GRIETA;1
2026;MARZO;SHORT PLAYA ESTAMPADO KIDS;[SHOSUKI155T2] SHORT PLAYA ESTAMPADO KIDS (2, PLAYUELA);SHOSUKI155T2;KIDS;Playuela;2;GRIETA;1
2026;MARZO;SHORT PLAYA ESTAMPADO CAB;[SHOSUCA155TS] SHORT PLAYA ESTAMPADO CAB (S, PLAYUELA);SHOSUCA155TS;CAB;Playuela;S;CERRO VERDE;1
2026;MARZO;SHORT PLAYA KIDS;[SHOUNKI29T12] SHORT PLAYA KIDS (12, Gris Azulado - 194316);SHOUNKI29T12;KIDS;Gris Azulado;12;GRIETA;1
2026;MARZO;SHORT PLAYA ESTAMPADO CAB;[SHOSUCA155TS] SHORT PLAYA ESTAMPADO CAB (S, PLAYUELA);SHOSUCA155TS;CAB;Playuela;S;CERRO VERDE;-1
2026;MARZO;SHORT PLAYA ESTAMPADO CAB;[SHOSUCA155TM] SHORT PLAYA ESTAMPADO CAB (M, PLAYUELA);SHOSUCA155TM;CAB;Playuela;M;CERRO VERDE;1
2026;MARZO;SHORT PLAYA CAB;[SHOUNCA29T4XL] SHORT PLAYA CAB (4XL, Gris Azulado - 194316);SHOUNCA29T4XL;CAB;Gris Azulado;4XL;CERRO VERDE;1
2026;MARZO;SHORT PLAYA CAB;[SHOUNCA12T4XL] SHORT PLAYA CAB (4XL, Azul Marino - 193933);SHOUNCA12T4XL;CAB;Azul Marino;4XL;CERRO VERDE;1
2026;MARZO;SHORT PLAYA CAB;[SHOUNCA170TM] SHORT PLAYA CAB (M, Cereza - 191955);SHOUNCA170TM;CAB;Cereza;M;SAMBIL CHACAO;-1
2026;MARZO;SHORT PLAYA CAB;[SHOUNCA69TXL] SHORT PLAYA CAB (XL, Verde Pino - 195920);SHOUNCA69TXL;CAB;Verde Pino;XL;GRIETA;1
2026;MARZO;SHORT PLAYA KIDS;[SHOUNKI01T12] SHORT PLAYA KIDS (12, Aguamarina - 61275);SHOUNKI01T12;KIDS;Aguamarina;12;GRIETA;1
2026;MARZO;SHORT PLAYA CAB;[SHOUNCA69TL] SHORT PLAYA CAB (L, Verde Pino - 195920);SHOUNCA69TL;CAB;Verde Pino;L;SAMBIL CHACAO;1
2026;MARZO;SHORT PLAYA ESTAMPADO CAB;[SHOSUCA155TS] SHORT PLAYA ESTAMPADO CAB (S, PLAYUELA);SHOSUCA155TS;CAB;Playuela;S;GRAND PLAZ;1
2026;MARZO;SHORT PLAYA CAB;[SHOUNCA69TM] SHORT PLAYA CAB (M, Verde Pino - 195920);SHOUNCA69TM;CAB;Verde Pino;M;GRIETA;1
2026;MARZO;SHORT PLAYA ESTAMPADO KIDS;[SHOSUKI156T8] SHORT PLAYA ESTAMPADO KIDS (8, TUCUPIDO);SHOSUKI156T8;KIDS;Tucupido;8;SAMBIL VALENCIA;1
2026;MARZO;SHORT PLAYA ESTAMPADO KIDS;[SHOSUKI155T8] SHORT PLAYA ESTAMPADO KIDS (8, PLAYUELA);SHOSUKI155T8;KIDS;Playuela;8;SAMBIL VALENCIA;1
2026;MARZO;SHORT PLAYA KIDS;[SHOUNKI12T12] SHORT PLAYA KIDS (12, Azul Marino - 5102);SHOUNKI12T12;KIDS;Azul Marino;12;GRIETA;1
2026;MARZO;SHORT PLAYA ESTAMPADO KIDS;[SHOSUKI153T14] SHORT PLAYA ESTAMPADO KIDS (14, SAL);SHOSUKI153T14;KIDS;Sal;14;CERRO VERDE;2
2026;MARZO;SHORT PLAYA ESTAMPADO CAB;[SHOSUCA154TL] SHORT PLAYA ESTAMPADO CAB (L, SOMBRERO);SHOSUCA154TL;CAB;Sombrero;L;SAMBIL CHACAO;1
2026;MARZO;SHORT PLAYA ESTAMPADO CAB;[SHOSUCA155T2XL] SHORT PLAYA ESTAMPADO CAB (2XL, PLAYUELA);SHOSUCA155T2XL;CAB;Playuela;2XL;GRIETA;1
2026;MARZO;SHORT PLAYA ESTAMPADO CAB;[SHOSUCA156T2XL] SHORT PLAYA ESTAMPADO CAB (2XL, TUCUPIDO);SHOSUCA156T2XL;CAB;Tucupido;2XL;GRIETA;1
2026;MARZO;SHORT PLAYA ESTAMPADO CAB;[SHOSUCA153T2XL] SHORT PLAYA ESTAMPADO CAB (2XL, SAL);SHOSUCA153T2XL;CAB;Sal;2XL;GRIETA;1
2026;MARZO;SHORT PLAYA ESTAMPADO CAB;[SHOSUCA153TM] SHORT PLAYA ESTAMPADO CAB (M, SAL);SHOSUCA153TM;CAB;Sal;M;PEDIDOS;1
2026;MARZO;SHORT PLAYA ESTAMPADO CAB;[SHOSUCA154TM] SHORT PLAYA ESTAMPADO CAB (M, SOMBRERO);SHOSUCA154TM;CAB;Sombrero;M;SAMBIL CHACAO;1
2026;MARZO;SHORT PLAYA ESTAMPADO CAB;[SHOSUCA153TM] SHORT PLAYA ESTAMPADO CAB (M, SAL);SHOSUCA153TM;CAB;Sal;M;SAMBIL CHACAO;1
2026;MARZO;SHORT PLAYA ESTAMPADO CAB;[SHOSUCA155TM] SHORT PLAYA ESTAMPADO CAB (M, PLAYUELA);SHOSUCA155TM;CAB;Playuela;M;SAMBIL CHACAO;1
2026;MARZO;SHORT PLAYA CAB;[SHOUNCA38TM] SHORT PLAYA CAB (M, Marron - 171022);SHOUNCA38TM;CAB;Marron;M;GRIETA;1
2026;MARZO;SHORT PLAYA KIDS;[SHOUNKI33T10] SHORT PLAYA KIDS (10, Kaki - 161105);SHOUNKI33T10;KIDS;Kaki;10;GRIETA;1
2026;MARZO;SHORT PLAYA KIDS;[SHOUNKI29T8] SHORT PLAYA KIDS (8, Gris Azulado - 194316);SHOUNKI29T8;KIDS;Gris Azulado;8;SAMBIL CHACAO;1
2026;MARZO;SHORT PLAYA CAB;[SHOUNCA69TM] SHORT PLAYA CAB (M, Verde Pino - 195920);SHOUNCA69TM;CAB;Verde Pino;M;GRIETA;1
2026;MARZO;SHORT PLAYA ESTAMPADO KIDS;[SHOSUKI155T1] SHORT PLAYA ESTAMPADO KIDS (1, PLAYUELA);SHOSUKI155T1;KIDS;Playuela;1;SAMBIL VALENCIA;1
2026;MARZO;SHORT PLAYA ESTAMPADO CAB;[SHOSUCA153TL] SHORT PLAYA ESTAMPADO CAB (L, SAL);SHOSUCA153TL;CAB;Sal;L;SAMBIL VALENCIA;1
2026;MARZO;SHORT PLAYA ESTAMPADO CAB;[SHOSUCA153TL] SHORT PLAYA ESTAMPADO CAB (L, SAL);SHOSUCA153TL;CAB;Sal;L;SAMBIL VALENCIA;-1
2026;MARZO;SHORT PLAYA ESTAMPADO CAB;[SHOSUCA155TL] SHORT PLAYA ESTAMPADO CAB (L, PLAYUELA);SHOSUCA155TL;CAB;Playuela;L;SAMBIL VALENCIA;1
2026;MARZO;SHORT PLAYA ESTAMPADO CAB;[SHOSUCA153TL] SHORT PLAYA ESTAMPADO CAB (L, SAL);SHOSUCA153TL;CAB;Sal;L;SAMBIL CHACAO;1
2026;MARZO;SHORT PLAYA ESTAMPADO CAB;[SHOSUCA153TM] SHORT PLAYA ESTAMPADO CAB (M, SAL);SHOSUCA153TM;CAB;Sal;M;GRIETA;1
2026;MARZO;SHORT PLAYA CAB;[SHOUNCA187TM] SHORT PLAYA CAB (M, Azul Pizarra - 184735);SHOUNCA187TM;CAB;Azul Pizarra;M;GRIETA;1
2026;MARZO;SHORT PLAYA ESTAMPADO CAB;[SHOSUCA155TL] SHORT PLAYA ESTAMPADO CAB (L, PLAYUELA);SHOSUCA155TL;CAB;Playuela;L;CERRO VERDE;1
2026;MARZO;SHORT PLAYA CAB;[SHOUNCA38TM] SHORT PLAYA CAB (M, Marron - 171022);SHOUNCA38TM;CAB;Marron;M;SAMBIL VALENCIA;1
2026;MARZO;SHORT PLAYA ESTAMPADO KIDS;[SHOSUKI155T10] SHORT PLAYA ESTAMPADO KIDS (10, PLAYUELA);SHOSUKI155T10;KIDS;Playuela;10;SAMBIL CHACAO;1
2026;MARZO;SHORT PLAYA KIDS;[SHOUNKI29T12] SHORT PLAYA KIDS (12, Gris Azulado - 194316);SHOUNKI29T12;KIDS;Gris Azulado;12;SAMBIL CHACAO;1
2026;MARZO;SHORT PLAYA KIDS;[SHOUNKI01T12] SHORT PLAYA KIDS (12, Aguamarina - 61275);SHOUNKI01T12;KIDS;Aguamarina;12;SAMBIL CHACAO;1
2026;MARZO;SHORT PLAYA ESTAMPADO KIDS;[SHOSUKI154T12] SHORT PLAYA ESTAMPADO KIDS (12, SOMBRERO);SHOSUKI154T12;KIDS;Sombrero;12;CERRO VERDE;1
2026;MARZO;SHORT PLAYA ESTAMPADO CAB;[SHOSUCA154TM] SHORT PLAYA ESTAMPADO CAB (M, SOMBRERO);SHOSUCA154TM;CAB;Sombrero;M;CERRO VERDE;1
2026;MARZO;SHORT PLAYA CAB;[SHOUNCA187T2XL] SHORT PLAYA CAB (2XL, Azul Pizarra - 184735);SHOUNCA187T2XL;CAB;Azul Pizarra;2XL;SAMBIL CHACAO;1
2026;MARZO;SHORT PLAYA CAB;[SHOUNCA69TXL] SHORT PLAYA CAB (XL, Verde Pino - 195920);SHOUNCA69TXL;CAB;Verde Pino;XL;GRIETA;1
2026;MARZO;SHORT PLAYA ESTAMPADO CAB;[SHOSUCA153TXL] SHORT PLAYA ESTAMPADO CAB (XL, SAL);SHOSUCA153TXL;CAB;Sal;XL;GRIETA;1
2026;MARZO;SHORT PLAYA KIDS;[SHOUNKI23T2] SHORT PLAYA KIDS (2, Coral - 181649);SHOUNKI23T2;KIDS;Coral;2;CERRO VERDE;1
2026;MARZO;SHORT PLAYA CAB;[SHOUNCA69TL] SHORT PLAYA CAB (L, Verde Pino - 195920);SHOUNCA69TL;CAB;Verde Pino;L;SAMBIL CHACAO;1
2026;MARZO;SHORT PLAYA ESTAMPADO CAB;[SHOSUCA154TL] SHORT PLAYA ESTAMPADO CAB (L, SOMBRERO);SHOSUCA154TL;CAB;Sombrero;L;SAMBIL CHACAO;1
2026;MARZO;SHORT PLAYA KIDS;[SHOUNKI68T8] SHORT PLAYA KIDS (8, Verde Oliva - 160421);SHOUNKI68T8;KIDS;Verde Oliva;8;GRIETA;1
2026;MARZO;SHORT PLAYA KIDS;[SHOUNKI50T8] SHORT PLAYA KIDS (8, Rojo - 3392);SHOUNKI50T8;KIDS;Rojo;8;GRIETA;1
2026;MARZO;SHORT PLAYA ESTAMPADO CAB;[SHOSUCA153TL] SHORT PLAYA ESTAMPADO CAB (L, SAL);SHOSUCA153TL;CAB;Sal;L;CERRO VERDE;1
2026;MARZO;SHORT PLAYA ESTAMPADO CAB;[SHOSUCA153TL] SHORT PLAYA ESTAMPADO CAB (L, SAL);SHOSUCA153TL;CAB;Sal;L;CERRO VERDE;1
2026;MARZO;SHORT PLAYA ESTAMPADO CAB;[SHOSUCA155TL] SHORT PLAYA ESTAMPADO CAB (L, PLAYUELA);SHOSUCA155TL;CAB;Playuela;L;CERRO VERDE;1
2026;MARZO;SHORT PLAYA ESTAMPADO CAB;[SHOSUCA155TS] SHORT PLAYA ESTAMPADO CAB (S, PLAYUELA);SHOSUCA155TS;CAB;Playuela;S;SAMBIL VALENCIA;1
2026;MARZO;SHORT PLAYA ESTAMPADO CAB;[SHOSUCA153TL] SHORT PLAYA ESTAMPADO CAB (L, SAL);SHOSUCA153TL;CAB;Sal;L;CERRO VERDE;1
2026;MARZO;SHORT PLAYA CAB;[SHOUNCA38TS] SHORT PLAYA CAB (S, Marron - 171022);SHOUNCA38TS;CAB;Marron;S;GRIETA;1
2026;MARZO;SHORT PLAYA ESTAMPADO KIDS;[SHOSUKI155T8] SHORT PLAYA ESTAMPADO KIDS (8, PLAYUELA);SHOSUKI155T8;KIDS;Playuela;8;GRIETA;1
2026;MARZO;SHORT PLAYA CAB;[SHOUNCA186T2XL] SHORT PLAYA CAB (2XL, Azul Verdoso - 194524);SHOUNCA186T2XL;CAB;Azul Verdoso;2XL;SAMBIL VALENCIA;1
2026;MARZO;SHORT PLAYA ESTAMPADO CAB;[SHOSUCA156TL] SHORT PLAYA ESTAMPADO CAB (L, TUCUPIDO);SHOSUCA156TL;CAB;Tucupido;L;CERRO VERDE;1
2026;MARZO;SHORT PLAYA ESTAMPADO KIDS;[SHOSUKI153T14] SHORT PLAYA ESTAMPADO KIDS (14, SAL);SHOSUKI153T14;KIDS;Sal;14;CERRO VERDE;1
2026;MARZO;SHORT PLAYA ESTAMPADO KIDS;[SHOSUKI153T10] SHORT PLAYA ESTAMPADO KIDS (10, SAL);SHOSUKI153T10;KIDS;Sal;10;GRIETA;1
2026;MARZO;SHORT PLAYA ESTAMPADO KIDS;[SHOSUKI153T8] SHORT PLAYA ESTAMPADO KIDS (8, SAL);SHOSUKI153T8;KIDS;Sal;8;GRIETA;1
2026;MARZO;SHORT PLAYA ESTAMPADO CAB;[SHOSUCA155TM] SHORT PLAYA ESTAMPADO CAB (M, PLAYUELA);SHOSUCA155TM;CAB;Playuela;M;SAMBIL VALENCIA;1
2026;MARZO;SHORT PLAYA ESTAMPADO KIDS;[SHOSUKI155T6] SHORT PLAYA ESTAMPADO KIDS (6, PLAYUELA);SHOSUKI155T6;KIDS;Playuela;6;CERRO VERDE;1
2026;MARZO;SHORT PLAYA ESTAMPADO KIDS;[SHOSUKI155T8] SHORT PLAYA ESTAMPADO KIDS (8, PLAYUELA);SHOSUKI155T8;KIDS;Playuela;8;CERRO VERDE;1
2026;MARZO;SHORT PLAYA ESTAMPADO CAB;[SHOSUCA155TXL] SHORT PLAYA ESTAMPADO CAB (XL, PLAYUELA);SHOSUCA155TXL;CAB;Playuela;XL;SAMBIL VALENCIA;1
2026;MARZO;SHORT PLAYA KIDS;[SHOUNKI01T6] SHORT PLAYA KIDS (6, Aguamarina - 61275);SHOUNKI01T6;KIDS;Aguamarina;6;SAMBIL CHACAO;1
2026;MARZO;SHORT PLAYA CAB;[SHOUNCA69TM] SHORT PLAYA CAB (M, Verde Pino - 195920);SHOUNCA69TM;CAB;Verde Pino;M;SAMBIL VALENCIA;1
2026;MARZO;SHORT PLAYA CAB;[SHOUNCA38TL] SHORT PLAYA CAB (L, Marron - 171022);SHOUNCA38TL;CAB;Marron;L;SAMBIL VALENCIA;1
2026;MARZO;SHORT PLAYA ESTAMPADO CAB;[SHOSUCA154TS] SHORT PLAYA ESTAMPADO CAB (S, SOMBRERO);SHOSUCA154TS;CAB;Sombrero;S;SAMBIL VALENCIA;1
2026;MARZO;SHORT PLAYA CAB;[SHOUNCA69T2XL] SHORT PLAYA CAB (2XL, Verde Pino - 195920);SHOUNCA69T2XL;CAB;Verde Pino;2XL;SAMBIL CHACAO;1
2026;MARZO;SHORT PLAYA ESTAMPADO CAB;[SHOSUCA153TL] SHORT PLAYA ESTAMPADO CAB (L, SAL);SHOSUCA153TL;CAB;Sal;L;CERRO VERDE;1
2026;MARZO;SHORT PLAYA ESTAMPADO CAB;[SHOSUCA155TM] SHORT PLAYA ESTAMPADO CAB (M, PLAYUELA);SHOSUCA155TM;CAB;Playuela;M;GRIETA;1
2026;MARZO;SHORT PLAYA ESTAMPADO KIDS;[SHOSUKI155T4] SHORT PLAYA ESTAMPADO KIDS (4, PLAYUELA);SHOSUKI155T4;KIDS;Playuela;4;GRIETA;1
2026;MARZO;SHORT PLAYA KIDS;[SHOUNKI29T6] SHORT PLAYA KIDS (6, Gris Azulado - 194316);SHOUNKI29T6;KIDS;Gris Azulado;6;SAMBIL CHACAO;1
2026;MARZO;SHORT PLAYA ESTAMPADO KIDS;[SHOSUKI156T12] SHORT PLAYA ESTAMPADO KIDS (12, TUCUPIDO);SHOSUKI156T12;KIDS;Tucupido;12;SAMBIL VALENCIA;1
2026;MARZO;SHORT PLAYA ESTAMPADO CAB;[SHOSUCA153TS] SHORT PLAYA ESTAMPADO CAB (S, SAL);SHOSUCA153TS;CAB;Sal;S;SAMBIL CHACAO;1
2026;MARZO;SHORT PLAYA CAB;[SHOUNCA187TS] SHORT PLAYA CAB (S, Azul Pizarra - 184735);SHOUNCA187TS;CAB;Azul Pizarra;S;SAMBIL CHACAO;1
2026;MARZO;SHORT PLAYA CAB;[SHOUNCA23T2XL] SHORT PLAYA CAB (2XL, Coral - 181649);SHOUNCA23T2XL;CAB;Coral;2XL;SAMBIL CHACAO;1
2026;MARZO;SHORT PLAYA CAB;[SHOUNCA187T2XL] SHORT PLAYA CAB (2XL, Azul Pizarra - 184735);SHOUNCA187T2XL;CAB;Azul Pizarra;2XL;SAMBIL CHACAO;1
2026;MARZO;SHORT PLAYA ESTAMPADO CAB;[SHOSUCA155TM] SHORT PLAYA ESTAMPADO CAB (M, PLAYUELA);SHOSUCA155TM;CAB;Playuela;M;CERRO VERDE;1
2026;MARZO;SHORT PLAYA CAB;[SHOUNCA57TM] SHORT PLAYA CAB (M, Terracota - 161344);SHOUNCA57TM;CAB;Terracota;M;CERRO VERDE;1
2026;MARZO;SHORT PLAYA ESTAMPADO KIDS;[SHOSUKI154T1] SHORT PLAYA ESTAMPADO KIDS (1, SOMBRERO);SHOSUKI154T1;KIDS;Sombrero;1;GRAND PLAZ;1
2026;MARZO;SHORT PLAYA ESTAMPADO CAB;[SHOSUCA154TL] SHORT PLAYA ESTAMPADO CAB (L, SOMBRERO);SHOSUCA154TL;CAB;Sombrero;L;SAMBIL CHACAO;1
2026;MARZO;SHORT PLAYA ESTAMPADO CAB;[SHOSUCA153TM] SHORT PLAYA ESTAMPADO CAB (M, SAL);SHOSUCA153TM;CAB;Sal;M;SAMBIL VALENCIA;1
2026;MARZO;SHORT PLAYA KIDS;[SHOUNKI01T2] SHORT PLAYA KIDS (2, Aguamarina - 61275);SHOUNKI01T2;KIDS;Aguamarina;2;SAMBIL CHACAO;1
2026;MARZO;SHORT PLAYA CAB;[SHOUNCA170T2XL] SHORT PLAYA CAB (2XL, Cereza - 191955);SHOUNCA170T2XL;CAB;Cereza;2XL;SAMBIL VALENCIA;1
2026;MARZO;SHORT PLAYA CAB;[SHOUNCA69T2XL] SHORT PLAYA CAB (2XL, Verde Pino - 195920);SHOUNCA69T2XL;CAB;Verde Pino;2XL;SAMBIL VALENCIA;1
2026;MARZO;SHORT PLAYA KIDS;[SHOUNKI01T10] SHORT PLAYA KIDS (10, Aguamarina - 61275);SHOUNKI01T10;KIDS;Aguamarina;10;CERRO VERDE;1
2026;MARZO;SHORT PLAYA ESTAMPADO CAB;[SHOSUCA153TL] SHORT PLAYA ESTAMPADO CAB (L, SAL);SHOSUCA153TL;CAB;Sal;L;GRIETA;1
2026;MARZO;SHORT PLAYA ESTAMPADO KIDS;[SHOSUKI156T14] SHORT PLAYA ESTAMPADO KIDS (14, TUCUPIDO);SHOSUKI156T14;KIDS;Tucupido;14;GRIETA;1
2026;MARZO;SHORT PLAYA ESTAMPADO CAB;[SHOSUCA153TXL] SHORT PLAYA ESTAMPADO CAB (XL, SAL);SHOSUCA153TXL;CAB;Sal;XL;SAMBIL CHACAO;1
2026;MARZO;SHORT PLAYA ESTAMPADO KIDS;[SHOSUKI153T14] SHORT PLAYA ESTAMPADO KIDS (14, SAL);SHOSUKI153T14;KIDS;Sal;14;SAMBIL VALENCIA;1
2026;MARZO;SHORT PLAYA KIDS;[SHOUNKI29T10] SHORT PLAYA KIDS (10, Gris Azulado - 194316);SHOUNKI29T10;KIDS;Gris Azulado;10;CERRO VERDE;1
2026;MARZO;SHORT PLAYA CAB;[SHOUNCA38TM] SHORT PLAYA CAB (M, Marron - 171022);SHOUNCA38TM;CAB;Marron;M;SAMBIL CHACAO;1
2026;MARZO;SHORT PLAYA ESTAMPADO KIDS;[SHOSUKI153T8] SHORT PLAYA ESTAMPADO KIDS (8, SAL);SHOSUKI153T8;KIDS;Sal;8;SAMBIL VALENCIA;1
2026;MARZO;SHORT PLAYA KIDS;[SHOUNKI57T8] SHORT PLAYA KIDS (8, Terracota - 161344);SHOUNKI57T8;KIDS;Terracota;8;CERRO VERDE;1
2026;MARZO;SHORT PLAYA ESTAMPADO CAB;[SHOSUCA153TL] SHORT PLAYA ESTAMPADO CAB (L, SAL);SHOSUCA153TL;CAB;Sal;L;CERRO VERDE;1
2026;MARZO;SHORT PLAYA ESTAMPADO CAB;[SHOSUCA153TM] SHORT PLAYA ESTAMPADO CAB (M, SAL);SHOSUCA153TM;CAB;Sal;M;CERRO VERDE;1
2026;MARZO;SHORT PLAYA KIDS;[SHOUNKI23T12] SHORT PLAYA KIDS (12, Coral - 181649);SHOUNKI23T12;KIDS;Coral;12;GRIETA;1
2026;MARZO;SHORT PLAYA ESTAMPADO CAB;[SHOSUCA153TL] SHORT PLAYA ESTAMPADO CAB (L, SAL);SHOSUCA153TL;CAB;Sal;L;SAMBIL CHACAO;1
2026;MARZO;SHORT PLAYA ESTAMPADO CAB;[SHOSUCA156T2XL] SHORT PLAYA ESTAMPADO CAB (2XL, TUCUPIDO);SHOSUCA156T2XL;CAB;Tucupido;2XL;SAMBIL CHACAO;1
2026;MARZO;SHORT PLAYA ESTAMPADO CAB;[SHOSUCA153T2XL] SHORT PLAYA ESTAMPADO CAB (2XL, SAL);SHOSUCA153T2XL;CAB;Sal;2XL;SAMBIL CHACAO;1
2026;MARZO;SHORT PLAYA ESTAMPADO CAB;[SHOSUCA153TXL] SHORT PLAYA ESTAMPADO CAB (XL, SAL);SHOSUCA153TXL;CAB;Sal;XL;SAMBIL CHACAO;1
2026;MARZO;SHORT PLAYA CAB;[SHOUNCA186TL] SHORT PLAYA CAB (L, Azul Verdoso - 194524);SHOUNCA186TL;CAB;Azul Verdoso;L;SAMBIL VALENCIA;1
2026;MARZO;SHORT PLAYA CAB;[SHOUNCA170TL] SHORT PLAYA CAB (L, Cereza - 191955);SHOUNCA170TL;CAB;Cereza;L;SAMBIL CHACAO;1
2026;MARZO;SHORT PLAYA ESTAMPADO CAB;[SHPEUNCA211T2XL] SHORT PLAYA ESTAMPADO CAB (2XL, SANTA TERESA);SHPEUNCA211T2XL;CAB;Santa Teresa;2XL;PEDIDOS;10
2026;MARZO;SHORT PLAYA ESTAMPADO CAB;[SHPEUNCA211TL] SHORT PLAYA ESTAMPADO CAB (L, SANTA TERESA);SHPEUNCA211TL;CAB;Santa Teresa;L;PEDIDOS;10
2026;MARZO;SHORT PLAYA ESTAMPADO CAB;[SHPEUNCA211TXL] SHORT PLAYA ESTAMPADO CAB (XL, SANTA TERESA);SHPEUNCA211TXL;CAB;Santa Teresa;XL;PEDIDOS;22
2026;MARZO;SHORT PLAYA ESTAMPADO CAB;[SHPEUNCA211TM] SHORT PLAYA ESTAMPADO CAB (M, SANTA TERESA);SHPEUNCA211TM;CAB;Santa Teresa;M;PEDIDOS;7
2026;MARZO;SHORT PLAYA ESTAMPADO CAB;[SHPEUNCA211TS] SHORT PLAYA ESTAMPADO CAB (S, SANTA TERESA);SHPEUNCA211TS;CAB;Santa Teresa;S;PEDIDOS;1
2026;MARZO;SHORT PLAYA CAB;[SHOUNCA187TS] SHORT PLAYA CAB (S, Azul Pizarra - 184735);SHOUNCA187TS;CAB;Azul Pizarra;S;CERRO VERDE;1
2026;MARZO;SHORT PLAYA ESTAMPADO CAB;[SHOSUCA156TS] SHORT PLAYA ESTAMPADO CAB (S, TUCUPIDO);SHOSUCA156TS;CAB;Tucupido;S;CERRO VERDE;1
2026;MARZO;SHORT PLAYA KIDS;[SHOUNKI01T6] SHORT PLAYA KIDS (6, Aguamarina - 61275);SHOUNKI01T6;KIDS;Aguamarina;6;CERRO VERDE;1
2026;MARZO;SHORT PLAYA CAB;[SHOUNCA38TXL] SHORT PLAYA CAB (XL, Marron - 171022);SHOUNCA38TXL;CAB;Marron;XL;CERRO VERDE;1
2026;MARZO;SHORT PLAYA KIDS;[SHOUNKI33T4] SHORT PLAYA KIDS (4, Kaki - 161105);SHOUNKI33T4;KIDS;Kaki;4;GRIETA;1
2026;MARZO;SHORT PLAYA KIDS;[SHOUNKI13T4] SHORT PLAYA KIDS (4, Azul Rey - 50122);SHOUNKI13T4;KIDS;Azul Rey;4;GRIETA;1
2026;MARZO;SHORT PLAYA KIDS;[SHOUNKI13T2] SHORT PLAYA KIDS (2, Azul Rey - 50122);SHOUNKI13T2;KIDS;Azul Rey;2;GRIETA;1
2026;MARZO;SHORT PLAYA CAB;[SHOUNCA38TXL] SHORT PLAYA CAB (XL, Marron - 171022);SHOUNCA38TXL;CAB;Marron;XL;GRIETA;1
2026;MARZO;SHORT PLAYA ESTAMPADO CAB;[SHOSUCA153TM] SHORT PLAYA ESTAMPADO CAB (M, SAL);SHOSUCA153TM;CAB;Sal;M;SAMBIL VALENCIA;1
2026;MARZO;SHORT PLAYA CAB;[SHOUNCA186TL] SHORT PLAYA CAB (L, Azul Verdoso - 194524);SHOUNCA186TL;CAB;Azul Verdoso;L;SAMBIL VALENCIA;1
2026;MARZO;SHORT PLAYA ESTAMPADO CAB;[SHOSUCA155TXL] SHORT PLAYA ESTAMPADO CAB (XL, PLAYUELA);SHOSUCA155TXL;CAB;Playuela;XL;CERRO VERDE;1
2026;MARZO;SHORT PLAYA KIDS;[SHOUNKI01T8] SHORT PLAYA KIDS (8, Aguamarina - 61275);SHOUNKI01T8;KIDS;Aguamarina;8;CERRO VERDE;1
2026;MARZO;SHORT PLAYA KIDS;[SHOUNKI23T8] SHORT PLAYA KIDS (8, Coral - 181649);SHOUNKI23T8;KIDS;Coral;8;CERRO VERDE;2
2026;MARZO;SHORT PLAYA ESTAMPADO CAB;[SHOSUCA153TXL] SHORT PLAYA ESTAMPADO CAB (XL, SAL);SHOSUCA153TXL;CAB;Sal;XL;CERRO VERDE;1
2026;MARZO;SHORT PLAYA CAB;[SHOUNCA187T2XL] SHORT PLAYA CAB (2XL, Azul Pizarra - 184735);SHOUNCA187T2XL;CAB;Azul Pizarra;2XL;GRIETA;1
2026;MARZO;SHORT PLAYA CAB;[SHOUNCA187T2XL] SHORT PLAYA CAB (2XL, Azul Pizarra - 184735);SHOUNCA187T2XL;CAB;Azul Pizarra;2XL;SAMBIL VALENCIA;1
2026;MARZO;SHORT PLAYA ESTAMPADO KIDS;[SHOSUKI155T6] SHORT PLAYA ESTAMPADO KIDS (6, PLAYUELA);SHOSUKI155T6;KIDS;Playuela;6;GRIETA;1
2026;MARZO;SHORT PLAYA KIDS;[SHOUNKI68T2] SHORT PLAYA KIDS (2, Verde Oliva - 160421);SHOUNKI68T2;KIDS;Verde Oliva;2;CERRO VERDE;1
2026;MARZO;SHORT PLAYA KIDS;[SHOUNKI57T2] SHORT PLAYA KIDS (2, Terracota - 161344);SHOUNKI57T2;KIDS;Terracota;2;CERRO VERDE;1
2026;MARZO;SHORT PLAYA ESTAMPADO CAB;[SHOSUCA155TS] SHORT PLAYA ESTAMPADO CAB (S, PLAYUELA);SHOSUCA155TS;CAB;Playuela;S;SAMBIL VALENCIA;1
2026;MARZO;SHORT PLAYA ESTAMPADO CAB;[SHOSUCA153TM] SHORT PLAYA ESTAMPADO CAB (M, SAL);SHOSUCA153TM;CAB;Sal;M;GRIETA;1
2026;MARZO;SHORT PLAYA ESTAMPADO CAB;[SHOSUCA153TL] SHORT PLAYA ESTAMPADO CAB (L, SAL);SHOSUCA153TL;CAB;Sal;L;GRIETA;1
2026;MARZO;SHORT PLAYA ESTAMPADO KIDS;[SHOSUKI155T8] SHORT PLAYA ESTAMPADO KIDS (8, PLAYUELA);SHOSUKI155T8;KIDS;Playuela;8;SAMBIL CHACAO;1
2026;MARZO;SHORT PLAYA KIDS;[SHOUNKI01T10] SHORT PLAYA KIDS (10, Aguamarina - 61275);SHOUNKI01T10;KIDS;Aguamarina;10;CERRO VERDE;1
2026;MARZO;SHORT PLAYA KIDS;[SHOUNKI01T2] SHORT PLAYA KIDS (2, Aguamarina - 61275);SHOUNKI01T2;KIDS;Aguamarina;2;GRIETA;1
2026;MARZO;SHORT PLAYA ESTAMPADO CAB;[SHOSUCA154TS] SHORT PLAYA ESTAMPADO CAB (S, SOMBRERO);SHOSUCA154TS;CAB;Sombrero;S;GRIETA;1
2026;MARZO;SHORT PLAYA KIDS;[SHOUNKI68T8] SHORT PLAYA KIDS (8, Verde Oliva - 160421);SHOUNKI68T8;KIDS;Verde Oliva;8;SAMBIL VALENCIA;1
2026;MARZO;SHORT PLAYA KIDS;[SHOUNKI68T14] SHORT PLAYA KIDS (14, Verde Oliva - 160421);SHOUNKI68T14;KIDS;Verde Oliva;14;SAMBIL VALENCIA;1
2026;MARZO;SHORT PLAYA ESTAMPADO CAB;[SHOSUCA153TM] SHORT PLAYA ESTAMPADO CAB (M, SAL);SHOSUCA153TM;CAB;Sal;M;SAMBIL CHACAO;1
2026;MARZO;SHORT PLAYA CAB;[SHOUNCA170TM] SHORT PLAYA CAB (M, Cereza - 191955);SHOUNCA170TM;CAB;Cereza;M;SAMBIL CHACAO;1
2026;MARZO;SHORT PLAYA ESTAMPADO CAB;[SHOSUCA155TL] SHORT PLAYA ESTAMPADO CAB (L, PLAYUELA);SHOSUCA155TL;CAB;Playuela;L;SAMBIL CHACAO;1
2026;MARZO;SHORT PLAYA CAB;[SHOUNCA187TL] SHORT PLAYA CAB (L, Azul Pizarra - 184735);SHOUNCA187TL;CAB;Azul Pizarra;L;SAMBIL VALENCIA;1
2026;MARZO;SHORT PLAYA KIDS;[SHOUNKI13T6] SHORT PLAYA KIDS (6, Azul Rey - 50122);SHOUNKI13T6;KIDS;Azul Rey;6;CERRO VERDE;1
2026;MARZO;SHORT PLAYA KIDS;[SHOUNKI12T12] SHORT PLAYA KIDS (12, Azul Marino - 5102);SHOUNKI12T12;KIDS;Azul Marino;12;GRIETA;1
2026;MARZO;SHORT PLAYA CAB;[SHOUNCA170TM] SHORT PLAYA CAB (M, Cereza - 191955);SHOUNCA170TM;CAB;Cereza;M;CERRO VERDE;1
2026;MARZO;SHORT PLAYA ESTAMPADO CAB;[SHOSUCA153TM] SHORT PLAYA ESTAMPADO CAB (M, SAL);SHOSUCA153TM;CAB;Sal;M;CERRO VERDE;1
2026;MARZO;SHORT PLAYA CAB;[SHOUNCA170TM] SHORT PLAYA CAB (M, Cereza - 191955);SHOUNCA170TM;CAB;Cereza;M;SAMBIL CHACAO;-1
2026;MARZO;SHORT PLAYA ESTAMPADO CAB;[SHOSUCA153TM] SHORT PLAYA ESTAMPADO CAB (M, SAL);SHOSUCA153TM;CAB;Sal;M;SAMBIL CHACAO;-1
2026;MARZO;SHORT PLAYA ESTAMPADO CAB;[SHOSUCA153TM] SHORT PLAYA ESTAMPADO CAB (M, SAL);SHOSUCA153TM;CAB;Sal;M;SAMBIL CHACAO;1
2026;MARZO;SHORT PLAYA CAB;[SHOUNCA170TM] SHORT PLAYA CAB (M, Cereza - 191955);SHOUNCA170TM;CAB;Cereza;M;SAMBIL CHACAO;1
2026;MARZO;SHORT PLAYA KIDS;[SHOUNKI01T2] SHORT PLAYA KIDS (2, Aguamarina - 61275);SHOUNKI01T2;KIDS;Aguamarina;2;CERRO VERDE;1
2026;MARZO;SHORT PLAYA KIDS;[SHOUNKI12T6] SHORT PLAYA KIDS (6, Azul Marino - 5102);SHOUNKI12T6;KIDS;Azul Marino;6;GRIETA;1
2026;MARZO;SHORT PLAYA KIDS;[SHOUNKI12T12] SHORT PLAYA KIDS (12, Azul Marino - 5102);SHOUNKI12T12;KIDS;Azul Marino;12;GRIETA;1
2026;MARZO;SHORT PLAYA ESTAMPADO CAB;[SHOSUCA155TXL] SHORT PLAYA ESTAMPADO CAB (XL, PLAYUELA);SHOSUCA155TXL;CAB;Playuela;XL;SAMBIL CHACAO;1
2026;MARZO;SHORT PLAYA KIDS;[SHOUNKI01T8] SHORT PLAYA KIDS (8, Aguamarina - 61275);SHOUNKI01T8;KIDS;Aguamarina;8;SAMBIL CHACAO;1
2026;MARZO;SHORT PLAYA CAB;[SHOUNCA187TXL] SHORT PLAYA CAB (XL, Azul Pizarra - 184735);SHOUNCA187TXL;CAB;Azul Pizarra;XL;SAMBIL CHACAO;1
2026;MARZO;SHORT PLAYA ESTAMPADO CAB;[SHOSUCA153TM] SHORT PLAYA ESTAMPADO CAB (M, SAL);SHOSUCA153TM;CAB;Sal;M;SAMBIL VALENCIA;1
2026;MARZO;SHORT PLAYA ESTAMPADO KIDS;[SHOSUKI156T14] SHORT PLAYA ESTAMPADO KIDS (14, TUCUPIDO);SHOSUKI156T14;KIDS;Tucupido;14;SAMBIL VALENCIA;-1
2026;MARZO;SHORT PLAYA ESTAMPADO CAB;[SHOSUCA153TM] SHORT PLAYA ESTAMPADO CAB (M, SAL);SHOSUCA153TM;CAB;Sal;M;SAMBIL VALENCIA;1
2026;MARZO;SHORT PLAYA KIDS;[SHOUNKI57T12] SHORT PLAYA KIDS (12, Terracota - 161344);SHOUNKI57T12;KIDS;Terracota;12;SAMBIL CHACAO;1
2026;MARZO;SHORT PLAYA CAB;[SHOUNCA170TL] SHORT PLAYA CAB (L, Cereza - 191955);SHOUNCA170TL;CAB;Cereza;L;SAMBIL CHACAO;1
2026;MARZO;SHORT PLAYA KIDS;[SHOUNKI01T2] SHORT PLAYA KIDS (2, Aguamarina - 61275);SHOUNKI01T2;KIDS;Aguamarina;2;GRIETA;1
2026;MARZO;SHORT PLAYA KIDS;[SHOUNKI68T2] SHORT PLAYA KIDS (2, Verde Oliva - 160421);SHOUNKI68T2;KIDS;Verde Oliva;2;GRIETA;1
2026;MARZO;SHORT PLAYA KIDS;[SHOUNKI01T12] SHORT PLAYA KIDS (12, Aguamarina - 61275);SHOUNKI01T12;KIDS;Aguamarina;12;GRIETA;1
2026;MARZO;SHORT PLAYA CAB;[SHOUNCA38TM] SHORT PLAYA CAB (M, Marron - 171022);SHOUNCA38TM;CAB;Marron;M;SAMBIL CHACAO;1
2026;MARZO;SHORT PLAYA CAB;[SHOUNCA187TM] SHORT PLAYA CAB (M, Azul Pizarra - 184735);SHOUNCA187TM;CAB;Azul Pizarra;M;GRIETA;1
2026;MARZO;SHORT PLAYA ESTAMPADO KIDS;[SHOSUKI154T10] SHORT PLAYA ESTAMPADO KIDS (10, SOMBRERO);SHOSUKI154T10;KIDS;Sombrero;10;CERRO VERDE;1
2026;MARZO;SHORT PLAYA ESTAMPADO KIDS;[SHOSUKI155T10] SHORT PLAYA ESTAMPADO KIDS (10, PLAYUELA);SHOSUKI155T10;KIDS;Playuela;10;CERRO VERDE;2
2026;MARZO;SHORT PLAYA ESTAMPADO CAB;[SHOSUCA155TM] SHORT PLAYA ESTAMPADO CAB (M, PLAYUELA);SHOSUCA155TM;CAB;Playuela;M;CERRO VERDE;1
2026;MARZO;SHORT PLAYA ESTAMPADO CAB;[SHOSUCA153TS] SHORT PLAYA ESTAMPADO CAB (S, SAL);SHOSUCA153TS;CAB;Sal;S;GRIETA;1
2026;MARZO;SHORT PLAYA ESTAMPADO CAB;[SHOSUCA155T2XL] SHORT PLAYA ESTAMPADO CAB (2XL, PLAYUELA);SHOSUCA155T2XL;CAB;Playuela;2XL;CERRO VERDE;1
2026;MARZO;SHORT PLAYA ESTAMPADO CAB;[SHOSUCA153TM] SHORT PLAYA ESTAMPADO CAB (M, SAL);SHOSUCA153TM;CAB;Sal;M;CERRO VERDE;1
2026;MARZO;SHORT PLAYA ESTAMPADO KIDS;[SHOSUKI104T2] SHORT PLAYA ESTAMPADO KIDS (2, BLACK ABSTRACT);SHOSUKI104T2;KIDS;Black Abstract;2;SAMBIL VALENCIA;1
2026;MARZO;SHORT PLAYA KIDS;[SHOUNKI68T2] SHORT PLAYA KIDS (2, Verde Oliva - 160421);SHOUNKI68T2;KIDS;Verde Oliva;2;SAMBIL VALENCIA;1
2026;MARZO;SHORT PLAYA KIDS;[SHOUNKI13T4] SHORT PLAYA KIDS (4, Azul Rey - 50122);SHOUNKI13T4;KIDS;Azul Rey;4;CERRO VERDE;1
2026;MARZO;SHORT PLAYA KIDS;[SHOUNKI01T4] SHORT PLAYA KIDS (4, Aguamarina - 61275);SHOUNKI01T4;KIDS;Aguamarina;4;CERRO VERDE;1
2026;MARZO;SHORT PLAYA CAB;[SHOUNCA170TM] SHORT PLAYA CAB (M, Cereza - 191955);SHOUNCA170TM;CAB;Cereza;M;GRIETA;1
2026;MARZO;SHORT PLAYA CAB;[SHOUNCA69TM] SHORT PLAYA CAB (M, Verde Pino - 195920);SHOUNCA69TM;CAB;Verde Pino;M;GRIETA;1
2026;MARZO;SHORT PLAYA CAB;[SHOUNCA38TM] SHORT PLAYA CAB (M, Marron - 171022);SHOUNCA38TM;CAB;Marron;M;GRIETA;1
2026;MARZO;SHORT PLAYA CAB;[SHOUNCA187TM] SHORT PLAYA CAB (M, Azul Pizarra - 184735);SHOUNCA187TM;CAB;Azul Pizarra;M;GRIETA;1
2026;MARZO;SHORT PLAYA ESTAMPADO CAB;[SHOSUCA153TM] SHORT PLAYA ESTAMPADO CAB (M, SAL);SHOSUCA153TM;CAB;Sal;M;GRIETA;1
2026;MARZO;SHORT PLAYA ESTAMPADO KIDS;[SHOSUKI154T6] SHORT PLAYA ESTAMPADO KIDS (6, SOMBRERO);SHOSUKI154T6;KIDS;Sombrero;6;GRIETA;1
2026;MARZO;SHORT PLAYA ESTAMPADO KIDS;[SHOSUKI153T8] SHORT PLAYA ESTAMPADO KIDS (8, SAL);SHOSUKI153T8;KIDS;Sal;8;CERRO VERDE;1
2026;MARZO;SHORT PLAYA ESTAMPADO KIDS;[SHOSUKI153T12] SHORT PLAYA ESTAMPADO KIDS (12, SAL);SHOSUKI153T12;KIDS;Sal;12;CERRO VERDE;2
2026;MARZO;SHORT PLAYA ESTAMPADO KIDS;[SHOSUKI156T4] SHORT PLAYA ESTAMPADO KIDS (4, TUCUPIDO);SHOSUKI156T4;KIDS;Tucupido;4;SAMBIL CHACAO;1
2026;MARZO;SHORT PLAYA ESTAMPADO CAB;[SHOSUCA156TM] SHORT PLAYA ESTAMPADO CAB (M, TUCUPIDO);SHOSUCA156TM;CAB;Tucupido;M;SAMBIL CHACAO;1
2026;MARZO;SHORT PLAYA ESTAMPADO CAB;[SHOSUCA155TS] SHORT PLAYA ESTAMPADO CAB (S, PLAYUELA);SHOSUCA155TS;CAB;Playuela;S;GRIETA;1
2026;MARZO;SHORT PLAYA ESTAMPADO CAB;[SHOSUCA153T2XL] SHORT PLAYA ESTAMPADO CAB (2XL, SAL);SHOSUCA153T2XL;CAB;Sal;2XL;SAMBIL CHACAO;1
2026;MARZO;SHORT PLAYA ESTAMPADO CAB;[SHOSUCA153TM] SHORT PLAYA ESTAMPADO CAB (M, SAL);SHOSUCA153TM;CAB;Sal;M;SAMBIL CHACAO;1
2026;MARZO;SHORT PLAYA CAB;[SHOUNCA38TL] SHORT PLAYA CAB (L, Marron - 171022);SHOUNCA38TL;CAB;Marron;L;SAMBIL VALENCIA;1
2026;MARZO;SHORT PLAYA ESTAMPADO CAB;[SHOSUCA153TL] SHORT PLAYA ESTAMPADO CAB (L, SAL);SHOSUCA153TL;CAB;Sal;L;GRIETA;1
2026;MARZO;SHORT PLAYA KIDS;[SHOUNKI12T14] SHORT PLAYA KIDS (14, Azul Marino - 5102);SHOUNKI12T14;KIDS;Azul Marino;14;CERRO VERDE;1
2026;MARZO;SHORT PLAYA KIDS;[SHOUNKI33T14] SHORT PLAYA KIDS (14, Kaki - 161105);SHOUNKI33T14;KIDS;Kaki;14;CERRO VERDE;1
2026;MARZO;SHORT PLAYA ESTAMPADO CAB;[SHOSUCA155TXL] SHORT PLAYA ESTAMPADO CAB (XL, PLAYUELA);SHOSUCA155TXL;CAB;Playuela;XL;CERRO VERDE;1
2026;MARZO;SHORT PLAYA KIDS;[SHOUNKI23T8] SHORT PLAYA KIDS (8, Coral - 181649);SHOUNKI23T8;KIDS;Coral;8;SAMBIL CHACAO;1
2026;MARZO;SHORT PLAYA KIDS;[SHOUNKI23T6] SHORT PLAYA KIDS (6, Coral - 181649);SHOUNKI23T6;KIDS;Coral;6;SAMBIL CHACAO;1
2026;MARZO;SHORT PLAYA ESTAMPADO KIDS;[SHOSUKI155T6] SHORT PLAYA ESTAMPADO KIDS (6, PLAYUELA);SHOSUKI155T6;KIDS;Playuela;6;SAMBIL CHACAO;1
2026;MARZO;SHORT PLAYA ESTAMPADO KIDS;[SHOSUKI155T8] SHORT PLAYA ESTAMPADO KIDS (8, PLAYUELA);SHOSUKI155T8;KIDS;Playuela;8;SAMBIL CHACAO;1
2026;MARZO;SHORT PLAYA CAB;[SHOUNCA186TXL] SHORT PLAYA CAB (XL, Azul Verdoso - 194524);SHOUNCA186TXL;CAB;Azul Verdoso;XL;SAMBIL CHACAO;1
2026;MARZO;SHORT PLAYA ESTAMPADO CAB;[SHOSUCA156TL] SHORT PLAYA ESTAMPADO CAB (L, TUCUPIDO);SHOSUCA156TL;CAB;Tucupido;L;SAMBIL CHACAO;1
2026;MARZO;SHORT PLAYA KIDS;[SHOUNKI12T10] SHORT PLAYA KIDS (10, Azul Marino - 5102);SHOUNKI12T10;KIDS;Azul Marino;10;SAMBIL CHACAO;1
2026;MARZO;SHORT PLAYA CAB;[SHOUNCA69TXL] SHORT PLAYA CAB (XL, Verde Pino - 195920);SHOUNCA69TXL;CAB;Verde Pino;XL;GRIETA;1
2026;MARZO;SHORT PLAYA ESTAMPADO CAB;[SHOSUCA153TXL] SHORT PLAYA ESTAMPADO CAB (XL, SAL);SHOSUCA153TXL;CAB;Sal;XL;SAMBIL CHACAO;1
2026;MARZO;SHORT PLAYA CAB;[SHOUNCA38TL] SHORT PLAYA CAB (L, Marron - 171022);SHOUNCA38TL;CAB;Marron;L;SAMBIL CHACAO;1
2026;MARZO;SHORT PLAYA CAB;[SHOUNCA186TL] SHORT PLAYA CAB (L, Azul Verdoso - 194524);SHOUNCA186TL;CAB;Azul Verdoso;L;SAMBIL CHACAO;1
2026;MARZO;SHORT PLAYA ESTAMPADO CAB;[SHOSUCA153TL] SHORT PLAYA ESTAMPADO CAB (L, SAL);SHOSUCA153TL;CAB;Sal;L;SAMBIL CHACAO;1
2026;MARZO;SHORT PLAYA CAB;[SHOUNCA12TM] SHORT PLAYA CAB (M, Azul Marino - 193933);SHOUNCA12TM;CAB;Azul Marino;M;WEB;1
2026;MARZO;SHORT PLAYA ESTAMPADO CAB;[SHOSUCA155TS] SHORT PLAYA ESTAMPADO CAB (S, PLAYUELA);SHOSUCA155TS;CAB;Playuela;S;SAMBIL VALENCIA;1
2026;MARZO;SHORT PLAYA KIDS;[SHOUNKI57T10] SHORT PLAYA KIDS (10, Terracota - 161344);SHOUNKI57T10;KIDS;Terracota;10;SAMBIL VALENCIA;1
2026;MARZO;SHORT PLAYA CAB;[SHOUNCA187TM] SHORT PLAYA CAB (M, Azul Pizarra - 184735);SHOUNCA187TM;CAB;Azul Pizarra;M;GRAND PLAZ;1
2026;MARZO;SHORT PLAYA CAB;[SHOUNCA69TXL] SHORT PLAYA CAB (XL, Verde Pino - 195920);SHOUNCA69TXL;CAB;Verde Pino;XL;SAMBIL CHACAO;1
2026;MARZO;SHORT PLAYA CAB;[SHOUNCA69TM] SHORT PLAYA CAB (M, Verde Pino - 195920);SHOUNCA69TM;CAB;Verde Pino;M;CERRO VERDE;1
2026;MARZO;SHORT PLAYA ESTAMPADO CAB;[SHOSUCA153TS] SHORT PLAYA ESTAMPADO CAB (S, SAL);SHOSUCA153TS;CAB;Sal;S;SAMBIL CHACAO;1
2026;MARZO;SHORT PLAYA CAB;[SHOUNCA187TL] SHORT PLAYA CAB (L, Azul Pizarra - 184735);SHOUNCA187TL;CAB;Azul Pizarra;L;CERRO VERDE;1
2026;MARZO;SHORT PLAYA ESTAMPADO CAB;[SHOSUCA153TL] SHORT PLAYA ESTAMPADO CAB (L, SAL);SHOSUCA153TL;CAB;Sal;L;GRAND PLAZ;1
2026;MARZO;SHORT PLAYA CAB;[SHOUNCA69TM] SHORT PLAYA CAB (M, Verde Pino - 195920);SHOUNCA69TM;CAB;Verde Pino;M;SAMBIL VALENCIA;1
2026;MARZO;SHORT PLAYA ESTAMPADO CAB;[SHOSUCA154TL] SHORT PLAYA ESTAMPADO CAB (L, SOMBRERO);SHOSUCA154TL;CAB;Sombrero;L;GRIETA;1
2026;MARZO;SHORT PLAYA ESTAMPADO CAB;[SHOSUCA153TL] SHORT PLAYA ESTAMPADO CAB (L, SAL);SHOSUCA153TL;CAB;Sal;L;GRIETA;1
2026;MARZO;SHORT PLAYA ESTAMPADO CAB;[SHOSUCA155TS] SHORT PLAYA ESTAMPADO CAB (S, PLAYUELA);SHOSUCA155TS;CAB;Playuela;S;SAMBIL CHACAO;1
2026;MARZO;SHORT PLAYA ESTAMPADO CAB;[SHOSUCA153TM] SHORT PLAYA ESTAMPADO CAB (M, SAL);SHOSUCA153TM;CAB;Sal;M;CERRO VERDE;1
2026;MARZO;SHORT PLAYA ESTAMPADO CAB;[SHOSUCA153T2XL] SHORT PLAYA ESTAMPADO CAB (2XL, SAL);SHOSUCA153T2XL;CAB;Sal;2XL;CERRO VERDE;1
2026;MARZO;SHORT PLAYA CAB;[SHOUNCA170TM] SHORT PLAYA CAB (M, Cereza - 191955);SHOUNCA170TM;CAB;Cereza;M;CERRO VERDE;1
2026;MARZO;SHORT PLAYA CAB;[SHOUNCA186T2XL] SHORT PLAYA CAB (2XL, Azul Verdoso - 194524);SHOUNCA186T2XL;CAB;Azul Verdoso;2XL;CERRO VERDE;1
2026;MARZO;SHORT PLAYA CAB;[SHOUNCA23T2XL] SHORT PLAYA CAB (2XL, Coral - 181649);SHOUNCA23T2XL;CAB;Coral;2XL;SAMBIL CHACAO;1
2026;MARZO;SHORT PLAYA KIDS;[SHOUNKI29T8] SHORT PLAYA KIDS (8, Gris Azulado - 194316);SHOUNKI29T8;KIDS;Gris Azulado;8;GRIETA;1
2026;MARZO;SHORT PLAYA KIDS;[SHOUNKI13T8] SHORT PLAYA KIDS (8, Azul Rey - 50122);SHOUNKI13T8;KIDS;Azul Rey;8;CERRO VERDE;1
2026;MARZO;SHORT PLAYA ESTAMPADO CAB;[SHOSUCA153TM] SHORT PLAYA ESTAMPADO CAB (M, SAL);SHOSUCA153TM;CAB;Sal;M;CERRO VERDE;1
2026;MARZO;SHORT PLAYA ESTAMPADO KIDS;[SHOSUKI155T10] SHORT PLAYA ESTAMPADO KIDS (10, PLAYUELA);SHOSUKI155T10;KIDS;Playuela;10;CERRO VERDE;-1
2026;MARZO;SHORT PLAYA CAB;[SHOUNCA187TL] SHORT PLAYA CAB (L, Azul Pizarra - 184735);SHOUNCA187TL;CAB;Azul Pizarra;L;GRIETA;1
2026;MARZO;SHORT PLAYA CAB;[SHOUNCA69TXL] SHORT PLAYA CAB (XL, Verde Pino - 195920);SHOUNCA69TXL;CAB;Verde Pino;XL;SAMBIL VALENCIA;1
2026;MARZO;SHORT PLAYA ESTAMPADO KIDS;[SHOSUKI153T8] SHORT PLAYA ESTAMPADO KIDS (8, SAL);SHOSUKI153T8;KIDS;Sal;8;SAMBIL CHACAO;1
2026;MARZO;SHORT PLAYA CAB;[SHOUNCA12T2XL] SHORT PLAYA CAB (2XL, Azul Marino - 193933);SHOUNCA12T2XL;CAB;Azul Marino;2XL;SAMBIL CHACAO;1
2026;MARZO;SHORT PLAYA ESTAMPADO CAB;[SHOSUCA153T2XL] SHORT PLAYA ESTAMPADO CAB (2XL, SAL);SHOSUCA153T2XL;CAB;Sal;2XL;SAMBIL CHACAO;1
2026;MARZO;SHORT PLAYA CAB;[SHOUNCA170TXL] SHORT PLAYA CAB (XL, Cereza - 191955);SHOUNCA170TXL;CAB;Cereza;XL;SAMBIL VALENCIA;1
2026;MARZO;SHORT PLAYA CAB;[SHOUNCA170TM] SHORT PLAYA CAB (M, Cereza - 191955);SHOUNCA170TM;CAB;Cereza;M;CERRO VERDE;-1
2026;MARZO;SHORT PLAYA ESTAMPADO CAB;[SHOSUCA153TM] SHORT PLAYA ESTAMPADO CAB (M, SAL);SHOSUCA153TM;CAB;Sal;M;CERRO VERDE;-1
2026;MARZO;SHORT PLAYA CAB;[SHOUNCA170TL] SHORT PLAYA CAB (L, Cereza - 191955);SHOUNCA170TL;CAB;Cereza;L;CERRO VERDE;1
2026;MARZO;SHORT PLAYA ESTAMPADO CAB;[SHOSUCA153TL] SHORT PLAYA ESTAMPADO CAB (L, SAL);SHOSUCA153TL;CAB;Sal;L;CERRO VERDE;1
2026;MARZO;SHORT PLAYA ESTAMPADO CAB;[SHOSUCA155TXL] SHORT PLAYA ESTAMPADO CAB (XL, PLAYUELA);SHOSUCA155TXL;CAB;Playuela;XL;SAMBIL CHACAO;1
2026;MARZO;SHORT PLAYA ESTAMPADO CAB;[SHOSUCA155TL] SHORT PLAYA ESTAMPADO CAB (L, PLAYUELA);SHOSUCA155TL;CAB;Playuela;L;SAMBIL CHACAO;1
2026;MARZO;SHORT PLAYA ESTAMPADO CAB;[SHOSUCA155TM] SHORT PLAYA ESTAMPADO CAB (M, PLAYUELA);SHOSUCA155TM;CAB;Playuela;M;SAMBIL CHACAO;1
2026;MARZO;SHORT PLAYA ESTAMPADO CAB;[SHOSUCA156TXL] SHORT PLAYA ESTAMPADO CAB (XL, TUCUPIDO);SHOSUCA156TXL;CAB;Tucupido;XL;SAMBIL CHACAO;1
2026;MARZO;SHORT PLAYA CAB;[SHOUNCA69TXL] SHORT PLAYA CAB (XL, Verde Pino - 195920);SHOUNCA69TXL;CAB;Verde Pino;XL;SAMBIL CHACAO;1
2026;MARZO;SHORT PLAYA ESTAMPADO CAB;[SHOSUCA155TS] SHORT PLAYA ESTAMPADO CAB (S, PLAYUELA);SHOSUCA155TS;CAB;Playuela;S;SAMBIL VALENCIA;-1
2026;MARZO;SHORT PLAYA KIDS;[SHOUNKI01T4] SHORT PLAYA KIDS (4, Aguamarina - 61275);SHOUNKI01T4;KIDS;Aguamarina;4;SAMBIL VALENCIA;1
2026;MARZO;SHORT PLAYA ESTAMPADO CAB;[SHOSUCA154TS] SHORT PLAYA ESTAMPADO CAB (S, SOMBRERO);SHOSUCA154TS;CAB;Sombrero;S;SAMBIL VALENCIA;1
2026;MARZO;SHORT PLAYA ESTAMPADO CAB;[SHOSUCA155TM] SHORT PLAYA ESTAMPADO CAB (M, PLAYUELA);SHOSUCA155TM;CAB;Playuela;M;CERRO VERDE;1
2026;MARZO;SHORT PLAYA ESTAMPADO CAB;[SHOSUCA154TM] SHORT PLAYA ESTAMPADO CAB (M, SOMBRERO);SHOSUCA154TM;CAB;Sombrero;M;CERRO VERDE;1
2026;MARZO;SHORT PLAYA ESTAMPADO CAB;[SHOSUCA155TM] SHORT PLAYA ESTAMPADO CAB (M, PLAYUELA);SHOSUCA155TM;CAB;Playuela;M;CERRO VERDE;1
2026;MARZO;SHORT PLAYA ESTAMPADO CAB;[SHOSUCA155TS] SHORT PLAYA ESTAMPADO CAB (S, PLAYUELA);SHOSUCA155TS;CAB;Playuela;S;CERRO VERDE;1
2026;MARZO;SHORT PLAYA CAB;[SHOUNCA69TL] SHORT PLAYA CAB (L, Verde Pino - 195920);SHOUNCA69TL;CAB;Verde Pino;L;CERRO VERDE;1
2026;MARZO;SHORT PLAYA CAB;[SHOUNCA38TL] SHORT PLAYA CAB (L, Marron - 171022);SHOUNCA38TL;CAB;Marron;L;CERRO VERDE;1
2026;MARZO;SHORT PLAYA CAB;[SHOUNCA69TS] SHORT PLAYA CAB (S, Verde Pino - 195920);SHOUNCA69TS;CAB;Verde Pino;S;CERRO VERDE;1
2026;MARZO;SHORT PLAYA CAB;[SHOUNCA38TS] SHORT PLAYA CAB (S, Marron - 171022);SHOUNCA38TS;CAB;Marron;S;CERRO VERDE;1
2026;MARZO;SHORT PLAYA ESTAMPADO CAB;[SHOSUCA155TL] SHORT PLAYA ESTAMPADO CAB (L, PLAYUELA);SHOSUCA155TL;CAB;Playuela;L;CERRO VERDE;1
2026;MARZO;SHORT PLAYA ESTAMPADO CAB;[SHOSUCA153TS] SHORT PLAYA ESTAMPADO CAB (S, SAL);SHOSUCA153TS;CAB;Sal;S;CERRO VERDE;1
2026;MARZO;SHORT PLAYA ESTAMPADO CAB;[SHOSUCA155TM] SHORT PLAYA ESTAMPADO CAB (M, PLAYUELA);SHOSUCA155TM;CAB;Playuela;M;SAMBIL VALENCIA;1
2026;MARZO;SHORT PLAYA ESTAMPADO KIDS;[SHOSUKI156T8] SHORT PLAYA ESTAMPADO KIDS (8, TUCUPIDO);SHOSUKI156T8;KIDS;Tucupido;8;GRAND PLAZ;1
2026;MARZO;SHORT PLAYA KIDS;[SHOUNKI01T6] SHORT PLAYA KIDS (6, Aguamarina - 61275);SHOUNKI01T6;KIDS;Aguamarina;6;GRAND PLAZ;1
2026;MARZO;SHORT PLAYA KIDS;[SHOUNKI12T6] SHORT PLAYA KIDS (6, Azul Marino - 5102);SHOUNKI12T6;KIDS;Azul Marino;6;GRIETA;1
2026;MARZO;SHORT PLAYA ESTAMPADO CAB;[SHOSUCA153TL] SHORT PLAYA ESTAMPADO CAB (L, SAL);SHOSUCA153TL;CAB;Sal;L;SAMBIL VALENCIA;1
2026;MARZO;SHORT PLAYA ESTAMPADO KIDS;[SHOSUKI156T8] SHORT PLAYA ESTAMPADO KIDS (8, TUCUPIDO);SHOSUKI156T8;KIDS;Tucupido;8;CERRO VERDE;1
2026;MARZO;SHORT PLAYA ESTAMPADO KIDS;[SHOSUKI155T8] SHORT PLAYA ESTAMPADO KIDS (8, PLAYUELA);SHOSUKI155T8;KIDS;Playuela;8;CERRO VERDE;1
2026;MARZO;SHORT PLAYA KIDS;[SHOUNKI57T10] SHORT PLAYA KIDS (10, Terracota - 161344);SHOUNKI57T10;KIDS;Terracota;10;CERRO VERDE;1
2026;MARZO;SHORT PLAYA KIDS;[SHOUNKI57T8] SHORT PLAYA KIDS (8, Terracota - 161344);SHOUNKI57T8;KIDS;Terracota;8;SAMBIL VALENCIA;1
2026;MARZO;SHORT PLAYA KIDS;[SHOUNKI50T14] SHORT PLAYA KIDS (14, Rojo - 3392);SHOUNKI50T14;KIDS;Rojo;14;SAMBIL VALENCIA;1
2026;MARZO;SHORT PLAYA ESTAMPADO CAB;[SHOSUCA155TM] SHORT PLAYA ESTAMPADO CAB (M, PLAYUELA);SHOSUCA155TM;CAB;Playuela;M;SAMBIL VALENCIA;1
2026;MARZO;SHORT PLAYA CAB;[SHOUNCA170TS] SHORT PLAYA CAB (S, Cereza - 191955);SHOUNCA170TS;CAB;Cereza;S;SAMBIL CHACAO;1
2026;MARZO;SHORT PLAYA CAB;[SHOUNCA38TM] SHORT PLAYA CAB (M, Marron - 171022);SHOUNCA38TM;CAB;Marron;M;SAMBIL VALENCIA;1
2026;MARZO;SHORT PLAYA ESTAMPADO CAB;[SHOSUCA156TS] SHORT PLAYA ESTAMPADO CAB (S, TUCUPIDO);SHOSUCA156TS;CAB;Tucupido;S;GRIETA;1
2026;MARZO;SHORT PLAYA CAB;[SHOUNCA186TXL] SHORT PLAYA CAB (XL, Azul Verdoso - 194524);SHOUNCA186TXL;CAB;Azul Verdoso;XL;SAMBIL CHACAO;1
2026;MARZO;SHORT PLAYA ESTAMPADO KIDS;[SHOSUKI155T14] SHORT PLAYA ESTAMPADO KIDS (14, PLAYUELA);SHOSUKI155T14;KIDS;Playuela;14;GRIETA;1
2026;MARZO;SHORT PLAYA ESTAMPADO CAB;[SHOSUCA156TM] SHORT PLAYA ESTAMPADO CAB (M, TUCUPIDO);SHOSUCA156TM;CAB;Tucupido;M;GRIETA;1
2026;MARZO;SHORT PLAYA ESTAMPADO CAB;[SHOSUCA153TXL] SHORT PLAYA ESTAMPADO CAB (XL, SAL);SHOSUCA153TXL;CAB;Sal;XL;GRIETA;1
2026;MARZO;SHORT PLAYA ESTAMPADO CAB;[SHOSUCA153TM] SHORT PLAYA ESTAMPADO CAB (M, SAL);SHOSUCA153TM;CAB;Sal;M;SAMBIL CHACAO;1
2026;MARZO;SHORT PLAYA KIDS;[SHOUNKI33T12] SHORT PLAYA KIDS (12, Kaki - 161105);SHOUNKI33T12;KIDS;Kaki;12;SAMBIL CHACAO;1
2026;MARZO;SHORT PLAYA ESTAMPADO KIDS;[SHOSUKI153T12] SHORT PLAYA ESTAMPADO KIDS (12, SAL);SHOSUKI153T12;KIDS;Sal;12;SAMBIL CHACAO;1
2026;MARZO;SHORT PLAYA ESTAMPADO KIDS;[SHOSUKI155T12] SHORT PLAYA ESTAMPADO KIDS (12, PLAYUELA);SHOSUKI155T12;KIDS;Playuela;12;SAMBIL CHACAO;1
2026;MARZO;SHORT PLAYA CAB;[SHOUNCA69TS] SHORT PLAYA CAB (S, Verde Pino - 195920);SHOUNCA69TS;CAB;Verde Pino;S;SAMBIL VALENCIA;1
2026;MARZO;SHORT PLAYA CAB;[SHOUNCA38TS] SHORT PLAYA CAB (S, Marron - 171022);SHOUNCA38TS;CAB;Marron;S;SAMBIL VALENCIA;1
2026;MARZO;SHORT PLAYA CAB;[SHOUNCA69TL] SHORT PLAYA CAB (L, Verde Pino - 195920);SHOUNCA69TL;CAB;Verde Pino;L;CERRO VERDE;1
2026;MARZO;SHORT PLAYA ESTAMPADO CAB;[SHOSUCA155TL] SHORT PLAYA ESTAMPADO CAB (L, PLAYUELA);SHOSUCA155TL;CAB;Playuela;L;SAMBIL CHACAO;1
2026;MARZO;SHORT PLAYA CAB;[SHOUNCA187T2XL] SHORT PLAYA CAB (2XL, Azul Pizarra - 184735);SHOUNCA187T2XL;CAB;Azul Pizarra;2XL;GRIETA;1
2026;MARZO;SHORT PLAYA CAB;[SHOUNCA38TL] SHORT PLAYA CAB (L, Marron - 171022);SHOUNCA38TL;CAB;Marron;L;SAMBIL CHACAO;1
2026;MARZO;SHORT PLAYA ESTAMPADO CAB;[SHOSUCA153TS] SHORT PLAYA ESTAMPADO CAB (S, SAL);SHOSUCA153TS;CAB;Sal;S;SAMBIL CHACAO;1
2026;MARZO;SHORT PLAYA CAB;[SHOUNCA170TS] SHORT PLAYA CAB (S, Cereza - 191955);SHOUNCA170TS;CAB;Cereza;S;GRIETA;1
2026;MARZO;SHORT PLAYA KIDS;[SHOUNKI29T12] SHORT PLAYA KIDS (12, Gris Azulado - 194316);SHOUNKI29T12;KIDS;Gris Azulado;12;GRIETA;1
2026;MARZO;SHORT PLAYA KIDS;[SHOUNKI29T10] SHORT PLAYA KIDS (10, Gris Azulado - 194316);SHOUNKI29T10;KIDS;Gris Azulado;10;GRIETA;1
2026;MARZO;SHORT PLAYA ESTAMPADO KIDS;[SHOSUKI155T6] SHORT PLAYA ESTAMPADO KIDS (6, PLAYUELA);SHOSUKI155T6;KIDS;Playuela;6;SAMBIL CHACAO;1
2026;MARZO;SHORT PLAYA ESTAMPADO CAB;[SHOSUCA155TL] SHORT PLAYA ESTAMPADO CAB (L, PLAYUELA);SHOSUCA155TL;CAB;Playuela;L;SAMBIL CHACAO;1
2026;MARZO;SHORT PLAYA ESTAMPADO CAB;[SHOSUCA153TL] SHORT PLAYA ESTAMPADO CAB (L, SAL);SHOSUCA153TL;CAB;Sal;L;SAMBIL CHACAO;1
2026;MARZO;SHORT PLAYA ESTAMPADO KIDS;[SHOSUKI154T6] SHORT PLAYA ESTAMPADO KIDS (6, SOMBRERO);SHOSUKI154T6;KIDS;Sombrero;6;CERRO VERDE;1
2026;MARZO;SHORT PLAYA CAB;[SHOUNCA187TS] SHORT PLAYA CAB (S, Azul Pizarra - 184735);SHOUNCA187TS;CAB;Azul Pizarra;S;SAMBIL CHACAO;1
2026;MARZO;SHORT PLAYA ESTAMPADO CAB;[SHOSUCA155TM] SHORT PLAYA ESTAMPADO CAB (M, PLAYUELA);SHOSUCA155TM;CAB;Playuela;M;SAMBIL CHACAO;1
2026;MARZO;SHORT PLAYA ESTAMPADO CAB;[SHOSUCA154TM] SHORT PLAYA ESTAMPADO CAB (M, SOMBRERO);SHOSUCA154TM;CAB;Sombrero;M;SAMBIL CHACAO;1
2026;MARZO;SHORT PLAYA ESTAMPADO CAB;[SHOSUCA153TM] SHORT PLAYA ESTAMPADO CAB (M, SAL);SHOSUCA153TM;CAB;Sal;M;SAMBIL CHACAO;1
2026;MARZO;SHORT PLAYA ESTAMPADO KIDS;[SHOSUKI156T6] SHORT PLAYA ESTAMPADO KIDS (6, TUCUPIDO);SHOSUKI156T6;KIDS;Tucupido;6;SAMBIL VALENCIA;1
2026;MARZO;SHORT PLAYA ESTAMPADO KIDS;[SHOSUKI156T2] SHORT PLAYA ESTAMPADO KIDS (2, TUCUPIDO);SHOSUKI156T2;KIDS;Tucupido;2;SAMBIL VALENCIA;1
2026;MARZO;SHORT PLAYA KIDS;[SHOUNKI68T6] SHORT PLAYA KIDS (6, Verde Oliva - 160421);SHOUNKI68T6;KIDS;Verde Oliva;6;CERRO VERDE;1
2026;MARZO;SHORT PLAYA ESTAMPADO CAB;[SHOSUCA155TXL] SHORT PLAYA ESTAMPADO CAB (XL, PLAYUELA);SHOSUCA155TXL;CAB;Playuela;XL;SAMBIL CHACAO;1
2026;MARZO;SHORT PLAYA KIDS;[SHOUNKI68T14] SHORT PLAYA KIDS (14, Verde Oliva - 160421);SHOUNKI68T14;KIDS;Verde Oliva;14;SAMBIL VALENCIA;1
2026;MARZO;SHORT PLAYA ESTAMPADO CAB;[SHOSUCA153TM] SHORT PLAYA ESTAMPADO CAB (M, SAL);SHOSUCA153TM;CAB;Sal;M;SAMBIL CHACAO;1
2026;MARZO;SHORT PLAYA ESTAMPADO CAB;[SHOSUCA155TXL] SHORT PLAYA ESTAMPADO CAB (XL, PLAYUELA);SHOSUCA155TXL;CAB;Playuela;XL;SAMBIL VALENCIA;1
2026;MARZO;SHORT PLAYA CAB;[SHOUNCA38TM] SHORT PLAYA CAB (M, Marron - 171022);SHOUNCA38TM;CAB;Marron;M;CERRO VERDE;1
2026;MARZO;SHORT PLAYA CAB;[SHOUNCA187TXL] SHORT PLAYA CAB (XL, Azul Pizarra - 184735);SHOUNCA187TXL;CAB;Azul Pizarra;XL;SAMBIL CHACAO;1
2026;MARZO;SHORT PLAYA ESTAMPADO CAB;[SHOSUCA153TL] SHORT PLAYA ESTAMPADO CAB (L, SAL);SHOSUCA153TL;CAB;Sal;L;SAMBIL VALENCIA;1
2026;MARZO;SHORT PLAYA ESTAMPADO CAB;[SHOSUCA153TM] SHORT PLAYA ESTAMPADO CAB (M, SAL);SHOSUCA153TM;CAB;Sal;M;SAMBIL CHACAO;1
2026;MARZO;SHORT PLAYA CAB;[SHOUNCA69TM] SHORT PLAYA CAB (M, Verde Pino - 195920);SHOUNCA69TM;CAB;Verde Pino;M;SAMBIL CHACAO;1
2026;MARZO;SHORT PLAYA CAB;[SHOUNCA38TM] SHORT PLAYA CAB (M, Marron - 171022);SHOUNCA38TM;CAB;Marron;M;CERRO VERDE;1
2026;MARZO;SHORT PLAYA ESTAMPADO CAB;[SHOSUCA154TL] SHORT PLAYA ESTAMPADO CAB (L, SOMBRERO);SHOSUCA154TL;CAB;Sombrero;L;CERRO VERDE;1
2026;MARZO;SHORT PLAYA ESTAMPADO CAB;[SHOSUCA153TL] SHORT PLAYA ESTAMPADO CAB (L, SAL);SHOSUCA153TL;CAB;Sal;L;SAMBIL CHACAO;1
2026;MARZO;SHORT PLAYA ESTAMPADO CAB;[SHOSUCA153TL] SHORT PLAYA ESTAMPADO CAB (L, SAL);SHOSUCA153TL;CAB;Sal;L;SAMBIL VALENCIA;1
2026;MARZO;SHORT PLAYA KIDS;[SHOUNKI01T10] SHORT PLAYA KIDS (10, Aguamarina - 61275);SHOUNKI01T10;KIDS;Aguamarina;10;SAMBIL VALENCIA;1
2026;MARZO;SHORT PLAYA ESTAMPADO CAB;[SHOSUCA153TM] SHORT PLAYA ESTAMPADO CAB (M, SAL);SHOSUCA153TM;CAB;Sal;M;GRIETA;1
2026;MARZO;SHORT PLAYA CAB;[SHOUNCA170TXL] SHORT PLAYA CAB (XL, Cereza - 191955);SHOUNCA170TXL;CAB;Cereza;XL;GRIETA;1
2026;MARZO;SHORT PLAYA CAB;[SHOUNCA38TXL] SHORT PLAYA CAB (XL, Marron - 171022);SHOUNCA38TXL;CAB;Marron;XL;GRIETA;1
2026;MARZO;SHORT PLAYA CAB;[SHOUNCA186TXL] SHORT PLAYA CAB (XL, Azul Verdoso - 194524);SHOUNCA186TXL;CAB;Azul Verdoso;XL;CERRO VERDE;1
2026;MARZO;SHORT PLAYA ESTAMPADO KIDS;[SHOSUKI153T8] SHORT PLAYA ESTAMPADO KIDS (8, SAL);SHOSUKI153T8;KIDS;Sal;8;CERRO VERDE;1
2026;MARZO;SHORT PLAYA KIDS;[SHOUNKI33T6] SHORT PLAYA KIDS (6, Kaki - 161105);SHOUNKI33T6;KIDS;Kaki;6;SAMBIL VALENCIA;1
2026;MARZO;SHORT PLAYA CAB;[SHOUNCA187TS] SHORT PLAYA CAB (S, Azul Pizarra - 184735);SHOUNCA187TS;CAB;Azul Pizarra;S;GRAND PLAZ;1
2026;MARZO;SHORT PLAYA ESTAMPADO CAB;[SHOSUCA153TM] SHORT PLAYA ESTAMPADO CAB (M, SAL);SHOSUCA153TM;CAB;Sal;M;SAMBIL VALENCIA;1
2026;MARZO;SHORT PLAYA ESTAMPADO CAB;[SHOSUCA153TL] SHORT PLAYA ESTAMPADO CAB (L, SAL);SHOSUCA153TL;CAB;Sal;L;GRIETA;1
2026;MARZO;SHORT PLAYA ESTAMPADO CAB;[SHOSUCA153TXL] SHORT PLAYA ESTAMPADO CAB (XL, SAL);SHOSUCA153TXL;CAB;Sal;XL;GRIETA;1
2026;MARZO;SHORT PLAYA CAB;[SHOUNCA187TXL] SHORT PLAYA CAB (XL, Azul Pizarra - 184735);SHOUNCA187TXL;CAB;Azul Pizarra;XL;GRIETA;1
2026;MARZO;SHORT PLAYA ESTAMPADO KIDS;[SHOSUKI153T12] SHORT PLAYA ESTAMPADO KIDS (12, SAL);SHOSUKI153T12;KIDS;Sal;12;CERRO VERDE;1
2026;MARZO;SHORT PLAYA KIDS;[SHOUNKI33T12] SHORT PLAYA KIDS (12, Kaki - 161105);SHOUNKI33T12;KIDS;Kaki;12;CERRO VERDE;1
2026;MARZO;SHORT PLAYA KIDS;[SHOUNKI23T12] SHORT PLAYA KIDS (12, Coral - 181649);SHOUNKI23T12;KIDS;Coral;12;CERRO VERDE;1
2026;MARZO;SHORT PLAYA ESTAMPADO KIDS;[SHOSUKI156T6] SHORT PLAYA ESTAMPADO KIDS (6, TUCUPIDO);SHOSUKI156T6;KIDS;Tucupido;6;CERRO VERDE;1
2026;MARZO;SHORT PLAYA KIDS;[SHOUNKI12T6] SHORT PLAYA KIDS (6, Azul Marino - 5102);SHOUNKI12T6;KIDS;Azul Marino;6;CERRO VERDE;1
2026;MARZO;SHORT PLAYA CAB;[SHOUNCA69TM] SHORT PLAYA CAB (M, Verde Pino - 195920);SHOUNCA69TM;CAB;Verde Pino;M;CERRO VERDE;1
2026;MARZO;SHORT PLAYA ESTAMPADO KIDS;[SHOSUKI155T2] SHORT PLAYA ESTAMPADO KIDS (2, PLAYUELA);SHOSUKI155T2;KIDS;Playuela;2;GRIETA;1
2026;MARZO;SHORT PLAYA CAB;[SHOUNCA187TM] SHORT PLAYA CAB (M, Azul Pizarra - 184735);SHOUNCA187TM;CAB;Azul Pizarra;M;GRIETA;1
2026;MARZO;SHORT PLAYA ESTAMPADO CAB;[SHOSUCA153TM] SHORT PLAYA ESTAMPADO CAB (M, SAL);SHOSUCA153TM;CAB;Sal;M;GRIETA;1
2026;MARZO;SHORT PLAYA ESTAMPADO KIDS;[SHOSUKI155T12] SHORT PLAYA ESTAMPADO KIDS (12, PLAYUELA);SHOSUKI155T12;KIDS;Playuela;12;CERRO VERDE;1
2026;MARZO;SHORT PLAYA CAB;[SHOUNCA187TM] SHORT PLAYA CAB (M, Azul Pizarra - 184735);SHOUNCA187TM;CAB;Azul Pizarra;M;CERRO VERDE;1
2026;MARZO;SHORT PLAYA ESTAMPADO CAB;[SHOSUCA155TS] SHORT PLAYA ESTAMPADO CAB (S, PLAYUELA);SHOSUCA155TS;CAB;Playuela;S;SAMBIL CHACAO;1
2026;MARZO;SHORT PLAYA CAB;[SHOUNCA57TS] SHORT PLAYA CAB (S, Terracota - 161344);SHOUNCA57TS;CAB;Terracota;S;SAMBIL CHACAO;1
2026;MARZO;SHORT PLAYA CAB;[SHOUNCA186TL] SHORT PLAYA CAB (L, Azul Verdoso - 194524);SHOUNCA186TL;CAB;Azul Verdoso;L;SAMBIL CHACAO;1
2026;MARZO;SHORT PLAYA CAB;[SHOUNCA33TM] SHORT PLAYA CAB (M, Kaki - 161105);SHOUNCA33TM;CAB;Kaki;M;SAMBIL CHACAO;1
2026;MARZO;SHORT PLAYA ESTAMPADO KIDS;[SHOSUKI155T12] SHORT PLAYA ESTAMPADO KIDS (12, PLAYUELA);SHOSUKI155T12;KIDS;Playuela;12;SAMBIL VALENCIA;1
2026;MARZO;SHORT PLAYA ESTAMPADO CAB;[SHOSUCA155TL] SHORT PLAYA ESTAMPADO CAB (L, PLAYUELA);SHOSUCA155TL;CAB;Playuela;L;SAMBIL VALENCIA;1
2026;MARZO;SHORT PLAYA ESTAMPADO CAB;[SHOSUCA155TM] SHORT PLAYA ESTAMPADO CAB (M, PLAYUELA);SHOSUCA155TM;CAB;Playuela;M;SAMBIL CHACAO;1
2026;MARZO;SHORT PLAYA ESTAMPADO CAB;[SHOSUCA156TXL] SHORT PLAYA ESTAMPADO CAB (XL, TUCUPIDO);SHOSUCA156TXL;CAB;Tucupido;XL;SAMBIL CHACAO;1
2026;MARZO;SHORT PLAYA ESTAMPADO KIDS;[SHOSUKI156T10] SHORT PLAYA ESTAMPADO KIDS (10, TUCUPIDO);SHOSUKI156T10;KIDS;Tucupido;10;GRIETA;1
2026;MARZO;SHORT PLAYA ESTAMPADO KIDS;[SHOSUKI155T10] SHORT PLAYA ESTAMPADO KIDS (10, PLAYUELA);SHOSUKI155T10;KIDS;Playuela;10;GRIETA;1
2026;MARZO;SHORT PLAYA ESTAMPADO CAB;[SHOSUCA156TXL] SHORT PLAYA ESTAMPADO CAB (XL, TUCUPIDO);SHOSUCA156TXL;CAB;Tucupido;XL;GRIETA;1
2026;MARZO;SHORT PLAYA ESTAMPADO CAB;[SHOSUCA155TXL] SHORT PLAYA ESTAMPADO CAB (XL, PLAYUELA);SHOSUCA155TXL;CAB;Playuela;XL;GRIETA;1
2026;MARZO;SHORT PLAYA CAB;[SHOUNCA69TL] SHORT PLAYA CAB (L, Verde Pino - 195920);SHOUNCA69TL;CAB;Verde Pino;L;CERRO VERDE;1
2026;MARZO;SHORT PLAYA ESTAMPADO KIDS;[SHOSUKI153T12] SHORT PLAYA ESTAMPADO KIDS (12, SAL);SHOSUKI153T12;KIDS;Sal;12;GRIETA;1
2026;MARZO;SHORT PLAYA CAB;[SHOUNCA170TM] SHORT PLAYA CAB (M, Cereza - 191955);SHOUNCA170TM;CAB;Cereza;M;SAMBIL CHACAO;1
2026;MARZO;SHORT PLAYA ESTAMPADO CAB;[SHOSUCA155TM] SHORT PLAYA ESTAMPADO CAB (M, PLAYUELA);SHOSUCA155TM;CAB;Playuela;M;CERRO VERDE;-1
2026;MARZO;SHORT PLAYA ESTAMPADO CAB;[SHOSUCA155TL] SHORT PLAYA ESTAMPADO CAB (L, PLAYUELA);SHOSUCA155TL;CAB;Playuela;L;CERRO VERDE;1
2026;MARZO;SHORT PLAYA ESTAMPADO CAB;[SHOSUCA155TL] SHORT PLAYA ESTAMPADO CAB (L, PLAYUELA);SHOSUCA155TL;CAB;Playuela;L;SAMBIL CHACAO;1
2026;MARZO;SHORT PLAYA CAB;[SHOUNCA170TXL] SHORT PLAYA CAB (XL, Cereza - 191955);SHOUNCA170TXL;CAB;Cereza;XL;CERRO VERDE;1
2026;MARZO;SHORT PLAYA KIDS;[SHOUNKI68T6] SHORT PLAYA KIDS (6, Verde Oliva - 160421);SHOUNKI68T6;KIDS;Verde Oliva;6;GRAND PLAZ;1
2026;MARZO;SHORT PLAYA KIDS;[SHOUNKI13T6] SHORT PLAYA KIDS (6, Azul Rey - 50122);SHOUNKI13T6;KIDS;Azul Rey;6;GRAND PLAZ;1
2026;MARZO;SHORT PLAYA ESTAMPADO KIDS;[SHOSUKI154T12] SHORT PLAYA ESTAMPADO KIDS (12, SOMBRERO);SHOSUKI154T12;KIDS;Sombrero;12;SAMBIL CHACAO;1
2026;MARZO;SHORT PLAYA CAB;[SHOUNCA170TXL] SHORT PLAYA CAB (XL, Cereza - 191955);SHOUNCA170TXL;CAB;Cereza;XL;GRIETA;1
2026;MARZO;SHORT PLAYA CAB;[SHOUNCA69T2XL] SHORT PLAYA CAB (2XL, Verde Pino - 195920);SHOUNCA69T2XL;CAB;Verde Pino;2XL;SAMBIL CHACAO;1
2026;MARZO;SHORT PLAYA ESTAMPADO KIDS;[SHOSUKI156T4] SHORT PLAYA ESTAMPADO KIDS (4, TUCUPIDO);SHOSUKI156T4;KIDS;Tucupido;4;CERRO VERDE;1
2026;MARZO;SHORT PLAYA CAB;[SHOUNCA38TM] SHORT PLAYA CAB (M, Marron - 171022);SHOUNCA38TM;CAB;Marron;M;GRAND PLAZ;1
2026;MARZO;SHORT PLAYA ESTAMPADO KIDS;[SHOSUKI153T14] SHORT PLAYA ESTAMPADO KIDS (14, SAL);SHOSUKI153T14;KIDS;Sal;14;SAMBIL VALENCIA;1
2026;MARZO;SHORT PLAYA ESTAMPADO CAB;[SHOSUCA153TXL] SHORT PLAYA ESTAMPADO CAB (XL, SAL);SHOSUCA153TXL;CAB;Sal;XL;SAMBIL VALENCIA;1
2026;MARZO;SHORT PLAYA CAB;[SHOUNCA186TL] SHORT PLAYA CAB (L, Azul Verdoso - 194524);SHOUNCA186TL;CAB;Azul Verdoso;L;SAMBIL VALENCIA;1
2026;MARZO;SHORT PLAYA CAB;[SHOUNCA186TL] SHORT PLAYA CAB (L, Azul Verdoso - 194524);SHOUNCA186TL;CAB;Azul Verdoso;L;SAMBIL CHACAO;1
2026;MARZO;SHORT PLAYA ESTAMPADO KIDS;[SHOSUKI154T8] SHORT PLAYA ESTAMPADO KIDS (8, SOMBRERO);SHOSUKI154T8;KIDS;Sombrero;8;SAMBIL CHACAO;1
2026;MARZO;SHORT PLAYA KIDS;[SHOUNKI01T4] SHORT PLAYA KIDS (4, Aguamarina - 61275);SHOUNKI01T4;KIDS;Aguamarina;4;CERRO VERDE;1
2026;MARZO;SHORT PLAYA CAB;[SHOUNCA187TL] SHORT PLAYA CAB (L, Azul Pizarra - 184735);SHOUNCA187TL;CAB;Azul Pizarra;L;SAMBIL CHACAO;1
2026;MARZO;SHORT PLAYA CAB;[SHOUNCA186T2XL] SHORT PLAYA CAB (2XL, Azul Verdoso - 194524);SHOUNCA186T2XL;CAB;Azul Verdoso;2XL;SAMBIL CHACAO;1
2026;MARZO;SHORT PLAYA ESTAMPADO CAB;[SHOSUCA154T2XL] SHORT PLAYA ESTAMPADO CAB (2XL, SOMBRERO);SHOSUCA154T2XL;CAB;Sombrero;2XL;SAMBIL CHACAO;1
2026;MARZO;SHORT PLAYA CAB;[SHOUNCA38T2XL] SHORT PLAYA CAB (2XL, Marron - 171022);SHOUNCA38T2XL;CAB;Marron;2XL;SAMBIL CHACAO;1
2026;ABRIL;SHORT PLAYA ESTAMPADO KIDS;[SHOSUKI154T10] SHORT PLAYA ESTAMPADO KIDS (10, SOMBRERO);SHOSUKI154T10;KIDS;Sombrero;10;SAMBIL CHACAO;1
2026;ABRIL;SHORT PLAYA KIDS;[SHOUNKI01T8] SHORT PLAYA KIDS (8, Aguamarina - 61275);SHOUNKI01T8;KIDS;Aguamarina;8;CERRO VERDE;1
2026;ABRIL;SHORT PLAYA ESTAMPADO CAB;[SHOSUCA153TM] SHORT PLAYA ESTAMPADO CAB (M, SAL);SHOSUCA153TM;CAB;Sal;M;GRIETA;-1
2026;ABRIL;SHORT PLAYA ESTAMPADO CAB;[SHOSUCA153TL] SHORT PLAYA ESTAMPADO CAB (L, SAL);SHOSUCA153TL;CAB;Sal;L;GRIETA;1
2026;ABRIL;SHORT PLAYA CAB;[SHOUNCA186TM] SHORT PLAYA CAB (M, Azul Verdoso - 194524);SHOUNCA186TM;CAB;Azul Verdoso;M;SAMBIL CHACAO;1
2026;ABRIL;SHORT PLAYA ESTAMPADO CAB;[SHOSUCA153TXL] SHORT PLAYA ESTAMPADO CAB (XL, SAL);SHOSUCA153TXL;CAB;Sal;XL;SAMBIL CHACAO;1
2026;ABRIL;SHORT PLAYA KIDS;[SHOUNKI68T2] SHORT PLAYA KIDS (2, Verde Oliva - 160421);SHOUNKI68T2;KIDS;Verde Oliva;2;GRIETA;1
2026;ABRIL;SHORT PLAYA ESTAMPADO CAB;[SHOSUCA155TM] SHORT PLAYA ESTAMPADO CAB (M, PLAYUELA);SHOSUCA155TM;CAB;Playuela;M;GRIETA;1
2026;ABRIL;SHORT PLAYA CAB;[SHOUNCA38TXL] SHORT PLAYA CAB (XL, Marron - 171022);SHOUNCA38TXL;CAB;Marron;XL;CERRO VERDE;1
2026;ABRIL;SHORT PLAYA ESTAMPADO KIDS;[SHOSUKI156T12] SHORT PLAYA ESTAMPADO KIDS (12, TUCUPIDO);SHOSUKI156T12;KIDS;Tucupido;12;GRIETA;1
2026;ABRIL;SHORT PLAYA ESTAMPADO CAB;[SHOSUCA155TL] SHORT PLAYA ESTAMPADO CAB (L, PLAYUELA);SHOSUCA155TL;CAB;Playuela;L;GRIETA;1
2026;ABRIL;SHORT PLAYA ESTAMPADO CAB;[SHOSUCA153TL] SHORT PLAYA ESTAMPADO CAB (L, SAL);SHOSUCA153TL;CAB;Sal;L;GRIETA;1
2026;ABRIL;SHORT PLAYA ESTAMPADO CAB;[SHOSUCA155TXL] SHORT PLAYA ESTAMPADO CAB (XL, PLAYUELA);SHOSUCA155TXL;CAB;Playuela;XL;GRIETA;1
2026;ABRIL;SHORT PLAYA ESTAMPADO CAB;[SHOSUCA153TXL] SHORT PLAYA ESTAMPADO CAB (XL, SAL);SHOSUCA153TXL;CAB;Sal;XL;SAMBIL VALENCIA;1
2026;ABRIL;SHORT PLAYA CAB;[SHOUNCA187TXL] SHORT PLAYA CAB (XL, Azul Pizarra - 184735);SHOUNCA187TXL;CAB;Azul Pizarra;XL;GRIETA;1
2026;ABRIL;SHORT PLAYA ESTAMPADO CAB;[SHOSUCA155TM] SHORT PLAYA ESTAMPADO CAB (M, PLAYUELA);SHOSUCA155TM;CAB;Playuela;M;SAMBIL VALENCIA;1
2026;ABRIL;SHORT PLAYA CAB;[SHOUNCA69TM] SHORT PLAYA CAB (M, Verde Pino - 195920);SHOUNCA69TM;CAB;Verde Pino;M;SAMBIL CHACAO;1
2026;ABRIL;SHORT PLAYA ESTAMPADO CAB;[SHOSUCA153TXL] SHORT PLAYA ESTAMPADO CAB (XL, SAL);SHOSUCA153TXL;CAB;Sal;XL;SAMBIL VALENCIA;1
2026;ABRIL;SHORT PLAYA KIDS;[SHOUNKI68T14] SHORT PLAYA KIDS (14, Verde Oliva - 160421);SHOUNKI68T14;KIDS;Verde Oliva;14;GRIETA;1
2026;ABRIL;SHORT PLAYA KIDS;[SHOUNKI68T6] SHORT PLAYA KIDS (6, Verde Oliva - 160421);SHOUNKI68T6;KIDS;Verde Oliva;6;GRIETA;1
2026;ABRIL;SHORT PLAYA ESTAMPADO KIDS;[SHOSUKI153T6] SHORT PLAYA ESTAMPADO KIDS (6, SAL);SHOSUKI153T6;KIDS;Sal;6;SAMBIL CHACAO;1
2026;ABRIL;SHORT PLAYA ESTAMPADO CAB;[SHOSUCA153TM] SHORT PLAYA ESTAMPADO CAB (M, SAL);SHOSUCA153TM;CAB;Sal;M;CERRO VERDE;1
2026;ABRIL;SHORT PLAYA CAB;[SHOUNCA38TM] SHORT PLAYA CAB (M, Marron - 171022);SHOUNCA38TM;CAB;Marron;M;CERRO VERDE;1
2026;ABRIL;SHORT PLAYA ESTAMPADO CAB;[SHOSUCA153TS] SHORT PLAYA ESTAMPADO CAB (S, SAL);SHOSUCA153TS;CAB;Sal;S;CERRO VERDE;1
2026;ABRIL;SHORT PLAYA ESTAMPADO CAB;[SHOSUCA156TM] SHORT PLAYA ESTAMPADO CAB (M, TUCUPIDO);SHOSUCA156TM;CAB;Tucupido;M;GRIETA;1
2026;ABRIL;SHORT PLAYA CAB;[SHOUNCA38T2XL] SHORT PLAYA CAB (2XL, Marron - 171022);SHOUNCA38T2XL;CAB;Marron;2XL;SAMBIL CHACAO;1
2026;ABRIL;SHORT PLAYA CAB;[SHOUNCA170TXL] SHORT PLAYA CAB (XL, Cereza - 191955);SHOUNCA170TXL;CAB;Cereza;XL;SAMBIL VALENCIA;1
2026;ABRIL;SHORT PLAYA CAB;[SHOUNCA187TXL] SHORT PLAYA CAB (XL, Azul Pizarra - 184735);SHOUNCA187TXL;CAB;Azul Pizarra;XL;SAMBIL VALENCIA;1
2026;ABRIL;SHORT PLAYA ESTAMPADO CAB;[SHOSUCA153TM] SHORT PLAYA ESTAMPADO CAB (M, SAL);SHOSUCA153TM;CAB;Sal;M;SAMBIL VALENCIA;1
2026;ABRIL;SHORT PLAYA CAB;[SHOUNCA187TXL] SHORT PLAYA CAB (XL, Azul Pizarra - 184735);SHOUNCA187TXL;CAB;Azul Pizarra;XL;CERRO VERDE;1
2026;ABRIL;SHORT PLAYA ESTAMPADO CAB;[SHOSUCA155TL] SHORT PLAYA ESTAMPADO CAB (L, PLAYUELA);SHOSUCA155TL;CAB;Playuela;L;SAMBIL CHACAO;1
2026;ABRIL;SHORT PLAYA ESTAMPADO CAB;[SHOSUCA156TM] SHORT PLAYA ESTAMPADO CAB (M, TUCUPIDO);SHOSUCA156TM;CAB;Tucupido;M;SAMBIL CHACAO;1
2026;ABRIL;SHORT PLAYA CAB;[SHOUNCA187TXL] SHORT PLAYA CAB (XL, Azul Pizarra - 184735);SHOUNCA187TXL;CAB;Azul Pizarra;XL;SAMBIL CHACAO;1
2026;ABRIL;SHORT PLAYA ESTAMPADO CAB;[SHOSUCA153TL] SHORT PLAYA ESTAMPADO CAB (L, SAL);SHOSUCA153TL;CAB;Sal;L;CERRO VERDE;1
2026;ABRIL;SHORT PLAYA ESTAMPADO CAB;[SHOSUCA155TL] SHORT PLAYA ESTAMPADO CAB (L, PLAYUELA);SHOSUCA155TL;CAB;Playuela;L;CERRO VERDE;1
2026;ABRIL;SHORT PLAYA CAB;[SHOUNCA38TXL] SHORT PLAYA CAB (XL, Marron - 171022);SHOUNCA38TXL;CAB;Marron;XL;GRIETA;1
2026;ABRIL;SHORT PLAYA ESTAMPADO KIDS;[SHOSUKI154T14] SHORT PLAYA ESTAMPADO KIDS (14, SOMBRERO);SHOSUKI154T14;KIDS;Sombrero;14;SAMBIL CHACAO;1
2026;ABRIL;SHORT PLAYA ESTAMPADO CAB;[SHOSUCA154TM] SHORT PLAYA ESTAMPADO CAB (M, SOMBRERO);SHOSUCA154TM;CAB;Sombrero;M;SAMBIL CHACAO;1
2026;ABRIL;SHORT PLAYA ESTAMPADO KIDS;[SHOSUKI155T12] SHORT PLAYA ESTAMPADO KIDS (12, PLAYUELA);SHOSUKI155T12;KIDS;Playuela;12;SAMBIL VALENCIA;1
2026;ABRIL;SHORT PLAYA ESTAMPADO KIDS;[SHOSUKI156T6] SHORT PLAYA ESTAMPADO KIDS (6, TUCUPIDO);SHOSUKI156T6;KIDS;Tucupido;6;SAMBIL VALENCIA;1
2026;ABRIL;SHORT PLAYA CAB;[SHOUNCA186TXL] SHORT PLAYA CAB (XL, Azul Verdoso - 194524);SHOUNCA186TXL;CAB;Azul Verdoso;XL;CERRO VERDE;1
2026;ABRIL;SHORT PLAYA ESTAMPADO CAB;[SHOSUCA153TL] SHORT PLAYA ESTAMPADO CAB (L, SAL);SHOSUCA153TL;CAB;Sal;L;SAMBIL VALENCIA;1
2026;ABRIL;SHORT PLAYA CAB;[SHOUNCA186TL] SHORT PLAYA CAB (L, Azul Verdoso - 194524);SHOUNCA186TL;CAB;Azul Verdoso;L;SAMBIL VALENCIA;1
2026;ABRIL;SHORT PLAYA KIDS;[SHOUNKI33T8] SHORT PLAYA KIDS (8, Kaki - 161105);SHOUNKI33T8;KIDS;Kaki;8;SAMBIL CHACAO;1
2026;ABRIL;SHORT PLAYA CAB;[SHOUNCA187TS] SHORT PLAYA CAB (S, Azul Pizarra - 184735);SHOUNCA187TS;CAB;Azul Pizarra;S;SAMBIL VALENCIA;1
2026;ABRIL;SHORT PLAYA CAB;[SHOUNCA69T2XL] SHORT PLAYA CAB (2XL, Verde Pino - 195920);SHOUNCA69T2XL;CAB;Verde Pino;2XL;SAMBIL CHACAO;1
2026;ABRIL;SHORT PLAYA CAB;[SHOUNCA38TL] SHORT PLAYA CAB (L, Marron - 171022);SHOUNCA38TL;CAB;Marron;L;SAMBIL CHACAO;1
2026;ABRIL;SHORT PLAYA ESTAMPADO KIDS;[SHOSUKI153T14] SHORT PLAYA ESTAMPADO KIDS (14, SAL);SHOSUKI153T14;KIDS;Sal;14;SAMBIL CHACAO;1
2026;ABRIL;SHORT PLAYA CAB;[SHOUNCA38TL] SHORT PLAYA CAB (L, Marron - 171022);SHOUNCA38TL;CAB;Marron;L;CERRO VERDE;1
2026;ABRIL;SHORT PLAYA ESTAMPADO CAB;[SHOSUCA153TM] SHORT PLAYA ESTAMPADO CAB (M, SAL);SHOSUCA153TM;CAB;Sal;M;CERRO VERDE;1
2026;ABRIL;SHORT PLAYA ESTAMPADO KIDS;[SHOSUKI155T6] SHORT PLAYA ESTAMPADO KIDS (6, PLAYUELA);SHOSUKI155T6;KIDS;Playuela;6;SAMBIL VALENCIA;1
2026;ABRIL;SHORT PLAYA ESTAMPADO CAB;[SHOSUCA153TXL] SHORT PLAYA ESTAMPADO CAB (XL, SAL);SHOSUCA153TXL;CAB;Sal;XL;GRIETA;1
2026;ABRIL;SHORT PLAYA ESTAMPADO KIDS;[SHOSUKI153T14] SHORT PLAYA ESTAMPADO KIDS (14, SAL);SHOSUKI153T14;KIDS;Sal;14;SAMBIL CHACAO;1
2026;ABRIL;SHORT PLAYA ESTAMPADO CAB;[SHOSUCA155TL] SHORT PLAYA ESTAMPADO CAB (L, PLAYUELA);SHOSUCA155TL;CAB;Playuela;L;CERRO VERDE;1
2026;ABRIL;SHORT PLAYA ESTAMPADO KIDS;[SHOSUKI153T14] SHORT PLAYA ESTAMPADO KIDS (14, SAL);SHOSUKI153T14;KIDS;Sal;14;SAMBIL VALENCIA;1
2026;ABRIL;SHORT PLAYA CAB;[SHOUNCA38TM] SHORT PLAYA CAB (M, Marron - 171022);SHOUNCA38TM;CAB;Marron;M;SAMBIL CHACAO;1
2026;ABRIL;SHORT PLAYA KIDS;[SHOUNKI23T12] SHORT PLAYA KIDS (12, Coral - 181649);SHOUNKI23T12;KIDS;Coral;12;SAMBIL CHACAO;1
2026;ABRIL;SHORT PLAYA ESTAMPADO KIDS;[SHOSUKI153T14] SHORT PLAYA ESTAMPADO KIDS (14, SAL);SHOSUKI153T14;KIDS;Sal;14;SAMBIL VALENCIA;-1
2026;ABRIL;SHORT PLAYA ESTAMPADO CAB;[SHOSUCA153TS] SHORT PLAYA ESTAMPADO CAB (S, SAL);SHOSUCA153TS;CAB;Sal;S;SAMBIL VALENCIA;1
2026;ABRIL;SHORT PLAYA CAB;[SHOUNCA186TL] SHORT PLAYA CAB (L, Azul Verdoso - 194524);SHOUNCA186TL;CAB;Azul Verdoso;L;SAMBIL CHACAO;1
2026;ABRIL;SHORT PLAYA CAB;[SHOUNCA170TS] SHORT PLAYA CAB (S, Cereza - 191955);SHOUNCA170TS;CAB;Cereza;S;SAMBIL CHACAO;1
2026;ABRIL;SHORT PLAYA CAB;[SHOUNCA187TS] SHORT PLAYA CAB (S, Azul Pizarra - 184735);SHOUNCA187TS;CAB;Azul Pizarra;S;SAMBIL CHACAO;2
2026;ABRIL;SHORT PLAYA ESTAMPADO CAB;[SHOSUCA153TM] SHORT PLAYA ESTAMPADO CAB (M, SAL);SHOSUCA153TM;CAB;Sal;M;SAMBIL CHACAO;2
2026;ABRIL;SHORT PLAYA KIDS;[SHOUNKI12T10] SHORT PLAYA KIDS (10, Azul Marino - 5102);SHOUNKI12T10;KIDS;Azul Marino;10;GRAND PLAZ;1
2026;ABRIL;SHORT PLAYA KIDS;[SHOUNKI50T8] SHORT PLAYA KIDS (8, Rojo - 3392);SHOUNKI50T8;KIDS;Rojo;8;GRAND PLAZ;1
2026;ABRIL;SHORT PLAYA CAB;[SHOUNCA69T2XL] SHORT PLAYA CAB (2XL, Verde Pino - 195920);SHOUNCA69T2XL;CAB;Verde Pino;2XL;GRIETA;1
2026;ABRIL;SHORT PLAYA ESTAMPADO KIDS;[SHOSUKI155T2] SHORT PLAYA ESTAMPADO KIDS (2, PLAYUELA);SHOSUKI155T2;KIDS;Playuela;2;CERRO VERDE;1
2026;ABRIL;SHORT PLAYA KIDS;[SHOUNKI01T2] SHORT PLAYA KIDS (2, Aguamarina - 61275);SHOUNKI01T2;KIDS;Aguamarina;2;CERRO VERDE;1
2026;ABRIL;SHORT PLAYA KIDS;[SHOUNKI50T14] SHORT PLAYA KIDS (14, Rojo - 3392);SHOUNKI50T14;KIDS;Rojo;14;GRIETA;1
2026;ABRIL;SHORT PLAYA CAB;[SHOUNCA38TS] SHORT PLAYA CAB (S, Marron - 171022);SHOUNCA38TS;CAB;Marron;S;GRIETA;1
2026;ABRIL;SHORT PLAYA KIDS;[SHOUNKI01T14] SHORT PLAYA KIDS (14, Aguamarina - 61275);SHOUNKI01T14;KIDS;Aguamarina;14;GRIETA;-1
2026;ABRIL;SHORT PLAYA KIDS;[SHOUNKI01T12] SHORT PLAYA KIDS (12, Aguamarina - 61275);SHOUNKI01T12;KIDS;Aguamarina;12;GRIETA;1
2026;ABRIL;SHORT PLAYA KIDS;[SHOUNKI12T8] SHORT PLAYA KIDS (8, Azul Marino - 5102);SHOUNKI12T8;KIDS;Azul Marino;8;SAMBIL CHACAO;1
2026;ABRIL;SHORT PLAYA CAB;[SHOUNCA187T2XL] SHORT PLAYA CAB (2XL, Azul Pizarra - 184735);SHOUNCA187T2XL;CAB;Azul Pizarra;2XL;SAMBIL VALENCIA;1
2026;ABRIL;SHORT PLAYA KIDS;[SHOUNKI12T2] SHORT PLAYA KIDS (2, Azul Marino - 5102);SHOUNKI12T2;KIDS;Azul Marino;2;GRIETA;1
2026;ABRIL;SHORT PLAYA CAB;[SHOUNCA170TL] SHORT PLAYA CAB (L, Cereza - 191955);SHOUNCA170TL;CAB;Cereza;L;CERRO VERDE;1
2026;ABRIL;SHORT PLAYA ESTAMPADO CAB;[SHOSUCA154TM] SHORT PLAYA ESTAMPADO CAB (M, SOMBRERO);SHOSUCA154TM;CAB;Sombrero;M;GRIETA;1
2026;ABRIL;SHORT PLAYA ESTAMPADO KIDS;[SHOSUKI154T6] SHORT PLAYA ESTAMPADO KIDS (6, SOMBRERO);SHOSUKI154T6;KIDS;Sombrero;6;GRIETA;1
2026;ABRIL;SHORT PLAYA ESTAMPADO KIDS;[SHOSUKI156T14] SHORT PLAYA ESTAMPADO KIDS (14, TUCUPIDO);SHOSUKI156T14;KIDS;Tucupido;14;CERRO VERDE;1
2026;ABRIL;SHORT PLAYA KIDS;[SHOUNKI13T12] SHORT PLAYA KIDS (12, Azul Rey - 50122);SHOUNKI13T12;KIDS;Azul Rey;12;GRIETA;1
2026;ABRIL;SHORT PLAYA KIDS;[SHOUNKI57T10] SHORT PLAYA KIDS (10, Terracota - 161344);SHOUNKI57T10;KIDS;Terracota;10;GRIETA;1
2026;ABRIL;SHORT PLAYA KIDS;[SHOUNKI50T6] SHORT PLAYA KIDS (6, Rojo - 3392);SHOUNKI50T6;KIDS;Rojo;6;GRIETA;1
2026;ABRIL;SHORT PLAYA KIDS;[SHOUNKI13T12] SHORT PLAYA KIDS (12, Azul Rey - 50122);SHOUNKI13T12;KIDS;Azul Rey;12;GRIETA;1
2026;ABRIL;SHORT PLAYA ESTAMPADO KIDS;[SHOSUKI156T2] SHORT PLAYA ESTAMPADO KIDS (2, TUCUPIDO);SHOSUKI156T2;KIDS;Tucupido;2;SAMBIL CHACAO;1
2026;ABRIL;SHORT PLAYA ESTAMPADO CAB;[SHOSUCA156TM] SHORT PLAYA ESTAMPADO CAB (M, TUCUPIDO);SHOSUCA156TM;CAB;Tucupido;M;SAMBIL CHACAO;1
2026;ABRIL;SHORT PLAYA CAB;[SHOUNCA170TXL] SHORT PLAYA CAB (XL, Cereza - 191955);SHOUNCA170TXL;CAB;Cereza;XL;SAMBIL VALENCIA;1
2026;ABRIL;SHORT PLAYA CAB;[SHOUNCA187TL] SHORT PLAYA CAB (L, Azul Pizarra - 184735);SHOUNCA187TL;CAB;Azul Pizarra;L;CERRO VERDE;1
2026;ABRIL;SHORT PLAYA CAB;[SHOUNCA38TL] SHORT PLAYA CAB (L, Marron - 171022);SHOUNCA38TL;CAB;Marron;L;CERRO VERDE;1
2026;ABRIL;SHORT PLAYA KIDS;[SHOUNKI01T2] SHORT PLAYA KIDS (2, Aguamarina - 61275);SHOUNKI01T2;KIDS;Aguamarina;2;CERRO VERDE;-1
2026;ABRIL;SHORT PLAYA KIDS;[SHOUNKI01T4] SHORT PLAYA KIDS (4, Aguamarina - 61275);SHOUNKI01T4;KIDS;Aguamarina;4;CERRO VERDE;1
2026;ABRIL;SHORT PLAYA ESTAMPADO CAB;[SHOSUCA155T2XL] SHORT PLAYA ESTAMPADO CAB (2XL, PLAYUELA);SHOSUCA155T2XL;CAB;Playuela;2XL;CERRO VERDE;1
2026;ABRIL;SHORT PLAYA CAB;[SHOUNCA186TL] SHORT PLAYA CAB (L, Azul Verdoso - 194524);SHOUNCA186TL;CAB;Azul Verdoso;L;GRIETA;1
2026;ABRIL;SHORT PLAYA CAB;[SHOUNCA170TM] SHORT PLAYA CAB (M, Cereza - 191955);SHOUNCA170TM;CAB;Cereza;M;GRAND PLAZ;1
2026;ABRIL;SHORT PLAYA CAB;[SHOUNCA170TL] SHORT PLAYA CAB (L, Cereza - 191955);SHOUNCA170TL;CAB;Cereza;L;GRIETA;2
2026;ABRIL;SHORT PLAYA ESTAMPADO KIDS;[SHOSUKI156T6] SHORT PLAYA ESTAMPADO KIDS (6, TUCUPIDO);SHOSUKI156T6;KIDS;Tucupido;6;GRIETA;1
2026;ABRIL;SHORT PLAYA ESTAMPADO KIDS;[SHOSUKI156T4] SHORT PLAYA ESTAMPADO KIDS (4, TUCUPIDO);SHOSUKI156T4;KIDS;Tucupido;4;GRIETA;1
2026;ABRIL;SHORT PLAYA ESTAMPADO CAB;[SHOSUCA156TM] SHORT PLAYA ESTAMPADO CAB (M, TUCUPIDO);SHOSUCA156TM;CAB;Tucupido;M;GRIETA;2
2026;ABRIL;SHORT PLAYA ESTAMPADO KIDS;[SHOSUKI156T6] SHORT PLAYA ESTAMPADO KIDS (6, TUCUPIDO);SHOSUKI156T6;KIDS;Tucupido;6;GRIETA;-1
2026;ABRIL;SHORT PLAYA ESTAMPADO KIDS;[SHOSUKI156T4] SHORT PLAYA ESTAMPADO KIDS (4, TUCUPIDO);SHOSUKI156T4;KIDS;Tucupido;4;GRIETA;-1
2026;ABRIL;SHORT PLAYA ESTAMPADO CAB;[SHOSUCA156TM] SHORT PLAYA ESTAMPADO CAB (M, TUCUPIDO);SHOSUCA156TM;CAB;Tucupido;M;GRIETA;-2
2026;ABRIL;SHORT PLAYA ESTAMPADO CAB;[SHOSUCA156TM] SHORT PLAYA ESTAMPADO CAB (M, TUCUPIDO);SHOSUCA156TM;CAB;Tucupido;M;GRIETA;2
2026;ABRIL;SHORT PLAYA ESTAMPADO KIDS;[SHOSUKI156T4] SHORT PLAYA ESTAMPADO KIDS (4, TUCUPIDO);SHOSUKI156T4;KIDS;Tucupido;4;GRIETA;1
2026;ABRIL;SHORT PLAYA ESTAMPADO KIDS;[SHOSUKI156T6] SHORT PLAYA ESTAMPADO KIDS (6, TUCUPIDO);SHOSUKI156T6;KIDS;Tucupido;6;GRIETA;1
2026;ABRIL;SHORT PLAYA CAB;[SHOUNCA170TL] SHORT PLAYA CAB (L, Cereza - 191955);SHOUNCA170TL;CAB;Cereza;L;SAMBIL CHACAO;1
2026;ABRIL;SHORT PLAYA CAB;[SHOUNCA186TL] SHORT PLAYA CAB (L, Azul Verdoso - 194524);SHOUNCA186TL;CAB;Azul Verdoso;L;CERRO VERDE;1
2026;ABRIL;SHORT PLAYA CAB;[SHOUNCA187TL] SHORT PLAYA CAB (L, Azul Pizarra - 184735);SHOUNCA187TL;CAB;Azul Pizarra;L;CERRO VERDE;-1
2026;ABRIL;SHORT PLAYA ESTAMPADO CAB;[SHOSUCA154TXL] SHORT PLAYA ESTAMPADO CAB (XL, SOMBRERO);SHOSUCA154TXL;CAB;Sombrero;XL;CERRO VERDE;1
2026;ABRIL;SHORT PLAYA ESTAMPADO CAB;[SHOSUCA155T2XL] SHORT PLAYA ESTAMPADO CAB (2XL, PLAYUELA);SHOSUCA155T2XL;CAB;Playuela;2XL;CERRO VERDE;1
2026;ABRIL;SHORT PLAYA ESTAMPADO CAB;[SHOSUCA153T2XL] SHORT PLAYA ESTAMPADO CAB (2XL, SAL);SHOSUCA153T2XL;CAB;Sal;2XL;CERRO VERDE;1
2026;ABRIL;SHORT PLAYA KIDS;[SHOUNKI01T8] SHORT PLAYA KIDS (8, Aguamarina - 61275);SHOUNKI01T8;KIDS;Aguamarina;8;GRIETA;1
2026;ABRIL;SHORT PLAYA KIDS;[SHOUNKI57T8] SHORT PLAYA KIDS (8, Terracota - 161344);SHOUNKI57T8;KIDS;Terracota;8;GRIETA;1
2026;ABRIL;SHORT PLAYA KIDS;[SHOUNKI13T12] SHORT PLAYA KIDS (12, Azul Rey - 50122);SHOUNKI13T12;KIDS;Azul Rey;12;CERRO VERDE;1
2026;ABRIL;SHORT PLAYA ESTAMPADO KIDS;[SHOSUKI154T10] SHORT PLAYA ESTAMPADO KIDS (10, SOMBRERO);SHOSUKI154T10;KIDS;Sombrero;10;GRIETA;1
2026;ABRIL;SHORT PLAYA ESTAMPADO CAB;[SHOSUCA153T2XL] SHORT PLAYA ESTAMPADO CAB (2XL, SAL);SHOSUCA153T2XL;CAB;Sal;2XL;SAMBIL CHACAO;1
2026;ABRIL;SHORT PLAYA ESTAMPADO CAB;[SHOSUCA155TXL] SHORT PLAYA ESTAMPADO CAB (XL, PLAYUELA);SHOSUCA155TXL;CAB;Playuela;XL;CERRO VERDE;1
2026;ABRIL;SHORT PLAYA CAB;[SHOUNCA69TM] SHORT PLAYA CAB (M, Verde Pino - 195920);SHOUNCA69TM;CAB;Verde Pino;M;CERRO VERDE;1
2026;ABRIL;SHORT PLAYA ESTAMPADO CAB;[SHOSUCA153T2XL] SHORT PLAYA ESTAMPADO CAB (2XL, SAL);SHOSUCA153T2XL;CAB;Sal;2XL;SAMBIL VALENCIA;1
2026;ABRIL;SHORT PLAYA ESTAMPADO CAB;[SHOSUCA155TM] SHORT PLAYA ESTAMPADO CAB (M, PLAYUELA);SHOSUCA155TM;CAB;Playuela;M;SAMBIL VALENCIA;1
2026;ABRIL;SHORT PLAYA ESTAMPADO KIDS;[SHOSUKI156T14] SHORT PLAYA ESTAMPADO KIDS (14, TUCUPIDO);SHOSUKI156T14;KIDS;Tucupido;14;SAMBIL VALENCIA;1
2026;ABRIL;SHORT PLAYA ESTAMPADO KIDS;[SHOSUKI156T12] SHORT PLAYA ESTAMPADO KIDS (12, TUCUPIDO);SHOSUKI156T12;KIDS;Tucupido;12;SAMBIL VALENCIA;1
2026;ABRIL;SHORT PLAYA ESTAMPADO CAB;[SHOSUCA153TM] SHORT PLAYA ESTAMPADO CAB (M, SAL);SHOSUCA153TM;CAB;Sal;M;SAMBIL CHACAO;1
2026;ABRIL;SHORT PLAYA CAB;[SHOUNCA170TL] SHORT PLAYA CAB (L, Cereza - 191955);SHOUNCA170TL;CAB;Cereza;L;CERRO VERDE;1
2026;ABRIL;SHORT PLAYA CAB;[SHOUNCA69TL] SHORT PLAYA CAB (L, Verde Pino - 195920);SHOUNCA69TL;CAB;Verde Pino;L;SAMBIL VALENCIA;1
2026;ABRIL;SHORT PLAYA ESTAMPADO CAB;[SHOSUCA153TL] SHORT PLAYA ESTAMPADO CAB (L, SAL);SHOSUCA153TL;CAB;Sal;L;CERRO VERDE;1
2026;ABRIL;SHORT PLAYA KIDS;[SHOUNKI33T14] SHORT PLAYA KIDS (14, Kaki - 161105);SHOUNKI33T14;KIDS;Kaki;14;CERRO VERDE;1
2026;ABRIL;SHORT PLAYA KIDS;[SHOUNKI12T14] SHORT PLAYA KIDS (14, Azul Marino - 5102);SHOUNKI12T14;KIDS;Azul Marino;14;CERRO VERDE;1
2026;ABRIL;SHORT PLAYA KIDS;[SHOUNKI33T4] SHORT PLAYA KIDS (4, Kaki - 161105);SHOUNKI33T4;KIDS;Kaki;4;CERRO VERDE;1
2026;ABRIL;SHORT PLAYA KIDS;[SHOUNKI12T4] SHORT PLAYA KIDS (4, Azul Marino - 5102);SHOUNKI12T4;KIDS;Azul Marino;4;CERRO VERDE;1
2026;ABRIL;SHORT PLAYA CAB;[SHOUNCA38TXL] SHORT PLAYA CAB (XL, Marron - 171022);SHOUNCA38TXL;CAB;Marron;XL;CERRO VERDE;1
2026;ABRIL;SHORT PLAYA CAB;[SHOUNCA38TXL] SHORT PLAYA CAB (XL, Marron - 171022);SHOUNCA38TXL;CAB;Marron;XL;CERRO VERDE;-1
2026;ABRIL;SHORT PLAYA KIDS;[SHOUNKI33T14] SHORT PLAYA KIDS (14, Kaki - 161105);SHOUNKI33T14;KIDS;Kaki;14;CERRO VERDE;-1
2026;ABRIL;SHORT PLAYA KIDS;[SHOUNKI12T14] SHORT PLAYA KIDS (14, Azul Marino - 5102);SHOUNKI12T14;KIDS;Azul Marino;14;CERRO VERDE;-1
2026;ABRIL;SHORT PLAYA KIDS;[SHOUNKI33T4] SHORT PLAYA KIDS (4, Kaki - 161105);SHOUNKI33T4;KIDS;Kaki;4;CERRO VERDE;-1
2026;ABRIL;SHORT PLAYA KIDS;[SHOUNKI12T4] SHORT PLAYA KIDS (4, Azul Marino - 5102);SHOUNKI12T4;KIDS;Azul Marino;4;CERRO VERDE;-1
2026;ABRIL;SHORT PLAYA KIDS;[SHOUNKI33T14] SHORT PLAYA KIDS (14, Kaki - 161105);SHOUNKI33T14;KIDS;Kaki;14;CERRO VERDE;1
2026;ABRIL;SHORT PLAYA KIDS;[SHOUNKI33T4] SHORT PLAYA KIDS (4, Kaki - 161105);SHOUNKI33T4;KIDS;Kaki;4;CERRO VERDE;1
2026;ABRIL;SHORT PLAYA CAB;[SHOUNCA38TXL] SHORT PLAYA CAB (XL, Marron - 171022);SHOUNCA38TXL;CAB;Marron;XL;CERRO VERDE;1
2026;ABRIL;SHORT PLAYA CAB;[SHOUNCA187TL] SHORT PLAYA CAB (L, Azul Pizarra - 184735);SHOUNCA187TL;CAB;Azul Pizarra;L;SAMBIL CHACAO;1
2026;ABRIL;SHORT PLAYA CAB;[SHOUNCA69TS] SHORT PLAYA CAB (S, Verde Pino - 195920);SHOUNCA69TS;CAB;Verde Pino;S;GRIETA;1
2026;ABRIL;SHORT PLAYA KIDS;[SHOUNKI57T14] SHORT PLAYA KIDS (14, Terracota - 161344);SHOUNKI57T14;KIDS;Terracota;14;GRIETA;1
2026;ABRIL;SHORT PLAYA CAB;[SHOUNCA187TXL] SHORT PLAYA CAB (XL, Azul Pizarra - 184735);SHOUNCA187TXL;CAB;Azul Pizarra;XL;CERRO VERDE;1
2026;ABRIL;SHORT PLAYA ESTAMPADO KIDS;[SHOSUKI153T10] SHORT PLAYA ESTAMPADO KIDS (10, SAL);SHOSUKI153T10;KIDS;Sal;10;SAMBIL VALENCIA;1
2026;ABRIL;SHORT PLAYA KIDS;[SHOUNKI29T12] SHORT PLAYA KIDS (12, Gris Azulado - 194316);SHOUNKI29T12;KIDS;Gris Azulado;12;GRAND PLAZ;1
2026;ABRIL;SHORT PLAYA CAB;[SHOUNCA69TS] SHORT PLAYA CAB (S, Verde Pino - 195920);SHOUNCA69TS;CAB;Verde Pino;S;CERRO VERDE;1
2026;ABRIL;SHORT PLAYA ESTAMPADO CAB;[SHOSUCA156TM] SHORT PLAYA ESTAMPADO CAB (M, TUCUPIDO);SHOSUCA156TM;CAB;Tucupido;M;CERRO VERDE;2
2026;ABRIL;SHORT PLAYA ESTAMPADO CAB;[SHOSUCA153TM] SHORT PLAYA ESTAMPADO CAB (M, SAL);SHOSUCA153TM;CAB;Sal;M;GRIETA;1
2026;ABRIL;SHORT PLAYA KIDS;[SHOUNKI68T14] SHORT PLAYA KIDS (14, Verde Oliva - 160421);SHOUNKI68T14;KIDS;Verde Oliva;14;CERRO VERDE;1
2026;ABRIL;SHORT PLAYA CAB;[SHOUNCA187TXL] SHORT PLAYA CAB (XL, Azul Pizarra - 184735);SHOUNCA187TXL;CAB;Azul Pizarra;XL;GRIETA;1
2026;ABRIL;SHORT PLAYA KIDS;[SHOUNKI01T8] SHORT PLAYA KIDS (8, Aguamarina - 61275);SHOUNKI01T8;KIDS;Aguamarina;8;GRIETA;1
2026;ABRIL;SHORT PLAYA KIDS;[SHOUNKI13T4] SHORT PLAYA KIDS (4, Azul Rey - 50122);SHOUNKI13T4;KIDS;Azul Rey;4;CERRO VERDE;1
2026;ABRIL;SHORT PLAYA ESTAMPADO CAB;[SHOSUCA155TM] SHORT PLAYA ESTAMPADO CAB (M, PLAYUELA);SHOSUCA155TM;CAB;Playuela;M;GRIETA;1
2026;ABRIL;SHORT PLAYA CAB;[SHOUNCA170TL] SHORT PLAYA CAB (L, Cereza - 191955);SHOUNCA170TL;CAB;Cereza;L;SAMBIL CHACAO;1
2026;ABRIL;SHORT PLAYA ESTAMPADO KIDS;[SHOSUKI153T12] SHORT PLAYA ESTAMPADO KIDS (12, SAL);SHOSUKI153T12;KIDS;Sal;12;SAMBIL VALENCIA;1
2026;ABRIL;SHORT PLAYA CAB;[SHOUNCA38TL] SHORT PLAYA CAB (L, Marron - 171022);SHOUNCA38TL;CAB;Marron;L;GRIETA;1
2026;ABRIL;SHORT PLAYA ESTAMPADO CAB;[SHOSUCA153TS] SHORT PLAYA ESTAMPADO CAB (S, SAL);SHOSUCA153TS;CAB;Sal;S;SAMBIL CHACAO;1
2026;ABRIL;SHORT PLAYA CAB;[SHOUNCA186TS] SHORT PLAYA CAB (S, Azul Verdoso - 194524);SHOUNCA186TS;CAB;Azul Verdoso;S;SAMBIL CHACAO;1
2026;ABRIL;SHORT PLAYA CAB;[SHOUNCA170TS] SHORT PLAYA CAB (S, Cereza - 191955);SHOUNCA170TS;CAB;Cereza;S;SAMBIL CHACAO;1
2026;ABRIL;SHORT PLAYA ESTAMPADO KIDS;[SHOSUKI153T10] SHORT PLAYA ESTAMPADO KIDS (10, SAL);SHOSUKI153T10;KIDS;Sal;10;GRAND PLAZ;1
2026;ABRIL;SHORT PLAYA KIDS;[SHOUNKI29T8] SHORT PLAYA KIDS (8, Gris Azulado - 194316);SHOUNKI29T8;KIDS;Gris Azulado;8;GRAND PLAZ;1
2026;ABRIL;SHORT PLAYA KIDS;[SHOUNKI29T4] SHORT PLAYA KIDS (4, Gris Azulado - 194316);SHOUNKI29T4;KIDS;Gris Azulado;4;GRIETA;1
2026;ABRIL;SHORT PLAYA ESTAMPADO CAB;[SHOSUCA156TL] SHORT PLAYA ESTAMPADO CAB (L, TUCUPIDO);SHOSUCA156TL;CAB;Tucupido;L;CERRO VERDE;1
2026;ABRIL;SHORT PLAYA KIDS;[SHOUNKI12T4] SHORT PLAYA KIDS (4, Azul Marino - 5102);SHOUNKI12T4;KIDS;Azul Marino;4;GRIETA;1
2026;ABRIL;SHORT PLAYA ESTAMPADO CAB;[SHOSUCA153TM] SHORT PLAYA ESTAMPADO CAB (M, SAL);SHOSUCA153TM;CAB;Sal;M;SAMBIL VALENCIA;1
2026;ABRIL;SHORT PLAYA CAB;[SHOUNCA38TM] SHORT PLAYA CAB (M, Marron - 171022);SHOUNCA38TM;CAB;Marron;M;SAMBIL VALENCIA;1
2026;ABRIL;SHORT PLAYA ESTAMPADO KIDS;[SHOSUKI155T10] SHORT PLAYA ESTAMPADO KIDS (10, PLAYUELA);SHOSUKI155T10;KIDS;Playuela;10;SAMBIL VALENCIA;1
2026;ABRIL;SHORT PLAYA ESTAMPADO KIDS;[SHOSUKI153T6] SHORT PLAYA ESTAMPADO KIDS (6, SAL);SHOSUKI153T6;KIDS;Sal;6;GRIETA;1
2026;ABRIL;SHORT PLAYA ESTAMPADO KIDS;[SHOSUKI153T6] SHORT PLAYA ESTAMPADO KIDS (6, SAL);SHOSUKI153T6;KIDS;Sal;6;GRIETA;-1
2026;ABRIL;SHORT PLAYA ESTAMPADO KIDS;[SHOSUKI153T6] SHORT PLAYA ESTAMPADO KIDS (6, SAL);SHOSUKI153T6;KIDS;Sal;6;GRIETA;1
2026;ABRIL;SHORT PLAYA ESTAMPADO CAB;[SHOSUCA153TL] SHORT PLAYA ESTAMPADO CAB (L, SAL);SHOSUCA153TL;CAB;Sal;L;SAMBIL CHACAO;1
2026;ABRIL;SHORT PLAYA KIDS;[SHOUNKI68T10] SHORT PLAYA KIDS (10, Verde Oliva - 160421);SHOUNKI68T10;KIDS;Verde Oliva;10;SAMBIL VALENCIA;1
2026;ABRIL;SHORT PLAYA CAB;[SHOUNCA69TM] SHORT PLAYA CAB (M, Verde Pino - 195920);SHOUNCA69TM;CAB;Verde Pino;M;CERRO VERDE;1
2026;ABRIL;SHORT PLAYA ESTAMPADO CAB;[SHOSUCA154TM] SHORT PLAYA ESTAMPADO CAB (M, SOMBRERO);SHOSUCA154TM;CAB;Sombrero;M;CERRO VERDE;1
2026;ABRIL;SHORT PLAYA ESTAMPADO CAB;[SHOSUCA153TL] SHORT PLAYA ESTAMPADO CAB (L, SAL);SHOSUCA153TL;CAB;Sal;L;SAMBIL VALENCIA;1
2026;ABRIL;SHORT PLAYA ESTAMPADO CAB;[SHOSUCA153TL] SHORT PLAYA ESTAMPADO CAB (L, SAL);SHOSUCA153TL;CAB;Sal;L;SAMBIL CHACAO;-1
2026;ABRIL;SHORT PLAYA ESTAMPADO CAB;[SHOSUCA153TXL] SHORT PLAYA ESTAMPADO CAB (XL, SAL);SHOSUCA153TXL;CAB;Sal;XL;SAMBIL CHACAO;1
2026;ABRIL;SHORT PLAYA KIDS;[SHOUNKI13T12] SHORT PLAYA KIDS (12, Azul Rey - 50122);SHOUNKI13T12;KIDS;Azul Rey;12;SAMBIL CHACAO;1
2026;ABRIL;SHORT PLAYA CAB;[SHOUNCA186TM] SHORT PLAYA CAB (M, Azul Verdoso - 194524);SHOUNCA186TM;CAB;Azul Verdoso;M;SAMBIL VALENCIA;1
2026;ABRIL;SHORT PLAYA KIDS;[SHOUNKI12T10] SHORT PLAYA KIDS (10, Azul Marino - 5102);SHOUNKI12T10;KIDS;Azul Marino;10;SAMBIL CHACAO;1
2026;ABRIL;SHORT PLAYA KIDS;[SHOUNKI01T2] SHORT PLAYA KIDS (2, Aguamarina - 61275);SHOUNKI01T2;KIDS;Aguamarina;2;SAMBIL CHACAO;1
2026;ABRIL;SHORT PLAYA KIDS;[SHOUNKI01T2] SHORT PLAYA KIDS (2, Aguamarina - 61275);SHOUNKI01T2;KIDS;Aguamarina;2;SAMBIL CHACAO;-1
2026;ABRIL;SHORT PLAYA KIDS;[SHOUNKI12T2] SHORT PLAYA KIDS (2, Azul Marino - 5102);SHOUNKI12T2;KIDS;Azul Marino;2;SAMBIL CHACAO;1
2026;ABRIL;SHORT PLAYA CAB;[SHOUNCA69TM] SHORT PLAYA CAB (M, Verde Pino - 195920);SHOUNCA69TM;CAB;Verde Pino;M;GRIETA;1
2026;ABRIL;SHORT PLAYA ESTAMPADO KIDS;[SHOSUKI155T6] SHORT PLAYA ESTAMPADO KIDS (6, PLAYUELA);SHOSUKI155T6;KIDS;Playuela;6;SAMBIL CHACAO;1
2026;ABRIL;SHORT PLAYA KIDS;[SHOUNKI13T6] SHORT PLAYA KIDS (6, Azul Rey - 50122);SHOUNKI13T6;KIDS;Azul Rey;6;SAMBIL VALENCIA;1
2026;ABRIL;SHORT PLAYA ESTAMPADO CAB;[SHOSUCA156TXL] SHORT PLAYA ESTAMPADO CAB (XL, TUCUPIDO);SHOSUCA156TXL;CAB;Tucupido;XL;CERRO VERDE;1
2026;ABRIL;SHORT PLAYA CAB;[SHOUNCA38TM] SHORT PLAYA CAB (M, Marron - 171022);SHOUNCA38TM;CAB;Marron;M;GRIETA;1
2026;ABRIL;SHORT PLAYA ESTAMPADO KIDS;[SHOSUKI153T8] SHORT PLAYA ESTAMPADO KIDS (8, SAL);SHOSUKI153T8;KIDS;Sal;8;CERRO VERDE;1
2026;ABRIL;SHORT PLAYA CAB;[SHOUNCA186T2XL] SHORT PLAYA CAB (2XL, Azul Verdoso - 194524);SHOUNCA186T2XL;CAB;Azul Verdoso;2XL;SAMBIL VALENCIA;1
2026;ABRIL;SHORT PLAYA CAB;[SHOUNCA186TL] SHORT PLAYA CAB (L, Azul Verdoso - 194524);SHOUNCA186TL;CAB;Azul Verdoso;L;SAMBIL CHACAO;1
2026;ABRIL;SHORT PLAYA CAB;[SHOUNCA38TL] SHORT PLAYA CAB (L, Marron - 171022);SHOUNCA38TL;CAB;Marron;L;SAMBIL CHACAO;1
2026;ABRIL;SHORT PLAYA KIDS;[SHOUNKI29T6] SHORT PLAYA KIDS (6, Gris Azulado - 194316);SHOUNKI29T6;KIDS;Gris Azulado;6;CERRO VERDE;1
2026;ABRIL;SHORT PLAYA CAB;[SHOUNCA187TXL] SHORT PLAYA CAB (XL, Azul Pizarra - 184735);SHOUNCA187TXL;CAB;Azul Pizarra;XL;CERRO VERDE;1
2026;ABRIL;SHORT PLAYA CAB;[SHOUNCA170TXL] SHORT PLAYA CAB (XL, Cereza - 191955);SHOUNCA170TXL;CAB;Cereza;XL;CERRO VERDE;1
2026;ABRIL;SHORT PLAYA CAB;[SHOUNCA38TXL] SHORT PLAYA CAB (XL, Marron - 171022);SHOUNCA38TXL;CAB;Marron;XL;CERRO VERDE;1
2026;ABRIL;SHORT PLAYA ESTAMPADO CAB;[SHOSUCA153TXL] SHORT PLAYA ESTAMPADO CAB (XL, SAL);SHOSUCA153TXL;CAB;Sal;XL;CERRO VERDE;1
2026;ABRIL;SHORT PLAYA CAB;[SHOUNCA186TM] SHORT PLAYA CAB (M, Azul Verdoso - 194524);SHOUNCA186TM;CAB;Azul Verdoso;M;SAMBIL CHACAO;1
2026;ABRIL;SHORT PLAYA CAB;[SHOUNCA69TXL] SHORT PLAYA CAB (XL, Verde Pino - 195920);SHOUNCA69TXL;CAB;Verde Pino;XL;SAMBIL VALENCIA;1
2026;ABRIL;SHORT PLAYA CAB;[SHOUNCA69TXL] SHORT PLAYA CAB (XL, Verde Pino - 195920);SHOUNCA69TXL;CAB;Verde Pino;XL;SAMBIL CHACAO;1
2026;ABRIL;SHORT PLAYA ESTAMPADO CAB;[SHOSUCA155TL] SHORT PLAYA ESTAMPADO CAB (L, PLAYUELA);SHOSUCA155TL;CAB;Playuela;L;GRIETA;1
2026;ABRIL;SHORT PLAYA ESTAMPADO CAB;[SHOSUCA153TS] SHORT PLAYA ESTAMPADO CAB (S, SAL);SHOSUCA153TS;CAB;Sal;S;CERRO VERDE;1
2026;ABRIL;SHORT PLAYA ESTAMPADO CAB;[SHOSUCA155TS] SHORT PLAYA ESTAMPADO CAB (S, PLAYUELA);SHOSUCA155TS;CAB;Playuela;S;CERRO VERDE;1
2026;ABRIL;SHORT PLAYA ESTAMPADO CAB;[SHOSUCA155TM] SHORT PLAYA ESTAMPADO CAB (M, PLAYUELA);SHOSUCA155TM;CAB;Playuela;M;CERRO VERDE;1
2026;ABRIL;SHORT PLAYA ESTAMPADO CAB;[SHOSUCA155TM] SHORT PLAYA ESTAMPADO CAB (M, PLAYUELA);SHOSUCA155TM;CAB;Playuela;M;SAMBIL CHACAO;1
2026;ABRIL;SHORT PLAYA CAB;[SHOUNCA186TM] SHORT PLAYA CAB (M, Azul Verdoso - 194524);SHOUNCA186TM;CAB;Azul Verdoso;M;SAMBIL CHACAO;-1
2026;ABRIL;SHORT PLAYA ESTAMPADO CAB;[SHOSUCA155TS] SHORT PLAYA ESTAMPADO CAB (S, PLAYUELA);SHOSUCA155TS;CAB;Playuela;S;SAMBIL CHACAO;1
2026;ABRIL;SHORT PLAYA ESTAMPADO CAB;[SHOSUCA155TL] SHORT PLAYA ESTAMPADO CAB (L, PLAYUELA);SHOSUCA155TL;CAB;Playuela;L;SAMBIL VALENCIA;1
2026;ABRIL;SHORT PLAYA ESTAMPADO KIDS;[SHOSUKI153T2] SHORT PLAYA ESTAMPADO KIDS (2, SAL);SHOSUKI153T2;KIDS;Sal;2;CERRO VERDE;1
2026;ABRIL;SHORT PLAYA ESTAMPADO CAB;[SHOSUCA155TL] SHORT PLAYA ESTAMPADO CAB (L, PLAYUELA);SHOSUCA155TL;CAB;Playuela;L;CERRO VERDE;1
2026;ABRIL;SHORT PLAYA ESTAMPADO CAB;[SHOSUCA156T2XL] SHORT PLAYA ESTAMPADO CAB (2XL, TUCUPIDO);SHOSUCA156T2XL;CAB;Tucupido;2XL;GRIETA;1
2026;ABRIL;SHORT PLAYA ESTAMPADO CAB;[SHOSUCA155TL] SHORT PLAYA ESTAMPADO CAB (L, PLAYUELA);SHOSUCA155TL;CAB;Playuela;L;GRIETA;1
2026;ABRIL;SHORT PLAYA KIDS;[SHOUNKI50T10] SHORT PLAYA KIDS (10, Rojo - 3392);SHOUNKI50T10;KIDS;Rojo;10;GRIETA;1
2026;ABRIL;SHORT PLAYA ESTAMPADO KIDS;[SHOSUKI155T14] SHORT PLAYA ESTAMPADO KIDS (14, PLAYUELA);SHOSUKI155T14;KIDS;Playuela;14;CERRO VERDE;1
2026;ABRIL;SHORT PLAYA ESTAMPADO CAB;[SHOSUCA155TS] SHORT PLAYA ESTAMPADO CAB (S, PLAYUELA);SHOSUCA155TS;CAB;Playuela;S;CERRO VERDE;1
2026;ABRIL;SHORT PLAYA ESTAMPADO CAB;[SHOSUCA154TL] SHORT PLAYA ESTAMPADO CAB (L, SOMBRERO);SHOSUCA154TL;CAB;Sombrero;L;SAMBIL VALENCIA;1
2026;ABRIL;SHORT PLAYA CAB;[SHOUNCA170TL] SHORT PLAYA CAB (L, Cereza - 191955);SHOUNCA170TL;CAB;Cereza;L;SAMBIL VALENCIA;1
2026;ABRIL;SHORT PLAYA CAB;[SHOUNCA69T2XL] SHORT PLAYA CAB (2XL, Verde Pino - 195920);SHOUNCA69T2XL;CAB;Verde Pino;2XL;SAMBIL VALENCIA;1
2026;ABRIL;SHORT PLAYA ESTAMPADO CAB;[SHOSUCA155TM] SHORT PLAYA ESTAMPADO CAB (M, PLAYUELA);SHOSUCA155TM;CAB;Playuela;M;SAMBIL CHACAO;1
2026;ABRIL;SHORT PLAYA ESTAMPADO KIDS;[SHOSUKI156T10] SHORT PLAYA ESTAMPADO KIDS (10, TUCUPIDO);SHOSUKI156T10;KIDS;Tucupido;10;GRIETA;1
2026;ABRIL;SHORT PLAYA ESTAMPADO CAB;[SHOSUCA156TM] SHORT PLAYA ESTAMPADO CAB (M, TUCUPIDO);SHOSUCA156TM;CAB;Tucupido;M;GRIETA;1
2026;ABRIL;SHORT PLAYA ESTAMPADO CAB;[SHOSUCA153TL] SHORT PLAYA ESTAMPADO CAB (L, SAL);SHOSUCA153TL;CAB;Sal;L;CERRO VERDE;1
2026;ABRIL;SHORT PLAYA ESTAMPADO KIDS;[SHOSUKI155T4] SHORT PLAYA ESTAMPADO KIDS (4, PLAYUELA);SHOSUKI155T4;KIDS;Playuela;4;CERRO VERDE;1
2026;ABRIL;SHORT PLAYA CAB;[SHOUNCA187TL] SHORT PLAYA CAB (L, Azul Pizarra - 184735);SHOUNCA187TL;CAB;Azul Pizarra;L;WEB;1
2026;ABRIL;SHORT PLAYA KIDS;[SHOUNKI01T2] SHORT PLAYA KIDS (2, Aguamarina - 61275);SHOUNKI01T2;KIDS;Aguamarina;2;GRIETA;1
2026;ABRIL;SHORT PLAYA ESTAMPADO KIDS;[SHOSUKI156T14] SHORT PLAYA ESTAMPADO KIDS (14, TUCUPIDO);SHOSUKI156T14;KIDS;Tucupido;14;SAMBIL VALENCIA;1
2026;ABRIL;SHORT PLAYA ESTAMPADO KIDS;[SHOSUKI155T14] SHORT PLAYA ESTAMPADO KIDS (14, PLAYUELA);SHOSUKI155T14;KIDS;Playuela;14;SAMBIL CHACAO;1
2026;ABRIL;SHORT PLAYA ESTAMPADO CAB;[SHOSUCA153TL] SHORT PLAYA ESTAMPADO CAB (L, SAL);SHOSUCA153TL;CAB;Sal;L;CERRO VERDE;1
2026;ABRIL;SHORT PLAYA CAB;[SHOUNCA187T2XL] SHORT PLAYA CAB (2XL, Azul Pizarra - 184735);SHOUNCA187T2XL;CAB;Azul Pizarra;2XL;GRIETA;1
2026;ABRIL;SHORT PLAYA ESTAMPADO CAB;[SHOSUCA155TL] SHORT PLAYA ESTAMPADO CAB (L, PLAYUELA);SHOSUCA155TL;CAB;Playuela;L;CERRO VERDE;1
2026;ABRIL;SHORT PLAYA ESTAMPADO CAB;[SHOSUCA156TL] SHORT PLAYA ESTAMPADO CAB (L, TUCUPIDO);SHOSUCA156TL;CAB;Tucupido;L;CERRO VERDE;1
2026;ABRIL;SHORT PLAYA ESTAMPADO CAB;[SHOSUCA153TM] SHORT PLAYA ESTAMPADO CAB (M, SAL);SHOSUCA153TM;CAB;Sal;M;GRIETA;1
2026;ABRIL;SHORT PLAYA ESTAMPADO CAB;[SHOSUCA154TL] SHORT PLAYA ESTAMPADO CAB (L, SOMBRERO);SHOSUCA154TL;CAB;Sombrero;L;CERRO VERDE;1
2026;ABRIL;SHORT PLAYA KIDS;[SHOUNKI13T1] SHORT PLAYA KIDS (1, Azul Rey - 50122);SHOUNKI13T1;KIDS;Azul Rey;1;SAMBIL VALENCIA;1
2026;ABRIL;SHORT PLAYA CAB;[SHOUNCA186TL] SHORT PLAYA CAB (L, Azul Verdoso - 194524);SHOUNCA186TL;CAB;Azul Verdoso;L;SAMBIL CHACAO;1
2026;ABRIL;SHORT PLAYA ESTAMPADO CAB;[SHOSUCA153TL] SHORT PLAYA ESTAMPADO CAB (L, SAL);SHOSUCA153TL;CAB;Sal;L;CERRO VERDE;1
2026;ABRIL;SHORT PLAYA CAB;[SHOUNCA170TL] SHORT PLAYA CAB (L, Cereza - 191955);SHOUNCA170TL;CAB;Cereza;L;CERRO VERDE;1
2026;ABRIL;SHORT PLAYA ESTAMPADO KIDS;[SHOSUKI153T14] SHORT PLAYA ESTAMPADO KIDS (14, SAL);SHOSUKI153T14;KIDS;Sal;14;SAMBIL CHACAO;1
2026;ABRIL;SHORT PLAYA ESTAMPADO KIDS;[SHOSUKI153T12] SHORT PLAYA ESTAMPADO KIDS (12, SAL);SHOSUKI153T12;KIDS;Sal;12;SAMBIL CHACAO;1
2026;ABRIL;SHORT PLAYA ESTAMPADO KIDS;[SHOSUKI155T14] SHORT PLAYA ESTAMPADO KIDS (14, PLAYUELA);SHOSUKI155T14;KIDS;Playuela;14;CERRO VERDE;1
2026;ABRIL;SHORT PLAYA ESTAMPADO KIDS;[SHOSUKI154T1] SHORT PLAYA ESTAMPADO KIDS (1, SOMBRERO);SHOSUKI154T1;KIDS;Sombrero;1;SAMBIL CHACAO;1
2026;ABRIL;SHORT PLAYA CAB;[SHOUNCA69TXL] SHORT PLAYA CAB (XL, Verde Pino - 195920);SHOUNCA69TXL;CAB;Verde Pino;XL;SAMBIL VALENCIA;1
2026;ABRIL;SHORT PLAYA KIDS;[SHOUNKI13T8] SHORT PLAYA KIDS (8, Azul Rey - 50122);SHOUNKI13T8;KIDS;Azul Rey;8;CERRO VERDE;1
2026;ABRIL;SHORT PLAYA CAB;[SHOUNCA69TM] SHORT PLAYA CAB (M, Verde Pino - 195920);SHOUNCA69TM;CAB;Verde Pino;M;SAMBIL CHACAO;1
2026;ABRIL;SHORT PLAYA CAB;[SHOUNCA187TL] SHORT PLAYA CAB (L, Azul Pizarra - 184735);SHOUNCA187TL;CAB;Azul Pizarra;L;SAMBIL VALENCIA;1
2026;ABRIL;SHORT PLAYA KIDS;[SHOUNKI12T2] SHORT PLAYA KIDS (2, Azul Marino - 5102);SHOUNKI12T2;KIDS;Azul Marino;2;CERRO VERDE;1
2026;ABRIL;SHORT PLAYA KIDS;[SHOUNKI01T1] SHORT PLAYA KIDS (1, Aguamarina - 61275);SHOUNKI01T1;KIDS;Aguamarina;1;CERRO VERDE;1
2026;ABRIL;SHORT PLAYA CAB;[SHOUNCA186TS] SHORT PLAYA CAB (S, Azul Verdoso - 194524);SHOUNCA186TS;CAB;Azul Verdoso;S;SAMBIL VALENCIA;1
2026;ABRIL;SHORT PLAYA ESTAMPADO KIDS;[SHOSUKI156T10] SHORT PLAYA ESTAMPADO KIDS (10, TUCUPIDO);SHOSUKI156T10;KIDS;Tucupido;10;SAMBIL CHACAO;1
2026;ABRIL;SHORT PLAYA ESTAMPADO KIDS;[SHOSUKI155T12] SHORT PLAYA ESTAMPADO KIDS (12, PLAYUELA);SHOSUKI155T12;KIDS;Playuela;12;SAMBIL CHACAO;1
2026;ABRIL;SHORT PLAYA ESTAMPADO CAB;[SHOSUCA156TL] SHORT PLAYA ESTAMPADO CAB (L, TUCUPIDO);SHOSUCA156TL;CAB;Tucupido;L;CERRO VERDE;1
2026;ABRIL;SHORT PLAYA CAB;[SHOUNCA170TM] SHORT PLAYA CAB (M, Cereza - 191955);SHOUNCA170TM;CAB;Cereza;M;CERRO VERDE;1
2026;ABRIL;SHORT PLAYA ESTAMPADO CAB;[SHOSUCA155TL] SHORT PLAYA ESTAMPADO CAB (L, PLAYUELA);SHOSUCA155TL;CAB;Playuela;L;GRIETA;1
2026;ABRIL;SHORT PLAYA CAB;[SHOUNCA69TL] SHORT PLAYA CAB (L, Verde Pino - 195920);SHOUNCA69TL;CAB;Verde Pino;L;SAMBIL VALENCIA;1
2026;ABRIL;SHORT PLAYA CAB;[SHOUNCA187TM] SHORT PLAYA CAB (M, Azul Pizarra - 184735);SHOUNCA187TM;CAB;Azul Pizarra;M;CERRO VERDE;1
2026;ABRIL;SHORT PLAYA ESTAMPADO CAB;[SHOSUCA153TL] SHORT PLAYA ESTAMPADO CAB (L, SAL);SHOSUCA153TL;CAB;Sal;L;CERRO VERDE;1
2026;ABRIL;SHORT PLAYA CAB;[SHOUNCA186TXL] SHORT PLAYA CAB (XL, Azul Verdoso - 194524);SHOUNCA186TXL;CAB;Azul Verdoso;XL;SAMBIL VALENCIA;1
2026;ABRIL;SHORT PLAYA ESTAMPADO CAB;[SHOSUCA153T2XL] SHORT PLAYA ESTAMPADO CAB (2XL, SAL);SHOSUCA153T2XL;CAB;Sal;2XL;GRIETA;1
2026;ABRIL;SHORT PLAYA CAB;[SHOUNCA38TXL] SHORT PLAYA CAB (XL, Marron - 171022);SHOUNCA38TXL;CAB;Marron;XL;GRIETA;1
2026;ABRIL;SHORT PLAYA CAB;[SHOUNCA187TL] SHORT PLAYA CAB (L, Azul Pizarra - 184735);SHOUNCA187TL;CAB;Azul Pizarra;L;CERRO VERDE;1
2026;ABRIL;SHORT PLAYA CAB;[SHOUNCA170TXL] SHORT PLAYA CAB (XL, Cereza - 191955);SHOUNCA170TXL;CAB;Cereza;XL;GRIETA;1
2026;ABRIL;SHORT PLAYA KIDS;[SHOUNKI29T8] SHORT PLAYA KIDS (8, Gris Azulado - 194316);SHOUNKI29T8;KIDS;Gris Azulado;8;GRIETA;1
2026;ABRIL;SHORT PLAYA CAB;[SHOUNCA186T2XL] SHORT PLAYA CAB (2XL, Azul Verdoso - 194524);SHOUNCA186T2XL;CAB;Azul Verdoso;2XL;SAMBIL VALENCIA;1
2026;ABRIL;SHORT PLAYA ESTAMPADO CAB;[SHOSUCA155TS] SHORT PLAYA ESTAMPADO CAB (S, PLAYUELA);SHOSUCA155TS;CAB;Playuela;S;SAMBIL VALENCIA;1
2026;ABRIL;SHORT PLAYA KIDS;[SHOUNKI50T10] SHORT PLAYA KIDS (10, Rojo - 3392);SHOUNKI50T10;KIDS;Rojo;10;CERRO VERDE;1
2026;ABRIL;SHORT PLAYA KIDS;[SHOUNKI50T8] SHORT PLAYA KIDS (8, Rojo - 3392);SHOUNKI50T8;KIDS;Rojo;8;CERRO VERDE;1
2026;ABRIL;SHORT PLAYA KIDS;[SHOUNKI50T2] SHORT PLAYA KIDS (2, Rojo - 3392);SHOUNKI50T2;KIDS;Rojo;2;CERRO VERDE;1
2026;ABRIL;SHORT PLAYA CAB;[SHOUNCA12TL] SHORT PLAYA CAB (L, Azul Marino - 193933);SHOUNCA12TL;CAB;Azul Marino;L;WEB;1
2026;ABRIL;SHORT PLAYA ESTAMPADO CAB;[SHOSUCA153T2XL] SHORT PLAYA ESTAMPADO CAB (2XL, SAL);SHOSUCA153T2XL;CAB;Sal;2XL;TOLON;1
2026;ABRIL;SHORT PLAYA ESTAMPADO CAB;[SHOSUCA153T2XL] SHORT PLAYA ESTAMPADO CAB (2XL, SAL);SHOSUCA153T2XL;CAB;Sal;2XL;SAMBIL CHACAO;1
2026;ABRIL;SHORT PLAYA CAB;[SHOUNCA186TXL] SHORT PLAYA CAB (XL, Azul Verdoso - 194524);SHOUNCA186TXL;CAB;Azul Verdoso;XL;SAMBIL CHACAO;1
2026;ABRIL;SHORT PLAYA ESTAMPADO CAB;[SHOSUCA154TM] SHORT PLAYA ESTAMPADO CAB (M, SOMBRERO);SHOSUCA154TM;CAB;Sombrero;M;SAMBIL VALENCIA;1
2026;ABRIL;SHORT PLAYA CAB;[SHOUNCA186T2XL] SHORT PLAYA CAB (2XL, Azul Verdoso - 194524);SHOUNCA186T2XL;CAB;Azul Verdoso;2XL;CERRO VERDE;1
2026;ABRIL;SHORT PLAYA ESTAMPADO KIDS;[SHOSUKI155T1] SHORT PLAYA ESTAMPADO KIDS (1, PLAYUELA);SHOSUKI155T1;KIDS;Playuela;1;CERRO VERDE;1
2026;ABRIL;SHORT PLAYA ESTAMPADO CAB;[SHOSUCA153TXL] SHORT PLAYA ESTAMPADO CAB (XL, SAL);SHOSUCA153TXL;CAB;Sal;XL;CERRO VERDE;1
2026;ABRIL;SHORT PLAYA ESTAMPADO CAB;[SHOSUCA155TXL] SHORT PLAYA ESTAMPADO CAB (XL, PLAYUELA);SHOSUCA155TXL;CAB;Playuela;XL;CERRO VERDE;1
2026;ABRIL;SHORT PLAYA CAB;[SHOUNCA187TM] SHORT PLAYA CAB (M, Azul Pizarra - 184735);SHOUNCA187TM;CAB;Azul Pizarra;M;SAMBIL CHACAO;1
2026;ABRIL;SHORT PLAYA CAB;[SHOUNCA187TL] SHORT PLAYA CAB (L, Azul Pizarra - 184735);SHOUNCA187TL;CAB;Azul Pizarra;L;SAMBIL CHACAO;1
2026;ABRIL;SHORT PLAYA ESTAMPADO CAB;[SHOSUCA153TL] SHORT PLAYA ESTAMPADO CAB (L, SAL);SHOSUCA153TL;CAB;Sal;L;SAMBIL CHACAO;1
2026;ABRIL;SHORT PLAYA CAB;[SHOUNCA187T2XL] SHORT PLAYA CAB (2XL, Azul Pizarra - 184735);SHOUNCA187T2XL;CAB;Azul Pizarra;2XL;SAMBIL VALENCIA;1
2026;ABRIL;SHORT PLAYA CAB;[SHOUNCA170TL] SHORT PLAYA CAB (L, Cereza - 191955);SHOUNCA170TL;CAB;Cereza;L;SAMBIL VALENCIA;1
2026;ABRIL;SHORT PLAYA KIDS;[SHOUNKI57T14] SHORT PLAYA KIDS (14, Terracota - 161344);SHOUNKI57T14;KIDS;Terracota;14;SAMBIL VALENCIA;1
2026;ABRIL;SHORT PLAYA CAB;[SHOUNCA170TL] SHORT PLAYA CAB (L, Cereza - 191955);SHOUNCA170TL;CAB;Cereza;L;SAMBIL VALENCIA;1
2026;ABRIL;SHORT PLAYA ESTAMPADO CAB;[SHOSUCA153TS] SHORT PLAYA ESTAMPADO CAB (S, SAL);SHOSUCA153TS;CAB;Sal;S;SAMBIL CHACAO;1
2026;ABRIL;SHORT PLAYA ESTAMPADO CAB;[SHOSUCA153TL] SHORT PLAYA ESTAMPADO CAB (L, SAL);SHOSUCA153TL;CAB;Sal;L;SAMBIL CHACAO;1
2026;ABRIL;SHORT PLAYA CAB;[SHOUNCA170T2XL] SHORT PLAYA CAB (2XL, Cereza - 191955);SHOUNCA170T2XL;CAB;Cereza;2XL;SAMBIL VALENCIA;1
2026;ABRIL;SHORT PLAYA CAB;[SHOUNCA187TXL] SHORT PLAYA CAB (XL, Azul Pizarra - 184735);SHOUNCA187TXL;CAB;Azul Pizarra;XL;SAMBIL VALENCIA;1
2026;MAYO;SHORT PLAYA ESTAMPADO KIDS;[SHOSUKI153T14] SHORT PLAYA ESTAMPADO KIDS (14, SAL);SHOSUKI153T14;KIDS;Sal;14;SAMBIL CHACAO;1
2026;MAYO;SHORT PLAYA KIDS;[SHOUNKI57T14] SHORT PLAYA KIDS (14, Terracota - 161344);SHOUNKI57T14;KIDS;Terracota;14;CERRO VERDE;1
2026;MAYO;SHORT PLAYA ESTAMPADO KIDS;[SHOSUKI153T10] SHORT PLAYA ESTAMPADO KIDS (10, SAL);SHOSUKI153T10;KIDS;Sal;10;GRIETA;1
2026;MAYO;SHORT PLAYA CAB;[SHOUNCA187TM] SHORT PLAYA CAB (M, Azul Pizarra - 184735);SHOUNCA187TM;CAB;Azul Pizarra;M;SAMBIL VALENCIA;1
2026;MAYO;SHORT PLAYA ESTAMPADO KIDS;[SHOSUKI155T12] SHORT PLAYA ESTAMPADO KIDS (12, PLAYUELA);SHOSUKI155T12;KIDS;Playuela;12;SAMBIL CHACAO;1
2026;MAYO;SHORT PLAYA ESTAMPADO KIDS;[SHOSUKI154T2] SHORT PLAYA ESTAMPADO KIDS (2, SOMBRERO);SHOSUKI154T2;KIDS;Sombrero;2;SAMBIL CHACAO;1
2026;MAYO;SHORT PLAYA ESTAMPADO KIDS;[SHOSUKI153T8] SHORT PLAYA ESTAMPADO KIDS (8, SAL);SHOSUKI153T8;KIDS;Sal;8;TOLON;1
2026;MAYO;SHORT PLAYA ESTAMPADO CAB;[SHOSUCA155TM] SHORT PLAYA ESTAMPADO CAB (M, PLAYUELA);SHOSUCA155TM;CAB;Playuela;M;CERRO VERDE;1
2026;MAYO;SHORT PLAYA CAB;[SHOUNCA186TM] SHORT PLAYA CAB (M, Azul Verdoso - 194524);SHOUNCA186TM;CAB;Azul Verdoso;M;CERRO VERDE;1
2026;MAYO;SHORT PLAYA ESTAMPADO CAB;[SHOSUCA153TL] SHORT PLAYA ESTAMPADO CAB (L, SAL);SHOSUCA153TL;CAB;Sal;L;TOLON;1
2026;MAYO;SHORT PLAYA CAB;[SHOUNCA38T2XL] SHORT PLAYA CAB (2XL, Marron - 171022);SHOUNCA38T2XL;CAB;Marron;2XL;SAMBIL VALENCIA;1
2026;MAYO;SHORT PLAYA CAB;[SHOUNCA170TL] SHORT PLAYA CAB (L, Cereza - 191955);SHOUNCA170TL;CAB;Cereza;L;GRIETA;1
2026;MAYO;SHORT PLAYA KIDS;[SHOUNKI68T14] SHORT PLAYA KIDS (14, Verde Oliva - 160421);SHOUNKI68T14;KIDS;Verde Oliva;14;CERRO VERDE;1
2026;MAYO;SHORT PLAYA ESTAMPADO CAB;[SHOSUCA153T2XL] SHORT PLAYA ESTAMPADO CAB (2XL, SAL);SHOSUCA153T2XL;CAB;Sal;2XL;GRIETA;1
2026;MAYO;SHORT PLAYA ESTAMPADO CAB;[SHOSUCA153TM] SHORT PLAYA ESTAMPADO CAB (M, SAL);SHOSUCA153TM;CAB;Sal;M;GRAND PLAZ;1
2026;MAYO;SHORT PLAYA ESTAMPADO CAB;[SHOSUCA153TM] SHORT PLAYA ESTAMPADO CAB (M, SAL);SHOSUCA153TM;CAB;Sal;M;GRAND PLAZ;-1
2026;MAYO;SHORT PLAYA ESTAMPADO CAB;[SHOSUCA153TM] SHORT PLAYA ESTAMPADO CAB (M, SAL);SHOSUCA153TM;CAB;Sal;M;GRAND PLAZ;1
2026;MAYO;SHORT PLAYA CAB;[SHOUNCA186TL] SHORT PLAYA CAB (L, Azul Verdoso - 194524);SHOUNCA186TL;CAB;Azul Verdoso;L;CERRO VERDE;1
2026;MAYO;SHORT PLAYA KIDS;[SHOUNKI13T4] SHORT PLAYA KIDS (4, Azul Rey - 50122);SHOUNKI13T4;KIDS;Azul Rey;4;SAMBIL VALENCIA;1
2026;MAYO;SHORT PLAYA CAB;[SHOUNCA187TM] SHORT PLAYA CAB (M, Azul Pizarra - 184735);SHOUNCA187TM;CAB;Azul Pizarra;M;GRIETA;1
2026;MAYO;SHORT PLAYA CAB;[SHOUNCA170TM] SHORT PLAYA CAB (M, Cereza - 191955);SHOUNCA170TM;CAB;Cereza;M;CERRO VERDE;1
2026;MAYO;SHORT PLAYA CAB;[SHOUNCA170TL] SHORT PLAYA CAB (L, Cereza - 191955);SHOUNCA170TL;CAB;Cereza;L;CERRO VERDE;1
2026;MAYO;SHORT PLAYA ESTAMPADO CAB;[SHOSUCA154TM] SHORT PLAYA ESTAMPADO CAB (M, SOMBRERO);SHOSUCA154TM;CAB;Sombrero;M;GRIETA;1
2026;MAYO;SHORT PLAYA ESTAMPADO KIDS;[SHOSUKI154T14] SHORT PLAYA ESTAMPADO KIDS (14, SOMBRERO);SHOSUKI154T14;KIDS;Sombrero;14;GRIETA;1
2026;MAYO;SHORT PLAYA ESTAMPADO KIDS;[SHOSUKI156T8] SHORT PLAYA ESTAMPADO KIDS (8, TUCUPIDO);SHOSUKI156T8;KIDS;Tucupido;8;GRIETA;1
2026;MAYO;SHORT PLAYA CAB;[SHOUNCA38TL] SHORT PLAYA CAB (L, Marron - 171022);SHOUNCA38TL;CAB;Marron;L;SAMBIL CHACAO;1
2026;MAYO;SHORT PLAYA CAB;[SHOUNCA170TL] SHORT PLAYA CAB (L, Cereza - 191955);SHOUNCA170TL;CAB;Cereza;L;SAMBIL CHACAO;1
2026;MAYO;SHORT PLAYA ESTAMPADO KIDS;[SHOSUKI153T10] SHORT PLAYA ESTAMPADO KIDS (10, SAL);SHOSUKI153T10;KIDS;Sal;10;CERRO VERDE;1
2026;MAYO;SHORT PLAYA CAB;[SHOUNCA187TL] SHORT PLAYA CAB (L, Azul Pizarra - 184735);SHOUNCA187TL;CAB;Azul Pizarra;L;SAMBIL VALENCIA;1
2026;MAYO;SHORT PLAYA KIDS;[SHOUNKI23T14] SHORT PLAYA KIDS (14, Coral - 181649);SHOUNKI23T14;KIDS;Coral;14;CERRO VERDE;1
2026;MAYO;SHORT PLAYA ESTAMPADO KIDS;[SHOSUKI153T10] SHORT PLAYA ESTAMPADO KIDS (10, SAL);SHOSUKI153T10;KIDS;Sal;10;WEB;1
2026;MAYO;SHORT PLAYA ESTAMPADO CAB;[SHOSUCA156TXL] SHORT PLAYA ESTAMPADO CAB (XL, TUCUPIDO);SHOSUCA156TXL;CAB;Tucupido;XL;SAMBIL VALENCIA;1
2026;MAYO;SHORT PLAYA ESTAMPADO KIDS;[SHOSUKI153T10] SHORT PLAYA ESTAMPADO KIDS (10, SAL);SHOSUKI153T10;KIDS;Sal;10;GRIETA;1
2026;MAYO;SHORT PLAYA KIDS;[SHOUNKI23T14] SHORT PLAYA KIDS (14, Coral - 181649);SHOUNKI23T14;KIDS;Coral;14;CERRO VERDE;-1
2026;MAYO;SHORT PLAYA KIDS;[SHOUNKI23T14] SHORT PLAYA KIDS (14, Coral - 181649);SHOUNKI23T14;KIDS;Coral;14;CERRO VERDE;1
2026;MAYO;SHORT PLAYA CAB;[SHOUNCA187T2XL] SHORT PLAYA CAB (2XL, Azul Pizarra - 184735);SHOUNCA187T2XL;CAB;Azul Pizarra;2XL;SAMBIL CHACAO;1
2026;MAYO;SHORT PLAYA ESTAMPADO KIDS;[SHOSUKI153T12] SHORT PLAYA ESTAMPADO KIDS (12, SAL);SHOSUKI153T12;KIDS;Sal;12;GRIETA;1
2026;MAYO;SHORT PLAYA ESTAMPADO KIDS;[SHOSUKI155T6] SHORT PLAYA ESTAMPADO KIDS (6, PLAYUELA);SHOSUKI155T6;KIDS;Playuela;6;GRIETA;1
2026;MAYO;SHORT PLAYA ESTAMPADO CAB;[SHOSUCA155TXL] SHORT PLAYA ESTAMPADO CAB (XL, PLAYUELA);SHOSUCA155TXL;CAB;Playuela;XL;SAMBIL CHACAO;1
2026;MAYO;SHORT PLAYA CAB;[SHOUNCA69TXL] SHORT PLAYA CAB (XL, Verde Pino - 195920);SHOUNCA69TXL;CAB;Verde Pino;XL;SAMBIL VALENCIA;1
2026;MAYO;SHORT PLAYA CAB;[SHOUNCA29T3XL] SHORT PLAYA CAB (3XL, Gris Azulado - 194316);SHOUNCA29T3XL;CAB;Gris Azulado;3XL;WEB;1
2026;MAYO;SHORT PLAYA KIDS;[SHOUNKI01T12] SHORT PLAYA KIDS (12, Aguamarina - 61275);SHOUNKI01T12;KIDS;Aguamarina;12;CERRO VERDE;1
2026;MAYO;SHORT PLAYA CAB;[SHOUNCA69TM] SHORT PLAYA CAB (M, Verde Pino - 195920);SHOUNCA69TM;CAB;Verde Pino;M;CERRO VERDE;1
2026;MAYO;SHORT PLAYA ESTAMPADO CAB;[SHOSUCA153T2XL] SHORT PLAYA ESTAMPADO CAB (2XL, SAL);SHOSUCA153T2XL;CAB;Sal;2XL;SAMBIL CHACAO;1
2026;MAYO;SHORT PLAYA ESTAMPADO CAB;[SHOSUCA153TL] SHORT PLAYA ESTAMPADO CAB (L, SAL);SHOSUCA153TL;CAB;Sal;L;SAMBIL CHACAO;1
2026;MAYO;SHORT PLAYA ESTAMPADO CAB;[SHOSUCA155TL] SHORT PLAYA ESTAMPADO CAB (L, PLAYUELA);SHOSUCA155TL;CAB;Playuela;L;GRAND PLAZ;1
2026;MAYO;SHORT PLAYA KIDS;[SHOUNKI13T4] SHORT PLAYA KIDS (4, Azul Rey - 50122);SHOUNKI13T4;KIDS;Azul Rey;4;CERRO VERDE;1
2026;MAYO;SHORT PLAYA CAB;[SHOUNCA69TM] SHORT PLAYA CAB (M, Verde Pino - 195920);SHOUNCA69TM;CAB;Verde Pino;M;SAMBIL CHACAO;1
2026;MAYO;SHORT PLAYA ESTAMPADO KIDS;[SHOSUKI153T14] SHORT PLAYA ESTAMPADO KIDS (14, SAL);SHOSUKI153T14;KIDS;Sal;14;CERRO VERDE;1
2026;MAYO;SHORT PLAYA ESTAMPADO KIDS;[SHOSUKI154T8] SHORT PLAYA ESTAMPADO KIDS (8, SOMBRERO);SHOSUKI154T8;KIDS;Sombrero;8;GRIETA;1
2026;MAYO;SHORT PLAYA CAB;[SHOUNCA187TL] SHORT PLAYA CAB (L, Azul Pizarra - 184735);SHOUNCA187TL;CAB;Azul Pizarra;L;CERRO VERDE;1
2026;MAYO;SHORT PLAYA CAB;[SHOUNCA29TM] SHORT PLAYA CAB (M, Gris Azulado - 194316);SHOUNCA29TM;CAB;Gris Azulado;M;WEB;1
2026;MAYO;SHORT PLAYA CAB;[SHOUNCA69TM] SHORT PLAYA CAB (M, Verde Pino - 195920);SHOUNCA69TM;CAB;Verde Pino;M;TOLON;1
2026;MAYO;SHORT PLAYA CAB;[SHOUNCA38T2XL] SHORT PLAYA CAB (2XL, Marron - 171022);SHOUNCA38T2XL;CAB;Marron;2XL;GRIETA;1
2026;MAYO;SHORT PLAYA ESTAMPADO CAB;[SHOSUCA155TM] SHORT PLAYA ESTAMPADO CAB (M, PLAYUELA);SHOSUCA155TM;CAB;Playuela;M;SAMBIL VALENCIA;1
2026;MAYO;SHORT PLAYA KIDS;[SHOUNKI01T2] SHORT PLAYA KIDS (2, Aguamarina - 61275);SHOUNKI01T2;KIDS;Aguamarina;2;SAMBIL CHACAO;1
2026;MAYO;SHORT PLAYA ESTAMPADO KIDS;[SHOSUKI153T2] SHORT PLAYA ESTAMPADO KIDS (2, SAL);SHOSUKI153T2;KIDS;Sal;2;SAMBIL CHACAO;1
2026;MAYO;SHORT PLAYA CAB;[SHOUNCA69TM] SHORT PLAYA CAB (M, Verde Pino - 195920);SHOUNCA69TM;CAB;Verde Pino;M;GRIETA;1
2026;MAYO;SHORT PLAYA CAB;[SHOUNCA38TL] SHORT PLAYA CAB (L, Marron - 171022);SHOUNCA38TL;CAB;Marron;L;SAMBIL CHACAO;1
2026;MAYO;SHORT PLAYA CAB;[SHOUNCA170TL] SHORT PLAYA CAB (L, Cereza - 191955);SHOUNCA170TL;CAB;Cereza;L;SAMBIL CHACAO;1
2026;MAYO;SHORT PLAYA CAB;[SHOUNCA38TM] SHORT PLAYA CAB (M, Marron - 171022);SHOUNCA38TM;CAB;Marron;M;SAMBIL CHACAO;1
2026;MAYO;SHORT PLAYA KIDS;[SHOUNKI23T14] SHORT PLAYA KIDS (14, Coral - 181649);SHOUNKI23T14;KIDS;Coral;14;CERRO VERDE;-1
2026;MAYO;SHORT PLAYA CAB;[SHOUNCA170T2XL] SHORT PLAYA CAB (2XL, Cereza - 191955);SHOUNCA170T2XL;CAB;Cereza;2XL;SAMBIL VALENCIA;1
2026;MAYO;SHORT PLAYA CAB;[SHOUNCA186TXL] SHORT PLAYA CAB (XL, Azul Verdoso - 194524);SHOUNCA186TXL;CAB;Azul Verdoso;XL;SAMBIL VALENCIA;1
2026;MAYO;SHORT PLAYA CAB;[SHOUNCA187TL] SHORT PLAYA CAB (L, Azul Pizarra - 184735);SHOUNCA187TL;CAB;Azul Pizarra;L;GRIETA;1
2026;MAYO;SHORT PLAYA CAB;[SHOUNCA38TS] SHORT PLAYA CAB (S, Marron - 171022);SHOUNCA38TS;CAB;Marron;S;GRIETA;1
2026;MAYO;SHORT PLAYA CAB;[SHOUNCA12TL] SHORT PLAYA CAB (L, Azul Marino - 193933);SHOUNCA12TL;CAB;Azul Marino;L;WEB;1
2026;MAYO;SHORT PLAYA CAB;[SHOUNCA12TXL] SHORT PLAYA CAB (XL, Azul Marino - 193933);SHOUNCA12TXL;CAB;Azul Marino;XL;WEB;1
2026;MAYO;SHORT PLAYA ESTAMPADO KIDS;[SHOSUKI155T12] SHORT PLAYA ESTAMPADO KIDS (12, PLAYUELA);SHOSUKI155T12;KIDS;Playuela;12;CERRO VERDE;1
2026;MAYO;SHORT PLAYA ESTAMPADO CAB;[SHOSUCA153TL] SHORT PLAYA ESTAMPADO CAB (L, SAL);SHOSUCA153TL;CAB;Sal;L;TOLON;1
2026;MAYO;SHORT PLAYA ESTAMPADO CAB;[SHOSUCA154TL] SHORT PLAYA ESTAMPADO CAB (L, SOMBRERO);SHOSUCA154TL;CAB;Sombrero;L;SAMBIL CHACAO;1
2026;MAYO;SHORT PLAYA ESTAMPADO CAB;[SHOSUCA155TL] SHORT PLAYA ESTAMPADO CAB (L, PLAYUELA);SHOSUCA155TL;CAB;Playuela;L;SAMBIL CHACAO;1
2026;MAYO;SHORT PLAYA KIDS;[SHOUNKI57T6] SHORT PLAYA KIDS (6, Terracota - 161344);SHOUNKI57T6;KIDS;Terracota;6;TOLON;1
2026;MAYO;SHORT PLAYA KIDS;[SHOUNKI57T6] SHORT PLAYA KIDS (6, Terracota - 161344);SHOUNKI57T6;KIDS;Terracota;6;TOLON;-1
2026;MAYO;SHORT PLAYA KIDS;[SHOUNKI57T6] SHORT PLAYA KIDS (6, Terracota - 161344);SHOUNKI57T6;KIDS;Terracota;6;TOLON;1
2026;MAYO;SHORT PLAYA CAB;[SHOUNCA38TS] SHORT PLAYA CAB (S, Marron - 171022);SHOUNCA38TS;CAB;Marron;S;SAMBIL VALENCIA;1
2026;MAYO;SHORT PLAYA ESTAMPADO CAB;[SHOSUCA153TS] SHORT PLAYA ESTAMPADO CAB (S, SAL);SHOSUCA153TS;CAB;Sal;S;SAMBIL VALENCIA;1
2026;MAYO;SHORT PLAYA ESTAMPADO CAB;[SHOSUCA153TM] SHORT PLAYA ESTAMPADO CAB (M, SAL);SHOSUCA153TM;CAB;Sal;M;SAMBIL VALENCIA;1
2026;MAYO;SHORT PLAYA ESTAMPADO CAB;[SHOSUCA155T2XL] SHORT PLAYA ESTAMPADO CAB (2XL, PLAYUELA);SHOSUCA155T2XL;CAB;Playuela;2XL;CERRO VERDE;1
2026;MAYO;SHORT PLAYA ESTAMPADO CAB;[SHOSUCA156T2XL] SHORT PLAYA ESTAMPADO CAB (2XL, TUCUPIDO);SHOSUCA156T2XL;CAB;Tucupido;2XL;CERRO VERDE;1
2026;MAYO;SHORT PLAYA ESTAMPADO CAB;[SHOSUCA156TL] SHORT PLAYA ESTAMPADO CAB (L, TUCUPIDO);SHOSUCA156TL;CAB;Tucupido;L;CERRO VERDE;1
2026;MAYO;SHORT PLAYA KIDS;[SHOUNKI13T8] SHORT PLAYA KIDS (8, Azul Rey - 50122);SHOUNKI13T8;KIDS;Azul Rey;8;CERRO VERDE;1
2026;MAYO;SHORT PLAYA KIDS;[SHOUNKI29T4] SHORT PLAYA KIDS (4, Gris Azulado - 194316);SHOUNKI29T4;KIDS;Gris Azulado;4;GRIETA;1
2026;MAYO;SHORT PLAYA KIDS;[SHOUNKI29T12] SHORT PLAYA KIDS (12, Gris Azulado - 194316);SHOUNKI29T12;KIDS;Gris Azulado;12;CERRO VERDE;1
2026;MAYO;SHORT PLAYA CAB;[SHOUNCA170TL] SHORT PLAYA CAB (L, Cereza - 191955);SHOUNCA170TL;CAB;Cereza;L;SAMBIL CHACAO;1
2026;MAYO;SHORT PLAYA CAB;[SHOUNCA69TM] SHORT PLAYA CAB (M, Verde Pino - 195920);SHOUNCA69TM;CAB;Verde Pino;M;CERRO VERDE;1
2026;MAYO;SHORT PLAYA ESTAMPADO CAB;[SHOSUCA155TM] SHORT PLAYA ESTAMPADO CAB (M, PLAYUELA);SHOSUCA155TM;CAB;Playuela;M;CERRO VERDE;1
2026;MAYO;SHORT PLAYA CAB;[SHOUNCA69TL] SHORT PLAYA CAB (L, Verde Pino - 195920);SHOUNCA69TL;CAB;Verde Pino;L;SAMBIL VALENCIA;1
2026;MAYO;SHORT PLAYA CAB;[SHOUNCA69TM] SHORT PLAYA CAB (M, Verde Pino - 195920);SHOUNCA69TM;CAB;Verde Pino;M;SAMBIL VALENCIA;1
2026;MAYO;SHORT PLAYA KIDS;[SHOUNKI23T8] SHORT PLAYA KIDS (8, Coral - 181649);SHOUNKI23T8;KIDS;Coral;8;SAMBIL CHACAO;1
2026;MAYO;SHORT PLAYA ESTAMPADO KIDS;[SHOSUKI153T14] SHORT PLAYA ESTAMPADO KIDS (14, SAL);SHOSUKI153T14;KIDS;Sal;14;SAMBIL VALENCIA;1
2026;MAYO;SHORT PLAYA CAB;[SHOUNCA170TM] SHORT PLAYA CAB (M, Cereza - 191955);SHOUNCA170TM;CAB;Cereza;M;CERRO VERDE;1
2026;MAYO;SHORT PLAYA ESTAMPADO KIDS;[SHOSUKI155T2] SHORT PLAYA ESTAMPADO KIDS (2, PLAYUELA);SHOSUKI155T2;KIDS;Playuela;2;GRIETA;1
2026;MAYO;SHORT PLAYA KIDS;[SHOUNKI50T8] SHORT PLAYA KIDS (8, Rojo - 3392);SHOUNKI50T8;KIDS;Rojo;8;TOLON;1
2026;MAYO;SHORT PLAYA KIDS;[SHOUNKI01T6] SHORT PLAYA KIDS (6, Aguamarina - 61275);SHOUNKI01T6;KIDS;Aguamarina;6;TOLON;1
2026;MAYO;SHORT PLAYA ESTAMPADO CAB;[SHOSUCA153TM] SHORT PLAYA ESTAMPADO CAB (M, SAL);SHOSUCA153TM;CAB;Sal;M;SAMBIL CHACAO;1
2026;MAYO;SHORT PLAYA ESTAMPADO KIDS;[SHOSUKI156T6] SHORT PLAYA ESTAMPADO KIDS (6, TUCUPIDO);SHOSUKI156T6;KIDS;Tucupido;6;CERRO VERDE;1
2026;MAYO;SHORT PLAYA CAB;[SHOUNCA187TS] SHORT PLAYA CAB (S, Azul Pizarra - 184735);SHOUNCA187TS;CAB;Azul Pizarra;S;SAMBIL VALENCIA;1
2026;MAYO;SHORT PLAYA CAB;[SHOUNCA170TXL] SHORT PLAYA CAB (XL, Cereza - 191955);SHOUNCA170TXL;CAB;Cereza;XL;SAMBIL CHACAO;1
2026;MAYO;SHORT PLAYA ESTAMPADO CAB;[SHOSUCA153T2XL] SHORT PLAYA ESTAMPADO CAB (2XL, SAL);SHOSUCA153T2XL;CAB;Sal;2XL;SAMBIL VALENCIA;1
2026;MAYO;SHORT PLAYA ESTAMPADO KIDS;[SHOSUKI153T14] SHORT PLAYA ESTAMPADO KIDS (14, SAL);SHOSUKI153T14;KIDS;Sal;14;SAMBIL VALENCIA;-1
2026;MAYO;SHORT PLAYA ESTAMPADO CAB;[SHOSUCA153TS] SHORT PLAYA ESTAMPADO CAB (S, SAL);SHOSUCA153TS;CAB;Sal;S;SAMBIL VALENCIA;1
2026;MAYO;SHORT PLAYA CAB;[SHOUNCA187TM] SHORT PLAYA CAB (M, Azul Pizarra - 184735);SHOUNCA187TM;CAB;Azul Pizarra;M;TOLON;1
2026;MAYO;SHORT PLAYA CAB;[SHOUNCA38TM] SHORT PLAYA CAB (M, Marron - 171022);SHOUNCA38TM;CAB;Marron;M;TOLON;1
2026;MAYO;SHORT PLAYA ESTAMPADO KIDS;[SHOSUKI153T1] SHORT PLAYA ESTAMPADO KIDS (1, SAL);SHOSUKI153T1;KIDS;Sal;1;SAMBIL CHACAO;1
2026;MAYO;SHORT PLAYA ESTAMPADO CAB;[SHOSUCA153T2XL] SHORT PLAYA ESTAMPADO CAB (2XL, SAL);SHOSUCA153T2XL;CAB;Sal;2XL;SAMBIL CHACAO;1
2026;MAYO;SHORT PLAYA ESTAMPADO CAB;[SHOSUCA155TS] SHORT PLAYA ESTAMPADO CAB (S, PLAYUELA);SHOSUCA155TS;CAB;Playuela;S;SAMBIL VALENCIA;1
2026;MAYO;SHORT PLAYA ESTAMPADO CAB;[SHOSUCA155TM] SHORT PLAYA ESTAMPADO CAB (M, PLAYUELA);SHOSUCA155TM;CAB;Playuela;M;SAMBIL CHACAO;1
2026;MAYO;SHORT PLAYA CAB;[SHOUNCA38TL] SHORT PLAYA CAB (L, Marron - 171022);SHOUNCA38TL;CAB;Marron;L;SAMBIL CHACAO;1
2026;MAYO;SHORT PLAYA ESTAMPADO CAB;[SHOSUCA153TS] SHORT PLAYA ESTAMPADO CAB (S, SAL);SHOSUCA153TS;CAB;Sal;S;SAMBIL VALENCIA;1
2026;MAYO;SHORT PLAYA CAB;[SHOUNCA69TS] SHORT PLAYA CAB (S, Verde Pino - 195920);SHOUNCA69TS;CAB;Verde Pino;S;SAMBIL CHACAO;1
2026;MAYO;SHORT PLAYA CAB;[SHOUNCA186TM] SHORT PLAYA CAB (M, Azul Verdoso - 194524);SHOUNCA186TM;CAB;Azul Verdoso;M;SAMBIL VALENCIA;1
2026;MAYO;SHORT PLAYA KIDS;[SHOUNKI13T10] SHORT PLAYA KIDS (10, Azul Rey - 50122);SHOUNKI13T10;KIDS;Azul Rey;10;SAMBIL VALENCIA;1
2026;MAYO;SHORT PLAYA ESTAMPADO KIDS;[SHOSUKI156T4] SHORT PLAYA ESTAMPADO KIDS (4, TUCUPIDO);SHOSUKI156T4;KIDS;Tucupido;4;SAMBIL CHACAO;1
2026;MAYO;SHORT PLAYA CAB;[SHOUNCA170TL] SHORT PLAYA CAB (L, Cereza - 191955);SHOUNCA170TL;CAB;Cereza;L;GRIETA;1
2026;MAYO;SHORT PLAYA CAB;[SHOUNCA187T2XL] SHORT PLAYA CAB (2XL, Azul Pizarra - 184735);SHOUNCA187T2XL;CAB;Azul Pizarra;2XL;GRIETA;1
2026;MAYO;SHORT PLAYA CAB;[SHOUNCA187T2XL] SHORT PLAYA CAB (2XL, Azul Pizarra - 184735);SHOUNCA187T2XL;CAB;Azul Pizarra;2XL;GRIETA;-1
2026;MAYO;SHORT PLAYA CAB;[SHOUNCA187T3XL] SHORT PLAYA CAB (3XL, Azul Pizarra - 184735);SHOUNCA187T3XL;CAB;Azul Pizarra;3XL;GRIETA;1
2026;MAYO;SHORT PLAYA ESTAMPADO CAB;[SHOSUCA153TL] SHORT PLAYA ESTAMPADO CAB (L, SAL);SHOSUCA153TL;CAB;Sal;L;SAMBIL VALENCIA;1
2026;MAYO;SHORT PLAYA CAB;[SHOUNCA187T2XL] SHORT PLAYA CAB (2XL, Azul Pizarra - 184735);SHOUNCA187T2XL;CAB;Azul Pizarra;2XL;SAMBIL VALENCIA;1
2026;MAYO;SHORT PLAYA ESTAMPADO CAB;[SHOSUCA153T2XL] SHORT PLAYA ESTAMPADO CAB (2XL, SAL);SHOSUCA153T2XL;CAB;Sal;2XL;SAMBIL VALENCIA;1
2026;MAYO;SHORT PLAYA ESTAMPADO CAB;[SHOSUCA153TL] SHORT PLAYA ESTAMPADO CAB (L, SAL);SHOSUCA153TL;CAB;Sal;L;SAMBIL VALENCIA;-1
2026;MAYO;SHORT PLAYA ESTAMPADO CAB;[SHOSUCA153TL] SHORT PLAYA ESTAMPADO CAB (L, SAL);SHOSUCA153TL;CAB;Sal;L;SAMBIL VALENCIA;1
2026;MAYO;SHORT PLAYA ESTAMPADO CAB;[SHOSUCA153TXL] SHORT PLAYA ESTAMPADO CAB (XL, SAL);SHOSUCA153TXL;CAB;Sal;XL;GRIETA;1
2026;MAYO;SHORT PLAYA CAB;[SHOUNCA170TL] SHORT PLAYA CAB (L, Cereza - 191955);SHOUNCA170TL;CAB;Cereza;L;SAMBIL VALENCIA;1
2026;MAYO;SHORT PLAYA CAB;[SHOUNCA187TL] SHORT PLAYA CAB (L, Azul Pizarra - 184735);SHOUNCA187TL;CAB;Azul Pizarra;L;SAMBIL VALENCIA;1
2026;MAYO;SHORT PLAYA CAB;[SHOUNCA69TXL] SHORT PLAYA CAB (XL, Verde Pino - 195920);SHOUNCA69TXL;CAB;Verde Pino;XL;SAMBIL VALENCIA;1
2026;MAYO;SHORT PLAYA CAB;[SHOUNCA69TM] SHORT PLAYA CAB (M, Verde Pino - 195920);SHOUNCA69TM;CAB;Verde Pino;M;SAMBIL VALENCIA;1
2026;MAYO;SHORT PLAYA CAB;[SHOUNCA69TM] SHORT PLAYA CAB (M, Verde Pino - 195920);SHOUNCA69TM;CAB;Verde Pino;M;GRAND PLAZ;1
2026;MAYO;SHORT PLAYA CAB;[SHOUNCA170TL] SHORT PLAYA CAB (L, Cereza - 191955);SHOUNCA170TL;CAB;Cereza;L;TOLON;1
2026;MAYO;SHORT PLAYA CAB;[SHOUNCA69TM] SHORT PLAYA CAB (M, Verde Pino - 195920);SHOUNCA69TM;CAB;Verde Pino;M;SAMBIL VALENCIA;1
2026;MAYO;SHORT PLAYA CAB;[SHOUNCA38TM] SHORT PLAYA CAB (M, Marron - 171022);SHOUNCA38TM;CAB;Marron;M;GRIETA;1
2026;MAYO;SHORT PLAYA ESTAMPADO CAB;[SHOSUCA156TM] SHORT PLAYA ESTAMPADO CAB (M, TUCUPIDO);SHOSUCA156TM;CAB;Tucupido;M;GRIETA;1
2026;MAYO;SHORT PLAYA ESTAMPADO CAB;[SHOSUCA155TL] SHORT PLAYA ESTAMPADO CAB (L, PLAYUELA);SHOSUCA155TL;CAB;Playuela;L;CERRO VERDE;-1
2026;MAYO;SHORT PLAYA ESTAMPADO CAB;[SHOSUCA156TL] SHORT PLAYA ESTAMPADO CAB (L, TUCUPIDO);SHOSUCA156TL;CAB;Tucupido;L;CERRO VERDE;-1
2026;MAYO;SHORT PLAYA ESTAMPADO CAB;[SHOSUCA155TXL] SHORT PLAYA ESTAMPADO CAB (XL, PLAYUELA);SHOSUCA155TXL;CAB;Playuela;XL;CERRO VERDE;1
2026;MAYO;SHORT PLAYA ESTAMPADO CAB;[SHOSUCA156TXL] SHORT PLAYA ESTAMPADO CAB (XL, TUCUPIDO);SHOSUCA156TXL;CAB;Tucupido;XL;CERRO VERDE;1
2026;MAYO;SHORT PLAYA CAB;[SHOUNCA186T2XL] SHORT PLAYA CAB (2XL, Azul Verdoso - 194524);SHOUNCA186T2XL;CAB;Azul Verdoso;2XL;TOLON;1
2026;MAYO;SHORT PLAYA CAB;[SHOUNCA186TL] SHORT PLAYA CAB (L, Azul Verdoso - 194524);SHOUNCA186TL;CAB;Azul Verdoso;L;TOLON;1
2026;MAYO;SHORT PLAYA CAB;[SHOUNCA186TL] SHORT PLAYA CAB (L, Azul Verdoso - 194524);SHOUNCA186TL;CAB;Azul Verdoso;L;CERRO VERDE;1
2026;MAYO;SHORT PLAYA ESTAMPADO KIDS;[SHOSUKI153T2] SHORT PLAYA ESTAMPADO KIDS (2, SAL);SHOSUKI153T2;KIDS;Sal;2;GRIETA;1
2026;MAYO;SHORT PLAYA KIDS;[SHOUNKI01T8] SHORT PLAYA KIDS (8, Aguamarina - 61275);SHOUNKI01T8;KIDS;Aguamarina;8;CERRO VERDE;1
2026;MAYO;SHORT PLAYA CAB;[SHOUNCA170TM] SHORT PLAYA CAB (M, Cereza - 191955);SHOUNCA170TM;CAB;Cereza;M;CERRO VERDE;1
2026;MAYO;SHORT PLAYA CAB;[SHOUNCA170TXL] SHORT PLAYA CAB (XL, Cereza - 191955);SHOUNCA170TXL;CAB;Cereza;XL;SAMBIL CHACAO;2
2026;MAYO;SHORT PLAYA ESTAMPADO CAB;[SHOSUCA154TM] SHORT PLAYA ESTAMPADO CAB (M, SOMBRERO);SHOSUCA154TM;CAB;Sombrero;M;CERRO VERDE;1
2026;MAYO;SHORT PLAYA CAB;[SHOUNCA170TM] SHORT PLAYA CAB (M, Cereza - 191955);SHOUNCA170TM;CAB;Cereza;M;CERRO VERDE;1
2026;MAYO;SHORT PLAYA CAB;[SHOUNCA186TL] SHORT PLAYA CAB (L, Azul Verdoso - 194524);SHOUNCA186TL;CAB;Azul Verdoso;L;TOLON;1
2026;MAYO;SHORT PLAYA ESTAMPADO CAB;[SHOSUCA155TM] SHORT PLAYA ESTAMPADO CAB (M, PLAYUELA);SHOSUCA155TM;CAB;Playuela;M;CERRO VERDE;1
2026;MAYO;SHORT PLAYA ESTAMPADO CAB;[SHOSUCA155TL] SHORT PLAYA ESTAMPADO CAB (L, PLAYUELA);SHOSUCA155TL;CAB;Playuela;L;CERRO VERDE;1
2026;MAYO;SHORT PLAYA ESTAMPADO KIDS;[SHOSUKI153T2] SHORT PLAYA ESTAMPADO KIDS (2, SAL);SHOSUKI153T2;KIDS;Sal;2;GRIETA;-1
2026;MAYO;SHORT PLAYA ESTAMPADO KIDS;[SHOSUKI154T2] SHORT PLAYA ESTAMPADO KIDS (2, SOMBRERO);SHOSUKI154T2;KIDS;Sombrero;2;GRIETA;1
2026;MAYO;SHORT PLAYA ESTAMPADO KIDS;[SHOSUKI155T12] SHORT PLAYA ESTAMPADO KIDS (12, PLAYUELA);SHOSUKI155T12;KIDS;Playuela;12;CERRO VERDE;1
2026;MAYO;SHORT PLAYA CAB;[SHOUNCA187T2XL] SHORT PLAYA CAB (2XL, Azul Pizarra - 184735);SHOUNCA187T2XL;CAB;Azul Pizarra;2XL;GRIETA;1
2026;MAYO;SHORT PLAYA CAB;[SHOUNCA187T2XL] SHORT PLAYA CAB (2XL, Azul Pizarra - 184735);SHOUNCA187T2XL;CAB;Azul Pizarra;2XL;GRIETA;-1
2026;MAYO;SHORT PLAYA ESTAMPADO CAB;[SHOSUCA153T2XL] SHORT PLAYA ESTAMPADO CAB (2XL, SAL);SHOSUCA153T2XL;CAB;Sal;2XL;GRIETA;1
2026;MAYO;SHORT PLAYA CAB;[SHOUNCA170TS] SHORT PLAYA CAB (S, Cereza - 191955);SHOUNCA170TS;CAB;Cereza;S;SAMBIL VALENCIA;1
2026;MAYO;SHORT PLAYA KIDS;[SHOUNKI33T4] SHORT PLAYA KIDS (4, Kaki - 161105);SHOUNKI33T4;KIDS;Kaki;4;WEB;1
2026;MAYO;SHORT PLAYA KIDS;[SHOUNKI33T6] SHORT PLAYA KIDS (6, Kaki - 161105);SHOUNKI33T6;KIDS;Kaki;6;WEB;1
2026;MAYO;SHORT PLAYA CAB;[SHOUNCA186TXL] SHORT PLAYA CAB (XL, Azul Verdoso - 194524);SHOUNCA186TXL;CAB;Azul Verdoso;XL;CERRO VERDE;1
2026;MAYO;SHORT PLAYA ESTAMPADO CAB;[SHOSUCA155T2XL] SHORT PLAYA ESTAMPADO CAB (2XL, PLAYUELA);SHOSUCA155T2XL;CAB;Playuela;2XL;CERRO VERDE;1
2026;MAYO;SHORT PLAYA ESTAMPADO KIDS;[SHOSUKI153T12] SHORT PLAYA ESTAMPADO KIDS (12, SAL);SHOSUKI153T12;KIDS;Sal;12;SAMBIL CHACAO;1
2026;MAYO;SHORT PLAYA CAB;[SHOUNCA186TXL] SHORT PLAYA CAB (XL, Azul Verdoso - 194524);SHOUNCA186TXL;CAB;Azul Verdoso;XL;SAMBIL CHACAO;1
2026;MAYO;SHORT PLAYA KIDS;[SHOUNKI13T8] SHORT PLAYA KIDS (8, Azul Rey - 50122);SHOUNKI13T8;KIDS;Azul Rey;8;SAMBIL VALENCIA;1
2026;MAYO;SHORT PLAYA ESTAMPADO KIDS;[SHOSUKI155T6] SHORT PLAYA ESTAMPADO KIDS (6, PLAYUELA);SHOSUKI155T6;KIDS;Playuela;6;GRIETA;1
2026;MAYO;SHORT PLAYA ESTAMPADO CAB;[SHOSUCA155TL] SHORT PLAYA ESTAMPADO CAB (L, PLAYUELA);SHOSUCA155TL;CAB;Playuela;L;SAMBIL CHACAO;1
2026;MAYO;SHORT PLAYA CAB;[SHOUNCA186TL] SHORT PLAYA CAB (L, Azul Verdoso - 194524);SHOUNCA186TL;CAB;Azul Verdoso;L;TOLON;-1
2026;MAYO;SHORT PLAYA CAB;[SHOUNCA186TXL] SHORT PLAYA CAB (XL, Azul Verdoso - 194524);SHOUNCA186TXL;CAB;Azul Verdoso;XL;TOLON;1
2026;MAYO;SHORT PLAYA ESTAMPADO CAB;[SHOSUCA155TL] SHORT PLAYA ESTAMPADO CAB (L, PLAYUELA);SHOSUCA155TL;CAB;Playuela;L;SAMBIL VALENCIA;1
2026;MAYO;SHORT PLAYA ESTAMPADO KIDS;[SHOSUKI155T6] SHORT PLAYA ESTAMPADO KIDS (6, PLAYUELA);SHOSUKI155T6;KIDS;Playuela;6;SAMBIL VALENCIA;1
2026;MAYO;SHORT PLAYA ESTAMPADO CAB;[SHOSUCA156TL] SHORT PLAYA ESTAMPADO CAB (L, TUCUPIDO);SHOSUCA156TL;CAB;Tucupido;L;GRIETA;1
2026;MAYO;SHORT PLAYA CAB;[SHOUNCA38T2XL] SHORT PLAYA CAB (2XL, Marron - 171022);SHOUNCA38T2XL;CAB;Marron;2XL;SAMBIL CHACAO;1
2026;MAYO;SHORT PLAYA ESTAMPADO CAB;[SHOSUCA155T2XL] SHORT PLAYA ESTAMPADO CAB (2XL, PLAYUELA);SHOSUCA155T2XL;CAB;Playuela;2XL;CERRO VERDE;1
2026;MAYO;SHORT PLAYA CAB;[SHOUNCA186T2XL] SHORT PLAYA CAB (2XL, Azul Verdoso - 194524);SHOUNCA186T2XL;CAB;Azul Verdoso;2XL;SAMBIL CHACAO;1
2026;MAYO;SHORT PLAYA ESTAMPADO CAB;[SHOSUCA153TXL] SHORT PLAYA ESTAMPADO CAB (XL, SAL);SHOSUCA153TXL;CAB;Sal;XL;SAMBIL CHACAO;1
2026;MAYO;SHORT PLAYA ESTAMPADO CAB;[SHOSUCA153T2XL] SHORT PLAYA ESTAMPADO CAB (2XL, SAL);SHOSUCA153T2XL;CAB;Sal;2XL;SAMBIL CHACAO;1
2026;MAYO;SHORT PLAYA ESTAMPADO CAB;[SHOSUCA153TXL] SHORT PLAYA ESTAMPADO CAB (XL, SAL);SHOSUCA153TXL;CAB;Sal;XL;GRIETA;1
2026;MAYO;SHORT PLAYA KIDS;[SHOUNKI23T14] SHORT PLAYA KIDS (14, Coral - 181649);SHOUNKI23T14;KIDS;Coral;14;CERRO VERDE;1
2026;MAYO;SHORT PLAYA KIDS;[SHOUNKI29T12] SHORT PLAYA KIDS (12, Gris Azulado - 194316);SHOUNKI29T12;KIDS;Gris Azulado;12;CERRO VERDE;1
2026;MAYO;SHORT PLAYA KIDS;[SHOUNKI57T14] SHORT PLAYA KIDS (14, Terracota - 161344);SHOUNKI57T14;KIDS;Terracota;14;TOLON;1
2026;MAYO;SHORT PLAYA CAB;[SHOUNCA187TL] SHORT PLAYA CAB (L, Azul Pizarra - 184735);SHOUNCA187TL;CAB;Azul Pizarra;L;SAMBIL CHACAO;1
2026;MAYO;SHORT PLAYA ESTAMPADO CAB;[SHOSUCA153TXL] SHORT PLAYA ESTAMPADO CAB (XL, SAL);SHOSUCA153TXL;CAB;Sal;XL;SAMBIL CHACAO;1
2026;MAYO;SHORT PLAYA ESTAMPADO CAB;[SHOSUCA153TXL] SHORT PLAYA ESTAMPADO CAB (XL, SAL);SHOSUCA153TXL;CAB;Sal;XL;SAMBIL CHACAO;-1
2026;MAYO;SHORT PLAYA ESTAMPADO CAB;[SHOSUCA153TL] SHORT PLAYA ESTAMPADO CAB (L, SAL);SHOSUCA153TL;CAB;Sal;L;SAMBIL CHACAO;1
2026;MAYO;SHORT PLAYA ESTAMPADO KIDS;[SHOSUKI156T2] SHORT PLAYA ESTAMPADO KIDS (2, TUCUPIDO);SHOSUKI156T2;KIDS;Tucupido;2;CERRO VERDE;1
2026;MAYO;SHORT PLAYA ESTAMPADO CAB;[SHOSUCA153TM] SHORT PLAYA ESTAMPADO CAB (M, SAL);SHOSUCA153TM;CAB;Sal;M;SAMBIL VALENCIA;1
2026;MAYO;SHORT PLAYA KIDS;[SHOUNKI13T6] SHORT PLAYA KIDS (6, Azul Rey - 50122);SHOUNKI13T6;KIDS;Azul Rey;6;CERRO VERDE;1
2026;MAYO;SHORT PLAYA ESTAMPADO KIDS;[SHOSUKI153T2] SHORT PLAYA ESTAMPADO KIDS (2, SAL);SHOSUKI153T2;KIDS;Sal;2;CERRO VERDE;1
2026;MAYO;SHORT PLAYA CAB;[SHOUNCA186TM] SHORT PLAYA CAB (M, Azul Verdoso - 194524);SHOUNCA186TM;CAB;Azul Verdoso;M;CERRO VERDE;1
2026;MAYO;SHORT PLAYA ESTAMPADO KIDS;[SHOSUKI155T6] SHORT PLAYA ESTAMPADO KIDS (6, PLAYUELA);SHOSUKI155T6;KIDS;Playuela;6;SAMBIL CHACAO;1
2026;MAYO;SHORT PLAYA ESTAMPADO CAB;[SHOSUCA155T2XL] SHORT PLAYA ESTAMPADO CAB (2XL, PLAYUELA);SHOSUCA155T2XL;CAB;Playuela;2XL;SAMBIL CHACAO;1
2026;MAYO;SHORT PLAYA ESTAMPADO CAB;[SHOSUCA155TL] SHORT PLAYA ESTAMPADO CAB (L, PLAYUELA);SHOSUCA155TL;CAB;Playuela;L;SAMBIL CHACAO;1
2026;MAYO;SHORT PLAYA ESTAMPADO KIDS;[SHOSUKI153T10] SHORT PLAYA ESTAMPADO KIDS (10, SAL);SHOSUKI153T10;KIDS;Sal;10;SAMBIL VALENCIA;1
2026;MAYO;SHORT PLAYA ESTAMPADO KIDS;[SHOSUKI155T10] SHORT PLAYA ESTAMPADO KIDS (10, PLAYUELA);SHOSUKI155T10;KIDS;Playuela;10;SAMBIL VALENCIA;1
2026;MAYO;SHORT PLAYA CAB;[SHOUNCA186T2XL] SHORT PLAYA CAB (2XL, Azul Verdoso - 194524);SHOUNCA186T2XL;CAB;Azul Verdoso;2XL;SAMBIL CHACAO;-1
2026;MAYO;SHORT PLAYA CAB;[SHOUNCA186TXL] SHORT PLAYA CAB (XL, Azul Verdoso - 194524);SHOUNCA186TXL;CAB;Azul Verdoso;XL;SAMBIL CHACAO;1
2026;MAYO;SHORT PLAYA ESTAMPADO CAB;[SHOSUCA153TXL] SHORT PLAYA ESTAMPADO CAB (XL, SAL);SHOSUCA153TXL;CAB;Sal;XL;GRIETA;1
2026;MAYO;SHORT PLAYA ESTAMPADO CAB;[SHOSUCA153TXL] SHORT PLAYA ESTAMPADO CAB (XL, SAL);SHOSUCA153TXL;CAB;Sal;XL;CERRO VERDE;1
2026;MAYO;SHORT PLAYA ESTAMPADO CAB;[SHOSUCA155T2XL] SHORT PLAYA ESTAMPADO CAB (2XL, PLAYUELA);SHOSUCA155T2XL;CAB;Playuela;2XL;CERRO VERDE;-1
2026;MAYO;SHORT PLAYA CAB;[SHOUNCA38TM] SHORT PLAYA CAB (M, Marron - 171022);SHOUNCA38TM;CAB;Marron;M;SAMBIL CHACAO;1
2026;MAYO;SHORT PLAYA ESTAMPADO CAB;[SHOSUCA153T2XL] SHORT PLAYA ESTAMPADO CAB (2XL, SAL);SHOSUCA153T2XL;CAB;Sal;2XL;SAMBIL CHACAO;1
2026;MAYO;SHORT PLAYA CAB;[SHOUNCA186T2XL] SHORT PLAYA CAB (2XL, Azul Verdoso - 194524);SHOUNCA186T2XL;CAB;Azul Verdoso;2XL;SAMBIL CHACAO;1
2026;MAYO;SHORT PLAYA CAB;[SHOUNCA170TM] SHORT PLAYA CAB (M, Cereza - 191955);SHOUNCA170TM;CAB;Cereza;M;SAMBIL CHACAO;1
2026;MAYO;SHORT PLAYA ESTAMPADO CAB;[SHOSUCA155TM] SHORT PLAYA ESTAMPADO CAB (M, PLAYUELA);SHOSUCA155TM;CAB;Playuela;M;SAMBIL CHACAO;1
2026;MAYO;SHORT PLAYA KIDS;[SHOUNKI68T8] SHORT PLAYA KIDS (8, Verde Oliva - 160421);SHOUNKI68T8;KIDS;Verde Oliva;8;CERRO VERDE;1
2026;MAYO;SHORT PLAYA KIDS;[SHOUNKI33T10] SHORT PLAYA KIDS (10, Kaki - 161105);SHOUNKI33T10;KIDS;Kaki;10;SAMBIL VALENCIA;1
2026;MAYO;SHORT PLAYA ESTAMPADO CAB;[SHOSUCA154TL] SHORT PLAYA ESTAMPADO CAB (L, SOMBRERO);SHOSUCA154TL;CAB;Sombrero;L;SAMBIL VALENCIA;1
2026;MAYO;SHORT PLAYA CAB;[SHOUNCA187TL] SHORT PLAYA CAB (L, Azul Pizarra - 184735);SHOUNCA187TL;CAB;Azul Pizarra;L;CERRO VERDE;1
2026;MAYO;SHORT PLAYA CAB;[SHOUNCA187TM] SHORT PLAYA CAB (M, Azul Pizarra - 184735);SHOUNCA187TM;CAB;Azul Pizarra;M;SAMBIL CHACAO;1
2026;MAYO;SHORT PLAYA CAB;[SHOUNCA187T2XL] SHORT PLAYA CAB (2XL, Azul Pizarra - 184735);SHOUNCA187T2XL;CAB;Azul Pizarra;2XL;GRIETA;1
2026;MAYO;SHORT PLAYA ESTAMPADO KIDS;[SHOSUKI153T14] SHORT PLAYA ESTAMPADO KIDS (14, SAL);SHOSUKI153T14;KIDS;Sal;14;SAMBIL VALENCIA;1
2026;MAYO;SHORT PLAYA ESTAMPADO CAB;[SHOSUCA155TL] SHORT PLAYA ESTAMPADO CAB (L, PLAYUELA);SHOSUCA155TL;CAB;Playuela;L;CERRO VERDE;1
2026;MAYO;SHORT PLAYA KIDS;[SHOUNKI01T10] SHORT PLAYA KIDS (10, Aguamarina - 61275);SHOUNKI01T10;KIDS;Aguamarina;10;TOLON;1
2026;MAYO;SHORT PLAYA ESTAMPADO KIDS;[SHOSUKI154T12] SHORT PLAYA ESTAMPADO KIDS (12, SOMBRERO);SHOSUKI154T12;KIDS;Sombrero;12;TOLON;1
2026;MAYO;SHORT PLAYA CAB;[SHOUNCA187TXL] SHORT PLAYA CAB (XL, Azul Pizarra - 184735);SHOUNCA187TXL;CAB;Azul Pizarra;XL;CERRO VERDE;1
2026;MAYO;SHORT PLAYA CAB;[SHOUNCA186TM] SHORT PLAYA CAB (M, Azul Verdoso - 194524);SHOUNCA186TM;CAB;Azul Verdoso;M;CERRO VERDE;1
2026;MAYO;SHORT PLAYA KIDS;[SHOUNKI68T6] SHORT PLAYA KIDS (6, Verde Oliva - 160421);SHOUNKI68T6;KIDS;Verde Oliva;6;CERRO VERDE;1
2026;MAYO;SHORT PLAYA ESTAMPADO CAB;[SHOSUCA153TM] SHORT PLAYA ESTAMPADO CAB (M, SAL);SHOSUCA153TM;CAB;Sal;M;SAMBIL VALENCIA;1
2026;MAYO;SHORT PLAYA ESTAMPADO CAB;[SHOSUCA153TL] SHORT PLAYA ESTAMPADO CAB (L, SAL);SHOSUCA153TL;CAB;Sal;L;GRIETA;1
2026;MAYO;SHORT PLAYA CAB;[SHOUNCA186TS] SHORT PLAYA CAB (S, Azul Verdoso - 194524);SHOUNCA186TS;CAB;Azul Verdoso;S;TOLON;1
2026;MAYO;SHORT PLAYA CAB;[SHOUNCA187T2XL] SHORT PLAYA CAB (2XL, Azul Pizarra - 184735);SHOUNCA187T2XL;CAB;Azul Pizarra;2XL;GRIETA;1
2026;MAYO;SHORT PLAYA CAB;[SHOUNCA38T2XL] SHORT PLAYA CAB (2XL, Marron - 171022);SHOUNCA38T2XL;CAB;Marron;2XL;GRIETA;1
2026;MAYO;SHORT PLAYA ESTAMPADO KIDS;[SHOSUKI155T6] SHORT PLAYA ESTAMPADO KIDS (6, PLAYUELA);SHOSUKI155T6;KIDS;Playuela;6;SAMBIL VALENCIA;1
2026;MAYO;SHORT PLAYA ESTAMPADO CAB;[SHOSUCA155TM] SHORT PLAYA ESTAMPADO CAB (M, PLAYUELA);SHOSUCA155TM;CAB;Playuela;M;SAMBIL VALENCIA;1
2026;MAYO;SHORT PLAYA ESTAMPADO CAB;[SHOSUCA156TM] SHORT PLAYA ESTAMPADO CAB (M, TUCUPIDO);SHOSUCA156TM;CAB;Tucupido;M;SAMBIL VALENCIA;1
2026;MAYO;SHORT PLAYA ESTAMPADO KIDS;[SHOSUKI154T10] SHORT PLAYA ESTAMPADO KIDS (10, SOMBRERO);SHOSUKI154T10;KIDS;Sombrero;10;SAMBIL VALENCIA;1
2026;MAYO;SHORT PLAYA CAB;[SHOUNCA187TXL] SHORT PLAYA CAB (XL, Azul Pizarra - 184735);SHOUNCA187TXL;CAB;Azul Pizarra;XL;CERRO VERDE;-1
2026;MAYO;SHORT PLAYA ESTAMPADO CAB;[SHOSUCA155TXL] SHORT PLAYA ESTAMPADO CAB (XL, PLAYUELA);SHOSUCA155TXL;CAB;Playuela;XL;CERRO VERDE;1
2026;MAYO;SHORT PLAYA ESTAMPADO CAB;[SHOSUCA155TL] SHORT PLAYA ESTAMPADO CAB (L, PLAYUELA);SHOSUCA155TL;CAB;Playuela;L;TOLON;1
2026;MAYO;SHORT PLAYA CAB;[SHOUNCA186TL] SHORT PLAYA CAB (L, Azul Verdoso - 194524);SHOUNCA186TL;CAB;Azul Verdoso;L;TOLON;1
2026;MAYO;SHORT PLAYA KIDS;[SHOUNKI186T12] SHORT PLAYA KIDS (12, Azul Verdoso - 194524);SHOUNKI186T12;KIDS;Azul Verdoso;12;TOLON;1
2026;MAYO;SHORT PLAYA CAB;[SHOUNCA69TL] SHORT PLAYA CAB (L, Verde Pino - 195920);SHOUNCA69TL;CAB;Verde Pino;L;SAMBIL CHACAO;1
2026;JUNIO;SHORT PLAYA CAB;[SHOUNCA170TL] SHORT PLAYA CAB (Cereza, L);SHOUNCA170TL;CAB;Cereza;L;SAMBIL CHACAO;1
2026;JUNIO;SHORT PLAYA CAB;[SHOUNCA38TL] SHORT PLAYA CAB (Marron, L);SHOUNCA38TL;CAB;Marron;L;SAMBIL CHACAO;1
2026;JUNIO;SHORT PLAYA ESTAMPADO CAB;[SHOSUCA155TL] SHORT PLAYA ESTAMPADO CAB (PLAYUELA, L);SHOSUCA155TL;CAB;Playuela;L;SAMBIL CHACAO;1
2026;JUNIO;SHORT PLAYA ESTAMPADO CAB;[SHOSUCA156TS] SHORT PLAYA ESTAMPADO CAB (TUCUPIDO, S);SHOSUCA156TS;CAB;Tucupido;S;CERRO VERDE;1
2026;JUNIO;SHORT PLAYA CAB;[SHOUNCA29TM] SHORT PLAYA CAB (Gris Azulado, M);SHOUNCA29TM;CAB;Gris Azulado;M;WEB;1
2026;JUNIO;SHORT PLAYA KIDS;[SHOUNKI57T2] SHORT PLAYA KIDS (Terracota, 2);SHOUNKI57T2;KIDS;Terracota;2;TOLON;1
2026;JUNIO;SHORT PLAYA ESTAMPADO CAB;[SHOSUCA153T2XL] SHORT PLAYA ESTAMPADO CAB (SAL, 2XL);SHOSUCA153T2XL;CAB;Sal;2XL;TOLON;1
2026;JUNIO;SHORT PLAYA ESTAMPADO CAB;[SHOSUCA155TXL] SHORT PLAYA ESTAMPADO CAB (PLAYUELA, XL);SHOSUCA155TXL;CAB;Playuela;XL;SAMBIL CHACAO;1
2026;JUNIO;SHORT PLAYA KIDS;[SHOUNKI01T1] SHORT PLAYA KIDS (Aguamarina, 1);SHOUNKI01T1;KIDS;Aguamarina;1;SAMBIL CHACAO;1
2026;JUNIO;SHORT PLAYA CAB;[SHOUNCA187TS] SHORT PLAYA CAB (Azul Pizarra, S);SHOUNCA187TS;CAB;Azul Pizarra;S;SAMBIL VALENCIA;1
2026;JUNIO;SHORT PLAYA ESTAMPADO CAB;[SHOSUCA153TL] SHORT PLAYA ESTAMPADO CAB (SAL, L);SHOSUCA153TL;CAB;Sal;L;SAMBIL VALENCIA;1
2026;JUNIO;SHORT PLAYA CAB;[SHOUNCA170TXL] SHORT PLAYA CAB (Cereza, XL);SHOUNCA170TXL;CAB;Cereza;XL;SAMBIL VALENCIA;1
2026;JUNIO;SHORT PLAYA KIDS;[SHOUNKI50T14] SHORT PLAYA KIDS (Rojo, 14);SHOUNKI50T14;KIDS;Rojo;14;SAMBIL VALENCIA;1
2026;JUNIO;SHORT PLAYA KIDS;[SHOUNKI13T8] SHORT PLAYA KIDS (Azul Rey, 8);SHOUNKI13T8;KIDS;Azul Rey;8;SAMBIL VALENCIA;1
2026;JUNIO;SHORT PLAYA CAB;[SHOUNCA38TL] SHORT PLAYA CAB (Marron, L);SHOUNCA38TL;CAB;Marron;L;CERRO VERDE;1
2026;JUNIO;SHORT PLAYA KIDS;[SHOUNKI33T10] SHORT PLAYA KIDS (Kaki, 10);SHOUNKI33T10;KIDS;Kaki;10;SAMBIL CHACAO;1
2026;JUNIO;SHORT PLAYA ESTAMPADO CAB;[SHOSUCA156TM] SHORT PLAYA ESTAMPADO CAB (TUCUPIDO, M);SHOSUCA156TM;CAB;Tucupido;M;GRIETA;1
2026;JUNIO;SHORT PLAYA ESTAMPADO CAB;[SHOSUCA155TXL] SHORT PLAYA ESTAMPADO CAB (PLAYUELA, XL);SHOSUCA155TXL;CAB;Playuela;XL;SAMBIL CHACAO;1
2026;JUNIO;SHORT PLAYA ESTAMPADO CAB;[SHOSUCA156TM] SHORT PLAYA ESTAMPADO CAB (TUCUPIDO, M);SHOSUCA156TM;CAB;Tucupido;M;CERRO VERDE;1
2026;JUNIO;SHORT PLAYA KIDS;[SHOUNKI01T12] SHORT PLAYA KIDS (Aguamarina, 12);SHOUNKI01T12;KIDS;Aguamarina;12;CERRO VERDE;1
2026;JUNIO;SHORT PLAYA ESTAMPADO KIDS;[SHOSUKI155T14] SHORT PLAYA ESTAMPADO KIDS (PLAYUELA, 14);SHOSUKI155T14;KIDS;Playuela;14;SAMBIL VALENCIA;1
2026;JUNIO;SHORT PLAYA KIDS;[SHOUNKI23T8] SHORT PLAYA KIDS (Coral, 8);SHOUNKI23T8;KIDS;Coral;8;CERRO VERDE;1
2026;JUNIO;SHORT PLAYA KIDS;[SHOUNKI50T8] SHORT PLAYA KIDS (Rojo, 8);SHOUNKI50T8;KIDS;Rojo;8;CERRO VERDE;1
2026;JUNIO;SHORT PLAYA KIDS;[SHOUNKI12T8] SHORT PLAYA KIDS (Azul Marino, 8);SHOUNKI12T8;KIDS;Azul Marino;8;GRIETA;1
2026;JUNIO;SHORT PLAYA CAB;[SHOUNCA170TL] SHORT PLAYA CAB (Cereza, L);SHOUNCA170TL;CAB;Cereza;L;GRIETA;1
2026;JUNIO;SHORT PLAYA CAB;[SHOUNCA170TS] SHORT PLAYA CAB (Cereza, S);SHOUNCA170TS;CAB;Cereza;S;TOLON;1
2026;JUNIO;SHORT PLAYA ESTAMPADO CAB;[SHOSUCA155TM] SHORT PLAYA ESTAMPADO CAB (PLAYUELA, M);SHOSUCA155TM;CAB;Playuela;M;TOLON;1
2026;JUNIO;SHORT PLAYA ESTAMPADO CAB;[SHOSUCA154TM] SHORT PLAYA ESTAMPADO CAB (SOMBRERO, M);SHOSUCA154TM;CAB;Sombrero;M;TOLON;1
2026;JUNIO;SHORT PLAYA ESTAMPADO CAB;[SHOSUCA153TS] SHORT PLAYA ESTAMPADO CAB (SAL, S);SHOSUCA153TS;CAB;Sal;S;TOLON;1
2026;JUNIO;SHORT PLAYA CAB;[SHOUNCA38TL] SHORT PLAYA CAB (Marron, L);SHOUNCA38TL;CAB;Marron;L;TOLON;1
2026;JUNIO;SHORT PLAYA CAB;[SHOUNCA187TL] SHORT PLAYA CAB (Azul Pizarra, L);SHOUNCA187TL;CAB;Azul Pizarra;L;CERRO VERDE;1
2026;JUNIO;SHORT PLAYA ESTAMPADO CAB;[SHOSUCA156TM] SHORT PLAYA ESTAMPADO CAB (TUCUPIDO, M);SHOSUCA156TM;CAB;Tucupido;M;GRIETA;1
2026;JUNIO;SHORT PLAYA KIDS;[SHOUNKI57T14] SHORT PLAYA KIDS (Terracota, 14);SHOUNKI57T14;KIDS;Terracota;14;GRIETA;1
2026;JUNIO;SHORT PLAYA CAB;[SHOUNCA186T2XL] SHORT PLAYA CAB (Azul Verdoso, 2XL);SHOUNCA186T2XL;CAB;Azul Verdoso;2XL;SAMBIL VALENCIA;1
2026;JUNIO;SHORT PLAYA KIDS;[SHOUNKI13T12] SHORT PLAYA KIDS (Azul Rey, 12);SHOUNKI13T12;KIDS;Azul Rey;12;CERRO VERDE;1
2026;JUNIO;SHORT PLAYA KIDS;[SHOUNKI01T12] SHORT PLAYA KIDS (Aguamarina, 12);SHOUNKI01T12;KIDS;Aguamarina;12;CERRO VERDE;1
2026;JUNIO;SHORT PLAYA KIDS;[SHOUNKI68T2] SHORT PLAYA KIDS (Verde Oliva, 2);SHOUNKI68T2;KIDS;Verde Oliva;2;SAMBIL CHACAO;1
2026;JUNIO;SHORT PLAYA ESTAMPADO KIDS;[SHOSUKI154T2] SHORT PLAYA ESTAMPADO KIDS (SOMBRERO, 2);SHOSUKI154T2;KIDS;Sombrero;2;GRIETA;1
2026;JUNIO;SHORT PLAYA ESTAMPADO CAB;[SHOSUCA156TXL] SHORT PLAYA ESTAMPADO CAB (TUCUPIDO, XL);SHOSUCA156TXL;CAB;Tucupido;XL;SAMBIL VALENCIA;1
2026;JUNIO;SHORT PLAYA CAB;[SHOUNCA69TXL] SHORT PLAYA CAB (Verde Pino, XL);SHOUNCA69TXL;CAB;Verde Pino;XL;SAMBIL VALENCIA;1
2026;JUNIO;SHORT PLAYA KIDS;[SHOUNKI13T1] SHORT PLAYA KIDS (Azul Rey, 1);SHOUNKI13T1;KIDS;Azul Rey;1;SAMBIL CHACAO;1
2026;JUNIO;SHORT PLAYA CAB;[SHOUNCA186TXL] SHORT PLAYA CAB (Azul Verdoso, XL);SHOUNCA186TXL;CAB;Azul Verdoso;XL;SAMBIL VALENCIA;1
2026;JUNIO;SHORT PLAYA ESTAMPADO CAB;[SHOSUCA155TM] SHORT PLAYA ESTAMPADO CAB (PLAYUELA, M);SHOSUCA155TM;CAB;Playuela;M;SAMBIL CHACAO;1
2026;JUNIO;SHORT PLAYA ESTAMPADO CAB;[SHOSUCA155TM] SHORT PLAYA ESTAMPADO CAB (PLAYUELA, M);SHOSUCA155TM;CAB;Playuela;M;TOLON;1
2026;JUNIO;SHORT PLAYA ESTAMPADO CAB;[SHOSUCA153TM] SHORT PLAYA ESTAMPADO CAB (SAL, M);SHOSUCA153TM;CAB;Sal;M;TOLON;1
2026;JUNIO;SHORT PLAYA ESTAMPADO CAB;[SHOSUCA155TXL] SHORT PLAYA ESTAMPADO CAB (PLAYUELA, XL);SHOSUCA155TXL;CAB;Playuela;XL;TOLON;1
2026;JUNIO;SHORT PLAYA ESTAMPADO KIDS;[SHOSUKI155T14] SHORT PLAYA ESTAMPADO KIDS (PLAYUELA, 14);SHOSUKI155T14;KIDS;Playuela;14;CERRO VERDE;1
2026;JUNIO;SHORT PLAYA CAB;[SHOUNCA23TM] SHORT PLAYA CAB (Coral, M);SHOUNCA23TM;CAB;Coral;M;PEDIDOS;1
2026;JUNIO;SHORT PLAYA ESTAMPADO CAB;[SHOSUCA155TM] SHORT PLAYA ESTAMPADO CAB (PLAYUELA, M);SHOSUCA155TM;CAB;Playuela;M;PEDIDOS;1
2026;JUNIO;SHORT PLAYA ESTAMPADO KIDS;[SHOSUKI155T2] SHORT PLAYA ESTAMPADO KIDS (PLAYUELA, 2);SHOSUKI155T2;KIDS;Playuela;2;CERRO VERDE;1
2026;JUNIO;SHORT PLAYA ESTAMPADO CAB;[SHOSUCA155TL] SHORT PLAYA ESTAMPADO CAB (PLAYUELA, L);SHOSUCA155TL;CAB;Playuela;L;CERRO VERDE;1
2026;JUNIO;SHORT PLAYA ESTAMPADO CAB;[SHOSUCA155TM] SHORT PLAYA ESTAMPADO CAB (PLAYUELA, M);SHOSUCA155TM;CAB;Playuela;M;GRAND PLAZ;1
2026;JUNIO;SHORT PLAYA ESTAMPADO KIDS;[SHOSUKI153T12] SHORT PLAYA ESTAMPADO KIDS (SAL, 12);SHOSUKI153T12;KIDS;Sal;12;GRIETA;1
2026;JUNIO;SHORT PLAYA CAB;[SHOUNCA69TM] SHORT PLAYA CAB (Verde Pino, M);SHOUNCA69TM;CAB;Verde Pino;M;GRIETA;2
2026;JUNIO;SHORT PLAYA CAB;[SHOUNCA170TM] SHORT PLAYA CAB (Cereza, M);SHOUNCA170TM;CAB;Cereza;M;GRIETA;1
2026;JUNIO;SHORT PLAYA ESTAMPADO KIDS;[SHOSUKI153T14] SHORT PLAYA ESTAMPADO KIDS (SAL, 14);SHOSUKI153T14;KIDS;Sal;14;SAMBIL VALENCIA;1
2026;JUNIO;SHORT PLAYA CAB;[SHOUNCA187TS] SHORT PLAYA CAB (Azul Pizarra, S);SHOUNCA187TS;CAB;Azul Pizarra;S;GRIETA;1
2026;JUNIO;SHORT PLAYA ESTAMPADO CAB;[SHOSUCA154TL] SHORT PLAYA ESTAMPADO CAB (SOMBRERO, L);SHOSUCA154TL;CAB;Sombrero;L;GRIETA;1
2026;JUNIO;SHORT PLAYA CAB;[SHOUNCA69TM] SHORT PLAYA CAB (Verde Pino, M);SHOUNCA69TM;CAB;Verde Pino;M;CORPORATIVO;-1
2026;JUNIO;SHORT PLAYA CAB;[SHOUNCA38TXL] SHORT PLAYA CAB (Marron, XL);SHOUNCA38TXL;CAB;Marron;XL;CERRO VERDE;1
2026;JUNIO;SHORT PLAYA CAB;[SHOUNCA187TXL] SHORT PLAYA CAB (Azul Pizarra, XL);SHOUNCA187TXL;CAB;Azul Pizarra;XL;SAMBIL CHACAO;1
2026;JUNIO;SHORT PLAYA CAB;[SHOUNCA69TXL] SHORT PLAYA CAB (Verde Pino, XL);SHOUNCA69TXL;CAB;Verde Pino;XL;SAMBIL CHACAO;1
2026;JUNIO;SHORT PLAYA ESTAMPADO CAB;[SHOSUCA153TM] SHORT PLAYA ESTAMPADO CAB (SAL, M);SHOSUCA153TM;CAB;Sal;M;SAMBIL VALENCIA;1
2026;JUNIO;SHORT PLAYA ESTAMPADO KIDS;[SHOSUKI156T8] SHORT PLAYA ESTAMPADO KIDS (TUCUPIDO, 8);SHOSUKI156T8;KIDS;Tucupido;8;SAMBIL VALENCIA;1
2026;JUNIO;SHORT PLAYA ESTAMPADO CAB;[SHOSUCA153TS] SHORT PLAYA ESTAMPADO CAB (SAL, S);SHOSUCA153TS;CAB;Sal;S;SAMBIL VALENCIA;1
2026;JUNIO;SHORT PLAYA ESTAMPADO CAB;[SHOSUCA155TS] SHORT PLAYA ESTAMPADO CAB (PLAYUELA, S);SHOSUCA155TS;CAB;Playuela;S;CERRO VERDE;1
2026;JUNIO;SHORT PLAYA CAB;[SHOUNCA69TL] SHORT PLAYA CAB (Verde Pino, L);SHOUNCA69TL;CAB;Verde Pino;L;SAMBIL CHACAO;1
2026;JUNIO;SHORT PLAYA CAB;[SHOUNCA187TS] SHORT PLAYA CAB (Azul Pizarra, S);SHOUNCA187TS;CAB;Azul Pizarra;S;SAMBIL CHACAO;1
2026;JUNIO;SHORT PLAYA CAB;[SHOUNCA69T2XL] SHORT PLAYA CAB (Verde Pino, 2XL);SHOUNCA69T2XL;CAB;Verde Pino;2XL;GRIETA;1
2026;JUNIO;SHORT PLAYA CAB;[SHOUNCA69TL] SHORT PLAYA CAB (Verde Pino, L);SHOUNCA69TL;CAB;Verde Pino;L;GRIETA;1
2026;JUNIO;SHORT PLAYA ESTAMPADO CAB;[SHOSUCA156TS] SHORT PLAYA ESTAMPADO CAB (TUCUPIDO, S);SHOSUCA156TS;CAB;Tucupido;S;GRIETA;1
2026;JUNIO;SHORT PLAYA ESTAMPADO CAB;[SHOSUCA153T2XL] SHORT PLAYA ESTAMPADO CAB (SAL, 2XL);SHOSUCA153T2XL;CAB;Sal;2XL;GRIETA;1
2026;JUNIO;SHORT PLAYA KIDS;[SHOUNKI29T6] SHORT PLAYA KIDS (Gris Azulado, 6);SHOUNKI29T6;KIDS;Gris Azulado;6;SAMBIL VALENCIA;1
2026;JUNIO;SHORT PLAYA CAB;[SHOUNCA38TL] SHORT PLAYA CAB (Marron, L);SHOUNCA38TL;CAB;Marron;L;CERRO VERDE;1
2026;JUNIO;SHORT PLAYA CAB;[SHOUNCA69TM] SHORT PLAYA CAB (Verde Pino, M);SHOUNCA69TM;CAB;Verde Pino;M;SAMBIL CHACAO;1
2026;JUNIO;SHORT PLAYA CAB;[SHOUNCA69TM] SHORT PLAYA CAB (Verde Pino, M);SHOUNCA69TM;CAB;Verde Pino;M;GRIETA;1
2026;JUNIO;SHORT PLAYA ESTAMPADO CAB;[SHOSUCA155T2XL] SHORT PLAYA ESTAMPADO CAB (PLAYUELA, 2XL);SHOSUCA155T2XL;CAB;Playuela;2XL;SAMBIL CHACAO;1
2026;JUNIO;SHORT PLAYA KIDS;[SHOUNKI12T8] SHORT PLAYA KIDS (Azul Marino, 8);SHOUNKI12T8;KIDS;Azul Marino;8;GRIETA;1
2026;JUNIO;SHORT PLAYA ESTAMPADO CAB;[SHOSUCA155TM] SHORT PLAYA ESTAMPADO CAB (PLAYUELA, M);SHOSUCA155TM;CAB;Playuela;M;CERRO VERDE;1
2026;JUNIO;SHORT PLAYA CAB;[SHOUNCA186T2XL] SHORT PLAYA CAB (Azul Verdoso, 2XL);SHOUNCA186T2XL;CAB;Azul Verdoso;2XL;SAMBIL CHACAO;1
2026;JUNIO;SHORT PLAYA ESTAMPADO CAB;[SHOSUCA154TS] SHORT PLAYA ESTAMPADO CAB (SOMBRERO, S);SHOSUCA154TS;CAB;Sombrero;S;CERRO VERDE;1
2026;JUNIO;SHORT PLAYA CAB;[SHOUNCA69TL] SHORT PLAYA CAB (Verde Pino, L);SHOUNCA69TL;CAB;Verde Pino;L;SAMBIL VALENCIA;1
2026;JUNIO;SHORT PLAYA ESTAMPADO CAB;[SHOSUCA155TL] SHORT PLAYA ESTAMPADO CAB (PLAYUELA, L);SHOSUCA155TL;CAB;Playuela;L;GRIETA;1
2026;JUNIO;SHORT PLAYA CAB;[SHOUNCA187TS] SHORT PLAYA CAB (Azul Pizarra, S);SHOUNCA187TS;CAB;Azul Pizarra;S;TOLON;1
2026;JUNIO;SHORT PLAYA CAB;[SHOUNCA187TXL] SHORT PLAYA CAB (Azul Pizarra, XL);SHOUNCA187TXL;CAB;Azul Pizarra;XL;SAMBIL CHACAO;1
2026;JUNIO;SHORT PLAYA ESTAMPADO KIDS;[SHOSUKI154T14] SHORT PLAYA ESTAMPADO KIDS (SOMBRERO, 14);SHOSUKI154T14;KIDS;Sombrero;14;SAMBIL VALENCIA;1
2026;JUNIO;SHORT PLAYA ESTAMPADO KIDS;[SHOSUKI156T4] SHORT PLAYA ESTAMPADO KIDS (TUCUPIDO, 4);SHOSUKI156T4;KIDS;Tucupido;4;CERRO VERDE;1
2026;JUNIO;SHORT PLAYA ESTAMPADO CAB;[SHOSUCA156TXL] SHORT PLAYA ESTAMPADO CAB (TUCUPIDO, XL);SHOSUCA156TXL;CAB;Tucupido;XL;SAMBIL VALENCIA;1
2026;JUNIO;SHORT PLAYA ESTAMPADO CAB;[SHOSUCA153T2XL] SHORT PLAYA ESTAMPADO CAB (SAL, 2XL);SHOSUCA153T2XL;CAB;Sal;2XL;SAMBIL CHACAO;1
2026;JUNIO;SHORT PLAYA ESTAMPADO KIDS;[SHOSUKI153T6] SHORT PLAYA ESTAMPADO KIDS (SAL, 6);SHOSUKI153T6;KIDS;Sal;6;SAMBIL CHACAO;1
2026;JUNIO;SHORT PLAYA ESTAMPADO CAB;[SHOSUCA155TL] SHORT PLAYA ESTAMPADO CAB (PLAYUELA, L);SHOSUCA155TL;CAB;Playuela;L;SAMBIL CHACAO;1
2026;JUNIO;SHORT PLAYA ESTAMPADO CAB;[SHOSUCA155T2XL] SHORT PLAYA ESTAMPADO CAB (PLAYUELA, 2XL);SHOSUCA155T2XL;CAB;Playuela;2XL;SAMBIL CHACAO;1
2026;JUNIO;SHORT PLAYA CAB;[SHOUNCA69TL] SHORT PLAYA CAB (Verde Pino, L);SHOUNCA69TL;CAB;Verde Pino;L;SAMBIL VALENCIA;1
2026;JUNIO;SHORT PLAYA CAB;[SHOUNCA29TM] SHORT PLAYA CAB (Gris Azulado, M);SHOUNCA29TM;CAB;Gris Azulado;M;WEB;1
2026;JUNIO;SHORT PLAYA CAB;[SHOUNCA186TS] SHORT PLAYA CAB (Azul Verdoso, S);SHOUNCA186TS;CAB;Azul Verdoso;S;WEB;1
2026;JUNIO;SHORT PLAYA CAB;[SHOUNCA187T2XL] SHORT PLAYA CAB (Azul Pizarra, 2XL);SHOUNCA187T2XL;CAB;Azul Pizarra;2XL;GRAND PLAZ;1
2026;JUNIO;SHORT PLAYA KIDS;[SHOUNKI01T4] SHORT PLAYA KIDS (Aguamarina, 4);SHOUNKI01T4;KIDS;Aguamarina;4;CERRO VERDE;1
2026;JUNIO;SHORT PLAYA CAB;[SHOUNCA38TM] SHORT PLAYA CAB (Marron, M);SHOUNCA38TM;CAB;Marron;M;GRIETA;1
2026;JUNIO;SHORT PLAYA ESTAMPADO CAB;[SHOSUCA153TL] SHORT PLAYA ESTAMPADO CAB (SAL, L);SHOSUCA153TL;CAB;Sal;L;SAMBIL VALENCIA;1
2026;JUNIO;SHORT PLAYA CAB;[SHOUNCA170TM] SHORT PLAYA CAB (Cereza, M);SHOUNCA170TM;CAB;Cereza;M;SAMBIL VALENCIA;1
2026;JUNIO;SHORT PLAYA ESTAMPADO CAB;[SHOSUCA154TS] SHORT PLAYA ESTAMPADO CAB (SOMBRERO, S);SHOSUCA154TS;CAB;Sombrero;S;SAMBIL CHACAO;1
2026;JUNIO;SHORT PLAYA CAB;[SHOUNCA187TL] SHORT PLAYA CAB (Azul Pizarra, L);SHOUNCA187TL;CAB;Azul Pizarra;L;GRIETA;1
2026;JUNIO;SHORT PLAYA ESTAMPADO KIDS;[SHOSUKI153T12] SHORT PLAYA ESTAMPADO KIDS (SAL, 12);SHOSUKI153T12;KIDS;Sal;12;GRIETA;1
2026;JUNIO;SHORT PLAYA KIDS;[SHOUNKI23T12] SHORT PLAYA KIDS (Coral, 12);SHOUNKI23T12;KIDS;Coral;12;GRIETA;1
2026;JUNIO;SHORT PLAYA KIDS;[SHOUNKI13T8] SHORT PLAYA KIDS (Azul Rey, 8);SHOUNKI13T8;KIDS;Azul Rey;8;SAMBIL CHACAO;1
2026;JUNIO;SHORT PLAYA ESTAMPADO KIDS;[SHOSUKI156T6] SHORT PLAYA ESTAMPADO KIDS (TUCUPIDO, 6);SHOSUKI156T6;KIDS;Tucupido;6;SAMBIL VALENCIA;1
2026;JUNIO;SHORT PLAYA ESTAMPADO CAB;[SHOSUCA155T2XL] SHORT PLAYA ESTAMPADO CAB (PLAYUELA, 2XL);SHOSUCA155T2XL;CAB;Playuela;2XL;CERRO VERDE;1
2026;JUNIO;SHORT PLAYA CAB;[SHOUNCA69TL] SHORT PLAYA CAB (Verde Pino, L);SHOUNCA69TL;CAB;Verde Pino;L;CERRO VERDE;1
2026;JUNIO;SHORT PLAYA CAB;[SHOUNCA68TXL] SHORT PLAYA CAB (Verde Oliva, XL);SHOUNCA68TXL;CAB;Verde Oliva;XL;WEB;1
2026;JUNIO;SHORT PLAYA ESTAMPADO CAB;[SHOSUCA153TL] SHORT PLAYA ESTAMPADO CAB (SAL, L);SHOSUCA153TL;CAB;Sal;L;CERRO VERDE;1
2026;JUNIO;SHORT PLAYA ESTAMPADO CAB;[SHOSUCA156TXL] SHORT PLAYA ESTAMPADO CAB (TUCUPIDO, XL);SHOSUCA156TXL;CAB;Tucupido;XL;CERRO VERDE;1
2026;JUNIO;SHORT PLAYA ESTAMPADO CAB;[SHOSUCA155TL] SHORT PLAYA ESTAMPADO CAB (PLAYUELA, L);SHOSUCA155TL;CAB;Playuela;L;CERRO VERDE;1
2026;JUNIO;SHORT PLAYA CAB;[SHOUNCA170T2XL] SHORT PLAYA CAB (Cereza, 2XL);SHOUNCA170T2XL;CAB;Cereza;2XL;SAMBIL CHACAO;1
2026;JUNIO;SHORT PLAYA CAB;[SHOUNCA38T2XL] SHORT PLAYA CAB (Marron, 2XL);SHOUNCA38T2XL;CAB;Marron;2XL;TOLON;1
2026;JUNIO;SHORT PLAYA KIDS;[SHOUNKI23T12] SHORT PLAYA KIDS (Coral, 12);SHOUNKI23T12;KIDS;Coral;12;CERRO VERDE;1
2026;JUNIO;SHORT PLAYA CAB;[SHOUNCA187T2XL] SHORT PLAYA CAB (Azul Pizarra, 2XL);SHOUNCA187T2XL;CAB;Azul Pizarra;2XL;GRIETA;1
2026;JUNIO;SHORT PLAYA CAB;[SHOUNCA170T2XL] SHORT PLAYA CAB (Cereza, 2XL);SHOUNCA170T2XL;CAB;Cereza;2XL;GRIETA;1
2026;JUNIO;SHORT PLAYA CAB;[SHOUNCA187TS] SHORT PLAYA CAB (Azul Pizarra, S);SHOUNCA187TS;CAB;Azul Pizarra;S;GRIETA;-1
2026;JUNIO;SHORT PLAYA CAB;[SHOUNCA187TM] SHORT PLAYA CAB (Azul Pizarra, M);SHOUNCA187TM;CAB;Azul Pizarra;M;GRIETA;1
2026;JUNIO;SHORT PLAYA ESTAMPADO CAB;[SHOSUCA155TL] SHORT PLAYA ESTAMPADO CAB (PLAYUELA, L);SHOSUCA155TL;CAB;Playuela;L;GRIETA;1
2026;JUNIO;SHORT PLAYA ESTAMPADO KIDS;[SHOSUKI155T12] SHORT PLAYA ESTAMPADO KIDS (PLAYUELA, 12);SHOSUKI155T12;KIDS;Playuela;12;GRIETA;1
2026;JUNIO;SHORT PLAYA ESTAMPADO CAB;[SHOSUCA153TL] SHORT PLAYA ESTAMPADO CAB (SAL, L);SHOSUCA153TL;CAB;Sal;L;GRIETA;1
2026;JUNIO;SHORT PLAYA ESTAMPADO KIDS;[SHOSUKI155T8] SHORT PLAYA ESTAMPADO KIDS (PLAYUELA, 8);SHOSUKI155T8;KIDS;Playuela;8;GRIETA;1
2026;JUNIO;SHORT PLAYA CAB;[SHOUNCA187TL] SHORT PLAYA CAB (Azul Pizarra, L);SHOUNCA187TL;CAB;Azul Pizarra;L;CERRO VERDE;1
2026;JUNIO;SHORT PLAYA CAB;[SHOUNCA69TL] SHORT PLAYA CAB (Verde Pino, L);SHOUNCA69TL;CAB;Verde Pino;L;SAMBIL CHACAO;1
2026;JUNIO;SHORT PLAYA CAB;[SHOUNCA69TM] SHORT PLAYA CAB (Verde Pino, M);SHOUNCA69TM;CAB;Verde Pino;M;GRIETA;1
2026;JUNIO;SHORT PLAYA KIDS;[SHOUNKI23T4] SHORT PLAYA KIDS (Coral, 4);SHOUNKI23T4;KIDS;Coral;4;SAMBIL VALENCIA;1
2026;JUNIO;SHORT PLAYA ESTAMPADO KIDS;[SHOSUKI156T14] SHORT PLAYA ESTAMPADO KIDS (TUCUPIDO, 14);SHOSUKI156T14;KIDS;Tucupido;14;CERRO VERDE;1
2026;JUNIO;SHORT PLAYA CAB;[SHOUNCA170TL] SHORT PLAYA CAB (Cereza, L);SHOUNCA170TL;CAB;Cereza;L;SAMBIL VALENCIA;1
2026;JUNIO;SHORT PLAYA ESTAMPADO CAB;[SHOSUCA155TM] SHORT PLAYA ESTAMPADO CAB (PLAYUELA, M);SHOSUCA155TM;CAB;Playuela;M;SAMBIL CHACAO;1
2026;JUNIO;SHORT PLAYA ESTAMPADO KIDS;[SHOSUKI155T4] SHORT PLAYA ESTAMPADO KIDS (PLAYUELA, 4);SHOSUKI155T4;KIDS;Playuela;4;CERRO VERDE;1
2026;JUNIO;SHORT PLAYA ESTAMPADO CAB;[SHOSUCA155TS] SHORT PLAYA ESTAMPADO CAB (PLAYUELA, S);SHOSUCA155TS;CAB;Playuela;S;CERRO VERDE;1
2026;JUNIO;SHORT PLAYA ESTAMPADO KIDS;[SHOSUKI155T10] SHORT PLAYA ESTAMPADO KIDS (PLAYUELA, 10);SHOSUKI155T10;KIDS;Playuela;10;CERRO VERDE;1
2026;JUNIO;SHORT PLAYA CAB;[SHOUNCA187TXL] SHORT PLAYA CAB (Azul Pizarra, XL);SHOUNCA187TXL;CAB;Azul Pizarra;XL;SAMBIL VALENCIA;1
2026;JUNIO;SHORT PLAYA ESTAMPADO CAB;[SHOSUCA153T2XL] SHORT PLAYA ESTAMPADO CAB (SAL, 2XL);SHOSUCA153T2XL;CAB;Sal;2XL;GRIETA;1
2026;JUNIO;SHORT PLAYA CAB;[SHOUNCA69TXL] SHORT PLAYA CAB (Verde Pino, XL);SHOUNCA69TXL;CAB;Verde Pino;XL;GRIETA;1
2026;JUNIO;SHORT PLAYA KIDS;[SHOUNKI23T4] SHORT PLAYA KIDS (Coral, 4);SHOUNKI23T4;KIDS;Coral;4;GRIETA;1
2026;JUNIO;SHORT PLAYA CAB;[SHOUNCA69TM] SHORT PLAYA CAB (Verde Pino, M);SHOUNCA69TM;CAB;Verde Pino;M;SAMBIL VALENCIA;1
2026;JUNIO;SHORT PLAYA ESTAMPADO CAB;[SHOSUCA156TXL] SHORT PLAYA ESTAMPADO CAB (TUCUPIDO, XL);SHOSUCA156TXL;CAB;Tucupido;XL;SAMBIL CHACAO;1
2026;JUNIO;SHORT PLAYA ESTAMPADO CAB;[SHOSUCA155T2XL] SHORT PLAYA ESTAMPADO CAB (PLAYUELA, 2XL);SHOSUCA155T2XL;CAB;Playuela;2XL;CERRO VERDE;1
2026;JUNIO;SHORT PLAYA ESTAMPADO CAB;[SHOSUCA155T2XL] SHORT PLAYA ESTAMPADO CAB (PLAYUELA, 2XL);SHOSUCA155T2XL;CAB;Playuela;2XL;GRIETA;1
2026;JUNIO;SHORT PLAYA CAB;[SHOUNCA170TL] SHORT PLAYA CAB (Cereza, L);SHOUNCA170TL;CAB;Cereza;L;SAMBIL CHACAO;1
2026;JUNIO;SHORT PLAYA CAB;[SHOUNCA170TL] SHORT PLAYA CAB (Cereza, L);SHOUNCA170TL;CAB;Cereza;L;LA VELA;1
2026;JUNIO;SHORT PLAYA ESTAMPADO CAB;[SHOSUCA155T2XL] SHORT PLAYA ESTAMPADO CAB (PLAYUELA, 2XL);SHOSUCA155T2XL;CAB;Playuela;2XL;SAMBIL CHACAO;1
2026;JUNIO;SHORT PLAYA CAB;[SHOUNCA38T2XL] SHORT PLAYA CAB (Marron, 2XL);SHOUNCA38T2XL;CAB;Marron;2XL;LA VELA;1
2026;JUNIO;SHORT PLAYA CAB;[SHOUNCA69TL] SHORT PLAYA CAB (Verde Pino, L);SHOUNCA69TL;CAB;Verde Pino;L;PEDIDOS;1
2026;JUNIO;SHORT PLAYA ESTAMPADO CAB;[SHOSUCA154TL] SHORT PLAYA ESTAMPADO CAB (SOMBRERO, L);SHOSUCA154TL;CAB;Sombrero;L;PEDIDOS;1
2026;JUNIO;SHORT PLAYA ESTAMPADO CAB;[SHOSUCA154T2XL] SHORT PLAYA ESTAMPADO CAB (SOMBRERO, 2XL);SHOSUCA154T2XL;CAB;Sombrero;2XL;CERRO VERDE;1
2026;JUNIO;SHORT PLAYA KIDS;[SHOUNKI68T4] SHORT PLAYA KIDS (Verde Oliva, 4);SHOUNKI68T4;KIDS;Verde Oliva;4;SAMBIL VALENCIA;1
2026;JUNIO;SHORT PLAYA ESTAMPADO CAB;[SHOSUCA153TL] SHORT PLAYA ESTAMPADO CAB (SAL, L);SHOSUCA153TL;CAB;Sal;L;LA VELA;1
2026;JUNIO;SHORT PLAYA KIDS;[SHOUNKI50T4] SHORT PLAYA KIDS (Rojo, 4);SHOUNKI50T4;KIDS;Rojo;4;GRAND PLAZ;1
2026;JUNIO;SHORT PLAYA ESTAMPADO KIDS;[SHOSUKI156T2] SHORT PLAYA ESTAMPADO KIDS (TUCUPIDO, 2);SHOSUKI156T2;KIDS;Tucupido;2;SAMBIL CHACAO;1
2026;JUNIO;SHORT PLAYA ESTAMPADO CAB;[SHOSUCA156TL] SHORT PLAYA ESTAMPADO CAB (TUCUPIDO, L);SHOSUCA156TL;CAB;Tucupido;L;SAMBIL CHACAO;1
2026;JUNIO;SHORT PLAYA ESTAMPADO KIDS;[SHOSUKI156T2] SHORT PLAYA ESTAMPADO KIDS (TUCUPIDO, 2);SHOSUKI156T2;KIDS;Tucupido;2;SAMBIL VALENCIA;1
2026;JUNIO;SHORT PLAYA CAB;[SHOUNCA187TL] SHORT PLAYA CAB (Azul Pizarra, L);SHOUNCA187TL;CAB;Azul Pizarra;L;CERRO VERDE;1
2026;JUNIO;SHORT PLAYA KIDS;[SHOUNKI68T1] SHORT PLAYA KIDS (Verde Oliva, 1);SHOUNKI68T1;KIDS;Verde Oliva;1;SAMBIL CHACAO;1
2026;JUNIO;SHORT PLAYA ESTAMPADO CAB;[SHOSUCA155TL] SHORT PLAYA ESTAMPADO CAB (PLAYUELA, L);SHOSUCA155TL;CAB;Playuela;L;SAMBIL CHACAO;1
2026;JUNIO;SHORT PLAYA CAB;[SHOUNCA187T2XL] SHORT PLAYA CAB (Azul Pizarra, 2XL);SHOUNCA187T2XL;CAB;Azul Pizarra;2XL;SAMBIL VALENCIA;1
2026;JUNIO;SHORT PLAYA CAB;[SHOUNCA170TXL] SHORT PLAYA CAB (Cereza, XL);SHOUNCA170TXL;CAB;Cereza;XL;TOLON;1
2026;JUNIO;SHORT PLAYA CAB;[SHOUNCA186T2XL] SHORT PLAYA CAB (Azul Verdoso, 2XL);SHOUNCA186T2XL;CAB;Azul Verdoso;2XL;SAMBIL CHACAO;1
2026;JUNIO;SHORT PLAYA ESTAMPADO CAB;[SHOSUCA155TL] SHORT PLAYA ESTAMPADO CAB (PLAYUELA, L);SHOSUCA155TL;CAB;Playuela;L;SAMBIL VALENCIA;1
2026;JUNIO;SHORT PLAYA CAB;[SHOUNCA186T2XL] SHORT PLAYA CAB (Azul Verdoso, 2XL);SHOUNCA186T2XL;CAB;Azul Verdoso;2XL;CERRO VERDE;1
2026;JUNIO;SHORT PLAYA ESTAMPADO CAB;[SHOSUCA154TL] SHORT PLAYA ESTAMPADO CAB (SOMBRERO, L);SHOSUCA154TL;CAB;Sombrero;L;GRIETA;1
2026;JUNIO;SHORT PLAYA CAB;[SHOUNCA38TM] SHORT PLAYA CAB (Marron, M);SHOUNCA38TM;CAB;Marron;M;LA VELA;1
2026;JUNIO;SHORT PLAYA CAB;[SHOUNCA38T2XL] SHORT PLAYA CAB (Marron, 2XL);SHOUNCA38T2XL;CAB;Marron;2XL;CERRO VERDE;1
2026;JUNIO;SHORT PLAYA ESTAMPADO CAB;[SHOSUCA156TXL] SHORT PLAYA ESTAMPADO CAB (TUCUPIDO, XL);SHOSUCA156TXL;CAB;Tucupido;XL;CERRO VERDE;1
2026;JUNIO;SHORT PLAYA ESTAMPADO CAB;[SHOSUCA156T2XL] SHORT PLAYA ESTAMPADO CAB (TUCUPIDO, 2XL);SHOSUCA156T2XL;CAB;Tucupido;2XL;CERRO VERDE;1
2026;JUNIO;SHORT PLAYA CAB;[SHOUNCA186TL] SHORT PLAYA CAB (Azul Verdoso, L);SHOUNCA186TL;CAB;Azul Verdoso;L;TOLON;1
2026;JUNIO;SHORT PLAYA CAB;[SHOUNCA186TM] SHORT PLAYA CAB (Azul Verdoso, M);SHOUNCA186TM;CAB;Azul Verdoso;M;TOLON;1
2026;JUNIO;SHORT PLAYA CAB;[SHOUNCA38TXL] SHORT PLAYA CAB (Marron, XL);SHOUNCA38TXL;CAB;Marron;XL;GRIETA;1
2026;JUNIO;SHORT PLAYA CAB;[SHOUNCA186TXL] SHORT PLAYA CAB (Azul Verdoso, XL);SHOUNCA186TXL;CAB;Azul Verdoso;XL;SAMBIL VALENCIA;1
2026;JUNIO;SHORT PLAYA ESTAMPADO CAB;[SHOSUCA155TL] SHORT PLAYA ESTAMPADO CAB (PLAYUELA, L);SHOSUCA155TL;CAB;Playuela;L;SAMBIL CHACAO;1
2026;JUNIO;SHORT PLAYA ESTAMPADO CAB;[SHOSUCA155TXL] SHORT PLAYA ESTAMPADO CAB (PLAYUELA, XL);SHOSUCA155TXL;CAB;Playuela;XL;SAMBIL CHACAO;1
2026;JUNIO;SHORT PLAYA CAB;[SHOUNCA170T2XL] SHORT PLAYA CAB (Cereza, 2XL);SHOUNCA170T2XL;CAB;Cereza;2XL;LA VELA;1
2026;JUNIO;SHORT PLAYA ESTAMPADO CAB;[SHOSUCA155TM] SHORT PLAYA ESTAMPADO CAB (PLAYUELA, M);SHOSUCA155TM;CAB;Playuela;M;SAMBIL VALENCIA;1
2026;JUNIO;SHORT PLAYA ESTAMPADO CAB;[SHOSUCA153TL] SHORT PLAYA ESTAMPADO CAB (SAL, L);SHOSUCA153TL;CAB;Sal;L;SAMBIL VALENCIA;1
2026;JUNIO;SHORT PLAYA CAB;[SHOUNCA170TL] SHORT PLAYA CAB (Cereza, L);SHOUNCA170TL;CAB;Cereza;L;GRIETA;1
2026;JUNIO;SHORT PLAYA ESTAMPADO CAB;[SHOSUCA156T2XL] SHORT PLAYA ESTAMPADO CAB (TUCUPIDO, 2XL);SHOSUCA156T2XL;CAB;Tucupido;2XL;GRIETA;1
2026;JUNIO;SHORT PLAYA CAB;[SHOUNCA69TM] SHORT PLAYA CAB (Verde Pino, M);SHOUNCA69TM;CAB;Verde Pino;M;SAMBIL CHACAO;1
2026;JUNIO;SHORT PLAYA ESTAMPADO CAB;[SHOSUCA155TL] SHORT PLAYA ESTAMPADO CAB (PLAYUELA, L);SHOSUCA155TL;CAB;Playuela;L;CERRO VERDE;1
2026;JUNIO;SHORT PLAYA ESTAMPADO KIDS;[SHOSUKI154T8] SHORT PLAYA ESTAMPADO KIDS (SOMBRERO, 8);SHOSUKI154T8;KIDS;Sombrero;8;CERRO VERDE;1
2026;JUNIO;SHORT PLAYA ESTAMPADO KIDS;[SHOSUKI153T10] SHORT PLAYA ESTAMPADO KIDS (SAL, 10);SHOSUKI153T10;KIDS;Sal;10;CERRO VERDE;1
2026;JUNIO;SHORT PLAYA ESTAMPADO KIDS;[SHOSUKI154T10] SHORT PLAYA ESTAMPADO KIDS (SOMBRERO, 10);SHOSUKI154T10;KIDS;Sombrero;10;TOLON;1
2026;JUNIO;SHORT PLAYA CAB;[SHOUNCA187TXL] SHORT PLAYA CAB (Azul Pizarra, XL);SHOUNCA187TXL;CAB;Azul Pizarra;XL;GRIETA;1
2026;JUNIO;SHORT PLAYA KIDS;[SHOUNKI12T14] SHORT PLAYA KIDS (Azul Marino, 14);SHOUNKI12T14;KIDS;Azul Marino;14;CERRO VERDE;1
2026;JUNIO;SHORT PLAYA CAB;[SHOUNCA187TXL] SHORT PLAYA CAB (Azul Pizarra, XL);SHOUNCA187TXL;CAB;Azul Pizarra;XL;LA VELA;1
2026;JUNIO;SHORT PLAYA CAB;[SHOUNCA187T2XL] SHORT PLAYA CAB (Azul Pizarra, 2XL);SHOUNCA187T2XL;CAB;Azul Pizarra;2XL;GRIETA;1
2026;JUNIO;SHORT PLAYA KIDS;[SHOUNKI01T4] SHORT PLAYA KIDS (Aguamarina, 4);SHOUNKI01T4;KIDS;Aguamarina;4;CERRO VERDE;1
2026;JUNIO;SHORT PLAYA ESTAMPADO KIDS;[SHOSUKI156T6] SHORT PLAYA ESTAMPADO KIDS (TUCUPIDO, 6);SHOSUKI156T6;KIDS;Tucupido;6;CERRO VERDE;1
2026;JUNIO;SHORT PLAYA CAB;[SHOUNCA170TXL] SHORT PLAYA CAB (Cereza, XL);SHOUNCA170TXL;CAB;Cereza;XL;GRIETA;1
2026;JUNIO;SHORT PLAYA ESTAMPADO CAB;[SHOSUCA155TXL] SHORT PLAYA ESTAMPADO CAB (PLAYUELA, XL);SHOSUCA155TXL;CAB;Playuela;XL;CERRO VERDE;1
2026;JUNIO;SHORT PLAYA ESTAMPADO CAB;[SHOSUCA155TL] SHORT PLAYA ESTAMPADO CAB (PLAYUELA, L);SHOSUCA155TL;CAB;Playuela;L;LA VELA;1
2026;JUNIO;SHORT PLAYA CAB;[SHOUNCA38TXL] SHORT PLAYA CAB (Marron, XL);SHOUNCA38TXL;CAB;Marron;XL;SAMBIL VALENCIA;1
2026;JUNIO;SHORT PLAYA CAB;[SHOUNCA38TM] SHORT PLAYA CAB (Marron, M);SHOUNCA38TM;CAB;Marron;M;GRIETA;1
2026;JUNIO;SHORT PLAYA CAB;[SHOUNCA69TXL] SHORT PLAYA CAB (Verde Pino, XL);SHOUNCA69TXL;CAB;Verde Pino;XL;TOLON;1
2026;JUNIO;SHORT PLAYA ESTAMPADO KIDS;[SHOSUKI153T10] SHORT PLAYA ESTAMPADO KIDS (SAL, 10);SHOSUKI153T10;KIDS;Sal;10;SAMBIL VALENCIA;1
2026;JUNIO;SHORT PLAYA CAB;[SHOUNCA38T2XL] SHORT PLAYA CAB (Marron, 2XL);SHOUNCA38T2XL;CAB;Marron;2XL;TOLON;1
2026;JUNIO;SHORT PLAYA ESTAMPADO CAB;[SHOSUCA155TXL] SHORT PLAYA ESTAMPADO CAB (PLAYUELA, XL);SHOSUCA155TXL;CAB;Playuela;XL;LA VELA;1
2026;JUNIO;SHORT PLAYA CAB;[SHOUNCA187TM] SHORT PLAYA CAB (Azul Pizarra, M);SHOUNCA187TM;CAB;Azul Pizarra;M;GRIETA;1
2026;JUNIO;SHORT PLAYA KIDS;[SHOUNKI69T2] SHORT PLAYA KIDS (Verde Pino, 2);SHOUNKI69T2;KIDS;Verde Pino;2;LA VELA;2
2026;JUNIO;SHORT PLAYA CAB;[SHOUNCA69TM] SHORT PLAYA CAB (Verde Pino, M);SHOUNCA69TM;CAB;Verde Pino;M;LA VELA;1
2026;JUNIO;SHORT PLAYA ESTAMPADO CAB;[SHOSUCA155TM] SHORT PLAYA ESTAMPADO CAB (PLAYUELA, M);SHOSUCA155TM;CAB;Playuela;M;GRIETA;1
2026;JUNIO;SHORT PLAYA ESTAMPADO CAB;[SHOSUCA153TL] SHORT PLAYA ESTAMPADO CAB (SAL, L);SHOSUCA153TL;CAB;Sal;L;GRIETA;1
2026;JUNIO;SHORT PLAYA CAB;[SHOUNCA170TM] SHORT PLAYA CAB (Cereza, M);SHOUNCA170TM;CAB;Cereza;M;GRIETA;1
2026;JUNIO;SHORT PLAYA CAB;[SHOUNCA38TM] SHORT PLAYA CAB (Marron, M);SHOUNCA38TM;CAB;Marron;M;GRIETA;1
2026;JUNIO;SHORT PLAYA CAB;[SHOUNCA69TM] SHORT PLAYA CAB (Verde Pino, M);SHOUNCA69TM;CAB;Verde Pino;M;GRIETA;1
2026;JUNIO;SHORT PLAYA CAB;[SHOUNCA38TM] SHORT PLAYA CAB (Marron, M);SHOUNCA38TM;CAB;Marron;M;LA VELA;1
2026;JUNIO;SHORT PLAYA KIDS;[SHOUNKI38T2] SHORT PLAYA KIDS (Marron, 2);SHOUNKI38T2;KIDS;Marron;2;LA VELA;1
2026;JUNIO;SHORT PLAYA CAB;[SHOUNCA187TL] SHORT PLAYA CAB (Azul Pizarra, L);SHOUNCA187TL;CAB;Azul Pizarra;L;LA VELA;1
2026;JUNIO;SHORT PLAYA CAB;[SHOUNCA186TL] SHORT PLAYA CAB (Azul Verdoso, L);SHOUNCA186TL;CAB;Azul Verdoso;L;LA VELA;1
2026;JUNIO;SHORT PLAYA CAB;[SHOUNCA38TM] SHORT PLAYA CAB (Marron, M);SHOUNCA38TM;CAB;Marron;M;SAMBIL VALENCIA;1
2026;JUNIO;SHORT PLAYA ESTAMPADO KIDS;[SHOSUKI153T14] SHORT PLAYA ESTAMPADO KIDS (SAL, 14);SHOSUKI153T14;KIDS;Sal;14;GRIETA;1
2026;JUNIO;SHORT PLAYA ESTAMPADO CAB;[SHOSUCA156T2XL] SHORT PLAYA ESTAMPADO CAB (TUCUPIDO, 2XL);SHOSUCA156T2XL;CAB;Tucupido;2XL;LA VELA;1
2026;JUNIO;SHORT PLAYA ESTAMPADO CAB;[SHOSUCA156T2XL] SHORT PLAYA ESTAMPADO CAB (TUCUPIDO, 2XL);SHOSUCA156T2XL;CAB;Tucupido;2XL;LA VELA;-1
2026;JUNIO;SHORT PLAYA ESTAMPADO CAB;[SHOSUCA156T2XL] SHORT PLAYA ESTAMPADO CAB (TUCUPIDO, 2XL);SHOSUCA156T2XL;CAB;Tucupido;2XL;LA VELA;1
2026;JUNIO;SHORT PLAYA CAB;[SHOUNCA38TS] SHORT PLAYA CAB (Marron, S);SHOUNCA38TS;CAB;Marron;S;SAMBIL VALENCIA;1
2026;JUNIO;SHORT PLAYA ESTAMPADO CAB;[SHOSUCA154TL] SHORT PLAYA ESTAMPADO CAB (SOMBRERO, L);SHOSUCA154TL;CAB;Sombrero;L;TOLON;1
2026;JUNIO;SHORT PLAYA CAB;[SHOUNCA187TXL] SHORT PLAYA CAB (Azul Pizarra, XL);SHOUNCA187TXL;CAB;Azul Pizarra;XL;LA VELA;1
2026;JUNIO;SHORT PLAYA ESTAMPADO CAB;[SHOSUCA155TM] SHORT PLAYA ESTAMPADO CAB (PLAYUELA, M);SHOSUCA155TM;CAB;Playuela;M;SAMBIL CHACAO;1
2026;JUNIO;SHORT PLAYA ESTAMPADO CAB;[SHOSUCA153TL] SHORT PLAYA ESTAMPADO CAB (SAL, L);SHOSUCA153TL;CAB;Sal;L;GRIETA;1
2026;JUNIO;SHORT PLAYA ESTAMPADO CAB;[SHOSUCA153TL] SHORT PLAYA ESTAMPADO CAB (SAL, L);SHOSUCA153TL;CAB;Sal;L;SAMBIL VALENCIA;1
2026;JUNIO;SHORT PLAYA CAB;[SHOUNCA38TS] SHORT PLAYA CAB (Marron, S);SHOUNCA38TS;CAB;Marron;S;GRAND PLAZ;1
2026;JUNIO;SHORT PLAYA CAB;[SHOUNCA186TXL] SHORT PLAYA CAB (Azul Verdoso, XL);SHOUNCA186TXL;CAB;Azul Verdoso;XL;GRIETA;1
2026;JUNIO;SHORT PLAYA KIDS;[SHOUNKI186T4] SHORT PLAYA KIDS (Azul Verdoso, 4);SHOUNKI186T4;KIDS;Azul Verdoso;4;LA VELA;1
2026;JUNIO;SHORT PLAYA CAB;[SHOUNCA69TL] SHORT PLAYA CAB (Verde Pino, L);SHOUNCA69TL;CAB;Verde Pino;L;GRIETA;1
2026;JUNIO;SHORT PLAYA CAB;[SHOUNCA38TL] SHORT PLAYA CAB (Marron, L);SHOUNCA38TL;CAB;Marron;L;GRIETA;1
2026;JUNIO;SHORT PLAYA CAB;[SHOUNCA187TS] SHORT PLAYA CAB (Azul Pizarra, S);SHOUNCA187TS;CAB;Azul Pizarra;S;SAMBIL VALENCIA;1
2026;JUNIO;SHORT PLAYA CAB;[SHOUNCA187T2XL] SHORT PLAYA CAB (Azul Pizarra, 2XL);SHOUNCA187T2XL;CAB;Azul Pizarra;2XL;SAMBIL VALENCIA;1
2026;JUNIO;SHORT PLAYA CAB;[SHOUNCA186TM] SHORT PLAYA CAB (Azul Verdoso, M);SHOUNCA186TM;CAB;Azul Verdoso;M;TOLON;1
2026;JUNIO;SHORT PLAYA CAB;[SHOUNCA170T2XL] SHORT PLAYA CAB (Cereza, 2XL);SHOUNCA170T2XL;CAB;Cereza;2XL;GRIETA;-1
2026;JUNIO;SHORT PLAYA CAB;[SHOUNCA170TXL] SHORT PLAYA CAB (Cereza, XL);SHOUNCA170TXL;CAB;Cereza;XL;GRIETA;1
2026;JUNIO;SHORT PLAYA ESTAMPADO KIDS;[SHOSUKI155T14] SHORT PLAYA ESTAMPADO KIDS (PLAYUELA, 14);SHOSUKI155T14;KIDS;Playuela;14;SAMBIL CHACAO;1
2026;JUNIO;SHORT PLAYA ESTAMPADO KIDS;[SHOSUKI153T10] SHORT PLAYA ESTAMPADO KIDS (SAL, 10);SHOSUKI153T10;KIDS;Sal;10;CERRO VERDE;1
2026;JUNIO;SHORT PLAYA KIDS;[SHOUNKI13T8] SHORT PLAYA KIDS (Azul Rey, 8);SHOUNKI13T8;KIDS;Azul Rey;8;SAMBIL CHACAO;1
2026;JUNIO;SHORT PLAYA ESTAMPADO CAB;[SHOSUCA155TM] SHORT PLAYA ESTAMPADO CAB (PLAYUELA, M);SHOSUCA155TM;CAB;Playuela;M;GRAND PLAZ;1
2026;JUNIO;SHORT PLAYA ESTAMPADO KIDS;[SHOSUKI154T12] SHORT PLAYA ESTAMPADO KIDS (SOMBRERO, 12);SHOSUKI154T12;KIDS;Sombrero;12;TOLON;1
2026;JUNIO;SHORT PLAYA CAB;[SHOUNCA186TM] SHORT PLAYA CAB (Azul Verdoso, M);SHOUNCA186TM;CAB;Azul Verdoso;M;SAMBIL CHACAO;1
2026;JUNIO;SHORT PLAYA KIDS;[SHOUNKI170T10] SHORT PLAYA KIDS (Cereza, 10);SHOUNKI170T10;KIDS;Cereza;10;LA VELA;1
2026;JUNIO;SHORT PLAYA ESTAMPADO KIDS;[SHOSUKI155T10] SHORT PLAYA ESTAMPADO KIDS (PLAYUELA, 10);SHOSUKI155T10;KIDS;Playuela;10;GRIETA;1
2026;JUNIO;SHORT PLAYA KIDS;[SHOUNKI69T2] SHORT PLAYA KIDS (Verde Pino, 2);SHOUNKI69T2;KIDS;Verde Pino;2;LA VELA;1
2026;JUNIO;SHORT PLAYA KIDS;[SHOUNKI50T4] SHORT PLAYA KIDS (Rojo, 4);SHOUNKI50T4;KIDS;Rojo;4;SAMBIL VALENCIA;1
2026;JUNIO;SHORT PLAYA ESTAMPADO CAB;[SHOSUCA156T2XL] SHORT PLAYA ESTAMPADO CAB (TUCUPIDO, 2XL);SHOSUCA156T2XL;CAB;Tucupido;2XL;CERRO VERDE;1
2026;JUNIO;SHORT PLAYA ESTAMPADO KIDS;[SHOSUKI154T14] SHORT PLAYA ESTAMPADO KIDS (SOMBRERO, 14);SHOSUKI154T14;KIDS;Sombrero;14;SAMBIL VALENCIA;1
2026;JUNIO;SHORT PLAYA ESTAMPADO CAB;[SHOSUCA155TS] SHORT PLAYA ESTAMPADO CAB (PLAYUELA, S);SHOSUCA155TS;CAB;Playuela;S;SAMBIL VALENCIA;1
2026;JUNIO;SHORT PLAYA CAB;[SHOUNCA187TL] SHORT PLAYA CAB (Azul Pizarra, L);SHOUNCA187TL;CAB;Azul Pizarra;L;SAMBIL VALENCIA;1
2026;JUNIO;SHORT PLAYA KIDS;[SHOUNKI69T10] SHORT PLAYA KIDS (Verde Pino, 10);SHOUNKI69T10;KIDS;Verde Pino;10;LA VELA;1
2026;JUNIO;SHORT PLAYA ESTAMPADO KIDS;[SHOSUKI156T4] SHORT PLAYA ESTAMPADO KIDS (TUCUPIDO, 4);SHOSUKI156T4;KIDS;Tucupido;4;GRIETA;1
2026;JUNIO;SHORT PLAYA ESTAMPADO KIDS;[SHOSUKI156T10] SHORT PLAYA ESTAMPADO KIDS (TUCUPIDO, 10);SHOSUKI156T10;KIDS;Tucupido;10;GRIETA;1
2026;JUNIO;SHORT PLAYA KIDS;[SHOUNKI57T6] SHORT PLAYA KIDS (Terracota, 6);SHOUNKI57T6;KIDS;Terracota;6;GRIETA;1
2026;JUNIO;SHORT PLAYA ESTAMPADO KIDS;[SHOSUKI156T8] SHORT PLAYA ESTAMPADO KIDS (TUCUPIDO, 8);SHOSUKI156T8;KIDS;Tucupido;8;GRIETA;1
2026;JUNIO;SHORT PLAYA KIDS;[SHOUNKI69T12] SHORT PLAYA KIDS (Verde Pino, 12);SHOUNKI69T12;KIDS;Verde Pino;12;LA VELA;1
2026;JUNIO;SHORT PLAYA ESTAMPADO CAB;[SHOSUCA155TM] SHORT PLAYA ESTAMPADO CAB (PLAYUELA, M);SHOSUCA155TM;CAB;Playuela;M;SAMBIL VALENCIA;1
2026;JUNIO;SHORT PLAYA ESTAMPADO KIDS;[SHOSUKI156T12] SHORT PLAYA ESTAMPADO KIDS (TUCUPIDO, 12);SHOSUKI156T12;KIDS;Tucupido;12;LA VELA;1
2026;JUNIO;SHORT PLAYA ESTAMPADO KIDS;[SHOSUKI153T14] SHORT PLAYA ESTAMPADO KIDS (SAL, 14);SHOSUKI153T14;KIDS;Sal;14;GRIETA;1
2026;JUNIO;SHORT PLAYA KIDS;[SHOUNKI01T10] SHORT PLAYA KIDS (Aguamarina, 10);SHOUNKI01T10;KIDS;Aguamarina;10;GRIETA;1
2026;JUNIO;SHORT PLAYA CAB;[SHOUNCA187TL] SHORT PLAYA CAB (Azul Pizarra, L);SHOUNCA187TL;CAB;Azul Pizarra;L;GRIETA;-1
2026;JUNIO;SHORT PLAYA CAB;[SHOUNCA187TXL] SHORT PLAYA CAB (Azul Pizarra, XL);SHOUNCA187TXL;CAB;Azul Pizarra;XL;GRIETA;1
2026;JUNIO;SHORT PLAYA CAB;[SHOUNCA187TS] SHORT PLAYA CAB (Azul Pizarra, S);SHOUNCA187TS;CAB;Azul Pizarra;S;GRIETA;1
2026;JUNIO;SHORT PLAYA CAB;[SHOUNCA186TS] SHORT PLAYA CAB (Azul Verdoso, S);SHOUNCA186TS;CAB;Azul Verdoso;S;GRIETA;1
2026;AGOSTO;SHORT PLAYA;[SHOUNKI187T6] SHORT PLAYA KIDS (Azul Pizarra, 6);SHOUNKI187T6;KIDS;Azul Pizarra;6;La Vela;1
2026;AGOSTO;SHORT PLAYA ESTAMPADO;[SHOSUCA153TXL] SHORT PLAYA ESTAMPADO CAB (SAL, XL);SHOSUCA153TXL;CAB;SAL;XL;Sambil Chacao ;1
2026;AGOSTO;SHORT PLAYA ESTAMPADO;[SHOSUCA155T2XL] SHORT PLAYA ESTAMPADO CAB (PLAYUELA, 2XL);SHOSUCA155T2XL;CAB;PLAYUELA;2XL;Sambil Chacao ;1
2026;AGOSTO;SHORT PLAYA;[SHOUNKI57T14] SHORT PLAYA KIDS (Terracota, 14);SHOUNKI57T14;KIDS;Terracota;14;La Vela;1
2026;AGOSTO;SHORT PLAYA;[SHOUNCA186TXL] SHORT PLAYA CAB (Azul Verdoso, XL);SHOUNCA186TXL;CAB;Azul Verdoso;XL;La Vela;1
2026;AGOSTO;SHORT PLAYA;[SHOUNCA69TL] SHORT PLAYA CAB (Verde Pino, L);SHOUNCA69TL;CAB;Verde Pino;L;Tolon;1
2026;AGOSTO;SHORT PLAYA;[SHOUNCA187TM] SHORT PLAYA CAB (Azul Pizarra, M);SHOUNCA187TM;CAB;Azul Pizarra;M;Cerro Verde ;1
2026;AGOSTO;SHORT PLAYA;[SHOUNCA170TM] SHORT PLAYA CAB (Cereza, M);SHOUNCA170TM;CAB;Cereza;M;La Grieta;1
2026;AGOSTO;SHORT PLAYA ESTAMPADO;[SHOSUCA153TM] SHORT PLAYA ESTAMPADO CAB (SAL, M);SHOSUCA153TM;CAB;SAL;M;La Grieta;1
2026;AGOSTO;SHORT PLAYA ESTAMPADO;[SHOSUCA155TXL] SHORT PLAYA ESTAMPADO CAB (PLAYUELA, XL);SHOSUCA155TXL;CAB;PLAYUELA;XL;Tolon;1
2026;AGOSTO;SHORT PLAYA;[SHOUNCA186TM] SHORT PLAYA CAB (Azul Verdoso, M);SHOUNCA186TM;CAB;Azul Verdoso;M;Sambil Valencia;1
2026;AGOSTO;SHORT PLAYA;[SHOUNKI33T10] SHORT PLAYA KIDS (Kaki, 10);SHOUNKI33T10;KIDS;Kaki;10;Cerro Verde ;1
2026;AGOSTO;SHORT PLAYA ESTAMPADO;[SHOSUCA156TL] SHORT PLAYA ESTAMPADO CAB (TUCUPIDO, L);SHOSUCA156TL;CAB;TUCUPIDO;L;La Grieta;1
2026;AGOSTO;SHORT PLAYA ESTAMPADO;[SHOSUKI156T10] SHORT PLAYA ESTAMPADO KIDS (TUCUPIDO, 10);SHOSUKI156T10;KIDS;TUCUPIDO;10;La Grieta;1
2026;AGOSTO;SHORT PLAYA;[SHOUNCA187TXL] SHORT PLAYA CAB (Azul Pizarra, XL);SHOUNCA187TXL;CAB;Azul Pizarra;XL;Sambil Chacao ;1
2026;AGOSTO;SHORT PLAYA;[SHOUNCA69TXL] SHORT PLAYA CAB (Verde Pino, XL);SHOUNCA69TXL;CAB;Verde Pino;XL;Sambil Chacao ;1
2026;AGOSTO;SHORT PLAYA;[SHOUNKI57T6] SHORT PLAYA KIDS (Terracota, 6);SHOUNKI57T6;KIDS;Terracota;6;La Vela;1
2026;AGOSTO;SHORT PLAYA;[SHOUNKI69T6] SHORT PLAYA KIDS (Verde Pino, 6);SHOUNKI69T6;KIDS;Verde Pino;6;Sambil Chacao ;1
2026;AGOSTO;SHORT PLAYA ESTAMPADO;[SHOSUCA153TL] SHORT PLAYA ESTAMPADO CAB (SAL, L);SHOSUCA153TL;CAB;SAL;L;Cerro Verde ;1
2026;AGOSTO;SHORT PLAYA;[SHOUNCA170TS] SHORT PLAYA CAB (Cereza, S);SHOUNCA170TS;CAB;Cereza;S;Sambil Chacao ;1
2026;AGOSTO;SHORT PLAYA ESTAMPADO;[SHOSUCA153TM] SHORT PLAYA ESTAMPADO CAB (SAL, M);SHOSUCA153TM;CAB;SAL;M;Sambil Chacao ;1
2026;AGOSTO;SHORT PLAYA;[SHOUNCA38T2XL] SHORT PLAYA CAB (Marron, 2XL);SHOUNCA38T2XL;CAB;Marron;2XL;La Vela;1
2026;AGOSTO;SHORT PLAYA ESTAMPADO;[SHOSUCA153TM] SHORT PLAYA ESTAMPADO CAB (SAL, M);SHOSUCA153TM;CAB;SAL;M;La Vela;1
2026;AGOSTO;SHORT PLAYA;[SHOUNCA187TXL] SHORT PLAYA CAB (Azul Pizarra, XL);SHOUNCA187TXL;CAB;Azul Pizarra;XL;Cerro Verde ;1
2026;AGOSTO;SHORT PLAYA ESTAMPADO;[SHOSUCA154TL] SHORT PLAYA ESTAMPADO CAB (SOMBRERO, L);SHOSUCA154TL;CAB;SOMBRERO;L;Sambil Valencia;1
2026;AGOSTO;SHORT PLAYA ESTAMPADO;[SHOSUCA156T2XL] SHORT PLAYA ESTAMPADO CAB (TUCUPIDO, 2XL);SHOSUCA156T2XL;CAB;TUCUPIDO;2XL;Sambil Chacao ;1
2026;AGOSTO;SHORT PLAYA ESTAMPADO;[SHOSUCA153TM] SHORT PLAYA ESTAMPADO CAB (SAL, M);SHOSUCA153TM;CAB;SAL;M;Sambil Valencia;1
2026;AGOSTO;SHORT PLAYA;[SHOUNCA170T2XL] SHORT PLAYA CAB (Cereza, 2XL);SHOUNCA170T2XL;CAB;Cereza;2XL;La Grieta;1
2026;AGOSTO;SHORT PLAYA;[SHOUNCA186TL] SHORT PLAYA CAB (Azul Verdoso, L);SHOUNCA186TL;CAB;Azul Verdoso;L;Sambil Valencia;1
2026;AGOSTO;SHORT PLAYA;[SHOUNCA38TXL] SHORT PLAYA CAB (Marron, XL);SHOUNCA38TXL;CAB;Marron;XL;Sambil Valencia;1
2026;AGOSTO;SHORT PLAYA ESTAMPADO;[SHOSUCA153TM] SHORT PLAYA ESTAMPADO CAB (SAL, M);SHOSUCA153TM;CAB;SAL;M;Sambil Valencia;1
2026;AGOSTO;SHORT PLAYA;[SHOUNCA38T2XL] SHORT PLAYA CAB (Marron, 2XL);SHOUNCA38T2XL;CAB;Marron;2XL;Sambil Chacao ;1
2026;AGOSTO;SHORT PLAYA;[SHOUNCA69TXL] SHORT PLAYA CAB (Verde Pino, XL);SHOUNCA69TXL;CAB;Verde Pino;XL;Sambil Chacao ;-1
2026;AGOSTO;SHORT PLAYA ESTAMPADO;[SHOSUKI155T6] SHORT PLAYA ESTAMPADO KIDS (PLAYUELA, 6);SHOSUKI155T6;KIDS;PLAYUELA;6;La Grieta;1
2026;AGOSTO;SHORT PLAYA;[SHOUNKI50T14] SHORT PLAYA KIDS (Rojo, 14);SHOUNKI50T14;KIDS;Rojo;14;Cerro Verde ;1
2026;AGOSTO;SHORT PLAYA ESTAMPADO;[SHOSUKI153T10] SHORT PLAYA ESTAMPADO KIDS (SAL, 10);SHOSUKI153T10;KIDS;SAL;10;Sambil Valencia;1
2026;AGOSTO;SHORT PLAYA;[SHOUNKI187T12] SHORT PLAYA KIDS (Azul Pizarra, 12);SHOUNKI187T12;KIDS;Azul Pizarra;12;La Grieta;1
2026;AGOSTO;SHORT PLAYA;[SHOUNKI01T4] SHORT PLAYA KIDS (Aguamarina, 4);SHOUNKI01T4;KIDS;Aguamarina;4;Sambil Chacao ;1
2026;AGOSTO;SHORT PLAYA;[SHOUNKI29T8] SHORT PLAYA KIDS (Gris Azulado, 8);SHOUNKI29T8;KIDS;Gris Azulado;8;Sambil Chacao ;1
2026;AGOSTO;SHORT PLAYA;[SHOUNKI12T4] SHORT PLAYA KIDS (Azul Marino, 4);SHOUNKI12T4;KIDS;Azul Marino;4;Sambil Chacao ;1
2026;AGOSTO;SHORT PLAYA;[SHOUNKI12T10] SHORT PLAYA KIDS (Azul Marino, 10);SHOUNKI12T10;KIDS;Azul Marino;10;La Vela;1
2026;AGOSTO;SHORT PLAYA ESTAMPADO;[SHOSUKI155T6] SHORT PLAYA ESTAMPADO KIDS (PLAYUELA, 6);SHOSUKI155T6;KIDS;PLAYUELA;6;Tolon;1
2026;AGOSTO;SHORT PLAYA ESTAMPADO;[SHOSUCA154TM] SHORT PLAYA ESTAMPADO CAB (SOMBRERO, M);SHOSUCA154TM;CAB;SOMBRERO;M;Sambil Valencia;1
2026;AGOSTO;SHORT PLAYA;[SHOUNKI23T4] SHORT PLAYA KIDS (Coral, 4);SHOUNKI23T4;KIDS;Coral;4;Sambil Chacao ;1
2026;AGOSTO;SHORT PLAYA;[SHOUNCA38TL] SHORT PLAYA CAB (Marron, L);SHOUNCA38TL;CAB;Marron;L;Sambil Valencia;1
2026;AGOSTO;SHORT PLAYA;[SHOUNCA170TL] SHORT PLAYA CAB (Cereza, L);SHOUNCA170TL;CAB;Cereza;L;Sambil Valencia;1
2026;AGOSTO;SHORT PLAYA;[SHOUNKI01T8] SHORT PLAYA KIDS (Aguamarina, 8);SHOUNKI01T8;KIDS;Aguamarina;8;La Grieta;1
2026;AGOSTO;SHORT PLAYA;[SHOUNCA69TL] SHORT PLAYA CAB (Verde Pino, L);SHOUNCA69TL;CAB;Verde Pino;L;Sambil Valencia;1
2026;AGOSTO;SHORT PLAYA ESTAMPADO;[SHOSUKI154T6] SHORT PLAYA ESTAMPADO KIDS (SOMBRERO, 6);SHOSUKI154T6;KIDS;SOMBRERO;6;Cerro Verde ;1
2026;AGOSTO;SHORT PLAYA;[SHOUNCA186TS] SHORT PLAYA CAB (Azul Verdoso, S);SHOUNCA186TS;CAB;Azul Verdoso;S;Sambil Valencia;1
2026;AGOSTO;SHORT PLAYA;[SHOUNCA187TM] SHORT PLAYA CAB (Azul Pizarra, M);SHOUNCA187TM;CAB;Azul Pizarra;M;Sambil Valencia;1
2026;AGOSTO;SHORT PLAYA;[SHOUNCA187TM] SHORT PLAYA CAB (Azul Pizarra, M);SHOUNCA187TM;CAB;Azul Pizarra;M;La Vela;1
2026;AGOSTO;SHORT PLAYA ESTAMPADO;[SHOSUKI154T8] SHORT PLAYA ESTAMPADO KIDS (SOMBRERO, 8);SHOSUKI154T8;KIDS;SOMBRERO;8;La Vela;1
2026;AGOSTO;SHORT PLAYA ESTAMPADO;[SHOSUKI156T8] SHORT PLAYA ESTAMPADO KIDS (TUCUPIDO, 8);SHOSUKI156T8;KIDS;TUCUPIDO;8;Sambil Chacao ;1
2026;AGOSTO;SHORT PLAYA ESTAMPADO;[SHOSUKI154T6] SHORT PLAYA ESTAMPADO KIDS (SOMBRERO, 6);SHOSUKI154T6;KIDS;SOMBRERO;6;Sambil Chacao ;1
2026;AGOSTO;SHORT PLAYA ESTAMPADO;[SHOSUKI153T6] SHORT PLAYA ESTAMPADO KIDS (SAL, 6);SHOSUKI153T6;KIDS;SAL;6;Sambil Chacao ;1
2026;AGOSTO;SHORT PLAYA;[SHOUNKI23T8] SHORT PLAYA KIDS (Coral, 8);SHOUNKI23T8;KIDS;Coral;8;Sambil Chacao ;1
2026;AGOSTO;SHORT PLAYA;[SHOUNKI38T6] SHORT PLAYA KIDS (Marron, 6);SHOUNKI38T6;KIDS;Marron;6;La Vela;1
2026;AGOSTO;SHORT PLAYA;[SHOUNKI57T1] SHORT PLAYA KIDS (Terracota, 1);SHOUNKI57T1;KIDS;Terracota;1;Sambil Chacao ;1
2026;AGOSTO;SHORT PLAYA;[SHOUNKI13T8] SHORT PLAYA KIDS (Azul Rey, 8);SHOUNKI13T8;KIDS;Azul Rey;8;La Vela;1
2026;AGOSTO;SHORT PLAYA;[SHOUNCA69TL] SHORT PLAYA CAB (Verde Pino, L);SHOUNCA69TL;CAB;Verde Pino;L;Sambil Chacao ;1
2026;AGOSTO;SHORT PLAYA ESTAMPADO;[SHOSUCA153TS] SHORT PLAYA ESTAMPADO CAB (SAL, S);SHOSUCA153TS;CAB;SAL;S;Sambil Valencia;1
2026;AGOSTO;SHORT PLAYA;[SHOUNCA38TL] SHORT PLAYA CAB (Marron, L);SHOUNCA38TL;CAB;Marron;L;Sambil Chacao ;1
2026;AGOSTO;SHORT PLAYA ESTAMPADO;[SHOSUCA155TL] SHORT PLAYA ESTAMPADO CAB (PLAYUELA, L);SHOSUCA155TL;CAB;PLAYUELA;L;Sambil Chacao ;1
2026;AGOSTO;SHORT PLAYA ESTAMPADO;[SHOSUCA154TM] SHORT PLAYA ESTAMPADO CAB (SOMBRERO, M);SHOSUCA154TM;CAB;SOMBRERO;M;Sambil Valencia;1
2026;AGOSTO;SHORT PLAYA ESTAMPADO;[SHOSUCA154TS] SHORT PLAYA ESTAMPADO CAB (SOMBRERO, S);SHOSUCA154TS;CAB;SOMBRERO;S;Sambil Valencia;-1
2026;AGOSTO;SHORT PLAYA;[SHOUNCA186TXL] SHORT PLAYA CAB (Azul Verdoso, XL);SHOUNCA186TXL;CAB;Azul Verdoso;XL;La Vela;1
2026;AGOSTO;SHORT PLAYA ESTAMPADO;[SHOSUKI153T6] SHORT PLAYA ESTAMPADO KIDS (SAL, 6);SHOSUKI153T6;KIDS;SAL;6;Cerro Verde ;1
2026;AGOSTO;SHORT PLAYA;[SHOUNCA187TL] SHORT PLAYA CAB (Azul Pizarra, L);SHOUNCA187TL;CAB;Azul Pizarra;L;Grandplaz ;1
2026;AGOSTO;SHORT PLAYA;[SHOUNKI12T10] SHORT PLAYA KIDS (Azul Marino, 10);SHOUNKI12T10;KIDS;Azul Marino;10;Cerro Verde ;1
2026;AGOSTO;SHORT PLAYA ESTAMPADO;[SHOSUKI154T12] SHORT PLAYA ESTAMPADO KIDS (SOMBRERO, 12);SHOSUKI154T12;KIDS;SOMBRERO;12;Sambil Valencia;1
2026;AGOSTO;SHORT PLAYA ESTAMPADO;[SHOSUCA154TL] SHORT PLAYA ESTAMPADO CAB (SOMBRERO, L);SHOSUCA154TL;CAB;SOMBRERO;L;Sambil Valencia;1
2026;AGOSTO;SHORT PLAYA ESTAMPADO;[SHOSUCA154TS] SHORT PLAYA ESTAMPADO CAB (SOMBRERO, S);SHOSUCA154TS;CAB;SOMBRERO;S;Sambil Valencia;1
2026;AGOSTO;SHORT PLAYA ESTAMPADO;[SHOSUCA155TM] SHORT PLAYA ESTAMPADO CAB (PLAYUELA, M);SHOSUCA155TM;CAB;PLAYUELA;M;La Vela;1
2026;AGOSTO;SHORT PLAYA ESTAMPADO;[SHOSUKI156T8] SHORT PLAYA ESTAMPADO KIDS (TUCUPIDO, 8);SHOSUKI156T8;KIDS;TUCUPIDO;8;Tolon;1
2026;AGOSTO;SHORT PLAYA ESTAMPADO;[SHOSUCA155TL] SHORT PLAYA ESTAMPADO CAB (PLAYUELA, L);SHOSUCA155TL;CAB;PLAYUELA;L;La Vela;1
2026;AGOSTO;SHORT PLAYA ESTAMPADO;[SHOSUCA155TXL] SHORT PLAYA ESTAMPADO CAB (PLAYUELA, XL);SHOSUCA155TXL;CAB;PLAYUELA;XL;Cerro Verde ;1
2026;AGOSTO;SHORT PLAYA;[SHOUNKI68T14] SHORT PLAYA KIDS (Verde Oliva, 14);SHOUNKI68T14;KIDS;Verde Oliva;14;Sambil Chacao ;1
2026;AGOSTO;SHORT PLAYA;[SHOUNKI57T14] SHORT PLAYA KIDS (Terracota, 14);SHOUNKI57T14;KIDS;Terracota;14;Sambil Chacao ;1
2026;AGOSTO;SHORT PLAYA;[SHOUNKI170T12] SHORT PLAYA KIDS (Cereza, 12);SHOUNKI170T12;KIDS;Cereza;12;Sambil Chacao ;1
2026;AGOSTO;SHORT PLAYA ESTAMPADO;[SHOSUCA153TL] SHORT PLAYA ESTAMPADO CAB (SAL, L);SHOSUCA153TL;CAB;SAL;L;La Vela;1
2026;AGOSTO;SHORT PLAYA ESTAMPADO;[SHOSUKI154T10] SHORT PLAYA ESTAMPADO KIDS (SOMBRERO, 10);SHOSUKI154T10;KIDS;SOMBRERO;10;Cerro Verde ;1
2026;AGOSTO;SHORT PLAYA;[SHOUNCA69TL] SHORT PLAYA CAB (Verde Pino, L);SHOUNCA69TL;CAB;Verde Pino;L;Cerro Verde ;1
2026;AGOSTO;SHORT PLAYA;[SHOUNKI12T6] SHORT PLAYA KIDS (Azul Marino, 6);SHOUNKI12T6;KIDS;Azul Marino;6;Cerro Verde ;1
2026;AGOSTO;SHORT PLAYA;[SHOUNKI33T6] SHORT PLAYA KIDS (Kaki, 6);SHOUNKI33T6;KIDS;Kaki;6;Cerro Verde ;1
2026;AGOSTO;SHORT PLAYA;[SHOUNKI68T4] SHORT PLAYA KIDS (Verde Oliva, 4);SHOUNKI68T4;KIDS;Verde Oliva;4;La Vela;1
2026;AGOSTO;SHORT PLAYA;[SHOUNKI68T2] SHORT PLAYA KIDS (Verde Oliva, 2);SHOUNKI68T2;KIDS;Verde Oliva;2;La Vela;1
2026;AGOSTO;SHORT PLAYA;[SHOUNCA186TS] SHORT PLAYA CAB (Azul Verdoso, S);SHOUNCA186TS;CAB;Azul Verdoso;S;Sambil Chacao ;1
2026;AGOSTO;SHORT PLAYA;[SHOUNCA187TS] SHORT PLAYA CAB (Azul Pizarra, S);SHOUNCA187TS;CAB;Azul Pizarra;S;Sambil Chacao ;1
2026;AGOSTO;SHORT PLAYA ESTAMPADO;[SHOSUKI154T14] SHORT PLAYA ESTAMPADO KIDS (SOMBRERO, 14);SHOSUKI154T14;KIDS;SOMBRERO;14;Sambil Valencia;1
2026;AGOSTO;SHORT PLAYA ESTAMPADO;[SHOSUKI156T12] SHORT PLAYA ESTAMPADO KIDS (TUCUPIDO, 12);SHOSUKI156T12;KIDS;TUCUPIDO;12;Sambil Valencia;1
2026;AGOSTO;SHORT PLAYA;[SHOUNCA186TM] SHORT PLAYA CAB (Azul Verdoso, M);SHOUNCA186TM;CAB;Azul Verdoso;M;Sambil Valencia;1
2026;AGOSTO;SHORT PLAYA;[SHOUNCA170TXL] SHORT PLAYA CAB (Cereza, XL);SHOUNCA170TXL;CAB;Cereza;XL;Sambil Valencia;1
2026;AGOSTO;SHORT PLAYA;[SHOUNCA187TXL] SHORT PLAYA CAB (Azul Pizarra, XL);SHOUNCA187TXL;CAB;Azul Pizarra;XL;Sambil Valencia;1
2026;AGOSTO;SHORT PLAYA;[SHOUNCA186T2XL] SHORT PLAYA CAB (Azul Verdoso, 2XL);SHOUNCA186T2XL;CAB;Azul Verdoso;2XL;Sambil Valencia;1
2026;AGOSTO;SHORT PLAYA;[SHOUNKI50T4] SHORT PLAYA KIDS (Rojo, 4);SHOUNKI50T4;KIDS;Rojo;4;Cerro Verde ;1
2026;AGOSTO;SHORT PLAYA ESTAMPADO;[SHOSUKI153T4] SHORT PLAYA ESTAMPADO KIDS (SAL, 4);SHOSUKI153T4;KIDS;SAL;4;Cerro Verde ;1
2026;AGOSTO;SHORT PLAYA;[SHOUNKI12T4] SHORT PLAYA KIDS (Azul Marino, 4);SHOUNKI12T4;KIDS;Azul Marino;4;Cerro Verde ;1
2026;AGOSTO;SHORT PLAYA;[SHOUNCA170TM] SHORT PLAYA CAB (Cereza, M);SHOUNCA170TM;CAB;Cereza;M;Sambil Chacao ;1
2026;AGOSTO;SHORT PLAYA;[SHOUNKI186T8] SHORT PLAYA KIDS (Azul Verdoso, 8);SHOUNKI186T8;KIDS;Azul Verdoso;8;Sambil Chacao ;1
2026;AGOSTO;SHORT PLAYA;[SHOUNKI186T8] SHORT PLAYA KIDS (Azul Verdoso, 8);SHOUNKI186T8;KIDS;Azul Verdoso;8;Sambil Chacao ;-1
2026;AGOSTO;SHORT PLAYA;[SHOUNCA170TM] SHORT PLAYA CAB (Cereza, M);SHOUNCA170TM;CAB;Cereza;M;Sambil Chacao ;-1
2026;AGOSTO;SHORT PLAYA;[SHOUNCA170TM] SHORT PLAYA CAB (Cereza, M);SHOUNCA170TM;CAB;Cereza;M;Sambil Chacao ;1
2026;AGOSTO;SHORT PLAYA;[SHOUNKI186T8] SHORT PLAYA KIDS (Azul Verdoso, 8);SHOUNKI186T8;KIDS;Azul Verdoso;8;Sambil Chacao ;1
2026;AGOSTO;SHORT PLAYA ESTAMPADO;[SHOSUKI156T12] SHORT PLAYA ESTAMPADO KIDS (TUCUPIDO, 12);SHOSUKI156T12;KIDS;TUCUPIDO;12;Tolon;1
2026;AGOSTO;SHORT PLAYA ESTAMPADO;[SHOSUCA153TM] SHORT PLAYA ESTAMPADO CAB (SAL, M);SHOSUCA153TM;CAB;SAL;M;Sambil Chacao ;1
2026;AGOSTO;SHORT PLAYA ESTAMPADO;[SHOSUCA155TM] SHORT PLAYA ESTAMPADO CAB (PLAYUELA, M);SHOSUCA155TM;CAB;PLAYUELA;M;Sambil Valencia;1
2026;AGOSTO;SHORT PLAYA;[SHOUNCA69TS] SHORT PLAYA CAB (Verde Pino, S);SHOUNCA69TS;CAB;Verde Pino;S;Sambil Valencia;1
2026;AGOSTO;SHORT PLAYA;[SHOUNKI186T12] SHORT PLAYA KIDS (Azul Verdoso, 12);SHOUNKI186T12;KIDS;Azul Verdoso;12;Tolon;1
2026;AGOSTO;SHORT PLAYA;[SHOUNKI68T8] SHORT PLAYA KIDS (Verde Oliva, 8);SHOUNKI68T8;KIDS;Verde Oliva;8;La Vela;1
2026;AGOSTO;SHORT PLAYA ESTAMPADO;[SHOSUCA155TL] SHORT PLAYA ESTAMPADO CAB (PLAYUELA, L);SHOSUCA155TL;CAB;PLAYUELA;L;Grandplaz ;1
2026;AGOSTO;SHORT PLAYA ESTAMPADO;[SHOSUCA155TS] SHORT PLAYA ESTAMPADO CAB (PLAYUELA, S);SHOSUCA155TS;CAB;PLAYUELA;S;Sambil Chacao ;1
2026;AGOSTO;SHORT PLAYA ESTAMPADO;[SHOSUCA155TXL] SHORT PLAYA ESTAMPADO CAB (PLAYUELA, XL);SHOSUCA155TXL;CAB;PLAYUELA;XL;La Grieta;1
2026;AGOSTO;SHORT PLAYA ESTAMPADO;[SHOSUKI155T6] SHORT PLAYA ESTAMPADO KIDS (PLAYUELA, 6);SHOSUKI155T6;KIDS;PLAYUELA;6;La Grieta;1
2026;AGOSTO;SHORT PLAYA;[SHOUNKI13T6] SHORT PLAYA KIDS (Azul Rey, 6);SHOUNKI13T6;KIDS;Azul Rey;6;Cerro Verde ;1
2026;AGOSTO;SHORT PLAYA;[SHOUNCA69TM] SHORT PLAYA CAB (Verde Pino, M);SHOUNCA69TM;CAB;Verde Pino;M;La Vela;1
2026;AGOSTO;SHORT PLAYA;[SHOUNCA69TXL] SHORT PLAYA CAB (Verde Pino, XL);SHOUNCA69TXL;CAB;Verde Pino;XL;Tolon;1
2026;AGOSTO;SHORT PLAYA ESTAMPADO;[SHOSUCA155TM] SHORT PLAYA ESTAMPADO CAB (PLAYUELA, M);SHOSUCA155TM;CAB;PLAYUELA;M;La Vela;1
2026;AGOSTO;SHORT PLAYA;[SHOUNKI29T8] SHORT PLAYA KIDS (Gris Azulado, 8);SHOUNKI29T8;KIDS;Gris Azulado;8;La Vela;1
2026;AGOSTO;SHORT PLAYA;[SHOUNKI170T8] SHORT PLAYA KIDS (Cereza, 8);SHOUNKI170T8;KIDS;Cereza;8;La Vela;1
2026;AGOSTO;SHORT PLAYA;[SHOUNKI186T12] SHORT PLAYA KIDS (Azul Verdoso, 12);SHOUNKI186T12;KIDS;Azul Verdoso;12;Sambil Chacao ;1
2026;AGOSTO;SHORT PLAYA ESTAMPADO;[SHOSUCA156TL] SHORT PLAYA ESTAMPADO CAB (TUCUPIDO, L);SHOSUCA156TL;CAB;TUCUPIDO;L;La Grieta;1
2026;AGOSTO;SHORT PLAYA;[SHOUNCA170TL] SHORT PLAYA CAB (Cereza, L);SHOUNCA170TL;CAB;Cereza;L;La Vela;1
2026;AGOSTO;SHORT PLAYA ESTAMPADO;[SHOSUKI154T8] SHORT PLAYA ESTAMPADO KIDS (SOMBRERO, 8);SHOSUKI154T8;KIDS;SOMBRERO;8;Pedidos;1
2026;AGOSTO;SHORT PLAYA;[SHOUNCA38TL] SHORT PLAYA CAB (Marron, L);SHOUNCA38TL;CAB;Marron;L;Grandplaz ;1
2026;AGOSTO;SHORT PLAYA ESTAMPADO;[SHPEUNCA211TXL] SHORT PLAYA ESTAMPADO CAB (SANTA TERESA, XL);SHPEUNCA211TXL;CAB;SANTA TERESA;XL;Pedidos;1
2026;AGOSTO;SHORT PLAYA ESTAMPADO;[SHPEUNCA211TL] SHORT PLAYA ESTAMPADO CAB (SANTA TERESA, L);SHPEUNCA211TL;CAB;SANTA TERESA;L;Pedidos;3
2026;AGOSTO;SHORT PLAYA ESTAMPADO;[SHPEUNCA211TS] SHORT PLAYA ESTAMPADO CAB (SANTA TERESA, S);SHPEUNCA211TS;CAB;SANTA TERESA;S;Pedidos;1
2026;AGOSTO;SHORT PLAYA ESTAMPADO;[SHPEUNCA211TM] SHORT PLAYA ESTAMPADO CAB (SANTA TERESA, M);SHPEUNCA211TM;CAB;SANTA TERESA;M;Pedidos;4
2026;AGOSTO;SHORT PLAYA ESTAMPADO;[SHOSUKI107T12] SHORT PLAYA ESTAMPADO KIDS (Honey, 12);SHOSUKI107T12;KIDS;Honey;12;Cerro Verde ;1
2026;AGOSTO;SHORT PLAYA ESTAMPADO;[SHOSUKI153T12] SHORT PLAYA ESTAMPADO KIDS (SAL, 12);SHOSUKI153T12;KIDS;SAL;12;Cerro Verde ;1
2026;AGOSTO;SHORT PLAYA ESTAMPADO;[SHOSUKI156T12] SHORT PLAYA ESTAMPADO KIDS (TUCUPIDO, 12);SHOSUKI156T12;KIDS;TUCUPIDO;12;Cerro Verde ;1
2026;AGOSTO;SHORT PLAYA ESTAMPADO;[SHOSUCA156TM] SHORT PLAYA ESTAMPADO CAB (TUCUPIDO, M);SHOSUCA156TM;CAB;TUCUPIDO;M;Cerro Verde ;1
2026;AGOSTO;SHORT PLAYA ESTAMPADO;[SHOSUKI156T10] SHORT PLAYA ESTAMPADO KIDS (TUCUPIDO, 10);SHOSUKI156T10;KIDS;TUCUPIDO;10;Cerro Verde ;1
2026;AGOSTO;SHORT PLAYA;[SHOUNCA186TXL] SHORT PLAYA CAB (Azul Verdoso, XL);SHOUNCA186TXL;CAB;Azul Verdoso;XL;La Vela;1
2026;AGOSTO;SHORT PLAYA;[SHOUNCA186TL] SHORT PLAYA CAB (Azul Verdoso, L);SHOUNCA186TL;CAB;Azul Verdoso;L;La Vela;1
2026;AGOSTO;SHORT PLAYA ESTAMPADO;[SHOSUKI156T14] SHORT PLAYA ESTAMPADO KIDS (TUCUPIDO, 14);SHOSUKI156T14;KIDS;TUCUPIDO;14;Sambil Valencia;1
2026;AGOSTO;SHORT PLAYA ESTAMPADO;[SHOSUCA153TM] SHORT PLAYA ESTAMPADO CAB (SAL, M);SHOSUCA153TM;CAB;SAL;M;La Grieta;1
2026;AGOSTO;SHORT PLAYA;[SHOUNCA38TL] SHORT PLAYA CAB (Marron, L);SHOUNCA38TL;CAB;Marron;L;La Vela;1
2026;AGOSTO;SHORT PLAYA;[SHOUNKI170T14] SHORT PLAYA KIDS (Cereza, 14);SHOUNKI170T14;KIDS;Cereza;14;La Vela;1
2026;AGOSTO;SHORT PLAYA;[SHOUNKI69T14] SHORT PLAYA KIDS (Verde Pino, 14);SHOUNKI69T14;KIDS;Verde Pino;14;La Vela;1
2026;AGOSTO;SHORT PLAYA;[SHOUNCA69TM] SHORT PLAYA CAB (Verde Pino, M);SHOUNCA69TM;CAB;Verde Pino;M;La Vela;1
2026;AGOSTO;SHORT PLAYA;[SHOUNCA186TXL] SHORT PLAYA CAB (Azul Verdoso, XL);SHOUNCA186TXL;CAB;Azul Verdoso;XL;La Vela;1
2026;AGOSTO;SHORT PLAYA;[SHOUNKI13T8] SHORT PLAYA KIDS (Azul Rey, 8);SHOUNKI13T8;KIDS;Azul Rey;8;Tolon;1
2026;AGOSTO;SHORT PLAYA;[SHOUNKI50T8] SHORT PLAYA KIDS (Rojo, 8);SHOUNKI50T8;KIDS;Rojo;8;Tolon;1
2026;AGOSTO;SHORT PLAYA;[SHOUNCA187TL] SHORT PLAYA CAB (Azul Pizarra, L);SHOUNCA187TL;CAB;Azul Pizarra;L;La Grieta;1
2026;AGOSTO;SHORT PLAYA;[SHOUNKI69T2] SHORT PLAYA KIDS (Verde Pino, 2);SHOUNKI69T2;KIDS;Verde Pino;2;Sambil Chacao ;1
2026;AGOSTO;SHORT PLAYA;[SHOUNCA69T2XL] SHORT PLAYA CAB (Verde Pino, 2XL);SHOUNCA69T2XL;CAB;Verde Pino;2XL;Sambil Chacao ;1
2026;AGOSTO;SHORT PLAYA;[SHOUNCA170TM] SHORT PLAYA CAB (Cereza, M);SHOUNCA170TM;CAB;Cereza;M;Sambil Valencia;1
2026;AGOSTO;SHORT PLAYA ESTAMPADO;[SHOSUCA156TXL] SHORT PLAYA ESTAMPADO CAB (TUCUPIDO, XL);SHOSUCA156TXL;CAB;TUCUPIDO;XL;La Vela;1
2026;AGOSTO;SHORT PLAYA;[SHOUNKI186T10] SHORT PLAYA KIDS (Azul Verdoso, 10);SHOUNKI186T10;KIDS;Azul Verdoso;10;Tolon;1
2026;AGOSTO;SHORT PLAYA;[SHOUNCA38TM] SHORT PLAYA CAB (Marron, M);SHOUNCA38TM;CAB;Marron;M;La Vela;1
2026;AGOSTO;SHORT PLAYA;[SHOUNCA69TL] SHORT PLAYA CAB (Verde Pino, L);SHOUNCA69TL;CAB;Verde Pino;L;Cerro Verde ;1
2026;AGOSTO;SHORT PLAYA;[SHOUNCA187TM] SHORT PLAYA CAB (Azul Pizarra, M);SHOUNCA187TM;CAB;Azul Pizarra;M;Sambil Chacao ;1
2026;AGOSTO;SHORT PLAYA;[SHOUNCA170TM] SHORT PLAYA CAB (Cereza, M);SHOUNCA170TM;CAB;Cereza;M;Sambil Chacao ;1
2026;AGOSTO;SHORT PLAYA;[SHOUNKI50T8] SHORT PLAYA KIDS (Rojo, 8);SHOUNKI50T8;KIDS;Rojo;8;Cerro Verde ;1
2026;AGOSTO;SHORT PLAYA;[SHOUNKI29T8] SHORT PLAYA KIDS (Gris Azulado, 8);SHOUNKI29T8;KIDS;Gris Azulado;8;Cerro Verde ;1
2026;AGOSTO;SHORT PLAYA;[SHOUNKI01T10] SHORT PLAYA KIDS (Aguamarina, 10);SHOUNKI01T10;KIDS;Aguamarina;10;Tolon;1
2026;AGOSTO;SHORT PLAYA;[SHOUNKI29T10] SHORT PLAYA KIDS (Gris Azulado, 10);SHOUNKI29T10;KIDS;Gris Azulado;10;Tolon;1
2026;AGOSTO;SHORT PLAYA ESTAMPADO;[SHOSUCA156TL] SHORT PLAYA ESTAMPADO CAB (TUCUPIDO, L);SHOSUCA156TL;CAB;TUCUPIDO;L;La Grieta;1
2026;AGOSTO;SHORT PLAYA;[SHOUNCA69TXL] SHORT PLAYA CAB (Verde Pino, XL);SHOUNCA69TXL;CAB;Verde Pino;XL;Sambil Chacao ;1
2026;AGOSTO;SHORT PLAYA;[SHOUNCA170TXL] SHORT PLAYA CAB (Cereza, XL);SHOUNCA170TXL;CAB;Cereza;XL;Sambil Valencia;1
2026;AGOSTO;SHORT PLAYA;[SHOUNCA186TL] SHORT PLAYA CAB (Azul Verdoso, L);SHOUNCA186TL;CAB;Azul Verdoso;L;La Vela;1
2026;AGOSTO;SHORT PLAYA;[SHOUNCA186TL] SHORT PLAYA CAB (Azul Verdoso, L);SHOUNCA186TL;CAB;Azul Verdoso;L;Sambil Valencia;1
2026;AGOSTO;SHORT PLAYA;[SHOUNCA186TM] SHORT PLAYA CAB (Azul Verdoso, M);SHOUNCA186TM;CAB;Azul Verdoso;M;La Grieta;1
2026;AGOSTO;SHORT PLAYA;[SHOUNCA187TL] SHORT PLAYA CAB (Azul Pizarra, L);SHOUNCA187TL;CAB;Azul Pizarra;L;Sambil Valencia;1
2026;AGOSTO;SHORT PLAYA ESTAMPADO;[SHOSUCA155TM] SHORT PLAYA ESTAMPADO CAB (PLAYUELA, M);SHOSUCA155TM;CAB;PLAYUELA;M;Sambil Valencia;1
2026;AGOSTO;SHORT PLAYA;[SHOUNCA170TM] SHORT PLAYA CAB (Cereza, M);SHOUNCA170TM;CAB;Cereza;M;Sambil Valencia;1
2026;AGOSTO;SHORT PLAYA;[SHOUNCA186TL] SHORT PLAYA CAB (Azul Verdoso, L);SHOUNCA186TL;CAB;Azul Verdoso;L;La Vela;1
2026;AGOSTO;SHORT PLAYA ESTAMPADO;[SHOSUCA153TS] SHORT PLAYA ESTAMPADO CAB (SAL, S);SHOSUCA153TS;CAB;SAL;S;La Grieta;1
2026;AGOSTO;SHORT PLAYA ESTAMPADO;[SHOSUCA156TS] SHORT PLAYA ESTAMPADO CAB (TUCUPIDO, S);SHOSUCA156TS;CAB;TUCUPIDO;S;La Grieta;1
2026;AGOSTO;SHORT PLAYA;[SHOUNCA69TL] SHORT PLAYA CAB (Verde Pino, L);SHOUNCA69TL;CAB;Verde Pino;L;Cerro Verde ;1
2026;AGOSTO;SHORT PLAYA ESTAMPADO;[SHOSUCA156TM] SHORT PLAYA ESTAMPADO CAB (TUCUPIDO, M);SHOSUCA156TM;CAB;TUCUPIDO;M;Sambil Valencia;1
2026;AGOSTO;SHORT PLAYA;[SHOUNCA69TM] SHORT PLAYA CAB (Verde Pino, M);SHOUNCA69TM;CAB;Verde Pino;M;Sambil Valencia;1
2026;AGOSTO;SHORT PLAYA ESTAMPADO;[SHOSUCA156TS] SHORT PLAYA ESTAMPADO CAB (TUCUPIDO, S);SHOSUCA156TS;CAB;TUCUPIDO;S;Sambil Valencia;-1
2026;AGOSTO;SHORT PLAYA;[SHOUNCA69TS] SHORT PLAYA CAB (Verde Pino, S);SHOUNCA69TS;CAB;Verde Pino;S;Sambil Valencia;-1
2026;AGOSTO;SHORT PLAYA;[SHOUNKI01T12] SHORT PLAYA KIDS (Aguamarina, 12);SHOUNKI01T12;KIDS;Aguamarina;12;Cerro Verde ;1
2026;AGOSTO;SHORT PLAYA ESTAMPADO;[SHOSUKI156T2] SHORT PLAYA ESTAMPADO KIDS (TUCUPIDO, 2);SHOSUKI156T2;KIDS;TUCUPIDO;2;Cerro Verde ;1
2026;AGOSTO;SHORT PLAYA ESTAMPADO;[SHOSUCA155TS] SHORT PLAYA ESTAMPADO CAB (PLAYUELA, S);SHOSUCA155TS;CAB;PLAYUELA;S;Cerro Verde ;1
2026;AGOSTO;SHORT PLAYA ESTAMPADO;[SHOSUKI155T14] SHORT PLAYA ESTAMPADO KIDS (PLAYUELA, 14);SHOSUKI155T14;KIDS;PLAYUELA;14;Cerro Verde ;-1
2026;AGOSTO;SHORT PLAYA;[SHOUNCA170TL] SHORT PLAYA CAB (Cereza, L);SHOUNCA170TL;CAB;Cereza;L;Sambil Chacao ;1
2026;AGOSTO;SHORT PLAYA;[SHOUNKI01T6] SHORT PLAYA KIDS (Aguamarina, 6);SHOUNKI01T6;KIDS;Aguamarina;6;Cerro Verde ;1
2026;AGOSTO;SHORT PLAYA ESTAMPADO;[SHOSUKI153T8] SHORT PLAYA ESTAMPADO KIDS (SAL, 8);SHOSUKI153T8;KIDS;SAL;8;Cerro Verde ;1
2026;AGOSTO;SHORT PLAYA ESTAMPADO;[SHOSUCA153TM] SHORT PLAYA ESTAMPADO CAB (SAL, M);SHOSUCA153TM;CAB;SAL;M;Sambil Chacao ;1
2026;AGOSTO;SHORT PLAYA ESTAMPADO;[SHOSUKI154T12] SHORT PLAYA ESTAMPADO KIDS (SOMBRERO, 12);SHOSUKI154T12;KIDS;SOMBRERO;12;La Vela;1
2026;AGOSTO;SHORT PLAYA ESTAMPADO;[SHOSUCA153TXL] SHORT PLAYA ESTAMPADO CAB (SAL, XL);SHOSUCA153TXL;CAB;SAL;XL;Cerro Verde ;1
2026;AGOSTO;SHORT PLAYA ESTAMPADO;[SHOSUCA154TL] SHORT PLAYA ESTAMPADO CAB (SOMBRERO, L);SHOSUCA154TL;CAB;SOMBRERO;L;La Grieta;1
2026;AGOSTO;SHORT PLAYA ESTAMPADO;[SHOSUCA155TM] SHORT PLAYA ESTAMPADO CAB (PLAYUELA, M);SHOSUCA155TM;CAB;PLAYUELA;M;La Grieta;1
2026;AGOSTO;SHORT PLAYA ESTAMPADO;[SHOSUCA155T2XL] SHORT PLAYA ESTAMPADO CAB (PLAYUELA, 2XL);SHOSUCA155T2XL;CAB;PLAYUELA;2XL;Sambil Valencia;1
2026;AGOSTO;SHORT PLAYA;[SHOUNCA170T2XL] SHORT PLAYA CAB (Cereza, 2XL);SHOUNCA170T2XL;CAB;Cereza;2XL;La Grieta;1
2026;AGOSTO;SHORT PLAYA;[SHOUNCA187TM] SHORT PLAYA CAB (Azul Pizarra, M);SHOUNCA187TM;CAB;Azul Pizarra;M;La Grieta;1
2026;AGOSTO;SHORT PLAYA;[SHOUNKI50T14] SHORT PLAYA KIDS (Rojo, 14);SHOUNKI50T14;KIDS;Rojo;14;Sambil Chacao ;1
2026;AGOSTO;SHORT PLAYA;[SHOUNKI29T12] SHORT PLAYA KIDS (Gris Azulado, 12);SHOUNKI29T12;KIDS;Gris Azulado;12;Sambil Chacao ;1
2026;AGOSTO;SHORT PLAYA;[SHOUNCA187T2XL] SHORT PLAYA CAB (Azul Pizarra, 2XL);SHOUNCA187T2XL;CAB;Azul Pizarra;2XL;La Vela;1
2026;AGOSTO;SHORT PLAYA;[SHOUNCA38TL] SHORT PLAYA CAB (Marron, L);SHOUNCA38TL;CAB;Marron;L;La Vela;1
2026;AGOSTO;SHORT PLAYA;[SHOUNCA170TL] SHORT PLAYA CAB (Cereza, L);SHOUNCA170TL;CAB;Cereza;L;La Vela;1
2026;AGOSTO;SHORT PLAYA ESTAMPADO;[SHOSUCA153TS] SHORT PLAYA ESTAMPADO CAB (SAL, S);SHOSUCA153TS;CAB;SAL;S;Cerro Verde ;1
2026;AGOSTO;SHORT PLAYA;[SHOUNKI12T8] SHORT PLAYA KIDS (Azul Marino, 8);SHOUNKI12T8;KIDS;Azul Marino;8;Cerro Verde ;1
2026;AGOSTO;SHORT PLAYA;[SHOUNCA69TL] SHORT PLAYA CAB (Verde Pino, L);SHOUNCA69TL;CAB;Verde Pino;L;La Vela;1
2026;AGOSTO;SHORT PLAYA;[SHOUNCA38TM] SHORT PLAYA CAB (Marron, M);SHOUNCA38TM;CAB;Marron;M;La Vela;1
2026;AGOSTO;SHORT PLAYA ESTAMPADO;[SHOSUCA156TXL] SHORT PLAYA ESTAMPADO CAB (TUCUPIDO, XL);SHOSUCA156TXL;CAB;TUCUPIDO;XL;Tolon;1
2026;AGOSTO;SHORT PLAYA ESTAMPADO;[SHOSUKI154T10] SHORT PLAYA ESTAMPADO KIDS (SOMBRERO, 10);SHOSUKI154T10;KIDS;SOMBRERO;10;Cerro Verde ;1
2026;AGOSTO;SHORT PLAYA ESTAMPADO;[SHOSUKI156T10] SHORT PLAYA ESTAMPADO KIDS (TUCUPIDO, 10);SHOSUKI156T10;KIDS;TUCUPIDO;10;Cerro Verde ;1
2026;AGOSTO;SHORT PLAYA ESTAMPADO;[SHOSUCA154TXL] SHORT PLAYA ESTAMPADO CAB (SOMBRERO, XL);SHOSUCA154TXL;CAB;SOMBRERO;XL;La Grieta;1
2026;AGOSTO;SHORT PLAYA;[SHOUNKI50T6] SHORT PLAYA KIDS (Rojo, 6);SHOUNKI50T6;KIDS;Rojo;6;Grandplaz ;1
2026;AGOSTO;SHORT PLAYA;[SHOUNCA170T3XL] SHORT PLAYA CAB (Cereza, 3XL);SHOUNCA170T3XL;CAB;Cereza;3XL;Sambil Valencia;1
2026;AGOSTO;SHORT PLAYA ESTAMPADO;[SHOSUKI153T6] SHORT PLAYA ESTAMPADO KIDS (SAL, 6);SHOSUKI153T6;KIDS;SAL;6;Sambil Valencia;1
2026;AGOSTO;SHORT PLAYA;[SHOUNKI50T14] SHORT PLAYA KIDS (Rojo, 14);SHOUNKI50T14;KIDS;Rojo;14;Sambil Chacao ;1
2026;AGOSTO;SHORT PLAYA ESTAMPADO;[SHOSUKI156T14] SHORT PLAYA ESTAMPADO KIDS (TUCUPIDO, 14);SHOSUKI156T14;KIDS;TUCUPIDO;14;Sambil Chacao ;1
2026;AGOSTO;SHORT PLAYA ESTAMPADO;[SHOSUCA153TL] SHORT PLAYA ESTAMPADO CAB (SAL, L);SHOSUCA153TL;CAB;SAL;L;La Vela;1
2026;AGOSTO;SHORT PLAYA ESTAMPADO;[SHOSUKI154T12] SHORT PLAYA ESTAMPADO KIDS (SOMBRERO, 12);SHOSUKI154T12;KIDS;SOMBRERO;12;Sambil Valencia;1
2026;AGOSTO;SHORT PLAYA ESTAMPADO;[SHOSUKI153T12] SHORT PLAYA ESTAMPADO KIDS (SAL, 12);SHOSUKI153T12;KIDS;SAL;12;Sambil Valencia;1
2026;AGOSTO;SHORT PLAYA ESTAMPADO;[SHOSUCA156TXL] SHORT PLAYA ESTAMPADO CAB (TUCUPIDO, XL);SHOSUCA156TXL;CAB;TUCUPIDO;XL;La Vela;1
2026;AGOSTO;SHORT PLAYA ESTAMPADO;[SHOSUCA155TL] SHORT PLAYA ESTAMPADO CAB (PLAYUELA, L);SHOSUCA155TL;CAB;PLAYUELA;L;La Vela;-1
2026;AGOSTO;SHORT PLAYA ESTAMPADO;[SHOSUCA153TM] SHORT PLAYA ESTAMPADO CAB (SAL, M);SHOSUCA153TM;CAB;SAL;M;La Vela;1
2026;AGOSTO;SHORT PLAYA ESTAMPADO;[SHOSUCA153TL] SHORT PLAYA ESTAMPADO CAB (SAL, L);SHOSUCA153TL;CAB;SAL;L;La Grieta;1
2026;AGOSTO;SHORT PLAYA ESTAMPADO;[SHOSUKI153T4] SHORT PLAYA ESTAMPADO KIDS (SAL, 4);SHOSUKI153T4;KIDS;SAL;4;La Grieta;1
2026;AGOSTO;SHORT PLAYA ESTAMPADO;[SHOSUKI153T6] SHORT PLAYA ESTAMPADO KIDS (SAL, 6);SHOSUKI153T6;KIDS;SAL;6;Sambil Valencia;1
2026;AGOSTO;SHORT PLAYA ESTAMPADO;[SHOSUCA153TS] SHORT PLAYA ESTAMPADO CAB (SAL, S);SHOSUCA153TS;CAB;SAL;S;Sambil Valencia;1
2026;AGOSTO;SHORT PLAYA ESTAMPADO;[SHOSUKI153T1] SHORT PLAYA ESTAMPADO KIDS (SAL, 1);SHOSUKI153T1;KIDS;SAL;1;Sambil Valencia;1
2026;AGOSTO;SHORT PLAYA;[SHOUNCA170TXL] SHORT PLAYA CAB (Cereza, XL);SHOUNCA170TXL;CAB;Cereza;XL;Sambil Valencia;1
2026;AGOSTO;SHORT PLAYA;[SHOUNCA69TM] SHORT PLAYA CAB (Verde Pino, M);SHOUNCA69TM;CAB;Verde Pino;M;La Vela;1
2026;AGOSTO;SHORT PLAYA ESTAMPADO;[SHOSUKI153T12] SHORT PLAYA ESTAMPADO KIDS (SAL, 12);SHOSUKI153T12;KIDS;SAL;12;Sambil Chacao ;1
2026;AGOSTO;SHORT PLAYA;[SHOUNKI68T14] SHORT PLAYA KIDS (Verde Oliva, 14);SHOUNKI68T14;KIDS;Verde Oliva;14;Sambil Chacao ;1
2026;AGOSTO;SHORT PLAYA;[SHOUNKI33T12] SHORT PLAYA KIDS (Kaki, 12);SHOUNKI33T12;KIDS;Kaki;12;Sambil Chacao ;1
2026;AGOSTO;SHORT PLAYA;[SHOUNCA170TM] SHORT PLAYA CAB (Cereza, M);SHOUNCA170TM;CAB;Cereza;M;Cerro Verde ;1
2026;AGOSTO;SHORT PLAYA;[SHOUNCA69T2XL] SHORT PLAYA CAB (Verde Pino, 2XL);SHOUNCA69T2XL;CAB;Verde Pino;2XL;Sambil Valencia;1
2026;AGOSTO;SHORT PLAYA;[SHOUNCA69TS] SHORT PLAYA CAB (Verde Pino, S);SHOUNCA69TS;CAB;Verde Pino;S;Sambil Valencia;1
2026;AGOSTO;SHORT PLAYA ESTAMPADO;[SHOSUCA156TS] SHORT PLAYA ESTAMPADO CAB (TUCUPIDO, S);SHOSUCA156TS;CAB;TUCUPIDO;S;Sambil Valencia;1
2026;AGOSTO;SHORT PLAYA;[SHOUNCA187TXL] SHORT PLAYA CAB (Azul Pizarra, XL);SHOUNCA187TXL;CAB;Azul Pizarra;XL;La Grieta;1
2026;AGOSTO;SHORT PLAYA;[SHOUNCA38T2XL] SHORT PLAYA CAB (Marron, 2XL);SHOUNCA38T2XL;CAB;Marron;2XL;La Grieta;-1
2026;AGOSTO;SHORT PLAYA ESTAMPADO;[SHOSUCA156TL] SHORT PLAYA ESTAMPADO CAB (TUCUPIDO, L);SHOSUCA156TL;CAB;TUCUPIDO;L;La Grieta;1
2026;AGOSTO;SHORT PLAYA ESTAMPADO;[SHOSUCA155TXL] SHORT PLAYA ESTAMPADO CAB (PLAYUELA, XL);SHOSUCA155TXL;CAB;PLAYUELA;XL;Tolon;1
2026;AGOSTO;SHORT PLAYA;[SHOUNCA69TXL] SHORT PLAYA CAB (Verde Pino, XL);SHOUNCA69TXL;CAB;Verde Pino;XL;Sambil Valencia;1
2026;AGOSTO;SHORT PLAYA;[SHOUNCA187TL] SHORT PLAYA CAB (Azul Pizarra, L);SHOUNCA187TL;CAB;Azul Pizarra;L;Sambil Valencia;1
2026;AGOSTO;SHORT PLAYA;[SHOUNCA186TL] SHORT PLAYA CAB (Azul Verdoso, L);SHOUNCA186TL;CAB;Azul Verdoso;L;Sambil Valencia;1
2026;AGOSTO;SHORT PLAYA;[SHOUNKI23T12] SHORT PLAYA KIDS (Coral, 12);SHOUNKI23T12;KIDS;Coral;12;Sambil Valencia;1
2026;AGOSTO;SHORT PLAYA ESTAMPADO;[SHOSUCA153TL] SHORT PLAYA ESTAMPADO CAB (SAL, L);SHOSUCA153TL;CAB;SAL;L;La Grieta;1
2026;AGOSTO;SHORT PLAYA ESTAMPADO;[SHOSUCA153TM] SHORT PLAYA ESTAMPADO CAB (SAL, M);SHOSUCA153TM;CAB;SAL;M;La Grieta;-1
2026;AGOSTO;SHORT PLAYA;[SHOUNCA186T2XL] SHORT PLAYA CAB (Azul Verdoso, 2XL);SHOUNCA186T2XL;CAB;Azul Verdoso;2XL;Sambil Chacao ;1
2026;AGOSTO;SHORT PLAYA;[SHOUNCA170TXL] SHORT PLAYA CAB (Cereza, XL);SHOUNCA170TXL;CAB;Cereza;XL;Sambil Chacao ;1
2026;AGOSTO;SHORT PLAYA;[SHOUNKI170T2] SHORT PLAYA KIDS (Cereza, 2);SHOUNKI170T2;KIDS;Cereza;2;Sambil Chacao ;1
2026;AGOSTO;SHORT PLAYA;[SHOUNCA186TM] SHORT PLAYA CAB (Azul Verdoso, M);SHOUNCA186TM;CAB;Azul Verdoso;M;Sambil Chacao ;1
2026;AGOSTO;SHORT PLAYA;[SHOUNKI12T6] SHORT PLAYA KIDS (Azul Marino, 6);SHOUNKI12T6;KIDS;Azul Marino;6;Sambil Chacao ;1
2026;AGOSTO;SHORT PLAYA;[SHOUNKI23T12] SHORT PLAYA KIDS (Coral, 12);SHOUNKI23T12;KIDS;Coral;12;Sambil Valencia;1
2026;AGOSTO;SHORT PLAYA;[SHOUNCA69TM] SHORT PLAYA CAB (Verde Pino, M);SHOUNCA69TM;CAB;Verde Pino;M;Sambil Valencia;1
2026;AGOSTO;SHORT PLAYA ESTAMPADO;[SHOSUKI156T10] SHORT PLAYA ESTAMPADO KIDS (TUCUPIDO, 10);SHOSUKI156T10;KIDS;TUCUPIDO;10;Sambil Valencia;1
2026;AGOSTO;SHORT PLAYA ESTAMPADO;[SHOSUCA153TM] SHORT PLAYA ESTAMPADO CAB (SAL, M);SHOSUCA153TM;CAB;SAL;M;La Grieta;1
2026;AGOSTO;SHORT PLAYA;[SHOUNCA69TS] SHORT PLAYA CAB (Verde Pino, S);SHOUNCA69TS;CAB;Verde Pino;S;Cerro Verde ;1
2026;AGOSTO;SHORT PLAYA;[SHOUNCA170TS] SHORT PLAYA CAB (Cereza, S);SHOUNCA170TS;CAB;Cereza;S;Cerro Verde ;1
2026;AGOSTO;SHORT PLAYA;[SHOUNCA187TL] SHORT PLAYA CAB (Azul Pizarra, L);SHOUNCA187TL;CAB;Azul Pizarra;L;La Vela;1
2026;AGOSTO;SHORT PLAYA;[SHOUNCA38TS] SHORT PLAYA CAB (Marron, S);SHOUNCA38TS;CAB;Marron;S;La Vela;1
2026;AGOSTO;SHORT PLAYA;[SHOUNCA69TL] SHORT PLAYA CAB (Verde Pino, L);SHOUNCA69TL;CAB;Verde Pino;L;Cerro Verde ;1
2026;AGOSTO;SHORT PLAYA;[SHOUNKI12T1] SHORT PLAYA KIDS (Azul Marino, 1);SHOUNKI12T1;KIDS;Azul Marino;1;La Vela;1
2026;AGOSTO;SHORT PLAYA ESTAMPADO;[SHOSUCA155T2XL] SHORT PLAYA ESTAMPADO CAB (PLAYUELA, 2XL);SHOSUCA155T2XL;CAB;PLAYUELA;2XL;Sambil Chacao ;1
2026;AGOSTO;SHORT PLAYA;[SHOUNCA187TM] SHORT PLAYA CAB (Azul Pizarra, M);SHOUNCA187TM;CAB;Azul Pizarra;M;Cerro Verde ;1
2026;AGOSTO;SHORT PLAYA ESTAMPADO;[SHOSUCA153TS] SHORT PLAYA ESTAMPADO CAB (SAL, S);SHOSUCA153TS;CAB;SAL;S;La Grieta;1
2026;AGOSTO;SHORT PLAYA;[SHOUNCA187TL] SHORT PLAYA CAB (Azul Pizarra, L);SHOUNCA187TL;CAB;Azul Pizarra;L;La Grieta;1
2026;AGOSTO;SHORT PLAYA;[SHOUNKI12T10] SHORT PLAYA KIDS (Azul Marino, 10);SHOUNKI12T10;KIDS;Azul Marino;10;La Vela;1
2026;AGOSTO;SHORT PLAYA;[SHOUNCA186TL] SHORT PLAYA CAB (Azul Verdoso, L);SHOUNCA186TL;CAB;Azul Verdoso;L;La Vela;1
2026;AGOSTO;SHORT PLAYA;[SHOUNKI57T2] SHORT PLAYA KIDS (Terracota, 2);SHOUNKI57T2;KIDS;Terracota;2;La Grieta;1
2026;AGOSTO;SHORT PLAYA;[SHOUNCA69TM] SHORT PLAYA CAB (Verde Pino, M);SHOUNCA69TM;CAB;Verde Pino;M;Cerro Verde ;1
2026;AGOSTO;SHORT PLAYA;[SHOUNCA187TL] SHORT PLAYA CAB (Azul Pizarra, L);SHOUNCA187TL;CAB;Azul Pizarra;L;Sambil Valencia;1
2026;AGOSTO;SHORT PLAYA;[SHOUNCA38T2XL] SHORT PLAYA CAB (Marron, 2XL);SHOUNCA38T2XL;CAB;Marron;2XL;Cerro Verde ;1
2026;AGOSTO;SHORT PLAYA;[SHOUNCA186TM] SHORT PLAYA CAB (Azul Verdoso, M);SHOUNCA186TM;CAB;Azul Verdoso;M;La Vela;1
2026;AGOSTO;SHORT PLAYA ESTAMPADO;[SHOSUCA153TM] SHORT PLAYA ESTAMPADO CAB (SAL, M);SHOSUCA153TM;CAB;SAL;M;La Grieta;1
2026;AGOSTO;SHORT PLAYA ESTAMPADO;[SHOSUCA154TM] SHORT PLAYA ESTAMPADO CAB (SOMBRERO, M);SHOSUCA154TM;CAB;SOMBRERO;M;La Grieta;1
2026;AGOSTO;SHORT PLAYA;[SHOUNCA186TS] SHORT PLAYA CAB (Azul Verdoso, S);SHOUNCA186TS;CAB;Azul Verdoso;S;La Vela;1
2026;AGOSTO;SHORT PLAYA ESTAMPADO;[SHOSUCA154TXL] SHORT PLAYA ESTAMPADO CAB (SOMBRERO, XL);SHOSUCA154TXL;CAB;SOMBRERO;XL;Cerro Verde ;1
2026;AGOSTO;SHORT PLAYA ESTAMPADO;[SHOSUKI156T14] SHORT PLAYA ESTAMPADO KIDS (TUCUPIDO, 14);SHOSUKI156T14;KIDS;TUCUPIDO;14;Cerro Verde ;1
2026;AGOSTO;SHORT PLAYA;[SHOUNKI01T4] SHORT PLAYA KIDS (Aguamarina, 4);SHOUNKI01T4;KIDS;Aguamarina;4;La Grieta;1
2026;AGOSTO;SHORT PLAYA ESTAMPADO;[SHOSUKI153T14] SHORT PLAYA ESTAMPADO KIDS (SAL, 14);SHOSUKI153T14;KIDS;SAL;14;La Grieta;1
2026;AGOSTO;SHORT PLAYA ESTAMPADO;[SHOSUKI155T12] SHORT PLAYA ESTAMPADO KIDS (PLAYUELA, 12);SHOSUKI155T12;KIDS;PLAYUELA;12;La Grieta;1
2026;AGOSTO;SHORT PLAYA ESTAMPADO;[SHOSUKI155T14] SHORT PLAYA ESTAMPADO KIDS (PLAYUELA, 14);SHOSUKI155T14;KIDS;PLAYUELA;14;Cerro Verde ;1
2026;AGOSTO;SHORT PLAYA;[SHOUNKI68T10] SHORT PLAYA KIDS (Verde Oliva, 10);SHOUNKI68T10;KIDS;Verde Oliva;10;Sambil Chacao ;1
2026;AGOSTO;SHORT PLAYA ESTAMPADO;[SHOSUKI153T10] SHORT PLAYA ESTAMPADO KIDS (SAL, 10);SHOSUKI153T10;KIDS;SAL;10;Sambil Chacao ;1
2026;AGOSTO;SHORT PLAYA;[SHOUNCA170TS] SHORT PLAYA CAB (Cereza, S);SHOUNCA170TS;CAB;Cereza;S;Cerro Verde ;1
2026;AGOSTO;SHORT PLAYA;[SHOUNCA69TXL] SHORT PLAYA CAB (Verde Pino, XL);SHOUNCA69TXL;CAB;Verde Pino;XL;Sambil Chacao ;1
2026;AGOSTO;SHORT PLAYA;[SHOUNCA186TM] SHORT PLAYA CAB (Azul Verdoso, M);SHOUNCA186TM;CAB;Azul Verdoso;M;Sambil Chacao ;1
2026;AGOSTO;SHORT PLAYA;[SHOUNCA69TL] SHORT PLAYA CAB (Verde Pino, L);SHOUNCA69TL;CAB;Verde Pino;L;Cerro Verde ;1
2026;AGOSTO;SHORT PLAYA;[SHOUNCA170TL] SHORT PLAYA CAB (Cereza, L);SHOUNCA170TL;CAB;Cereza;L;Tolon;1
2026;AGOSTO;SHORT PLAYA;[SHOUNCA170T2XL] SHORT PLAYA CAB (Cereza, 2XL);SHOUNCA170T2XL;CAB;Cereza;2XL;Cerro Verde ;1
2026;AGOSTO;SHORT PLAYA ESTAMPADO;[SHOSUKI153T12] SHORT PLAYA ESTAMPADO KIDS (SAL, 12);SHOSUKI153T12;KIDS;SAL;12;Tolon;1
2026;AGOSTO;SHORT PLAYA;[SHOUNKI68T10] SHORT PLAYA KIDS (Verde Oliva, 10);SHOUNKI68T10;KIDS;Verde Oliva;10;Tolon;1
2026;AGOSTO;SHORT PLAYA;[SHOUNKI69T2] SHORT PLAYA KIDS (Verde Pino, 2);SHOUNKI69T2;KIDS;Verde Pino;2;La Vela;1
2026;AGOSTO;SHORT PLAYA;[SHOUNKI68T2] SHORT PLAYA KIDS (Verde Oliva, 2);SHOUNKI68T2;KIDS;Verde Oliva;2;La Vela;1
2026;AGOSTO;SHORT PLAYA;[SHOUNCA38TL] SHORT PLAYA CAB (Marron, L);SHOUNCA38TL;CAB;Marron;L;La Vela;1
2026;AGOSTO;SHORT PLAYA ESTAMPADO;[SHOSUKI153T12] SHORT PLAYA ESTAMPADO KIDS (SAL, 12);SHOSUKI153T12;KIDS;SAL;12;Sambil Valencia;1
2026;AGOSTO;SHORT PLAYA;[SHOUNCA69TS] SHORT PLAYA CAB (Verde Pino, S);SHOUNCA69TS;CAB;Verde Pino;S;Sambil Valencia;1
2026;AGOSTO;SHORT PLAYA;[SHOUNCA69T2XL] SHORT PLAYA CAB (Verde Pino, 2XL);SHOUNCA69T2XL;CAB;Verde Pino;2XL;Sambil Chacao ;1
2026;AGOSTO;SHORT PLAYA;[SHOUNCA170TL] SHORT PLAYA CAB (Cereza, L);SHOUNCA170TL;CAB;Cereza;L;Sambil Chacao ;1
2026;AGOSTO;SHORT PLAYA;[SHOUNCA69TS] SHORT PLAYA CAB (Verde Pino, S);SHOUNCA69TS;CAB;Verde Pino;S;Sambil Chacao ;1
2026;AGOSTO;SHORT PLAYA ESTAMPADO;[SHOSUCA153TS] SHORT PLAYA ESTAMPADO CAB (SAL, S);SHOSUCA153TS;CAB;SAL;S;Sambil Chacao ;1
2026;AGOSTO;SHORT PLAYA ESTAMPADO;[SHOSUCA155TL] SHORT PLAYA ESTAMPADO CAB (PLAYUELA, L);SHOSUCA155TL;CAB;PLAYUELA;L;La Vela;1
2026;AGOSTO;SHORT PLAYA ESTAMPADO;[SHOSUKI156T14] SHORT PLAYA ESTAMPADO KIDS (TUCUPIDO, 14);SHOSUKI156T14;KIDS;TUCUPIDO;14;Cerro Verde ;1
2026;AGOSTO;SHORT PLAYA ESTAMPADO;[SHOSUCA154TM] SHORT PLAYA ESTAMPADO CAB (SOMBRERO, M);SHOSUCA154TM;CAB;SOMBRERO;M;Sambil Valencia;1
2026;AGOSTO;SHORT PLAYA;[SHOUNCA170TS] SHORT PLAYA CAB (Cereza, S);SHOUNCA170TS;CAB;Cereza;S;La Grieta;1
2026;AGOSTO;SHORT PLAYA;[SHOUNKI50T8] SHORT PLAYA KIDS (Rojo, 8);SHOUNKI50T8;KIDS;Rojo;8;Cerro Verde ;1
2026;AGOSTO;SHORT PLAYA ESTAMPADO;[SHOSUKI154T8] SHORT PLAYA ESTAMPADO KIDS (SOMBRERO, 8);SHOSUKI154T8;KIDS;SOMBRERO;8;Cerro Verde ;1
2026;AGOSTO;SHORT PLAYA ESTAMPADO;[SHOSUCA155TM] SHORT PLAYA ESTAMPADO CAB (PLAYUELA, M);SHOSUCA155TM;CAB;PLAYUELA;M;La Grieta;1
2026;AGOSTO;SHORT PLAYA ESTAMPADO;[SHOSUCA154T2XL] SHORT PLAYA ESTAMPADO CAB (SOMBRERO, 2XL);SHOSUCA154T2XL;CAB;SOMBRERO;2XL;Cerro Verde ;1
2026;AGOSTO;SHORT PLAYA;[SHOUNCA186T2XL] SHORT PLAYA CAB (Azul Verdoso, 2XL);SHOUNCA186T2XL;CAB;Azul Verdoso;2XL;Cerro Verde ;1
2026;AGOSTO;SHORT PLAYA;[SHOUNCA170T2XL] SHORT PLAYA CAB (Cereza, 2XL);SHOUNCA170T2XL;CAB;Cereza;2XL;Cerro Verde ;1
2026;AGOSTO;SHORT PLAYA;[SHOUNCA186TL] SHORT PLAYA CAB (Azul Verdoso, L);SHOUNCA186TL;CAB;Azul Verdoso;L;La Grieta;1
2026;AGOSTO;SHORT PLAYA ESTAMPADO;[SHOSUCA156TXL] SHORT PLAYA ESTAMPADO CAB (TUCUPIDO, XL);SHOSUCA156TXL;CAB;TUCUPIDO;XL;La Grieta;1
2026;AGOSTO;SHORT PLAYA ESTAMPADO;[SHOSUCA155TL] SHORT PLAYA ESTAMPADO CAB (PLAYUELA, L);SHOSUCA155TL;CAB;PLAYUELA;L;La Grieta;1
2026;JULIO;SHORT PLAYA;[SHOUNKI01T2] SHORT PLAYA KIDS (Aguamarina, 2);SHOUNKI01T2;KIDS;Aguamarina;2;Sambil Valencia;1
2026;JULIO;SHORT PLAYA;[SHOUNCA38TXL] SHORT PLAYA CAB (Marron, XL);SHOUNCA38TXL;CAB;Marron;XL;La Vela;1
2026;JULIO;SHORT PLAYA;[SHOUNCA187TM] SHORT PLAYA CAB (Azul Pizarra, M);SHOUNCA187TM;CAB;Azul Pizarra;M;Sambil Valencia;1
2026;JULIO;SHORT PLAYA ESTAMPADO;[SHOSUCA154TL] SHORT PLAYA ESTAMPADO CAB (SOMBRERO, L);SHOSUCA154TL;CAB;SOMBRERO;L;Sambil Valencia;1
2026;JULIO;SHORT PLAYA;[SHOUNCA170TL] SHORT PLAYA CAB (Cereza, L);SHOUNCA170TL;CAB;Cereza;L;La Grieta;1
2026;JULIO;SHORT PLAYA;[SHOUNCA186TXL] SHORT PLAYA CAB (Azul Verdoso, XL);SHOUNCA186TXL;CAB;Azul Verdoso;XL;Sambil Valencia;1
2026;JULIO;SHORT PLAYA ESTAMPADO;[SHOSUCA153TL] SHORT PLAYA ESTAMPADO CAB (SAL, L);SHOSUCA153TL;CAB;SAL;L;Sambil Valencia;1
2026;JULIO;SHORT PLAYA;[SHOUNCA170TM] SHORT PLAYA CAB (Cereza, M);SHOUNCA170TM;CAB;Cereza;M;La Vela;1
2026;JULIO;SHORT PLAYA;[SHOUNCA187TM] SHORT PLAYA CAB (Azul Pizarra, M);SHOUNCA187TM;CAB;Azul Pizarra;M;Cerro Verde ;1
2026;JULIO;SHORT PLAYA;[SHOUNCA69TXL] SHORT PLAYA CAB (Verde Pino, XL);SHOUNCA69TXL;CAB;Verde Pino;XL;Cerro Verde ;1
2026;JULIO;SHORT PLAYA;[SHOUNKI29T10] SHORT PLAYA KIDS (Gris Azulado, 10);SHOUNKI29T10;KIDS;Gris Azulado;10;Tolon;1
2026;JULIO;SHORT PLAYA ESTAMPADO;[SHOSUCA155TS] SHORT PLAYA ESTAMPADO CAB (PLAYUELA, S);SHOSUCA155TS;CAB;PLAYUELA;S;La Grieta;1
2026;JULIO;SHORT PLAYA ESTAMPADO;[SHOSUKI153T14] SHORT PLAYA ESTAMPADO KIDS (SAL, 14);SHOSUKI153T14;KIDS;SAL;14;Tolon;1
2026;JULIO;SHORT PLAYA;[SHOUNCA38TL] SHORT PLAYA CAB (Marron, L);SHOUNCA38TL;CAB;Marron;L;La Grieta;1
2026;JULIO;SHORT PLAYA;[SHOUNCA170TL] SHORT PLAYA CAB (Cereza, L);SHOUNCA170TL;CAB;Cereza;L;La Grieta;1
2026;JULIO;SHORT PLAYA;[SHOUNKI29T1] SHORT PLAYA KIDS (Gris Azulado, 1);SHOUNKI29T1;KIDS;Gris Azulado;1;La Grieta;1
2026;JULIO;SHORT PLAYA;[SHOUNCA186TM] SHORT PLAYA CAB (Azul Verdoso, M);SHOUNCA186TM;CAB;Azul Verdoso;M;Sambil Chacao ;1
2026;JULIO;SHORT PLAYA ESTAMPADO;[SHOSUCA153TL] SHORT PLAYA ESTAMPADO CAB (SAL, L);SHOSUCA153TL;CAB;SAL;L;La Vela;1
2026;JULIO;SHORT PLAYA;[SHOUNCA187TXL] SHORT PLAYA CAB (Azul Pizarra, XL);SHOUNCA187TXL;CAB;Azul Pizarra;XL;Cerro Verde ;1
2026;JULIO;SHORT PLAYA;[SHOUNKI13T8] SHORT PLAYA KIDS (Azul Rey, 8);SHOUNKI13T8;KIDS;Azul Rey;8;La Vela;1
2026;JULIO;SHORT PLAYA;[SHOUNKI13T4] SHORT PLAYA KIDS (Azul Rey, 4);SHOUNKI13T4;KIDS;Azul Rey;4;La Vela;1
2026;JULIO;SHORT PLAYA;[SHOUNKI50T6] SHORT PLAYA KIDS (Rojo, 6);SHOUNKI50T6;KIDS;Rojo;6;La Vela;1
2026;JULIO;SHORT PLAYA;[SHOUNKI01T6] SHORT PLAYA KIDS (Aguamarina, 6);SHOUNKI01T6;KIDS;Aguamarina;6;La Vela;1
2026;JULIO;SHORT PLAYA;[SHOUNKI186T6] SHORT PLAYA KIDS (Azul Verdoso, 6);SHOUNKI186T6;KIDS;Azul Verdoso;6;La Vela;1
2026;JULIO;SHORT PLAYA;[SHOUNCA38T2XL] SHORT PLAYA CAB (Marron, 2XL);SHOUNCA38T2XL;CAB;Marron;2XL;Sambil Chacao ;1
2026;JULIO;SHORT PLAYA ESTAMPADO;[SHOSUKI156T12] SHORT PLAYA ESTAMPADO KIDS (TUCUPIDO, 12);SHOSUKI156T12;KIDS;TUCUPIDO;12;Tolon;1
2026;JULIO;SHORT PLAYA;[SHOUNCA38TS] SHORT PLAYA CAB (Marron, S);SHOUNCA38TS;CAB;Marron;S;Sambil Valencia;1
2026;JULIO;SHORT PLAYA;[SHOUNCA38TS] SHORT PLAYA CAB (Marron, S);SHOUNCA38TS;CAB;Marron;S;Sambil Valencia;-1
2026;JULIO;SHORT PLAYA ESTAMPADO;[SHOSUCA155TM] SHORT PLAYA ESTAMPADO CAB (PLAYUELA, M);SHOSUCA155TM;CAB;PLAYUELA;M;Sambil Valencia;1
2026;JULIO;SHORT PLAYA ESTAMPADO;[SHOSUCA156TL] SHORT PLAYA ESTAMPADO CAB (TUCUPIDO, L);SHOSUCA156TL;CAB;TUCUPIDO;L;Sambil Valencia;1
2026;JULIO;SHORT PLAYA ESTAMPADO;[SHOSUCA155TM] SHORT PLAYA ESTAMPADO CAB (PLAYUELA, M);SHOSUCA155TM;CAB;PLAYUELA;M;Sambil Valencia;-1
2026;JULIO;SHORT PLAYA ESTAMPADO;[SHOSUCA156TL] SHORT PLAYA ESTAMPADO CAB (TUCUPIDO, L);SHOSUCA156TL;CAB;TUCUPIDO;L;Sambil Valencia;-1
2026;JULIO;SHORT PLAYA;[SHOUNCA38TS] SHORT PLAYA CAB (Marron, S);SHOUNCA38TS;CAB;Marron;S;Sambil Valencia;1
2026;JULIO;SHORT PLAYA;[SHOUNKI12T8] SHORT PLAYA KIDS (Azul Marino, 8);SHOUNKI12T8;KIDS;Azul Marino;8;La Grieta;1
2026;JULIO;SHORT PLAYA ESTAMPADO;[SHOSUKI153T12] SHORT PLAYA ESTAMPADO KIDS (SAL, 12);SHOSUKI153T12;KIDS;SAL;12;Cerro Verde ;1
2026;JULIO;SHORT PLAYA;[SHOUNKI186T12] SHORT PLAYA KIDS (Azul Verdoso, 12);SHOUNKI186T12;KIDS;Azul Verdoso;12;Tolon;1
2026;JULIO;SHORT PLAYA;[SHOUNKI69T12] SHORT PLAYA KIDS (Verde Pino, 12);SHOUNKI69T12;KIDS;Verde Pino;12;Tolon;-1
2026;JULIO;SHORT PLAYA;[SHOUNKI69T12] SHORT PLAYA KIDS (Verde Pino, 12);SHOUNKI69T12;KIDS;Verde Pino;12;Tolon;1
2026;JULIO;SHORT PLAYA ESTAMPADO;[SHOSUCA156TL] SHORT PLAYA ESTAMPADO CAB (TUCUPIDO, L);SHOSUCA156TL;CAB;TUCUPIDO;L;Sambil Valencia;1
2026;JULIO;SHORT PLAYA ESTAMPADO;[SHOSUCA155TM] SHORT PLAYA ESTAMPADO CAB (PLAYUELA, M);SHOSUCA155TM;CAB;PLAYUELA;M;Sambil Valencia;1
2026;JULIO;SHORT PLAYA;[SHOUNCA38TM] SHORT PLAYA CAB (Marron, M);SHOUNCA38TM;CAB;Marron;M;La Vela;1
2026;JULIO;SHORT PLAYA;[SHOUNCA186T2XL] SHORT PLAYA CAB (Azul Verdoso, 2XL);SHOUNCA186T2XL;CAB;Azul Verdoso;2XL;Sambil Chacao ;1
2026;JULIO;SHORT PLAYA ESTAMPADO;[SHOSUCA153TM] SHORT PLAYA ESTAMPADO CAB (SAL, M);SHOSUCA153TM;CAB;SAL;M;Sambil Chacao ;1
2026;JULIO;SHORT PLAYA ESTAMPADO;[SHOSUCA153TS] SHORT PLAYA ESTAMPADO CAB (SAL, S);SHOSUCA153TS;CAB;SAL;S;Sambil Chacao ;-1
2026;JULIO;SHORT PLAYA;[SHOUNCA170T2XL] SHORT PLAYA CAB (Cereza, 2XL);SHOUNCA170T2XL;CAB;Cereza;2XL;Grandplaz ;1
2026;JULIO;SHORT PLAYA ESTAMPADO;[SHOSUCA153TS] SHORT PLAYA ESTAMPADO CAB (SAL, S);SHOSUCA153TS;CAB;SAL;S;La Grieta;1
2026;JULIO;SHORT PLAYA;[SHOUNKI57T2] SHORT PLAYA KIDS (Terracota, 2);SHOUNKI57T2;KIDS;Terracota;2;La Grieta;1
2026;JULIO;SHORT PLAYA;[SHOUNCA170TS] SHORT PLAYA CAB (Cereza, S);SHOUNCA170TS;CAB;Cereza;S;Sambil Valencia;1
2026;JULIO;SHORT PLAYA;[SHOUNCA170TXL] SHORT PLAYA CAB (Cereza, XL);SHOUNCA170TXL;CAB;Cereza;XL;Sambil Chacao ;1
2026;JULIO;SHORT PLAYA;[SHOUNCA187TXL] SHORT PLAYA CAB (Azul Pizarra, XL);SHOUNCA187TXL;CAB;Azul Pizarra;XL;Sambil Valencia;1
2026;JULIO;SHORT PLAYA ESTAMPADO;[SHOSUKI153T2] SHORT PLAYA ESTAMPADO KIDS (SAL, 2);SHOSUKI153T2;KIDS;SAL;2;La Grieta;1
2026;JULIO;SHORT PLAYA ESTAMPADO;[SHOSUCA156TS] SHORT PLAYA ESTAMPADO CAB (TUCUPIDO, S);SHOSUCA156TS;CAB;TUCUPIDO;S;Sambil Valencia;1
2026;JULIO;SHORT PLAYA;[SHOUNCA38TM] SHORT PLAYA CAB (Marron, M);SHOUNCA38TM;CAB;Marron;M;Cerro Verde ;1
2026;JULIO;SHORT PLAYA ESTAMPADO;[SHOSUKI156T10] SHORT PLAYA ESTAMPADO KIDS (TUCUPIDO, 10);SHOSUKI156T10;KIDS;TUCUPIDO;10;Sambil Valencia;1
2026;JULIO;SHORT PLAYA;[SHOUNCA38T2XL] SHORT PLAYA CAB (Marron, 2XL);SHOUNCA38T2XL;CAB;Marron;2XL;La Grieta;1
2026;JULIO;SHORT PLAYA;[SHOUNCA38TL] SHORT PLAYA CAB (Marron, L);SHOUNCA38TL;CAB;Marron;L;Grandplaz ;1
2026;JULIO;SHORT PLAYA ESTAMPADO;[SHOSUCA155TM] SHORT PLAYA ESTAMPADO CAB (PLAYUELA, M);SHOSUCA155TM;CAB;PLAYUELA;M;Sambil Chacao ;1
2026;JULIO;SHORT PLAYA ESTAMPADO;[SHOSUCA154TL] SHORT PLAYA ESTAMPADO CAB (SOMBRERO, L);SHOSUCA154TL;CAB;SOMBRERO;L;Sambil Chacao ;1
2026;JULIO;SHORT PLAYA ESTAMPADO;[SHOSUCA155TM] SHORT PLAYA ESTAMPADO CAB (PLAYUELA, M);SHOSUCA155TM;CAB;PLAYUELA;M;Sambil Chacao ;-1
2026;JULIO;SHORT PLAYA ESTAMPADO;[SHOSUCA154TM] SHORT PLAYA ESTAMPADO CAB (SOMBRERO, M);SHOSUCA154TM;CAB;SOMBRERO;M;Sambil Chacao ;1
2026;JULIO;SHORT PLAYA;[SHOUNCA186TM] SHORT PLAYA CAB (Azul Verdoso, M);SHOUNCA186TM;CAB;Azul Verdoso;M;Sambil Chacao ;-1
2026;JULIO;SHORT PLAYA;[SHOUNKI186T12] SHORT PLAYA KIDS (Azul Verdoso, 12);SHOUNKI186T12;KIDS;Azul Verdoso;12;La Vela;1
2026;JULIO;SHORT PLAYA;[SHOUNKI186T4] SHORT PLAYA KIDS (Azul Verdoso, 4);SHOUNKI186T4;KIDS;Azul Verdoso;4;La Vela;1
2026;JULIO;SHORT PLAYA ESTAMPADO;[SHOSUKI153T2] SHORT PLAYA ESTAMPADO KIDS (SAL, 2);SHOSUKI153T2;KIDS;SAL;2;La Grieta;1
2026;JULIO;SHORT PLAYA;[SHOUNKI57T6] SHORT PLAYA KIDS (Terracota, 6);SHOUNKI57T6;KIDS;Terracota;6;Sambil Valencia;1
2026;JULIO;SHORT PLAYA;[SHOUNCA187TM] SHORT PLAYA CAB (Azul Pizarra, M);SHOUNCA187TM;CAB;Azul Pizarra;M;La Vela;1
2026;JULIO;SHORT PLAYA ESTAMPADO;[SHOSUCA154TM] SHORT PLAYA ESTAMPADO CAB (SOMBRERO, M);SHOSUCA154TM;CAB;SOMBRERO;M;Sambil Chacao ;1
2026;JULIO;SHORT PLAYA ESTAMPADO;[SHOSUCA153TM] SHORT PLAYA ESTAMPADO CAB (SAL, M);SHOSUCA153TM;CAB;SAL;M;Sambil Chacao ;1
2026;JULIO;SHORT PLAYA ESTAMPADO;[SHOSUCA156TM] SHORT PLAYA ESTAMPADO CAB (TUCUPIDO, M);SHOSUCA156TM;CAB;TUCUPIDO;M;Sambil Chacao ;1
2026;JULIO;SHORT PLAYA;[SHOUNCA187TM] SHORT PLAYA CAB (Azul Pizarra, M);SHOUNCA187TM;CAB;Azul Pizarra;M;La Grieta;1
2026;JULIO;SHORT PLAYA;[SHOUNCA68TS] SHORT PLAYA CAB (Verde Oliva, S);SHOUNCA68TS;CAB;Verde Oliva;S;Pedidos;1
2026;JULIO;SHORT PLAYA;[SHOUNCA12TL] SHORT PLAYA CAB (Azul Marino, L);SHOUNCA12TL;CAB;Azul Marino;L;Pedidos;1
2026;JULIO;SHORT PLAYA;[SHOUNKI68T12] SHORT PLAYA KIDS (Verde Oliva, 12);SHOUNKI68T12;KIDS;Verde Oliva;12;Pedidos;1
2026;JULIO;SHORT PLAYA;[SHOUNCA12TS] SHORT PLAYA CAB (Azul Marino, S);SHOUNCA12TS;CAB;Azul Marino;S;Pedidos;1
2026;JULIO;SHORT PLAYA;[SHOUNCA68TL] SHORT PLAYA CAB (Verde Oliva, L);SHOUNCA68TL;CAB;Verde Oliva;L;Pedidos;1
2026;JULIO;SHORT PLAYA;[SHOUNKI12T12] SHORT PLAYA KIDS (Azul Marino, 12);SHOUNKI12T12;KIDS;Azul Marino;12;Pedidos;1
2026;JULIO;SHORT PLAYA;[SHOUNCA38TXL] SHORT PLAYA CAB (Marron, XL);SHOUNCA38TXL;CAB;Marron;XL;La Grieta;1
2026;JULIO;SHORT PLAYA ESTAMPADO;[SHOSUKI155T12] SHORT PLAYA ESTAMPADO KIDS (PLAYUELA, 12);SHOSUKI155T12;KIDS;PLAYUELA;12;Sambil Valencia;1
2026;JULIO;SHORT PLAYA ESTAMPADO;[SHOSUKI154T12] SHORT PLAYA ESTAMPADO KIDS (SOMBRERO, 12);SHOSUKI154T12;KIDS;SOMBRERO;12;Sambil Valencia;1
2026;JULIO;SHORT PLAYA;[SHOUNKI01T6] SHORT PLAYA KIDS (Aguamarina, 6);SHOUNKI01T6;KIDS;Aguamarina;6;La Grieta;1
2026;JULIO;SHORT PLAYA;[SHOUNKI33T8] SHORT PLAYA KIDS (Kaki, 8);SHOUNKI33T8;KIDS;Kaki;8;La Grieta;1
2026;JULIO;SHORT PLAYA ESTAMPADO;[SHOSUKI155T12] SHORT PLAYA ESTAMPADO KIDS (PLAYUELA, 12);SHOSUKI155T12;KIDS;PLAYUELA;12;Sambil Chacao ;1
2026;JULIO;SHORT PLAYA ESTAMPADO;[SHOSUKI153T12] SHORT PLAYA ESTAMPADO KIDS (SAL, 12);SHOSUKI153T12;KIDS;SAL;12;Sambil Chacao ;1
2026;JULIO;SHORT PLAYA;[SHOUNKI23T4] SHORT PLAYA KIDS (Coral, 4);SHOUNKI23T4;KIDS;Coral;4;Tolon;1
2026;JULIO;SHORT PLAYA;[SHOUNKI29T6] SHORT PLAYA KIDS (Gris Azulado, 6);SHOUNKI29T6;KIDS;Gris Azulado;6;Tolon;1
2026;JULIO;SHORT PLAYA ESTAMPADO;[SHOSUKI36T1] SHORT PLAYA ESTAMPADO KIDS (MAKO, 1);SHOSUKI36T1;KIDS;MAKO;1;La Vela;1
2026;JULIO;SHORT PLAYA;[SHOUNCA38TM] SHORT PLAYA CAB (Marron, M);SHOUNCA38TM;CAB;Marron;M;Cerro Verde ;1
2026;JULIO;SHORT PLAYA ESTAMPADO;[SHOSUCA156TXL] SHORT PLAYA ESTAMPADO CAB (TUCUPIDO, XL);SHOSUCA156TXL;CAB;TUCUPIDO;XL;Sambil Valencia;1
2026;JULIO;SHORT PLAYA;[SHOUNKI68T10] SHORT PLAYA KIDS (Verde Oliva, 10);SHOUNKI68T10;KIDS;Verde Oliva;10;La Grieta;1
2026;JULIO;SHORT PLAYA ESTAMPADO;[SHOSUCA156TXL] SHORT PLAYA ESTAMPADO CAB (TUCUPIDO, XL);SHOSUCA156TXL;CAB;TUCUPIDO;XL;La Vela;1
2026;JULIO;SHORT PLAYA ESTAMPADO;[SHOSUCA153TS] SHORT PLAYA ESTAMPADO CAB (SAL, S);SHOSUCA153TS;CAB;SAL;S;Sambil Chacao ;1
2026;JULIO;SHORT PLAYA ESTAMPADO;[SHOSUCA155TM] SHORT PLAYA ESTAMPADO CAB (PLAYUELA, M);SHOSUCA155TM;CAB;PLAYUELA;M;La Vela;1
2026;JULIO;SHORT PLAYA;[SHOUNCA69TL] SHORT PLAYA CAB (Verde Pino, L);SHOUNCA69TL;CAB;Verde Pino;L;La Vela;1
2026;JULIO;SHORT PLAYA;[SHOUNCA186TM] SHORT PLAYA CAB (Azul Verdoso, M);SHOUNCA186TM;CAB;Azul Verdoso;M;Sambil Chacao ;1
2026;JULIO;SHORT PLAYA;[SHOUNCA69TM] SHORT PLAYA CAB (Verde Pino, M);SHOUNCA69TM;CAB;Verde Pino;M;Tolon;1
2026;JULIO;SHORT PLAYA;[SHOUNCA170T2XL] SHORT PLAYA CAB (Cereza, 2XL);SHOUNCA170T2XL;CAB;Cereza;2XL;Sambil Valencia;1
2026;JULIO;SHORT PLAYA;[SHOUNCA38TL] SHORT PLAYA CAB (Marron, L);SHOUNCA38TL;CAB;Marron;L;La Grieta;1
2026;JULIO;SHORT PLAYA ESTAMPADO;[SHOSUCA153TS] SHORT PLAYA ESTAMPADO CAB (SAL, S);SHOSUCA153TS;CAB;SAL;S;La Vela;1
2026;JULIO;SHORT PLAYA;[SHOUNCA187TM] SHORT PLAYA CAB (Azul Pizarra, M);SHOUNCA187TM;CAB;Azul Pizarra;M;Sambil Valencia;1
2026;JULIO;SHORT PLAYA;[SHOUNCA170TM] SHORT PLAYA CAB (Cereza, M);SHOUNCA170TM;CAB;Cereza;M;Sambil Valencia;1
2026;JULIO;SHORT PLAYA ESTAMPADO;[SHOSUKI154T8] SHORT PLAYA ESTAMPADO KIDS (SOMBRERO, 8);SHOSUKI154T8;KIDS;SOMBRERO;8;Sambil Valencia;1
2026;JULIO;SHORT PLAYA ESTAMPADO;[SHOSUKI112T4] SHORT PLAYA ESTAMPADO KIDS (FRANCISQUI, 4);SHOSUKI112T4;KIDS;FRANCISQUI;4;La Vela;1
2026;JULIO;SHORT PLAYA ESTAMPADO;[SHOSUKI153T10] SHORT PLAYA ESTAMPADO KIDS (SAL, 10);SHOSUKI153T10;KIDS;SAL;10;La Grieta;1
2026;JULIO;SHORT PLAYA;[SHOUNCA187TS] SHORT PLAYA CAB (Azul Pizarra, S);SHOUNCA187TS;CAB;Azul Pizarra;S;Cerro Verde ;1
2026;JULIO;SHORT PLAYA;[SHOUNCA38TS] SHORT PLAYA CAB (Marron, S);SHOUNCA38TS;CAB;Marron;S;Cerro Verde ;1
2026;JULIO;SHORT PLAYA;[SHOUNCA69TXL] SHORT PLAYA CAB (Verde Pino, XL);SHOUNCA69TXL;CAB;Verde Pino;XL;Cerro Verde ;1
2026;JULIO;SHORT PLAYA;[SHOUNKI33T4] SHORT PLAYA KIDS (Kaki, 4);SHOUNKI33T4;KIDS;Kaki;4;Cerro Verde ;1
2026;JULIO;SHORT PLAYA ESTAMPADO;[SHOSUCA153TL] SHORT PLAYA ESTAMPADO CAB (SAL, L);SHOSUCA153TL;CAB;SAL;L;Sambil Chacao ;1
2026;JULIO;SHORT PLAYA;[SHOUNCA38TL] SHORT PLAYA CAB (Marron, L);SHOUNCA38TL;CAB;Marron;L;Sambil Chacao ;1
2026;JULIO;SHORT PLAYA;[SHOUNCA187TXL] SHORT PLAYA CAB (Azul Pizarra, XL);SHOUNCA187TXL;CAB;Azul Pizarra;XL;Sambil Chacao ;1
2026;JULIO;SHORT PLAYA ESTAMPADO;[SHOSUCA153TM] SHORT PLAYA ESTAMPADO CAB (SAL, M);SHOSUCA153TM;CAB;SAL;M;La Grieta;1
2026;JULIO;SHORT PLAYA;[SHOUNCA38TL] SHORT PLAYA CAB (Marron, L);SHOUNCA38TL;CAB;Marron;L;La Grieta;1
2026;JULIO;SHORT PLAYA ESTAMPADO;[SHOSUCA156TL] SHORT PLAYA ESTAMPADO CAB (TUCUPIDO, L);SHOSUCA156TL;CAB;TUCUPIDO;L;La Grieta;1
2026;JULIO;SHORT PLAYA;[SHOUNCA186TL] SHORT PLAYA CAB (Azul Verdoso, L);SHOUNCA186TL;CAB;Azul Verdoso;L;Sambil Chacao ;1
2026;JULIO;SHORT PLAYA ESTAMPADO;[SHOSUCA155TM] SHORT PLAYA ESTAMPADO CAB (PLAYUELA, M);SHOSUCA155TM;CAB;PLAYUELA;M;Cerro Verde ;1
2026;JULIO;SHORT PLAYA;[SHOUNKI68T10] SHORT PLAYA KIDS (Verde Oliva, 10);SHOUNKI68T10;KIDS;Verde Oliva;10;Cerro Verde ;1
2026;JULIO;SHORT PLAYA ESTAMPADO;[SHOSUCA155TL] SHORT PLAYA ESTAMPADO CAB (PLAYUELA, L);SHOSUCA155TL;CAB;PLAYUELA;L;La Grieta;1
2026;JULIO;SHORT PLAYA;[SHOUNCA38TM] SHORT PLAYA CAB (Marron, M);SHOUNCA38TM;CAB;Marron;M;La Vela;1
2026;JULIO;SHORT PLAYA;[SHOUNKI38T14] SHORT PLAYA KIDS (Marron, 14);SHOUNKI38T14;KIDS;Marron;14;La Vela;1
2026;JULIO;SHORT PLAYA ESTAMPADO;[SHOSUKI111T14] SHORT PLAYA ESTAMPADO KIDS (CRASQUI, 14);SHOSUKI111T14;KIDS;CRASQUI;14;La Vela;1
2026;JULIO;SHORT PLAYA ESTAMPADO;[SHOSUCA155TS] SHORT PLAYA ESTAMPADO CAB (PLAYUELA, S);SHOSUCA155TS;CAB;PLAYUELA;S;La Vela;1
2026;JULIO;SHORT PLAYA;[SHOUNKI33T12] SHORT PLAYA KIDS (Kaki, 12);SHOUNKI33T12;KIDS;Kaki;12;Sambil Chacao ;1
2026;JULIO;SHORT PLAYA;[SHOUNCA69TXL] SHORT PLAYA CAB (Verde Pino, XL);SHOUNCA69TXL;CAB;Verde Pino;XL;Sambil Valencia;1
2026;JULIO;SHORT PLAYA;[SHOUNKI57T4] SHORT PLAYA KIDS (Terracota, 4);SHOUNKI57T4;KIDS;Terracota;4;Cerro Verde ;2
2026;JULIO;SHORT PLAYA ESTAMPADO;[SHOSUCA154TL] SHORT PLAYA ESTAMPADO CAB (SOMBRERO, L);SHOSUCA154TL;CAB;SOMBRERO;L;La Grieta;1
2026;JULIO;SHORT PLAYA ESTAMPADO;[SHOSUCA154TM] SHORT PLAYA ESTAMPADO CAB (SOMBRERO, M);SHOSUCA154TM;CAB;SOMBRERO;M;La Grieta;-1
2026;JULIO;SHORT PLAYA;[SHOUNCA187TL] SHORT PLAYA CAB (Azul Pizarra, L);SHOUNCA187TL;CAB;Azul Pizarra;L;La Grieta;1
2026;JULIO;SHORT PLAYA ESTAMPADO;[SHOSUCA154TM] SHORT PLAYA ESTAMPADO CAB (SOMBRERO, M);SHOSUCA154TM;CAB;SOMBRERO;M;Sambil Valencia;1
2026;JULIO;SHORT PLAYA ESTAMPADO;[SHOSUKI156T6] SHORT PLAYA ESTAMPADO KIDS (TUCUPIDO, 6);SHOSUKI156T6;KIDS;TUCUPIDO;6;Sambil Chacao ;1
2026;JULIO;SHORT PLAYA;[SHOUNCA187TXL] SHORT PLAYA CAB (Azul Pizarra, XL);SHOUNCA187TXL;CAB;Azul Pizarra;XL;La Vela;1
2026;JULIO;SHORT PLAYA ESTAMPADO;[SHOSUKI153T6] SHORT PLAYA ESTAMPADO KIDS (SAL, 6);SHOSUKI153T6;KIDS;SAL;6;La Grieta;1
2026;JULIO;SHORT PLAYA;[SHOUNKI29T6] SHORT PLAYA KIDS (Gris Azulado, 6);SHOUNKI29T6;KIDS;Gris Azulado;6;La Grieta;1
2026;JULIO;SHORT PLAYA ESTAMPADO;[SHOSUKI156T8] SHORT PLAYA ESTAMPADO KIDS (TUCUPIDO, 8);SHOSUKI156T8;KIDS;TUCUPIDO;8;Sambil Chacao ;1
2026;JULIO;SHORT PLAYA ESTAMPADO;[SHOSUCA154TM] SHORT PLAYA ESTAMPADO CAB (SOMBRERO, M);SHOSUCA154TM;CAB;SOMBRERO;M;Sambil Chacao ;1
2026;JULIO;SHORT PLAYA ESTAMPADO;[SHOSUKI154T8] SHORT PLAYA ESTAMPADO KIDS (SOMBRERO, 8);SHOSUKI154T8;KIDS;SOMBRERO;8;Sambil Chacao ;1
2026;JULIO;SHORT PLAYA ESTAMPADO;[SHOSUCA153TL] SHORT PLAYA ESTAMPADO CAB (SAL, L);SHOSUCA153TL;CAB;SAL;L;Sambil Chacao ;1
2026;JULIO;SHORT PLAYA ESTAMPADO;[SHOSUKI154T8] SHORT PLAYA ESTAMPADO KIDS (SOMBRERO, 8);SHOSUKI154T8;KIDS;SOMBRERO;8;Sambil Valencia;1
2026;JULIO;SHORT PLAYA ESTAMPADO;[SHOSUKI154T4] SHORT PLAYA ESTAMPADO KIDS (SOMBRERO, 4);SHOSUKI154T4;KIDS;SOMBRERO;4;Sambil Valencia;1
2026;JULIO;SHORT PLAYA ESTAMPADO;[SHOSUKI153T8] SHORT PLAYA ESTAMPADO KIDS (SAL, 8);SHOSUKI153T8;KIDS;SAL;8;Sambil Valencia;1
2026;JULIO;SHORT PLAYA;[SHOUNCA187TL] SHORT PLAYA CAB (Azul Pizarra, L);SHOUNCA187TL;CAB;Azul Pizarra;L;Sambil Chacao ;1
2026;JULIO;SHORT PLAYA ESTAMPADO;[SHOSUCA153TS] SHORT PLAYA ESTAMPADO CAB (SAL, S);SHOSUCA153TS;CAB;SAL;S;Sambil Chacao ;1
2026;JULIO;SHORT PLAYA;[SHOUNCA186T2XL] SHORT PLAYA CAB (Azul Verdoso, 2XL);SHOUNCA186T2XL;CAB;Azul Verdoso;2XL;Sambil Chacao ;1
2026;JULIO;SHORT PLAYA;[SHOUNKI50T2] SHORT PLAYA KIDS (Rojo, 2);SHOUNKI50T2;KIDS;Rojo;2;La Grieta;1
2026;JULIO;SHORT PLAYA;[SHOUNCA69TL] SHORT PLAYA CAB (Verde Pino, L);SHOUNCA69TL;CAB;Verde Pino;L;La Grieta;1
2026;JULIO;SHORT PLAYA ESTAMPADO;[SHOSUCA154TM] SHORT PLAYA ESTAMPADO CAB (SOMBRERO, M);SHOSUCA154TM;CAB;SOMBRERO;M;La Grieta;1
2026;JULIO;SHORT PLAYA ESTAMPADO;[SHOSUKI155T10] SHORT PLAYA ESTAMPADO KIDS (PLAYUELA, 10);SHOSUKI155T10;KIDS;PLAYUELA;10;La Grieta;1
2026;JULIO;SHORT PLAYA ESTAMPADO;[SHOSUKI153T10] SHORT PLAYA ESTAMPADO KIDS (SAL, 10);SHOSUKI153T10;KIDS;SAL;10;La Grieta;1
2026;JULIO;SHORT PLAYA;[SHOUNCA69TXL] SHORT PLAYA CAB (Verde Pino, XL);SHOUNCA69TXL;CAB;Verde Pino;XL;Cerro Verde ;1
2026;JULIO;SHORT PLAYA ESTAMPADO;[SHOSUCA155TM] SHORT PLAYA ESTAMPADO CAB (PLAYUELA, M);SHOSUCA155TM;CAB;PLAYUELA;M;Tolon;1
2026;JULIO;SHORT PLAYA ESTAMPADO;[SHOSUCA155TS] SHORT PLAYA ESTAMPADO CAB (PLAYUELA, S);SHOSUCA155TS;CAB;PLAYUELA;S;Grandplaz ;-1
2026;JULIO;SHORT PLAYA;[SHOUNCA187TS] SHORT PLAYA CAB (Azul Pizarra, S);SHOUNCA187TS;CAB;Azul Pizarra;S;La Grieta;1
2026;JULIO;SHORT PLAYA;[SHOUNKI33T8] SHORT PLAYA KIDS (Kaki, 8);SHOUNKI33T8;KIDS;Kaki;8;La Grieta;1
2026;JULIO;SHORT PLAYA;[SHOUNCA69TM] SHORT PLAYA CAB (Verde Pino, M);SHOUNCA69TM;CAB;Verde Pino;M;Sambil Valencia;1
2026;JULIO;SHORT PLAYA;[SHOUNCA69TS] SHORT PLAYA CAB (Verde Pino, S);SHOUNCA69TS;CAB;Verde Pino;S;Sambil Valencia;1
2026;JULIO;SHORT PLAYA;[SHOUNCA187TL] SHORT PLAYA CAB (Azul Pizarra, L);SHOUNCA187TL;CAB;Azul Pizarra;L;Cerro Verde ;1
2026;JULIO;SHORT PLAYA;[SHOUNCA69TL] SHORT PLAYA CAB (Verde Pino, L);SHOUNCA69TL;CAB;Verde Pino;L;Cerro Verde ;1
2026;JULIO;SHORT PLAYA ESTAMPADO;[SHOSUKI156T14] SHORT PLAYA ESTAMPADO KIDS (TUCUPIDO, 14);SHOSUKI156T14;KIDS;TUCUPIDO;14;Sambil Valencia;1
2026;JULIO;SHORT PLAYA;[SHOUNCA170TS] SHORT PLAYA CAB (Cereza, S);SHOUNCA170TS;CAB;Cereza;S;Sambil Valencia;1
2026;JULIO;SHORT PLAYA;[SHOUNCA38TS] SHORT PLAYA CAB (Marron, S);SHOUNCA38TS;CAB;Marron;S;Sambil Chacao ;1
2026;JULIO;SHORT PLAYA ESTAMPADO;[SHOSUCA156TL] SHORT PLAYA ESTAMPADO CAB (TUCUPIDO, L);SHOSUCA156TL;CAB;TUCUPIDO;L;Sambil Chacao ;1
2026;JULIO;SHORT PLAYA ESTAMPADO;[SHOSUKI153T14] SHORT PLAYA ESTAMPADO KIDS (SAL, 14);SHOSUKI153T14;KIDS;SAL;14;La Grieta;1
2026;JULIO;SHORT PLAYA;[SHOUNCA187TM] SHORT PLAYA CAB (Azul Pizarra, M);SHOUNCA187TM;CAB;Azul Pizarra;M;Sambil Valencia;1
2026;JULIO;SHORT PLAYA;[SHOUNCA186TM] SHORT PLAYA CAB (Azul Verdoso, M);SHOUNCA186TM;CAB;Azul Verdoso;M;Tolon;1
2026;JULIO;SHORT PLAYA;[SHOUNCA187TXL] SHORT PLAYA CAB (Azul Pizarra, XL);SHOUNCA187TXL;CAB;Azul Pizarra;XL;Cerro Verde ;1
2026;JULIO;SHORT PLAYA;[SHOUNKI13T8] SHORT PLAYA KIDS (Azul Rey, 8);SHOUNKI13T8;KIDS;Azul Rey;8;Grandplaz ;1
2026;JULIO;SHORT PLAYA;[SHOUNCA38TS] SHORT PLAYA CAB (Marron, S);SHOUNCA38TS;CAB;Marron;S;La Vela;1
2026;JULIO;SHORT PLAYA;[SHOUNCA38TS] SHORT PLAYA CAB (Marron, S);SHOUNCA38TS;CAB;Marron;S;Sambil Chacao ;1
2026;JULIO;SHORT PLAYA;[SHOUNKI170T14] SHORT PLAYA KIDS (Cereza, 14);SHOUNKI170T14;KIDS;Cereza;14;La Vela;-1
2026;JULIO;SHORT PLAYA;[SHOUNCA38TXL] SHORT PLAYA CAB (Marron, XL);SHOUNCA38TXL;CAB;Marron;XL;La Grieta;1
2026;JULIO;SHORT PLAYA ESTAMPADO;[SHOSUKI153T8] SHORT PLAYA ESTAMPADO KIDS (SAL, 8);SHOSUKI153T8;KIDS;SAL;8;Sambil Chacao ;1
2026;JULIO;SHORT PLAYA;[SHOUNKI170T14] SHORT PLAYA KIDS (Cereza, 14);SHOUNKI170T14;KIDS;Cereza;14;La Vela;1
2026;JULIO;SHORT PLAYA ESTAMPADO;[SHOSUKI156T8] SHORT PLAYA ESTAMPADO KIDS (TUCUPIDO, 8);SHOSUKI156T8;KIDS;TUCUPIDO;8;La Vela;1
2026;JULIO;SHORT PLAYA ESTAMPADO;[SHOSUCA155TM] SHORT PLAYA ESTAMPADO CAB (PLAYUELA, M);SHOSUCA155TM;CAB;PLAYUELA;M;Sambil Valencia;1
2026;JULIO;SHORT PLAYA ESTAMPADO;[SHOSUKI153T14] SHORT PLAYA ESTAMPADO KIDS (SAL, 14);SHOSUKI153T14;KIDS;SAL;14;La Grieta;-1
2026;JULIO;SHORT PLAYA;[SHOUNKI186T12] SHORT PLAYA KIDS (Azul Verdoso, 12);SHOUNKI186T12;KIDS;Azul Verdoso;12;La Vela;1
2026;JULIO;SHORT PLAYA ESTAMPADO;[SHOSUCA153TM] SHORT PLAYA ESTAMPADO CAB (SAL, M);SHOSUCA153TM;CAB;SAL;M;La Grieta;1
2026;JULIO;SHORT PLAYA ESTAMPADO;[SHOSUKI156T2] SHORT PLAYA ESTAMPADO KIDS (TUCUPIDO, 2);SHOSUKI156T2;KIDS;TUCUPIDO;2;La Grieta;1
2026;JULIO;SHORT PLAYA;[SHOUNKI68T2] SHORT PLAYA KIDS (Verde Oliva, 2);SHOUNKI68T2;KIDS;Verde Oliva;2;La Grieta;1
2026;JULIO;SHORT PLAYA ESTAMPADO;[SHOSUCA156TL] SHORT PLAYA ESTAMPADO CAB (TUCUPIDO, L);SHOSUCA156TL;CAB;TUCUPIDO;L;La Grieta;1
2026;JULIO;SHORT PLAYA ESTAMPADO;[SHOSUCA153TS] SHORT PLAYA ESTAMPADO CAB (SAL, S);SHOSUCA153TS;CAB;SAL;S;La Grieta;1
2026;JULIO;SHORT PLAYA;[SHOUNCA170TS] SHORT PLAYA CAB (Cereza, S);SHOUNCA170TS;CAB;Cereza;S;La Grieta;1
2026;JULIO;SHORT PLAYA;[SHOUNKI01T10] SHORT PLAYA KIDS (Aguamarina, 10);SHOUNKI01T10;KIDS;Aguamarina;10;Cerro Verde ;1
2026;JULIO;SHORT PLAYA;[SHOUNKI29T10] SHORT PLAYA KIDS (Gris Azulado, 10);SHOUNKI29T10;KIDS;Gris Azulado;10;Cerro Verde ;1
2026;JULIO;SHORT PLAYA;[SHOUNKI57T10] SHORT PLAYA KIDS (Terracota, 10);SHOUNKI57T10;KIDS;Terracota;10;Cerro Verde ;1
2026;JULIO;SHORT PLAYA;[SHOUNCA186TL] SHORT PLAYA CAB (Azul Verdoso, L);SHOUNCA186TL;CAB;Azul Verdoso;L;Sambil Chacao ;1
2026;JULIO;SHORT PLAYA;[SHOUNKI50T4] SHORT PLAYA KIDS (Rojo, 4);SHOUNKI50T4;KIDS;Rojo;4;Sambil Valencia;1
2026;JULIO;SHORT PLAYA ESTAMPADO;[SHOSUKI154T2] SHORT PLAYA ESTAMPADO KIDS (SOMBRERO, 2);SHOSUKI154T2;KIDS;SOMBRERO;2;Cerro Verde ;1
2026;JULIO;SHORT PLAYA ESTAMPADO;[SHOSUKI153T10] SHORT PLAYA ESTAMPADO KIDS (SAL, 10);SHOSUKI153T10;KIDS;SAL;10;Sambil Valencia;1
2026;JULIO;SHORT PLAYA;[SHOUNKI50T2] SHORT PLAYA KIDS (Rojo, 2);SHOUNKI50T2;KIDS;Rojo;2;Cerro Verde ;1
2026;JULIO;SHORT PLAYA;[SHOUNCA186TM] SHORT PLAYA CAB (Azul Verdoso, M);SHOUNCA186TM;CAB;Azul Verdoso;M;La Vela;1
2026;JULIO;SHORT PLAYA;[SHOUNKI01T14] SHORT PLAYA KIDS (Aguamarina, 14);SHOUNKI01T14;KIDS;Aguamarina;14;La Vela;1
2026;JULIO;SHORT PLAYA;[SHOUNKI50T8] SHORT PLAYA KIDS (Rojo, 8);SHOUNKI50T8;KIDS;Rojo;8;La Vela;1
2026;JULIO;SHORT PLAYA ESTAMPADO;[SHOSUCA153TM] SHORT PLAYA ESTAMPADO CAB (SAL, M);SHOSUCA153TM;CAB;SAL;M;Sambil Valencia;1
2026;JULIO;SHORT PLAYA ESTAMPADO;[SHOSUCA156TXL] SHORT PLAYA ESTAMPADO CAB (TUCUPIDO, XL);SHOSUCA156TXL;CAB;TUCUPIDO;XL;Sambil Chacao ;1
2026;JULIO;SHORT PLAYA;[SHOUNKI12T10] SHORT PLAYA KIDS (Azul Marino, 10);SHOUNKI12T10;KIDS;Azul Marino;10;La Grieta;1
2026;JULIO;SHORT PLAYA ESTAMPADO;[SHOSUCA155TS] SHORT PLAYA ESTAMPADO CAB (PLAYUELA, S);SHOSUCA155TS;CAB;PLAYUELA;S;Sambil Chacao ;1
2026;JULIO;SHORT PLAYA ESTAMPADO;[SHOSUKI155T12] SHORT PLAYA ESTAMPADO KIDS (PLAYUELA, 12);SHOSUKI155T12;KIDS;PLAYUELA;12;Sambil Chacao ;1
2026;JULIO;SHORT PLAYA;[SHOUNCA186TS] SHORT PLAYA CAB (Azul Verdoso, S);SHOUNCA186TS;CAB;Azul Verdoso;S;La Vela;1
2026;JULIO;SHORT PLAYA ESTAMPADO;[SHOSUCA155TXL] SHORT PLAYA ESTAMPADO CAB (PLAYUELA, XL);SHOSUCA155TXL;CAB;PLAYUELA;XL;La Grieta;1
2026;JULIO;SHORT PLAYA;[SHOUNCA170TXL] SHORT PLAYA CAB (Cereza, XL);SHOUNCA170TXL;CAB;Cereza;XL;La Vela;1
2026;JULIO;SHORT PLAYA ESTAMPADO;[SHOSUKI156T14] SHORT PLAYA ESTAMPADO KIDS (TUCUPIDO, 14);SHOSUKI156T14;KIDS;TUCUPIDO;14;La Grieta;1
2026;JULIO;SHORT PLAYA ESTAMPADO;[SHOSUCA153TL] SHORT PLAYA ESTAMPADO CAB (SAL, L);SHOSUCA153TL;CAB;SAL;L;Sambil Chacao ;1
2026;JULIO;SHORT PLAYA ESTAMPADO;[SHOSUCA155TL] SHORT PLAYA ESTAMPADO CAB (PLAYUELA, L);SHOSUCA155TL;CAB;PLAYUELA;L;Sambil Chacao ;1
2026;JULIO;SHORT PLAYA;[SHOUNCA186TL] SHORT PLAYA CAB (Azul Verdoso, L);SHOUNCA186TL;CAB;Azul Verdoso;L;La Vela;1
2026;JULIO;SHORT PLAYA;[SHOUNKI29T8] SHORT PLAYA KIDS (Gris Azulado, 8);SHOUNKI29T8;KIDS;Gris Azulado;8;La Grieta;1
2026;JULIO;SHORT PLAYA;[SHOUNCA69TS] SHORT PLAYA CAB (Verde Pino, S);SHOUNCA69TS;CAB;Verde Pino;S;La Vela;1
2026;JULIO;SHORT PLAYA ESTAMPADO;[SHOSUKI156T12] SHORT PLAYA ESTAMPADO KIDS (TUCUPIDO, 12);SHOSUKI156T12;KIDS;TUCUPIDO;12;La Grieta;1
2026;JULIO;SHORT PLAYA ESTAMPADO;[SHOSUKI156T10] SHORT PLAYA ESTAMPADO KIDS (TUCUPIDO, 10);SHOSUKI156T10;KIDS;TUCUPIDO;10;La Grieta;-1
2026;JULIO;SHORT PLAYA;[SHOUNCA38TM] SHORT PLAYA CAB (Marron, M);SHOUNCA38TM;CAB;Marron;M;Grandplaz ;1
2026;JULIO;SHORT PLAYA;[SHOUNCA69TL] SHORT PLAYA CAB (Verde Pino, L);SHOUNCA69TL;CAB;Verde Pino;L;Sambil Valencia;1
2026;JULIO;SHORT PLAYA ESTAMPADO;[SHOSUKI156T10] SHORT PLAYA ESTAMPADO KIDS (TUCUPIDO, 10);SHOSUKI156T10;KIDS;TUCUPIDO;10;Sambil Chacao ;1
2026;JULIO;SHORT PLAYA;[SHOUNKI23T10] SHORT PLAYA KIDS (Coral, 10);SHOUNKI23T10;KIDS;Coral;10;Cerro Verde ;1
2026;JULIO;SHORT PLAYA;[SHOUNCA187TL] SHORT PLAYA CAB (Azul Pizarra, L);SHOUNCA187TL;CAB;Azul Pizarra;L;La Vela;1
2026;JULIO;SHORT PLAYA ESTAMPADO;[SHOSUCA153TL] SHORT PLAYA ESTAMPADO CAB (SAL, L);SHOSUCA153TL;CAB;SAL;L;La Grieta;1
2026;JULIO;SHORT PLAYA ESTAMPADO;[SHOSUCA153TS] SHORT PLAYA ESTAMPADO CAB (SAL, S);SHOSUCA153TS;CAB;SAL;S;Sambil Valencia;1
2026;JULIO;SHORT PLAYA;[SHOUNCA187TXL] SHORT PLAYA CAB (Azul Pizarra, XL);SHOUNCA187TXL;CAB;Azul Pizarra;XL;La Vela;-1
2026;JULIO;SHORT PLAYA;[SHOUNCA170T2XL] SHORT PLAYA CAB (Cereza, 2XL);SHOUNCA170T2XL;CAB;Cereza;2XL;Sambil Chacao ;1
2026;JULIO;SHORT PLAYA;[SHOUNCA187T2XL] SHORT PLAYA CAB (Azul Pizarra, 2XL);SHOUNCA187T2XL;CAB;Azul Pizarra;2XL;Sambil Chacao ;1
2026;JULIO;SHORT PLAYA;[SHOUNCA186TXL] SHORT PLAYA CAB (Azul Verdoso, XL);SHOUNCA186TXL;CAB;Azul Verdoso;XL;La Grieta;1
2026;JULIO;SHORT PLAYA;[SHOUNKI01T1] SHORT PLAYA KIDS (Aguamarina, 1);SHOUNKI01T1;KIDS;Aguamarina;1;Grandplaz ;1
2026;JULIO;SHORT PLAYA ESTAMPADO;[SHOSUCA155TS] SHORT PLAYA ESTAMPADO CAB (PLAYUELA, S);SHOSUCA155TS;CAB;PLAYUELA;S;Grandplaz ;1
2026;JULIO;SHORT PLAYA ESTAMPADO;[SHOSUCA154TM] SHORT PLAYA ESTAMPADO CAB (SOMBRERO, M);SHOSUCA154TM;CAB;SOMBRERO;M;La Grieta;1
2026;JULIO;SHORT PLAYA;[SHOUNKI69T12] SHORT PLAYA KIDS (Verde Pino, 12);SHOUNKI69T12;KIDS;Verde Pino;12;La Vela;1
2026;JULIO;SHORT PLAYA ESTAMPADO;[SHOSUCA156TS] SHORT PLAYA ESTAMPADO CAB (TUCUPIDO, S);SHOSUCA156TS;CAB;TUCUPIDO;S;La Grieta;1
2026;JULIO;SHORT PLAYA ESTAMPADO;[SHOSUKI154T12] SHORT PLAYA ESTAMPADO KIDS (SOMBRERO, 12);SHOSUKI154T12;KIDS;SOMBRERO;12;La Grieta;1
2026;JULIO;SHORT PLAYA ESTAMPADO;[SHOSUKI153T6] SHORT PLAYA ESTAMPADO KIDS (SAL, 6);SHOSUKI153T6;KIDS;SAL;6;La Grieta;1
2026;JULIO;SHORT PLAYA ESTAMPADO;[SHOSUCA155TS] SHORT PLAYA ESTAMPADO CAB (PLAYUELA, S);SHOSUCA155TS;CAB;PLAYUELA;S;La Grieta;1
2026;JULIO;SHORT PLAYA;[SHOUNKI13T12] SHORT PLAYA KIDS (Azul Rey, 12);SHOUNKI13T12;KIDS;Azul Rey;12;La Grieta;1
2026;JULIO;SHORT PLAYA;[SHOUNKI13T10] SHORT PLAYA KIDS (Azul Rey, 10);SHOUNKI13T10;KIDS;Azul Rey;10;La Grieta;1
2026;JULIO;SHORT PLAYA;[SHOUNKI69T12] SHORT PLAYA KIDS (Verde Pino, 12);SHOUNKI69T12;KIDS;Verde Pino;12;La Vela;1
2026;JULIO;SHORT PLAYA;[SHOUNKI23T14] SHORT PLAYA KIDS (Coral, 14);SHOUNKI23T14;KIDS;Coral;14;Sambil Chacao ;1
2026;JULIO;SHORT PLAYA ESTAMPADO;[SHOSUKI153T14] SHORT PLAYA ESTAMPADO KIDS (SAL, 14);SHOSUKI153T14;KIDS;SAL;14;Sambil Chacao ;1
2026;JULIO;SHORT PLAYA;[SHOUNKI29T12] SHORT PLAYA KIDS (Gris Azulado, 12);SHOUNKI29T12;KIDS;Gris Azulado;12;Cerro Verde ;1
2026;JULIO;SHORT PLAYA;[SHOUNKI33T14] SHORT PLAYA KIDS (Kaki, 14);SHOUNKI33T14;KIDS;Kaki;14;Cerro Verde ;1
2026;JULIO;SHORT PLAYA;[SHOUNCA187TS] SHORT PLAYA CAB (Azul Pizarra, S);SHOUNCA187TS;CAB;Azul Pizarra;S;Cerro Verde ;1
2026;JULIO;SHORT PLAYA;[SHOUNCA170TM] SHORT PLAYA CAB (Cereza, M);SHOUNCA170TM;CAB;Cereza;M;La Vela;1
2026;JULIO;SHORT PLAYA ESTAMPADO;[SHOSUKI155T12] SHORT PLAYA ESTAMPADO KIDS (PLAYUELA, 12);SHOSUKI155T12;KIDS;PLAYUELA;12;Cerro Verde ;1
2026;JULIO;SHORT PLAYA;[SHOUNCA170TL] SHORT PLAYA CAB (Cereza, L);SHOUNCA170TL;CAB;Cereza;L;Sambil Valencia;1
2026;JULIO;SHORT PLAYA ESTAMPADO;[SHOSUCA154TS] SHORT PLAYA ESTAMPADO CAB (SOMBRERO, S);SHOSUCA154TS;CAB;SOMBRERO;S;Cerro Verde ;-1
2026;JULIO;SHORT PLAYA ESTAMPADO;[SHOSUKI153T12] SHORT PLAYA ESTAMPADO KIDS (SAL, 12);SHOSUKI153T12;KIDS;SAL;12;Cerro Verde ;1
2026;JULIO;SHORT PLAYA;[SHOUNCA38TL] SHORT PLAYA CAB (Marron, L);SHOUNCA38TL;CAB;Marron;L;Tolon;1
2026;JULIO;SHORT PLAYA;[SHOUNCA187TL] SHORT PLAYA CAB (Azul Pizarra, L);SHOUNCA187TL;CAB;Azul Pizarra;L;Sambil Valencia;1
2026;JULIO;SHORT PLAYA ESTAMPADO;[SHOSUKI155T12] SHORT PLAYA ESTAMPADO KIDS (PLAYUELA, 12);SHOSUKI155T12;KIDS;PLAYUELA;12;La Grieta;1
2026;JULIO;SHORT PLAYA ESTAMPADO;[SHOSUCA153TM] SHORT PLAYA ESTAMPADO CAB (SAL, M);SHOSUCA153TM;CAB;SAL;M;Sambil Valencia;1
2026;JULIO;SHORT PLAYA ESTAMPADO;[SHOSUKI23T14] SHORT PLAYA ESTAMPADO KIDS (CORAL, 14);SHOSUKI23T14;KIDS;CORAL;14;La Vela;1
2026;JULIO;SHORT PLAYA;[SHOUNCA69T2XL] SHORT PLAYA CAB (Verde Pino, 2XL);SHOUNCA69T2XL;CAB;Verde Pino;2XL;La Grieta;1
2026;JULIO;SHORT PLAYA;[SHOUNCA69TXL] SHORT PLAYA CAB (Verde Pino, XL);SHOUNCA69TXL;CAB;Verde Pino;XL;La Grieta;1
2026;JULIO;SHORT PLAYA;[SHOUNKI57T10] SHORT PLAYA KIDS (Terracota, 10);SHOUNKI57T10;KIDS;Terracota;10;La Grieta;1
2026;JULIO;SHORT PLAYA ESTAMPADO;[SHOSUCA155TL] SHORT PLAYA ESTAMPADO CAB (PLAYUELA, L);SHOSUCA155TL;CAB;PLAYUELA;L;Cerro Verde ;1
