Ubicación;Producto;SKU;MODELO;GENERO;COLOR;TALLA;Cantidad en inventario
CERRO VERDE;[SHOSUCA154TS] SHORT PLAYA ESTAMPADO CAB (SOMBRERO, S);SHOSUCA154TS;SHORT PLAYA ESTAMPADO CAB;Caballero;Sombrero;S;11,00
CERRO VERDE;[SHOSUCA154TM] SHORT PLAYA ESTAMPADO CAB (SOMBRERO, M);SHOSUCA154TM;SHORT PLAYA ESTAMPADO CAB;Caballero;Sombrero;M;4,00
CERRO VERDE;[SHOSUCA154T2XL] SHORT PLAYA ESTAMPADO CAB (SOMBRERO, 2XL);SHOSUCA154T2XL;SHORT PLAYA ESTAMPADO CAB;Caballero;Sombrero;2XL;5,00
CERRO VERDE;[SHOSUCA154TXL] SHORT PLAYA ESTAMPADO CAB (SOMBRERO, XL);SHOSUCA154TXL;SHORT PLAYA ESTAMPADO CAB;Caballero;Sombrero;XL;3,00
CERRO VERDE;[SHOSUCA153TXL] SHORT PLAYA ESTAMPADO CAB (SAL, XL);SHOSUCA153TXL;SHORT PLAYA ESTAMPADO CAB;Caballero;Sal;XL;1,00
CERRO VERDE;[SHOSUCA154TL] SHORT PLAYA ESTAMPADO CAB (SOMBRERO, L);SHOSUCA154TL;SHORT PLAYA ESTAMPADO CAB;Caballero;Sombrero;L;4,00
CERRO VERDE;[SHOSUCA155TS] SHORT PLAYA ESTAMPADO CAB (PLAYUELA, S);SHOSUCA155TS;SHORT PLAYA ESTAMPADO CAB;Caballero;Playuela;S;2,00
CERRO VERDE;[SHOSUCA153TS] SHORT PLAYA ESTAMPADO CAB (SAL, S);SHOSUCA153TS;SHORT PLAYA ESTAMPADO CAB;Caballero;Sal;S;5,00
CERRO VERDE;[SHOSUCA153TM] SHORT PLAYA ESTAMPADO CAB (SAL, M);SHOSUCA153TM;SHORT PLAYA ESTAMPADO CAB;Caballero;Sal;M;4,00
CERRO VERDE;[SHOUNCA170T2XL] SHORT PLAYA CAB (Cereza, 2XL);SHOUNCA170T2XL;SHORT PLAYA CAB;Caballero;Cereza;2XL;2,00
CERRO VERDE;[SHOUNCA170TXL] SHORT PLAYA CAB (Cereza, XL);SHOUNCA170TXL;SHORT PLAYA CAB;Caballero;Cereza;XL;5,00
CERRO VERDE;[SHOUNCA38TXL] SHORT PLAYA CAB (Marron, XL);SHOUNCA38TXL;SHORT PLAYA CAB;Caballero;Marron;XL;3,00
CERRO VERDE;[SHOUNCA69TXL] SHORT PLAYA CAB (Verde Pino, XL);SHOUNCA69TXL;SHORT PLAYA CAB;Caballero;Verde Pino;XL;1,00
CERRO VERDE;[SHOUNCA187TXL] SHORT PLAYA CAB (Azul Pizarra, XL);SHOUNCA187TXL;SHORT PLAYA CAB;Caballero;Azul Pizarra;XL;1,00
CERRO VERDE;[SHOUNCA186TXL] SHORT PLAYA CAB (Azul Verdoso, XL);SHOUNCA186TXL;SHORT PLAYA CAB;Caballero;Azul Verdoso;XL;3,00
CERRO VERDE;[SHOUNCA38T2XL] SHORT PLAYA CAB (Marron, 2XL);SHOUNCA38T2XL;SHORT PLAYA CAB;Caballero;Marron;2XL;2,00
CERRO VERDE;[SHOUNCA69TL] SHORT PLAYA CAB (Verde Pino, L);SHOUNCA69TL;SHORT PLAYA CAB;Caballero;Verde Pino;L;3,00
CERRO VERDE;[SHOUNCA69TM] SHORT PLAYA CAB (Verde Pino, M);SHOUNCA69TM;SHORT PLAYA CAB;Caballero;Verde Pino;M;3,00
CERRO VERDE;[SHOUNCA187TM] SHORT PLAYA CAB (Azul Pizarra, M);SHOUNCA187TM;SHORT PLAYA CAB;Caballero;Azul Pizarra;M;1,00
CERRO VERDE;[SHOUNCA38TS] SHORT PLAYA CAB (Marron, S);SHOUNCA38TS;SHORT PLAYA CAB;Caballero;Marron;S;5,00
CERRO VERDE;[SHOUNCA38TM] SHORT PLAYA CAB (Marron, M);SHOUNCA38TM;SHORT PLAYA CAB;Caballero;Marron;M;1,00
CERRO VERDE;[SHOUNCA69TS] SHORT PLAYA CAB (Verde Pino, S);SHOUNCA69TS;SHORT PLAYA CAB;Caballero;Verde Pino;S;5,00
CERRO VERDE;[SHOUNCA187TS] SHORT PLAYA CAB (Azul Pizarra, S);SHOUNCA187TS;SHORT PLAYA CAB;Caballero;Azul Pizarra;S;2,00
CERRO VERDE;[SHOUNCA186TS] SHORT PLAYA CAB (Azul Verdoso, S);SHOUNCA186TS;SHORT PLAYA CAB;Caballero;Azul Verdoso;S;2,00
CERRO VERDE;[SHOUNCA170TS] SHORT PLAYA CAB (Cereza, S);SHOUNCA170TS;SHORT PLAYA CAB;Caballero;Cereza;S;5,00
CERRO VERDE;[SHOUNKI13T1] SHORT PLAYA KIDS (Azul Rey, 1);SHOUNKI13T1;SHORT PLAYA KIDS;Kids;Azul Rey;1;3,00
CERRO VERDE;[SHOUNKI01T1] SHORT PLAYA KIDS (Aguamarina, 1);SHOUNKI01T1;SHORT PLAYA KIDS;Kids;Aguamarina;1;2,00
CERRO VERDE;[SHOUNKI12T8] SHORT PLAYA KIDS (Azul Marino, 8);SHOUNKI12T8;SHORT PLAYA KIDS;Kids;Azul Marino;8;1,00
CERRO VERDE;[SHOUNKI12T1] SHORT PLAYA KIDS (Azul Marino, 1);SHOUNKI12T1;SHORT PLAYA KIDS;Kids;Azul Marino;1;4,00
CERRO VERDE;[SHOUNKI57T2] SHORT PLAYA KIDS (Terracota, 2);SHOUNKI57T2;SHORT PLAYA KIDS;Kids;Terracota;2;2,00
CERRO VERDE;[SHOUNKI12T6] SHORT PLAYA KIDS (Azul Marino, 6);SHOUNKI12T6;SHORT PLAYA KIDS;Kids;Azul Marino;6;3,00
CERRO VERDE;[SHOUNKI12T4] SHORT PLAYA KIDS (Azul Marino, 4);SHOUNKI12T4;SHORT PLAYA KIDS;Kids;Azul Marino;4;2,00
CERRO VERDE;[SHOUNKI23T1] SHORT PLAYA KIDS (Coral, 1);SHOUNKI23T1;SHORT PLAYA KIDS;Kids;Coral;1;3,00
CERRO VERDE;[SHOUNKI50T2] SHORT PLAYA KIDS (Rojo, 2);SHOUNKI50T2;SHORT PLAYA KIDS;Kids;Rojo;2;1,00
CERRO VERDE;[SHOUNKI50T4] SHORT PLAYA KIDS (Rojo, 4);SHOUNKI50T4;SHORT PLAYA KIDS;Kids;Rojo;4;1,00
CERRO VERDE;[SHOUNKI29T1] SHORT PLAYA KIDS (Gris Azulado, 1);SHOUNKI29T1;SHORT PLAYA KIDS;Kids;Gris Azulado;1;2,00
CERRO VERDE;[SHOUNKI50T1] SHORT PLAYA KIDS (Rojo, 1);SHOUNKI50T1;SHORT PLAYA KIDS;Kids;Rojo;1;3,00
CERRO VERDE;[SHOUNKI57T1] SHORT PLAYA KIDS (Terracota, 1);SHOUNKI57T1;SHORT PLAYA KIDS;Kids;Terracota;1;4,00
CERRO VERDE;[SHOUNKI29T4] SHORT PLAYA KIDS (Gris Azulado, 4);SHOUNKI29T4;SHORT PLAYA KIDS;Kids;Gris Azulado;4;2,00
CERRO VERDE;[SHOUNKI33T1] SHORT PLAYA KIDS (Kaki, 1);SHOUNKI33T1;SHORT PLAYA KIDS;Kids;Kaki;1;2,00
CERRO VERDE;[SHOUNKI68T1] SHORT PLAYA KIDS (Verde Oliva, 1);SHOUNKI68T1;SHORT PLAYA KIDS;Kids;Verde Oliva;1;2,00
CERRO VERDE;[SHOUNKI68T4] SHORT PLAYA KIDS (Verde Oliva, 4);SHOUNKI68T4;SHORT PLAYA KIDS;Kids;Verde Oliva;4;1,00
CERRO VERDE;[SHOUNKI13T4] SHORT PLAYA KIDS (Azul Rey, 4);SHOUNKI13T4;SHORT PLAYA KIDS;Kids;Azul Rey;4;1,00
CERRO VERDE;[SHOUNKI23T4] SHORT PLAYA KIDS (Coral, 4);SHOUNKI23T4;SHORT PLAYA KIDS;Kids;Coral;4;2,00
CERRO VERDE;[SHOUNKI01T6] SHORT PLAYA KIDS (Aguamarina, 6);SHOUNKI01T6;SHORT PLAYA KIDS;Kids;Aguamarina;6;2,00
CERRO VERDE;[SHOUNKI01T8] SHORT PLAYA KIDS (Aguamarina, 8);SHOUNKI01T8;SHORT PLAYA KIDS;Kids;Aguamarina;8;1,00
CERRO VERDE;[SHOUNKI23T6] SHORT PLAYA KIDS (Coral, 6);SHOUNKI23T6;SHORT PLAYA KIDS;Kids;Coral;6;3,00
CERRO VERDE;[SHOUNKI29T6] SHORT PLAYA KIDS (Gris Azulado, 6);SHOUNKI29T6;SHORT PLAYA KIDS;Kids;Gris Azulado;6;1,00
CERRO VERDE;[SHOUNKI50T6] SHORT PLAYA KIDS (Rojo, 6);SHOUNKI50T6;SHORT PLAYA KIDS;Kids;Rojo;6;4,00
CERRO VERDE;[SHOUNKI33T6] SHORT PLAYA KIDS (Kaki, 6);SHOUNKI33T6;SHORT PLAYA KIDS;Kids;Kaki;6;1,00
CERRO VERDE;[SHOUNKI12T10] SHORT PLAYA KIDS (Azul Marino, 10);SHOUNKI12T10;SHORT PLAYA KIDS;Kids;Azul Marino;10;3,00
CERRO VERDE;[SHOUNKI29T8] SHORT PLAYA KIDS (Gris Azulado, 8);SHOUNKI29T8;SHORT PLAYA KIDS;Kids;Gris Azulado;8;1,00
CERRO VERDE;[SHOUNKI33T8] SHORT PLAYA KIDS (Kaki, 8);SHOUNKI33T8;SHORT PLAYA KIDS;Kids;Kaki;8;2,00
CERRO VERDE;[SHOUNKI68T8] SHORT PLAYA KIDS (Verde Oliva, 8);SHOUNKI68T8;SHORT PLAYA KIDS;Kids;Verde Oliva;8;1,00
CERRO VERDE;[SHOUNKI29T10] SHORT PLAYA KIDS (Gris Azulado, 10);SHOUNKI29T10;SHORT PLAYA KIDS;Kids;Gris Azulado;10;1,00
CERRO VERDE;[SHOUNKI01T10] SHORT PLAYA KIDS (Aguamarina, 10);SHOUNKI01T10;SHORT PLAYA KIDS;Kids;Aguamarina;10;2,00
CERRO VERDE;[SHOUNKI13T12] SHORT PLAYA KIDS (Azul Rey, 12);SHOUNKI13T12;SHORT PLAYA KIDS;Kids;Azul Rey;12;4,00
CERRO VERDE;[SHOUNKI33T10] SHORT PLAYA KIDS (Kaki, 10);SHOUNKI33T10;SHORT PLAYA KIDS;Kids;Kaki;10;2,00
CERRO VERDE;[SHOUNKI68T10] SHORT PLAYA KIDS (Verde Oliva, 10);SHOUNKI68T10;SHORT PLAYA KIDS;Kids;Verde Oliva;10;3,00
CERRO VERDE;[SHOUNKI50T14] SHORT PLAYA KIDS (Rojo, 14);SHOUNKI50T14;SHORT PLAYA KIDS;Kids;Rojo;14;1,00
CERRO VERDE;[SHOUNKI57T14] SHORT PLAYA KIDS (Terracota, 14);SHOUNKI57T14;SHORT PLAYA KIDS;Kids;Terracota;14;2,00
CERRO VERDE;[SHOUNKI23T12] SHORT PLAYA KIDS (Coral, 12);SHOUNKI23T12;SHORT PLAYA KIDS;Kids;Coral;12;1,00
CERRO VERDE;[SHOUNKI68T14] SHORT PLAYA KIDS (Verde Oliva, 14);SHOUNKI68T14;SHORT PLAYA KIDS;Kids;Verde Oliva;14;1,00
CERRO VERDE;[SHOSUKI153T10] SHORT PLAYA ESTAMPADO KIDS (SAL, 10);SHOSUKI153T10;SHORT PLAYA ESTAMPADO KIDS;Kids;Sal;10;3,00
CERRO VERDE;[SHOSUKI154T10] SHORT PLAYA ESTAMPADO KIDS (SOMBRERO, 10);SHOSUKI154T10;SHORT PLAYA ESTAMPADO KIDS;Kids;Sombrero;10;5,00
CERRO VERDE;[SHOSUKI154T14] SHORT PLAYA ESTAMPADO KIDS (SOMBRERO, 14);SHOSUKI154T14;SHORT PLAYA ESTAMPADO KIDS;Kids;Sombrero;14;8,00
CERRO VERDE;[SHOSUKI154T8] SHORT PLAYA ESTAMPADO KIDS (SOMBRERO, 8);SHOSUKI154T8;SHORT PLAYA ESTAMPADO KIDS;Kids;Sombrero;8;6,00
CERRO VERDE;[SHOSUKI156T8] SHORT PLAYA ESTAMPADO KIDS (TUCUPIDO, 8);SHOSUKI156T8;SHORT PLAYA ESTAMPADO KIDS;Kids;Tucupido;8;4,00
CERRO VERDE;[SHOSUKI156T12] SHORT PLAYA ESTAMPADO KIDS (TUCUPIDO, 12);SHOSUKI156T12;SHORT PLAYA ESTAMPADO KIDS;Kids;Tucupido;12;3,00
CERRO VERDE;[SHOSUKI155T12] SHORT PLAYA ESTAMPADO KIDS (PLAYUELA, 12);SHOSUKI155T12;SHORT PLAYA ESTAMPADO KIDS;Kids;Playuela;12;2,00
CERRO VERDE;[SHOSUKI154T12] SHORT PLAYA ESTAMPADO KIDS (SOMBRERO, 12);SHOSUKI154T12;SHORT PLAYA ESTAMPADO KIDS;Kids;Sombrero;12;7,00
CERRO VERDE;[SHOSUKI153T6] SHORT PLAYA ESTAMPADO KIDS (SAL, 6);SHOSUKI153T6;SHORT PLAYA ESTAMPADO KIDS;Kids;Sal;6;4,00
CERRO VERDE;[SHOSUKI154T6] SHORT PLAYA ESTAMPADO KIDS (SOMBRERO, 6);SHOSUKI154T6;SHORT PLAYA ESTAMPADO KIDS;Kids;Sombrero;6;2,00
CERRO VERDE;[SHOSUKI156T6] SHORT PLAYA ESTAMPADO KIDS (TUCUPIDO, 6);SHOSUKI156T6;SHORT PLAYA ESTAMPADO KIDS;Kids;Tucupido;6;3,00
CERRO VERDE;[SHOSUKI156T4] SHORT PLAYA ESTAMPADO KIDS (TUCUPIDO, 4);SHOSUKI156T4;SHORT PLAYA ESTAMPADO KIDS;Kids;Tucupido;4;4,00
CERRO VERDE;[SHOSUKI153T4] SHORT PLAYA ESTAMPADO KIDS (SAL, 4);SHOSUKI153T4;SHORT PLAYA ESTAMPADO KIDS;Kids;Sal;4;4,00
CERRO VERDE;[SHOSUKI154T4] SHORT PLAYA ESTAMPADO KIDS (SOMBRERO, 4);SHOSUKI154T4;SHORT PLAYA ESTAMPADO KIDS;Kids;Sombrero;4;4,00
CERRO VERDE;[SHOSUKI153T2] SHORT PLAYA ESTAMPADO KIDS (SAL, 2);SHOSUKI153T2;SHORT PLAYA ESTAMPADO KIDS;Kids;Sal;2;1,00
CERRO VERDE;[SHOSUKI156T2] SHORT PLAYA ESTAMPADO KIDS (TUCUPIDO, 2);SHOSUKI156T2;SHORT PLAYA ESTAMPADO KIDS;Kids;Tucupido;2;3,00
CERRO VERDE;[SHOSUKI154T2] SHORT PLAYA ESTAMPADO KIDS (SOMBRERO, 2);SHOSUKI154T2;SHORT PLAYA ESTAMPADO KIDS;Kids;Sombrero;2;5,00
CERRO VERDE;[SHOSUKI153T1] SHORT PLAYA ESTAMPADO KIDS (SAL, 1);SHOSUKI153T1;SHORT PLAYA ESTAMPADO KIDS;Kids;Sal;1;3,00
CERRO VERDE;[SHOSUKI156T1] SHORT PLAYA ESTAMPADO KIDS (TUCUPIDO, 1);SHOSUKI156T1;SHORT PLAYA ESTAMPADO KIDS;Kids;Tucupido;1;4,00
CERRO VERDE;[SHOSUKI154T1] SHORT PLAYA ESTAMPADO KIDS (SOMBRERO, 1);SHOSUKI154T1;SHORT PLAYA ESTAMPADO KIDS;Kids;Sombrero;1;5,00
CERRO VERDE;[SHOSUKI155T1] SHORT PLAYA ESTAMPADO KIDS (PLAYUELA, 1);SHOSUKI155T1;SHORT PLAYA ESTAMPADO KIDS;Kids;Playuela;1;3,00
CERRO VERDE;[SHOUNKI57T6] SHORT PLAYA KIDS (Terracota, 6);SHOUNKI57T6;SHORT PLAYA KIDS;Kids;Terracota;6;1,00
CERRO VERDE;[SHOSUCA153TL] SHORT PLAYA ESTAMPADO CAB (SAL, L);SHOSUCA153TL;SHORT PLAYA ESTAMPADO CAB;Caballero;Sal;L;1,00
CERRO VERDE;[SHOSUCA156TS] SHORT PLAYA ESTAMPADO CAB (TUCUPIDO, S);SHOSUCA156TS;SHORT PLAYA ESTAMPADO CAB;Caballero;Tucupido;S;2,00
CERRO VERDE;[SHOUNCA186T2XL] SHORT PLAYA CAB (Azul Verdoso, 2XL);SHOUNCA186T2XL;SHORT PLAYA CAB;Caballero;Azul Verdoso;2XL;2,00
CERRO VERDE;[SHOUNCA170TM] SHORT PLAYA CAB (Cereza, M);SHOUNCA170TM;SHORT PLAYA CAB;Caballero;Cereza;M;6,00
CERRO VERDE;[SHOUNCA186TM] SHORT PLAYA CAB (Azul Verdoso, M);SHOUNCA186TM;SHORT PLAYA CAB;Caballero;Azul Verdoso;M;9,00
CERRO VERDE;[SHOSUCA155TM] SHORT PLAYA ESTAMPADO CAB (PLAYUELA, M);SHOSUCA155TM;SHORT PLAYA ESTAMPADO CAB;Caballero;Playuela;M;-1,00
CERRO VERDE;[SHOSUCA153T2XL] SHORT PLAYA ESTAMPADO CAB (SAL, 2XL);SHOSUCA153T2XL;SHORT PLAYA ESTAMPADO CAB;Caballero;Sal;2XL;1,00
CERRO VERDE;[SHOSUKI156T10] SHORT PLAYA ESTAMPADO KIDS (TUCUPIDO, 10);SHOSUKI156T10;SHORT PLAYA ESTAMPADO KIDS;Kids;Tucupido;10;1,00
CERRO VERDE;[SHOSUKI153T8] SHORT PLAYA ESTAMPADO KIDS (SAL, 8);SHOSUKI153T8;SHORT PLAYA ESTAMPADO KIDS;Kids;Sal;8;1,00
CERRO VERDE;[SHOSUCA154TL] SHORT PLAYA ESTAMPADO CAB (SOMBRERO, L);SHOSUCA154TL;SHORT PLAYA ESTAMPADO CAB;Caballero;Sombrero;L;1,00
CERRO VERDE;[SHOSUCA153TM] SHORT PLAYA ESTAMPADO CAB (SAL, M);SHOSUCA153TM;SHORT PLAYA ESTAMPADO CAB;Caballero;Sal;M;1,00
CERRO VERDE;[SHOUNCA186TS] SHORT PLAYA CAB (Azul Verdoso, S);SHOUNCA186TS;SHORT PLAYA CAB;Caballero;Azul Verdoso;S;2,00
CERRO VERDE;[SHOUNCA69TS] SHORT PLAYA CAB (Verde Pino, S);SHOUNCA69TS;SHORT PLAYA CAB;Caballero;Verde Pino;S;1,00
CERRO VERDE;[SHOUNCA170TXL] SHORT PLAYA CAB (Cereza, XL);SHOUNCA170TXL;SHORT PLAYA CAB;Caballero;Cereza;XL;1,00
CERRO VERDE;[SHOUNCA170T2XL] SHORT PLAYA CAB (Cereza, 2XL);SHOUNCA170T2XL;SHORT PLAYA CAB;Caballero;Cereza;2XL;1,00
CERRO VERDE;[SHOUNKI12T1] SHORT PLAYA KIDS (Azul Marino, 1);SHOUNKI12T1;SHORT PLAYA KIDS;Kids;Azul Marino;1;1,00
CERRO VERDE;[SHOUNKI29T6] SHORT PLAYA KIDS (Gris Azulado, 6);SHOUNKI29T6;SHORT PLAYA KIDS;Kids;Gris Azulado;6;1,00
CERRO VERDE;[SHOUNKI29T4] SHORT PLAYA KIDS (Gris Azulado, 4);SHOUNKI29T4;SHORT PLAYA KIDS;Kids;Gris Azulado;4;1,00
CERRO VERDE;[SHOUNKI29T1] SHORT PLAYA KIDS (Gris Azulado, 1);SHOUNKI29T1;SHORT PLAYA KIDS;Kids;Gris Azulado;1;1,00
CERRO VERDE;[SHOUNKI68T4] SHORT PLAYA KIDS (Verde Oliva, 4);SHOUNKI68T4;SHORT PLAYA KIDS;Kids;Verde Oliva;4;2,00
CERRO VERDE;[SHOUNKI68T2] SHORT PLAYA KIDS (Verde Oliva, 2);SHOUNKI68T2;SHORT PLAYA KIDS;Kids;Verde Oliva;2;1,00
CERRO VERDE;[SHOUNKI68T1] SHORT PLAYA KIDS (Verde Oliva, 1);SHOUNKI68T1;SHORT PLAYA KIDS;Kids;Verde Oliva;1;1,00
CERRO VERDE;[SHOUNKI57T6] SHORT PLAYA KIDS (Terracota, 6);SHOUNKI57T6;SHORT PLAYA KIDS;Kids;Terracota;6;1,00
CERRO VERDE;[SHOUNKI57T1] SHORT PLAYA KIDS (Terracota, 1);SHOUNKI57T1;SHORT PLAYA KIDS;Kids;Terracota;1;1,00
CERRO VERDE;[SHOUNKI33T8] SHORT PLAYA KIDS (Kaki, 8);SHOUNKI33T8;SHORT PLAYA KIDS;Kids;Kaki;8;1,00
CERRO VERDE;[SHOUNKI33T1] SHORT PLAYA KIDS (Kaki, 1);SHOUNKI33T1;SHORT PLAYA KIDS;Kids;Kaki;1;1,00
CERRO VERDE;[SHOUNKI23T4] SHORT PLAYA KIDS (Coral, 4);SHOUNKI23T4;SHORT PLAYA KIDS;Kids;Coral;4;1,00
CERRO VERDE;[SHOUNKI23T6] SHORT PLAYA KIDS (Coral, 6);SHOUNKI23T6;SHORT PLAYA KIDS;Kids;Coral;6;1,00
CERRO VERDE;[SHOUNKI23T1] SHORT PLAYA KIDS (Coral, 1);SHOUNKI23T1;SHORT PLAYA KIDS;Kids;Coral;1;1,00
CERRO VERDE;[SHOUNKI50T6] SHORT PLAYA KIDS (Rojo, 6);SHOUNKI50T6;SHORT PLAYA KIDS;Kids;Rojo;6;1,00
CERRO VERDE;[SHOUNKI50T1] SHORT PLAYA KIDS (Rojo, 1);SHOUNKI50T1;SHORT PLAYA KIDS;Kids;Rojo;1;1,00
CERRO VERDE;[SHOUNKI01T2] SHORT PLAYA KIDS (Aguamarina, 2);SHOUNKI01T2;SHORT PLAYA KIDS;Kids;Aguamarina;2;1,00
CERRO VERDE;[SHOUNKI13T12] SHORT PLAYA KIDS (Azul Rey, 12);SHOUNKI13T12;SHORT PLAYA KIDS;Kids;Azul Rey;12;1,00
CERRO VERDE;[SHOUNKI13T1] SHORT PLAYA KIDS (Azul Rey, 1);SHOUNKI13T1;SHORT PLAYA KIDS;Kids;Azul Rey;1;1,00
CERRO VERDE;[SHOSUKI107T8] SHORT PLAYA ESTAMPADO KIDS (Honey, 8);SHOSUKI107T8;SHORT PLAYA ESTAMPADO KIDS;Kids;Honey;8;1,00
CERRO VERDE;[SHOSUKI104T4] SHORT PLAYA ESTAMPADO KIDS (BLACK ABSTRACT, 4);SHOSUKI104T4;SHORT PLAYA ESTAMPADO KIDS;Kids;Black Abstract;4;3,00
CERRO VERDE;[SHOSUKI154T14] SHORT PLAYA ESTAMPADO KIDS (SOMBRERO, 14);SHOSUKI154T14;SHORT PLAYA ESTAMPADO KIDS;Kids;Sombrero;14;1,00
CERRO VERDE;[SHOSUKI154T12] SHORT PLAYA ESTAMPADO KIDS (SOMBRERO, 12);SHOSUKI154T12;SHORT PLAYA ESTAMPADO KIDS;Kids;Sombrero;12;1,00
CERRO VERDE;[SHOSUKI154T10] SHORT PLAYA ESTAMPADO KIDS (SOMBRERO, 10);SHOSUKI154T10;SHORT PLAYA ESTAMPADO KIDS;Kids;Sombrero;10;1,00
CERRO VERDE;[SHOSUKI154T6] SHORT PLAYA ESTAMPADO KIDS (SOMBRERO, 6);SHOSUKI154T6;SHORT PLAYA ESTAMPADO KIDS;Kids;Sombrero;6;2,00
CERRO VERDE;[SHOSUKI154T4] SHORT PLAYA ESTAMPADO KIDS (SOMBRERO, 4);SHOSUKI154T4;SHORT PLAYA ESTAMPADO KIDS;Kids;Sombrero;4;1,00
CERRO VERDE;[SHOSUKI154T1] SHORT PLAYA ESTAMPADO KIDS (SOMBRERO, 1);SHOSUKI154T1;SHORT PLAYA ESTAMPADO KIDS;Kids;Sombrero;1;1,00
CERRO VERDE;[SHOSUKI153T12] SHORT PLAYA ESTAMPADO KIDS (SAL, 12);SHOSUKI153T12;SHORT PLAYA ESTAMPADO KIDS;Kids;Sal;12;1,00
CERRO VERDE;[SHOSUKI153T6] SHORT PLAYA ESTAMPADO KIDS (SAL, 6);SHOSUKI153T6;SHORT PLAYA ESTAMPADO KIDS;Kids;Sal;6;1,00
CERRO VERDE;[SHOSUKI153T1] SHORT PLAYA ESTAMPADO KIDS (SAL, 1);SHOSUKI153T1;SHORT PLAYA ESTAMPADO KIDS;Kids;Sal;1;1,00
CERRO VERDE;[SHOSUKI156T12] SHORT PLAYA ESTAMPADO KIDS (TUCUPIDO, 12);SHOSUKI156T12;SHORT PLAYA ESTAMPADO KIDS;Kids;Tucupido;12;1,00
CERRO VERDE;[SHOSUKI156T10] SHORT PLAYA ESTAMPADO KIDS (TUCUPIDO, 10);SHOSUKI156T10;SHORT PLAYA ESTAMPADO KIDS;Kids;Tucupido;10;2,00
CERRO VERDE;[SHOSUKI156T8] SHORT PLAYA ESTAMPADO KIDS (TUCUPIDO, 8);SHOSUKI156T8;SHORT PLAYA ESTAMPADO KIDS;Kids;Tucupido;8;1,00
CERRO VERDE;[SHOSUKI155T4] SHORT PLAYA ESTAMPADO KIDS (PLAYUELA, 4);SHOSUKI155T4;SHORT PLAYA ESTAMPADO KIDS;Kids;Playuela;4;1,00
CERRO VERDE;[SHOUNCA187TXL] SHORT PLAYA CAB (Azul Pizarra, XL);SHOUNCA187TXL;SHORT PLAYA CAB;Caballero;Azul Pizarra;XL;1,00
CERRO VERDE;[SHOUNCA38TXL] SHORT PLAYA CAB (Marron, XL);SHOUNCA38TXL;SHORT PLAYA CAB;Caballero;Marron;XL;1,00
CERRO VERDE;[SHOUNCA69TM] SHORT PLAYA CAB (Verde Pino, M);SHOUNCA69TM;SHORT PLAYA CAB;Caballero;Verde Pino;M;2,00
CERRO VERDE;[SHOUNCA186TXL] SHORT PLAYA CAB (Azul Verdoso, XL);SHOUNCA186TXL;SHORT PLAYA CAB;Caballero;Azul Verdoso;XL;2,00
CERRO VERDE;[SHOUNKI13T4] SHORT PLAYA KIDS (Azul Rey, 4);SHOUNKI13T4;SHORT PLAYA KIDS;Kids;Azul Rey;4;1,00
CERRO VERDE;[SHOUNKI01T8] SHORT PLAYA KIDS (Aguamarina, 8);SHOUNKI01T8;SHORT PLAYA KIDS;Kids;Aguamarina;8;1,00
CERRO VERDE;[SHOUNKI68T8] SHORT PLAYA KIDS (Verde Oliva, 8);SHOUNKI68T8;SHORT PLAYA KIDS;Kids;Verde Oliva;8;1,00
CERRO VERDE;[SHOUNKI57T2] SHORT PLAYA KIDS (Terracota, 2);SHOUNKI57T2;SHORT PLAYA KIDS;Kids;Terracota;2;1,00
CERRO VERDE;[SHOSUKI153T2] SHORT PLAYA ESTAMPADO KIDS (SAL, 2);SHOSUKI153T2;SHORT PLAYA ESTAMPADO KIDS;Kids;Sal;2;1,00
CERRO VERDE;[SHOSUKI155T14] SHORT PLAYA ESTAMPADO KIDS (PLAYUELA, 14);SHOSUKI155T14;SHORT PLAYA ESTAMPADO KIDS;Kids;Playuela;14;2,00
CERRO VERDE;[SHOSUCA156TS] SHORT PLAYA ESTAMPADO CAB (TUCUPIDO, S);SHOSUCA156TS;SHORT PLAYA ESTAMPADO CAB;Caballero;Tucupido;S;2,00
CERRO VERDE;[SHOSUCA153TL] SHORT PLAYA ESTAMPADO CAB (SAL, L);SHOSUCA153TL;SHORT PLAYA ESTAMPADO CAB;Caballero;Sal;L;2,00
CERRO VERDE;[SHOUNCA186TM] SHORT PLAYA CAB (Azul Verdoso, M);SHOUNCA186TM;SHORT PLAYA CAB;Caballero;Azul Verdoso;M;2,00
CERRO VERDE;[SHOUNKI23T12] SHORT PLAYA KIDS (Coral, 12);SHOUNKI23T12;SHORT PLAYA KIDS;Kids;Coral;12;1,00
CERRO VERDE;[SHOSUCA156TM] SHORT PLAYA ESTAMPADO CAB (TUCUPIDO, M);SHOSUCA156TM;SHORT PLAYA ESTAMPADO CAB;Caballero;Tucupido;M;1,00
CERRO VERDE;[SHOSUCA156TXL] SHORT PLAYA ESTAMPADO CAB (TUCUPIDO, XL);SHOSUCA156TXL;SHORT PLAYA ESTAMPADO CAB;Caballero;Tucupido;XL;1,00
CERRO VERDE;[SHOSUCA156T2XL] SHORT PLAYA ESTAMPADO CAB (TUCUPIDO, 2XL);SHOSUCA156T2XL;SHORT PLAYA ESTAMPADO CAB;Caballero;Tucupido;2XL;1,00
CERRO VERDE;[SHOSUCA154TS] SHORT PLAYA ESTAMPADO CAB (SOMBRERO, S);SHOSUCA154TS;SHORT PLAYA ESTAMPADO CAB;Caballero;Sombrero;S;1,00
CERRO VERDE;[SHOSUKI155T12] SHORT PLAYA ESTAMPADO KIDS (PLAYUELA, 12);SHOSUKI155T12;SHORT PLAYA ESTAMPADO KIDS;Kids;Playuela;12;1,00
CERRO VERDE;[SHOUNCA186TL] SHORT PLAYA CAB (Azul Verdoso, L);SHOUNCA186TL;SHORT PLAYA CAB;Caballero;Azul Verdoso;L;1,00
CERRO VERDE;[SHOUNCA187TL] SHORT PLAYA CAB (Azul Pizarra, L);SHOUNCA187TL;SHORT PLAYA CAB;Caballero;Azul Pizarra;L;1,00
CERRO VERDE;[SHOUNCA170TM] SHORT PLAYA CAB (Cereza, M);SHOUNCA170TM;SHORT PLAYA CAB;Caballero;Cereza;M;2,00
CERRO VERDE;[SHOUNCA170TL] SHORT PLAYA CAB (Cereza, L);SHOUNCA170TL;SHORT PLAYA CAB;Caballero;Cereza;L;1,00
CERRO VERDE;[SHOUNCA186T2XL] SHORT PLAYA CAB (Azul Verdoso, 2XL);SHOUNCA186T2XL;SHORT PLAYA CAB;Caballero;Azul Verdoso;2XL;2,00
CERRO VERDE;[SHOUNKI33T4] SHORT PLAYA KIDS (Kaki, 4);SHOUNKI33T4;SHORT PLAYA KIDS;Kids;Kaki;4;1,00
CERRO VERDE;[SHOSUCA154TM] SHORT PLAYA ESTAMPADO CAB (SOMBRERO, M);SHOSUCA154TM;SHORT PLAYA ESTAMPADO CAB;Caballero;Sombrero;M;1,00
CERRO VERDE;[SHOUNKI57T4] SHORT PLAYA KIDS (Terracota, 4);SHOUNKI57T4;SHORT PLAYA KIDS;Kids;Terracota;4;1,00
CERRO VERDE;[SHOUNCA38TM] SHORT PLAYA CAB (Marron, M);SHOUNCA38TM;SHORT PLAYA CAB;Caballero;Marron;M;1,00
CERRO VERDE;[SHOUNCA69TXL] SHORT PLAYA CAB (Verde Pino, XL);SHOUNCA69TXL;SHORT PLAYA CAB;Caballero;Verde Pino;XL;1,00
CERRO VERDE;[SHOSUKI154T8] SHORT PLAYA ESTAMPADO KIDS (SOMBRERO, 8);SHOSUKI154T8;SHORT PLAYA ESTAMPADO KIDS;Kids;Sombrero;8;1,00
CERRO VERDE;[SHOSUCA154T2XL] SHORT PLAYA ESTAMPADO CAB (SOMBRERO, 2XL);SHOSUCA154T2XL;SHORT PLAYA ESTAMPADO CAB;Caballero;Sombrero;2XL;1,00
CERRO VERDE;[SHOSUKI155T2] SHORT PLAYA ESTAMPADO KIDS (PLAYUELA, 2);SHOSUKI155T2;SHORT PLAYA ESTAMPADO KIDS;Kids;Playuela;2;1,00
CERRO VERDE;[SHOUNKI12T8] SHORT PLAYA KIDS (Azul Marino, 8);SHOUNKI12T8;SHORT PLAYA KIDS;Kids;Azul Marino;8;1,00
CERRO VERDE;[SHOSUCA153TS] SHORT PLAYA ESTAMPADO CAB (SAL, S);SHOSUCA153TS;SHORT PLAYA ESTAMPADO CAB;Caballero;Sal;S;1,00
CERRO VERDE;[SHOSUCA153TXL] SHORT PLAYA ESTAMPADO CAB (SAL, XL);SHOSUCA153TXL;SHORT PLAYA ESTAMPADO CAB;Caballero;Sal;XL;1,00
CERRO VERDE;[SHOUNKI01T6] SHORT PLAYA KIDS (Aguamarina, 6);SHOUNKI01T6;SHORT PLAYA KIDS;Kids;Aguamarina;6;1,00
CERRO VERDE;[SHOSUCA155TS] SHORT PLAYA ESTAMPADO CAB (PLAYUELA, S);SHOSUCA155TS;SHORT PLAYA ESTAMPADO CAB;Caballero;Playuela;S;1,00
CERRO VERDE;[SHOUNKI01T12] SHORT PLAYA KIDS (Aguamarina, 12);SHOUNKI01T12;SHORT PLAYA KIDS;Kids;Aguamarina;12;1,00
CERRO VERDE;[SHOSUKI156T2] SHORT PLAYA ESTAMPADO KIDS (TUCUPIDO, 2);SHOSUKI156T2;SHORT PLAYA ESTAMPADO KIDS;Kids;Tucupido;2;1,00
CERRO VERDE;[SHOUNKI29T8] SHORT PLAYA KIDS (Gris Azulado, 8);SHOUNKI29T8;SHORT PLAYA KIDS;Kids;Gris Azulado;8;1,00
CERRO VERDE;[SHOSUCA155TM] SHORT PLAYA ESTAMPADO CAB (PLAYUELA, M);SHOSUCA155TM;SHORT PLAYA ESTAMPADO CAB;Caballero;Playuela;M;1,00
CERRO VERDE;[SHOUNKI50T4] SHORT PLAYA KIDS (Rojo, 4);SHOUNKI50T4;SHORT PLAYA KIDS;Kids;Rojo;4;1,00
CERRO VERDE;[SHOUNKI13T6] SHORT PLAYA KIDS (Azul Rey, 6);SHOUNKI13T6;SHORT PLAYA KIDS;Kids;Azul Rey;6;1,00
CERRO VERDE;[SHOUNKI33T6] SHORT PLAYA KIDS (Kaki, 6);SHOUNKI33T6;SHORT PLAYA KIDS;Kids;Kaki;6;1,00
CERRO VERDE;[SHOUNKI12T10] SHORT PLAYA KIDS (Azul Marino, 10);SHOUNKI12T10;SHORT PLAYA KIDS;Kids;Azul Marino;10;1,00
CERRO VERDE;[SHOSUKI153T10] SHORT PLAYA ESTAMPADO KIDS (SAL, 10);SHOSUKI153T10;SHORT PLAYA ESTAMPADO KIDS;Kids;Sal;10;1,00
CHACAO;[SHOUNKI33T4] SHORT PLAYA KIDS (Kaki, 4);SHOUNKI33T4;SHORT PLAYA KIDS;Kids;Kaki;4;1,00
CHACAO;[SHOUNKI50T10] SHORT PLAYA KIDS (Rojo, 10);SHOUNKI50T10;SHORT PLAYA KIDS;Kids;Rojo;10;1,00
CHACAO;[SHOUNKI12T6] SHORT PLAYA KIDS (Azul Marino, 6);SHOUNKI12T6;SHORT PLAYA KIDS;Kids;Azul Marino;6;1,00
CHACAO;[SHOSUKI154T14] SHORT PLAYA ESTAMPADO KIDS (SOMBRERO, 14);SHOSUKI154T14;SHORT PLAYA ESTAMPADO KIDS;Kids;Sombrero;14;4,00
CHACAO;[SHOSUKI156T12] SHORT PLAYA ESTAMPADO KIDS (TUCUPIDO, 12);SHOSUKI156T12;SHORT PLAYA ESTAMPADO KIDS;Kids;Tucupido;12;5,00
CHACAO;[SHOSUKI153T6] SHORT PLAYA ESTAMPADO KIDS (SAL, 6);SHOSUKI153T6;SHORT PLAYA ESTAMPADO KIDS;Kids;Sal;6;2,00
CHACAO;[SHOSUKI155T6] SHORT PLAYA ESTAMPADO KIDS (PLAYUELA, 6);SHOSUKI155T6;SHORT PLAYA ESTAMPADO KIDS;Kids;Playuela;6;1,00
CHACAO;[SHOSUKI153T10] SHORT PLAYA ESTAMPADO KIDS (SAL, 10);SHOSUKI153T10;SHORT PLAYA ESTAMPADO KIDS;Kids;Sal;10;2,00
CHACAO;[SHOUNKI01T1] SHORT PLAYA KIDS (Aguamarina, 1);SHOUNKI01T1;SHORT PLAYA KIDS;Kids;Aguamarina;1;1,00
CHACAO;[SHOUNKI50T1] SHORT PLAYA KIDS (Rojo, 1);SHOUNKI50T1;SHORT PLAYA KIDS;Kids;Rojo;1;1,00
CHACAO;[SHOSUKI154T1] SHORT PLAYA ESTAMPADO KIDS (SOMBRERO, 1);SHOSUKI154T1;SHORT PLAYA ESTAMPADO KIDS;Kids;Sombrero;1;3,00
CHACAO;[SHOSUKI155T1] SHORT PLAYA ESTAMPADO KIDS (PLAYUELA, 1);SHOSUKI155T1;SHORT PLAYA ESTAMPADO KIDS;Kids;Playuela;1;7,00
CHACAO;[SHOSUKI153T2] SHORT PLAYA ESTAMPADO KIDS (SAL, 2);SHOSUKI153T2;SHORT PLAYA ESTAMPADO KIDS;Kids;Sal;2;1,00
CHACAO;[SHOSUKI153T1] SHORT PLAYA ESTAMPADO KIDS (SAL, 1);SHOSUKI153T1;SHORT PLAYA ESTAMPADO KIDS;Kids;Sal;1;8,00
CHACAO;[SHOSUKI156T1] SHORT PLAYA ESTAMPADO KIDS (TUCUPIDO, 1);SHOSUKI156T1;SHORT PLAYA ESTAMPADO KIDS;Kids;Tucupido;1;7,00
CHACAO;[SHOUNKI23T1] SHORT PLAYA KIDS (Coral, 1);SHOUNKI23T1;SHORT PLAYA KIDS;Kids;Coral;1;4,00
CHACAO;[SHOUNKI33T1] SHORT PLAYA KIDS (Kaki, 1);SHOUNKI33T1;SHORT PLAYA KIDS;Kids;Kaki;1;9,00
CHACAO;[SHOUNKI50T2] SHORT PLAYA KIDS (Rojo, 2);SHOUNKI50T2;SHORT PLAYA KIDS;Kids;Rojo;2;2,00
CHACAO;[SHOUNKI13T1] SHORT PLAYA KIDS (Azul Rey, 1);SHOUNKI13T1;SHORT PLAYA KIDS;Kids;Azul Rey;1;3,00
CHACAO;[SHOSUKI156T2] SHORT PLAYA ESTAMPADO KIDS (TUCUPIDO, 2);SHOSUKI156T2;SHORT PLAYA ESTAMPADO KIDS;Kids;Tucupido;2;2,00
CHACAO;[SHOUNKI68T4] SHORT PLAYA KIDS (Verde Oliva, 4);SHOUNKI68T4;SHORT PLAYA KIDS;Kids;Verde Oliva;4;1,00
CHACAO;[SHOUNKI50T4] SHORT PLAYA KIDS (Rojo, 4);SHOUNKI50T4;SHORT PLAYA KIDS;Kids;Rojo;4;1,00
CHACAO;[SHOSUKI154T2] SHORT PLAYA ESTAMPADO KIDS (SOMBRERO, 2);SHOSUKI154T2;SHORT PLAYA ESTAMPADO KIDS;Kids;Sombrero;2;4,00
CHACAO;[SHOUNKI57T2] SHORT PLAYA KIDS (Terracota, 2);SHOUNKI57T2;SHORT PLAYA KIDS;Kids;Terracota;2;1,00
CHACAO;[SHOSUKI154T4] SHORT PLAYA ESTAMPADO KIDS (SOMBRERO, 4);SHOSUKI154T4;SHORT PLAYA ESTAMPADO KIDS;Kids;Sombrero;4;5,00
CHACAO;[SHOUNKI23T4] SHORT PLAYA KIDS (Coral, 4);SHOUNKI23T4;SHORT PLAYA KIDS;Kids;Coral;4;1,00
CHACAO;[SHOUNKI57T4] SHORT PLAYA KIDS (Terracota, 4);SHOUNKI57T4;SHORT PLAYA KIDS;Kids;Terracota;4;1,00
CHACAO;[SHOUNKI13T6] SHORT PLAYA KIDS (Azul Rey, 6);SHOUNKI13T6;SHORT PLAYA KIDS;Kids;Azul Rey;6;1,00
CHACAO;[SHOSUKI154T6] SHORT PLAYA ESTAMPADO KIDS (SOMBRERO, 6);SHOSUKI154T6;SHORT PLAYA ESTAMPADO KIDS;Kids;Sombrero;6;3,00
CHACAO;[SHOUNKI50T6] SHORT PLAYA KIDS (Rojo, 6);SHOUNKI50T6;SHORT PLAYA KIDS;Kids;Rojo;6;1,00
CHACAO;[SHOUNKI57T6] SHORT PLAYA KIDS (Terracota, 6);SHOUNKI57T6;SHORT PLAYA KIDS;Kids;Terracota;6;1,00
CHACAO;[SHOSUKI156T6] SHORT PLAYA ESTAMPADO KIDS (TUCUPIDO, 6);SHOSUKI156T6;SHORT PLAYA ESTAMPADO KIDS;Kids;Tucupido;6;5,00
CHACAO;[SHOSUKI153T8] SHORT PLAYA ESTAMPADO KIDS (SAL, 8);SHOSUKI153T8;SHORT PLAYA ESTAMPADO KIDS;Kids;Sal;8;7,00
CHACAO;[SHOUNKI57T10] SHORT PLAYA KIDS (Terracota, 10);SHOUNKI57T10;SHORT PLAYA KIDS;Kids;Terracota;10;1,00
CHACAO;[SHOSUKI154T8] SHORT PLAYA ESTAMPADO KIDS (SOMBRERO, 8);SHOSUKI154T8;SHORT PLAYA ESTAMPADO KIDS;Kids;Sombrero;8;2,00
CHACAO;[SHOSUKI156T8] SHORT PLAYA ESTAMPADO KIDS (TUCUPIDO, 8);SHOSUKI156T8;SHORT PLAYA ESTAMPADO KIDS;Kids;Tucupido;8;3,00
CHACAO;[SHOSUKI154T10] SHORT PLAYA ESTAMPADO KIDS (SOMBRERO, 10);SHOSUKI154T10;SHORT PLAYA ESTAMPADO KIDS;Kids;Sombrero;10;4,00
CHACAO;[SHOSUKI156T10] SHORT PLAYA ESTAMPADO KIDS (TUCUPIDO, 10);SHOSUKI156T10;SHORT PLAYA ESTAMPADO KIDS;Kids;Tucupido;10;6,00
CHACAO;[SHOSUKI154T12] SHORT PLAYA ESTAMPADO KIDS (SOMBRERO, 12);SHOSUKI154T12;SHORT PLAYA ESTAMPADO KIDS;Kids;Sombrero;12;6,00
CHACAO;[SHOSUKI156T14] SHORT PLAYA ESTAMPADO KIDS (TUCUPIDO, 14);SHOSUKI156T14;SHORT PLAYA ESTAMPADO KIDS;Kids;Tucupido;14;4,00
CHACAO;[SHOSUCA154TS] SHORT PLAYA ESTAMPADO CAB (SOMBRERO, S);SHOSUCA154TS;SHORT PLAYA ESTAMPADO CAB;Caballero;Sombrero;S;6,00
CHACAO;[SHOSUCA155TS] SHORT PLAYA ESTAMPADO CAB (PLAYUELA, S);SHOSUCA155TS;SHORT PLAYA ESTAMPADO CAB;Caballero;Playuela;S;8,00
CHACAO;[SHOUNCA186TS] SHORT PLAYA CAB (Azul Verdoso, S);SHOUNCA186TS;SHORT PLAYA CAB;Caballero;Azul Verdoso;S;2,00
CHACAO;[SHOUNCA69TS] SHORT PLAYA CAB (Verde Pino, S);SHOUNCA69TS;SHORT PLAYA CAB;Caballero;Verde Pino;S;4,00
CHACAO;[SHOSUCA154TM] SHORT PLAYA ESTAMPADO CAB (SOMBRERO, M);SHOSUCA154TM;SHORT PLAYA ESTAMPADO CAB;Caballero;Sombrero;M;5,00
CHACAO;[SHOSUCA154T2XL] SHORT PLAYA ESTAMPADO CAB (SOMBRERO, 2XL);SHOSUCA154T2XL;SHORT PLAYA ESTAMPADO CAB;Caballero;Sombrero;2XL;4,00
CHACAO;[SHOUNCA38T2XL] SHORT PLAYA CAB (Marron, 2XL);SHOUNCA38T2XL;SHORT PLAYA CAB;Caballero;Marron;2XL;2,00
CHACAO;[SHOUNCA170T2XL] SHORT PLAYA CAB (Cereza, 2XL);SHOUNCA170T2XL;SHORT PLAYA CAB;Caballero;Cereza;2XL;2,00
CHACAO;[SHOSUCA154TXL] SHORT PLAYA ESTAMPADO CAB (SOMBRERO, XL);SHOSUCA154TXL;SHORT PLAYA ESTAMPADO CAB;Caballero;Sombrero;XL;6,00
CHACAO;[SHOUNCA38TXL] SHORT PLAYA CAB (Marron, XL);SHOUNCA38TXL;SHORT PLAYA CAB;Caballero;Marron;XL;4,00
CHACAO;[SHOSUCA154TL] SHORT PLAYA ESTAMPADO CAB (SOMBRERO, L);SHOSUCA154TL;SHORT PLAYA ESTAMPADO CAB;Caballero;Sombrero;L;4,00
CHACAO;[SHOSUCA156TXL] SHORT PLAYA ESTAMPADO CAB (TUCUPIDO, XL);SHOSUCA156TXL;SHORT PLAYA ESTAMPADO CAB;Caballero;Tucupido;XL;7,00
CHACAO;[SHOSUCA156T2XL] SHORT PLAYA ESTAMPADO CAB (TUCUPIDO, 2XL);SHOSUCA156T2XL;SHORT PLAYA ESTAMPADO CAB;Caballero;Tucupido;2XL;3,00
CHACAO;[SHOUNCA69T2XL] SHORT PLAYA CAB (Verde Pino, 2XL);SHOUNCA69T2XL;SHORT PLAYA CAB;Caballero;Verde Pino;2XL;2,00
CHACAO;[SHOUNCA186T2XL] SHORT PLAYA CAB (Azul Verdoso, 2XL);SHOUNCA186T2XL;SHORT PLAYA CAB;Caballero;Azul Verdoso;2XL;3,00
CHACAO;[SHOSUCA153TM] SHORT PLAYA ESTAMPADO CAB (SAL, M);SHOSUCA153TM;SHORT PLAYA ESTAMPADO CAB;Caballero;Sal;M;2,00
CHACAO;[SHOUNKI69T6] SHORT PLAYA KIDS (Verde Pino, 6);SHOUNKI69T6;SHORT PLAYA KIDS;Kids;Verde Pino;6;1,00
CHACAO;[SHOUNKI69T8] SHORT PLAYA KIDS (Verde Pino, 8);SHOUNKI69T8;SHORT PLAYA KIDS;Kids;Verde Pino;8;2,00
CHACAO;[SHOUNKI69T2] SHORT PLAYA KIDS (Verde Pino, 2);SHOUNKI69T2;SHORT PLAYA KIDS;Kids;Verde Pino;2;2,00
CHACAO;[SHOUNKI69T10] SHORT PLAYA KIDS (Verde Pino, 10);SHOUNKI69T10;SHORT PLAYA KIDS;Kids;Verde Pino;10;2,00
CHACAO;[SHOUNKI186T12] SHORT PLAYA KIDS (Azul Verdoso, 12);SHOUNKI186T12;SHORT PLAYA KIDS;Kids;Azul Verdoso;12;2,00
CHACAO;[SHOUNKI186T10] SHORT PLAYA KIDS (Azul Verdoso, 10);SHOUNKI186T10;SHORT PLAYA KIDS;Kids;Azul Verdoso;10;2,00
CHACAO;[SHOUNKI186T8] SHORT PLAYA KIDS (Azul Verdoso, 8);SHOUNKI186T8;SHORT PLAYA KIDS;Kids;Azul Verdoso;8;2,00
CHACAO;[SHOUNKI170T6] SHORT PLAYA KIDS (Cereza, 6);SHOUNKI170T6;SHORT PLAYA KIDS;Kids;Cereza;6;2,00
CHACAO;[SHOUNKI170T2] SHORT PLAYA KIDS (Cereza, 2);SHOUNKI170T2;SHORT PLAYA KIDS;Kids;Cereza;2;2,00
CHACAO;[SHOUNKI170T12] SHORT PLAYA KIDS (Cereza, 12);SHOUNKI170T12;SHORT PLAYA KIDS;Kids;Cereza;12;1,00
CHACAO;[SHOUNKI170T4] SHORT PLAYA KIDS (Cereza, 4);SHOUNKI170T4;SHORT PLAYA KIDS;Kids;Cereza;4;2,00
CHACAO;[SHOUNKI170T8] SHORT PLAYA KIDS (Cereza, 8);SHOUNKI170T8;SHORT PLAYA KIDS;Kids;Cereza;8;2,00
CHACAO;[SHOUNKI170T10] SHORT PLAYA KIDS (Cereza, 10);SHOUNKI170T10;SHORT PLAYA KIDS;Kids;Cereza;10;2,00
CHACAO;[SHOUNKI69T4] SHORT PLAYA KIDS (Verde Pino, 4);SHOUNKI69T4;SHORT PLAYA KIDS;Kids;Verde Pino;4;2,00
CHACAO;[SHOUNKI68T6] SHORT PLAYA KIDS (Verde Oliva, 6);SHOUNKI68T6;SHORT PLAYA KIDS;Kids;Verde Oliva;6;1,00
CHACAO;[SHOSUCA156TL] SHORT PLAYA ESTAMPADO CAB (TUCUPIDO, L);SHOSUCA156TL;SHORT PLAYA ESTAMPADO CAB;Caballero;Tucupido;L;1,00
CHACAO;[SHOSUCA153TS] SHORT PLAYA ESTAMPADO CAB (SAL, S);SHOSUCA153TS;SHORT PLAYA ESTAMPADO CAB;Caballero;Sal;S;7,00
CHACAO;[SHOUNCA170TS] SHORT PLAYA CAB (Cereza, S);SHOUNCA170TS;SHORT PLAYA CAB;Caballero;Cereza;S;1,00
CHACAO;[SHOUNCA38TS] SHORT PLAYA CAB (Marron, S);SHOUNCA38TS;SHORT PLAYA CAB;Caballero;Marron;S;1,00
CHACAO;[SHOSUCA155TXL] SHORT PLAYA ESTAMPADO CAB (PLAYUELA, XL);SHOSUCA155TXL;SHORT PLAYA ESTAMPADO CAB;Caballero;Playuela;XL;5,00
CHACAO;[SHOSUCA155T2XL] SHORT PLAYA ESTAMPADO CAB (PLAYUELA, 2XL);SHOSUCA155T2XL;SHORT PLAYA ESTAMPADO CAB;Caballero;Playuela;2XL;5,00
CHACAO;[SHOUNCA187TL] SHORT PLAYA CAB (Azul Pizarra, L);SHOUNCA187TL;SHORT PLAYA CAB;Caballero;Azul Pizarra;L;1,00
CHACAO;[SHOUNCA187TXL] SHORT PLAYA CAB (Azul Pizarra, XL);SHOUNCA187TXL;SHORT PLAYA CAB;Caballero;Azul Pizarra;XL;2,00
CHACAO;[SHOSUCA154T2XL] SHORT PLAYA ESTAMPADO CAB (SOMBRERO, 2XL);SHOSUCA154T2XL;SHORT PLAYA ESTAMPADO CAB;Caballero;Sombrero;2XL;1,00
CHACAO;[SHOSUCA154TXL] SHORT PLAYA ESTAMPADO CAB (SOMBRERO, XL);SHOSUCA154TXL;SHORT PLAYA ESTAMPADO CAB;Caballero;Sombrero;XL;1,00
CHACAO;[SHOSUCA154TL] SHORT PLAYA ESTAMPADO CAB (SOMBRERO, L);SHOSUCA154TL;SHORT PLAYA ESTAMPADO CAB;Caballero;Sombrero;L;1,00
CHACAO;[SHOSUCA154TS] SHORT PLAYA ESTAMPADO CAB (SOMBRERO, S);SHOSUCA154TS;SHORT PLAYA ESTAMPADO CAB;Caballero;Sombrero;S;1,00
CHACAO;[SHOUNKI68T4] SHORT PLAYA KIDS (Verde Oliva, 4);SHOUNKI68T4;SHORT PLAYA KIDS;Kids;Verde Oliva;4;1,00
CHACAO;[SHOUNKI68T6] SHORT PLAYA KIDS (Verde Oliva, 6);SHOUNKI68T6;SHORT PLAYA KIDS;Kids;Verde Oliva;6;1,00
CHACAO;[SHOUNKI68T8] SHORT PLAYA KIDS (Verde Oliva, 8);SHOUNKI68T8;SHORT PLAYA KIDS;Kids;Verde Oliva;8;1,00
CHACAO;[SHOUNKI33T1] SHORT PLAYA KIDS (Kaki, 1);SHOUNKI33T1;SHORT PLAYA KIDS;Kids;Kaki;1;1,00
CHACAO;[SHOUNKI33T4] SHORT PLAYA KIDS (Kaki, 4);SHOUNKI33T4;SHORT PLAYA KIDS;Kids;Kaki;4;1,00
CHACAO;[SHOUNKI33T6] SHORT PLAYA KIDS (Kaki, 6);SHOUNKI33T6;SHORT PLAYA KIDS;Kids;Kaki;6;1,00
CHACAO;[SHOUNKI33T10] SHORT PLAYA KIDS (Kaki, 10);SHOUNKI33T10;SHORT PLAYA KIDS;Kids;Kaki;10;1,00
CHACAO;[SHOUNKI23T1] SHORT PLAYA KIDS (Coral, 1);SHOUNKI23T1;SHORT PLAYA KIDS;Kids;Coral;1;1,00
CHACAO;[SHOUNKI57T1] SHORT PLAYA KIDS (Terracota, 1);SHOUNKI57T1;SHORT PLAYA KIDS;Kids;Terracota;1;1,00
CHACAO;[SHOUNKI57T2] SHORT PLAYA KIDS (Terracota, 2);SHOUNKI57T2;SHORT PLAYA KIDS;Kids;Terracota;2;1,00
CHACAO;[SHOUNKI57T4] SHORT PLAYA KIDS (Terracota, 4);SHOUNKI57T4;SHORT PLAYA KIDS;Kids;Terracota;4;1,00
CHACAO;[SHOUNKI57T6] SHORT PLAYA KIDS (Terracota, 6);SHOUNKI57T6;SHORT PLAYA KIDS;Kids;Terracota;6;1,00
CHACAO;[SHOUNKI57T8] SHORT PLAYA KIDS (Terracota, 8);SHOUNKI57T8;SHORT PLAYA KIDS;Kids;Terracota;8;1,00
CHACAO;[SHOUNKI50T1] SHORT PLAYA KIDS (Rojo, 1);SHOUNKI50T1;SHORT PLAYA KIDS;Kids;Rojo;1;1,00
CHACAO;[SHOUNKI50T2] SHORT PLAYA KIDS (Rojo, 2);SHOUNKI50T2;SHORT PLAYA KIDS;Kids;Rojo;2;1,00
CHACAO;[SHOUNKI50T4] SHORT PLAYA KIDS (Rojo, 4);SHOUNKI50T4;SHORT PLAYA KIDS;Kids;Rojo;4;1,00
CHACAO;[SHOUNKI50T6] SHORT PLAYA KIDS (Rojo, 6);SHOUNKI50T6;SHORT PLAYA KIDS;Kids;Rojo;6;1,00
CHACAO;[SHOUNKI50T8] SHORT PLAYA KIDS (Rojo, 8);SHOUNKI50T8;SHORT PLAYA KIDS;Kids;Rojo;8;1,00
CHACAO;[SHOUNKI50T10] SHORT PLAYA KIDS (Rojo, 10);SHOUNKI50T10;SHORT PLAYA KIDS;Kids;Rojo;10;1,00
CHACAO;[SHOUNKI29T1] SHORT PLAYA KIDS (Gris Azulado, 1);SHOUNKI29T1;SHORT PLAYA KIDS;Kids;Gris Azulado;1;1,00
CHACAO;[SHOUNKI12T1] SHORT PLAYA KIDS (Azul Marino, 1);SHOUNKI12T1;SHORT PLAYA KIDS;Kids;Azul Marino;1;1,00
CHACAO;[SHOUNKI13T4] SHORT PLAYA KIDS (Azul Rey, 4);SHOUNKI13T4;SHORT PLAYA KIDS;Kids;Azul Rey;4;1,00
CHACAO;[SHOUNKI13T6] SHORT PLAYA KIDS (Azul Rey, 6);SHOUNKI13T6;SHORT PLAYA KIDS;Kids;Azul Rey;6;1,00
CHACAO;[SHOUNKI13T10] SHORT PLAYA KIDS (Azul Rey, 10);SHOUNKI13T10;SHORT PLAYA KIDS;Kids;Azul Rey;10;1,00
CHACAO;[SHOSUKI156T1] SHORT PLAYA ESTAMPADO KIDS (TUCUPIDO, 1);SHOSUKI156T1;SHORT PLAYA ESTAMPADO KIDS;Kids;Tucupido;1;1,00
CHACAO;[SHOSUKI156T12] SHORT PLAYA ESTAMPADO KIDS (TUCUPIDO, 12);SHOSUKI156T12;SHORT PLAYA ESTAMPADO KIDS;Kids;Tucupido;12;1,00
CHACAO;[SHOSUKI155T1] SHORT PLAYA ESTAMPADO KIDS (PLAYUELA, 1);SHOSUKI155T1;SHORT PLAYA ESTAMPADO KIDS;Kids;Playuela;1;1,00
CHACAO;[SHOSUKI153T4] SHORT PLAYA ESTAMPADO KIDS (SAL, 4);SHOSUKI153T4;SHORT PLAYA ESTAMPADO KIDS;Kids;Sal;4;1,00
CHACAO;[SHOSUKI154T14] SHORT PLAYA ESTAMPADO KIDS (SOMBRERO, 14);SHOSUKI154T14;SHORT PLAYA ESTAMPADO KIDS;Kids;Sombrero;14;1,00
CHACAO;[SHOSUKI154T12] SHORT PLAYA ESTAMPADO KIDS (SOMBRERO, 12);SHOSUKI154T12;SHORT PLAYA ESTAMPADO KIDS;Kids;Sombrero;12;1,00
CHACAO;[SHOSUKI154T10] SHORT PLAYA ESTAMPADO KIDS (SOMBRERO, 10);SHOSUKI154T10;SHORT PLAYA ESTAMPADO KIDS;Kids;Sombrero;10;1,00
CHACAO;[SHOSUKI154T4] SHORT PLAYA ESTAMPADO KIDS (SOMBRERO, 4);SHOSUKI154T4;SHORT PLAYA ESTAMPADO KIDS;Kids;Sombrero;4;1,00
CHACAO;[SHOSUKI154T2] SHORT PLAYA ESTAMPADO KIDS (SOMBRERO, 2);SHOSUKI154T2;SHORT PLAYA ESTAMPADO KIDS;Kids;Sombrero;2;1,00
CHACAO;[SHOSUCA156TXL] SHORT PLAYA ESTAMPADO CAB (TUCUPIDO, XL);SHOSUCA156TXL;SHORT PLAYA ESTAMPADO CAB;Caballero;Tucupido;XL;1,00
CHACAO;[SHOSUKI156T4] SHORT PLAYA ESTAMPADO KIDS (TUCUPIDO, 4);SHOSUKI156T4;SHORT PLAYA ESTAMPADO KIDS;Kids;Tucupido;4;1,00
CHACAO;[SHOSUKI155T6] SHORT PLAYA ESTAMPADO KIDS (PLAYUELA, 6);SHOSUKI155T6;SHORT PLAYA ESTAMPADO KIDS;Kids;Playuela;6;1,00
CHACAO;[SHOUNKI68T2] SHORT PLAYA KIDS (Verde Oliva, 2);SHOUNKI68T2;SHORT PLAYA KIDS;Kids;Verde Oliva;2;1,00
CHACAO;[SHOUNKI13T1] SHORT PLAYA KIDS (Azul Rey, 1);SHOUNKI13T1;SHORT PLAYA KIDS;Kids;Azul Rey;1;1,00
CHACAO;[SHOUNCA170T2XL] SHORT PLAYA CAB (Cereza, 2XL);SHOUNCA170T2XL;SHORT PLAYA CAB;Caballero;Cereza;2XL;1,00
CHACAO;[SHOUNKI68T1] SHORT PLAYA KIDS (Verde Oliva, 1);SHOUNKI68T1;SHORT PLAYA KIDS;Kids;Verde Oliva;1;1,00
CHACAO;[SHOSUCA156TL] SHORT PLAYA ESTAMPADO CAB (TUCUPIDO, L);SHOSUCA156TL;SHORT PLAYA ESTAMPADO CAB;Caballero;Tucupido;L;1,00
CHACAO;[SHOSUCA153TS] SHORT PLAYA ESTAMPADO CAB (SAL, S);SHOSUCA153TS;SHORT PLAYA ESTAMPADO CAB;Caballero;Sal;S;1,00
CHACAO;[SHOUNCA38TXL] SHORT PLAYA CAB (Marron, XL);SHOUNCA38TXL;SHORT PLAYA CAB;Caballero;Marron;XL;1,00
CHACAO;[SHOUNCA38TS] SHORT PLAYA CAB (Marron, S);SHOUNCA38TS;SHORT PLAYA CAB;Caballero;Marron;S;1,00
CHACAO;[SHOSUKI154T8] SHORT PLAYA ESTAMPADO KIDS (SOMBRERO, 8);SHOSUKI154T8;SHORT PLAYA ESTAMPADO KIDS;Kids;Sombrero;8;1,00
CHACAO;[SHOUNKI69T4] SHORT PLAYA KIDS (Verde Pino, 4);SHOUNKI69T4;SHORT PLAYA KIDS;Kids;Verde Pino;4;1,00
CHACAO;[SHOUNKI186T10] SHORT PLAYA KIDS (Azul Verdoso, 10);SHOUNKI186T10;SHORT PLAYA KIDS;Kids;Azul Verdoso;10;1,00
CHACAO;[SHOUNKI69T10] SHORT PLAYA KIDS (Verde Pino, 10);SHOUNKI69T10;SHORT PLAYA KIDS;Kids;Verde Pino;10;1,00
CHACAO;[SHOUNKI69T8] SHORT PLAYA KIDS (Verde Pino, 8);SHOUNKI69T8;SHORT PLAYA KIDS;Kids;Verde Pino;8;1,00
CHACAO;[SHOUNKI186T6] SHORT PLAYA KIDS (Azul Verdoso, 6);SHOUNKI186T6;SHORT PLAYA KIDS;Kids;Azul Verdoso;6;1,00
CHACAO;[SHOUNKI170T6] SHORT PLAYA KIDS (Cereza, 6);SHOUNKI170T6;SHORT PLAYA KIDS;Kids;Cereza;6;1,00
CHACAO;[SHOUNKI170T4] SHORT PLAYA KIDS (Cereza, 4);SHOUNKI170T4;SHORT PLAYA KIDS;Kids;Cereza;4;1,00
CHACAO;[SHOUNKI170T8] SHORT PLAYA KIDS (Cereza, 8);SHOUNKI170T8;SHORT PLAYA KIDS;Kids;Cereza;8;1,00
CHACAO;[SHOUNKI170T10] SHORT PLAYA KIDS (Cereza, 10);SHOUNKI170T10;SHORT PLAYA KIDS;Kids;Cereza;10;1,00
CHACAO;[SHOSUKI153T10] SHORT PLAYA ESTAMPADO KIDS (SAL, 10);SHOSUKI153T10;SHORT PLAYA ESTAMPADO KIDS;Kids;Sal;10;1,00
CHACAO;[SHOUNKI68T10] SHORT PLAYA KIDS (Verde Oliva, 10);SHOUNKI68T10;SHORT PLAYA KIDS;Kids;Verde Oliva;10;1,00
CHACAO;[SHOSUKI156T14] SHORT PLAYA ESTAMPADO KIDS (TUCUPIDO, 14);SHOSUKI156T14;SHORT PLAYA ESTAMPADO KIDS;Kids;Tucupido;14;1,00
CHACAO;[SHOUNKI170T12] SHORT PLAYA KIDS (Cereza, 12);SHOUNKI170T12;SHORT PLAYA KIDS;Kids;Cereza;12;1,00
CHACAO;[SHOUNCA187TS] SHORT PLAYA CAB (Azul Pizarra, S);SHOUNCA187TS;SHORT PLAYA CAB;Caballero;Azul Pizarra;S;1,00
CHACAO;[SHOUNKI57T14] SHORT PLAYA KIDS (Terracota, 14);SHOUNKI57T14;SHORT PLAYA KIDS;Kids;Terracota;14;1,00
CHACAO;[SHOUNCA186TS] SHORT PLAYA CAB (Azul Verdoso, S);SHOUNCA186TS;SHORT PLAYA CAB;Caballero;Azul Verdoso;S;1,00
CHACAO;[SHOUNCA187TM] SHORT PLAYA CAB (Azul Pizarra, M);SHOUNCA187TM;SHORT PLAYA CAB;Caballero;Azul Pizarra;M;1,00
CHACAO;[SHOSUKI156T8] SHORT PLAYA ESTAMPADO KIDS (TUCUPIDO, 8);SHOSUKI156T8;SHORT PLAYA ESTAMPADO KIDS;Kids;Tucupido;8;1,00
CHACAO;[SHOSUKI154T6] SHORT PLAYA ESTAMPADO KIDS (SOMBRERO, 6);SHOSUKI154T6;SHORT PLAYA ESTAMPADO KIDS;Kids;Sombrero;6;1,00
CHACAO;[SHOSUKI153T6] SHORT PLAYA ESTAMPADO KIDS (SAL, 6);SHOSUKI153T6;SHORT PLAYA ESTAMPADO KIDS;Kids;Sal;6;1,00
CHACAO;[SHOUNCA38TL] SHORT PLAYA CAB (Marron, L);SHOUNCA38TL;SHORT PLAYA CAB;Caballero;Marron;L;1,00
CHACAO;[SHOUNCA38T2XL] SHORT PLAYA CAB (Marron, 2XL);SHOUNCA38T2XL;SHORT PLAYA CAB;Caballero;Marron;2XL;1,00
CHACAO;[SHOSUCA156T2XL] SHORT PLAYA ESTAMPADO CAB (TUCUPIDO, 2XL);SHOSUCA156T2XL;SHORT PLAYA ESTAMPADO CAB;Caballero;Tucupido;2XL;1,00
CHACAO;[SHOUNCA170TS] SHORT PLAYA CAB (Cereza, S);SHOUNCA170TS;SHORT PLAYA CAB;Caballero;Cereza;S;1,00
CHACAO;[SHOUNKI69T6] SHORT PLAYA KIDS (Verde Pino, 6);SHOUNKI69T6;SHORT PLAYA KIDS;Kids;Verde Pino;6;1,00
CHACAO;[SHOSUCA153TXL] SHORT PLAYA ESTAMPADO CAB (SAL, XL);SHOSUCA153TXL;SHORT PLAYA ESTAMPADO CAB;Caballero;Sal;XL;-1,00
GRANDPLAZ;[SHOSUCA154TM] SHORT PLAYA ESTAMPADO CAB (SOMBRERO, M);SHOSUCA154TM;SHORT PLAYA ESTAMPADO CAB;Caballero;Sombrero;M;1,00
GRANDPLAZ;[SHOSUCA154TS] SHORT PLAYA ESTAMPADO CAB (SOMBRERO, S);SHOSUCA154TS;SHORT PLAYA ESTAMPADO CAB;Caballero;Sombrero;S;1,00
GRANDPLAZ;[SHOSUKI154T2] SHORT PLAYA ESTAMPADO KIDS (SOMBRERO, 2);SHOSUKI154T2;SHORT PLAYA ESTAMPADO KIDS;Kids;Sombrero;2;1,00
GRANDPLAZ;[SHOSUKI154T8] SHORT PLAYA ESTAMPADO KIDS (SOMBRERO, 8);SHOSUKI154T8;SHORT PLAYA ESTAMPADO KIDS;Kids;Sombrero;8;1,00
GRANDPLAZ;[SHOSUKI153T1] SHORT PLAYA ESTAMPADO KIDS (SAL, 1);SHOSUKI153T1;SHORT PLAYA ESTAMPADO KIDS;Kids;Sal;1;2,00
GRANDPLAZ;[SHOSUKI153T2] SHORT PLAYA ESTAMPADO KIDS (SAL, 2);SHOSUKI153T2;SHORT PLAYA ESTAMPADO KIDS;Kids;Sal;2;1,00
GRANDPLAZ;[SHOSUKI156T1] SHORT PLAYA ESTAMPADO KIDS (TUCUPIDO, 1);SHOSUKI156T1;SHORT PLAYA ESTAMPADO KIDS;Kids;Tucupido;1;1,00
GRANDPLAZ;[SHOSUKI155T1] SHORT PLAYA ESTAMPADO KIDS (PLAYUELA, 1);SHOSUKI155T1;SHORT PLAYA ESTAMPADO KIDS;Kids;Playuela;1;2,00
GRANDPLAZ;[SHOUNCA38TM] SHORT PLAYA CAB (Marron, M);SHOUNCA38TM;SHORT PLAYA CAB;Caballero;Marron;M;2,00
GRANDPLAZ;[SHOUNCA186TXL] SHORT PLAYA CAB (Azul Verdoso, XL);SHOUNCA186TXL;SHORT PLAYA CAB;Caballero;Azul Verdoso;XL;1,00
GRANDPLAZ;[SHOSUKI156T6] SHORT PLAYA ESTAMPADO KIDS (TUCUPIDO, 6);SHOSUKI156T6;SHORT PLAYA ESTAMPADO KIDS;Kids;Tucupido;6;2,00
GRANDPLAZ;[SHOSUKI154T4] SHORT PLAYA ESTAMPADO KIDS (SOMBRERO, 4);SHOSUKI154T4;SHORT PLAYA ESTAMPADO KIDS;Kids;Sombrero;4;1,00
GRANDPLAZ;[SHOSUKI154T10] SHORT PLAYA ESTAMPADO KIDS (SOMBRERO, 10);SHOSUKI154T10;SHORT PLAYA ESTAMPADO KIDS;Kids;Sombrero;10;2,00
GRANDPLAZ;[SHOSUKI153T6] SHORT PLAYA ESTAMPADO KIDS (SAL, 6);SHOSUKI153T6;SHORT PLAYA ESTAMPADO KIDS;Kids;Sal;6;2,00
GRANDPLAZ;[SHOSUKI155T6] SHORT PLAYA ESTAMPADO KIDS (PLAYUELA, 6);SHOSUKI155T6;SHORT PLAYA ESTAMPADO KIDS;Kids;Playuela;6;2,00
GRANDPLAZ;[SHOSUCA155TM] SHORT PLAYA ESTAMPADO CAB (PLAYUELA, M);SHOSUCA155TM;SHORT PLAYA ESTAMPADO CAB;Caballero;Playuela;M;1,00
GRANDPLAZ;[SHOSUCA154TXL] SHORT PLAYA ESTAMPADO CAB (SOMBRERO, XL);SHOSUCA154TXL;SHORT PLAYA ESTAMPADO CAB;Caballero;Sombrero;XL;2,00
GRANDPLAZ;[SHOSUKI156T14] SHORT PLAYA ESTAMPADO KIDS (TUCUPIDO, 14);SHOSUKI156T14;SHORT PLAYA ESTAMPADO KIDS;Kids;Tucupido;14;1,00
GRANDPLAZ;[SHOSUCA156TXL] SHORT PLAYA ESTAMPADO CAB (TUCUPIDO, XL);SHOSUCA156TXL;SHORT PLAYA ESTAMPADO CAB;Caballero;Tucupido;XL;1,00
GRANDPLAZ;[SHOSUCA155TS] SHORT PLAYA ESTAMPADO CAB (PLAYUELA, S);SHOSUCA155TS;SHORT PLAYA ESTAMPADO CAB;Caballero;Playuela;S;2,00
GRANDPLAZ;[SHOSUKI155T8] SHORT PLAYA ESTAMPADO KIDS (PLAYUELA, 8);SHOSUKI155T8;SHORT PLAYA ESTAMPADO KIDS;Kids;Playuela;8;1,00
GRANDPLAZ;[SHOSUKI155T12] SHORT PLAYA ESTAMPADO KIDS (PLAYUELA, 12);SHOSUKI155T12;SHORT PLAYA ESTAMPADO KIDS;Kids;Playuela;12;2,00
GRANDPLAZ;[SHOSUCA155TXL] SHORT PLAYA ESTAMPADO CAB (PLAYUELA, XL);SHOSUCA155TXL;SHORT PLAYA ESTAMPADO CAB;Caballero;Playuela;XL;1,00
GRANDPLAZ;[SHOSUKI153T10] SHORT PLAYA ESTAMPADO KIDS (SAL, 10);SHOSUKI153T10;SHORT PLAYA ESTAMPADO KIDS;Kids;Sal;10;1,00
GRANDPLAZ;[SHOSUCA155T2XL] SHORT PLAYA ESTAMPADO CAB (PLAYUELA, 2XL);SHOSUCA155T2XL;SHORT PLAYA ESTAMPADO CAB;Caballero;Playuela;2XL;1,00
GRANDPLAZ;[SHOSUKI155T14] SHORT PLAYA ESTAMPADO KIDS (PLAYUELA, 14);SHOSUKI155T14;SHORT PLAYA ESTAMPADO KIDS;Kids;Playuela;14;1,00
GRANDPLAZ;[SHOSUKI155T2] SHORT PLAYA ESTAMPADO KIDS (PLAYUELA, 2);SHOSUKI155T2;SHORT PLAYA ESTAMPADO KIDS;Kids;Playuela;2;2,00
GRANDPLAZ;[SHOSUCA156TS] SHORT PLAYA ESTAMPADO CAB (TUCUPIDO, S);SHOSUCA156TS;SHORT PLAYA ESTAMPADO CAB;Caballero;Tucupido;S;1,00
GRANDPLAZ;[SHOSUCA153T2XL] SHORT PLAYA ESTAMPADO CAB (SAL, 2XL);SHOSUCA153T2XL;SHORT PLAYA ESTAMPADO CAB;Caballero;Sal;2XL;1,00
GRANDPLAZ;[SHOSUCA153TXL] SHORT PLAYA ESTAMPADO CAB (SAL, XL);SHOSUCA153TXL;SHORT PLAYA ESTAMPADO CAB;Caballero;Sal;XL;1,00
GRANDPLAZ;[SHOSUCA153TS] SHORT PLAYA ESTAMPADO CAB (SAL, S);SHOSUCA153TS;SHORT PLAYA ESTAMPADO CAB;Caballero;Sal;S;1,00
GRANDPLAZ;[SHOUNCA38TS] SHORT PLAYA CAB (Marron, S);SHOUNCA38TS;SHORT PLAYA CAB;Caballero;Marron;S;1,00
GRANDPLAZ;[SHOUNCA170TS] SHORT PLAYA CAB (Cereza, S);SHOUNCA170TS;SHORT PLAYA CAB;Caballero;Cereza;S;1,00
GRANDPLAZ;[SHOUNCA170TL] SHORT PLAYA CAB (Cereza, L);SHOUNCA170TL;SHORT PLAYA CAB;Caballero;Cereza;L;1,00
GRANDPLAZ;[SHOUNCA170TXL] SHORT PLAYA CAB (Cereza, XL);SHOUNCA170TXL;SHORT PLAYA CAB;Caballero;Cereza;XL;1,00
GRANDPLAZ;[SHOUNCA69TS] SHORT PLAYA CAB (Verde Pino, S);SHOUNCA69TS;SHORT PLAYA CAB;Caballero;Verde Pino;S;1,00
GRANDPLAZ;[SHOUNCA69TM] SHORT PLAYA CAB (Verde Pino, M);SHOUNCA69TM;SHORT PLAYA CAB;Caballero;Verde Pino;M;1,00
GRANDPLAZ;[SHOUNCA69TL] SHORT PLAYA CAB (Verde Pino, L);SHOUNCA69TL;SHORT PLAYA CAB;Caballero;Verde Pino;L;1,00
GRANDPLAZ;[SHOUNCA187TM] SHORT PLAYA CAB (Azul Pizarra, M);SHOUNCA187TM;SHORT PLAYA CAB;Caballero;Azul Pizarra;M;1,00
GRANDPLAZ;[SHOUNCA187TXL] SHORT PLAYA CAB (Azul Pizarra, XL);SHOUNCA187TXL;SHORT PLAYA CAB;Caballero;Azul Pizarra;XL;1,00
GRANDPLAZ;[SHOSUCA153TM] SHORT PLAYA ESTAMPADO CAB (SAL, M);SHOSUCA153TM;SHORT PLAYA ESTAMPADO CAB;Caballero;Sal;M;1,00
GRANDPLAZ;[SHOSUCA153TL] SHORT PLAYA ESTAMPADO CAB (SAL, L);SHOSUCA153TL;SHORT PLAYA ESTAMPADO CAB;Caballero;Sal;L;1,00
GRANDPLAZ;[SHOUNCA187TS] SHORT PLAYA CAB (Azul Pizarra, S);SHOUNCA187TS;SHORT PLAYA CAB;Caballero;Azul Pizarra;S;1,00
GRANDPLAZ;[SHOSUKI153T14] SHORT PLAYA ESTAMPADO KIDS (SAL, 14);SHOSUKI153T14;SHORT PLAYA ESTAMPADO KIDS;Kids;Sal;14;1,00
GRANDPLAZ;[SHOSUCA154TS] SHORT PLAYA ESTAMPADO CAB (SOMBRERO, S);SHOSUCA154TS;SHORT PLAYA ESTAMPADO CAB;Caballero;Sombrero;S;1,00
GRANDPLAZ;[SHOSUCA154TM] SHORT PLAYA ESTAMPADO CAB (SOMBRERO, M);SHOSUCA154TM;SHORT PLAYA ESTAMPADO CAB;Caballero;Sombrero;M;1,00
GRANDPLAZ;[SHOSUKI154T12] SHORT PLAYA ESTAMPADO KIDS (SOMBRERO, 12);SHOSUKI154T12;SHORT PLAYA ESTAMPADO KIDS;Kids;Sombrero;12;1,00
GRANDPLAZ;[SHOSUKI154T2] SHORT PLAYA ESTAMPADO KIDS (SOMBRERO, 2);SHOSUKI154T2;SHORT PLAYA ESTAMPADO KIDS;Kids;Sombrero;2;1,00
GRANDPLAZ;[SHOSUKI153T2] SHORT PLAYA ESTAMPADO KIDS (SAL, 2);SHOSUKI153T2;SHORT PLAYA ESTAMPADO KIDS;Kids;Sal;2;1,00
GRANDPLAZ;[SHOSUKI154T6] SHORT PLAYA ESTAMPADO KIDS (SOMBRERO, 6);SHOSUKI154T6;SHORT PLAYA ESTAMPADO KIDS;Kids;Sombrero;6;1,00
GRANDPLAZ;[SHOUNCA186TM] SHORT PLAYA CAB (Azul Verdoso, M);SHOUNCA186TM;SHORT PLAYA CAB;Caballero;Azul Verdoso;M;1,00
GRANDPLAZ;[SHOUNCA186TS] SHORT PLAYA CAB (Azul Verdoso, S);SHOUNCA186TS;SHORT PLAYA CAB;Caballero;Azul Verdoso;S;1,00
GRANDPLAZ;[SHOSUKI156T8] SHORT PLAYA ESTAMPADO KIDS (TUCUPIDO, 8);SHOSUKI156T8;SHORT PLAYA ESTAMPADO KIDS;Kids;Tucupido;8;1,00
GRANDPLAZ;[SHOSUKI156T10] SHORT PLAYA ESTAMPADO KIDS (TUCUPIDO, 10);SHOSUKI156T10;SHORT PLAYA ESTAMPADO KIDS;Kids;Tucupido;10;1,00
GRANDPLAZ;[SHOUNCA186T2XL] SHORT PLAYA CAB (Azul Verdoso, 2XL);SHOUNCA186T2XL;SHORT PLAYA CAB;Caballero;Azul Verdoso;2XL;1,00
GRANDPLAZ;[SHOUNCA186TL] SHORT PLAYA CAB (Azul Verdoso, L);SHOUNCA186TL;SHORT PLAYA CAB;Caballero;Azul Verdoso;L;1,00
GRANDPLAZ;[SHOSUCA154TL] SHORT PLAYA ESTAMPADO CAB (SOMBRERO, L);SHOSUCA154TL;SHORT PLAYA ESTAMPADO CAB;Caballero;Sombrero;L;1,00
GRANDPLAZ;[SHOUNCA170TM] SHORT PLAYA CAB (Cereza, M);SHOUNCA170TM;SHORT PLAYA CAB;Caballero;Cereza;M;1,00
GRANDPLAZ;[SHOUNKI13T4] SHORT PLAYA KIDS (Azul Rey, 4);SHOUNKI13T4;SHORT PLAYA KIDS;Kids;Azul Rey;4;1,00
GRANDPLAZ;[SHOUNKI13T1] SHORT PLAYA KIDS (Azul Rey, 1);SHOUNKI13T1;SHORT PLAYA KIDS;Kids;Azul Rey;1;1,00
GRANDPLAZ;[SHOUNKI57T8] SHORT PLAYA KIDS (Terracota, 8);SHOUNKI57T8;SHORT PLAYA KIDS;Kids;Terracota;8;1,00
GRANDPLAZ;[SHOUNKI57T6] SHORT PLAYA KIDS (Terracota, 6);SHOUNKI57T6;SHORT PLAYA KIDS;Kids;Terracota;6;1,00
GRANDPLAZ;[SHOUNKI57T4] SHORT PLAYA KIDS (Terracota, 4);SHOUNKI57T4;SHORT PLAYA KIDS;Kids;Terracota;4;1,00
GRANDPLAZ;[SHOUNKI57T2] SHORT PLAYA KIDS (Terracota, 2);SHOUNKI57T2;SHORT PLAYA KIDS;Kids;Terracota;2;1,00
GRANDPLAZ;[SHOUNKI57T1] SHORT PLAYA KIDS (Terracota, 1);SHOUNKI57T1;SHORT PLAYA KIDS;Kids;Terracota;1;1,00
GRANDPLAZ;[SHOUNKI57T10] SHORT PLAYA KIDS (Terracota, 10);SHOUNKI57T10;SHORT PLAYA KIDS;Kids;Terracota;10;1,00
GRANDPLAZ;[SHOUNKI57T14] SHORT PLAYA KIDS (Terracota, 14);SHOUNKI57T14;SHORT PLAYA KIDS;Kids;Terracota;14;1,00
GRANDPLAZ;[SHOUNKI33T10] SHORT PLAYA KIDS (Kaki, 10);SHOUNKI33T10;SHORT PLAYA KIDS;Kids;Kaki;10;1,00
GRANDPLAZ;[SHOUNKI33T8] SHORT PLAYA KIDS (Kaki, 8);SHOUNKI33T8;SHORT PLAYA KIDS;Kids;Kaki;8;1,00
GRANDPLAZ;[SHOUNKI33T4] SHORT PLAYA KIDS (Kaki, 4);SHOUNKI33T4;SHORT PLAYA KIDS;Kids;Kaki;4;1,00
GRANDPLAZ;[SHOUNKI33T1] SHORT PLAYA KIDS (Kaki, 1);SHOUNKI33T1;SHORT PLAYA KIDS;Kids;Kaki;1;1,00
GRANDPLAZ;[SHOUNKI68T14] SHORT PLAYA KIDS (Verde Oliva, 14);SHOUNKI68T14;SHORT PLAYA KIDS;Kids;Verde Oliva;14;1,00
GRANDPLAZ;[SHOUNKI68T10] SHORT PLAYA KIDS (Verde Oliva, 10);SHOUNKI68T10;SHORT PLAYA KIDS;Kids;Verde Oliva;10;1,00
GRANDPLAZ;[SHOUNKI68T8] SHORT PLAYA KIDS (Verde Oliva, 8);SHOUNKI68T8;SHORT PLAYA KIDS;Kids;Verde Oliva;8;1,00
GRANDPLAZ;[SHOUNKI68T4] SHORT PLAYA KIDS (Verde Oliva, 4);SHOUNKI68T4;SHORT PLAYA KIDS;Kids;Verde Oliva;4;1,00
GRANDPLAZ;[SHOUNKI68T2] SHORT PLAYA KIDS (Verde Oliva, 2);SHOUNKI68T2;SHORT PLAYA KIDS;Kids;Verde Oliva;2;1,00
GRANDPLAZ;[SHOUNKI68T1] SHORT PLAYA KIDS (Verde Oliva, 1);SHOUNKI68T1;SHORT PLAYA KIDS;Kids;Verde Oliva;1;1,00
GRANDPLAZ;[SHOUNKI29T10] SHORT PLAYA KIDS (Gris Azulado, 10);SHOUNKI29T10;SHORT PLAYA KIDS;Kids;Gris Azulado;10;1,00
GRANDPLAZ;[SHOUNKI29T6] SHORT PLAYA KIDS (Gris Azulado, 6);SHOUNKI29T6;SHORT PLAYA KIDS;Kids;Gris Azulado;6;1,00
GRANDPLAZ;[SHOUNKI29T4] SHORT PLAYA KIDS (Gris Azulado, 4);SHOUNKI29T4;SHORT PLAYA KIDS;Kids;Gris Azulado;4;1,00
GRANDPLAZ;[SHOUNKI12T1] SHORT PLAYA KIDS (Azul Marino, 1);SHOUNKI12T1;SHORT PLAYA KIDS;Kids;Azul Marino;1;1,00
GRANDPLAZ;[SHOUNKI01T8] SHORT PLAYA KIDS (Aguamarina, 8);SHOUNKI01T8;SHORT PLAYA KIDS;Kids;Aguamarina;8;1,00
GRANDPLAZ;[SHOUNKI01T4] SHORT PLAYA KIDS (Aguamarina, 4);SHOUNKI01T4;SHORT PLAYA KIDS;Kids;Aguamarina;4;1,00
GRANDPLAZ;[SHOUNKI50T2] SHORT PLAYA KIDS (Rojo, 2);SHOUNKI50T2;SHORT PLAYA KIDS;Kids;Rojo;2;1,00
GRANDPLAZ;[SHOUNKI50T1] SHORT PLAYA KIDS (Rojo, 1);SHOUNKI50T1;SHORT PLAYA KIDS;Kids;Rojo;1;1,00
GRANDPLAZ;[SHOSUKI153T12] SHORT PLAYA ESTAMPADO KIDS (SAL, 12);SHOSUKI153T12;SHORT PLAYA ESTAMPADO KIDS;Kids;Sal;12;1,00
GRANDPLAZ;[SHOSUKI153T8] SHORT PLAYA ESTAMPADO KIDS (SAL, 8);SHOSUKI153T8;SHORT PLAYA ESTAMPADO KIDS;Kids;Sal;8;1,00
GRANDPLAZ;[SHOSUKI156T12] SHORT PLAYA ESTAMPADO KIDS (TUCUPIDO, 12);SHOSUKI156T12;SHORT PLAYA ESTAMPADO KIDS;Kids;Tucupido;12;1,00
GRANDPLAZ;[SHOSUKI154T14] SHORT PLAYA ESTAMPADO KIDS (SOMBRERO, 14);SHOSUKI154T14;SHORT PLAYA ESTAMPADO KIDS;Kids;Sombrero;14;1,00
GRANDPLAZ;[SHOSUKI154T1] SHORT PLAYA ESTAMPADO KIDS (SOMBRERO, 1);SHOSUKI154T1;SHORT PLAYA ESTAMPADO KIDS;Kids;Sombrero;1;1,00
GRANDPLAZ;[SHOSUKI154T8] SHORT PLAYA ESTAMPADO KIDS (SOMBRERO, 8);SHOSUKI154T8;SHORT PLAYA ESTAMPADO KIDS;Kids;Sombrero;8;1,00
GRIETA;[SHOUNKI68T10] SHORT PLAYA KIDS (Verde Oliva, 10);SHOUNKI68T10;SHORT PLAYA KIDS;Kids;Verde Oliva;10;1,00
GRIETA;[SHOSUKI156T10] SHORT PLAYA ESTAMPADO KIDS (TUCUPIDO, 10);SHOSUKI156T10;SHORT PLAYA ESTAMPADO KIDS;Kids;Tucupido;10;2,00
GRIETA;[SHOSUKI155T10] SHORT PLAYA ESTAMPADO KIDS (PLAYUELA, 10);SHOSUKI155T10;SHORT PLAYA ESTAMPADO KIDS;Kids;Playuela;10;1,00
GRIETA;[SHOUNKI13T10] SHORT PLAYA KIDS (Azul Rey, 10);SHOUNKI13T10;SHORT PLAYA KIDS;Kids;Azul Rey;10;1,00
GRIETA;[SHOUNKI01T10] SHORT PLAYA KIDS (Aguamarina, 10);SHOUNKI01T10;SHORT PLAYA KIDS;Kids;Aguamarina;10;1,00
GRIETA;[SHOUNKI29T10] SHORT PLAYA KIDS (Gris Azulado, 10);SHOUNKI29T10;SHORT PLAYA KIDS;Kids;Gris Azulado;10;1,00
GRIETA;[SHOUNKI57T10] SHORT PLAYA KIDS (Terracota, 10);SHOUNKI57T10;SHORT PLAYA KIDS;Kids;Terracota;10;3,00
GRIETA;[SHOUNKI50T10] SHORT PLAYA KIDS (Rojo, 10);SHOUNKI50T10;SHORT PLAYA KIDS;Kids;Rojo;10;5,00
GRIETA;[SHOSUKI154T10] SHORT PLAYA ESTAMPADO KIDS (SOMBRERO, 10);SHOSUKI154T10;SHORT PLAYA ESTAMPADO KIDS;Kids;Sombrero;10;3,00
GRIETA;[SHOSUKI154T12] SHORT PLAYA ESTAMPADO KIDS (SOMBRERO, 12);SHOSUKI154T12;SHORT PLAYA ESTAMPADO KIDS;Kids;Sombrero;12;2,00
GRIETA;[SHOSUKI156T12] SHORT PLAYA ESTAMPADO KIDS (TUCUPIDO, 12);SHOSUKI156T12;SHORT PLAYA ESTAMPADO KIDS;Kids;Tucupido;12;2,00
GRIETA;[SHOSUKI156T14] SHORT PLAYA ESTAMPADO KIDS (TUCUPIDO, 14);SHOSUKI156T14;SHORT PLAYA ESTAMPADO KIDS;Kids;Tucupido;14;3,00
GRIETA;[SHOSUKI154T14] SHORT PLAYA ESTAMPADO KIDS (SOMBRERO, 14);SHOSUKI154T14;SHORT PLAYA ESTAMPADO KIDS;Kids;Sombrero;14;3,00
GRIETA;[SHOSUKI153T14] SHORT PLAYA ESTAMPADO KIDS (SAL, 14);SHOSUKI153T14;SHORT PLAYA ESTAMPADO KIDS;Kids;Sal;14;1,00
GRIETA;[SHOUNKI57T14] SHORT PLAYA KIDS (Terracota, 14);SHOUNKI57T14;SHORT PLAYA KIDS;Kids;Terracota;14;1,00
GRIETA;[SHOUNKI50T8] SHORT PLAYA KIDS (Rojo, 8);SHOUNKI50T8;SHORT PLAYA KIDS;Kids;Rojo;8;2,00
GRIETA;[SHOUNKI57T8] SHORT PLAYA KIDS (Terracota, 8);SHOUNKI57T8;SHORT PLAYA KIDS;Kids;Terracota;8;2,00
GRIETA;[SHOSUKI156T8] SHORT PLAYA ESTAMPADO KIDS (TUCUPIDO, 8);SHOSUKI156T8;SHORT PLAYA ESTAMPADO KIDS;Kids;Tucupido;8;3,00
GRIETA;[SHOUNKI68T8] SHORT PLAYA KIDS (Verde Oliva, 8);SHOUNKI68T8;SHORT PLAYA KIDS;Kids;Verde Oliva;8;1,00
GRIETA;[SHOSUKI154T8] SHORT PLAYA ESTAMPADO KIDS (SOMBRERO, 8);SHOSUKI154T8;SHORT PLAYA ESTAMPADO KIDS;Kids;Sombrero;8;3,00
GRIETA;[SHOSUKI153T8] SHORT PLAYA ESTAMPADO KIDS (SAL, 8);SHOSUKI153T8;SHORT PLAYA ESTAMPADO KIDS;Kids;Sal;8;3,00
GRIETA;[SHOUNKI13T8] SHORT PLAYA KIDS (Azul Rey, 8);SHOUNKI13T8;SHORT PLAYA KIDS;Kids;Azul Rey;8;1,00
GRIETA;[SHOUNKI23T8] SHORT PLAYA KIDS (Coral, 8);SHOUNKI23T8;SHORT PLAYA KIDS;Kids;Coral;8;1,00
GRIETA;[SHOUNKI68T6] SHORT PLAYA KIDS (Verde Oliva, 6);SHOUNKI68T6;SHORT PLAYA KIDS;Kids;Verde Oliva;6;2,00
GRIETA;[SHOUNKI50T6] SHORT PLAYA KIDS (Rojo, 6);SHOUNKI50T6;SHORT PLAYA KIDS;Kids;Rojo;6;2,00
GRIETA;[SHOUNKI57T6] SHORT PLAYA KIDS (Terracota, 6);SHOUNKI57T6;SHORT PLAYA KIDS;Kids;Terracota;6;2,00
GRIETA;[SHOSUKI156T6] SHORT PLAYA ESTAMPADO KIDS (TUCUPIDO, 6);SHOSUKI156T6;SHORT PLAYA ESTAMPADO KIDS;Kids;Tucupido;6;3,00
GRIETA;[SHOSUKI153T6] SHORT PLAYA ESTAMPADO KIDS (SAL, 6);SHOSUKI153T6;SHORT PLAYA ESTAMPADO KIDS;Kids;Sal;6;2,00
GRIETA;[SHOSUKI154T6] SHORT PLAYA ESTAMPADO KIDS (SOMBRERO, 6);SHOSUKI154T6;SHORT PLAYA ESTAMPADO KIDS;Kids;Sombrero;6;4,00
GRIETA;[SHOUNKI33T6] SHORT PLAYA KIDS (Kaki, 6);SHOUNKI33T6;SHORT PLAYA KIDS;Kids;Kaki;6;1,00
GRIETA;[SHOUNKI13T6] SHORT PLAYA KIDS (Azul Rey, 6);SHOUNKI13T6;SHORT PLAYA KIDS;Kids;Azul Rey;6;1,00
GRIETA;[SHOUNKI12T6] SHORT PLAYA KIDS (Azul Marino, 6);SHOUNKI12T6;SHORT PLAYA KIDS;Kids;Azul Marino;6;1,00
GRIETA;[SHOUNKI33T4] SHORT PLAYA KIDS (Kaki, 4);SHOUNKI33T4;SHORT PLAYA KIDS;Kids;Kaki;4;1,00
GRIETA;[SHOSUKI154T4] SHORT PLAYA ESTAMPADO KIDS (SOMBRERO, 4);SHOSUKI154T4;SHORT PLAYA ESTAMPADO KIDS;Kids;Sombrero;4;2,00
GRIETA;[SHOUNKI57T4] SHORT PLAYA KIDS (Terracota, 4);SHOUNKI57T4;SHORT PLAYA KIDS;Kids;Terracota;4;3,00
GRIETA;[SHOSUKI156T4] SHORT PLAYA ESTAMPADO KIDS (TUCUPIDO, 4);SHOSUKI156T4;SHORT PLAYA ESTAMPADO KIDS;Kids;Tucupido;4;3,00
GRIETA;[SHOSUKI153T4] SHORT PLAYA ESTAMPADO KIDS (SAL, 4);SHOSUKI153T4;SHORT PLAYA ESTAMPADO KIDS;Kids;Sal;4;2,00
GRIETA;[SHOUNKI68T4] SHORT PLAYA KIDS (Verde Oliva, 4);SHOUNKI68T4;SHORT PLAYA KIDS;Kids;Verde Oliva;4;2,00
GRIETA;[SHOUNKI01T4] SHORT PLAYA KIDS (Aguamarina, 4);SHOUNKI01T4;SHORT PLAYA KIDS;Kids;Aguamarina;4;1,00
GRIETA;[SHOUNKI23T4] SHORT PLAYA KIDS (Coral, 4);SHOUNKI23T4;SHORT PLAYA KIDS;Kids;Coral;4;3,00
GRIETA;[SHOUNKI13T4] SHORT PLAYA KIDS (Azul Rey, 4);SHOUNKI13T4;SHORT PLAYA KIDS;Kids;Azul Rey;4;1,00
GRIETA;[SHOSUKI156T2] SHORT PLAYA ESTAMPADO KIDS (TUCUPIDO, 2);SHOSUKI156T2;SHORT PLAYA ESTAMPADO KIDS;Kids;Tucupido;2;4,00
GRIETA;[SHOSUKI154T2] SHORT PLAYA ESTAMPADO KIDS (SOMBRERO, 2);SHOSUKI154T2;SHORT PLAYA ESTAMPADO KIDS;Kids;Sombrero;2;1,00
GRIETA;[SHOUNKI50T2] SHORT PLAYA KIDS (Rojo, 2);SHOUNKI50T2;SHORT PLAYA KIDS;Kids;Rojo;2;1,00
GRIETA;[SHOUNKI57T2] SHORT PLAYA KIDS (Terracota, 2);SHOUNKI57T2;SHORT PLAYA KIDS;Kids;Terracota;2;1,00
GRIETA;[SHOSUKI155T1] SHORT PLAYA ESTAMPADO KIDS (PLAYUELA, 1);SHOSUKI155T1;SHORT PLAYA ESTAMPADO KIDS;Kids;Playuela;1;5,00
GRIETA;[SHOSUKI153T1] SHORT PLAYA ESTAMPADO KIDS (SAL, 1);SHOSUKI153T1;SHORT PLAYA ESTAMPADO KIDS;Kids;Sal;1;3,00
GRIETA;[SHOUNKI13T1] SHORT PLAYA KIDS (Azul Rey, 1);SHOUNKI13T1;SHORT PLAYA KIDS;Kids;Azul Rey;1;4,00
GRIETA;[SHOSUKI154T1] SHORT PLAYA ESTAMPADO KIDS (SOMBRERO, 1);SHOSUKI154T1;SHORT PLAYA ESTAMPADO KIDS;Kids;Sombrero;1;3,00
GRIETA;[SHOUNKI50T1] SHORT PLAYA KIDS (Rojo, 1);SHOUNKI50T1;SHORT PLAYA KIDS;Kids;Rojo;1;4,00
GRIETA;[SHOUNKI57T1] SHORT PLAYA KIDS (Terracota, 1);SHOUNKI57T1;SHORT PLAYA KIDS;Kids;Terracota;1;3,00
GRIETA;[SHOUNKI01T1] SHORT PLAYA KIDS (Aguamarina, 1);SHOUNKI01T1;SHORT PLAYA KIDS;Kids;Aguamarina;1;3,00
GRIETA;[SHOUNKI23T1] SHORT PLAYA KIDS (Coral, 1);SHOUNKI23T1;SHORT PLAYA KIDS;Kids;Coral;1;1,00
GRIETA;[SHOSUKI156T1] SHORT PLAYA ESTAMPADO KIDS (TUCUPIDO, 1);SHOSUKI156T1;SHORT PLAYA ESTAMPADO KIDS;Kids;Tucupido;1;2,00
GRIETA;[SHOUNKI12T1] SHORT PLAYA KIDS (Azul Marino, 1);SHOUNKI12T1;SHORT PLAYA KIDS;Kids;Azul Marino;1;3,00
GRIETA;[SHOUNKI68T1] SHORT PLAYA KIDS (Verde Oliva, 1);SHOUNKI68T1;SHORT PLAYA KIDS;Kids;Verde Oliva;1;2,00
GRIETA;[SHOUNKI33T1] SHORT PLAYA KIDS (Kaki, 1);SHOUNKI33T1;SHORT PLAYA KIDS;Kids;Kaki;1;2,00
GRIETA;[SHOUNKI29T1] SHORT PLAYA KIDS (Gris Azulado, 1);SHOUNKI29T1;SHORT PLAYA KIDS;Kids;Gris Azulado;1;2,00
GRIETA;[SHOSUCA153TS] SHORT PLAYA ESTAMPADO CAB (SAL, S);SHOSUCA153TS;SHORT PLAYA ESTAMPADO CAB;Caballero;Sal;S;3,00
GRIETA;[SHOUNCA69TS] SHORT PLAYA CAB (Verde Pino, S);SHOUNCA69TS;SHORT PLAYA CAB;Caballero;Verde Pino;S;4,00
GRIETA;[SHOSUCA155TS] SHORT PLAYA ESTAMPADO CAB (PLAYUELA, S);SHOSUCA155TS;SHORT PLAYA ESTAMPADO CAB;Caballero;Playuela;S;2,00
GRIETA;[SHOUNCA170TS] SHORT PLAYA CAB (Cereza, S);SHOUNCA170TS;SHORT PLAYA CAB;Caballero;Cereza;S;3,00
GRIETA;[SHOUNCA186TS] SHORT PLAYA CAB (Azul Verdoso, S);SHOUNCA186TS;SHORT PLAYA CAB;Caballero;Azul Verdoso;S;2,00
GRIETA;[SHOSUCA154TS] SHORT PLAYA ESTAMPADO CAB (SOMBRERO, S);SHOSUCA154TS;SHORT PLAYA ESTAMPADO CAB;Caballero;Sombrero;S;4,00
GRIETA;[SHOSUCA156TS] SHORT PLAYA ESTAMPADO CAB (TUCUPIDO, S);SHOSUCA156TS;SHORT PLAYA ESTAMPADO CAB;Caballero;Tucupido;S;2,00
GRIETA;[SHOUNCA187TS] SHORT PLAYA CAB (Azul Pizarra, S);SHOUNCA187TS;SHORT PLAYA CAB;Caballero;Azul Pizarra;S;3,00
GRIETA;[SHOUNCA38TS] SHORT PLAYA CAB (Marron, S);SHOUNCA38TS;SHORT PLAYA CAB;Caballero;Marron;S;2,00
GRIETA;[SHOUNCA186TM] SHORT PLAYA CAB (Azul Verdoso, M);SHOUNCA186TM;SHORT PLAYA CAB;Caballero;Azul Verdoso;M;3,00
GRIETA;[SHOSUCA155TM] SHORT PLAYA ESTAMPADO CAB (PLAYUELA, M);SHOSUCA155TM;SHORT PLAYA ESTAMPADO CAB;Caballero;Playuela;M;1,00
GRIETA;[SHOSUCA154TM] SHORT PLAYA ESTAMPADO CAB (SOMBRERO, M);SHOSUCA154TM;SHORT PLAYA ESTAMPADO CAB;Caballero;Sombrero;M;2,00
GRIETA;[SHOUNCA170TM] SHORT PLAYA CAB (Cereza, M);SHOUNCA170TM;SHORT PLAYA CAB;Caballero;Cereza;M;3,00
GRIETA;[SHOUNCA187TL] SHORT PLAYA CAB (Azul Pizarra, L);SHOUNCA187TL;SHORT PLAYA CAB;Caballero;Azul Pizarra;L;1,00
GRIETA;[SHOSUCA154TL] SHORT PLAYA ESTAMPADO CAB (SOMBRERO, L);SHOSUCA154TL;SHORT PLAYA ESTAMPADO CAB;Caballero;Sombrero;L;2,00
GRIETA;[SHOUNCA186TL] SHORT PLAYA CAB (Azul Verdoso, L);SHOUNCA186TL;SHORT PLAYA CAB;Caballero;Azul Verdoso;L;2,00
GRIETA;[SHOUNCA170TXL] SHORT PLAYA CAB (Cereza, XL);SHOUNCA170TXL;SHORT PLAYA CAB;Caballero;Cereza;XL;1,00
GRIETA;[SHOUNCA69TXL] SHORT PLAYA CAB (Verde Pino, XL);SHOUNCA69TXL;SHORT PLAYA CAB;Caballero;Verde Pino;XL;2,00
GRIETA;[SHOSUCA156TXL] SHORT PLAYA ESTAMPADO CAB (TUCUPIDO, XL);SHOSUCA156TXL;SHORT PLAYA ESTAMPADO CAB;Caballero;Tucupido;XL;4,00
GRIETA;[SHOUNCA170T2XL] SHORT PLAYA CAB (Cereza, 2XL);SHOUNCA170T2XL;SHORT PLAYA CAB;Caballero;Cereza;2XL;3,00
GRIETA;[SHOUNCA187T2XL] SHORT PLAYA CAB (Azul Pizarra, 2XL);SHOUNCA187T2XL;SHORT PLAYA CAB;Caballero;Azul Pizarra;2XL;3,00
GRIETA;[SHOSUCA156T2XL] SHORT PLAYA ESTAMPADO CAB (TUCUPIDO, 2XL);SHOSUCA156T2XL;SHORT PLAYA ESTAMPADO CAB;Caballero;Tucupido;2XL;3,00
GRIETA;[SHOUNCA69TL] SHORT PLAYA CAB (Verde Pino, L);SHOUNCA69TL;SHORT PLAYA CAB;Caballero;Verde Pino;L;1,00
GRIETA;[SHOUNCA186TXL] SHORT PLAYA CAB (Azul Verdoso, XL);SHOUNCA186TXL;SHORT PLAYA CAB;Caballero;Azul Verdoso;XL;2,00
GRIETA;[SHOSUCA154TXL] SHORT PLAYA ESTAMPADO CAB (SOMBRERO, XL);SHOSUCA154TXL;SHORT PLAYA ESTAMPADO CAB;Caballero;Sombrero;XL;2,00
GRIETA;[SHOUNCA69T2XL] SHORT PLAYA CAB (Verde Pino, 2XL);SHOUNCA69T2XL;SHORT PLAYA CAB;Caballero;Verde Pino;2XL;4,00
GRIETA;[SHOSUKI155T14] SHORT PLAYA ESTAMPADO KIDS (PLAYUELA, 14);SHOSUKI155T14;SHORT PLAYA ESTAMPADO KIDS;Kids;Playuela;14;2,00
GRIETA;[SHOUNCA38T2XL] SHORT PLAYA CAB (Marron, 2XL);SHOUNCA38T2XL;SHORT PLAYA CAB;Caballero;Marron;2XL;1,00
GRIETA;[SHOUNCA38TM] SHORT PLAYA CAB (Marron, M);SHOUNCA38TM;SHORT PLAYA CAB;Caballero;Marron;M;3,00
GRIETA;[SHOSUCA155TXL] SHORT PLAYA ESTAMPADO CAB (PLAYUELA, XL);SHOSUCA155TXL;SHORT PLAYA ESTAMPADO CAB;Caballero;Playuela;XL;3,00
GRIETA;[SHOSUCA155T2XL] SHORT PLAYA ESTAMPADO CAB (PLAYUELA, 2XL);SHOSUCA155T2XL;SHORT PLAYA ESTAMPADO CAB;Caballero;Playuela;2XL;5,00
GRIETA;[SHOSUKI155T12] SHORT PLAYA ESTAMPADO KIDS (PLAYUELA, 12);SHOSUKI155T12;SHORT PLAYA ESTAMPADO KIDS;Kids;Playuela;12;1,00
GRIETA;[SHOSUKI155T4] SHORT PLAYA ESTAMPADO KIDS (PLAYUELA, 4);SHOSUKI155T4;SHORT PLAYA ESTAMPADO KIDS;Kids;Playuela;4;3,00
GRIETA;[SHOSUKI155T8] SHORT PLAYA ESTAMPADO KIDS (PLAYUELA, 8);SHOSUKI155T8;SHORT PLAYA ESTAMPADO KIDS;Kids;Playuela;8;2,00
GRIETA;[SHOUNCA186T2XL] SHORT PLAYA CAB (Azul Verdoso, 2XL);SHOUNCA186T2XL;SHORT PLAYA CAB;Caballero;Azul Verdoso;2XL;2,00
GRIETA;[SHOUNKI170T12] SHORT PLAYA KIDS (Cereza, 12);SHOUNKI170T12;SHORT PLAYA KIDS;Kids;Cereza;12;3,00
GRIETA;[SHOUNKI187T12] SHORT PLAYA KIDS (Azul Pizarra, 12);SHOUNKI187T12;SHORT PLAYA KIDS;Kids;Azul Pizarra;12;1,00
GRIETA;[SHOUNKI38T12] SHORT PLAYA KIDS (Marron, 12);SHOUNKI38T12;SHORT PLAYA KIDS;Kids;Marron;12;2,00
GRIETA;[SHOSUCA154TS] SHORT PLAYA ESTAMPADO CAB (SOMBRERO, S);SHOSUCA154TS;SHORT PLAYA ESTAMPADO CAB;Caballero;Sombrero;S;2,00
GRIETA;[SHOUNCA69TS] SHORT PLAYA CAB (Verde Pino, S);SHOUNCA69TS;SHORT PLAYA CAB;Caballero;Verde Pino;S;1,00
GRIETA;[SHOUNKI50T4] SHORT PLAYA KIDS (Rojo, 4);SHOUNKI50T4;SHORT PLAYA KIDS;Kids;Rojo;4;2,00
GRIETA;[SHOUNKI50T1] SHORT PLAYA KIDS (Rojo, 1);SHOUNKI50T1;SHORT PLAYA KIDS;Kids;Rojo;1;1,00
GRIETA;[SHOUNKI23T4] SHORT PLAYA KIDS (Coral, 4);SHOUNKI23T4;SHORT PLAYA KIDS;Kids;Coral;4;1,00
GRIETA;[SHOUNKI33T6] SHORT PLAYA KIDS (Kaki, 6);SHOUNKI33T6;SHORT PLAYA KIDS;Kids;Kaki;6;1,00
GRIETA;[SHOUNKI33T10] SHORT PLAYA KIDS (Kaki, 10);SHOUNKI33T10;SHORT PLAYA KIDS;Kids;Kaki;10;2,00
GRIETA;[SHOUNKI33T1] SHORT PLAYA KIDS (Kaki, 1);SHOUNKI33T1;SHORT PLAYA KIDS;Kids;Kaki;1;1,00
GRIETA;[SHOUNKI13T6] SHORT PLAYA KIDS (Azul Rey, 6);SHOUNKI13T6;SHORT PLAYA KIDS;Kids;Azul Rey;6;2,00
GRIETA;[SHOUNKI13T4] SHORT PLAYA KIDS (Azul Rey, 4);SHOUNKI13T4;SHORT PLAYA KIDS;Kids;Azul Rey;4;1,00
GRIETA;[SHOUNKI29T10] SHORT PLAYA KIDS (Gris Azulado, 10);SHOUNKI29T10;SHORT PLAYA KIDS;Kids;Gris Azulado;10;1,00
GRIETA;[SHOUNKI68T4] SHORT PLAYA KIDS (Verde Oliva, 4);SHOUNKI68T4;SHORT PLAYA KIDS;Kids;Verde Oliva;4;1,00
GRIETA;[SHOUNKI68T1] SHORT PLAYA KIDS (Verde Oliva, 1);SHOUNKI68T1;SHORT PLAYA KIDS;Kids;Verde Oliva;1;1,00
GRIETA;[SHOSUKI155T8] SHORT PLAYA ESTAMPADO KIDS (PLAYUELA, 8);SHOSUKI155T8;SHORT PLAYA ESTAMPADO KIDS;Kids;Playuela;8;1,00
GRIETA;[SHOSUKI155T4] SHORT PLAYA ESTAMPADO KIDS (PLAYUELA, 4);SHOSUKI155T4;SHORT PLAYA ESTAMPADO KIDS;Kids;Playuela;4;2,00
GRIETA;[SHOSUKI154T4] SHORT PLAYA ESTAMPADO KIDS (SOMBRERO, 4);SHOSUKI154T4;SHORT PLAYA ESTAMPADO KIDS;Kids;Sombrero;4;1,00
GRIETA;[SHOUNKI57T1] SHORT PLAYA KIDS (Terracota, 1);SHOUNKI57T1;SHORT PLAYA KIDS;Kids;Terracota;1;1,00
GRIETA;[SHOUNKI12T4] SHORT PLAYA KIDS (Azul Marino, 4);SHOUNKI12T4;SHORT PLAYA KIDS;Kids;Azul Marino;4;1,00
GRIETA;[SHOUNCA187T2XL] SHORT PLAYA CAB (Azul Pizarra, 2XL);SHOUNCA187T2XL;SHORT PLAYA CAB;Caballero;Azul Pizarra;2XL;1,00
GRIETA;[SHOUNKI13T2] SHORT PLAYA KIDS (Azul Rey, 2);SHOUNKI13T2;SHORT PLAYA KIDS;Kids;Azul Rey;2;1,00
GRIETA;[SHOUNCA38TS] SHORT PLAYA CAB (Marron, S);SHOUNCA38TS;SHORT PLAYA CAB;Caballero;Marron;S;1,00
GRIETA;[SHOUNCA186TS] SHORT PLAYA CAB (Azul Verdoso, S);SHOUNCA186TS;SHORT PLAYA CAB;Caballero;Azul Verdoso;S;1,00
GRIETA;[SHOUNKI12T10] SHORT PLAYA KIDS (Azul Marino, 10);SHOUNKI12T10;SHORT PLAYA KIDS;Kids;Azul Marino;10;1,00
GRIETA;[SHOSUKI154T14] SHORT PLAYA ESTAMPADO KIDS (SOMBRERO, 14);SHOSUKI154T14;SHORT PLAYA ESTAMPADO KIDS;Kids;Sombrero;14;2,00
GRIETA;[SHOUNKI68T10] SHORT PLAYA KIDS (Verde Oliva, 10);SHOUNKI68T10;SHORT PLAYA KIDS;Kids;Verde Oliva;10;1,00
GRIETA;[SHOSUKI156T6] SHORT PLAYA ESTAMPADO KIDS (TUCUPIDO, 6);SHOSUKI156T6;SHORT PLAYA ESTAMPADO KIDS;Kids;Tucupido;6;1,00
GRIETA;[SHOUNKI23T12] SHORT PLAYA KIDS (Coral, 12);SHOUNKI23T12;SHORT PLAYA KIDS;Kids;Coral;12;1,00
GRIETA;[SHOUNKI50T10] SHORT PLAYA KIDS (Rojo, 10);SHOUNKI50T10;SHORT PLAYA KIDS;Kids;Rojo;10;1,00
GRIETA;[SHOSUKI156T12] SHORT PLAYA ESTAMPADO KIDS (TUCUPIDO, 12);SHOSUKI156T12;SHORT PLAYA ESTAMPADO KIDS;Kids;Tucupido;12;1,00
GRIETA;[SHOSUKI154T8] SHORT PLAYA ESTAMPADO KIDS (SOMBRERO, 8);SHOSUKI154T8;SHORT PLAYA ESTAMPADO KIDS;Kids;Sombrero;8;1,00
GRIETA;[SHOUNCA38TXL] SHORT PLAYA CAB (Marron, XL);SHOUNCA38TXL;SHORT PLAYA CAB;Caballero;Marron;XL;1,00
GRIETA;[SHOSUCA155TS] SHORT PLAYA ESTAMPADO CAB (PLAYUELA, S);SHOSUCA155TS;SHORT PLAYA ESTAMPADO CAB;Caballero;Playuela;S;1,00
GRIETA;[SHOUNCA38T2XL] SHORT PLAYA CAB (Marron, 2XL);SHOUNCA38T2XL;SHORT PLAYA CAB;Caballero;Marron;2XL;1,00
GRIETA;[SHOUNCA38TM] SHORT PLAYA CAB (Marron, M);SHOUNCA38TM;SHORT PLAYA CAB;Caballero;Marron;M;1,00
GRIETA;[SHOUNCA170TS] SHORT PLAYA CAB (Cereza, S);SHOUNCA170TS;SHORT PLAYA CAB;Caballero;Cereza;S;1,00
GRIETA;[SHOUNCA170TL] SHORT PLAYA CAB (Cereza, L);SHOUNCA170TL;SHORT PLAYA CAB;Caballero;Cereza;L;1,00
GRIETA;[SHOUNCA69TXL] SHORT PLAYA CAB (Verde Pino, XL);SHOUNCA69TXL;SHORT PLAYA CAB;Caballero;Verde Pino;XL;1,00
GRIETA;[SHOSUCA155TXL] SHORT PLAYA ESTAMPADO CAB (PLAYUELA, XL);SHOSUCA155TXL;SHORT PLAYA ESTAMPADO CAB;Caballero;Playuela;XL;2,00
GRIETA;[SHOUNKI13T8] SHORT PLAYA KIDS (Azul Rey, 8);SHOUNKI13T8;SHORT PLAYA KIDS;Kids;Azul Rey;8;1,00
GRIETA;[SHOSUKI153T8] SHORT PLAYA ESTAMPADO KIDS (SAL, 8);SHOSUKI153T8;SHORT PLAYA ESTAMPADO KIDS;Kids;Sal;8;1,00
GRIETA;[SHOUNKI29T6] SHORT PLAYA KIDS (Gris Azulado, 6);SHOUNKI29T6;SHORT PLAYA KIDS;Kids;Gris Azulado;6;1,00
GRIETA;[SHOUNKI33T8] SHORT PLAYA KIDS (Kaki, 8);SHOUNKI33T8;SHORT PLAYA KIDS;Kids;Kaki;8;1,00
GRIETA;[SHOSUKI156T14] SHORT PLAYA ESTAMPADO KIDS (TUCUPIDO, 14);SHOSUKI156T14;SHORT PLAYA ESTAMPADO KIDS;Kids;Tucupido;14;1,00
GRIETA;[SHOUNKI68T8] SHORT PLAYA KIDS (Verde Oliva, 8);SHOUNKI68T8;SHORT PLAYA KIDS;Kids;Verde Oliva;8;1,00
GRIETA;[SHOSUCA154TM] SHORT PLAYA ESTAMPADO CAB (SOMBRERO, M);SHOSUCA154TM;SHORT PLAYA ESTAMPADO CAB;Caballero;Sombrero;M;1,00
GRIETA;[SHOSUKI153T14] SHORT PLAYA ESTAMPADO KIDS (SAL, 14);SHOSUKI153T14;SHORT PLAYA ESTAMPADO KIDS;Kids;Sal;14;1,00
GRIETA;[SHOUNKI01T4] SHORT PLAYA KIDS (Aguamarina, 4);SHOUNKI01T4;SHORT PLAYA KIDS;Kids;Aguamarina;4;1,00
GRIETA;[SHOSUCA153TS] SHORT PLAYA ESTAMPADO CAB (SAL, S);SHOSUCA153TS;SHORT PLAYA ESTAMPADO CAB;Caballero;Sal;S;1,00
GRIETA;[SHOUNCA187TXL] SHORT PLAYA CAB (Azul Pizarra, XL);SHOUNCA187TXL;SHORT PLAYA CAB;Caballero;Azul Pizarra;XL;1,00
GRIETA;[SHOUNCA187TS] SHORT PLAYA CAB (Azul Pizarra, S);SHOUNCA187TS;SHORT PLAYA CAB;Caballero;Azul Pizarra;S;1,00
GRIETA;[SHOSUCA154TXL] SHORT PLAYA ESTAMPADO CAB (SOMBRERO, XL);SHOSUCA154TXL;SHORT PLAYA ESTAMPADO CAB;Caballero;Sombrero;XL;1,00
GRIETA;[SHOUNKI170T12] SHORT PLAYA KIDS (Cereza, 12);SHOUNKI170T12;SHORT PLAYA KIDS;Kids;Cereza;12;2,00
GRIETA;[SHOUNKI38T12] SHORT PLAYA KIDS (Marron, 12);SHOUNKI38T12;SHORT PLAYA KIDS;Kids;Marron;12;2,00
GRIETA;[SHOUNKI187T12] SHORT PLAYA KIDS (Azul Pizarra, 12);SHOUNKI187T12;SHORT PLAYA KIDS;Kids;Azul Pizarra;12;2,00
GRIETA;[SHOUNKI186T12] SHORT PLAYA KIDS (Azul Verdoso, 12);SHOUNKI186T12;SHORT PLAYA KIDS;Kids;Azul Verdoso;12;1,00
GRIETA;[SHOUNKI01T6] SHORT PLAYA KIDS (Aguamarina, 6);SHOUNKI01T6;SHORT PLAYA KIDS;Kids;Aguamarina;6;1,00
GRIETA;[SHOUNCA170TXL] SHORT PLAYA CAB (Cereza, XL);SHOUNCA170TXL;SHORT PLAYA CAB;Caballero;Cereza;XL;1,00
GRIETA;[SHOSUKI155T6] SHORT PLAYA ESTAMPADO KIDS (PLAYUELA, 6);SHOSUKI155T6;SHORT PLAYA ESTAMPADO KIDS;Kids;Playuela;6;1,00
SAMBIL;[SHOSUKI153T8] SHORT PLAYA ESTAMPADO KIDS (SAL, 8);SHOSUKI153T8;SHORT PLAYA ESTAMPADO KIDS;Kids;Sal;8;4,00
SAMBIL;[SHOSUKI156T8] SHORT PLAYA ESTAMPADO KIDS (TUCUPIDO, 8);SHOSUKI156T8;SHORT PLAYA ESTAMPADO KIDS;Kids;Tucupido;8;3,00
SAMBIL;[SHOSUKI154T8] SHORT PLAYA ESTAMPADO KIDS (SOMBRERO, 8);SHOSUKI154T8;SHORT PLAYA ESTAMPADO KIDS;Kids;Sombrero;8;1,00
SAMBIL;[SHOSUKI154T10] SHORT PLAYA ESTAMPADO KIDS (SOMBRERO, 10);SHOSUKI154T10;SHORT PLAYA ESTAMPADO KIDS;Kids;Sombrero;10;2,00
SAMBIL;[SHOSUKI156T10] SHORT PLAYA ESTAMPADO KIDS (TUCUPIDO, 10);SHOSUKI156T10;SHORT PLAYA ESTAMPADO KIDS;Kids;Tucupido;10;1,00
SAMBIL;[SHOSUKI154T14] SHORT PLAYA ESTAMPADO KIDS (SOMBRERO, 14);SHOSUKI154T14;SHORT PLAYA ESTAMPADO KIDS;Kids;Sombrero;14;2,00
SAMBIL;[SHOSUKI156T2] SHORT PLAYA ESTAMPADO KIDS (TUCUPIDO, 2);SHOSUKI156T2;SHORT PLAYA ESTAMPADO KIDS;Kids;Tucupido;2;2,00
SAMBIL;[SHOUNKI13T1] SHORT PLAYA KIDS (Azul Rey, 1);SHOUNKI13T1;SHORT PLAYA KIDS;Kids;Azul Rey;1;1,00
SAMBIL;[SHOUNKI12T1] SHORT PLAYA KIDS (Azul Marino, 1);SHOUNKI12T1;SHORT PLAYA KIDS;Kids;Azul Marino;1;1,00
SAMBIL;[SHOUNKI50T1] SHORT PLAYA KIDS (Rojo, 1);SHOUNKI50T1;SHORT PLAYA KIDS;Kids;Rojo;1;1,00
SAMBIL;[SHOUNKI01T1] SHORT PLAYA KIDS (Aguamarina, 1);SHOUNKI01T1;SHORT PLAYA KIDS;Kids;Aguamarina;1;1,00
SAMBIL;[SHOUNKI68T1] SHORT PLAYA KIDS (Verde Oliva, 1);SHOUNKI68T1;SHORT PLAYA KIDS;Kids;Verde Oliva;1;1,00
SAMBIL;[SHOUNKI29T1] SHORT PLAYA KIDS (Gris Azulado, 1);SHOUNKI29T1;SHORT PLAYA KIDS;Kids;Gris Azulado;1;1,00
SAMBIL;[SHOSUKI156T1] SHORT PLAYA ESTAMPADO KIDS (TUCUPIDO, 1);SHOSUKI156T1;SHORT PLAYA ESTAMPADO KIDS;Kids;Tucupido;1;3,00
SAMBIL;[SHOSUKI154T6] SHORT PLAYA ESTAMPADO KIDS (SOMBRERO, 6);SHOSUKI154T6;SHORT PLAYA ESTAMPADO KIDS;Kids;Sombrero;6;3,00
SAMBIL;[SHOSUKI153T6] SHORT PLAYA ESTAMPADO KIDS (SAL, 6);SHOSUKI153T6;SHORT PLAYA ESTAMPADO KIDS;Kids;Sal;6;1,00
SAMBIL;[SHOSUKI156T6] SHORT PLAYA ESTAMPADO KIDS (TUCUPIDO, 6);SHOSUKI156T6;SHORT PLAYA ESTAMPADO KIDS;Kids;Tucupido;6;2,00
SAMBIL;[SHOUNCA187TS] SHORT PLAYA CAB (Azul Pizarra, S);SHOUNCA187TS;SHORT PLAYA CAB;Caballero;Azul Pizarra;S;2,00
SAMBIL;[SHOUNCA170TS] SHORT PLAYA CAB (Cereza, S);SHOUNCA170TS;SHORT PLAYA CAB;Caballero;Cereza;S;2,00
SAMBIL;[SHOUNCA186TS] SHORT PLAYA CAB (Azul Verdoso, S);SHOUNCA186TS;SHORT PLAYA CAB;Caballero;Azul Verdoso;S;6,00
SAMBIL;[SHOUNCA69TS] SHORT PLAYA CAB (Verde Pino, S);SHOUNCA69TS;SHORT PLAYA CAB;Caballero;Verde Pino;S;2,00
SAMBIL;[SHOUNCA38TS] SHORT PLAYA CAB (Marron, S);SHOUNCA38TS;SHORT PLAYA CAB;Caballero;Marron;S;3,00
SAMBIL;[SHOSUCA155TS] SHORT PLAYA ESTAMPADO CAB (PLAYUELA, S);SHOSUCA155TS;SHORT PLAYA ESTAMPADO CAB;Caballero;Playuela;S;3,00
SAMBIL;[SHOSUCA154TS] SHORT PLAYA ESTAMPADO CAB (SOMBRERO, S);SHOSUCA154TS;SHORT PLAYA ESTAMPADO CAB;Caballero;Sombrero;S;4,00
SAMBIL;[SHOUNCA186TM] SHORT PLAYA CAB (Azul Verdoso, M);SHOUNCA186TM;SHORT PLAYA CAB;Caballero;Azul Verdoso;M;2,00
SAMBIL;[SHOUNCA38TM] SHORT PLAYA CAB (Marron, M);SHOUNCA38TM;SHORT PLAYA CAB;Caballero;Marron;M;2,00
SAMBIL;[SHOUNCA69TL] SHORT PLAYA CAB (Verde Pino, L);SHOUNCA69TL;SHORT PLAYA CAB;Caballero;Verde Pino;L;1,00
SAMBIL;[SHOSUCA154TL] SHORT PLAYA ESTAMPADO CAB (SOMBRERO, L);SHOSUCA154TL;SHORT PLAYA ESTAMPADO CAB;Caballero;Sombrero;L;1,00
SAMBIL;[SHOUNCA38TL] SHORT PLAYA CAB (Marron, L);SHOUNCA38TL;SHORT PLAYA CAB;Caballero;Marron;L;5,00
SAMBIL;[SHOUNCA186T2XL] SHORT PLAYA CAB (Azul Verdoso, 2XL);SHOUNCA186T2XL;SHORT PLAYA CAB;Caballero;Azul Verdoso;2XL;1,00
SAMBIL;[SHOUNCA69T2XL] SHORT PLAYA CAB (Verde Pino, 2XL);SHOUNCA69T2XL;SHORT PLAYA CAB;Caballero;Verde Pino;2XL;3,00
SAMBIL;[SHOUNKI33T1] SHORT PLAYA KIDS (Kaki, 1);SHOUNKI33T1;SHORT PLAYA KIDS;Kids;Kaki;1;2,00
SAMBIL;[SHOSUKI156T12] SHORT PLAYA ESTAMPADO KIDS (TUCUPIDO, 12);SHOSUKI156T12;SHORT PLAYA ESTAMPADO KIDS;Kids;Tucupido;12;1,00
SAMBIL;[SHOSUKI154T12] SHORT PLAYA ESTAMPADO KIDS (SOMBRERO, 12);SHOSUKI154T12;SHORT PLAYA ESTAMPADO KIDS;Kids;Sombrero;12;1,00
SAMBIL;[SHOUNCA186TL] SHORT PLAYA CAB (Azul Verdoso, L);SHOUNCA186TL;SHORT PLAYA CAB;Caballero;Azul Verdoso;L;3,00
SAMBIL;[SHOSUCA156TS] SHORT PLAYA ESTAMPADO CAB (TUCUPIDO, S);SHOSUCA156TS;SHORT PLAYA ESTAMPADO CAB;Caballero;Tucupido;S;2,00
SAMBIL;[SHOSUCA156TXL] SHORT PLAYA ESTAMPADO CAB (TUCUPIDO, XL);SHOSUCA156TXL;SHORT PLAYA ESTAMPADO CAB;Caballero;Tucupido;XL;4,00
SAMBIL;[SHOSUCA153TS] SHORT PLAYA ESTAMPADO CAB (SAL, S);SHOSUCA153TS;SHORT PLAYA ESTAMPADO CAB;Caballero;Sal;S;2,00
SAMBIL;[SHOUNCA38TXL] SHORT PLAYA CAB (Marron, XL);SHOUNCA38TXL;SHORT PLAYA CAB;Caballero;Marron;XL;1,00
SAMBIL;[SHOSUKI154T1] SHORT PLAYA ESTAMPADO KIDS (SOMBRERO, 1);SHOSUKI154T1;SHORT PLAYA ESTAMPADO KIDS;Kids;Sombrero;1;1,00
SAMBIL;[SHOUNCA38T2XL] SHORT PLAYA CAB (Marron, 2XL);SHOUNCA38T2XL;SHORT PLAYA CAB;Caballero;Marron;2XL;5,00
SAMBIL;[SHOUNCA170T2XL] SHORT PLAYA CAB (Cereza, 2XL);SHOUNCA170T2XL;SHORT PLAYA CAB;Caballero;Cereza;2XL;2,00
SAMBIL;[SHOSUKI155T10] SHORT PLAYA ESTAMPADO KIDS (PLAYUELA, 10);SHOSUKI155T10;SHORT PLAYA ESTAMPADO KIDS;Kids;Playuela;10;2,00
SAMBIL;[SHOSUKI155T14] SHORT PLAYA ESTAMPADO KIDS (PLAYUELA, 14);SHOSUKI155T14;SHORT PLAYA ESTAMPADO KIDS;Kids;Playuela;14;2,00
SAMBIL;[SHOSUKI155T6] SHORT PLAYA ESTAMPADO KIDS (PLAYUELA, 6);SHOSUKI155T6;SHORT PLAYA ESTAMPADO KIDS;Kids;Playuela;6;2,00
SAMBIL;[SHOSUCA155TXL] SHORT PLAYA ESTAMPADO CAB (PLAYUELA, XL);SHOSUCA155TXL;SHORT PLAYA ESTAMPADO CAB;Caballero;Playuela;XL;4,00
SAMBIL;[SHOSUCA153TM] SHORT PLAYA ESTAMPADO CAB (SAL, M);SHOSUCA153TM;SHORT PLAYA ESTAMPADO CAB;Caballero;Sal;M;1,00
SAMBIL;[SHOSUCA156TM] SHORT PLAYA ESTAMPADO CAB (TUCUPIDO, M);SHOSUCA156TM;SHORT PLAYA ESTAMPADO CAB;Caballero;Tucupido;M;1,00
SAMBIL;[SHOSUKI155T2] SHORT PLAYA ESTAMPADO KIDS (PLAYUELA, 2);SHOSUKI155T2;SHORT PLAYA ESTAMPADO KIDS;Kids;Playuela;2;2,00
SAMBIL;[SHOSUKI156T14] SHORT PLAYA ESTAMPADO KIDS (TUCUPIDO, 14);SHOSUKI156T14;SHORT PLAYA ESTAMPADO KIDS;Kids;Tucupido;14;1,00
SAMBIL;[SHOUNCA186TXL] SHORT PLAYA CAB (Azul Verdoso, XL);SHOUNCA186TXL;SHORT PLAYA CAB;Caballero;Azul Verdoso;XL;1,00
SAMBIL;[SHOSUCA154T2XL] SHORT PLAYA ESTAMPADO CAB (SOMBRERO, 2XL);SHOSUCA154T2XL;SHORT PLAYA ESTAMPADO CAB;Caballero;Sombrero;2XL;1,00
SAMBIL;[SHOSUKI155T8] SHORT PLAYA ESTAMPADO KIDS (PLAYUELA, 8);SHOSUKI155T8;SHORT PLAYA ESTAMPADO KIDS;Kids;Playuela;8;1,00
SAMBIL;[SHOSUKI155T12] SHORT PLAYA ESTAMPADO KIDS (PLAYUELA, 12);SHOSUKI155T12;SHORT PLAYA ESTAMPADO KIDS;Kids;Playuela;12;1,00
SAMBIL;[SHOSUCA155T2XL] SHORT PLAYA ESTAMPADO CAB (PLAYUELA, 2XL);SHOSUCA155T2XL;SHORT PLAYA ESTAMPADO CAB;Caballero;Playuela;2XL;2,00
SAMBIL;[SHOSUCA154TXL] SHORT PLAYA ESTAMPADO CAB (SOMBRERO, XL);SHOSUCA154TXL;SHORT PLAYA ESTAMPADO CAB;Caballero;Sombrero;XL;2,00
SAMBIL;[SHOSUKI153T4] SHORT PLAYA ESTAMPADO KIDS (SAL, 4);SHOSUKI153T4;SHORT PLAYA ESTAMPADO KIDS;Kids;Sal;4;2,00
SAMBIL;[SHOSUKI153T14] SHORT PLAYA ESTAMPADO KIDS (SAL, 14);SHOSUKI153T14;SHORT PLAYA ESTAMPADO KIDS;Kids;Sal;14;2,00
SAMBIL;[SHOSUKI153T10] SHORT PLAYA ESTAMPADO KIDS (SAL, 10);SHOSUKI153T10;SHORT PLAYA ESTAMPADO KIDS;Kids;Sal;10;1,00
SAMBIL;[SHOSUKI154T4] SHORT PLAYA ESTAMPADO KIDS (SOMBRERO, 4);SHOSUKI154T4;SHORT PLAYA ESTAMPADO KIDS;Kids;Sombrero;4;1,00
SAMBIL;[SHOSUKI153T12] SHORT PLAYA ESTAMPADO KIDS (SAL, 12);SHOSUKI153T12;SHORT PLAYA ESTAMPADO KIDS;Kids;Sal;12;3,00
SAMBIL;[SHOSUKI155T4] SHORT PLAYA ESTAMPADO KIDS (PLAYUELA, 4);SHOSUKI155T4;SHORT PLAYA ESTAMPADO KIDS;Kids;Playuela;4;1,00
SAMBIL;[SHOSUKI154T2] SHORT PLAYA ESTAMPADO KIDS (SOMBRERO, 2);SHOSUKI154T2;SHORT PLAYA ESTAMPADO KIDS;Kids;Sombrero;2;1,00
SAMBIL;[SHOSUKI154T1] SHORT PLAYA ESTAMPADO KIDS (SOMBRERO, 1);SHOSUKI154T1;SHORT PLAYA ESTAMPADO KIDS;Kids;Sombrero;1;1,00
SAMBIL;[SHOSUKI154T4] SHORT PLAYA ESTAMPADO KIDS (SOMBRERO, 4);SHOSUKI154T4;SHORT PLAYA ESTAMPADO KIDS;Kids;Sombrero;4;1,00
SAMBIL;[SHOSUKI154T6] SHORT PLAYA ESTAMPADO KIDS (SOMBRERO, 6);SHOSUKI154T6;SHORT PLAYA ESTAMPADO KIDS;Kids;Sombrero;6;1,00
SAMBIL;[SHOSUKI156T1] SHORT PLAYA ESTAMPADO KIDS (TUCUPIDO, 1);SHOSUKI156T1;SHORT PLAYA ESTAMPADO KIDS;Kids;Tucupido;1;1,00
SAMBIL;[SHOSUKI156T6] SHORT PLAYA ESTAMPADO KIDS (TUCUPIDO, 6);SHOSUKI156T6;SHORT PLAYA ESTAMPADO KIDS;Kids;Tucupido;6;1,00
SAMBIL;[SHOUNKI01T1] SHORT PLAYA KIDS (Aguamarina, 1);SHOUNKI01T1;SHORT PLAYA KIDS;Kids;Aguamarina;1;1,00
SAMBIL;[SHOUNKI12T1] SHORT PLAYA KIDS (Azul Marino, 1);SHOUNKI12T1;SHORT PLAYA KIDS;Kids;Azul Marino;1;1,00
SAMBIL;[SHOUNKI57T2] SHORT PLAYA KIDS (Terracota, 2);SHOUNKI57T2;SHORT PLAYA KIDS;Kids;Terracota;2;1,00
SAMBIL;[SHOUNKI57T1] SHORT PLAYA KIDS (Terracota, 1);SHOUNKI57T1;SHORT PLAYA KIDS;Kids;Terracota;1;1,00
SAMBIL;[SHOUNKI50T1] SHORT PLAYA KIDS (Rojo, 1);SHOUNKI50T1;SHORT PLAYA KIDS;Kids;Rojo;1;1,00
SAMBIL;[SHOUNKI33T1] SHORT PLAYA KIDS (Kaki, 1);SHOUNKI33T1;SHORT PLAYA KIDS;Kids;Kaki;1;1,00
SAMBIL;[SHOUNKI29T1] SHORT PLAYA KIDS (Gris Azulado, 1);SHOUNKI29T1;SHORT PLAYA KIDS;Kids;Gris Azulado;1;1,00
SAMBIL;[SHOUNKI13T1] SHORT PLAYA KIDS (Azul Rey, 1);SHOUNKI13T1;SHORT PLAYA KIDS;Kids;Azul Rey;1;1,00
SAMBIL;[SHOUNKI68T10] SHORT PLAYA KIDS (Verde Oliva, 10);SHOUNKI68T10;SHORT PLAYA KIDS;Kids;Verde Oliva;10;1,00
SAMBIL;[SHOUNKI68T1] SHORT PLAYA KIDS (Verde Oliva, 1);SHOUNKI68T1;SHORT PLAYA KIDS;Kids;Verde Oliva;1;1,00
SAMBIL;[SHOSUCA156TXL] SHORT PLAYA ESTAMPADO CAB (TUCUPIDO, XL);SHOSUCA156TXL;SHORT PLAYA ESTAMPADO CAB;Caballero;Tucupido;XL;1,00
SAMBIL;[SHOUNCA38TM] SHORT PLAYA CAB (Marron, M);SHOUNCA38TM;SHORT PLAYA CAB;Caballero;Marron;M;1,00
SAMBIL;[SHOSUKI154T10] SHORT PLAYA ESTAMPADO KIDS (SOMBRERO, 10);SHOSUKI154T10;SHORT PLAYA ESTAMPADO KIDS;Kids;Sombrero;10;3,00
SAMBIL;[SHOSUKI156T8] SHORT PLAYA ESTAMPADO KIDS (TUCUPIDO, 8);SHOSUKI156T8;SHORT PLAYA ESTAMPADO KIDS;Kids;Tucupido;8;1,00
SAMBIL;[SHOSUKI153T8] SHORT PLAYA ESTAMPADO KIDS (SAL, 8);SHOSUKI153T8;SHORT PLAYA ESTAMPADO KIDS;Kids;Sal;8;2,00
SAMBIL;[SHOSUCA155TS] SHORT PLAYA ESTAMPADO CAB (PLAYUELA, S);SHOSUCA155TS;SHORT PLAYA ESTAMPADO CAB;Caballero;Playuela;S;1,00
SAMBIL;[SHOUNCA170TS] SHORT PLAYA CAB (Cereza, S);SHOUNCA170TS;SHORT PLAYA CAB;Caballero;Cereza;S;1,00
SAMBIL;[SHOUNCA186TXL] SHORT PLAYA CAB (Azul Verdoso, XL);SHOUNCA186TXL;SHORT PLAYA CAB;Caballero;Azul Verdoso;XL;1,00
SAMBIL;[SHOSUKI156T2] SHORT PLAYA ESTAMPADO KIDS (TUCUPIDO, 2);SHOSUKI156T2;SHORT PLAYA ESTAMPADO KIDS;Kids;Tucupido;2;1,00
SAMBIL;[SHOUNCA38TS] SHORT PLAYA CAB (Marron, S);SHOUNCA38TS;SHORT PLAYA CAB;Caballero;Marron;S;1,00
SAMBIL;[SHOSUCA155TXL] SHORT PLAYA ESTAMPADO CAB (PLAYUELA, XL);SHOSUCA155TXL;SHORT PLAYA ESTAMPADO CAB;Caballero;Playuela;XL;1,00
SAMBIL;[SHOUNCA187TS] SHORT PLAYA CAB (Azul Pizarra, S);SHOUNCA187TS;SHORT PLAYA CAB;Caballero;Azul Pizarra;S;1,00
SAMBIL;[SHOSUKI154T8] SHORT PLAYA ESTAMPADO KIDS (SOMBRERO, 8);SHOSUKI154T8;SHORT PLAYA ESTAMPADO KIDS;Kids;Sombrero;8;1,00
SAMBIL;[SHOUNCA38T2XL] SHORT PLAYA CAB (Marron, 2XL);SHOUNCA38T2XL;SHORT PLAYA CAB;Caballero;Marron;2XL;1,00
SAMBIL;[SHOSUCA156TS] SHORT PLAYA ESTAMPADO CAB (TUCUPIDO, S);SHOSUCA156TS;SHORT PLAYA ESTAMPADO CAB;Caballero;Tucupido;S;2,00
SAMBIL;[SHOUNCA69TS] SHORT PLAYA CAB (Verde Pino, S);SHOUNCA69TS;SHORT PLAYA CAB;Caballero;Verde Pino;S;1,00
SAMBIL;[SHOSUKI153T6] SHORT PLAYA ESTAMPADO KIDS (SAL, 6);SHOSUKI153T6;SHORT PLAYA ESTAMPADO KIDS;Kids;Sal;6;1,00
SAMBIL;[SHOSUKI153T12] SHORT PLAYA ESTAMPADO KIDS (SAL, 12);SHOSUKI153T12;SHORT PLAYA ESTAMPADO KIDS;Kids;Sal;12;1,00
SAMBIL;[SHOSUCA154TS] SHORT PLAYA ESTAMPADO CAB (SOMBRERO, S);SHOSUCA154TS;SHORT PLAYA ESTAMPADO CAB;Caballero;Sombrero;S;1,00
SAMBIL;[SHOSUCA153TS] SHORT PLAYA ESTAMPADO CAB (SAL, S);SHOSUCA153TS;SHORT PLAYA ESTAMPADO CAB;Caballero;Sal;S;1,00
SAMBIL;[SHOUNCA170TL] SHORT PLAYA CAB (Cereza, L);SHOUNCA170TL;SHORT PLAYA CAB;Caballero;Cereza;L;1,00
SAMBIL;[SHOSUKI155T12] SHORT PLAYA ESTAMPADO KIDS (PLAYUELA, 12);SHOSUKI155T12;SHORT PLAYA ESTAMPADO KIDS;Kids;Playuela;12;1,00
SAMBIL;[SHOUNCA170TXL] SHORT PLAYA CAB (Cereza, XL);SHOUNCA170TXL;SHORT PLAYA CAB;Caballero;Cereza;XL;1,00
SAMBIL;[SHOSUKI155T2] SHORT PLAYA ESTAMPADO KIDS (PLAYUELA, 2);SHOSUKI155T2;SHORT PLAYA ESTAMPADO KIDS;Kids;Playuela;2;1,00
SAMBIL;[SHOSUKI155T8] SHORT PLAYA ESTAMPADO KIDS (PLAYUELA, 8);SHOSUKI155T8;SHORT PLAYA ESTAMPADO KIDS;Kids;Playuela;8;1,00
SAMBIL;[SHOSUKI156T14] SHORT PLAYA ESTAMPADO KIDS (TUCUPIDO, 14);SHOSUKI156T14;SHORT PLAYA ESTAMPADO KIDS;Kids;Tucupido;14;1,00
SAMBIL;[SHOSUCA154TXL] SHORT PLAYA ESTAMPADO CAB (SOMBRERO, XL);SHOSUCA154TXL;SHORT PLAYA ESTAMPADO CAB;Caballero;Sombrero;XL;1,00
SAMBIL;[SHOSUKI154T2] SHORT PLAYA ESTAMPADO KIDS (SOMBRERO, 2);SHOSUKI154T2;SHORT PLAYA ESTAMPADO KIDS;Kids;Sombrero;2;1,00
SAMBIL;[SHOSUKI153T14] SHORT PLAYA ESTAMPADO KIDS (SAL, 14);SHOSUKI153T14;SHORT PLAYA ESTAMPADO KIDS;Kids;Sal;14;1,00
SAMBIL;[SHOSUKI156T12] SHORT PLAYA ESTAMPADO KIDS (TUCUPIDO, 12);SHOSUKI156T12;SHORT PLAYA ESTAMPADO KIDS;Kids;Tucupido;12;1,00
SAMBIL;[SHOSUCA156TM] SHORT PLAYA ESTAMPADO CAB (TUCUPIDO, M);SHOSUCA156TM;SHORT PLAYA ESTAMPADO CAB;Caballero;Tucupido;M;1,00
SAMBIL;[SHOSUKI154T14] SHORT PLAYA ESTAMPADO KIDS (SOMBRERO, 14);SHOSUKI154T14;SHORT PLAYA ESTAMPADO KIDS;Kids;Sombrero;14;1,00
SAMBIL;[SHOSUKI153T4] SHORT PLAYA ESTAMPADO KIDS (SAL, 4);SHOSUKI153T4;SHORT PLAYA ESTAMPADO KIDS;Kids;Sal;4;1,00
SAMBIL;[SHOSUKI153T10] SHORT PLAYA ESTAMPADO KIDS (SAL, 10);SHOSUKI153T10;SHORT PLAYA ESTAMPADO KIDS;Kids;Sal;10;1,00
SAMBIL;[SHOSUKI155T6] SHORT PLAYA ESTAMPADO KIDS (PLAYUELA, 6);SHOSUKI155T6;SHORT PLAYA ESTAMPADO KIDS;Kids;Playuela;6;1,00
SAMBIL;[SHOSUKI155T10] SHORT PLAYA ESTAMPADO KIDS (PLAYUELA, 10);SHOSUKI155T10;SHORT PLAYA ESTAMPADO KIDS;Kids;Playuela;10;1,00
SAMBIL;[SHOSUKI155T14] SHORT PLAYA ESTAMPADO KIDS (PLAYUELA, 14);SHOSUKI155T14;SHORT PLAYA ESTAMPADO KIDS;Kids;Playuela;14;1,00
SAMBIL;[SHOSUKI155T4] SHORT PLAYA ESTAMPADO KIDS (PLAYUELA, 4);SHOSUKI155T4;SHORT PLAYA ESTAMPADO KIDS;Kids;Playuela;4;1,00
SAMBIL;[SHOSUKI154T12] SHORT PLAYA ESTAMPADO KIDS (SOMBRERO, 12);SHOSUKI154T12;SHORT PLAYA ESTAMPADO KIDS;Kids;Sombrero;12;1,00
SAMBIL;[SHOSUKI156T10] SHORT PLAYA ESTAMPADO KIDS (TUCUPIDO, 10);SHOSUKI156T10;SHORT PLAYA ESTAMPADO KIDS;Kids;Tucupido;10;1,00
SAMBIL;[SHOUNCA187TXL] SHORT PLAYA CAB (Azul Pizarra, XL);SHOUNCA187TXL;SHORT PLAYA CAB;Caballero;Azul Pizarra;XL;1,00
SAMBIL;[SHOSUCA155TM] SHORT PLAYA ESTAMPADO CAB (PLAYUELA, M);SHOSUCA155TM;SHORT PLAYA ESTAMPADO CAB;Caballero;Playuela;M;1,00
SAMBIL;[SHOSUCA154TM] SHORT PLAYA ESTAMPADO CAB (SOMBRERO, M);SHOSUCA154TM;SHORT PLAYA ESTAMPADO CAB;Caballero;Sombrero;M;1,00
TALLER;[SHOUNKI69T2] SHORT PLAYA KIDS (Verde Pino, 2);SHOUNKI69T2;SHORT PLAYA KIDS;Kids;Verde Pino;2;6,00
TALLER;[SHOUNKI170T4] SHORT PLAYA KIDS (Cereza, 4);SHOUNKI170T4;SHORT PLAYA KIDS;Kids;Cereza;4;15,00
TALLER;[SHOUNKI187T6] SHORT PLAYA KIDS (Azul Pizarra, 6);SHOUNKI187T6;SHORT PLAYA KIDS;Kids;Azul Pizarra;6;11,00
TALLER;[SHOUNKI170T2] SHORT PLAYA KIDS (Cereza, 2);SHOUNKI170T2;SHORT PLAYA KIDS;Kids;Cereza;2;10,00
TALLER;[SHOUNKI170T14] SHORT PLAYA KIDS (Cereza, 14);SHOUNKI170T14;SHORT PLAYA KIDS;Kids;Cereza;14;11,00
TALLER;[SHOUNKI170T8] SHORT PLAYA KIDS (Cereza, 8);SHOUNKI170T8;SHORT PLAYA KIDS;Kids;Cereza;8;18,00
TALLER;[SHOUNKI38T14] SHORT PLAYA KIDS (Marron, 14);SHOUNKI38T14;SHORT PLAYA KIDS;Kids;Marron;14;27,00
TALLER;[SHOUNKI38T8] SHORT PLAYA KIDS (Marron, 8);SHOUNKI38T8;SHORT PLAYA KIDS;Kids;Marron;8;21,00
TALLER;[SHOUNKI38T10] SHORT PLAYA KIDS (Marron, 10);SHOUNKI38T10;SHORT PLAYA KIDS;Kids;Marron;10;26,00
TALLER;[SHOUNKI38T4] SHORT PLAYA KIDS (Marron, 4);SHOUNKI38T4;SHORT PLAYA KIDS;Kids;Marron;4;5,00
TALLER;[SHOSUKI156T12] SHORT PLAYA ESTAMPADO KIDS (TUCUPIDO, 12);SHOSUKI156T12;SHORT PLAYA ESTAMPADO KIDS;Kids;Tucupido;12;2,00
TALLER;[SHOUNKI12T8] SHORT PLAYA KIDS (Azul Marino, 8);SHOUNKI12T8;SHORT PLAYA KIDS;Kids;Azul Marino;8;18,00
TALLER;[SHOUNKI12T4] SHORT PLAYA KIDS (Azul Marino, 4);SHOUNKI12T4;SHORT PLAYA KIDS;Kids;Azul Marino;4;16,00
TALLER;[SHOUNKI23T4] SHORT PLAYA KIDS (Coral, 4);SHOUNKI23T4;SHORT PLAYA KIDS;Kids;Coral;4;14,00
TALLER;[SHOUNKI187T4] SHORT PLAYA KIDS (Azul Pizarra, 4);SHOUNKI187T4;SHORT PLAYA KIDS;Kids;Azul Pizarra;4;9,00
TALLER;[SHOUNKI68T10] SHORT PLAYA KIDS (Verde Oliva, 10);SHOUNKI68T10;SHORT PLAYA KIDS;Kids;Verde Oliva;10;7,00
TALLER;[SHOSUKI153T1] SHORT PLAYA ESTAMPADO KIDS (SAL, 1);SHOSUKI153T1;SHORT PLAYA ESTAMPADO KIDS;Kids;Sal;1;9,00
TALLER;[SHOSUKI153T6] SHORT PLAYA ESTAMPADO KIDS (SAL, 6);SHOSUKI153T6;SHORT PLAYA ESTAMPADO KIDS;Kids;Sal;6;8,00
TALLER;[SHOSUKI153T8] SHORT PLAYA ESTAMPADO KIDS (SAL, 8);SHOSUKI153T8;SHORT PLAYA ESTAMPADO KIDS;Kids;Sal;8;6,00
TALLER;[SHOUNKI186T8] SHORT PLAYA KIDS (Azul Verdoso, 8);SHOUNKI186T8;SHORT PLAYA KIDS;Kids;Azul Verdoso;8;14,00
TALLER;[SHOUNKI186T6] SHORT PLAYA KIDS (Azul Verdoso, 6);SHOUNKI186T6;SHORT PLAYA KIDS;Kids;Azul Verdoso;6;3,00
TALLER;[SHOUNKI186T4] SHORT PLAYA KIDS (Azul Verdoso, 4);SHOUNKI186T4;SHORT PLAYA KIDS;Kids;Azul Verdoso;4;2,00
TALLER;[SHOUNKI186T14] SHORT PLAYA KIDS (Azul Verdoso, 14);SHOUNKI186T14;SHORT PLAYA KIDS;Kids;Azul Verdoso;14;27,00
TALLER;[SHOUNKI33T10] SHORT PLAYA KIDS (Kaki, 10);SHOUNKI33T10;SHORT PLAYA KIDS;Kids;Kaki;10;2,00
TALLER;[SHOUNKI33T8] SHORT PLAYA KIDS (Kaki, 8);SHOUNKI33T8;SHORT PLAYA KIDS;Kids;Kaki;8;5,00
TALLER;[SHOSUKI155T1] SHORT PLAYA ESTAMPADO KIDS (PLAYUELA, 1);SHOSUKI155T1;SHORT PLAYA ESTAMPADO KIDS;Kids;Playuela;1;4,00
TALLER;[SHOSUKI156T6] SHORT PLAYA ESTAMPADO KIDS (TUCUPIDO, 6);SHOSUKI156T6;SHORT PLAYA ESTAMPADO KIDS;Kids;Tucupido;6;1,00
TALLER;[SHOSUKI156T8] SHORT PLAYA ESTAMPADO KIDS (TUCUPIDO, 8);SHOSUKI156T8;SHORT PLAYA ESTAMPADO KIDS;Kids;Tucupido;8;6,00
TALLER;[SHOUNKI38T2] SHORT PLAYA KIDS (Marron, 2);SHOUNKI38T2;SHORT PLAYA KIDS;Kids;Marron;2;10,00
TALLER;[SHOUNKI33T6] SHORT PLAYA KIDS (Kaki, 6);SHOUNKI33T6;SHORT PLAYA KIDS;Kids;Kaki;6;1,00
TALLER;[SHOUNKI33T4] SHORT PLAYA KIDS (Kaki, 4);SHOUNKI33T4;SHORT PLAYA KIDS;Kids;Kaki;4;4,00
TALLER;[SHOUNKI50T4] SHORT PLAYA KIDS (Rojo, 4);SHOUNKI50T4;SHORT PLAYA KIDS;Kids;Rojo;4;7,00
TALLER;[SHOUNKI50T1] SHORT PLAYA KIDS (Rojo, 1);SHOUNKI50T1;SHORT PLAYA KIDS;Kids;Rojo;1;3,00
TALLER;[SHOUNKI50T8] SHORT PLAYA KIDS (Rojo, 8);SHOUNKI50T8;SHORT PLAYA KIDS;Kids;Rojo;8;4,00
TALLER;[SHOUNKI186T10] SHORT PLAYA KIDS (Azul Verdoso, 10);SHOUNKI186T10;SHORT PLAYA KIDS;Kids;Azul Verdoso;10;10,00
TALLER;[SHOUNKI187T14] SHORT PLAYA KIDS (Azul Pizarra, 14);SHOUNKI187T14;SHORT PLAYA KIDS;Kids;Azul Pizarra;14;27,00
TALLER;[SHOUNKI23T12] SHORT PLAYA KIDS (Coral, 12);SHOUNKI23T12;SHORT PLAYA KIDS;Kids;Coral;12;1,00
TALLER;[SHOUNKI12T6] SHORT PLAYA KIDS (Azul Marino, 6);SHOUNKI12T6;SHORT PLAYA KIDS;Kids;Azul Marino;6;5,00
TALLER;[SHOUNKI12T10] SHORT PLAYA KIDS (Azul Marino, 10);SHOUNKI12T10;SHORT PLAYA KIDS;Kids;Azul Marino;10;13,00
TALLER;[SHOUNKI29T6] SHORT PLAYA KIDS (Gris Azulado, 6);SHOUNKI29T6;SHORT PLAYA KIDS;Kids;Gris Azulado;6;3,00
TALLER;[SHOUNKI29T10] SHORT PLAYA KIDS (Gris Azulado, 10);SHOUNKI29T10;SHORT PLAYA KIDS;Kids;Gris Azulado;10;2,00
TALLER;[SHOUNKI68T4] SHORT PLAYA KIDS (Verde Oliva, 4);SHOUNKI68T4;SHORT PLAYA KIDS;Kids;Verde Oliva;4;17,00
TALLER;[SHOUNKI68T8] SHORT PLAYA KIDS (Verde Oliva, 8);SHOUNKI68T8;SHORT PLAYA KIDS;Kids;Verde Oliva;8;14,00
TALLER;[SHOUNKI29T4] SHORT PLAYA KIDS (Gris Azulado, 4);SHOUNKI29T4;SHORT PLAYA KIDS;Kids;Gris Azulado;4;1,00
TALLER;[SHOUNKI29T8] SHORT PLAYA KIDS (Gris Azulado, 8);SHOUNKI29T8;SHORT PLAYA KIDS;Kids;Gris Azulado;8;5,00
TALLER;[SHOUNKI13T6] SHORT PLAYA KIDS (Azul Rey, 6);SHOUNKI13T6;SHORT PLAYA KIDS;Kids;Azul Rey;6;3,00
TALLER;[SHOUNKI13T8] SHORT PLAYA KIDS (Azul Rey, 8);SHOUNKI13T8;SHORT PLAYA KIDS;Kids;Azul Rey;8;2,00
TALLER;[SHOUNKI01T8] SHORT PLAYA KIDS (Aguamarina, 8);SHOUNKI01T8;SHORT PLAYA KIDS;Kids;Aguamarina;8;10,00
TALLER;[SHOUNKI01T1] SHORT PLAYA KIDS (Aguamarina, 1);SHOUNKI01T1;SHORT PLAYA KIDS;Kids;Aguamarina;1;4,00
TALLER;[SHOUNKI01T6] SHORT PLAYA KIDS (Aguamarina, 6);SHOUNKI01T6;SHORT PLAYA KIDS;Kids;Aguamarina;6;4,00
TALLER;[SHOUNKI187T8] SHORT PLAYA KIDS (Azul Pizarra, 8);SHOUNKI187T8;SHORT PLAYA KIDS;Kids;Azul Pizarra;8;26,00
TALLER;[SHOSUKI154T6] SHORT PLAYA ESTAMPADO KIDS (SOMBRERO, 6);SHOSUKI154T6;SHORT PLAYA ESTAMPADO KIDS;Kids;Sombrero;6;17,00
TALLER;[SHOSUKI154T10] SHORT PLAYA ESTAMPADO KIDS (SOMBRERO, 10);SHOSUKI154T10;SHORT PLAYA ESTAMPADO KIDS;Kids;Sombrero;10;4,00
TALLER;[SHOSUKI154T12] SHORT PLAYA ESTAMPADO KIDS (SOMBRERO, 12);SHOSUKI154T12;SHORT PLAYA ESTAMPADO KIDS;Kids;Sombrero;12;11,00
TALLER;[SHOSUKI154T8] SHORT PLAYA ESTAMPADO KIDS (SOMBRERO, 8);SHOSUKI154T8;SHORT PLAYA ESTAMPADO KIDS;Kids;Sombrero;8;2,00
TALLER;[SHOUNKI57T4] SHORT PLAYA KIDS (Terracota, 4);SHOUNKI57T4;SHORT PLAYA KIDS;Kids;Terracota;4;7,00
TALLER;[SHOSUKI111T1] SHORT PLAYA ESTAMPADO KIDS (CRASQUI, 1);SHOSUKI111T1;SHORT PLAYA ESTAMPADO KIDS;Kids;Crasqui;1;3,00
TALLER;[SHOSUKI104T2] SHORT PLAYA ESTAMPADO KIDS (BLACK ABSTRACT, 2);SHOSUKI104T2;SHORT PLAYA ESTAMPADO KIDS;Kids;Black Abstract;2;5,00
TALLER;[SHOUNKI13T1] SHORT PLAYA KIDS (Azul Rey, 1);SHOUNKI13T1;SHORT PLAYA KIDS;Kids;Azul Rey;1;1,00
TALLER;[SHOSUKI104T4] SHORT PLAYA ESTAMPADO KIDS (BLACK ABSTRACT, 4);SHOSUKI104T4;SHORT PLAYA ESTAMPADO KIDS;Kids;Black Abstract;4;1,00
TALLER;[SHOUNKI68T6] SHORT PLAYA KIDS (Verde Oliva, 6);SHOUNKI68T6;SHORT PLAYA KIDS;Kids;Verde Oliva;6;11,00
TALLER;[SHOUNKI68T14] SHORT PLAYA KIDS (Verde Oliva, 14);SHOUNKI68T14;SHORT PLAYA KIDS;Kids;Verde Oliva;14;1,00
TALLER;[SHOUNKI57T6] SHORT PLAYA KIDS (Terracota, 6);SHOUNKI57T6;SHORT PLAYA KIDS;Kids;Terracota;6;3,00
TALLER;[SHOUNKI57T1] SHORT PLAYA KIDS (Terracota, 1);SHOUNKI57T1;SHORT PLAYA KIDS;Kids;Terracota;1;4,00
TALLER;[SHOUNKI57T10] SHORT PLAYA KIDS (Terracota, 10);SHOUNKI57T10;SHORT PLAYA KIDS;Kids;Terracota;10;2,00
TALLER;[SHOUNKI187T12] SHORT PLAYA KIDS (Azul Pizarra, 12);SHOUNKI187T12;SHORT PLAYA KIDS;Kids;Azul Pizarra;12;22,00
TALLER;[SHOUNKI38T6] SHORT PLAYA KIDS (Marron, 6);SHOUNKI38T6;SHORT PLAYA KIDS;Kids;Marron;6;10,00
TALLER;[SHOUNKI186T12] SHORT PLAYA KIDS (Azul Verdoso, 12);SHOUNKI186T12;SHORT PLAYA KIDS;Kids;Azul Verdoso;12;14,00
TALLER;[SHOSUCA155TXL] SHORT PLAYA ESTAMPADO CAB (PLAYUELA, XL);SHOSUCA155TXL;SHORT PLAYA ESTAMPADO CAB;Caballero;Playuela;XL;-13,00
TALLER;[SHOUNKI186T2] SHORT PLAYA KIDS (Azul Verdoso, 2);SHOUNKI186T2;SHORT PLAYA KIDS;Kids;Azul Verdoso;2;11,00
TALLER;[SHOUNKI01T10] SHORT PLAYA KIDS (Aguamarina, 10);SHOUNKI01T10;SHORT PLAYA KIDS;Kids;Aguamarina;10;1,00
TALLER;[SHOUNKI69T12] SHORT PLAYA KIDS (Verde Pino, 12);SHOUNKI69T12;SHORT PLAYA KIDS;Kids;Verde Pino;12;26,00
TALLER;[SHOUNKI69T6] SHORT PLAYA KIDS (Verde Pino, 6);SHOUNKI69T6;SHORT PLAYA KIDS;Kids;Verde Pino;6;8,00
TALLER;[SHOUNKI170T12] SHORT PLAYA KIDS (Cereza, 12);SHOUNKI170T12;SHORT PLAYA KIDS;Kids;Cereza;12;8,00
TALLER;[SHOUNKI38T12] SHORT PLAYA KIDS (Marron, 12);SHOUNKI38T12;SHORT PLAYA KIDS;Kids;Marron;12;25,00
TALLER;[SHOUNKI69T8] SHORT PLAYA KIDS (Verde Pino, 8);SHOUNKI69T8;SHORT PLAYA KIDS;Kids;Verde Pino;8;18,00
TALLER;[SHOUNCA38TS] SHORT PLAYA CAB (Marron, S);SHOUNCA38TS;SHORT PLAYA CAB;Caballero;Marron;S;15,00
TALLER;[SHOUNCA38T2XL] SHORT PLAYA CAB (Marron, 2XL);SHOUNCA38T2XL;SHORT PLAYA CAB;Caballero;Marron;2XL;1,00
TALLER;[SHOUNCA186TS] SHORT PLAYA CAB (Azul Verdoso, S);SHOUNCA186TS;SHORT PLAYA CAB;Caballero;Azul Verdoso;S;20,00
TALLER;[SHOUNCA186TL] SHORT PLAYA CAB (Azul Verdoso, L);SHOUNCA186TL;SHORT PLAYA CAB;Caballero;Azul Verdoso;L;11,00
TALLER;[SHOUNCA186TXL] SHORT PLAYA CAB (Azul Verdoso, XL);SHOUNCA186TXL;SHORT PLAYA CAB;Caballero;Azul Verdoso;XL;2,00
TALLER;[SHOUNCA186TM] SHORT PLAYA CAB (Azul Verdoso, M);SHOUNCA186TM;SHORT PLAYA CAB;Caballero;Azul Verdoso;M;12,00
TALLER;[SHOUNCA186T2XL] SHORT PLAYA CAB (Azul Verdoso, 2XL);SHOUNCA186T2XL;SHORT PLAYA CAB;Caballero;Azul Verdoso;2XL;1,00
TALLER;[SHOUNCA69TXL] SHORT PLAYA CAB (Verde Pino, XL);SHOUNCA69TXL;SHORT PLAYA CAB;Caballero;Verde Pino;XL;2,00
TALLER;[SHOUNCA69T2XL] SHORT PLAYA CAB (Verde Pino, 2XL);SHOUNCA69T2XL;SHORT PLAYA CAB;Caballero;Verde Pino;2XL;4,00
TALLER;[SHOUNCA69TS] SHORT PLAYA CAB (Verde Pino, S);SHOUNCA69TS;SHORT PLAYA CAB;Caballero;Verde Pino;S;10,00
TALLER;[SHOUNCA170TL] SHORT PLAYA CAB (Cereza, L);SHOUNCA170TL;SHORT PLAYA CAB;Caballero;Cereza;L;2,00
TALLER;[SHOUNCA170TS] SHORT PLAYA CAB (Cereza, S);SHOUNCA170TS;SHORT PLAYA CAB;Caballero;Cereza;S;10,00
TALLER;[SHOUNCA170TM] SHORT PLAYA CAB (Cereza, M);SHOUNCA170TM;SHORT PLAYA CAB;Caballero;Cereza;M;-1,00
TALLER;[SHOUNCA170T2XL] SHORT PLAYA CAB (Cereza, 2XL);SHOUNCA170T2XL;SHORT PLAYA CAB;Caballero;Cereza;2XL;7,00
TALLER;[SHOUNCA187TL] SHORT PLAYA CAB (Azul Pizarra, L);SHOUNCA187TL;SHORT PLAYA CAB;Caballero;Azul Pizarra;L;2,00
TALLER;[SHOUNCA187TS] SHORT PLAYA CAB (Azul Pizarra, S);SHOUNCA187TS;SHORT PLAYA CAB;Caballero;Azul Pizarra;S;8,00
TALLER;[SHOSUCA156TXL] SHORT PLAYA ESTAMPADO CAB (TUCUPIDO, XL);SHOSUCA156TXL;SHORT PLAYA ESTAMPADO CAB;Caballero;Tucupido;XL;-4,00
TALLER;[SHOSUCA155TM] SHORT PLAYA ESTAMPADO CAB (PLAYUELA, M);SHOSUCA155TM;SHORT PLAYA ESTAMPADO CAB;Caballero;Playuela;M;-2,00
TALLER;[SHOSUCA153TM] SHORT PLAYA ESTAMPADO CAB (SAL, M);SHOSUCA153TM;SHORT PLAYA ESTAMPADO CAB;Caballero;Sal;M;-1,00
TALLER;[SHOSUCA153TL] SHORT PLAYA ESTAMPADO CAB (SAL, L);SHOSUCA153TL;SHORT PLAYA ESTAMPADO CAB;Caballero;Sal;L;-3,00
TALLER;[SHOSUCA154TL] SHORT PLAYA ESTAMPADO CAB (SOMBRERO, L);SHOSUCA154TL;SHORT PLAYA ESTAMPADO CAB;Caballero;Sombrero;L;3,00
TALLER;[SHOSUCA154TM] SHORT PLAYA ESTAMPADO CAB (SOMBRERO, M);SHOSUCA154TM;SHORT PLAYA ESTAMPADO CAB;Caballero;Sombrero;M;9,00
TALLER;[SHOUNKI170T6] SHORT PLAYA KIDS (Cereza, 6);SHOUNKI170T6;SHORT PLAYA KIDS;Kids;Cereza;6;3,00
TALLER;[SHOUNKI170T10] SHORT PLAYA KIDS (Cereza, 10);SHOUNKI170T10;SHORT PLAYA KIDS;Kids;Cereza;10;12,00
TALLER;[SHOUNKI187T2] SHORT PLAYA KIDS (Azul Pizarra, 2);SHOUNKI187T2;SHORT PLAYA KIDS;Kids;Azul Pizarra;2;16,00
TALLER;[SHOUNKI69T10] SHORT PLAYA KIDS (Verde Pino, 10);SHOUNKI69T10;SHORT PLAYA KIDS;Kids;Verde Pino;10;24,00
TALLER;[SHOUNKI187T10] SHORT PLAYA KIDS (Azul Pizarra, 10);SHOUNKI187T10;SHORT PLAYA KIDS;Kids;Azul Pizarra;10;27,00
TALLER;[SHOUNKI69T14] SHORT PLAYA KIDS (Verde Pino, 14);SHOUNKI69T14;SHORT PLAYA KIDS;Kids;Verde Pino;14;20,00
TALLER;[SHOSUKI155T14] SHORT PLAYA ESTAMPADO KIDS (PLAYUELA, 14);SHOSUKI155T14;SHORT PLAYA ESTAMPADO KIDS;Kids;Playuela;14;-4,00
TALLER;[SHOSUKI155T2] SHORT PLAYA ESTAMPADO KIDS (PLAYUELA, 2);SHOSUKI155T2;SHORT PLAYA ESTAMPADO KIDS;Kids;Playuela;2;-4,00
TALLER;[SHOSUKI156T4] SHORT PLAYA ESTAMPADO KIDS (TUCUPIDO, 4);SHOSUKI156T4;SHORT PLAYA ESTAMPADO KIDS;Kids;Tucupido;4;2,00
TALLER;[SHOSUKI156T2] SHORT PLAYA ESTAMPADO KIDS (TUCUPIDO, 2);SHOSUKI156T2;SHORT PLAYA ESTAMPADO KIDS;Kids;Tucupido;2;5,00
TALLER;[SHOSUKI156T10] SHORT PLAYA ESTAMPADO KIDS (TUCUPIDO, 10);SHOSUKI156T10;SHORT PLAYA ESTAMPADO KIDS;Kids;Tucupido;10;1,00
TALLER;[SHOSUKI153T14] SHORT PLAYA ESTAMPADO KIDS (SAL, 14);SHOSUKI153T14;SHORT PLAYA ESTAMPADO KIDS;Kids;Sal;14;3,00
TALLER;[SHOSUKI155T4] SHORT PLAYA ESTAMPADO KIDS (PLAYUELA, 4);SHOSUKI155T4;SHORT PLAYA ESTAMPADO KIDS;Kids;Playuela;4;-7,00
TALLER;[SHOSUKI155T12] SHORT PLAYA ESTAMPADO KIDS (PLAYUELA, 12);SHOSUKI155T12;SHORT PLAYA ESTAMPADO KIDS;Kids;Playuela;12;-9,00
TALLER;[SHOSUKI155T8] SHORT PLAYA ESTAMPADO KIDS (PLAYUELA, 8);SHOSUKI155T8;SHORT PLAYA ESTAMPADO KIDS;Kids;Playuela;8;-8,00
TALLER;[SHOSUKI154T4] SHORT PLAYA ESTAMPADO KIDS (SOMBRERO, 4);SHOSUKI154T4;SHORT PLAYA ESTAMPADO KIDS;Kids;Sombrero;4;1,00
TALLER;[SHOSUKI154T2] SHORT PLAYA ESTAMPADO KIDS (SOMBRERO, 2);SHOSUKI154T2;SHORT PLAYA ESTAMPADO KIDS;Kids;Sombrero;2;-4,00
TALLER;[SHOSUKI154T14] SHORT PLAYA ESTAMPADO KIDS (SOMBRERO, 14);SHOSUKI154T14;SHORT PLAYA ESTAMPADO KIDS;Kids;Sombrero;14;-6,00
TALLER;[SHOSUKI155T10] SHORT PLAYA ESTAMPADO KIDS (PLAYUELA, 10);SHOSUKI155T10;SHORT PLAYA ESTAMPADO KIDS;Kids;Playuela;10;-3,00
TALLER;[SHOSUKI155T6] SHORT PLAYA ESTAMPADO KIDS (PLAYUELA, 6);SHOSUKI155T6;SHORT PLAYA ESTAMPADO KIDS;Kids;Playuela;6;-3,00
TALLER;[SHOUNKI69T4] SHORT PLAYA KIDS (Verde Pino, 4);SHOUNKI69T4;SHORT PLAYA KIDS;Kids;Verde Pino;4;-8,00
TALLER;[SHOSUCA155TS] SHORT PLAYA ESTAMPADO CAB (PLAYUELA, S);SHOSUCA155TS;SHORT PLAYA ESTAMPADO CAB;Caballero;Playuela;S;-8,00
TALLER;[SHOSUCA156TM] SHORT PLAYA ESTAMPADO CAB (TUCUPIDO, M);SHOSUCA156TM;SHORT PLAYA ESTAMPADO CAB;Caballero;Tucupido;M;-3,00
TALLER;[SHOSUCA155T2XL] SHORT PLAYA ESTAMPADO CAB (PLAYUELA, 2XL);SHOSUCA155T2XL;SHORT PLAYA ESTAMPADO CAB;Caballero;Playuela;2XL;-14,00
TALLER;[SHOSUKI153T12] SHORT PLAYA ESTAMPADO KIDS (SAL, 12);SHOSUKI153T12;SHORT PLAYA ESTAMPADO KIDS;Kids;Sal;12;5,00
TALLER;[SHOSUKI153T10] SHORT PLAYA ESTAMPADO KIDS (SAL, 10);SHOSUKI153T10;SHORT PLAYA ESTAMPADO KIDS;Kids;Sal;10;5,00
TALLER;[SHOSUKI153T4] SHORT PLAYA ESTAMPADO KIDS (SAL, 4);SHOSUKI153T4;SHORT PLAYA ESTAMPADO KIDS;Kids;Sal;4;5,00
TALLER;[SHOSUKI154T1] SHORT PLAYA ESTAMPADO KIDS (SOMBRERO, 1);SHOSUKI154T1;SHORT PLAYA ESTAMPADO KIDS;Kids;Sombrero;1;5,00
TALLER;[SHOSUKI153T2] SHORT PLAYA ESTAMPADO KIDS (SAL, 2);SHOSUKI153T2;SHORT PLAYA ESTAMPADO KIDS;Kids;Sal;2;3,00
TALLER;[SHOSUKI156T1] SHORT PLAYA ESTAMPADO KIDS (TUCUPIDO, 1);SHOSUKI156T1;SHORT PLAYA ESTAMPADO KIDS;Kids;Tucupido;1;1,00
TALLER;[SHOUNKI50T2] SHORT PLAYA KIDS (Rojo, 2);SHOUNKI50T2;SHORT PLAYA KIDS;Kids;Rojo;2;-2,00
TALLER;[SHOUNKI50T6] SHORT PLAYA KIDS (Rojo, 6);SHOUNKI50T6;SHORT PLAYA KIDS;Kids;Rojo;6;-2,00
TALLER;[SHOSUCA153TS] SHORT PLAYA ESTAMPADO CAB (SAL, S);SHOSUCA153TS;SHORT PLAYA ESTAMPADO CAB;Caballero;Sal;S;-7,00
TALLER;[SHOSUCA153TXL] SHORT PLAYA ESTAMPADO CAB (SAL, XL);SHOSUCA153TXL;SHORT PLAYA ESTAMPADO CAB;Caballero;Sal;XL;-1,00
TALLER;[SHOSUCA154TXL] SHORT PLAYA ESTAMPADO CAB (SOMBRERO, XL);SHOSUCA154TXL;SHORT PLAYA ESTAMPADO CAB;Caballero;Sombrero;XL;-5,00
TALLER;[SHOUNKI12T1] SHORT PLAYA KIDS (Azul Marino, 1);SHOUNKI12T1;SHORT PLAYA KIDS;Kids;Azul Marino;1;-1,00
TALLER;[SHOUNKI23T2] SHORT PLAYA KIDS (Coral, 2);SHOUNKI23T2;SHORT PLAYA KIDS;Kids;Coral;2;-1,00
TALLER;[SHOUNKI01T4] SHORT PLAYA KIDS (Aguamarina, 4);SHOUNKI01T4;SHORT PLAYA KIDS;Kids;Aguamarina;4;2,00
TALLER;[SHOSUKI156T14] SHORT PLAYA ESTAMPADO KIDS (TUCUPIDO, 14);SHOSUKI156T14;SHORT PLAYA ESTAMPADO KIDS;Kids;Tucupido;14;-1,00
TALLER;[SHOUNCA170TXL] SHORT PLAYA CAB (Cereza, XL);SHOUNCA170TXL;SHORT PLAYA CAB;Caballero;Cereza;XL;-1,00
TOLON;[SHOUNCA38TS] SHORT PLAYA CAB (Marron, S);SHOUNCA38TS;SHORT PLAYA CAB;Caballero;Marron;S;3,00
TOLON;[SHOUNCA69TM] SHORT PLAYA CAB (Verde Pino, M);SHOUNCA69TM;SHORT PLAYA CAB;Caballero;Verde Pino;M;2,00
TOLON;[SHOUNCA170TM] SHORT PLAYA CAB (Cereza, M);SHOUNCA170TM;SHORT PLAYA CAB;Caballero;Cereza;M;3,00
TOLON;[SHOUNCA187TM] SHORT PLAYA CAB (Azul Pizarra, M);SHOUNCA187TM;SHORT PLAYA CAB;Caballero;Azul Pizarra;M;5,00
TOLON;[SHOUNCA38TM] SHORT PLAYA CAB (Marron, M);SHOUNCA38TM;SHORT PLAYA CAB;Caballero;Marron;M;6,00
TOLON;[SHOSUCA153TS] SHORT PLAYA ESTAMPADO CAB (SAL, S);SHOSUCA153TS;SHORT PLAYA ESTAMPADO CAB;Caballero;Sal;S;3,00
TOLON;[SHOSUCA156TS] SHORT PLAYA ESTAMPADO CAB (TUCUPIDO, S);SHOSUCA156TS;SHORT PLAYA ESTAMPADO CAB;Caballero;Tucupido;S;6,00
TOLON;[SHOSUCA153TM] SHORT PLAYA ESTAMPADO CAB (SAL, M);SHOSUCA153TM;SHORT PLAYA ESTAMPADO CAB;Caballero;Sal;M;4,00
TOLON;[SHOSUCA154TM] SHORT PLAYA ESTAMPADO CAB (SOMBRERO, M);SHOSUCA154TM;SHORT PLAYA ESTAMPADO CAB;Caballero;Sombrero;M;5,00
TOLON;[SHOSUCA155TM] SHORT PLAYA ESTAMPADO CAB (PLAYUELA, M);SHOSUCA155TM;SHORT PLAYA ESTAMPADO CAB;Caballero;Playuela;M;3,00
TOLON;[SHOSUCA153TL] SHORT PLAYA ESTAMPADO CAB (SAL, L);SHOSUCA153TL;SHORT PLAYA ESTAMPADO CAB;Caballero;Sal;L;1,00
TOLON;[SHOSUCA154TL] SHORT PLAYA ESTAMPADO CAB (SOMBRERO, L);SHOSUCA154TL;SHORT PLAYA ESTAMPADO CAB;Caballero;Sombrero;L;5,00
TOLON;[SHOSUCA155TL] SHORT PLAYA ESTAMPADO CAB (PLAYUELA, L);SHOSUCA155TL;SHORT PLAYA ESTAMPADO CAB;Caballero;Playuela;L;4,00
TOLON;[SHOSUCA155TXL] SHORT PLAYA ESTAMPADO CAB (PLAYUELA, XL);SHOSUCA155TXL;SHORT PLAYA ESTAMPADO CAB;Caballero;Playuela;XL;2,00
TOLON;[SHOSUCA153T2XL] SHORT PLAYA ESTAMPADO CAB (SAL, 2XL);SHOSUCA153T2XL;SHORT PLAYA ESTAMPADO CAB;Caballero;Sal;2XL;2,00
TOLON;[SHOUNKI01T4] SHORT PLAYA KIDS (Aguamarina, 4);SHOUNKI01T4;SHORT PLAYA KIDS;Kids;Aguamarina;4;1,00
TOLON;[SHOUNKI23T4] SHORT PLAYA KIDS (Coral, 4);SHOUNKI23T4;SHORT PLAYA KIDS;Kids;Coral;4;3,00
TOLON;[SHOUNKI33T4] SHORT PLAYA KIDS (Kaki, 4);SHOUNKI33T4;SHORT PLAYA KIDS;Kids;Kaki;4;7,00
TOLON;[SHOUNKI50T4] SHORT PLAYA KIDS (Rojo, 4);SHOUNKI50T4;SHORT PLAYA KIDS;Kids;Rojo;4;7,00
TOLON;[SHOUNKI57T4] SHORT PLAYA KIDS (Terracota, 4);SHOUNKI57T4;SHORT PLAYA KIDS;Kids;Terracota;4;5,00
TOLON;[SHOUNKI68T4] SHORT PLAYA KIDS (Verde Oliva, 4);SHOUNKI68T4;SHORT PLAYA KIDS;Kids;Verde Oliva;4;6,00
TOLON;[SHOUNKI01T6] SHORT PLAYA KIDS (Aguamarina, 6);SHOUNKI01T6;SHORT PLAYA KIDS;Kids;Aguamarina;6;4,00
TOLON;[SHOUNKI12T6] SHORT PLAYA KIDS (Azul Marino, 6);SHOUNKI12T6;SHORT PLAYA KIDS;Kids;Azul Marino;6;3,00
TOLON;[SHOUNKI29T6] SHORT PLAYA KIDS (Gris Azulado, 6);SHOUNKI29T6;SHORT PLAYA KIDS;Kids;Gris Azulado;6;5,00
TOLON;[SHOUNKI33T6] SHORT PLAYA KIDS (Kaki, 6);SHOUNKI33T6;SHORT PLAYA KIDS;Kids;Kaki;6;6,00
TOLON;[SHOUNKI57T6] SHORT PLAYA KIDS (Terracota, 6);SHOUNKI57T6;SHORT PLAYA KIDS;Kids;Terracota;6;4,00
TOLON;[SHOUNKI68T6] SHORT PLAYA KIDS (Verde Oliva, 6);SHOUNKI68T6;SHORT PLAYA KIDS;Kids;Verde Oliva;6;8,00
TOLON;[SHOUNKI29T8] SHORT PLAYA KIDS (Gris Azulado, 8);SHOUNKI29T8;SHORT PLAYA KIDS;Kids;Gris Azulado;8;5,00
TOLON;[SHOUNKI33T8] SHORT PLAYA KIDS (Kaki, 8);SHOUNKI33T8;SHORT PLAYA KIDS;Kids;Kaki;8;9,00
TOLON;[SHOUNKI50T8] SHORT PLAYA KIDS (Rojo, 8);SHOUNKI50T8;SHORT PLAYA KIDS;Kids;Rojo;8;6,00
TOLON;[SHOUNKI57T8] SHORT PLAYA KIDS (Terracota, 8);SHOUNKI57T8;SHORT PLAYA KIDS;Kids;Terracota;8;3,00
TOLON;[SHOUNKI68T8] SHORT PLAYA KIDS (Verde Oliva, 8);SHOUNKI68T8;SHORT PLAYA KIDS;Kids;Verde Oliva;8;6,00
TOLON;[SHOUNKI29T10] SHORT PLAYA KIDS (Gris Azulado, 10);SHOUNKI29T10;SHORT PLAYA KIDS;Kids;Gris Azulado;10;3,00
TOLON;[SHOUNKI68T10] SHORT PLAYA KIDS (Verde Oliva, 10);SHOUNKI68T10;SHORT PLAYA KIDS;Kids;Verde Oliva;10;5,00
TOLON;[SHOUNKI68T1] SHORT PLAYA KIDS (Verde Oliva, 1);SHOUNKI68T1;SHORT PLAYA KIDS;Kids;Verde Oliva;1;3,00
TOLON;[SHOUNKI68T2] SHORT PLAYA KIDS (Verde Oliva, 2);SHOUNKI68T2;SHORT PLAYA KIDS;Kids;Verde Oliva;2;1,00
TOLON;[SHOUNKI57T1] SHORT PLAYA KIDS (Terracota, 1);SHOUNKI57T1;SHORT PLAYA KIDS;Kids;Terracota;1;3,00
TOLON;[SHOUNKI50T2] SHORT PLAYA KIDS (Rojo, 2);SHOUNKI50T2;SHORT PLAYA KIDS;Kids;Rojo;2;2,00
TOLON;[SHOUNKI50T6] SHORT PLAYA KIDS (Rojo, 6);SHOUNKI50T6;SHORT PLAYA KIDS;Kids;Rojo;6;2,00
TOLON;[SHOUNKI33T10] SHORT PLAYA KIDS (Kaki, 10);SHOUNKI33T10;SHORT PLAYA KIDS;Kids;Kaki;10;4,00
TOLON;[SHOUNKI38T8] SHORT PLAYA KIDS (Marron, 8);SHOUNKI38T8;SHORT PLAYA KIDS;Kids;Marron;8;5,00
TOLON;[SHOUNKI38T4] SHORT PLAYA KIDS (Marron, 4);SHOUNKI38T4;SHORT PLAYA KIDS;Kids;Marron;4;5,00
TOLON;[SHOUNKI186T4] SHORT PLAYA KIDS (Azul Verdoso, 4);SHOUNKI186T4;SHORT PLAYA KIDS;Kids;Azul Verdoso;4;5,00
TOLON;[SHOUNKI186T6] SHORT PLAYA KIDS (Azul Verdoso, 6);SHOUNKI186T6;SHORT PLAYA KIDS;Kids;Azul Verdoso;6;5,00
TOLON;[SHOUNKI186T8] SHORT PLAYA KIDS (Azul Verdoso, 8);SHOUNKI186T8;SHORT PLAYA KIDS;Kids;Azul Verdoso;8;5,00
TOLON;[SHOUNKI186T10] SHORT PLAYA KIDS (Azul Verdoso, 10);SHOUNKI186T10;SHORT PLAYA KIDS;Kids;Azul Verdoso;10;3,00
TOLON;[SHOUNKI186T12] SHORT PLAYA KIDS (Azul Verdoso, 12);SHOUNKI186T12;SHORT PLAYA KIDS;Kids;Azul Verdoso;12;2,00
TOLON;[SHOUNKI29T4] SHORT PLAYA KIDS (Gris Azulado, 4);SHOUNKI29T4;SHORT PLAYA KIDS;Kids;Gris Azulado;4;5,00
TOLON;[SHOUNKI13T8] SHORT PLAYA KIDS (Azul Rey, 8);SHOUNKI13T8;SHORT PLAYA KIDS;Kids;Azul Rey;8;1,00
TOLON;[SHOUNKI13T4] SHORT PLAYA KIDS (Azul Rey, 4);SHOUNKI13T4;SHORT PLAYA KIDS;Kids;Azul Rey;4;3,00
TOLON;[SHOSUKI153T6] SHORT PLAYA ESTAMPADO KIDS (SAL, 6);SHOSUKI153T6;SHORT PLAYA ESTAMPADO KIDS;Kids;Sal;6;5,00
TOLON;[SHOUNKI12T4] SHORT PLAYA KIDS (Azul Marino, 4);SHOUNKI12T4;SHORT PLAYA KIDS;Kids;Azul Marino;4;6,00
TOLON;[SHOUNKI68T14] SHORT PLAYA KIDS (Verde Oliva, 14);SHOUNKI68T14;SHORT PLAYA KIDS;Kids;Verde Oliva;14;6,00
TOLON;[SHOUNKI13T1] SHORT PLAYA KIDS (Azul Rey, 1);SHOUNKI13T1;SHORT PLAYA KIDS;Kids;Azul Rey;1;1,00
TOLON;[SHOUNCA69TS] SHORT PLAYA CAB (Verde Pino, S);SHOUNCA69TS;SHORT PLAYA CAB;Caballero;Verde Pino;S;3,00
TOLON;[SHOUNCA69TL] SHORT PLAYA CAB (Verde Pino, L);SHOUNCA69TL;SHORT PLAYA CAB;Caballero;Verde Pino;L;3,00
TOLON;[SHOSUKI156T6] SHORT PLAYA ESTAMPADO KIDS (TUCUPIDO, 6);SHOSUKI156T6;SHORT PLAYA ESTAMPADO KIDS;Kids;Tucupido;6;2,00
TOLON;[SHOSUKI154T6] SHORT PLAYA ESTAMPADO KIDS (SOMBRERO, 6);SHOSUKI154T6;SHORT PLAYA ESTAMPADO KIDS;Kids;Sombrero;6;2,00
TOLON;[SHOSUKI156T8] SHORT PLAYA ESTAMPADO KIDS (TUCUPIDO, 8);SHOSUKI156T8;SHORT PLAYA ESTAMPADO KIDS;Kids;Tucupido;8;2,00
TOLON;[SHOSUKI154T8] SHORT PLAYA ESTAMPADO KIDS (SOMBRERO, 8);SHOSUKI154T8;SHORT PLAYA ESTAMPADO KIDS;Kids;Sombrero;8;5,00
TOLON;[SHOSUKI154T10] SHORT PLAYA ESTAMPADO KIDS (SOMBRERO, 10);SHOSUKI154T10;SHORT PLAYA ESTAMPADO KIDS;Kids;Sombrero;10;3,00
TOLON;[SHOSUKI156T10] SHORT PLAYA ESTAMPADO KIDS (TUCUPIDO, 10);SHOSUKI156T10;SHORT PLAYA ESTAMPADO KIDS;Kids;Tucupido;10;4,00
TOLON;[SHOSUCA156TXL] SHORT PLAYA ESTAMPADO CAB (TUCUPIDO, XL);SHOSUCA156TXL;SHORT PLAYA ESTAMPADO CAB;Caballero;Tucupido;XL;6,00
TOLON;[SHOSUKI156T14] SHORT PLAYA ESTAMPADO KIDS (TUCUPIDO, 14);SHOSUKI156T14;SHORT PLAYA ESTAMPADO KIDS;Kids;Tucupido;14;2,00
TOLON;[SHOSUKI155T6] SHORT PLAYA ESTAMPADO KIDS (PLAYUELA, 6);SHOSUKI155T6;SHORT PLAYA ESTAMPADO KIDS;Kids;Playuela;6;1,00
TOLON;[SHOSUKI153T8] SHORT PLAYA ESTAMPADO KIDS (SAL, 8);SHOSUKI153T8;SHORT PLAYA ESTAMPADO KIDS;Kids;Sal;8;2,00
TOLON;[SHOUNCA38TL] SHORT PLAYA CAB (Marron, L);SHOUNCA38TL;SHORT PLAYA CAB;Caballero;Marron;L;2,00
TOLON;[SHOUNCA187T2XL] SHORT PLAYA CAB (Azul Pizarra, 2XL);SHOUNCA187T2XL;SHORT PLAYA CAB;Caballero;Azul Pizarra;2XL;1,00
TOLON;[SHOUNCA38TXL] SHORT PLAYA CAB (Marron, XL);SHOUNCA38TXL;SHORT PLAYA CAB;Caballero;Marron;XL;2,00
TOLON;[SHOUNCA186T2XL] SHORT PLAYA CAB (Azul Verdoso, 2XL);SHOUNCA186T2XL;SHORT PLAYA CAB;Caballero;Azul Verdoso;2XL;2,00
TOLON;[SHOUNCA69T2XL] SHORT PLAYA CAB (Verde Pino, 2XL);SHOUNCA69T2XL;SHORT PLAYA CAB;Caballero;Verde Pino;2XL;2,00
TOLON;[SHOSUCA154TS] SHORT PLAYA ESTAMPADO CAB (SOMBRERO, S);SHOSUCA154TS;SHORT PLAYA ESTAMPADO CAB;Caballero;Sombrero;S;2,00
TOLON;[SHOSUCA155TS] SHORT PLAYA ESTAMPADO CAB (PLAYUELA, S);SHOSUCA155TS;SHORT PLAYA ESTAMPADO CAB;Caballero;Playuela;S;1,00
TOLON;[SHOSUKI156T4] SHORT PLAYA ESTAMPADO KIDS (TUCUPIDO, 4);SHOSUKI156T4;SHORT PLAYA ESTAMPADO KIDS;Kids;Tucupido;4;1,00
TOLON;[SHOSUKI156T2] SHORT PLAYA ESTAMPADO KIDS (TUCUPIDO, 2);SHOSUKI156T2;SHORT PLAYA ESTAMPADO KIDS;Kids;Tucupido;2;1,00
TOLON;[SHOSUKI155T4] SHORT PLAYA ESTAMPADO KIDS (PLAYUELA, 4);SHOSUKI155T4;SHORT PLAYA ESTAMPADO KIDS;Kids;Playuela;4;3,00
TOLON;[SHOSUKI155T12] SHORT PLAYA ESTAMPADO KIDS (PLAYUELA, 12);SHOSUKI155T12;SHORT PLAYA ESTAMPADO KIDS;Kids;Playuela;12;3,00
TOLON;[SHOSUKI155T8] SHORT PLAYA ESTAMPADO KIDS (PLAYUELA, 8);SHOSUKI155T8;SHORT PLAYA ESTAMPADO KIDS;Kids;Playuela;8;3,00
TOLON;[SHOSUKI154T4] SHORT PLAYA ESTAMPADO KIDS (SOMBRERO, 4);SHOSUKI154T4;SHORT PLAYA ESTAMPADO KIDS;Kids;Sombrero;4;1,00
TOLON;[SHOSUKI154T2] SHORT PLAYA ESTAMPADO KIDS (SOMBRERO, 2);SHOSUKI154T2;SHORT PLAYA ESTAMPADO KIDS;Kids;Sombrero;2;3,00
TOLON;[SHOSUKI154T14] SHORT PLAYA ESTAMPADO KIDS (SOMBRERO, 14);SHOSUKI154T14;SHORT PLAYA ESTAMPADO KIDS;Kids;Sombrero;14;4,00
TOLON;[SHOUNKI13T6] SHORT PLAYA KIDS (Azul Rey, 6);SHOUNKI13T6;SHORT PLAYA KIDS;Kids;Azul Rey;6;1,00
TOLON;[SHOUNCA186TS] SHORT PLAYA CAB (Azul Verdoso, S);SHOUNCA186TS;SHORT PLAYA CAB;Caballero;Azul Verdoso;S;2,00
TOLON;[SHOUNCA170T2XL] SHORT PLAYA CAB (Cereza, 2XL);SHOUNCA170T2XL;SHORT PLAYA CAB;Caballero;Cereza;2XL;2,00
TOLON;[SHOUNKI01T10] SHORT PLAYA KIDS (Aguamarina, 10);SHOUNKI01T10;SHORT PLAYA KIDS;Kids;Aguamarina;10;1,00
TOLON;[SHOUNCA186TS] SHORT PLAYA CAB (Azul Verdoso, S);SHOUNCA186TS;SHORT PLAYA CAB;Caballero;Azul Verdoso;S;1,00
TOLON;[SHOUNCA170TM] SHORT PLAYA CAB (Cereza, M);SHOUNCA170TM;SHORT PLAYA CAB;Caballero;Cereza;M;1,00
TOLON;[SHOUNCA170TL] SHORT PLAYA CAB (Cereza, L);SHOUNCA170TL;SHORT PLAYA CAB;Caballero;Cereza;L;2,00
TOLON;[SHOUNCA170TS] SHORT PLAYA CAB (Cereza, S);SHOUNCA170TS;SHORT PLAYA CAB;Caballero;Cereza;S;3,00
TOLON;[SHOUNCA69TS] SHORT PLAYA CAB (Verde Pino, S);SHOUNCA69TS;SHORT PLAYA CAB;Caballero;Verde Pino;S;1,00
TOLON;[SHOUNCA187TL] SHORT PLAYA CAB (Azul Pizarra, L);SHOUNCA187TL;SHORT PLAYA CAB;Caballero;Azul Pizarra;L;3,00
TOLON;[SHOUNCA187TM] SHORT PLAYA CAB (Azul Pizarra, M);SHOUNCA187TM;SHORT PLAYA CAB;Caballero;Azul Pizarra;M;1,00
TOLON;[SHOUNCA187TS] SHORT PLAYA CAB (Azul Pizarra, S);SHOUNCA187TS;SHORT PLAYA CAB;Caballero;Azul Pizarra;S;3,00
TOLON;[SHOUNCA38TM] SHORT PLAYA CAB (Marron, M);SHOUNCA38TM;SHORT PLAYA CAB;Caballero;Marron;M;3,00
TOLON;[SHOUNCA38TS] SHORT PLAYA CAB (Marron, S);SHOUNCA38TS;SHORT PLAYA CAB;Caballero;Marron;S;1,00
TOLON;[SHOSUCA153T2XL] SHORT PLAYA ESTAMPADO CAB (SAL, 2XL);SHOSUCA153T2XL;SHORT PLAYA ESTAMPADO CAB;Caballero;Sal;2XL;1,00
TOLON;[SHOSUCA153TM] SHORT PLAYA ESTAMPADO CAB (SAL, M);SHOSUCA153TM;SHORT PLAYA ESTAMPADO CAB;Caballero;Sal;M;1,00
TOLON;[SHOSUCA153TL] SHORT PLAYA ESTAMPADO CAB (SAL, L);SHOSUCA153TL;SHORT PLAYA ESTAMPADO CAB;Caballero;Sal;L;3,00
TOLON;[SHOSUCA153TS] SHORT PLAYA ESTAMPADO CAB (SAL, S);SHOSUCA153TS;SHORT PLAYA ESTAMPADO CAB;Caballero;Sal;S;3,00
TOLON;[SHOSUCA156TS] SHORT PLAYA ESTAMPADO CAB (TUCUPIDO, S);SHOSUCA156TS;SHORT PLAYA ESTAMPADO CAB;Caballero;Tucupido;S;1,00
TOLON;[SHOSUCA154TM] SHORT PLAYA ESTAMPADO CAB (SOMBRERO, M);SHOSUCA154TM;SHORT PLAYA ESTAMPADO CAB;Caballero;Sombrero;M;1,00
TOLON;[SHOSUCA154TL] SHORT PLAYA ESTAMPADO CAB (SOMBRERO, L);SHOSUCA154TL;SHORT PLAYA ESTAMPADO CAB;Caballero;Sombrero;L;1,00
TOLON;[SHOSUCA155TL] SHORT PLAYA ESTAMPADO CAB (PLAYUELA, L);SHOSUCA155TL;SHORT PLAYA ESTAMPADO CAB;Caballero;Playuela;L;1,00
TOLON;[SHOSUCA155TM] SHORT PLAYA ESTAMPADO CAB (PLAYUELA, M);SHOSUCA155TM;SHORT PLAYA ESTAMPADO CAB;Caballero;Playuela;M;1,00
TOLON;[SHOSUKI153T1] SHORT PLAYA ESTAMPADO KIDS (SAL, 1);SHOSUKI153T1;SHORT PLAYA ESTAMPADO KIDS;Kids;Sal;1;1,00
TOLON;[SHOSUKI153T6] SHORT PLAYA ESTAMPADO KIDS (SAL, 6);SHOSUKI153T6;SHORT PLAYA ESTAMPADO KIDS;Kids;Sal;6;1,00
TOLON;[SHOUNKI33T6] SHORT PLAYA KIDS (Kaki, 6);SHOUNKI33T6;SHORT PLAYA KIDS;Kids;Kaki;6;1,00
TOLON;[SHOUNKI33T8] SHORT PLAYA KIDS (Kaki, 8);SHOUNKI33T8;SHORT PLAYA KIDS;Kids;Kaki;8;1,00
TOLON;[SHOUNKI33T4] SHORT PLAYA KIDS (Kaki, 4);SHOUNKI33T4;SHORT PLAYA KIDS;Kids;Kaki;4;1,00
TOLON;[SHOUNKI68T2] SHORT PLAYA KIDS (Verde Oliva, 2);SHOUNKI68T2;SHORT PLAYA KIDS;Kids;Verde Oliva;2;1,00
TOLON;[SHOUNKI68T4] SHORT PLAYA KIDS (Verde Oliva, 4);SHOUNKI68T4;SHORT PLAYA KIDS;Kids;Verde Oliva;4;1,00
TOLON;[SHOUNKI68T8] SHORT PLAYA KIDS (Verde Oliva, 8);SHOUNKI68T8;SHORT PLAYA KIDS;Kids;Verde Oliva;8;1,00
TOLON;[SHOUNKI186T6] SHORT PLAYA KIDS (Azul Verdoso, 6);SHOUNKI186T6;SHORT PLAYA KIDS;Kids;Azul Verdoso;6;1,00
TOLON;[SHOUNKI186T4] SHORT PLAYA KIDS (Azul Verdoso, 4);SHOUNKI186T4;SHORT PLAYA KIDS;Kids;Azul Verdoso;4;1,00
TOLON;[SHOUNKI186T8] SHORT PLAYA KIDS (Azul Verdoso, 8);SHOUNKI186T8;SHORT PLAYA KIDS;Kids;Azul Verdoso;8;1,00
TOLON;[SHOUNKI57T1] SHORT PLAYA KIDS (Terracota, 1);SHOUNKI57T1;SHORT PLAYA KIDS;Kids;Terracota;1;1,00
TOLON;[SHOUNKI57T4] SHORT PLAYA KIDS (Terracota, 4);SHOUNKI57T4;SHORT PLAYA KIDS;Kids;Terracota;4;1,00
TOLON;[SHOUNKI57T8] SHORT PLAYA KIDS (Terracota, 8);SHOUNKI57T8;SHORT PLAYA KIDS;Kids;Terracota;8;1,00
TOLON;[SHOUNKI57T10] SHORT PLAYA KIDS (Terracota, 10);SHOUNKI57T10;SHORT PLAYA KIDS;Kids;Terracota;10;1,00
TOLON;[SHOUNKI57T6] SHORT PLAYA KIDS (Terracota, 6);SHOUNKI57T6;SHORT PLAYA KIDS;Kids;Terracota;6;1,00
TOLON;[SHOUNCA69TM] SHORT PLAYA CAB (Verde Pino, M);SHOUNCA69TM;SHORT PLAYA CAB;Caballero;Verde Pino;M;1,00
TOLON;[SHOUNCA186TL] SHORT PLAYA CAB (Azul Verdoso, L);SHOUNCA186TL;SHORT PLAYA CAB;Caballero;Azul Verdoso;L;1,00
TOLON;[SHOUNKI12T6] SHORT PLAYA KIDS (Azul Marino, 6);SHOUNKI12T6;SHORT PLAYA KIDS;Kids;Azul Marino;6;1,00
TOLON;[SHOUNKI13T4] SHORT PLAYA KIDS (Azul Rey, 4);SHOUNKI13T4;SHORT PLAYA KIDS;Kids;Azul Rey;4;1,00
TOLON;[SHOUNKI13T6] SHORT PLAYA KIDS (Azul Rey, 6);SHOUNKI13T6;SHORT PLAYA KIDS;Kids;Azul Rey;6;1,00
TOLON;[SHOUNKI29T4] SHORT PLAYA KIDS (Gris Azulado, 4);SHOUNKI29T4;SHORT PLAYA KIDS;Kids;Gris Azulado;4;1,00
TOLON;[SHOUNKI29T6] SHORT PLAYA KIDS (Gris Azulado, 6);SHOUNKI29T6;SHORT PLAYA KIDS;Kids;Gris Azulado;6;1,00
TOLON;[SHOUNKI29T8] SHORT PLAYA KIDS (Gris Azulado, 8);SHOUNKI29T8;SHORT PLAYA KIDS;Kids;Gris Azulado;8;1,00
TOLON;[SHOUNKI01T6] SHORT PLAYA KIDS (Aguamarina, 6);SHOUNKI01T6;SHORT PLAYA KIDS;Kids;Aguamarina;6;1,00
TOLON;[SHOUNKI50T4] SHORT PLAYA KIDS (Rojo, 4);SHOUNKI50T4;SHORT PLAYA KIDS;Kids;Rojo;4;1,00
TOLON;[SHOSUCA155TXL] SHORT PLAYA ESTAMPADO CAB (PLAYUELA, XL);SHOSUCA155TXL;SHORT PLAYA ESTAMPADO CAB;Caballero;Playuela;XL;2,00
TOLON;[SHOSUCA154TS] SHORT PLAYA ESTAMPADO CAB (SOMBRERO, S);SHOSUCA154TS;SHORT PLAYA ESTAMPADO CAB;Caballero;Sombrero;S;1,00
TOLON;[SHOSUCA154T2XL] SHORT PLAYA ESTAMPADO CAB (SOMBRERO, 2XL);SHOSUCA154T2XL;SHORT PLAYA ESTAMPADO CAB;Caballero;Sombrero;2XL;1,00
TOLON;[SHOSUKI156T10] SHORT PLAYA ESTAMPADO KIDS (TUCUPIDO, 10);SHOSUKI156T10;SHORT PLAYA ESTAMPADO KIDS;Kids;Tucupido;10;1,00
TOLON;[SHOSUKI154T14] SHORT PLAYA ESTAMPADO KIDS (SOMBRERO, 14);SHOSUKI154T14;SHORT PLAYA ESTAMPADO KIDS;Kids;Sombrero;14;1,00
TOLON;[SHOSUKI154T8] SHORT PLAYA ESTAMPADO KIDS (SOMBRERO, 8);SHOSUKI154T8;SHORT PLAYA ESTAMPADO KIDS;Kids;Sombrero;8;2,00
TOLON;[SHOSUKI154T6] SHORT PLAYA ESTAMPADO KIDS (SOMBRERO, 6);SHOSUKI154T6;SHORT PLAYA ESTAMPADO KIDS;Kids;Sombrero;6;1,00
TOLON;[SHOSUCA155TS] SHORT PLAYA ESTAMPADO CAB (PLAYUELA, S);SHOSUCA155TS;SHORT PLAYA ESTAMPADO CAB;Caballero;Playuela;S;1,00
TOLON;[SHOUNCA170TXL] SHORT PLAYA CAB (Cereza, XL);SHOUNCA170TXL;SHORT PLAYA CAB;Caballero;Cereza;XL;1,00
TOLON;[SHOUNCA170T2XL] SHORT PLAYA CAB (Cereza, 2XL);SHOUNCA170T2XL;SHORT PLAYA CAB;Caballero;Cereza;2XL;1,00
TOLON;[SHOUNCA187T2XL] SHORT PLAYA CAB (Azul Pizarra, 2XL);SHOUNCA187T2XL;SHORT PLAYA CAB;Caballero;Azul Pizarra;2XL;1,00
TOLON;[SHOUNCA38TXL] SHORT PLAYA CAB (Marron, XL);SHOUNCA38TXL;SHORT PLAYA CAB;Caballero;Marron;XL;1,00
TOLON;[SHOUNCA186TM] SHORT PLAYA CAB (Azul Verdoso, M);SHOUNCA186TM;SHORT PLAYA CAB;Caballero;Azul Verdoso;M;1,00
TOLON;[SHOUNKI38T4] SHORT PLAYA KIDS (Marron, 4);SHOUNKI38T4;SHORT PLAYA KIDS;Kids;Marron;4;1,00
TOLON;[SHOUNKI38T8] SHORT PLAYA KIDS (Marron, 8);SHOUNKI38T8;SHORT PLAYA KIDS;Kids;Marron;8;1,00
TOLON;[SHOUNKI68T10] SHORT PLAYA KIDS (Verde Oliva, 10);SHOUNKI68T10;SHORT PLAYA KIDS;Kids;Verde Oliva;10;1,00
TOLON;[SHOUNKI57T14] SHORT PLAYA KIDS (Terracota, 14);SHOUNKI57T14;SHORT PLAYA KIDS;Kids;Terracota;14;1,00
TOLON;[SHOUNKI50T6] SHORT PLAYA KIDS (Rojo, 6);SHOUNKI50T6;SHORT PLAYA KIDS;Kids;Rojo;6;1,00
TOLON;[SHOUNKI33T10] SHORT PLAYA KIDS (Kaki, 10);SHOUNKI33T10;SHORT PLAYA KIDS;Kids;Kaki;10;1,00
TOLON;[SHOUNKI01T8] SHORT PLAYA KIDS (Aguamarina, 8);SHOUNKI01T8;SHORT PLAYA KIDS;Kids;Aguamarina;8;1,00
TOLON;[SHOUNKI01T4] SHORT PLAYA KIDS (Aguamarina, 4);SHOUNKI01T4;SHORT PLAYA KIDS;Kids;Aguamarina;4;1,00
TOLON;[SHOUNCA38TL] SHORT PLAYA CAB (Marron, L);SHOUNCA38TL;SHORT PLAYA CAB;Caballero;Marron;L;1,00
TOLON;[SHOSUKI156T2] SHORT PLAYA ESTAMPADO KIDS (TUCUPIDO, 2);SHOSUKI156T2;SHORT PLAYA ESTAMPADO KIDS;Kids;Tucupido;2;1,00
TOLON;[SHOSUKI156T4] SHORT PLAYA ESTAMPADO KIDS (TUCUPIDO, 4);SHOSUKI156T4;SHORT PLAYA ESTAMPADO KIDS;Kids;Tucupido;4;1,00
TOLON;[SHOSUKI156T6] SHORT PLAYA ESTAMPADO KIDS (TUCUPIDO, 6);SHOSUKI156T6;SHORT PLAYA ESTAMPADO KIDS;Kids;Tucupido;6;1,00
TOLON;[SHOSUKI156T14] SHORT PLAYA ESTAMPADO KIDS (TUCUPIDO, 14);SHOSUKI156T14;SHORT PLAYA ESTAMPADO KIDS;Kids;Tucupido;14;1,00
TOLON;[SHOSUKI155T2] SHORT PLAYA ESTAMPADO KIDS (PLAYUELA, 2);SHOSUKI155T2;SHORT PLAYA ESTAMPADO KIDS;Kids;Playuela;2;1,00
TOLON;[SHOSUKI155T4] SHORT PLAYA ESTAMPADO KIDS (PLAYUELA, 4);SHOSUKI155T4;SHORT PLAYA ESTAMPADO KIDS;Kids;Playuela;4;1,00
TOLON;[SHOSUKI155T12] SHORT PLAYA ESTAMPADO KIDS (PLAYUELA, 12);SHOSUKI155T12;SHORT PLAYA ESTAMPADO KIDS;Kids;Playuela;12;1,00
TOLON;[SHOSUKI153T8] SHORT PLAYA ESTAMPADO KIDS (SAL, 8);SHOSUKI153T8;SHORT PLAYA ESTAMPADO KIDS;Kids;Sal;8;1,00
TOLON;[SHOSUKI153T10] SHORT PLAYA ESTAMPADO KIDS (SAL, 10);SHOSUKI153T10;SHORT PLAYA ESTAMPADO KIDS;Kids;Sal;10;1,00
TOLON;[SHOSUKI153T12] SHORT PLAYA ESTAMPADO KIDS (SAL, 12);SHOSUKI153T12;SHORT PLAYA ESTAMPADO KIDS;Kids;Sal;12;1,00
TOLON;[SHOSUKI153T14] SHORT PLAYA ESTAMPADO KIDS (SAL, 14);SHOSUKI153T14;SHORT PLAYA ESTAMPADO KIDS;Kids;Sal;14;1,00
TOLON;[SHOSUCA156TXL] SHORT PLAYA ESTAMPADO CAB (TUCUPIDO, XL);SHOSUCA156TXL;SHORT PLAYA ESTAMPADO CAB;Caballero;Tucupido;XL;1,00
TOLON;[SHOUNKI29T10] SHORT PLAYA KIDS (Gris Azulado, 10);SHOUNKI29T10;SHORT PLAYA KIDS;Kids;Gris Azulado;10;1,00
TOLON;[SHOUNKI01T10] SHORT PLAYA KIDS (Aguamarina, 10);SHOUNKI01T10;SHORT PLAYA KIDS;Kids;Aguamarina;10;1,00
TOLON;[SHOUNKI50T8] SHORT PLAYA KIDS (Rojo, 8);SHOUNKI50T8;SHORT PLAYA KIDS;Kids;Rojo;8;1,00
TOLON;[SHOUNKI186T10] SHORT PLAYA KIDS (Azul Verdoso, 10);SHOUNKI186T10;SHORT PLAYA KIDS;Kids;Azul Verdoso;10;2,00
TOLON;[SHOUNKI13T8] SHORT PLAYA KIDS (Azul Rey, 8);SHOUNKI13T8;SHORT PLAYA KIDS;Kids;Azul Rey;8;1,00
TOLON;[SHOUNCA186T2XL] SHORT PLAYA CAB (Azul Verdoso, 2XL);SHOUNCA186T2XL;SHORT PLAYA CAB;Caballero;Azul Verdoso;2XL;1,00
TOLON;[SHOUNCA69T2XL] SHORT PLAYA CAB (Verde Pino, 2XL);SHOUNCA69T2XL;SHORT PLAYA CAB;Caballero;Verde Pino;2XL;1,00
TOLON;[SHOSUKI155T8] SHORT PLAYA ESTAMPADO KIDS (PLAYUELA, 8);SHOSUKI155T8;SHORT PLAYA ESTAMPADO KIDS;Kids;Playuela;8;1,00
TOLON;[SHOSUKI154T12] SHORT PLAYA ESTAMPADO KIDS (SOMBRERO, 12);SHOSUKI154T12;SHORT PLAYA ESTAMPADO KIDS;Kids;Sombrero;12;1,00
TOLON;[SHOSUKI154T10] SHORT PLAYA ESTAMPADO KIDS (SOMBRERO, 10);SHOSUKI154T10;SHORT PLAYA ESTAMPADO KIDS;Kids;Sombrero;10;1,00
TOLON;[SHOSUKI154T4] SHORT PLAYA ESTAMPADO KIDS (SOMBRERO, 4);SHOSUKI154T4;SHORT PLAYA ESTAMPADO KIDS;Kids;Sombrero;4;1,00
TOLON;[SHOSUKI154T2] SHORT PLAYA ESTAMPADO KIDS (SOMBRERO, 2);SHOSUKI154T2;SHORT PLAYA ESTAMPADO KIDS;Kids;Sombrero;2;1,00
TOLON;[SHOSUKI156T8] SHORT PLAYA ESTAMPADO KIDS (TUCUPIDO, 8);SHOSUKI156T8;SHORT PLAYA ESTAMPADO KIDS;Kids;Tucupido;8;1,00
TOLON;[SHOSUKI155T6] SHORT PLAYA ESTAMPADO KIDS (PLAYUELA, 6);SHOSUKI155T6;SHORT PLAYA ESTAMPADO KIDS;Kids;Playuela;6;1,00
TOLON;[SHOSUKI156T12] SHORT PLAYA ESTAMPADO KIDS (TUCUPIDO, 12);SHOSUKI156T12;SHORT PLAYA ESTAMPADO KIDS;Kids;Tucupido;12;1,00
TOLON;[SHOUNKI186T12] SHORT PLAYA KIDS (Azul Verdoso, 12);SHOUNKI186T12;SHORT PLAYA KIDS;Kids;Azul Verdoso;12;1,00
TOLON;[SHOUNCA38T2XL] SHORT PLAYA CAB (Marron, 2XL);SHOUNCA38T2XL;SHORT PLAYA CAB;Caballero;Marron;2XL;1,00
TOLON;[SHOSUCA153TXL] SHORT PLAYA ESTAMPADO CAB (SAL, XL);SHOSUCA153TXL;SHORT PLAYA ESTAMPADO CAB;Caballero;Sal;XL;1,00
TOLON;[SHOUNKI68T6] SHORT PLAYA KIDS (Verde Oliva, 6);SHOUNKI68T6;SHORT PLAYA KIDS;Kids;Verde Oliva;6;1,00
TOLON;[SHOUNKI23T4] SHORT PLAYA KIDS (Coral, 4);SHOUNKI23T4;SHORT PLAYA KIDS;Kids;Coral;4;1,00
TOLON;[SHOUNKI33T1] SHORT PLAYA KIDS (Kaki, 1);SHOUNKI33T1;SHORT PLAYA KIDS;Kids;Kaki;1;1,00
VELA;[SHOUNKI187T12] SHORT PLAYA KIDS (Azul Pizarra, 12);SHOUNKI187T12;SHORT PLAYA KIDS;Kids;Azul Pizarra;12;3,00
VELA;[SHOUNKI187T4] SHORT PLAYA KIDS (Azul Pizarra, 4);SHOUNKI187T4;SHORT PLAYA KIDS;Kids;Azul Pizarra;4;3,00
VELA;[SHOUNKI187T6] SHORT PLAYA KIDS (Azul Pizarra, 6);SHOUNKI187T6;SHORT PLAYA KIDS;Kids;Azul Pizarra;6;3,00
VELA;[SHOUNKI187T8] SHORT PLAYA KIDS (Azul Pizarra, 8);SHOUNKI187T8;SHORT PLAYA KIDS;Kids;Azul Pizarra;8;3,00
VELA;[SHOUNKI69T6] SHORT PLAYA KIDS (Verde Pino, 6);SHOUNKI69T6;SHORT PLAYA KIDS;Kids;Verde Pino;6;1,00
VELA;[SHOUNKI69T12] SHORT PLAYA KIDS (Verde Pino, 12);SHOUNKI69T12;SHORT PLAYA KIDS;Kids;Verde Pino;12;5,00
VELA;[SHOUNKI170T10] SHORT PLAYA KIDS (Cereza, 10);SHOUNKI170T10;SHORT PLAYA KIDS;Kids;Cereza;10;8,00
VELA;[SHOUNKI69T2] SHORT PLAYA KIDS (Verde Pino, 2);SHOUNKI69T2;SHORT PLAYA KIDS;Kids;Verde Pino;2;2,00
VELA;[SHOUNKI69T8] SHORT PLAYA KIDS (Verde Pino, 8);SHOUNKI69T8;SHORT PLAYA KIDS;Kids;Verde Pino;8;6,00
VELA;[SHOUNKI170T4] SHORT PLAYA KIDS (Cereza, 4);SHOUNKI170T4;SHORT PLAYA KIDS;Kids;Cereza;4;3,00
VELA;[SHOUNKI170T8] SHORT PLAYA KIDS (Cereza, 8);SHOUNKI170T8;SHORT PLAYA KIDS;Kids;Cereza;8;2,00
VELA;[SHOUNKI186T10] SHORT PLAYA KIDS (Azul Verdoso, 10);SHOUNKI186T10;SHORT PLAYA KIDS;Kids;Azul Verdoso;10;7,00
VELA;[SHOUNKI186T12] SHORT PLAYA KIDS (Azul Verdoso, 12);SHOUNKI186T12;SHORT PLAYA KIDS;Kids;Azul Verdoso;12;4,00
VELA;[SHOUNKI186T8] SHORT PLAYA KIDS (Azul Verdoso, 8);SHOUNKI186T8;SHORT PLAYA KIDS;Kids;Azul Verdoso;8;7,00
VELA;[SHOUNKI186T4] SHORT PLAYA KIDS (Azul Verdoso, 4);SHOUNKI186T4;SHORT PLAYA KIDS;Kids;Azul Verdoso;4;5,00
VELA;[SHOUNKI38T2] SHORT PLAYA KIDS (Marron, 2);SHOUNKI38T2;SHORT PLAYA KIDS;Kids;Marron;2;3,00
VELA;[SHOUNCA170TM] SHORT PLAYA CAB (Cereza, M);SHOUNCA170TM;SHORT PLAYA CAB;Caballero;Cereza;M;3,00
VELA;[SHOUNCA170TS] SHORT PLAYA CAB (Cereza, S);SHOUNCA170TS;SHORT PLAYA CAB;Caballero;Cereza;S;3,00
VELA;[SHOUNCA38T2XL] SHORT PLAYA CAB (Marron, 2XL);SHOUNCA38T2XL;SHORT PLAYA CAB;Caballero;Marron;2XL;3,00
VELA;[SHOUNCA38TXL] SHORT PLAYA CAB (Marron, XL);SHOUNCA38TXL;SHORT PLAYA CAB;Caballero;Marron;XL;2,00
VELA;[SHOUNCA38TS] SHORT PLAYA CAB (Marron, S);SHOUNCA38TS;SHORT PLAYA CAB;Caballero;Marron;S;3,00
VELA;[SHOUNCA186TXL] SHORT PLAYA CAB (Azul Verdoso, XL);SHOUNCA186TXL;SHORT PLAYA CAB;Caballero;Azul Verdoso;XL;1,00
VELA;[SHOUNCA186TS] SHORT PLAYA CAB (Azul Verdoso, S);SHOUNCA186TS;SHORT PLAYA CAB;Caballero;Azul Verdoso;S;3,00
VELA;[SHOUNCA187T2XL] SHORT PLAYA CAB (Azul Pizarra, 2XL);SHOUNCA187T2XL;SHORT PLAYA CAB;Caballero;Azul Pizarra;2XL;6,00
VELA;[SHOUNCA187TL] SHORT PLAYA CAB (Azul Pizarra, L);SHOUNCA187TL;SHORT PLAYA CAB;Caballero;Azul Pizarra;L;-1,00
VELA;[SHOUNCA187TS] SHORT PLAYA CAB (Azul Pizarra, S);SHOUNCA187TS;SHORT PLAYA CAB;Caballero;Azul Pizarra;S;4,00
VELA;[SHOUNKI69T10] SHORT PLAYA KIDS (Verde Pino, 10);SHOUNKI69T10;SHORT PLAYA KIDS;Kids;Verde Pino;10;2,00
VELA;[SHOUNKI01T4] SHORT PLAYA KIDS (Aguamarina, 4);SHOUNKI01T4;SHORT PLAYA KIDS;Kids;Aguamarina;4;1,00
VELA;[SHOUNKI01T6] SHORT PLAYA KIDS (Aguamarina, 6);SHOUNKI01T6;SHORT PLAYA KIDS;Kids;Aguamarina;6;1,00
VELA;[SHOUNKI01T8] SHORT PLAYA KIDS (Aguamarina, 8);SHOUNKI01T8;SHORT PLAYA KIDS;Kids;Aguamarina;8;3,00
VELA;[SHOSUKI154T14] SHORT PLAYA ESTAMPADO KIDS (SOMBRERO, 14);SHOSUKI154T14;SHORT PLAYA ESTAMPADO KIDS;Kids;Sombrero;14;2,00
VELA;[SHOUNKI69T14] SHORT PLAYA KIDS (Verde Pino, 14);SHOUNKI69T14;SHORT PLAYA KIDS;Kids;Verde Pino;14;5,00
VELA;[SHOUNKI50T2] SHORT PLAYA KIDS (Rojo, 2);SHOUNKI50T2;SHORT PLAYA KIDS;Kids;Rojo;2;3,00
VELA;[SHOUNKI50T6] SHORT PLAYA KIDS (Rojo, 6);SHOUNKI50T6;SHORT PLAYA KIDS;Kids;Rojo;6;1,00
VELA;[SHOUNKI29T10] SHORT PLAYA KIDS (Gris Azulado, 10);SHOUNKI29T10;SHORT PLAYA KIDS;Kids;Gris Azulado;10;4,00
VELA;[SHOUNKI29T8] SHORT PLAYA KIDS (Gris Azulado, 8);SHOUNKI29T8;SHORT PLAYA KIDS;Kids;Gris Azulado;8;1,00
VELA;[SHOUNKI29T6] SHORT PLAYA KIDS (Gris Azulado, 6);SHOUNKI29T6;SHORT PLAYA KIDS;Kids;Gris Azulado;6;2,00
VELA;[SHOUNKI29T4] SHORT PLAYA KIDS (Gris Azulado, 4);SHOUNKI29T4;SHORT PLAYA KIDS;Kids;Gris Azulado;4;4,00
VELA;[SHOUNKI38T4] SHORT PLAYA KIDS (Marron, 4);SHOUNKI38T4;SHORT PLAYA KIDS;Kids;Marron;4;2,00
VELA;[SHOUNKI38T6] SHORT PLAYA KIDS (Marron, 6);SHOUNKI38T6;SHORT PLAYA KIDS;Kids;Marron;6;2,00
VELA;[SHOUNKI38T8] SHORT PLAYA KIDS (Marron, 8);SHOUNKI38T8;SHORT PLAYA KIDS;Kids;Marron;8;3,00
VELA;[SHOUNKI38T10] SHORT PLAYA KIDS (Marron, 10);SHOUNKI38T10;SHORT PLAYA KIDS;Kids;Marron;10;4,00
VELA;[SHOUNKI12T4] SHORT PLAYA KIDS (Azul Marino, 4);SHOUNKI12T4;SHORT PLAYA KIDS;Kids;Azul Marino;4;1,00
VELA;[SHOUNKI12T10] SHORT PLAYA KIDS (Azul Marino, 10);SHOUNKI12T10;SHORT PLAYA KIDS;Kids;Azul Marino;10;2,00
VELA;[SHOUNKI68T10] SHORT PLAYA KIDS (Verde Oliva, 10);SHOUNKI68T10;SHORT PLAYA KIDS;Kids;Verde Oliva;10;2,00
VELA;[SHOUNKI13T4] SHORT PLAYA KIDS (Azul Rey, 4);SHOUNKI13T4;SHORT PLAYA KIDS;Kids;Azul Rey;4;2,00
VELA;[SHOUNKI23T4] SHORT PLAYA KIDS (Coral, 4);SHOUNKI23T4;SHORT PLAYA KIDS;Kids;Coral;4;3,00
VELA;[SHOSUCA154TS] SHORT PLAYA ESTAMPADO CAB (SOMBRERO, S);SHOSUCA154TS;SHORT PLAYA ESTAMPADO CAB;Caballero;Sombrero;S;4,00
VELA;[SHOSUCA154TM] SHORT PLAYA ESTAMPADO CAB (SOMBRERO, M);SHOSUCA154TM;SHORT PLAYA ESTAMPADO CAB;Caballero;Sombrero;M;9,00
VELA;[SHOSUCA154TL] SHORT PLAYA ESTAMPADO CAB (SOMBRERO, L);SHOSUCA154TL;SHORT PLAYA ESTAMPADO CAB;Caballero;Sombrero;L;7,00
VELA;[SHOSUCA156TXL] SHORT PLAYA ESTAMPADO CAB (TUCUPIDO, XL);SHOSUCA156TXL;SHORT PLAYA ESTAMPADO CAB;Caballero;Tucupido;XL;3,00
VELA;[SHOSUCA153TL] SHORT PLAYA ESTAMPADO CAB (SAL, L);SHOSUCA153TL;SHORT PLAYA ESTAMPADO CAB;Caballero;Sal;L;3,00
VELA;[SHOSUKI156T12] SHORT PLAYA ESTAMPADO KIDS (TUCUPIDO, 12);SHOSUKI156T12;SHORT PLAYA ESTAMPADO KIDS;Kids;Tucupido;12;4,00
VELA;[SHOUNCA69T2XL] SHORT PLAYA CAB (Verde Pino, 2XL);SHOUNCA69T2XL;SHORT PLAYA CAB;Caballero;Verde Pino;2XL;5,00
VELA;[SHOUNCA187TM] SHORT PLAYA CAB (Azul Pizarra, M);SHOUNCA187TM;SHORT PLAYA CAB;Caballero;Azul Pizarra;M;3,00
VELA;[SHOUNCA69TS] SHORT PLAYA CAB (Verde Pino, S);SHOUNCA69TS;SHORT PLAYA CAB;Caballero;Verde Pino;S;5,00
VELA;[SHOUNCA186TM] SHORT PLAYA CAB (Azul Verdoso, M);SHOUNCA186TM;SHORT PLAYA CAB;Caballero;Azul Verdoso;M;3,00
VELA;[SHOSUCA155TM] SHORT PLAYA ESTAMPADO CAB (PLAYUELA, M);SHOSUCA155TM;SHORT PLAYA ESTAMPADO CAB;Caballero;Playuela;M;5,00
VELA;[SHOSUCA153TM] SHORT PLAYA ESTAMPADO CAB (SAL, M);SHOSUCA153TM;SHORT PLAYA ESTAMPADO CAB;Caballero;Sal;M;7,00
VELA;[SHOSUCA153TS] SHORT PLAYA ESTAMPADO CAB (SAL, S);SHOSUCA153TS;SHORT PLAYA ESTAMPADO CAB;Caballero;Sal;S;5,00
VELA;[SHOUNKI12T6] SHORT PLAYA KIDS (Azul Marino, 6);SHOUNKI12T6;SHORT PLAYA KIDS;Kids;Azul Marino;6;4,00
VELA;[SHOUNKI186T2] SHORT PLAYA KIDS (Azul Verdoso, 2);SHOUNKI186T2;SHORT PLAYA KIDS;Kids;Azul Verdoso;2;5,00
VELA;[SHOUNKI186T6] SHORT PLAYA KIDS (Azul Verdoso, 6);SHOUNKI186T6;SHORT PLAYA KIDS;Kids;Azul Verdoso;6;5,00
VELA;[SHOUNKI186T14] SHORT PLAYA KIDS (Azul Verdoso, 14);SHOUNKI186T14;SHORT PLAYA KIDS;Kids;Azul Verdoso;14;3,00
VELA;[SHOUNKI170T6] SHORT PLAYA KIDS (Cereza, 6);SHOUNKI170T6;SHORT PLAYA KIDS;Kids;Cereza;6;5,00
VELA;[SHOUNKI170T12] SHORT PLAYA KIDS (Cereza, 12);SHOUNKI170T12;SHORT PLAYA KIDS;Kids;Cereza;12;4,00
VELA;[SHOUNKI69T4] SHORT PLAYA KIDS (Verde Pino, 4);SHOUNKI69T4;SHORT PLAYA KIDS;Kids;Verde Pino;4;5,00
VELA;[SHOUNKI68T4] SHORT PLAYA KIDS (Verde Oliva, 4);SHOUNKI68T4;SHORT PLAYA KIDS;Kids;Verde Oliva;4;4,00
VELA;[SHOUNKI68T8] SHORT PLAYA KIDS (Verde Oliva, 8);SHOUNKI68T8;SHORT PLAYA KIDS;Kids;Verde Oliva;8;4,00
VELA;[SHOUNKI57T6] SHORT PLAYA KIDS (Terracota, 6);SHOUNKI57T6;SHORT PLAYA KIDS;Kids;Terracota;6;5,00
VELA;[SHOUNKI33T4] SHORT PLAYA KIDS (Kaki, 4);SHOUNKI33T4;SHORT PLAYA KIDS;Kids;Kaki;4;4,00
VELA;[SHOUNKI33T6] SHORT PLAYA KIDS (Kaki, 6);SHOUNKI33T6;SHORT PLAYA KIDS;Kids;Kaki;6;4,00
VELA;[SHOUNKI33T8] SHORT PLAYA KIDS (Kaki, 8);SHOUNKI33T8;SHORT PLAYA KIDS;Kids;Kaki;8;5,00
VELA;[SHOUNKI33T10] SHORT PLAYA KIDS (Kaki, 10);SHOUNKI33T10;SHORT PLAYA KIDS;Kids;Kaki;10;5,00
VELA;[SHOUNKI38T12] SHORT PLAYA KIDS (Marron, 12);SHOUNKI38T12;SHORT PLAYA KIDS;Kids;Marron;12;3,00
VELA;[SHOUNKI38T14] SHORT PLAYA KIDS (Marron, 14);SHOUNKI38T14;SHORT PLAYA KIDS;Kids;Marron;14;3,00
VELA;[SHOUNKI50T4] SHORT PLAYA KIDS (Rojo, 4);SHOUNKI50T4;SHORT PLAYA KIDS;Kids;Rojo;4;7,00
VELA;[SHOUNKI50T8] SHORT PLAYA KIDS (Rojo, 8);SHOUNKI50T8;SHORT PLAYA KIDS;Kids;Rojo;8;5,00
VELA;[SHOSUKI156T1] SHORT PLAYA ESTAMPADO KIDS (TUCUPIDO, 1);SHOSUKI156T1;SHORT PLAYA ESTAMPADO KIDS;Kids;Tucupido;1;10,00
VELA;[SHOSUKI156T6] SHORT PLAYA ESTAMPADO KIDS (TUCUPIDO, 6);SHOSUKI156T6;SHORT PLAYA ESTAMPADO KIDS;Kids;Tucupido;6;5,00
VELA;[SHOSUKI156T10] SHORT PLAYA ESTAMPADO KIDS (TUCUPIDO, 10);SHOSUKI156T10;SHORT PLAYA ESTAMPADO KIDS;Kids;Tucupido;10;2,00
VELA;[SHOSUKI156T14] SHORT PLAYA ESTAMPADO KIDS (TUCUPIDO, 14);SHOSUKI156T14;SHORT PLAYA ESTAMPADO KIDS;Kids;Tucupido;14;10,00
VELA;[SHOSUKI153T6] SHORT PLAYA ESTAMPADO KIDS (SAL, 6);SHOSUKI153T6;SHORT PLAYA ESTAMPADO KIDS;Kids;Sal;6;4,00
VELA;[SHOSUKI27T2] SHORT PLAYA ESTAMPADO KIDS (FRAILE, 2);SHOSUKI27T2;SHORT PLAYA ESTAMPADO KIDS;Kids;Fraile;2;1,00
VELA;[SHOUNKI187T10] SHORT PLAYA KIDS (Azul Pizarra, 10);SHOUNKI187T10;SHORT PLAYA KIDS;Kids;Azul Pizarra;10;3,00
VELA;[SHOUNKI187T14] SHORT PLAYA KIDS (Azul Pizarra, 14);SHOUNKI187T14;SHORT PLAYA KIDS;Kids;Azul Pizarra;14;3,00
VELA;[SHOSUKI154T6] SHORT PLAYA ESTAMPADO KIDS (SOMBRERO, 6);SHOSUKI154T6;SHORT PLAYA ESTAMPADO KIDS;Kids;Sombrero;6;2,00
VELA;[SHOSUKI154T12] SHORT PLAYA ESTAMPADO KIDS (SOMBRERO, 12);SHOSUKI154T12;SHORT PLAYA ESTAMPADO KIDS;Kids;Sombrero;12;1,00
VELA;[SHOSUKI154T8] SHORT PLAYA ESTAMPADO KIDS (SOMBRERO, 8);SHOSUKI154T8;SHORT PLAYA ESTAMPADO KIDS;Kids;Sombrero;8;1,00
VELA;[SHOSUKI154T10] SHORT PLAYA ESTAMPADO KIDS (SOMBRERO, 10);SHOSUKI154T10;SHORT PLAYA ESTAMPADO KIDS;Kids;Sombrero;10;2,00
VELA;[SHOSUKI156T14] SHORT PLAYA ESTAMPADO KIDS (TUCUPIDO, 14);SHOSUKI156T14;SHORT PLAYA ESTAMPADO KIDS;Kids;Tucupido;14;1,00
VELA;[SHOSUKI156T6] SHORT PLAYA ESTAMPADO KIDS (TUCUPIDO, 6);SHOSUKI156T6;SHORT PLAYA ESTAMPADO KIDS;Kids;Tucupido;6;2,00
VELA;[SHOSUKI156T12] SHORT PLAYA ESTAMPADO KIDS (TUCUPIDO, 12);SHOSUKI156T12;SHORT PLAYA ESTAMPADO KIDS;Kids;Tucupido;12;3,00
VELA;[SHOSUKI156T8] SHORT PLAYA ESTAMPADO KIDS (TUCUPIDO, 8);SHOSUKI156T8;SHORT PLAYA ESTAMPADO KIDS;Kids;Tucupido;8;1,00
VELA;[SHOSUKI156T10] SHORT PLAYA ESTAMPADO KIDS (TUCUPIDO, 10);SHOSUKI156T10;SHORT PLAYA ESTAMPADO KIDS;Kids;Tucupido;10;2,00
VELA;[SHOSUKI154T14] SHORT PLAYA ESTAMPADO KIDS (SOMBRERO, 14);SHOSUKI154T14;SHORT PLAYA ESTAMPADO KIDS;Kids;Sombrero;14;2,00
VELA;[SHOSUKI156T4] SHORT PLAYA ESTAMPADO KIDS (TUCUPIDO, 4);SHOSUKI156T4;SHORT PLAYA ESTAMPADO KIDS;Kids;Tucupido;4;2,00
VELA;[SHOSUCA153TM] SHORT PLAYA ESTAMPADO CAB (SAL, M);SHOSUCA153TM;SHORT PLAYA ESTAMPADO CAB;Caballero;Sal;M;1,00
VELA;[SHOSUCA155TM] SHORT PLAYA ESTAMPADO CAB (PLAYUELA, M);SHOSUCA155TM;SHORT PLAYA ESTAMPADO CAB;Caballero;Playuela;M;2,00
VELA;[SHOSUCA154TM] SHORT PLAYA ESTAMPADO CAB (SOMBRERO, M);SHOSUCA154TM;SHORT PLAYA ESTAMPADO CAB;Caballero;Sombrero;M;2,00
VELA;[SHOSUCA156TS] SHORT PLAYA ESTAMPADO CAB (TUCUPIDO, S);SHOSUCA156TS;SHORT PLAYA ESTAMPADO CAB;Caballero;Tucupido;S;2,00
VELA;[SHOSUCA154TS] SHORT PLAYA ESTAMPADO CAB (SOMBRERO, S);SHOSUCA154TS;SHORT PLAYA ESTAMPADO CAB;Caballero;Sombrero;S;2,00
VELA;[SHOSUCA155TS] SHORT PLAYA ESTAMPADO CAB (PLAYUELA, S);SHOSUCA155TS;SHORT PLAYA ESTAMPADO CAB;Caballero;Playuela;S;1,00
VELA;[SHOSUCA153TS] SHORT PLAYA ESTAMPADO CAB (SAL, S);SHOSUCA153TS;SHORT PLAYA ESTAMPADO CAB;Caballero;Sal;S;2,00
VELA;[SHOSUCA156TXL] SHORT PLAYA ESTAMPADO CAB (TUCUPIDO, XL);SHOSUCA156TXL;SHORT PLAYA ESTAMPADO CAB;Caballero;Tucupido;XL;4,00
VELA;[SHOSUCA155TL] SHORT PLAYA ESTAMPADO CAB (PLAYUELA, L);SHOSUCA155TL;SHORT PLAYA ESTAMPADO CAB;Caballero;Playuela;L;1,00
VELA;[SHOSUCA154TL] SHORT PLAYA ESTAMPADO CAB (SOMBRERO, L);SHOSUCA154TL;SHORT PLAYA ESTAMPADO CAB;Caballero;Sombrero;L;2,00
VELA;[SHOSUCA153TL] SHORT PLAYA ESTAMPADO CAB (SAL, L);SHOSUCA153TL;SHORT PLAYA ESTAMPADO CAB;Caballero;Sal;L;3,00
VELA;[SHOUNCA187T2XL] SHORT PLAYA CAB (Azul Pizarra, 2XL);SHOUNCA187T2XL;SHORT PLAYA CAB;Caballero;Azul Pizarra;2XL;2,00
VELA;[SHOUNCA69T2XL] SHORT PLAYA CAB (Verde Pino, 2XL);SHOUNCA69T2XL;SHORT PLAYA CAB;Caballero;Verde Pino;2XL;1,00
VELA;[SHOUNCA186T2XL] SHORT PLAYA CAB (Azul Verdoso, 2XL);SHOUNCA186T2XL;SHORT PLAYA CAB;Caballero;Azul Verdoso;2XL;1,00
VELA;[SHOUNCA38TXL] SHORT PLAYA CAB (Marron, XL);SHOUNCA38TXL;SHORT PLAYA CAB;Caballero;Marron;XL;2,00
VELA;[SHOUNCA38TL] SHORT PLAYA CAB (Marron, L);SHOUNCA38TL;SHORT PLAYA CAB;Caballero;Marron;L;2,00
VELA;[SHOUNCA170TS] SHORT PLAYA CAB (Cereza, S);SHOUNCA170TS;SHORT PLAYA CAB;Caballero;Cereza;S;3,00
VELA;[SHOUNCA187TS] SHORT PLAYA CAB (Azul Pizarra, S);SHOUNCA187TS;SHORT PLAYA CAB;Caballero;Azul Pizarra;S;3,00
VELA;[SHOUNCA186TS] SHORT PLAYA CAB (Azul Verdoso, S);SHOUNCA186TS;SHORT PLAYA CAB;Caballero;Azul Verdoso;S;1,00
VELA;[SHOUNKI29T6] SHORT PLAYA KIDS (Gris Azulado, 6);SHOUNKI29T6;SHORT PLAYA KIDS;Kids;Gris Azulado;6;4,00
VELA;[SHOUNKI12T6] SHORT PLAYA KIDS (Azul Marino, 6);SHOUNKI12T6;SHORT PLAYA KIDS;Kids;Azul Marino;6;2,00
VELA;[SHOUNKI33T6] SHORT PLAYA KIDS (Kaki, 6);SHOUNKI33T6;SHORT PLAYA KIDS;Kids;Kaki;6;2,00
VELA;[SHOUNKI57T6] SHORT PLAYA KIDS (Terracota, 6);SHOUNKI57T6;SHORT PLAYA KIDS;Kids;Terracota;6;1,00
VELA;[SHOUNKI01T6] SHORT PLAYA KIDS (Aguamarina, 6);SHOUNKI01T6;SHORT PLAYA KIDS;Kids;Aguamarina;6;2,00
VELA;[SHOUNKI33T8] SHORT PLAYA KIDS (Kaki, 8);SHOUNKI33T8;SHORT PLAYA KIDS;Kids;Kaki;8;2,00
VELA;[SHOUNKI01T8] SHORT PLAYA KIDS (Aguamarina, 8);SHOUNKI01T8;SHORT PLAYA KIDS;Kids;Aguamarina;8;3,00
VELA;[SHOUNKI50T8] SHORT PLAYA KIDS (Rojo, 8);SHOUNKI50T8;SHORT PLAYA KIDS;Kids;Rojo;8;2,00
VELA;[SHOUNKI68T8] SHORT PLAYA KIDS (Verde Oliva, 8);SHOUNKI68T8;SHORT PLAYA KIDS;Kids;Verde Oliva;8;2,00
VELA;[SHOUNKI01T4] SHORT PLAYA KIDS (Aguamarina, 4);SHOUNKI01T4;SHORT PLAYA KIDS;Kids;Aguamarina;4;3,00
VELA;[SHOUNKI33T4] SHORT PLAYA KIDS (Kaki, 4);SHOUNKI33T4;SHORT PLAYA KIDS;Kids;Kaki;4;2,00
VELA;[SHOUNKI23T4] SHORT PLAYA KIDS (Coral, 4);SHOUNKI23T4;SHORT PLAYA KIDS;Kids;Coral;4;3,00
VELA;[SHOUNKI68T4] SHORT PLAYA KIDS (Verde Oliva, 4);SHOUNKI68T4;SHORT PLAYA KIDS;Kids;Verde Oliva;4;2,00
VELA;[SHOUNKI50T4] SHORT PLAYA KIDS (Rojo, 4);SHOUNKI50T4;SHORT PLAYA KIDS;Kids;Rojo;4;2,00
VELA;[SHOUNKI29T10] SHORT PLAYA KIDS (Gris Azulado, 10);SHOUNKI29T10;SHORT PLAYA KIDS;Kids;Gris Azulado;10;3,00
VELA;[SHOUNKI186T8] SHORT PLAYA KIDS (Azul Verdoso, 8);SHOUNKI186T8;SHORT PLAYA KIDS;Kids;Azul Verdoso;8;2,00
VELA;[SHOUNKI186T10] SHORT PLAYA KIDS (Azul Verdoso, 10);SHOUNKI186T10;SHORT PLAYA KIDS;Kids;Azul Verdoso;10;2,00
VELA;[SHOUNKI186T12] SHORT PLAYA KIDS (Azul Verdoso, 12);SHOUNKI186T12;SHORT PLAYA KIDS;Kids;Azul Verdoso;12;2,00
VELA;[SHOUNKI187T6] SHORT PLAYA KIDS (Azul Pizarra, 6);SHOUNKI187T6;SHORT PLAYA KIDS;Kids;Azul Pizarra;6;1,00
VELA;[SHOUNKI187T4] SHORT PLAYA KIDS (Azul Pizarra, 4);SHOUNKI187T4;SHORT PLAYA KIDS;Kids;Azul Pizarra;4;2,00
VELA;[SHOUNKI187T8] SHORT PLAYA KIDS (Azul Pizarra, 8);SHOUNKI187T8;SHORT PLAYA KIDS;Kids;Azul Pizarra;8;2,00
VELA;[SHOUNKI187T12] SHORT PLAYA KIDS (Azul Pizarra, 12);SHOUNKI187T12;SHORT PLAYA KIDS;Kids;Azul Pizarra;12;2,00
VELA;[SHOUNKI170T4] SHORT PLAYA KIDS (Cereza, 4);SHOUNKI170T4;SHORT PLAYA KIDS;Kids;Cereza;4;2,00
VELA;[SHOUNKI170T8] SHORT PLAYA KIDS (Cereza, 8);SHOUNKI170T8;SHORT PLAYA KIDS;Kids;Cereza;8;2,00
VELA;[SHOUNKI170T10] SHORT PLAYA KIDS (Cereza, 10);SHOUNKI170T10;SHORT PLAYA KIDS;Kids;Cereza;10;1,00
VELA;[SHOUNKI170T14] SHORT PLAYA KIDS (Cereza, 14);SHOUNKI170T14;SHORT PLAYA KIDS;Kids;Cereza;14;4,00
VELA;[SHOUNKI69T6] SHORT PLAYA KIDS (Verde Pino, 6);SHOUNKI69T6;SHORT PLAYA KIDS;Kids;Verde Pino;6;4,00
VELA;[SHOUNKI69T8] SHORT PLAYA KIDS (Verde Pino, 8);SHOUNKI69T8;SHORT PLAYA KIDS;Kids;Verde Pino;8;4,00
VELA;[SHOUNKI69T14] SHORT PLAYA KIDS (Verde Pino, 14);SHOUNKI69T14;SHORT PLAYA KIDS;Kids;Verde Pino;14;4,00
VELA;[SHOUNKI38T2] SHORT PLAYA KIDS (Marron, 2);SHOUNKI38T2;SHORT PLAYA KIDS;Kids;Marron;2;1,00
VELA;[SHOUNCA38T2XL] SHORT PLAYA CAB (Marron, 2XL);SHOUNCA38T2XL;SHORT PLAYA CAB;Caballero;Marron;2XL;1,00
VELA;[SHOUNKI69T10] SHORT PLAYA KIDS (Verde Pino, 10);SHOUNKI69T10;SHORT PLAYA KIDS;Kids;Verde Pino;10;2,00
VELA;[SHOUNKI50T2] SHORT PLAYA KIDS (Rojo, 2);SHOUNKI50T2;SHORT PLAYA KIDS;Kids;Rojo;2;2,00
VELA;[SHOUNKI50T6] SHORT PLAYA KIDS (Rojo, 6);SHOUNKI50T6;SHORT PLAYA KIDS;Kids;Rojo;6;4,00
VELA;[SHOUNKI29T8] SHORT PLAYA KIDS (Gris Azulado, 8);SHOUNKI29T8;SHORT PLAYA KIDS;Kids;Gris Azulado;8;2,00
VELA;[SHOUNKI29T4] SHORT PLAYA KIDS (Gris Azulado, 4);SHOUNKI29T4;SHORT PLAYA KIDS;Kids;Gris Azulado;4;2,00
VELA;[SHOUNKI38T4] SHORT PLAYA KIDS (Marron, 4);SHOUNKI38T4;SHORT PLAYA KIDS;Kids;Marron;4;2,00
VELA;[SHOUNKI38T6] SHORT PLAYA KIDS (Marron, 6);SHOUNKI38T6;SHORT PLAYA KIDS;Kids;Marron;6;2,00
VELA;[SHOUNKI38T8] SHORT PLAYA KIDS (Marron, 8);SHOUNKI38T8;SHORT PLAYA KIDS;Kids;Marron;8;2,00
VELA;[SHOUNKI38T10] SHORT PLAYA KIDS (Marron, 10);SHOUNKI38T10;SHORT PLAYA KIDS;Kids;Marron;10;2,00
VELA;[SHOUNKI12T4] SHORT PLAYA KIDS (Azul Marino, 4);SHOUNKI12T4;SHORT PLAYA KIDS;Kids;Azul Marino;4;1,00
VELA;[SHOUNKI68T2] SHORT PLAYA KIDS (Verde Oliva, 2);SHOUNKI68T2;SHORT PLAYA KIDS;Kids;Verde Oliva;2;1,00
VELA;[SHOUNKI68T10] SHORT PLAYA KIDS (Verde Oliva, 10);SHOUNKI68T10;SHORT PLAYA KIDS;Kids;Verde Oliva;10;3,00
VELA;[SHOUNKI13T4] SHORT PLAYA KIDS (Azul Rey, 4);SHOUNKI13T4;SHORT PLAYA KIDS;Kids;Azul Rey;4;2,00
VELA;[SHOUNKI23T2] SHORT PLAYA KIDS (Coral, 2);SHOUNKI23T2;SHORT PLAYA KIDS;Kids;Coral;2;1,00
VELA;[SHOUNKI57T2] SHORT PLAYA KIDS (Terracota, 2);SHOUNKI57T2;SHORT PLAYA KIDS;Kids;Terracota;2;2,00
VELA;[SHOUNKI57T4] SHORT PLAYA KIDS (Terracota, 4);SHOUNKI57T4;SHORT PLAYA KIDS;Kids;Terracota;4;1,00
VELA;[SHOUNKI57T8] SHORT PLAYA KIDS (Terracota, 8);SHOUNKI57T8;SHORT PLAYA KIDS;Kids;Terracota;8;2,00
VELA;[SHOUNKI57T14] SHORT PLAYA KIDS (Terracota, 14);SHOUNKI57T14;SHORT PLAYA KIDS;Kids;Terracota;14;1,00
VELA;[SHOSUKI27T2] SHORT PLAYA ESTAMPADO KIDS (FRAILE, 2);SHOSUKI27T2;SHORT PLAYA ESTAMPADO KIDS;Kids;Fraile;2;2,00
VELA;[SHOSUKI111T1] SHORT PLAYA ESTAMPADO KIDS (CRASQUI, 1);SHOSUKI111T1;SHORT PLAYA ESTAMPADO KIDS;Kids;Crasqui;1;1,00
VELA;[SHOSUKI54T8] SHORT PLAYA ESTAMPADO KIDS (ROYAL, 8);SHOSUKI54T8;SHORT PLAYA ESTAMPADO KIDS;Kids;Royal;8;1,00
VELA;[SHOSUKI104T4] SHORT PLAYA ESTAMPADO KIDS (BLACK ABSTRACT, 4);SHOSUKI104T4;SHORT PLAYA ESTAMPADO KIDS;Kids;Black Abstract;4;1,00
VELA;[SHOSUKI26T1] SHORT PLAYA ESTAMPADO KIDS (DORADO, 1);SHOSUKI26T1;SHORT PLAYA ESTAMPADO KIDS;Kids;Dorado;1;1,00
VELA;[SHOSUKI111T4] SHORT PLAYA ESTAMPADO KIDS (CRASQUI, 4);SHOSUKI111T4;SHORT PLAYA ESTAMPADO KIDS;Kids;Crasqui;4;1,00
VELA;[SHOUNKI69T12] SHORT PLAYA KIDS (Verde Pino, 12);SHOUNKI69T12;SHORT PLAYA KIDS;Kids;Verde Pino;12;2,00
VELA;[SHOUNKI186T14] SHORT PLAYA KIDS (Azul Verdoso, 14);SHOUNKI186T14;SHORT PLAYA KIDS;Kids;Azul Verdoso;14;2,00
VELA;[SHOUNKI23T12] SHORT PLAYA KIDS (Coral, 12);SHOUNKI23T12;SHORT PLAYA KIDS;Kids;Coral;12;1,00
VELA;[SHOUNKI38T14] SHORT PLAYA KIDS (Marron, 14);SHOUNKI38T14;SHORT PLAYA KIDS;Kids;Marron;14;1,00
VELA;[SHOUNKI186T4] SHORT PLAYA KIDS (Azul Verdoso, 4);SHOUNKI186T4;SHORT PLAYA KIDS;Kids;Azul Verdoso;4;1,00
VELA;[SHOUNKI69T2] SHORT PLAYA KIDS (Verde Pino, 2);SHOUNKI69T2;SHORT PLAYA KIDS;Kids;Verde Pino;2;1,00
VELA;[SHOUNCA186TM] SHORT PLAYA CAB (Azul Verdoso, M);SHOUNCA186TM;SHORT PLAYA CAB;Caballero;Azul Verdoso;M;1,00
VELA;[SHOUNCA187TL] SHORT PLAYA CAB (Azul Pizarra, L);SHOUNCA187TL;SHORT PLAYA CAB;Caballero;Azul Pizarra;L;-1,00
VELA;[SHOUNCA38TS] SHORT PLAYA CAB (Marron, S);SHOUNCA38TS;SHORT PLAYA CAB;Caballero;Marron;S;1,00
VELA;[SHOUNKI12T10] SHORT PLAYA KIDS (Azul Marino, 10);SHOUNKI12T10;SHORT PLAYA KIDS;Kids;Azul Marino;10;1,00
VELA;[SHOUNCA186TXL] SHORT PLAYA CAB (Azul Verdoso, XL);SHOUNCA186TXL;SHORT PLAYA CAB;Caballero;Azul Verdoso;XL;-1,00
VELA;[SHOUNKI187T10] SHORT PLAYA KIDS (Azul Pizarra, 10);SHOUNKI187T10;SHORT PLAYA KIDS;Kids;Azul Pizarra;10;2,00
VELA;[SHOUNKI187T14] SHORT PLAYA KIDS (Azul Pizarra, 14);SHOUNKI187T14;SHORT PLAYA KIDS;Kids;Azul Pizarra;14;2,00
