Año;Mes;Producto;Variante del producto;SKU;GENERO;COLOR;TALLA;tienda / ubicación;Cant. ordenada
2025;OCTUBRE;CLÁSICA SPORT DAMA;[CLAMEDA16TXL] CLÁSICA SPORT DAMA (Blanco - New White, XL);CLAMEDA16TXL;DAMA;Blanco - New White;XL;GRIETA;1
2025;OCTUBRE;CLÁSICA SPORT DAMA;[CLAMEDA13TS] CLÁSICA SPORT DAMA (Azul Mazari - Azul Mazari, S);CLAMEDA13TS;DAMA;Azul Mazari - Azul Mazari;S;SAMBIL VALENCIA;1
2025;OCTUBRE;SABRI SPORT DAMA;[SABMEDA13TM] SABRI SPORT DAMA (M, Azul Rey - 50122);SABMEDA13TM;DAMA;Azul Rey;M;SAMBIL VALENCIA;1
2025;OCTUBRE;CLÁSICA SPORT DAMA;[CLAMEDA13TL] CLÁSICA SPORT DAMA (Azul Mazari - Azul Mazari, L);CLAMEDA13TL;DAMA;Azul Mazari - Azul Mazari;L;SAMBIL VALENCIA;1
2025;OCTUBRE;SABRI SPORT DAMA;[SABMEDA30TM] SABRI SPORT DAMA (M, Gris Claro - 9734);SABMEDA30TM;DAMA;Gris Claro;M;GRIETA;1
2025;OCTUBRE;CLASICA SPORT CAB;[CLAMECA30TS] CLASICA SPORT CAB (S, Gris Claro - Gris Ceniza);CLAMECA30TS;CAB;Gris Claro - Gris Ceniza;S;GRIETA;1
2025;OCTUBRE;CLASICA SPORT CAB;[CLAMECA16TS] CLASICA SPORT CAB (S, Blanco - New White);CLAMECA16TS;CAB;Blanco - New White;S;GRIETA;1
2025;OCTUBRE;CLÁSICA SPORT DAMA;[CLAMEDA12TM] CLÁSICA SPORT DAMA (Azul Marino - Azul Cori, M);CLAMEDA12TM;DAMA;Azul Marino - Azul Cori;M;SAMBIL VALENCIA;1
2025;OCTUBRE;CLÁSICA SPORT DAMA;[CLAMEDA16TS] CLÁSICA SPORT DAMA (Blanco - New White, S);CLAMEDA16TS;DAMA;Blanco - New White;S;SAMBIL VALENCIA;1
2025;OCTUBRE;CLASICA SPORT KIDS;[CLAMEKI12T8] CLASICA SPORT KIDS (8, Azul Marino - Azul Cori);CLAMEKI12T8;KIDS;Azul Marino - Azul Cori;8;GRIETA;1
2025;OCTUBRE;CLASICA SPORT CAB;[CLAMECA13TL] CLASICA SPORT CAB (L, Azul Mazari - Azul Mazari);CLAMECA13TL;CAB;Azul Mazari - Azul Mazari;L;SAMBIL VALENCIA;1
2025;OCTUBRE;CLASICA SPORT CAB;[CLAMECA12TXL] CLASICA SPORT CAB (XL, Azul Marino - Azul Cori);CLAMECA12TXL;CAB;Azul Marino - Azul Cori;XL;SAMBIL CHACAO;1
2025;OCTUBRE;CLASICA SPORT CAB;[CLAMECA13T2XL] CLASICA SPORT CAB (2XL, Azul Mazari - Azul Mazari);CLAMECA13T2XL;CAB;Azul Mazari - Azul Mazari;2XL;SAMBIL VALENCIA;1
2025;OCTUBRE;CLASICA SPORT CAB;[CLAMECA66T2XL] CLASICA SPORT CAB (2XL, Verde Militar - Verde Hoja);CLAMECA66T2XL;CAB;Verde Militar - Verde Hoja;2XL;SAMBIL VALENCIA;1
2025;OCTUBRE;CLASICA SPORT KIDS;[CLAMEKI30T12] CLASICA SPORT KIDS (12, Gris Claro - Gris Ceniza);CLAMEKI30T12;KIDS;Gris Claro - Gris Ceniza;12;GRIETA;1
2025;OCTUBRE;MAFE SPORT DAMA;[MAFMEDA51TXL] MAFE SPORT DAMA (Rosa Palo -  Rosa Seca, XL);MAFMEDA51TXL;DAMA;Rosa Palo - Rosa Seca;XL;GRAND PLAZ;1
2025;OCTUBRE;MAFE SPORT DAMA;[MAFMEDA66TXL] MAFE SPORT DAMA (Verde Militar - Verde Hoja, XL);MAFMEDA66TXL;DAMA;Verde Militar - Verde Hoja;XL;GRAND PLAZ;1
2025;OCTUBRE;CLASICA SPORT CAB;[CLAMECA66TM] CLASICA SPORT CAB (M, Verde Militar - Verde Hoja);CLAMECA66TM;CAB;Verde Militar - Verde Hoja;M;CERRO VERDE;1
2025;OCTUBRE;CLASICA SPORT CAB;[CLAMECA30TL] CLASICA SPORT CAB (L, Gris Claro - Gris Ceniza);CLAMECA30TL;CAB;Gris Claro - Gris Ceniza;L;SAMBIL VALENCIA;1
2025;OCTUBRE;CLÁSICA SPORT DAMA;[CLAMEDA13TXS] CLÁSICA SPORT DAMA (Azul Mazari - Azul Mazari, XS);CLAMEDA13TXS;DAMA;Azul Mazari - Azul Mazari;XS;SAMBIL VALENCIA;1
2025;OCTUBRE;CLÁSICA SPORT DAMA;[CLAMEDA16TXS] CLÁSICA SPORT DAMA (Blanco - New White, XS);CLAMEDA16TXS;DAMA;Blanco - New White;XS;SAMBIL VALENCIA;1
2025;OCTUBRE;CLASICA SPORT CAB;[CLAMECA30TXL] CLASICA SPORT CAB (XL, Gris Claro - Gris Ceniza);CLAMECA30TXL;CAB;Gris Claro - Gris Ceniza;XL;SAMBIL VALENCIA;1
2025;OCTUBRE;CLASICA SPORT KIDS;[CLAMEKI66T10] CLASICA SPORT KIDS (10, Verde Militar - Verde Hoja);CLAMEKI66T10;KIDS;Verde Militar - Verde Hoja;10;GRIETA;1
2025;OCTUBRE;CLASICA SPORT CAB;[CLAMECA43T2XL] CLASICA SPORT CAB (2XL, Negro - Negro);CLAMECA43T2XL;CAB;Negro - Negro;2XL;GRIETA;1
2025;OCTUBRE;CLÁSICA SPORT DAMA;[CLAMEDA66TM] CLÁSICA SPORT DAMA (Verde Militar - Verde Hoja, M);CLAMEDA66TM;DAMA;Verde Militar - Verde Hoja;M;SAMBIL VALENCIA;1
2025;OCTUBRE;CLASICA SPORT KIDS;[CLAMEKI66T10] CLASICA SPORT KIDS (10, Verde Militar - Verde Hoja);CLAMEKI66T10;KIDS;Verde Militar - Verde Hoja;10;SAMBIL VALENCIA;1
2025;OCTUBRE;CLÁSICA SPORT DAMA;[CLAMEDA12TXS] CLÁSICA SPORT DAMA (Azul Marino - Azul Cori, XS);CLAMEDA12TXS;DAMA;Azul Marino - Azul Cori;XS;SAMBIL VALENCIA;1
2025;OCTUBRE;SABRI SPORT DAMA;[SABMEDA16TL] SABRI SPORT DAMA (L, Blanco - 1259j);SABMEDA16TL;DAMA;Blanco;L;SAMBIL VALENCIA;1
2025;OCTUBRE;SABRI SPORT DAMA;[SABMEDA43TM] SABRI SPORT DAMA (M, Negro - 10);SABMEDA43TM;DAMA;Negro;M;SAMBIL VALENCIA;1
2025;OCTUBRE;SABRI SPORT DAMA;[SABMEDA16TM] SABRI SPORT DAMA (M, Blanco - 1259j);SABMEDA16TM;DAMA;Blanco;M;SAMBIL VALENCIA;1
2025;OCTUBRE;CLÁSICA SPORT DAMA;[CLAMEDA16TS] CLÁSICA SPORT DAMA (Blanco - New White, S);CLAMEDA16TS;DAMA;Blanco - New White;S;WEB;1
2025;OCTUBRE;MAFE SPORT DAMA;[MAFMEDA16TL] MAFE SPORT DAMA (Blanco - New White, L);MAFMEDA16TL;DAMA;Blanco - New White;L;WEB;1
2025;OCTUBRE;CLASICA SPORT CAB;[CLAMECA16TXL] CLASICA SPORT CAB (XL, Blanco - New White);CLAMECA16TXL;CAB;Blanco - New White;XL;GRIETA;1
2025;OCTUBRE;CLASICA SPORT CAB;[CLAMECA16TM] CLASICA SPORT CAB (M, Blanco - New White);CLAMECA16TM;CAB;Blanco - New White;M;GRIETA;1
2025;OCTUBRE;CLÁSICA SPORT DAMA;[CLAMEDA13TS] CLÁSICA SPORT DAMA (Azul Mazari - Azul Mazari, S);CLAMEDA13TS;DAMA;Azul Mazari - Azul Mazari;S;GRIETA;1
2025;OCTUBRE;CLÁSICA SPORT DAMA;[CLAMEDA16TS] CLÁSICA SPORT DAMA (Blanco - New White, S);CLAMEDA16TS;DAMA;Blanco - New White;S;GRIETA;1
2025;OCTUBRE;CLASICA SPORT CAB;[CLAMECA16TM] CLASICA SPORT CAB (M, Blanco - New White);CLAMECA16TM;CAB;Blanco - New White;M;GRIETA;1
2025;OCTUBRE;CLASICA SPORT CAB;[CLAMECA30TL] CLASICA SPORT CAB (L, Gris Claro - Gris Ceniza);CLAMECA30TL;CAB;Gris Claro - Gris Ceniza;L;CERRO VERDE;1
2025;OCTUBRE;CLÁSICA SPORT DAMA;[CLAMEDA13TXL] CLÁSICA SPORT DAMA (Azul Mazari - Azul Mazari, XL);CLAMEDA13TXL;DAMA;Azul Mazari - Azul Mazari;XL;GRIETA;1
2025;OCTUBRE;CLASICA SPORT CAB;[CLAMECA43TXL] CLASICA SPORT CAB (XL, Negro - Negro);CLAMECA43TXL;CAB;Negro - Negro;XL;GRIETA;-1
2025;OCTUBRE;CLASICA SPORT CAB;[CLAMECA43TL] CLASICA SPORT CAB (L, Negro - Negro);CLAMECA43TL;CAB;Negro - Negro;L;GRIETA;1
2025;OCTUBRE;CLASICA SPORT CAB;[CLAMECA30TM] CLASICA SPORT CAB (M, Gris Claro - Gris Ceniza);CLAMECA30TM;CAB;Gris Claro - Gris Ceniza;M;WEB;1
2025;OCTUBRE;CLASICA SPORT CAB;[CLAMECA16TM] CLASICA SPORT CAB (M, Blanco - New White);CLAMECA16TM;CAB;Blanco - New White;M;WEB;1
2025;OCTUBRE;CLASICA SPORT CAB;[CLAMECA13TM] CLASICA SPORT CAB (M, Azul Mazari - Azul Mazari);CLAMECA13TM;CAB;Azul Mazari - Azul Mazari;M;WEB;1
2025;OCTUBRE;SABRI SPORT DAMA;[SABMEDA16TS] SABRI SPORT DAMA (S, Blanco - 1259j);SABMEDA16TS;DAMA;Blanco;S;WEB;1
2025;OCTUBRE;CLASICA SPORT CAB;[CLAMECA30TM] CLASICA SPORT CAB (M, Gris Claro - Gris Ceniza);CLAMECA30TM;CAB;Gris Claro - Gris Ceniza;M;SAMBIL VALENCIA;1
2025;OCTUBRE;MAFE SPORT DAMA;[MAFMEDA16TL] MAFE SPORT DAMA (Blanco - New White, L);MAFMEDA16TL;DAMA;Blanco - New White;L;WEB;1
2025;OCTUBRE;SABRI SPORT DAMA;[SABMEDA16TXL] SABRI SPORT DAMA (XL, Blanco - 1259j);SABMEDA16TXL;DAMA;Blanco;XL;GRIETA;1
2025;OCTUBRE;SABRI SPORT DAMA;[SABMEDA51TS] SABRI SPORT DAMA (S, Rosa Seca);SABMEDA51TS;DAMA;Rosa Seca;S;CERRO VERDE;1
2025;OCTUBRE;CLASICA SPORT CAB;[CLAMECA43TS] CLASICA SPORT CAB (S, Negro - Negro);CLAMECA43TS;CAB;Negro - Negro;S;SAMBIL VALENCIA;1
2025;OCTUBRE;CLASICA SPORT CAB;[CLAMECA43TL] CLASICA SPORT CAB (L, Negro - Negro);CLAMECA43TL;CAB;Negro - Negro;L;SAMBIL VALENCIA;1
2025;OCTUBRE;CLÁSICA SPORT DAMA;[CLAMEDA12TM] CLÁSICA SPORT DAMA (Azul Marino - Azul Cori, M);CLAMEDA12TM;DAMA;Azul Marino - Azul Cori;M;SAMBIL VALENCIA;2
2025;OCTUBRE;CLASICA SPORT KIDS;[CLAMEKI30T14] CLASICA SPORT KIDS (14, Gris Claro - Gris Ceniza);CLAMEKI30T14;KIDS;Gris Claro - Gris Ceniza;14;GRIETA;-1
2025;OCTUBRE;CLÁSICA SPORT DAMA;[CLAMEDA30TXS] CLÁSICA SPORT DAMA (Gris Claro - Gris Ceniza, XS);CLAMEDA30TXS;DAMA;Gris Claro - Gris Ceniza;XS;GRIETA;1
2025;OCTUBRE;SABRI SPORT DAMA;[SABMEDA66TM] SABRI SPORT DAMA (M, Verde Militar - 60620);SABMEDA66TM;DAMA;Verde Militar;M;SAMBIL VALENCIA;1
2025;OCTUBRE;CLÁSICA SPORT DAMA;[CLAMEDA30TS] CLÁSICA SPORT DAMA (Gris Claro - Gris Ceniza, S);CLAMEDA30TS;DAMA;Gris Claro - Gris Ceniza;S;SAMBIL VALENCIA;1
2025;OCTUBRE;MAFE SPORT DAMA;[MAFMEDA13TS] MAFE SPORT DAMA (Azul Mazari - Azul Mazari, S);MAFMEDA13TS;DAMA;Azul Mazari - Azul Mazari;S;WEB;1
2025;OCTUBRE;CLASICA SPORT CAB;[CLAMECA43TM] CLASICA SPORT CAB (M, Negro - Negro);CLAMECA43TM;CAB;Negro - Negro;M;SAMBIL VALENCIA;1
2025;OCTUBRE;CLASICA SPORT CAB;[CLAMECA43TL] CLASICA SPORT CAB (L, Negro - Negro);CLAMECA43TL;CAB;Negro - Negro;L;SAMBIL VALENCIA;1
2025;OCTUBRE;CLÁSICA SPORT DAMA;[CLAMEDA43TXL] CLÁSICA SPORT DAMA (Negro - Negro, XL);CLAMEDA43TXL;DAMA;Negro - Negro;XL;SAMBIL VALENCIA;1
2025;OCTUBRE;CLÁSICA SPORT DAMA;[CLAMEDA43TXS] CLÁSICA SPORT DAMA (Negro - Negro, XS);CLAMEDA43TXS;DAMA;Negro - Negro;XS;SAMBIL VALENCIA;1
2025;OCTUBRE;CLASICA SPORT CAB;[CLAMECA13TL] CLASICA SPORT CAB (L, Azul Mazari - Azul Mazari);CLAMECA13TL;CAB;Azul Mazari - Azul Mazari;L;SAMBIL VALENCIA;1
2025;OCTUBRE;CLASICA SPORT KIDS;[CLAMEKI30T8] CLASICA SPORT KIDS (8, Gris Claro - Gris Ceniza);CLAMEKI30T8;KIDS;Gris Claro - Gris Ceniza;8;GRIETA;1
2025;OCTUBRE;CLÁSICA SPORT DAMA;[CLAMEDA16TXL] CLÁSICA SPORT DAMA (Blanco - New White, XL);CLAMEDA16TXL;DAMA;Blanco - New White;XL;GRIETA;1
2025;OCTUBRE;CLASICA SPORT CAB;[CLAMECA43T2XL] CLASICA SPORT CAB (2XL, Negro - Negro);CLAMECA43T2XL;CAB;Negro - Negro;2XL;SAMBIL CHACAO;1
2025;OCTUBRE;CLASICA SPORT CAB;[CLAMECA12TXL] CLASICA SPORT CAB (XL, Azul Marino - Azul Cori);CLAMECA12TXL;CAB;Azul Marino - Azul Cori;XL;SAMBIL CHACAO;1
2025;OCTUBRE;MAFE SPORT DAMA;[MAFMEDA66TXS] MAFE SPORT DAMA (Verde Militar - Verde Hoja, XS);MAFMEDA66TXS;DAMA;Verde Militar - Verde Hoja;XS;SAMBIL CHACAO;1
2025;OCTUBRE;CLÁSICA SPORT DAMA;[CLAMEDA43TXL] CLÁSICA SPORT DAMA (Negro - Negro, XL);CLAMEDA43TXL;DAMA;Negro - Negro;XL;SAMBIL VALENCIA;1
2025;OCTUBRE;CLÁSICA SPORT DAMA;[CLAMEDA43TS] CLÁSICA SPORT DAMA (Negro - Negro, S);CLAMEDA43TS;DAMA;Negro - Negro;S;SAMBIL VALENCIA;1
2025;OCTUBRE;CLÁSICA SPORT DAMA;[CLAMEDA30TL] CLÁSICA SPORT DAMA (Gris Claro - Gris Ceniza, L);CLAMEDA30TL;DAMA;Gris Claro - Gris Ceniza;L;SAMBIL VALENCIA;1
2025;OCTUBRE;CLASICA SPORT CAB;[CLAMECA43TL] CLASICA SPORT CAB (L, Negro - Negro);CLAMECA43TL;CAB;Negro - Negro;L;SAMBIL VALENCIA;1
2025;OCTUBRE;CLÁSICA SPORT DAMA;[CLAMEDA30TM] CLÁSICA SPORT DAMA (Gris Claro - Gris Ceniza, M);CLAMEDA30TM;DAMA;Gris Claro - Gris Ceniza;M;SAMBIL VALENCIA;1
2025;OCTUBRE;CLASICA SPORT CAB;[CLAMECA12T2XL] CLASICA SPORT CAB (2XL, Azul Marino - Azul Cori);CLAMECA12T2XL;CAB;Azul Marino - Azul Cori;2XL;CERRO VERDE;1
2025;OCTUBRE;CLASICA SPORT CAB;[CLAMECA51T2XL] CLASICA SPORT CAB (2XL, Rosa Palo -  Rosa Seca);CLAMECA51T2XL;CAB;Rosa Palo - Rosa Seca;2XL;CERRO VERDE;1
2025;OCTUBRE;CLASICA SPORT CAB;[CLAMECA66T2XL] CLASICA SPORT CAB (2XL, Verde Militar - Verde Hoja);CLAMECA66T2XL;CAB;Verde Militar - Verde Hoja;2XL;CERRO VERDE;1
2025;OCTUBRE;CLASICA SPORT CAB;[CLAMECA16T2XL] CLASICA SPORT CAB (2XL, Blanco - New White);CLAMECA16T2XL;CAB;Blanco - New White;2XL;CERRO VERDE;1
2025;OCTUBRE;CLASICA SPORT CAB;[CLAMECA16TL] CLASICA SPORT CAB (L, Blanco - New White);CLAMECA16TL;CAB;Blanco - New White;L;CERRO VERDE;1
2025;OCTUBRE;CLASICA SPORT CAB;[CLAMECA16TL] CLASICA SPORT CAB (L, Blanco - New White);CLAMECA16TL;CAB;Blanco - New White;L;CERRO VERDE;1
2025;OCTUBRE;CLASICA SPORT CAB;[CLAMECA12TXL] CLASICA SPORT CAB (XL, Azul Marino - Azul Cori);CLAMECA12TXL;CAB;Azul Marino - Azul Cori;XL;CERRO VERDE;1
2025;OCTUBRE;CLASICA SPORT CAB;[CLAMECA43T2XL] CLASICA SPORT CAB (2XL, Negro - Negro);CLAMECA43T2XL;CAB;Negro - Negro;2XL;SAMBIL VALENCIA;1
2025;OCTUBRE;SABRI SPORT DAMA;[SABMEDA30TXL] SABRI SPORT DAMA (XL, Gris Claro - 9734);SABMEDA30TXL;DAMA;Gris Claro;XL;GRIETA;1
2025;OCTUBRE;CLASICA SPORT CAB;[CLAMECA13TXL] CLASICA SPORT CAB (XL, Azul Mazari - Azul Mazari);CLAMECA13TXL;CAB;Azul Mazari - Azul Mazari;XL;GRIETA;1
2025;OCTUBRE;CLASICA SPORT CAB;[CLAMECA13TXL] CLASICA SPORT CAB (XL, Azul Mazari - Azul Mazari);CLAMECA13TXL;CAB;Azul Mazari - Azul Mazari;XL;WEB;1
2025;OCTUBRE;CLASICA SPORT CAB;[CLAMECA13TL] CLASICA SPORT CAB (L, Azul Mazari - Azul Mazari);CLAMECA13TL;CAB;Azul Mazari - Azul Mazari;L;WEB;1
2025;OCTUBRE;CLASICA SPORT CAB;[CLAMECA13T2XL] CLASICA SPORT CAB (2XL, Azul Mazari - Azul Mazari);CLAMECA13T2XL;CAB;Azul Mazari - Azul Mazari;2XL;PEDIDOS;1
2025;OCTUBRE;CLÁSICA SPORT DAMA;[CLAMEDA43TM] CLÁSICA SPORT DAMA (Negro - Negro, M);CLAMEDA43TM;DAMA;Negro - Negro;M;PEDIDOS;1
2025;OCTUBRE;CLASICA SPORT CAB;[CLAMECA43TL] CLASICA SPORT CAB (L, Negro - Negro);CLAMECA43TL;CAB;Negro - Negro;L;CERRO VERDE;1
2025;OCTUBRE;CLASICA SPORT CAB;[CLAMECA30TL] CLASICA SPORT CAB (L, Gris Claro - Gris Ceniza);CLAMECA30TL;CAB;Gris Claro - Gris Ceniza;L;CERRO VERDE;1
2025;OCTUBRE;CLASICA SPORT CAB;[CLAMECA43TL] CLASICA SPORT CAB (L, Negro - Negro);CLAMECA43TL;CAB;Negro - Negro;L;CERRO VERDE;1
2025;OCTUBRE;CLÁSICA SPORT DAMA;[CLAMEDA43TXS] CLÁSICA SPORT DAMA (Negro - Negro, XS);CLAMEDA43TXS;DAMA;Negro - Negro;XS;SAMBIL VALENCIA;1
2025;OCTUBRE;CLÁSICA SPORT DAMA;[CLAMEDA43TS] CLÁSICA SPORT DAMA (Negro - Negro, S);CLAMEDA43TS;DAMA;Negro - Negro;S;SAMBIL VALENCIA;1
2025;OCTUBRE;CLASICA SPORT CAB;[CLAMECA16TM] CLASICA SPORT CAB (M, Blanco - New White);CLAMECA16TM;CAB;Blanco - New White;M;GRIETA;1
2025;OCTUBRE;CLASICA SPORT CAB;[CLAMECA13TM] CLASICA SPORT CAB (M, Azul Mazari - Azul Mazari);CLAMECA13TM;CAB;Azul Mazari - Azul Mazari;M;GRIETA;1
2025;OCTUBRE;SABRI SPORT DAMA;[SABMEDA66TXS] SABRI SPORT DAMA (XS, Verde Militar - 60620);SABMEDA66TXS;DAMA;Verde Militar;XS;GRIETA;1
2025;OCTUBRE;SABRI SPORT DAMA;[SABMEDA13TM] SABRI SPORT DAMA (M, Azul Rey - 50122);SABMEDA13TM;DAMA;Azul Rey;M;GRIETA;1
2025;OCTUBRE;CLASICA SPORT CAB;[CLAMECA66TL] CLASICA SPORT CAB (L, Verde Militar - Verde Hoja);CLAMECA66TL;CAB;Verde Militar - Verde Hoja;L;GRIETA;1
2025;OCTUBRE;CLASICA SPORT CAB;[CLAMECA13TL] CLASICA SPORT CAB (L, Azul Mazari - Azul Mazari);CLAMECA13TL;CAB;Azul Mazari - Azul Mazari;L;SAMBIL VALENCIA;1
2025;OCTUBRE;CLÁSICA SPORT DAMA;[CLAMEDA43TXL] CLÁSICA SPORT DAMA (Negro - Negro, XL);CLAMEDA43TXL;DAMA;Negro - Negro;XL;SAMBIL VALENCIA;1
2025;OCTUBRE;SABRI SPORT DAMA;[SABMEDA16TL] SABRI SPORT DAMA (L, Blanco - 1259j);SABMEDA16TL;DAMA;Blanco;L;GRIETA;1
2025;OCTUBRE;SABRI SPORT DAMA;[SABMEDA30TXS] SABRI SPORT DAMA (XS, Gris Claro - 9734);SABMEDA30TXS;DAMA;Gris Claro;XS;GRIETA;1
2025;OCTUBRE;CLASICA SPORT CAB;[CLAMECA51TS] CLASICA SPORT CAB (S, Rosa Palo -  Rosa Seca);CLAMECA51TS;CAB;Rosa Palo - Rosa Seca;S;CERRO VERDE;1
2025;OCTUBRE;CLÁSICA SPORT DAMA;[CLAMEDA43TL] CLÁSICA SPORT DAMA (Negro - Negro, L);CLAMEDA43TL;DAMA;Negro - Negro;L;GRIETA;1
2025;OCTUBRE;CLASICA SPORT KIDS;[CLAMEKI12T14] CLASICA SPORT KIDS (14, Azul Marino - Azul Cori);CLAMEKI12T14;KIDS;Azul Marino - Azul Cori;14;CERRO VERDE;1
2025;OCTUBRE;CLASICA SPORT KIDS;[CLAMEKI66T14] CLASICA SPORT KIDS (14, Verde Militar - Verde Hoja);CLAMEKI66T14;KIDS;Verde Militar - Verde Hoja;14;CERRO VERDE;1
2025;OCTUBRE;CLASICA SPORT KIDS;[CLAMEKI66T12] CLASICA SPORT KIDS (12, Verde Militar - Verde Hoja);CLAMEKI66T12;KIDS;Verde Militar - Verde Hoja;12;GRIETA;1
2025;OCTUBRE;CLASICA SPORT CAB;[CLAMECA43TL] CLASICA SPORT CAB (L, Negro - Negro);CLAMECA43TL;CAB;Negro - Negro;L;SAMBIL VALENCIA;1
2025;OCTUBRE;CLASICA SPORT CAB;[CLAMECA13TL] CLASICA SPORT CAB (L, Azul Mazari - Azul Mazari);CLAMECA13TL;CAB;Azul Mazari - Azul Mazari;L;SAMBIL VALENCIA;1
2025;OCTUBRE;CLASICA SPORT CAB;[CLAMECA43TL] CLASICA SPORT CAB (L, Negro - Negro);CLAMECA43TL;CAB;Negro - Negro;L;SAMBIL VALENCIA;1
2025;OCTUBRE;CLASICA SPORT CAB;[CLAMECA43TXL] CLASICA SPORT CAB (XL, Negro - Negro);CLAMECA43TXL;CAB;Negro - Negro;XL;SAMBIL VALENCIA;1
2025;OCTUBRE;CLÁSICA SPORT DAMA;[CLAMEDA66TS] CLÁSICA SPORT DAMA (Verde Militar - Verde Hoja, S);CLAMEDA66TS;DAMA;Verde Militar - Verde Hoja;S;CERRO VERDE;1
2025;OCTUBRE;CLÁSICA SPORT DAMA;[CLAMEDA16TXS] CLÁSICA SPORT DAMA (Blanco - New White, XS);CLAMEDA16TXS;DAMA;Blanco - New White;XS;SAMBIL VALENCIA;1
2025;OCTUBRE;CLÁSICA SPORT DAMA;[CLAMEDA30TL] CLÁSICA SPORT DAMA (Gris Claro - Gris Ceniza, L);CLAMEDA30TL;DAMA;Gris Claro - Gris Ceniza;L;SAMBIL VALENCIA;1
2025;OCTUBRE;SABRI SPORT DAMA;[SABMEDA13TS] SABRI SPORT DAMA (S, Azul Rey - 50122);SABMEDA13TS;DAMA;Azul Rey;S;SAMBIL VALENCIA;0
2025;OCTUBRE;SABRI SPORT DAMA;[SABMEDA16TL] SABRI SPORT DAMA (L, Blanco - 1259j);SABMEDA16TL;DAMA;Blanco;L;SAMBIL VALENCIA;1
2025;OCTUBRE;CLÁSICA SPORT DAMA;[CLAMEDA43TM] CLÁSICA SPORT DAMA (Negro - Negro, M);CLAMEDA43TM;DAMA;Negro - Negro;M;SAMBIL VALENCIA;1
2025;OCTUBRE;CLÁSICA SPORT DAMA;[CLAMEDA30TM] CLÁSICA SPORT DAMA (Gris Claro - Gris Ceniza, M);CLAMEDA30TM;DAMA;Gris Claro - Gris Ceniza;M;SAMBIL VALENCIA;1
2025;OCTUBRE;CLÁSICA SPORT DAMA;[CLAMEDA30TXS] CLÁSICA SPORT DAMA (Gris Claro - Gris Ceniza, XS);CLAMEDA30TXS;DAMA;Gris Claro - Gris Ceniza;XS;CERRO VERDE;1
2025;OCTUBRE;CLASICA SPORT CAB;[CLAMECA13TL] CLASICA SPORT CAB (L, Azul Mazari - Azul Mazari);CLAMECA13TL;CAB;Azul Mazari - Azul Mazari;L;GRIETA;1
2025;OCTUBRE;SABRI SPORT DAMA;[SABMEDA16TM] SABRI SPORT DAMA (M, Blanco - 1259j);SABMEDA16TM;DAMA;Blanco;M;GRIETA;1
2025;OCTUBRE;CLASICA SPORT CAB;[CLAMECA16T3XL] CLASICA SPORT CAB (3XL, Blanco - New White);CLAMECA16T3XL;CAB;Blanco - New White;3XL;WEB;1
2025;OCTUBRE;CLASICA SPORT KIDS;[CLAMEKI66T14] CLASICA SPORT KIDS (14, Verde Militar - Verde Hoja);CLAMEKI66T14;KIDS;Verde Militar - Verde Hoja;14;GRIETA;1
2025;OCTUBRE;CLÁSICA SPORT DAMA;[CLAMEDA16TM] CLÁSICA SPORT DAMA (Blanco - New White, M);CLAMEDA16TM;DAMA;Blanco - New White;M;GRIETA;1
2025;OCTUBRE;CLÁSICA SPORT DAMA;[CLAMEDA16TS] CLÁSICA SPORT DAMA (Blanco - New White, S);CLAMEDA16TS;DAMA;Blanco - New White;S;GRIETA;1
2025;OCTUBRE;CLÁSICA SPORT DAMA;[CLAMEDA16TM] CLÁSICA SPORT DAMA (Blanco - New White, M);CLAMEDA16TM;DAMA;Blanco - New White;M;GRIETA;1
2025;OCTUBRE;CLÁSICA SPORT DAMA;[CLAMEDA16TXS] CLÁSICA SPORT DAMA (Blanco - New White, XS);CLAMEDA16TXS;DAMA;Blanco - New White;XS;GRIETA;1
2025;OCTUBRE;MAFE SPORT DAMA;[MAFMEDA16TS] MAFE SPORT DAMA (Blanco - New White, S);MAFMEDA16TS;DAMA;Blanco - New White;S;WEB;1
2025;OCTUBRE;SABRI SPORT DAMA;[SABMEDA66TL] SABRI SPORT DAMA (L, Verde Militar - 60620);SABMEDA66TL;DAMA;Verde Militar;L;GRIETA;1
2025;OCTUBRE;CLÁSICA SPORT DAMA;[CLAMEDA30TM] CLÁSICA SPORT DAMA (Gris Claro - Gris Ceniza, M);CLAMEDA30TM;DAMA;Gris Claro - Gris Ceniza;M;GRIETA;1
2025;OCTUBRE;CLASICA SPORT KIDS;[CLAMEKI43T10] CLASICA SPORT KIDS (10, Negro - Negro);CLAMEKI43T10;KIDS;Negro - Negro;10;GRIETA;1
2025;OCTUBRE;CLASICA SPORT KIDS;[CLAMEKI66T12] CLASICA SPORT KIDS (12, Verde Militar - Verde Hoja);CLAMEKI66T12;KIDS;Verde Militar - Verde Hoja;12;GRIETA;1
2025;OCTUBRE;CLASICA SPORT CAB;[CLAMECA43TXL] CLASICA SPORT CAB (XL, Negro - Negro);CLAMECA43TXL;CAB;Negro - Negro;XL;CERRO VERDE;1
2025;OCTUBRE;CLASICA SPORT CAB;[CLAMECA12TXL] CLASICA SPORT CAB (XL, Azul Marino - Azul Cori);CLAMECA12TXL;CAB;Azul Marino - Azul Cori;XL;CERRO VERDE;1
2025;OCTUBRE;CLÁSICA SPORT DAMA;[CLAMEDA16TS] CLÁSICA SPORT DAMA (Blanco - New White, S);CLAMEDA16TS;DAMA;Blanco - New White;S;SAMBIL VALENCIA;1
2025;OCTUBRE;CLASICA SPORT KIDS;[CLAMEKI30T14] CLASICA SPORT KIDS (14, Gris Claro - Gris Ceniza);CLAMEKI30T14;KIDS;Gris Claro - Gris Ceniza;14;GRIETA;1
2025;OCTUBRE;SABRI SPORT DAMA;[SABMEDA30TS] SABRI SPORT DAMA (S, Gris Claro - 9734);SABMEDA30TS;DAMA;Gris Claro;S;GRIETA;1
2025;OCTUBRE;CLASICA SPORT CAB;[CLAMECA30TXL] CLASICA SPORT CAB (XL, Gris Claro - Gris Ceniza);CLAMECA30TXL;CAB;Gris Claro - Gris Ceniza;XL;SAMBIL VALENCIA;1
2025;OCTUBRE;CLASICA SPORT CAB;[CLAMECA16TXL] CLASICA SPORT CAB (XL, Blanco - New White);CLAMECA16TXL;CAB;Blanco - New White;XL;SAMBIL VALENCIA;1
2025;OCTUBRE;CLASICA SPORT KIDS;[CLAMEKI30T8] CLASICA SPORT KIDS (8, Gris Claro - Gris Ceniza);CLAMEKI30T8;KIDS;Gris Claro - Gris Ceniza;8;SAMBIL VALENCIA;1
2025;OCTUBRE;CLASICA SPORT CAB;[CLAMECA30TXL] CLASICA SPORT CAB (XL, Gris Claro - Gris Ceniza);CLAMECA30TXL;CAB;Gris Claro - Gris Ceniza;XL;SAMBIL VALENCIA;1
2025;OCTUBRE;CLASICA SPORT CAB;[CLAMECA66TL] CLASICA SPORT CAB (L, Verde Militar - Verde Hoja);CLAMECA66TL;CAB;Verde Militar - Verde Hoja;L;GRIETA;1
2025;OCTUBRE;CLÁSICA SPORT DAMA;[CLAMEDA43TM] CLÁSICA SPORT DAMA (Negro - Negro, M);CLAMEDA43TM;DAMA;Negro - Negro;M;SAMBIL VALENCIA;1
2025;OCTUBRE;CLÁSICA SPORT DAMA;[CLAMEDA43TS] CLÁSICA SPORT DAMA (Negro - Negro, S);CLAMEDA43TS;DAMA;Negro - Negro;S;SAMBIL VALENCIA;2
2025;OCTUBRE;CLASICA SPORT KIDS;[CLAMEKI30T8] CLASICA SPORT KIDS (8, Gris Claro - Gris Ceniza);CLAMEKI30T8;KIDS;Gris Claro - Gris Ceniza;8;SAMBIL VALENCIA;1
2025;OCTUBRE;CLASICA SPORT KIDS;[CLAMEKI43T8] CLASICA SPORT KIDS (8, Negro - Negro);CLAMEKI43T8;KIDS;Negro - Negro;8;SAMBIL VALENCIA;1
2025;OCTUBRE;CLASICA SPORT CAB;[CLAMECA43TXL] CLASICA SPORT CAB (XL, Negro - Negro);CLAMECA43TXL;CAB;Negro - Negro;XL;GRIETA;1
2025;OCTUBRE;CLÁSICA SPORT DAMA;[CLAMEDA13TXS] CLÁSICA SPORT DAMA (Azul Mazari - Azul Mazari, XS);CLAMEDA13TXS;DAMA;Azul Mazari - Azul Mazari;XS;SAMBIL VALENCIA;1
2025;OCTUBRE;CLÁSICA SPORT DAMA;[CLAMEDA43TXS] CLÁSICA SPORT DAMA (Negro - Negro, XS);CLAMEDA43TXS;DAMA;Negro - Negro;XS;SAMBIL VALENCIA;1
2025;OCTUBRE;CLASICA SPORT CAB;[CLAMECA30TL] CLASICA SPORT CAB (L, Gris Claro - Gris Ceniza);CLAMECA30TL;CAB;Gris Claro - Gris Ceniza;L;SAMBIL CHACAO;1
2025;OCTUBRE;CLASICA SPORT CAB;[CLAMECA13TXL] CLASICA SPORT CAB (XL, Azul Mazari - Azul Mazari);CLAMECA13TXL;CAB;Azul Mazari - Azul Mazari;XL;SAMBIL VALENCIA;1
2025;OCTUBRE;SABRI SPORT DAMA;[SABMEDA43TXS] SABRI SPORT DAMA (XS, Negro - 10);SABMEDA43TXS;DAMA;Negro;XS;CERRO VERDE;1
2025;OCTUBRE;CLASICA SPORT CAB;[CLAMECA16TXL] CLASICA SPORT CAB (XL, Blanco - New White);CLAMECA16TXL;CAB;Blanco - New White;XL;CERRO VERDE;1
2025;OCTUBRE;SABRI SPORT DAMA;[SABMEDA16TS] SABRI SPORT DAMA (S, Blanco - 1259j);SABMEDA16TS;DAMA;Blanco;S;GRIETA;1
2025;OCTUBRE;CLASICA SPORT CAB;[CLAMECA30TXL] CLASICA SPORT CAB (XL, Gris Claro - Gris Ceniza);CLAMECA30TXL;CAB;Gris Claro - Gris Ceniza;XL;SAMBIL VALENCIA;1
2025;OCTUBRE;SABRI SPORT DAMA;[SABMEDA13TL] SABRI SPORT DAMA (L, Azul Rey - 50122);SABMEDA13TL;DAMA;Azul Rey;L;CERRO VERDE;1
2025;OCTUBRE;CLASICA SPORT CAB;[CLAMECA66TL] CLASICA SPORT CAB (L, Verde Militar - Verde Hoja);CLAMECA66TL;CAB;Verde Militar - Verde Hoja;L;GRIETA;1
2025;OCTUBRE;CLASICA SPORT CAB;[CLAMECA43T2XL] CLASICA SPORT CAB (2XL, Negro - Negro);CLAMECA43T2XL;CAB;Negro - Negro;2XL;CERRO VERDE;1
2025;OCTUBRE;SABRI SPORT DAMA;[SABMEDA43TS] SABRI SPORT DAMA (S, Negro - 10);SABMEDA43TS;DAMA;Negro;S;SAMBIL CHACAO;1
2025;OCTUBRE;CLASICA SPORT CAB;[CLAMECA12TM] CLASICA SPORT CAB (M, Azul Marino - Azul Cori);CLAMECA12TM;CAB;Azul Marino - Azul Cori;M;GRAND PLAZ;1
2025;OCTUBRE;CLASICA SPORT CAB;[CLAMECA43TM] CLASICA SPORT CAB (M, Negro - Negro);CLAMECA43TM;CAB;Negro - Negro;M;GRIETA;1
2025;OCTUBRE;CLASICA SPORT CAB;[CLAMECA13TXL] CLASICA SPORT CAB (XL, Azul Mazari - Azul Mazari);CLAMECA13TXL;CAB;Azul Mazari - Azul Mazari;XL;GRIETA;1
2025;OCTUBRE;CLASICA SPORT CAB;[CLAMECA43TXL] CLASICA SPORT CAB (XL, Negro - Negro);CLAMECA43TXL;CAB;Negro - Negro;XL;GRIETA;1
2025;OCTUBRE;SABRI SPORT DAMA;[SABMEDA63TXS] SABRI SPORT DAMA (XS, Verde Agua);SABMEDA63TXS;DAMA;Verde Agua;XS;SAMBIL CHACAO;1
2025;OCTUBRE;CLASICA SPORT CAB;[CLAMECA13TL] CLASICA SPORT CAB (L, Azul Mazari - Azul Mazari);CLAMECA13TL;CAB;Azul Mazari - Azul Mazari;L;SAMBIL VALENCIA;1
2025;NOVIEMBRE;SABRI SPORT DAMA;[SABMEDA66TM] SABRI SPORT DAMA (M, Verde Militar - 60620);SABMEDA66TM;DAMA;Verde Militar;M;GRIETA;1
2025;NOVIEMBRE;CLÁSICA SPORT DAMA;[CLAMEDA12TS] CLÁSICA SPORT DAMA (Azul Marino - Azul Cori, S);CLAMEDA12TS;DAMA;Azul Marino - Azul Cori;S;SAMBIL VALENCIA;1
2025;NOVIEMBRE;CLÁSICA SPORT DAMA;[CLAMEDA12TM] CLÁSICA SPORT DAMA (Azul Marino - Azul Cori, M);CLAMEDA12TM;DAMA;Azul Marino - Azul Cori;M;SAMBIL VALENCIA;1
2025;NOVIEMBRE;CLÁSICA SPORT DAMA;[CLAMEDA30TM] CLÁSICA SPORT DAMA (Gris Claro - Gris Ceniza, M);CLAMEDA30TM;DAMA;Gris Claro - Gris Ceniza;M;SAMBIL VALENCIA;1
2025;NOVIEMBRE;CLÁSICA SPORT DAMA;[CLAMEDA16TL] CLÁSICA SPORT DAMA (Blanco - New White, L);CLAMEDA16TL;DAMA;Blanco - New White;L;SAMBIL VALENCIA;1
2025;NOVIEMBRE;SABRI SPORT DAMA;[SABMEDA66TM] SABRI SPORT DAMA (M, Verde Militar - 60620);SABMEDA66TM;DAMA;Verde Militar;M;SAMBIL CHACAO;1
2025;NOVIEMBRE;CLASICA SPORT CAB;[CLAMECA43TM] CLASICA SPORT CAB (M, Negro - Negro);CLAMECA43TM;CAB;Negro - Negro;M;GRIETA;1
2025;NOVIEMBRE;CLASICA SPORT CAB;[CLAMECA16TM] CLASICA SPORT CAB (M, Blanco - New White);CLAMECA16TM;CAB;Blanco - New White;M;GRIETA;1
2025;NOVIEMBRE;SABRI SPORT DAMA;[SABMEDA66TXS] SABRI SPORT DAMA (XS, Verde Militar - 60620);SABMEDA66TXS;DAMA;Verde Militar;XS;SAMBIL CHACAO;1
2025;NOVIEMBRE;CLASICA SPORT CAB;[CLAMECA30TM] CLASICA SPORT CAB (M, Gris Claro - Gris Ceniza);CLAMECA30TM;CAB;Gris Claro - Gris Ceniza;M;CERRO VERDE;1
2025;NOVIEMBRE;CLASICA SPORT CAB;[CLAMECA43TM] CLASICA SPORT CAB (M, Negro - Negro);CLAMECA43TM;CAB;Negro - Negro;M;CERRO VERDE;1
2025;NOVIEMBRE;MAFE SPORT DAMA;[MAFMEDA51TS] MAFE SPORT DAMA (Rosa Palo -  Rosa Seca, S);MAFMEDA51TS;DAMA;Rosa Palo - Rosa Seca;S;GRAND PLAZ;1
2025;NOVIEMBRE;CLASICA SPORT CAB;[CLAMECA16TL] CLASICA SPORT CAB (L, Blanco - New White);CLAMECA16TL;CAB;Blanco - New White;L;GRIETA;1
2025;NOVIEMBRE;CLÁSICA SPORT DAMA;[CLAMEDA13TS] CLÁSICA SPORT DAMA (Azul Mazari - Azul Mazari, S);CLAMEDA13TS;DAMA;Azul Mazari - Azul Mazari;S;GRIETA;1
2025;NOVIEMBRE;SABRI SPORT DAMA;[SABMEDA43TM] SABRI SPORT DAMA (M, Negro - 10);SABMEDA43TM;DAMA;Negro;M;GRIETA;1
2025;NOVIEMBRE;CLASICA SPORT CAB;[CLAMECA66TL] CLASICA SPORT CAB (L, Verde Militar - Verde Hoja);CLAMECA66TL;CAB;Verde Militar - Verde Hoja;L;CERRO VERDE;1
2025;NOVIEMBRE;CLÁSICA SPORT DAMA;[CLAMEDA12TS] CLÁSICA SPORT DAMA (Azul Marino - Azul Cori, S);CLAMEDA12TS;DAMA;Azul Marino - Azul Cori;S;SAMBIL VALENCIA;1
2025;NOVIEMBRE;CLÁSICA SPORT DAMA;[CLAMEDA66TM] CLÁSICA SPORT DAMA (Verde Militar - Verde Hoja, M);CLAMEDA66TM;DAMA;Verde Militar - Verde Hoja;M;SAMBIL VALENCIA;1
2025;NOVIEMBRE;SABRI SPORT DAMA;[SABMEDA13TM] SABRI SPORT DAMA (M, Azul Rey - 50122);SABMEDA13TM;DAMA;Azul Rey;M;SAMBIL CHACAO;1
2025;NOVIEMBRE;CLASICA SPORT CAB;[CLAMECA30TXL] CLASICA SPORT CAB (XL, Gris Claro - Gris Ceniza);CLAMECA30TXL;CAB;Gris Claro - Gris Ceniza;XL;GRIETA;1
2025;NOVIEMBRE;CLASICA SPORT KIDS;[CLAMEKI30T10] CLASICA SPORT KIDS (10, Gris Claro - Gris Ceniza);CLAMEKI30T10;KIDS;Gris Claro - Gris Ceniza;10;SAMBIL VALENCIA;1
2025;NOVIEMBRE;SABRI SPORT DAMA;[SABMEDA30TS] SABRI SPORT DAMA (S, Gris Claro - 9734);SABMEDA30TS;DAMA;Gris Claro;S;SAMBIL VALENCIA;1
2025;NOVIEMBRE;SABRI SPORT DAMA;[SABMEDA43TM] SABRI SPORT DAMA (M, Negro - 10);SABMEDA43TM;DAMA;Negro;M;SAMBIL VALENCIA;1
2025;NOVIEMBRE;CLASICA SPORT CAB;[CLAMECA13T2XL] CLASICA SPORT CAB (2XL, Azul Mazari - Azul Mazari);CLAMECA13T2XL;CAB;Azul Mazari - Azul Mazari;2XL;GRIETA;1
2025;NOVIEMBRE;SABRI SPORT DAMA;[SABMEDA43TXS] SABRI SPORT DAMA (XS, Negro - 10);SABMEDA43TXS;DAMA;Negro;XS;GRIETA;1
2025;NOVIEMBRE;SABRI SPORT DAMA;[SABMEDA66TS] SABRI SPORT DAMA (S, Verde Militar - 60620);SABMEDA66TS;DAMA;Verde Militar;S;CERRO VERDE;1
2025;NOVIEMBRE;SABRI SPORT DAMA;[SABMEDA43TXS] SABRI SPORT DAMA (XS, Negro - 10);SABMEDA43TXS;DAMA;Negro;XS;GRIETA;1
2025;NOVIEMBRE;SABRI SPORT DAMA;[SABMEDA66TS] SABRI SPORT DAMA (S, Verde Militar - 60620);SABMEDA66TS;DAMA;Verde Militar;S;GRIETA;1
2025;NOVIEMBRE;SABRI SPORT DAMA;[SABMEDA16TXS] SABRI SPORT DAMA (XS, Blanco - 1259j);SABMEDA16TXS;DAMA;Blanco;XS;GRIETA;1
2025;NOVIEMBRE;CLÁSICA SPORT DAMA;[CLAMEDA12TS] CLÁSICA SPORT DAMA (Azul Marino - Azul Cori, S);CLAMEDA12TS;DAMA;Azul Marino - Azul Cori;S;SAMBIL VALENCIA;1
2025;NOVIEMBRE;CLASICA SPORT CAB;[CLAMECA13TS] CLASICA SPORT CAB (S, Azul Mazari - Azul Mazari);CLAMECA13TS;CAB;Azul Mazari - Azul Mazari;S;GRIETA;1
2025;NOVIEMBRE;CLASICA SPORT CAB;[CLAMECA66TM] CLASICA SPORT CAB (M, Verde Militar - Verde Hoja);CLAMECA66TM;CAB;Verde Militar - Verde Hoja;M;GRIETA;1
2025;NOVIEMBRE;CLASICA SPORT CAB;[CLAMECA43T2XL] CLASICA SPORT CAB (2XL, Negro - Negro);CLAMECA43T2XL;CAB;Negro - Negro;2XL;SAMBIL VALENCIA;1
2025;NOVIEMBRE;CLASICA SPORT CAB;[CLAMECA13TXL] CLASICA SPORT CAB (XL, Azul Mazari - Azul Mazari);CLAMECA13TXL;CAB;Azul Mazari - Azul Mazari;XL;GRIETA;-1
2025;NOVIEMBRE;CLASICA SPORT CAB;[CLAMECA43TXL] CLASICA SPORT CAB (XL, Negro - Negro);CLAMECA43TXL;CAB;Negro - Negro;XL;SAMBIL VALENCIA;1
2025;NOVIEMBRE;CLASICA SPORT CAB;[CLAMECA43TXL] CLASICA SPORT CAB (XL, Negro - Negro);CLAMECA43TXL;CAB;Negro - Negro;XL;SAMBIL VALENCIA;1
2025;NOVIEMBRE;CLÁSICA SPORT DAMA;[CLAMEDA13TM] CLÁSICA SPORT DAMA (Azul Mazari - Azul Mazari, M);CLAMEDA13TM;DAMA;Azul Mazari - Azul Mazari;M;GRIETA;1
2025;NOVIEMBRE;CLASICA SPORT CAB;[CLAMECA12TXL] CLASICA SPORT CAB (XL, Azul Marino - Azul Cori);CLAMECA12TXL;CAB;Azul Marino - Azul Cori;XL;CERRO VERDE;1
2025;NOVIEMBRE;CLÁSICA SPORT DAMA;[CLAMEDA12TM] CLÁSICA SPORT DAMA (Azul Marino - Azul Cori, M);CLAMEDA12TM;DAMA;Azul Marino - Azul Cori;M;SAMBIL VALENCIA;1
2025;NOVIEMBRE;CLASICA SPORT CAB;[CLAMECA30TM] CLASICA SPORT CAB (M, Gris Claro - Gris Ceniza);CLAMECA30TM;CAB;Gris Claro - Gris Ceniza;M;CERRO VERDE;1
2025;NOVIEMBRE;SABRI SPORT DAMA;[SABMEDA16TM] SABRI SPORT DAMA (M, Blanco - 1259j);SABMEDA16TM;DAMA;Blanco;M;CERRO VERDE;1
2025;NOVIEMBRE;CLASICA SPORT CAB;[CLAMECA16TXL] CLASICA SPORT CAB (XL, Blanco - New White);CLAMECA16TXL;CAB;Blanco - New White;XL;SAMBIL VALENCIA;1
2025;NOVIEMBRE;CLASICA SPORT CAB;[CLAMECA43TXL] CLASICA SPORT CAB (XL, Negro - Negro);CLAMECA43TXL;CAB;Negro - Negro;XL;SAMBIL VALENCIA;1
2025;NOVIEMBRE;CLASICA SPORT CAB;[CLAMECA13TM] CLASICA SPORT CAB (M, Azul Mazari - Azul Mazari);CLAMECA13TM;CAB;Azul Mazari - Azul Mazari;M;GRIETA;1
2025;NOVIEMBRE;CLASICA SPORT CAB;[CLAMECA43TL] CLASICA SPORT CAB (L, Negro - Negro);CLAMECA43TL;CAB;Negro - Negro;L;SAMBIL VALENCIA;1
2025;NOVIEMBRE;CLASICA SPORT CAB;[CLAMECA16TL] CLASICA SPORT CAB (L, Blanco - New White);CLAMECA16TL;CAB;Blanco - New White;L;SAMBIL VALENCIA;1
2025;NOVIEMBRE;CLASICA SPORT CAB;[CLAMECA13TXL] CLASICA SPORT CAB (XL, Azul Mazari - Azul Mazari);CLAMECA13TXL;CAB;Azul Mazari - Azul Mazari;XL;CERRO VERDE;1
2025;NOVIEMBRE;CLASICA SPORT CAB;[CLAMECA16TL] CLASICA SPORT CAB (L, Blanco - New White);CLAMECA16TL;CAB;Blanco - New White;L;CERRO VERDE;1
2025;NOVIEMBRE;CLASICA SPORT CAB;[CLAMECA66TXL] CLASICA SPORT CAB (XL, Verde Militar - Verde Hoja);CLAMECA66TXL;CAB;Verde Militar - Verde Hoja;XL;GRIETA;1
2025;NOVIEMBRE;CLASICA SPORT CAB;[CLAMECA13TXL] CLASICA SPORT CAB (XL, Azul Mazari - Azul Mazari);CLAMECA13TXL;CAB;Azul Mazari - Azul Mazari;XL;GRIETA;1
2025;NOVIEMBRE;SABRI SPORT DAMA;[SABMEDA51TM] SABRI SPORT DAMA (M, Rosa Seca);SABMEDA51TM;DAMA;Rosa Seca;M;CERRO VERDE;1
2025;NOVIEMBRE;SABRI SPORT DAMA;[SABMEDA16TS] SABRI SPORT DAMA (S, Blanco - 1259j);SABMEDA16TS;DAMA;Blanco;S;SAMBIL VALENCIA;1
2025;NOVIEMBRE;SABRI SPORT DAMA;[SABMEDA43TM] SABRI SPORT DAMA (M, Negro - 10);SABMEDA43TM;DAMA;Negro;M;SAMBIL VALENCIA;1
2025;NOVIEMBRE;SABRI SPORT DAMA;[SABMEDA13TM] SABRI SPORT DAMA (M, Azul Rey - 50122);SABMEDA13TM;DAMA;Azul Rey;M;SAMBIL VALENCIA;1
2025;NOVIEMBRE;CLASICA SPORT CAB;[CLAMECA66TS] CLASICA SPORT CAB (S, Verde Militar - Verde Hoja);CLAMECA66TS;CAB;Verde Militar - Verde Hoja;S;GRIETA;1
2025;NOVIEMBRE;CLASICA SPORT CAB;[CLAMECA30TL] CLASICA SPORT CAB (L, Gris Claro - Gris Ceniza);CLAMECA30TL;CAB;Gris Claro - Gris Ceniza;L;SAMBIL CHACAO;1
2025;NOVIEMBRE;SABRI SPORT DAMA;[SABMEDA16TS] SABRI SPORT DAMA (S, Blanco - 1259j);SABMEDA16TS;DAMA;Blanco;S;CERRO VERDE;1
2025;NOVIEMBRE;CLASICA SPORT CAB;[CLAMECA16TL] CLASICA SPORT CAB (L, Blanco - New White);CLAMECA16TL;CAB;Blanco - New White;L;GRIETA;1
2025;NOVIEMBRE;SABRI SPORT DAMA;[SABMEDA12TXS] SABRI SPORT DAMA (XS, Azul Marino - Azul Marino);SABMEDA12TXS;DAMA;Azul Marino - Azul Marino;XS;SAMBIL VALENCIA;1
2025;NOVIEMBRE;SABRI SPORT DAMA;[SABMEDA43TS] SABRI SPORT DAMA (S, Negro - 10);SABMEDA43TS;DAMA;Negro;S;GRIETA;1
2025;NOVIEMBRE;CLASICA SPORT KIDS;[CLAMEKI66T12] CLASICA SPORT KIDS (12, Verde Militar - Verde Hoja);CLAMEKI66T12;KIDS;Verde Militar - Verde Hoja;12;SAMBIL CHACAO;1
2025;NOVIEMBRE;CLASICA SPORT CAB;[CLAMECA30T2XL] CLASICA SPORT CAB (2XL, Gris Claro - Gris Ceniza);CLAMECA30T2XL;CAB;Gris Claro - Gris Ceniza;2XL;CERRO VERDE;1
2025;NOVIEMBRE;CLASICA SPORT CAB;[CLAMECA12T2XL] CLASICA SPORT CAB (2XL, Azul Marino - Azul Cori);CLAMECA12T2XL;CAB;Azul Marino - Azul Cori;2XL;CERRO VERDE;1
2025;NOVIEMBRE;CLÁSICA SPORT DAMA;[CLAMEDA66TM] CLÁSICA SPORT DAMA (Verde Militar - Verde Hoja, M);CLAMEDA66TM;DAMA;Verde Militar - Verde Hoja;M;SAMBIL VALENCIA;1
2025;NOVIEMBRE;SABRI SPORT DAMA;[SABMEDA66TS] SABRI SPORT DAMA (S, Verde Militar - 60620);SABMEDA66TS;DAMA;Verde Militar;S;SAMBIL VALENCIA;1
2025;NOVIEMBRE;SABRI SPORT DAMA;[SABMEDA66TS] SABRI SPORT DAMA (S, Verde Militar - 60620);SABMEDA66TS;DAMA;Verde Militar;S;SAMBIL VALENCIA;-1
2025;NOVIEMBRE;SABRI SPORT DAMA;[SABMEDA66TS] SABRI SPORT DAMA (S, Verde Militar - 60620);SABMEDA66TS;DAMA;Verde Militar;S;SAMBIL VALENCIA;1
2025;NOVIEMBRE;SABRI SPORT DAMA;[SABMEDA66TS] SABRI SPORT DAMA (S, Verde Militar - 60620);SABMEDA66TS;DAMA;Verde Militar;S;SAMBIL VALENCIA;-1
2025;NOVIEMBRE;SABRI SPORT DAMA;[SABMEDA66TS] SABRI SPORT DAMA (S, Verde Militar - 60620);SABMEDA66TS;DAMA;Verde Militar;S;SAMBIL VALENCIA;1
2025;NOVIEMBRE;SABRI SPORT DAMA;[SABMEDA16TM] SABRI SPORT DAMA (M, Blanco - 1259j);SABMEDA16TM;DAMA;Blanco;M;SAMBIL VALENCIA;1
2025;NOVIEMBRE;CLASICA SPORT CAB;[CLAMECA43TM] CLASICA SPORT CAB (M, Negro - Negro);CLAMECA43TM;CAB;Negro - Negro;M;GRIETA;1
2025;NOVIEMBRE;CLASICA SPORT CAB;[CLAMECA16TS] CLASICA SPORT CAB (S, Blanco - New White);CLAMECA16TS;CAB;Blanco - New White;S;GRIETA;1
2025;NOVIEMBRE;CLASICA SPORT CAB;[CLAMECA43TS] CLASICA SPORT CAB (S, Negro - Negro);CLAMECA43TS;CAB;Negro - Negro;S;GRIETA;1
2025;NOVIEMBRE;CLÁSICA SPORT DAMA;[CLAMEDA43TS] CLÁSICA SPORT DAMA (Negro - Negro, S);CLAMEDA43TS;DAMA;Negro - Negro;S;GRIETA;1
2025;NOVIEMBRE;CLÁSICA SPORT DAMA;[CLAMEDA16TS] CLÁSICA SPORT DAMA (Blanco - New White, S);CLAMEDA16TS;DAMA;Blanco - New White;S;GRIETA;1
2025;NOVIEMBRE;CLASICA SPORT CAB;[CLAMECA16TL] CLASICA SPORT CAB (L, Blanco - New White);CLAMECA16TL;CAB;Blanco - New White;L;CERRO VERDE;1
2025;NOVIEMBRE;CLASICA SPORT CAB;[CLAMECA30TM] CLASICA SPORT CAB (M, Gris Claro - Gris Ceniza);CLAMECA30TM;CAB;Gris Claro - Gris Ceniza;M;GRIETA;1
2025;NOVIEMBRE;CLASICA SPORT CAB;[CLAMECA43T2XL] CLASICA SPORT CAB (2XL, Negro - Negro);CLAMECA43T2XL;CAB;Negro - Negro;2XL;SAMBIL VALENCIA;1
2025;NOVIEMBRE;CLASICA SPORT CAB;[CLAMECA43TL] CLASICA SPORT CAB (L, Negro - Negro);CLAMECA43TL;CAB;Negro - Negro;L;GRIETA;1
2025;NOVIEMBRE;CLASICA SPORT CAB;[CLAMECA16TL] CLASICA SPORT CAB (L, Blanco - New White);CLAMECA16TL;CAB;Blanco - New White;L;SAMBIL VALENCIA;1
2025;NOVIEMBRE;CLASICA SPORT KIDS;[CLAMEKI43T6] CLASICA SPORT KIDS (6, Negro - Negro);CLAMEKI43T6;KIDS;Negro - Negro;6;GRIETA;1
2025;NOVIEMBRE;CLASICA SPORT CAB;[CLAMECA13TXL] CLASICA SPORT CAB (XL, Azul Mazari - Azul Mazari);CLAMECA13TXL;CAB;Azul Mazari - Azul Mazari;XL;SAMBIL VALENCIA;1
2025;NOVIEMBRE;CLASICA SPORT CAB;[CLAMECA43TL] CLASICA SPORT CAB (L, Negro - Negro);CLAMECA43TL;CAB;Negro - Negro;L;GRIETA;1
2025;NOVIEMBRE;CLÁSICA SPORT DAMA;[CLAMEDA30TL] CLÁSICA SPORT DAMA (Gris Claro - Gris Ceniza, L);CLAMEDA30TL;DAMA;Gris Claro - Gris Ceniza;L;GRIETA;1
2025;NOVIEMBRE;SABRI SPORT DAMA;[SABMEDA13TM] SABRI SPORT DAMA (M, Azul Rey - 50122);SABMEDA13TM;DAMA;Azul Rey;M;CERRO VERDE;1
2025;NOVIEMBRE;SABRI SPORT DAMA;[SABMEDA16TM] SABRI SPORT DAMA (M, Blanco - 1259j);SABMEDA16TM;DAMA;Blanco;M;CERRO VERDE;1
2025;NOVIEMBRE;SABRI SPORT DAMA;[SABMEDA30TM] SABRI SPORT DAMA (M, Gris Claro - 9734);SABMEDA30TM;DAMA;Gris Claro;M;CERRO VERDE;1
2025;NOVIEMBRE;CLASICA SPORT CAB;[CLAMECA16TS] CLASICA SPORT CAB (S, Blanco - New White);CLAMECA16TS;CAB;Blanco - New White;S;GRIETA;-1
2025;NOVIEMBRE;CLÁSICA SPORT DAMA;[CLAMEDA66TL] CLÁSICA SPORT DAMA (Verde Militar - Verde Hoja, L);CLAMEDA66TL;DAMA;Verde Militar - Verde Hoja;L;GRIETA;1
2025;NOVIEMBRE;CLASICA SPORT KIDS;[CLAMEKI43T8] CLASICA SPORT KIDS (8, Negro - Negro);CLAMEKI43T8;KIDS;Negro - Negro;8;CERRO VERDE;1
2025;NOVIEMBRE;CLASICA SPORT CAB;[CLAMECA66TM] CLASICA SPORT CAB (M, Verde Militar - Verde Hoja);CLAMECA66TM;CAB;Verde Militar - Verde Hoja;M;SAMBIL VALENCIA;1
2025;NOVIEMBRE;CLASICA SPORT CAB;[CLAMECA66TL] CLASICA SPORT CAB (L, Verde Militar - Verde Hoja);CLAMECA66TL;CAB;Verde Militar - Verde Hoja;L;CERRO VERDE;1
2025;NOVIEMBRE;CLÁSICA SPORT DAMA;[CLAMEDA66TS] CLÁSICA SPORT DAMA (Verde Militar - Verde Hoja, S);CLAMEDA66TS;DAMA;Verde Militar - Verde Hoja;S;CERRO VERDE;1
2025;NOVIEMBRE;CLASICA SPORT KIDS;[CLAMEKI66T10] CLASICA SPORT KIDS (10, Verde Militar - Verde Hoja);CLAMEKI66T10;KIDS;Verde Militar - Verde Hoja;10;GRIETA;1
2025;NOVIEMBRE;CLASICA SPORT CAB;[CLAMECA13TM] CLASICA SPORT CAB (M, Azul Mazari - Azul Mazari);CLAMECA13TM;CAB;Azul Mazari - Azul Mazari;M;GRIETA;1
2025;NOVIEMBRE;CLASICA SPORT CAB;[CLAMECA66TS] CLASICA SPORT CAB (S, Verde Militar - Verde Hoja);CLAMECA66TS;CAB;Verde Militar - Verde Hoja;S;SAMBIL VALENCIA;1
2025;NOVIEMBRE;CLASICA SPORT CAB;[CLAMECA16TXL] CLASICA SPORT CAB (XL, Blanco - New White);CLAMECA16TXL;CAB;Blanco - New White;XL;CERRO VERDE;1
2025;NOVIEMBRE;SABRI SPORT DAMA;[SABMEDA16TS] SABRI SPORT DAMA (S, Blanco - 1259j);SABMEDA16TS;DAMA;Blanco;S;SAMBIL CHACAO;1
2025;NOVIEMBRE;SABRI SPORT DAMA;[SABMEDA16TS] SABRI SPORT DAMA (S, Blanco - 1259j);SABMEDA16TS;DAMA;Blanco;S;SAMBIL CHACAO;-1
2025;NOVIEMBRE;CLASICA SPORT CAB;[CLAMECA30TXL] CLASICA SPORT CAB (XL, Gris Claro - Gris Ceniza);CLAMECA30TXL;CAB;Gris Claro - Gris Ceniza;XL;SAMBIL VALENCIA;1
2025;NOVIEMBRE;CLASICA SPORT CAB;[CLAMECA30TM] CLASICA SPORT CAB (M, Gris Claro - Gris Ceniza);CLAMECA30TM;CAB;Gris Claro - Gris Ceniza;M;CERRO VERDE;1
2025;NOVIEMBRE;CLASICA SPORT CAB;[CLAMECA30TL] CLASICA SPORT CAB (L, Gris Claro - Gris Ceniza);CLAMECA30TL;CAB;Gris Claro - Gris Ceniza;L;SAMBIL VALENCIA;1
2025;NOVIEMBRE;CLASICA SPORT CAB;[CLAMECA30TXL] CLASICA SPORT CAB (XL, Gris Claro - Gris Ceniza);CLAMECA30TXL;CAB;Gris Claro - Gris Ceniza;XL;SAMBIL VALENCIA;1
2025;NOVIEMBRE;CLASICA SPORT CAB;[CLAMECA43TXL] CLASICA SPORT CAB (XL, Negro - Negro);CLAMECA43TXL;CAB;Negro - Negro;XL;SAMBIL VALENCIA;1
2025;NOVIEMBRE;SABRI SPORT DAMA;[SABMEDA43TS] SABRI SPORT DAMA (S, Negro - 10);SABMEDA43TS;DAMA;Negro;S;GRIETA;1
2025;NOVIEMBRE;SABRI SPORT DAMA;[SABMEDA63TXS] SABRI SPORT DAMA (XS, Verde Agua);SABMEDA63TXS;DAMA;Verde Agua;XS;SAMBIL CHACAO;1
2025;NOVIEMBRE;CLASICA SPORT KIDS;[CLAMEKI66T14] CLASICA SPORT KIDS (14, Verde Militar - Verde Hoja);CLAMEKI66T14;KIDS;Verde Militar - Verde Hoja;14;GRIETA;1
2025;NOVIEMBRE;SABRI SPORT DAMA;[SABMEDA30TXS] SABRI SPORT DAMA (XS, Gris Claro - 9734);SABMEDA30TXS;DAMA;Gris Claro;XS;SAMBIL VALENCIA;1
2025;NOVIEMBRE;SABRI SPORT DAMA;[SABMEDA13TXS] SABRI SPORT DAMA (XS, Azul Rey - 50122);SABMEDA13TXS;DAMA;Azul Rey;XS;SAMBIL VALENCIA;1
2025;NOVIEMBRE;SABRI SPORT DAMA;[SABMEDA16TM] SABRI SPORT DAMA (M, Blanco - 1259j);SABMEDA16TM;DAMA;Blanco;M;GRIETA;1
2025;NOVIEMBRE;SABRI SPORT DAMA;[SABMEDA13TS] SABRI SPORT DAMA (S, Azul Rey - 50122);SABMEDA13TS;DAMA;Azul Rey;S;GRIETA;1
2025;NOVIEMBRE;CLASICA SPORT CAB;[CLAMECA66TL] CLASICA SPORT CAB (L, Verde Militar - Verde Hoja);CLAMECA66TL;CAB;Verde Militar - Verde Hoja;L;SAMBIL VALENCIA;1
2025;NOVIEMBRE;CLÁSICA SPORT DAMA;[CLAMEDA43TXS] CLÁSICA SPORT DAMA (Negro - Negro, XS);CLAMEDA43TXS;DAMA;Negro - Negro;XS;SAMBIL VALENCIA;1
2025;NOVIEMBRE;SABRI SPORT DAMA;[SABMEDA13TS] SABRI SPORT DAMA (S, Azul Rey - 50122);SABMEDA13TS;DAMA;Azul Rey;S;SAMBIL VALENCIA;1
2025;NOVIEMBRE;CLÁSICA SPORT DAMA;[CLAMEDA12TM] CLÁSICA SPORT DAMA (Azul Marino - Azul Cori, M);CLAMEDA12TM;DAMA;Azul Marino - Azul Cori;M;GRIETA;1
2025;NOVIEMBRE;SABRI SPORT DAMA;[SABMEDA63TXS] SABRI SPORT DAMA (XS, Verde Agua);SABMEDA63TXS;DAMA;Verde Agua;XS;SAMBIL CHACAO;1
2025;NOVIEMBRE;CLÁSICA SPORT DAMA;[CLAMEDA66TXS] CLÁSICA SPORT DAMA (Verde Militar - Verde Hoja, XS);CLAMEDA66TXS;DAMA;Verde Militar - Verde Hoja;XS;SAMBIL VALENCIA;1
2025;NOVIEMBRE;CLASICA SPORT CAB;[CLAMECA16TXL] CLASICA SPORT CAB (XL, Blanco - New White);CLAMECA16TXL;CAB;Blanco - New White;XL;CERRO VERDE;-1
2025;NOVIEMBRE;CLÁSICA SPORT DAMA;[CLAMEDA16TS] CLÁSICA SPORT DAMA (Blanco - New White, S);CLAMEDA16TS;DAMA;Blanco - New White;S;SAMBIL VALENCIA;1
2025;NOVIEMBRE;CLASICA SPORT CAB;[CLAMECA30TL] CLASICA SPORT CAB (L, Gris Claro - Gris Ceniza);CLAMECA30TL;CAB;Gris Claro - Gris Ceniza;L;SAMBIL CHACAO;1
2025;NOVIEMBRE;CLASICA SPORT CAB;[CLAMECA16TXL] CLASICA SPORT CAB (XL, Blanco - New White);CLAMECA16TXL;CAB;Blanco - New White;XL;SAMBIL VALENCIA;1
2025;NOVIEMBRE;CLASICA SPORT CAB;[CLAMECA43TXL] CLASICA SPORT CAB (XL, Negro - Negro);CLAMECA43TXL;CAB;Negro - Negro;XL;SAMBIL VALENCIA;1
2025;NOVIEMBRE;CLASICA SPORT CAB;[CLAMECA30T2XL] CLASICA SPORT CAB (2XL, Gris Claro - Gris Ceniza);CLAMECA30T2XL;CAB;Gris Claro - Gris Ceniza;2XL;CERRO VERDE;-1
2025;NOVIEMBRE;SABRI SPORT DAMA;[SABMEDA30TM] SABRI SPORT DAMA (M, Gris Claro - 9734);SABMEDA30TM;DAMA;Gris Claro;M;GRIETA;1
2025;NOVIEMBRE;CLÁSICA SPORT DAMA;[CLAMEDA66TM] CLÁSICA SPORT DAMA (Verde Militar - Verde Hoja, M);CLAMEDA66TM;DAMA;Verde Militar - Verde Hoja;M;SAMBIL VALENCIA;1
2025;NOVIEMBRE;CLASICA SPORT CAB;[CLAMECA30TL] CLASICA SPORT CAB (L, Gris Claro - Gris Ceniza);CLAMECA30TL;CAB;Gris Claro - Gris Ceniza;L;CERRO VERDE;1
2025;NOVIEMBRE;SABRI SPORT DAMA;[SABMEDA63TXS] SABRI SPORT DAMA (XS, Verde Agua);SABMEDA63TXS;DAMA;Verde Agua;XS;CERRO VERDE;1
2025;NOVIEMBRE;SABRI SPORT DAMA;[SABMEDA30TM] SABRI SPORT DAMA (M, Gris Claro - 9734);SABMEDA30TM;DAMA;Gris Claro;M;GRIETA;1
2025;NOVIEMBRE;SABRI SPORT DAMA;[SABMEDA16TM] SABRI SPORT DAMA (M, Blanco - 1259j);SABMEDA16TM;DAMA;Blanco;M;GRIETA;1
2025;NOVIEMBRE;CLASICA SPORT CAB;[CLAMECA43TXL] CLASICA SPORT CAB (XL, Negro - Negro);CLAMECA43TXL;CAB;Negro - Negro;XL;CERRO VERDE;1
2025;NOVIEMBRE;CLASICA SPORT CAB;[CLAMECA30T2XL] CLASICA SPORT CAB (2XL, Gris Claro - Gris Ceniza);CLAMECA30T2XL;CAB;Gris Claro - Gris Ceniza;2XL;SAMBIL VALENCIA;1
2025;NOVIEMBRE;CLASICA SPORT CAB;[CLAMECA13T2XL] CLASICA SPORT CAB (2XL, Azul Mazari - Azul Mazari);CLAMECA13T2XL;CAB;Azul Mazari - Azul Mazari;2XL;SAMBIL VALENCIA;1
2025;NOVIEMBRE;CLASICA SPORT KIDS;[CLAMEKI12T6] CLASICA SPORT KIDS (6, Azul Marino - Azul Cori);CLAMEKI12T6;KIDS;Azul Marino - Azul Cori;6;SAMBIL VALENCIA;1
2025;NOVIEMBRE;SABRI SPORT DAMA;[SABMEDA13TXS] SABRI SPORT DAMA (XS, Azul Rey - 50122);SABMEDA13TXS;DAMA;Azul Rey;XS;SAMBIL VALENCIA;-1
2025;NOVIEMBRE;SABRI SPORT DAMA;[SABMEDA30TXS] SABRI SPORT DAMA (XS, Gris Claro - 9734);SABMEDA30TXS;DAMA;Gris Claro;XS;SAMBIL VALENCIA;-1
2025;NOVIEMBRE;CLASICA SPORT CAB;[CLAMECA43T3XL] CLASICA SPORT CAB (3XL, Negro - Negro);CLAMECA43T3XL;CAB;Negro - Negro;3XL;SAMBIL VALENCIA;1
2025;NOVIEMBRE;CLASICA SPORT CAB;[CLAMECA13TS] CLASICA SPORT CAB (S, Azul Mazari - Azul Mazari);CLAMECA13TS;CAB;Azul Mazari - Azul Mazari;S;GRIETA;1
2025;NOVIEMBRE;SABRI SPORT DAMA;[SABMEDA63TM] SABRI SPORT DAMA (M, Verde Agua);SABMEDA63TM;DAMA;Verde Agua;M;CERRO VERDE;1
2025;NOVIEMBRE;CLASICA SPORT CAB;[CLAMECA30TS] CLASICA SPORT CAB (S, Gris Claro - Gris Ceniza);CLAMECA30TS;CAB;Gris Claro - Gris Ceniza;S;GRIETA;1
2025;NOVIEMBRE;CLASICA SPORT CAB;[CLAMECA43TS] CLASICA SPORT CAB (S, Negro - Negro);CLAMECA43TS;CAB;Negro - Negro;S;SAMBIL VALENCIA;1
2025;NOVIEMBRE;SABRI SPORT DAMA;[SABMEDA16TXS] SABRI SPORT DAMA (XS, Blanco - 1259j);SABMEDA16TXS;DAMA;Blanco;XS;CERRO VERDE;1
2025;NOVIEMBRE;CLASICA SPORT CAB;[CLAMECA30TM] CLASICA SPORT CAB (M, Gris Claro - Gris Ceniza);CLAMECA30TM;CAB;Gris Claro - Gris Ceniza;M;CERRO VERDE;1
2025;NOVIEMBRE;CLASICA SPORT CAB;[CLAMECA66TM] CLASICA SPORT CAB (M, Verde Militar - Verde Hoja);CLAMECA66TM;CAB;Verde Militar - Verde Hoja;M;CERRO VERDE;1
2025;DICIEMBRE;CLÁSICA SPORT DAMA;[CLAMEDA16TS] CLÁSICA SPORT DAMA (Blanco - New White, S);CLAMEDA16TS;DAMA;Blanco - New White;S;GRIETA;1
2025;DICIEMBRE;CLASICA SPORT KIDS;[CLAMEKI43T8] CLASICA SPORT KIDS (8, Negro - Negro);CLAMEKI43T8;KIDS;Negro - Negro;8;SAMBIL VALENCIA;1
2025;DICIEMBRE;CLASICA SPORT CAB;[CLAMECA43TXL] CLASICA SPORT CAB (XL, Negro - Negro);CLAMECA43TXL;CAB;Negro - Negro;XL;SAMBIL VALENCIA;1
2025;DICIEMBRE;SABRI SPORT DAMA;[SABMEDA66TM] SABRI SPORT DAMA (M, Verde Militar - 60620);SABMEDA66TM;DAMA;Verde Militar;M;SAMBIL VALENCIA;1
2025;DICIEMBRE;CLASICA SPORT CAB;[CLAMECA43TS] CLASICA SPORT CAB (S, Negro - Negro);CLAMECA43TS;CAB;Negro - Negro;S;SAMBIL VALENCIA;1
2025;DICIEMBRE;CLASICA SPORT CAB;[CLAMECA13TM] CLASICA SPORT CAB (M, Azul Mazari - Azul Mazari);CLAMECA13TM;CAB;Azul Mazari - Azul Mazari;M;GRIETA;1
2025;DICIEMBRE;CLASICA SPORT KIDS;[CLAMEKI12T8] CLASICA SPORT KIDS (8, Azul Marino - Azul Cori);CLAMEKI12T8;KIDS;Azul Marino - Azul Cori;8;SAMBIL VALENCIA;1
2025;DICIEMBRE;CLASICA SPORT CAB;[CLAMECA30TL] CLASICA SPORT CAB (L, Gris Claro - Gris Ceniza);CLAMECA30TL;CAB;Gris Claro - Gris Ceniza;L;CERRO VERDE;1
2025;DICIEMBRE;CLASICA SPORT CAB;[CLAMECA66TL] CLASICA SPORT CAB (L, Verde Militar - Verde Hoja);CLAMECA66TL;CAB;Verde Militar - Verde Hoja;L;GRIETA;1
2025;DICIEMBRE;CLASICA SPORT KIDS;[CLAMEKI43T10] CLASICA SPORT KIDS (10, Negro - Negro);CLAMEKI43T10;KIDS;Negro - Negro;10;SAMBIL VALENCIA;1
2025;DICIEMBRE;CLASICA SPORT CAB;[CLAMECA66TS] CLASICA SPORT CAB (S, Verde Militar - Verde Hoja);CLAMECA66TS;CAB;Verde Militar - Verde Hoja;S;SAMBIL VALENCIA;1
2025;DICIEMBRE;CLASICA SPORT CAB;[CLAMECA30TL] CLASICA SPORT CAB (L, Gris Claro - Gris Ceniza);CLAMECA30TL;CAB;Gris Claro - Gris Ceniza;L;SAMBIL VALENCIA;1
2025;DICIEMBRE;SABRI SPORT DAMA;[SABMEDA63TXS] SABRI SPORT DAMA (XS, Verde Agua);SABMEDA63TXS;DAMA;Verde Agua;XS;SAMBIL CHACAO;1
2025;DICIEMBRE;CLASICA SPORT CAB;[CLAMECA30TM] CLASICA SPORT CAB (M, Gris Claro - Gris Ceniza);CLAMECA30TM;CAB;Gris Claro - Gris Ceniza;M;GRIETA;1
2025;DICIEMBRE;CLASICA SPORT CAB;[CLAMECA66T2XL] CLASICA SPORT CAB (2XL, Verde Militar - Verde Hoja);CLAMECA66T2XL;CAB;Verde Militar - Verde Hoja;2XL;SAMBIL VALENCIA;1
2025;DICIEMBRE;CLASICA SPORT CAB;[CLAMECA16TL] CLASICA SPORT CAB (L, Blanco - New White);CLAMECA16TL;CAB;Blanco - New White;L;GRIETA;1
2025;DICIEMBRE;CLÁSICA SPORT DAMA;[CLAMEDA66TXS] CLÁSICA SPORT DAMA (Verde Militar - Verde Hoja, XS);CLAMEDA66TXS;DAMA;Verde Militar - Verde Hoja;XS;SAMBIL VALENCIA;1
2025;DICIEMBRE;SABRI SPORT DAMA;[SABMEDA16TXL] SABRI SPORT DAMA (XL, Blanco - 1259j);SABMEDA16TXL;DAMA;Blanco;XL;GRIETA;1
2025;DICIEMBRE;CLASICA SPORT CAB;[CLAMECA30TS] CLASICA SPORT CAB (S, Gris Claro - Gris Ceniza);CLAMECA30TS;CAB;Gris Claro - Gris Ceniza;S;SAMBIL VALENCIA;1
2025;DICIEMBRE;SABRI SPORT DAMA;[SABMEDA13TS] SABRI SPORT DAMA (S, Azul Rey - 50122);SABMEDA13TS;DAMA;Azul Rey;S;SAMBIL VALENCIA;1
2025;DICIEMBRE;SABRI SPORT DAMA;[SABMEDA51TL] SABRI SPORT DAMA (L, Rosa Seca);SABMEDA51TL;DAMA;Rosa Seca;L;CERRO VERDE;1
2025;DICIEMBRE;CLÁSICA SPORT DAMA;[CLAMEDA66TM] CLÁSICA SPORT DAMA (Verde Militar - Verde Hoja, M);CLAMEDA66TM;DAMA;Verde Militar - Verde Hoja;M;SAMBIL VALENCIA;1
2025;DICIEMBRE;CLASICA SPORT CAB;[CLAMECA16TL] CLASICA SPORT CAB (L, Blanco - New White);CLAMECA16TL;CAB;Blanco - New White;L;SAMBIL VALENCIA;1
2025;DICIEMBRE;CLÁSICA SPORT DAMA;[CLAMEDA12TS] CLÁSICA SPORT DAMA (Azul Marino - Azul Cori, S);CLAMEDA12TS;DAMA;Azul Marino - Azul Cori;S;CERRO VERDE;1
2025;DICIEMBRE;CLÁSICA SPORT DAMA;[CLAMEDA16TS] CLÁSICA SPORT DAMA (Blanco - New White, S);CLAMEDA16TS;DAMA;Blanco - New White;S;SAMBIL VALENCIA;1
2025;DICIEMBRE;CLASICA SPORT CAB;[CLAMECA16TL] CLASICA SPORT CAB (L, Blanco - New White);CLAMECA16TL;CAB;Blanco - New White;L;WEB;1
2025;DICIEMBRE;CLÁSICA SPORT DAMA;[CLAMEDA30TM] CLÁSICA SPORT DAMA (Gris Claro - Gris Ceniza, M);CLAMEDA30TM;DAMA;Gris Claro - Gris Ceniza;M;SAMBIL VALENCIA;1
2025;DICIEMBRE;CLASICA SPORT CAB;[CLAMECA43TL] CLASICA SPORT CAB (L, Negro - Negro);CLAMECA43TL;CAB;Negro - Negro;L;SAMBIL VALENCIA;1
2025;DICIEMBRE;CLASICA SPORT KIDS;[CLAMEKI43T14] CLASICA SPORT KIDS (14, Negro - Negro);CLAMEKI43T14;KIDS;Negro - Negro;14;SAMBIL VALENCIA;2
2025;DICIEMBRE;CLASICA SPORT CAB;[CLAMECA30TXL] CLASICA SPORT CAB (XL, Gris Claro - Gris Ceniza);CLAMECA30TXL;CAB;Gris Claro - Gris Ceniza;XL;CERRO VERDE;1
2025;DICIEMBRE;CLASICA SPORT CAB;[CLAMECA13TXL] CLASICA SPORT CAB (XL, Azul Mazari - Azul Mazari);CLAMECA13TXL;CAB;Azul Mazari - Azul Mazari;XL;CERRO VERDE;1
2025;DICIEMBRE;SABRI SPORT DAMA;[SABMEDA66TL] SABRI SPORT DAMA (L, Verde Militar - 60620);SABMEDA66TL;DAMA;Verde Militar;L;SAMBIL CHACAO;1
2025;DICIEMBRE;CLASICA SPORT CAB;[CLAMECA16TL] CLASICA SPORT CAB (L, Blanco - New White);CLAMECA16TL;CAB;Blanco - New White;L;SAMBIL VALENCIA;1
2025;DICIEMBRE;CLASICA SPORT CAB;[CLAMECA43TXL] CLASICA SPORT CAB (XL, Negro - Negro);CLAMECA43TXL;CAB;Negro - Negro;XL;SAMBIL CHACAO;1
2025;DICIEMBRE;SABRI SPORT DAMA;[SABMEDA16TXS] SABRI SPORT DAMA (XS, Blanco - 1259j);SABMEDA16TXS;DAMA;Blanco;XS;SAMBIL VALENCIA;1
2025;DICIEMBRE;CLÁSICA SPORT DAMA;[CLAMEDA66TXS] CLÁSICA SPORT DAMA (Verde Militar - Verde Hoja, XS);CLAMEDA66TXS;DAMA;Verde Militar - Verde Hoja;XS;GRIETA;1
2025;DICIEMBRE;CLASICA SPORT CAB;[CLAMECA43TL] CLASICA SPORT CAB (L, Negro - Negro);CLAMECA43TL;CAB;Negro - Negro;L;SAMBIL VALENCIA;1
2025;DICIEMBRE;CLASICA SPORT CAB;[CLAMECA30TL] CLASICA SPORT CAB (L, Gris Claro - Gris Ceniza);CLAMECA30TL;CAB;Gris Claro - Gris Ceniza;L;SAMBIL CHACAO;1
2025;DICIEMBRE;CLÁSICA SPORT DAMA;[CLAMEDA12TS] CLÁSICA SPORT DAMA (Azul Marino - Azul Cori, S);CLAMEDA12TS;DAMA;Azul Marino - Azul Cori;S;SAMBIL VALENCIA;1
2025;DICIEMBRE;CLÁSICA SPORT DAMA;[CLAMEDA16TL] CLÁSICA SPORT DAMA (Blanco - New White, L);CLAMEDA16TL;DAMA;Blanco - New White;L;SAMBIL VALENCIA;1
2025;DICIEMBRE;CLÁSICA SPORT DAMA;[CLAMEDA30TXS] CLÁSICA SPORT DAMA (Gris Claro - Gris Ceniza, XS);CLAMEDA30TXS;DAMA;Gris Claro - Gris Ceniza;XS;SAMBIL VALENCIA;1
2025;DICIEMBRE;CLÁSICA SPORT DAMA;[CLAMEDA43TXS] CLÁSICA SPORT DAMA (Negro - Negro, XS);CLAMEDA43TXS;DAMA;Negro - Negro;XS;SAMBIL VALENCIA;1
2025;DICIEMBRE;CLÁSICA SPORT DAMA;[CLAMEDA12TS] CLÁSICA SPORT DAMA (Azul Marino - Azul Cori, S);CLAMEDA12TS;DAMA;Azul Marino - Azul Cori;S;SAMBIL VALENCIA;1
2025;DICIEMBRE;CLASICA SPORT CAB;[CLAMECA13TXL] CLASICA SPORT CAB (XL, Azul Mazari - Azul Mazari);CLAMECA13TXL;CAB;Azul Mazari - Azul Mazari;XL;SAMBIL VALENCIA;1
2025;DICIEMBRE;CLASICA SPORT CAB;[CLAMECA66T2XL] CLASICA SPORT CAB (2XL, Verde Militar - Verde Hoja);CLAMECA66T2XL;CAB;Verde Militar - Verde Hoja;2XL;GRAND PLAZ;1
2025;DICIEMBRE;CLASICA SPORT CAB;[CLAMECA30TL] CLASICA SPORT CAB (L, Gris Claro - Gris Ceniza);CLAMECA30TL;CAB;Gris Claro - Gris Ceniza;L;SAMBIL VALENCIA;1
2025;DICIEMBRE;CLÁSICA SPORT DAMA;[CLAMEDA43TXS] CLÁSICA SPORT DAMA (Negro - Negro, XS);CLAMEDA43TXS;DAMA;Negro - Negro;XS;SAMBIL VALENCIA;1
2025;DICIEMBRE;CLÁSICA SPORT DAMA;[CLAMEDA43TXS] CLÁSICA SPORT DAMA (Negro - Negro, XS);CLAMEDA43TXS;DAMA;Negro - Negro;XS;SAMBIL VALENCIA;1
2025;DICIEMBRE;CLÁSICA SPORT DAMA;[CLAMEDA43TXS] CLÁSICA SPORT DAMA (Negro - Negro, XS);CLAMEDA43TXS;DAMA;Negro - Negro;XS;SAMBIL VALENCIA;-1
2025;DICIEMBRE;CLÁSICA SPORT DAMA;[CLAMEDA43TXS] CLÁSICA SPORT DAMA (Negro - Negro, XS);CLAMEDA43TXS;DAMA;Negro - Negro;XS;SAMBIL VALENCIA;1
2025;DICIEMBRE;SABRI SPORT DAMA;[SABMEDA16TL] SABRI SPORT DAMA (L, Blanco - 1259j);SABMEDA16TL;DAMA;Blanco;L;CERRO VERDE;1
2025;DICIEMBRE;SABRI SPORT DAMA;[SABMEDA13TL] SABRI SPORT DAMA (L, Azul Rey - 50122);SABMEDA13TL;DAMA;Azul Rey;L;CERRO VERDE;1
2025;DICIEMBRE;CLÁSICA SPORT DAMA;[CLAMEDA12TXS] CLÁSICA SPORT DAMA (Azul Marino - Azul Cori, XS);CLAMEDA12TXS;DAMA;Azul Marino - Azul Cori;XS;SAMBIL VALENCIA;1
2025;DICIEMBRE;CLÁSICA SPORT DAMA;[CLAMEDA16TXS] CLÁSICA SPORT DAMA (Blanco - New White, XS);CLAMEDA16TXS;DAMA;Blanco - New White;XS;SAMBIL VALENCIA;1
2025;DICIEMBRE;CLÁSICA SPORT DAMA;[CLAMEDA30TL] CLÁSICA SPORT DAMA (Gris Claro - Gris Ceniza, L);CLAMEDA30TL;DAMA;Gris Claro - Gris Ceniza;L;SAMBIL VALENCIA;1
2025;DICIEMBRE;CLASICA SPORT CAB;[CLAMECA30TL] CLASICA SPORT CAB (L, Gris Claro - Gris Ceniza);CLAMECA30TL;CAB;Gris Claro - Gris Ceniza;L;SAMBIL VALENCIA;1
2025;DICIEMBRE;CLASICA SPORT CAB;[CLAMECA30TL] CLASICA SPORT CAB (L, Gris Claro - Gris Ceniza);CLAMECA30TL;CAB;Gris Claro - Gris Ceniza;L;SAMBIL CHACAO;1
2025;DICIEMBRE;CLASICA SPORT CAB;[CLAMECA30TXL] CLASICA SPORT CAB (XL, Gris Claro - Gris Ceniza);CLAMECA30TXL;CAB;Gris Claro - Gris Ceniza;XL;CERRO VERDE;1
2025;DICIEMBRE;CLASICA SPORT CAB;[CLAMECA43TL] CLASICA SPORT CAB (L, Negro - Negro);CLAMECA43TL;CAB;Negro - Negro;L;SAMBIL VALENCIA;1
2025;DICIEMBRE;CLASICA SPORT KIDS;[CLAMEKI30T12] CLASICA SPORT KIDS (12, Gris Claro - Gris Ceniza);CLAMEKI30T12;KIDS;Gris Claro - Gris Ceniza;12;SAMBIL CHACAO;1
2025;DICIEMBRE;SABRI SPORT DAMA;[SABMEDA30TS] SABRI SPORT DAMA (S, Gris Claro - 9734);SABMEDA30TS;DAMA;Gris Claro;S;SAMBIL VALENCIA;1
2025;DICIEMBRE;CLASICA SPORT CAB;[CLAMECA30TM] CLASICA SPORT CAB (M, Gris Claro - Gris Ceniza);CLAMECA30TM;CAB;Gris Claro - Gris Ceniza;M;CERRO VERDE;1
2025;DICIEMBRE;CLASICA SPORT CAB;[CLAMECA43TXL] CLASICA SPORT CAB (XL, Negro - Negro);CLAMECA43TXL;CAB;Negro - Negro;XL;GRIETA;1
2025;DICIEMBRE;CLASICA SPORT CAB;[CLAMECA43TL] CLASICA SPORT CAB (L, Negro - Negro);CLAMECA43TL;CAB;Negro - Negro;L;GRIETA;1
2025;DICIEMBRE;CLASICA SPORT CAB;[CLAMECA16TM] CLASICA SPORT CAB (M, Blanco - New White);CLAMECA16TM;CAB;Blanco - New White;M;GRIETA;1
2025;DICIEMBRE;SABRI SPORT DAMA;[SABMEDA12TXS] SABRI SPORT DAMA (XS, Azul Marino - Azul Marino);SABMEDA12TXS;DAMA;Azul Marino - Azul Marino;XS;SAMBIL VALENCIA;1
2025;DICIEMBRE;CLASICA SPORT CAB;[CLAMECA16TM] CLASICA SPORT CAB (M, Blanco - New White);CLAMECA16TM;CAB;Blanco - New White;M;SAMBIL VALENCIA;1
2025;DICIEMBRE;CLASICA SPORT CAB;[CLAMECA30TM] CLASICA SPORT CAB (M, Gris Claro - Gris Ceniza);CLAMECA30TM;CAB;Gris Claro - Gris Ceniza;M;SAMBIL VALENCIA;1
2025;DICIEMBRE;CLASICA SPORT CAB;[CLAMECA30TM] CLASICA SPORT CAB (M, Gris Claro - Gris Ceniza);CLAMECA30TM;CAB;Gris Claro - Gris Ceniza;M;SAMBIL VALENCIA;1
2025;DICIEMBRE;CLASICA SPORT CAB;[CLAMECA16TM] CLASICA SPORT CAB (M, Blanco - New White);CLAMECA16TM;CAB;Blanco - New White;M;SAMBIL VALENCIA;1
2025;DICIEMBRE;SABRI SPORT DAMA;[SABMEDA16TXS] SABRI SPORT DAMA (XS, Blanco - 1259j);SABMEDA16TXS;DAMA;Blanco;XS;SAMBIL CHACAO;1
2025;DICIEMBRE;SABRI SPORT DAMA;[SABMEDA66TXS] SABRI SPORT DAMA (XS, Verde Militar - 60620);SABMEDA66TXS;DAMA;Verde Militar;XS;SAMBIL CHACAO;1
2025;DICIEMBRE;CLASICA SPORT KIDS;[CLAMEKI30T14] CLASICA SPORT KIDS (14, Gris Claro - Gris Ceniza);CLAMEKI30T14;KIDS;Gris Claro - Gris Ceniza;14;GRAND PLAZ;1
2025;DICIEMBRE;CLASICA SPORT CAB;[CLAMECA66TS] CLASICA SPORT CAB (S, Verde Militar - Verde Hoja);CLAMECA66TS;CAB;Verde Militar - Verde Hoja;S;GRAND PLAZ;1
2025;DICIEMBRE;SABRI SPORT DAMA;[SABMEDA30TXS] SABRI SPORT DAMA (XS, Gris Claro - 9734);SABMEDA30TXS;DAMA;Gris Claro;XS;GRIETA;1
2025;DICIEMBRE;CLASICA SPORT CAB;[CLAMECA16TL] CLASICA SPORT CAB (L, Blanco - New White);CLAMECA16TL;CAB;Blanco - New White;L;SAMBIL VALENCIA;-1
2025;DICIEMBRE;CLASICA SPORT CAB;[CLAMECA16TS] CLASICA SPORT CAB (S, Blanco - New White);CLAMECA16TS;CAB;Blanco - New White;S;SAMBIL VALENCIA;1
2025;DICIEMBRE;CLÁSICA SPORT DAMA;[CLAMEDA66TM] CLÁSICA SPORT DAMA (Verde Militar - Verde Hoja, M);CLAMEDA66TM;DAMA;Verde Militar - Verde Hoja;M;GRIETA;1
2025;DICIEMBRE;CLASICA SPORT CAB;[CLAMECA43TS] CLASICA SPORT CAB (S, Negro - Negro);CLAMECA43TS;CAB;Negro - Negro;S;SAMBIL VALENCIA;1
2025;DICIEMBRE;CLASICA SPORT CAB;[CLAMECA30TS] CLASICA SPORT CAB (S, Gris Claro - Gris Ceniza);CLAMECA30TS;CAB;Gris Claro - Gris Ceniza;S;SAMBIL CHACAO;1
2025;DICIEMBRE;CLASICA SPORT CAB;[CLAMECA43TXL] CLASICA SPORT CAB (XL, Negro - Negro);CLAMECA43TXL;CAB;Negro - Negro;XL;SAMBIL VALENCIA;1
2025;DICIEMBRE;CLÁSICA SPORT DAMA;[CLAMEDA30TM] CLÁSICA SPORT DAMA (Gris Claro - Gris Ceniza, M);CLAMEDA30TM;DAMA;Gris Claro - Gris Ceniza;M;SAMBIL VALENCIA;1
2025;DICIEMBRE;CLASICA SPORT CAB;[CLAMECA43TXL] CLASICA SPORT CAB (XL, Negro - Negro);CLAMECA43TXL;CAB;Negro - Negro;XL;WEB;2
2025;DICIEMBRE;CLASICA SPORT CAB;[CLAMECA43TXL] CLASICA SPORT CAB (XL, Negro - Negro);CLAMECA43TXL;CAB;Negro - Negro;XL;SAMBIL VALENCIA;1
2025;DICIEMBRE;CLASICA SPORT CAB;[CLAMECA66TS] CLASICA SPORT CAB (S, Verde Militar - Verde Hoja);CLAMECA66TS;CAB;Verde Militar - Verde Hoja;S;GRIETA;1
2025;DICIEMBRE;CLASICA SPORT CAB;[CLAMECA13TM] CLASICA SPORT CAB (M, Azul Mazari - Azul Mazari);CLAMECA13TM;CAB;Azul Mazari - Azul Mazari;M;GRIETA;1
2025;DICIEMBRE;CLASICA SPORT CAB;[CLAMECA16TL] CLASICA SPORT CAB (L, Blanco - New White);CLAMECA16TL;CAB;Blanco - New White;L;CERRO VERDE;1
2025;DICIEMBRE;SABRI SPORT DAMA;[SABMEDA13TS] SABRI SPORT DAMA (S, Azul Rey - 50122);SABMEDA13TS;DAMA;Azul Rey;S;GRIETA;1
2025;DICIEMBRE;CLASICA SPORT CAB;[CLAMECA30TM] CLASICA SPORT CAB (M, Gris Claro - Gris Ceniza);CLAMECA30TM;CAB;Gris Claro - Gris Ceniza;M;GRIETA;1
2025;DICIEMBRE;SABRI SPORT DAMA;[SABMEDA13TM] SABRI SPORT DAMA (M, Azul Rey - 50122);SABMEDA13TM;DAMA;Azul Rey;M;WEB;1
2025;DICIEMBRE;SABRI SPORT DAMA;[SABMEDA16TXS] SABRI SPORT DAMA (XS, Blanco - 1259j);SABMEDA16TXS;DAMA;Blanco;XS;SAMBIL VALENCIA;1
2025;DICIEMBRE;CLÁSICA SPORT DAMA;[CLAMEDA66TXS] CLÁSICA SPORT DAMA (Verde Militar - Verde Hoja, XS);CLAMEDA66TXS;DAMA;Verde Militar - Verde Hoja;XS;SAMBIL VALENCIA;-1
2025;DICIEMBRE;CLASICA SPORT CAB;[CLAMECA12TXL] CLASICA SPORT CAB (XL, Azul Marino - Azul Cori);CLAMECA12TXL;CAB;Azul Marino - Azul Cori;XL;SAMBIL CHACAO;1
2025;DICIEMBRE;SABRI SPORT DAMA;[SABMEDA43TS] SABRI SPORT DAMA (S, Negro - 10);SABMEDA43TS;DAMA;Negro;S;GRIETA;1
2025;DICIEMBRE;CLASICA SPORT CAB;[CLAMECA43TS] CLASICA SPORT CAB (S, Negro - Negro);CLAMECA43TS;CAB;Negro - Negro;S;SAMBIL VALENCIA;1
2025;DICIEMBRE;SABRI SPORT DAMA;[SABMEDA16TXS] SABRI SPORT DAMA (XS, Blanco - 1259j);SABMEDA16TXS;DAMA;Blanco;XS;SAMBIL VALENCIA;1
2025;DICIEMBRE;CLASICA SPORT CAB;[CLAMECA30TXL] CLASICA SPORT CAB (XL, Gris Claro - Gris Ceniza);CLAMECA30TXL;CAB;Gris Claro - Gris Ceniza;XL;CERRO VERDE;1
2025;DICIEMBRE;CLASICA SPORT KIDS;[CLAMEKI30T14] CLASICA SPORT KIDS (14, Gris Claro - Gris Ceniza);CLAMEKI30T14;KIDS;Gris Claro - Gris Ceniza;14;SAMBIL VALENCIA;1
2025;DICIEMBRE;CLASICA SPORT KIDS;[CLAMEKI66T10] CLASICA SPORT KIDS (10, Verde Militar - Verde Hoja);CLAMEKI66T10;KIDS;Verde Militar - Verde Hoja;10;SAMBIL VALENCIA;1
2025;DICIEMBRE;SABRI SPORT DAMA;[SABMEDA30TS] SABRI SPORT DAMA (S, Gris Claro - 9734);SABMEDA30TS;DAMA;Gris Claro;S;SAMBIL VALENCIA;1
2025;DICIEMBRE;CLASICA SPORT CAB;[CLAMECA16TM] CLASICA SPORT CAB (M, Blanco - New White);CLAMECA16TM;CAB;Blanco - New White;M;SAMBIL CHACAO;1
2025;DICIEMBRE;CLASICA SPORT CAB;[CLAMECA16TS] CLASICA SPORT CAB (S, Blanco - New White);CLAMECA16TS;CAB;Blanco - New White;S;SAMBIL VALENCIA;1
2025;DICIEMBRE;CLASICA SPORT KIDS;[CLAMEKI30T14] CLASICA SPORT KIDS (14, Gris Claro - Gris Ceniza);CLAMEKI30T14;KIDS;Gris Claro - Gris Ceniza;14;GRIETA;1
2025;DICIEMBRE;CLÁSICA SPORT DAMA;[CLAMEDA43TS] CLÁSICA SPORT DAMA (Negro - Negro, S);CLAMEDA43TS;DAMA;Negro - Negro;S;GRIETA;1
2025;DICIEMBRE;SABRI SPORT DAMA;[SABMEDA66TM] SABRI SPORT DAMA (M, Verde Militar - 60620);SABMEDA66TM;DAMA;Verde Militar;M;CERRO VERDE;1
2025;DICIEMBRE;CLASICA SPORT CAB;[CLAMECA16TM] CLASICA SPORT CAB (M, Blanco - New White);CLAMECA16TM;CAB;Blanco - New White;M;SAMBIL VALENCIA;1
2025;DICIEMBRE;CLASICA SPORT CAB;[CLAMECA16TM] CLASICA SPORT CAB (M, Blanco - New White);CLAMECA16TM;CAB;Blanco - New White;M;GRIETA;1
2025;DICIEMBRE;CLÁSICA SPORT DAMA;[CLAMEDA12TXS] CLÁSICA SPORT DAMA (Azul Marino - Azul Cori, XS);CLAMEDA12TXS;DAMA;Azul Marino - Azul Cori;XS;SAMBIL VALENCIA;1
2025;DICIEMBRE;CLASICA SPORT CAB;[CLAMECA16TS] CLASICA SPORT CAB (S, Blanco - New White);CLAMECA16TS;CAB;Blanco - New White;S;SAMBIL CHACAO;1
2025;DICIEMBRE;CLASICA SPORT CAB;[CLAMECA66TM] CLASICA SPORT CAB (M, Verde Militar - Verde Hoja);CLAMECA66TM;CAB;Verde Militar - Verde Hoja;M;GRIETA;1
2025;DICIEMBRE;CLASICA SPORT CAB;[CLAMECA12TXL] CLASICA SPORT CAB (XL, Azul Marino - Azul Cori);CLAMECA12TXL;CAB;Azul Marino - Azul Cori;XL;SAMBIL CHACAO;1
2025;DICIEMBRE;CLASICA SPORT CAB;[CLAMECA43TXL] CLASICA SPORT CAB (XL, Negro - Negro);CLAMECA43TXL;CAB;Negro - Negro;XL;SAMBIL CHACAO;1
2025;DICIEMBRE;SABRI SPORT DAMA;[SABMEDA51TL] SABRI SPORT DAMA (L, Rosa Seca);SABMEDA51TL;DAMA;Rosa Seca;L;CERRO VERDE;1
2025;DICIEMBRE;SABRI SPORT DAMA;[SABMEDA13TM] SABRI SPORT DAMA (M, Azul Rey - 50122);SABMEDA13TM;DAMA;Azul Rey;M;SAMBIL VALENCIA;1
2025;DICIEMBRE;SABRI SPORT DAMA;[SABMEDA16TS] SABRI SPORT DAMA (S, Blanco - 1259j);SABMEDA16TS;DAMA;Blanco;S;SAMBIL VALENCIA;1
2025;DICIEMBRE;CLASICA SPORT KIDS;[CLAMEKI12T8] CLASICA SPORT KIDS (8, Azul Marino - Azul Cori);CLAMEKI12T8;KIDS;Azul Marino - Azul Cori;8;SAMBIL CHACAO;1
2025;DICIEMBRE;CLÁSICA SPORT DAMA;[CLAMEDA12TS] CLÁSICA SPORT DAMA (Azul Marino - Azul Cori, S);CLAMEDA12TS;DAMA;Azul Marino - Azul Cori;S;SAMBIL VALENCIA;1
2025;DICIEMBRE;CLÁSICA SPORT DAMA;[CLAMEDA66TXS] CLÁSICA SPORT DAMA (Verde Militar - Verde Hoja, XS);CLAMEDA66TXS;DAMA;Verde Militar - Verde Hoja;XS;SAMBIL VALENCIA;1
2025;DICIEMBRE;CLÁSICA SPORT DAMA;[CLAMEDA16TS] CLÁSICA SPORT DAMA (Blanco - New White, S);CLAMEDA16TS;DAMA;Blanco - New White;S;CERRO VERDE;1
2025;DICIEMBRE;CLASICA SPORT KIDS;[CLAMEKI12T12] CLASICA SPORT KIDS (12, Azul Marino - Azul Cori);CLAMEKI12T12;KIDS;Azul Marino - Azul Cori;12;SAMBIL VALENCIA;1
2025;DICIEMBRE;CLASICA SPORT KIDS;[CLAMEKI66T12] CLASICA SPORT KIDS (12, Verde Militar - Verde Hoja);CLAMEKI66T12;KIDS;Verde Militar - Verde Hoja;12;SAMBIL VALENCIA;1
2025;DICIEMBRE;CLÁSICA SPORT DAMA;[CLAMEDA30TXS] CLÁSICA SPORT DAMA (Gris Claro - Gris Ceniza, XS);CLAMEDA30TXS;DAMA;Gris Claro - Gris Ceniza;XS;SAMBIL VALENCIA;1
2025;DICIEMBRE;CLASICA SPORT CAB;[CLAMECA43TL] CLASICA SPORT CAB (L, Negro - Negro);CLAMECA43TL;CAB;Negro - Negro;L;CERRO VERDE;1
2025;DICIEMBRE;SABRI SPORT DAMA;[SABMEDA12TM] SABRI SPORT DAMA (M, Azul Marino - Azul Marino);SABMEDA12TM;DAMA;Azul Marino - Azul Marino;M;SAMBIL VALENCIA;1
2025;DICIEMBRE;SABRI SPORT DAMA;[SABMEDA66TL] SABRI SPORT DAMA (L, Verde Militar - 60620);SABMEDA66TL;DAMA;Verde Militar;L;SAMBIL VALENCIA;1
2025;DICIEMBRE;CLÁSICA SPORT DAMA;[CLAMEDA30TS] CLÁSICA SPORT DAMA (Gris Claro - Gris Ceniza, S);CLAMEDA30TS;DAMA;Gris Claro - Gris Ceniza;S;GRIETA;1
2025;DICIEMBRE;SABRI SPORT DAMA;[SABMEDA43TXS] SABRI SPORT DAMA (XS, Negro - 10);SABMEDA43TXS;DAMA;Negro;XS;SAMBIL VALENCIA;1
2025;DICIEMBRE;SABRI SPORT DAMA;[SABMEDA16TM] SABRI SPORT DAMA (M, Blanco - 1259j);SABMEDA16TM;DAMA;Blanco;M;GRIETA;-1
2025;DICIEMBRE;CLASICA SPORT CAB;[CLAMECA43T2XL] CLASICA SPORT CAB (2XL, Negro - Negro);CLAMECA43T2XL;CAB;Negro - Negro;2XL;SAMBIL VALENCIA;1
2025;DICIEMBRE;CLASICA SPORT CAB;[CLAMECA13T2XL] CLASICA SPORT CAB (2XL, Azul Mazari - Azul Mazari);CLAMECA13T2XL;CAB;Azul Mazari - Azul Mazari;2XL;CERRO VERDE;1
2025;DICIEMBRE;CLASICA SPORT CAB;[CLAMECA30TS] CLASICA SPORT CAB (S, Gris Claro - Gris Ceniza);CLAMECA30TS;CAB;Gris Claro - Gris Ceniza;S;SAMBIL VALENCIA;1
2025;DICIEMBRE;SABRI SPORT DAMA;[SABMEDA30TM] SABRI SPORT DAMA (M, Gris Claro - 9734);SABMEDA30TM;DAMA;Gris Claro;M;SAMBIL VALENCIA;1
2025;DICIEMBRE;SABRI SPORT DAMA;[SABMEDA13TM] SABRI SPORT DAMA (M, Azul Rey - 50122);SABMEDA13TM;DAMA;Azul Rey;M;CERRO VERDE;1
2025;DICIEMBRE;CLASICA SPORT CAB;[CLAMECA43TL] CLASICA SPORT CAB (L, Negro - Negro);CLAMECA43TL;CAB;Negro - Negro;L;GRIETA;1
2025;DICIEMBRE;CLASICA SPORT CAB;[CLAMECA66T2XL] CLASICA SPORT CAB (2XL, Verde Militar - Verde Hoja);CLAMECA66T2XL;CAB;Verde Militar - Verde Hoja;2XL;GRIETA;1
2025;DICIEMBRE;CLASICA SPORT CAB;[CLAMECA30TL] CLASICA SPORT CAB (L, Gris Claro - Gris Ceniza);CLAMECA30TL;CAB;Gris Claro - Gris Ceniza;L;GRIETA;1
2025;DICIEMBRE;CLASICA SPORT CAB;[CLAMECA30TM] CLASICA SPORT CAB (M, Gris Claro - Gris Ceniza);CLAMECA30TM;CAB;Gris Claro - Gris Ceniza;M;SAMBIL CHACAO;1
2025;DICIEMBRE;CLASICA SPORT CAB;[CLAMECA16TM] CLASICA SPORT CAB (M, Blanco - New White);CLAMECA16TM;CAB;Blanco - New White;M;SAMBIL CHACAO;1
2025;DICIEMBRE;CLASICA SPORT CAB;[CLAMECA43TXL] CLASICA SPORT CAB (XL, Negro - Negro);CLAMECA43TXL;CAB;Negro - Negro;XL;SAMBIL VALENCIA;1
2025;DICIEMBRE;SABRI SPORT DAMA;[SABMEDA66TXS] SABRI SPORT DAMA (XS, Verde Militar - 60620);SABMEDA66TXS;DAMA;Verde Militar;XS;SAMBIL VALENCIA;1
2025;DICIEMBRE;CLÁSICA SPORT DAMA;[CLAMEDA66TXS] CLÁSICA SPORT DAMA (Verde Militar - Verde Hoja, XS);CLAMEDA66TXS;DAMA;Verde Militar - Verde Hoja;XS;SAMBIL VALENCIA;1
2025;DICIEMBRE;CLASICA SPORT CAB;[CLAMECA30TM] CLASICA SPORT CAB (M, Gris Claro - Gris Ceniza);CLAMECA30TM;CAB;Gris Claro - Gris Ceniza;M;SAMBIL VALENCIA;1
2025;DICIEMBRE;CLASICA SPORT CAB;[CLAMECA30TS] CLASICA SPORT CAB (S, Gris Claro - Gris Ceniza);CLAMECA30TS;CAB;Gris Claro - Gris Ceniza;S;SAMBIL CHACAO;1
2025;DICIEMBRE;CLASICA SPORT CAB;[CLAMECA43T2XL] CLASICA SPORT CAB (2XL, Negro - Negro);CLAMECA43T2XL;CAB;Negro - Negro;2XL;SAMBIL VALENCIA;1
2025;DICIEMBRE;CLASICA SPORT CAB;[CLAMECA43TXL] CLASICA SPORT CAB (XL, Negro - Negro);CLAMECA43TXL;CAB;Negro - Negro;XL;SAMBIL VALENCIA;1
2025;DICIEMBRE;CLASICA SPORT CAB;[CLAMECA16T2XL] CLASICA SPORT CAB (2XL, Blanco - New White);CLAMECA16T2XL;CAB;Blanco - New White;2XL;CERRO VERDE;1
2025;DICIEMBRE;CLÁSICA SPORT DAMA;[CLAMEDA16TS] CLÁSICA SPORT DAMA (Blanco - New White, S);CLAMEDA16TS;DAMA;Blanco - New White;S;CERRO VERDE;1
2025;DICIEMBRE;CLÁSICA SPORT DAMA;[CLAMEDA66TS] CLÁSICA SPORT DAMA (Verde Militar - Verde Hoja, S);CLAMEDA66TS;DAMA;Verde Militar - Verde Hoja;S;SAMBIL VALENCIA;1
2025;DICIEMBRE;CLASICA SPORT CAB;[CLAMECA16TL] CLASICA SPORT CAB (L, Blanco - New White);CLAMECA16TL;CAB;Blanco - New White;L;SAMBIL VALENCIA;1
2025;DICIEMBRE;CLASICA SPORT CAB;[CLAMECA16TXL] CLASICA SPORT CAB (XL, Blanco - New White);CLAMECA16TXL;CAB;Blanco - New White;XL;CERRO VERDE;1
2025;DICIEMBRE;CLASICA SPORT CAB;[CLAMECA16TM] CLASICA SPORT CAB (M, Blanco - New White);CLAMECA16TM;CAB;Blanco - New White;M;GRIETA;1
2025;DICIEMBRE;CLASICA SPORT CAB;[CLAMECA16TM] CLASICA SPORT CAB (M, Blanco - New White);CLAMECA16TM;CAB;Blanco - New White;M;GRIETA;-1
2025;DICIEMBRE;CLASICA SPORT CAB;[CLAMECA16TM] CLASICA SPORT CAB (M, Blanco - New White);CLAMECA16TM;CAB;Blanco - New White;M;CERRO VERDE;1
2025;DICIEMBRE;CLASICA SPORT CAB;[CLAMECA13TS] CLASICA SPORT CAB (S, Azul Mazari - Azul Mazari);CLAMECA13TS;CAB;Azul Mazari - Azul Mazari;S;CERRO VERDE;1
2025;DICIEMBRE;CLASICA SPORT CAB;[CLAMECA51TS] CLASICA SPORT CAB (S, Rosa Palo -  Rosa Seca);CLAMECA51TS;CAB;Rosa Palo - Rosa Seca;S;CERRO VERDE;1
2025;DICIEMBRE;CLASICA SPORT CAB;[CLAMECA43TM] CLASICA SPORT CAB (M, Negro - Negro);CLAMECA43TM;CAB;Negro - Negro;M;CERRO VERDE;1
2025;DICIEMBRE;CLASICA SPORT CAB;[CLAMECA66TM] CLASICA SPORT CAB (M, Verde Militar - Verde Hoja);CLAMECA66TM;CAB;Verde Militar - Verde Hoja;M;CERRO VERDE;1
2025;DICIEMBRE;CLASICA SPORT CAB;[CLAMECA16TL] CLASICA SPORT CAB (L, Blanco - New White);CLAMECA16TL;CAB;Blanco - New White;L;CERRO VERDE;1
2025;DICIEMBRE;CLASICA SPORT CAB;[CLAMECA16TM] CLASICA SPORT CAB (M, Blanco - New White);CLAMECA16TM;CAB;Blanco - New White;M;GRIETA;1
2025;DICIEMBRE;SABRI SPORT DAMA;[SABMEDA30TM] SABRI SPORT DAMA (M, Gris Claro - 9734);SABMEDA30TM;DAMA;Gris Claro;M;SAMBIL VALENCIA;1
2025;DICIEMBRE;SABRI SPORT DAMA;[SABMEDA12TS] SABRI SPORT DAMA (S, Azul Marino - Azul Marino);SABMEDA12TS;DAMA;Azul Marino - Azul Marino;S;SAMBIL VALENCIA;1
2025;DICIEMBRE;CLASICA SPORT CAB;[CLAMECA16TM] CLASICA SPORT CAB (M, Blanco - New White);CLAMECA16TM;CAB;Blanco - New White;M;SAMBIL CHACAO;1
2025;DICIEMBRE;CLASICA SPORT CAB;[CLAMECA16TS] CLASICA SPORT CAB (S, Blanco - New White);CLAMECA16TS;CAB;Blanco - New White;S;SAMBIL VALENCIA;1
2025;DICIEMBRE;SABRI SPORT DAMA;[SABMEDA16TXS] SABRI SPORT DAMA (XS, Blanco - 1259j);SABMEDA16TXS;DAMA;Blanco;XS;SAMBIL CHACAO;1
2025;DICIEMBRE;CLASICA SPORT CAB;[CLAMECA30TM] CLASICA SPORT CAB (M, Gris Claro - Gris Ceniza);CLAMECA30TM;CAB;Gris Claro - Gris Ceniza;M;SAMBIL VALENCIA;1
2025;DICIEMBRE;CLASICA SPORT CAB;[CLAMECA66TM] CLASICA SPORT CAB (M, Verde Militar - Verde Hoja);CLAMECA66TM;CAB;Verde Militar - Verde Hoja;M;GRIETA;1
2025;DICIEMBRE;CLASICA SPORT CAB;[CLAMECA43T2XL] CLASICA SPORT CAB (2XL, Negro - Negro);CLAMECA43T2XL;CAB;Negro - Negro;2XL;GRIETA;1
2025;DICIEMBRE;SABRI SPORT DAMA;[SABMEDA16TS] SABRI SPORT DAMA (S, Blanco - 1259j);SABMEDA16TS;DAMA;Blanco;S;SAMBIL VALENCIA;1
2025;DICIEMBRE;CLÁSICA SPORT DAMA;[CLAMEDA16TL] CLÁSICA SPORT DAMA (Blanco - New White, L);CLAMEDA16TL;DAMA;Blanco - New White;L;GRIETA;1
2025;DICIEMBRE;SABRI SPORT DAMA;[SABMEDA63TM] SABRI SPORT DAMA (M, Verde Agua);SABMEDA63TM;DAMA;Verde Agua;M;CERRO VERDE;1
2025;DICIEMBRE;CLÁSICA SPORT DAMA;[CLAMEDA12TS] CLÁSICA SPORT DAMA (Azul Marino - Azul Cori, S);CLAMEDA12TS;DAMA;Azul Marino - Azul Cori;S;CERRO VERDE;1
2025;DICIEMBRE;CLÁSICA SPORT DAMA;[CLAMEDA16TS] CLÁSICA SPORT DAMA (Blanco - New White, S);CLAMEDA16TS;DAMA;Blanco - New White;S;CERRO VERDE;1
2025;DICIEMBRE;SABRI SPORT DAMA;[SABMEDA30TS] SABRI SPORT DAMA (S, Gris Claro - 9734);SABMEDA30TS;DAMA;Gris Claro;S;GRIETA;1
2025;DICIEMBRE;CLASICA SPORT CAB;[CLAMECA30TM] CLASICA SPORT CAB (M, Gris Claro - Gris Ceniza);CLAMECA30TM;CAB;Gris Claro - Gris Ceniza;M;SAMBIL CHACAO;1
2025;DICIEMBRE;CLASICA SPORT CAB;[CLAMECA30TS] CLASICA SPORT CAB (S, Gris Claro - Gris Ceniza);CLAMECA30TS;CAB;Gris Claro - Gris Ceniza;S;SAMBIL VALENCIA;1
2025;DICIEMBRE;CLASICA SPORT CAB;[CLAMECA43TL] CLASICA SPORT CAB (L, Negro - Negro);CLAMECA43TL;CAB;Negro - Negro;L;SAMBIL CHACAO;1
2025;DICIEMBRE;CLASICA SPORT KIDS;[CLAMEKI30T14] CLASICA SPORT KIDS (14, Gris Claro - Gris Ceniza);CLAMEKI30T14;KIDS;Gris Claro - Gris Ceniza;14;SAMBIL VALENCIA;1
2025;DICIEMBRE;CLASICA SPORT CAB;[CLAMECA16TS] CLASICA SPORT CAB (S, Blanco - New White);CLAMECA16TS;CAB;Blanco - New White;S;SAMBIL CHACAO;1
2025;DICIEMBRE;CLASICA SPORT CAB;[CLAMECA43TS] CLASICA SPORT CAB (S, Negro - Negro);CLAMECA43TS;CAB;Negro - Negro;S;GRIETA;1
2025;DICIEMBRE;CLÁSICA SPORT DAMA;[CLAMEDA43TXS] CLÁSICA SPORT DAMA (Negro - Negro, XS);CLAMEDA43TXS;DAMA;Negro - Negro;XS;GRIETA;1
2025;DICIEMBRE;CLÁSICA SPORT DAMA;[CLAMEDA30TS] CLÁSICA SPORT DAMA (Gris Claro - Gris Ceniza, S);CLAMEDA30TS;DAMA;Gris Claro - Gris Ceniza;S;GRIETA;1
2025;DICIEMBRE;CLÁSICA SPORT DAMA;[CLAMEDA12TXS] CLÁSICA SPORT DAMA (Azul Marino - Azul Cori, XS);CLAMEDA12TXS;DAMA;Azul Marino - Azul Cori;XS;SAMBIL VALENCIA;1
2025;DICIEMBRE;CLASICA SPORT CAB;[CLAMECA43TM] CLASICA SPORT CAB (M, Negro - Negro);CLAMECA43TM;CAB;Negro - Negro;M;GRIETA;1
2025;DICIEMBRE;CLASICA SPORT CAB;[CLAMECA13T2XL] CLASICA SPORT CAB (2XL, Azul Mazari - Azul Mazari);CLAMECA13T2XL;CAB;Azul Mazari - Azul Mazari;2XL;SAMBIL VALENCIA;1
2025;DICIEMBRE;CLÁSICA SPORT DAMA;[CLAMEDA30TS] CLÁSICA SPORT DAMA (Gris Claro - Gris Ceniza, S);CLAMEDA30TS;DAMA;Gris Claro - Gris Ceniza;S;SAMBIL VALENCIA;1
2025;DICIEMBRE;CLASICA SPORT CAB;[CLAMECA30T2XL] CLASICA SPORT CAB (2XL, Gris Claro - Gris Ceniza);CLAMECA30T2XL;CAB;Gris Claro - Gris Ceniza;2XL;SAMBIL VALENCIA;1
2025;DICIEMBRE;CLASICA SPORT CAB;[CLAMECA43TM] CLASICA SPORT CAB (M, Negro - Negro);CLAMECA43TM;CAB;Negro - Negro;M;GRIETA;1
2025;DICIEMBRE;CLASICA SPORT KIDS;[CLAMEKI30T8] CLASICA SPORT KIDS (8, Gris Claro - Gris Ceniza);CLAMEKI30T8;KIDS;Gris Claro - Gris Ceniza;8;SAMBIL CHACAO;1
2025;DICIEMBRE;CLÁSICA SPORT DAMA;[CLAMEDA30TM] CLÁSICA SPORT DAMA (Gris Claro - Gris Ceniza, M);CLAMEDA30TM;DAMA;Gris Claro - Gris Ceniza;M;GRIETA;1
2025;DICIEMBRE;CLASICA SPORT CAB;[CLAMECA30TL] CLASICA SPORT CAB (L, Gris Claro - Gris Ceniza);CLAMECA30TL;CAB;Gris Claro - Gris Ceniza;L;GRIETA;1
2025;DICIEMBRE;CLÁSICA SPORT DAMA;[CLAMEDA30TM] CLÁSICA SPORT DAMA (Gris Claro - Gris Ceniza, M);CLAMEDA30TM;DAMA;Gris Claro - Gris Ceniza;M;GRIETA;1
2025;DICIEMBRE;SABRI SPORT DAMA;[SABMEDA16TS] SABRI SPORT DAMA (S, Blanco - 1259j);SABMEDA16TS;DAMA;Blanco;S;SAMBIL CHACAO;1
2025;DICIEMBRE;CLASICA SPORT CAB;[CLAMECA30TS] CLASICA SPORT CAB (S, Gris Claro - Gris Ceniza);CLAMECA30TS;CAB;Gris Claro - Gris Ceniza;S;SAMBIL VALENCIA;1
2025;DICIEMBRE;CLASICA SPORT CAB;[CLAMECA16TM] CLASICA SPORT CAB (M, Blanco - New White);CLAMECA16TM;CAB;Blanco - New White;M;SAMBIL VALENCIA;1
2025;DICIEMBRE;CLÁSICA SPORT DAMA;[CLAMEDA12TL] CLÁSICA SPORT DAMA (Azul Marino - Azul Cori, L);CLAMEDA12TL;DAMA;Azul Marino - Azul Cori;L;GRIETA;1
2025;DICIEMBRE;CLASICA SPORT CAB;[CLAMECA43TL] CLASICA SPORT CAB (L, Negro - Negro);CLAMECA43TL;CAB;Negro - Negro;L;SAMBIL CHACAO;1
2025;DICIEMBRE;CLÁSICA SPORT DAMA;[CLAMEDA30TL] CLÁSICA SPORT DAMA (Gris Claro - Gris Ceniza, L);CLAMEDA30TL;DAMA;Gris Claro - Gris Ceniza;L;SAMBIL VALENCIA;1
2025;DICIEMBRE;CLÁSICA SPORT DAMA;[CLAMEDA30TM] CLÁSICA SPORT DAMA (Gris Claro - Gris Ceniza, M);CLAMEDA30TM;DAMA;Gris Claro - Gris Ceniza;M;SAMBIL VALENCIA;1
2025;DICIEMBRE;CLÁSICA SPORT DAMA;[CLAMEDA30TM] CLÁSICA SPORT DAMA (Gris Claro - Gris Ceniza, M);CLAMEDA30TM;DAMA;Gris Claro - Gris Ceniza;M;SAMBIL VALENCIA;1
2025;DICIEMBRE;CLASICA SPORT CAB;[CLAMECA30T2XL] CLASICA SPORT CAB (2XL, Gris Claro - Gris Ceniza);CLAMECA30T2XL;CAB;Gris Claro - Gris Ceniza;2XL;GRIETA;1
2025;DICIEMBRE;SABRI SPORT DAMA;[SABMEDA12TL] SABRI SPORT DAMA (L, Azul Marino - Azul Marino);SABMEDA12TL;DAMA;Azul Marino - Azul Marino;L;CERRO VERDE;1
2025;DICIEMBRE;CLASICA SPORT CAB;[CLAMECA16TM] CLASICA SPORT CAB (M, Blanco - New White);CLAMECA16TM;CAB;Blanco - New White;M;GRIETA;1
2025;DICIEMBRE;CLASICA SPORT CAB;[CLAMECA16TM] CLASICA SPORT CAB (M, Blanco - New White);CLAMECA16TM;CAB;Blanco - New White;M;GRIETA;1
2025;DICIEMBRE;CLASICA SPORT CAB;[CLAMECA13TM] CLASICA SPORT CAB (M, Azul Mazari - Azul Mazari);CLAMECA13TM;CAB;Azul Mazari - Azul Mazari;M;SAMBIL CHACAO;1
2025;DICIEMBRE;CLASICA SPORT CAB;[CLAMECA13TL] CLASICA SPORT CAB (L, Azul Mazari - Azul Mazari);CLAMECA13TL;CAB;Azul Mazari - Azul Mazari;L;SAMBIL CHACAO;1
2025;DICIEMBRE;CLASICA SPORT CAB;[CLAMECA16T2XL] CLASICA SPORT CAB (2XL, Blanco - New White);CLAMECA16T2XL;CAB;Blanco - New White;2XL;SAMBIL VALENCIA;1
2025;DICIEMBRE;CLASICA SPORT CAB;[CLAMECA30TXL] CLASICA SPORT CAB (XL, Gris Claro - Gris Ceniza);CLAMECA30TXL;CAB;Gris Claro - Gris Ceniza;XL;SAMBIL VALENCIA;1
2025;DICIEMBRE;SABRI SPORT DAMA;[SABMEDA12TM] SABRI SPORT DAMA (M, Azul Marino - Azul Marino);SABMEDA12TM;DAMA;Azul Marino - Azul Marino;M;SAMBIL VALENCIA;1
2025;DICIEMBRE;CLÁSICA SPORT DAMA;[CLAMEDA66TM] CLÁSICA SPORT DAMA (Verde Militar - Verde Hoja, M);CLAMEDA66TM;DAMA;Verde Militar - Verde Hoja;M;GRAND PLAZ;1
2025;DICIEMBRE;CLÁSICA SPORT DAMA;[CLAMEDA43TM] CLÁSICA SPORT DAMA (Negro - Negro, M);CLAMEDA43TM;DAMA;Negro - Negro;M;GRAND PLAZ;1
2025;DICIEMBRE;SABRI SPORT DAMA;[SABMEDA63TL] SABRI SPORT DAMA (L, Verde Agua);SABMEDA63TL;DAMA;Verde Agua;L;CERRO VERDE;1
2025;DICIEMBRE;SABRI SPORT DAMA;[SABMEDA51TS] SABRI SPORT DAMA (S, Rosa Seca);SABMEDA51TS;DAMA;Rosa Seca;S;CERRO VERDE;1
2025;DICIEMBRE;CLASICA SPORT CAB;[CLAMECA13TM] CLASICA SPORT CAB (M, Azul Mazari - Azul Mazari);CLAMECA13TM;CAB;Azul Mazari - Azul Mazari;M;GRIETA;1
2025;DICIEMBRE;CLASICA SPORT CAB;[CLAMECA13TXL] CLASICA SPORT CAB (XL, Azul Mazari - Azul Mazari);CLAMECA13TXL;CAB;Azul Mazari - Azul Mazari;XL;GRIETA;1
2025;DICIEMBRE;CLASICA SPORT CAB;[CLAMECA30T2XL] CLASICA SPORT CAB (2XL, Gris Claro - Gris Ceniza);CLAMECA30T2XL;CAB;Gris Claro - Gris Ceniza;2XL;SAMBIL CHACAO;1
2025;DICIEMBRE;CLASICA SPORT CAB;[CLAMECA13TM] CLASICA SPORT CAB (M, Azul Mazari - Azul Mazari);CLAMECA13TM;CAB;Azul Mazari - Azul Mazari;M;SAMBIL VALENCIA;1
2025;DICIEMBRE;CLÁSICA SPORT DAMA;[CLAMEDA43TM] CLÁSICA SPORT DAMA (Negro - Negro, M);CLAMEDA43TM;DAMA;Negro - Negro;M;CERRO VERDE;1
2025;DICIEMBRE;CLASICA SPORT CAB;[CLAMECA43TL] CLASICA SPORT CAB (L, Negro - Negro);CLAMECA43TL;CAB;Negro - Negro;L;CERRO VERDE;1
2025;DICIEMBRE;CLÁSICA SPORT DAMA;[CLAMEDA30TM] CLÁSICA SPORT DAMA (Gris Claro - Gris Ceniza, M);CLAMEDA30TM;DAMA;Gris Claro - Gris Ceniza;M;GRIETA;-1
2025;DICIEMBRE;CLASICA SPORT CAB;[CLAMECA30TS] CLASICA SPORT CAB (S, Gris Claro - Gris Ceniza);CLAMECA30TS;CAB;Gris Claro - Gris Ceniza;S;GRIETA;1
2025;DICIEMBRE;CLÁSICA SPORT DAMA;[CLAMEDA66TM] CLÁSICA SPORT DAMA (Verde Militar - Verde Hoja, M);CLAMEDA66TM;DAMA;Verde Militar - Verde Hoja;M;GRIETA;1
2025;DICIEMBRE;SABRI SPORT DAMA;[SABMEDA66TXL] SABRI SPORT DAMA (XL, Verde Militar - 60620);SABMEDA66TXL;DAMA;Verde Militar;XL;CERRO VERDE;1
2025;DICIEMBRE;SABRI SPORT DAMA;[SABMEDA12TS] SABRI SPORT DAMA (S, Azul Marino - Azul Marino);SABMEDA12TS;DAMA;Azul Marino - Azul Marino;S;CERRO VERDE;1
2025;DICIEMBRE;CLASICA SPORT CAB;[CLAMECA43T2XL] CLASICA SPORT CAB (2XL, Negro - Negro);CLAMECA43T2XL;CAB;Negro - Negro;2XL;SAMBIL VALENCIA;1
2025;DICIEMBRE;SABRI SPORT DAMA;[SABMEDA13TXS] SABRI SPORT DAMA (XS, Azul Rey - 50122);SABMEDA13TXS;DAMA;Azul Rey;XS;SAMBIL VALENCIA;1
2025;DICIEMBRE;CLASICA SPORT CAB;[CLAMECA43TS] CLASICA SPORT CAB (S, Negro - Negro);CLAMECA43TS;CAB;Negro - Negro;S;SAMBIL CHACAO;1
2025;DICIEMBRE;CLASICA SPORT CAB;[CLAMECA16TXL] CLASICA SPORT CAB (XL, Blanco - New White);CLAMECA16TXL;CAB;Blanco - New White;XL;CERRO VERDE;1
2025;DICIEMBRE;CLASICA SPORT CAB;[CLAMECA43TL] CLASICA SPORT CAB (L, Negro - Negro);CLAMECA43TL;CAB;Negro - Negro;L;CERRO VERDE;1
2025;DICIEMBRE;CLASICA SPORT KIDS;[CLAMEKI66T12] CLASICA SPORT KIDS (12, Verde Militar - Verde Hoja);CLAMEKI66T12;KIDS;Verde Militar - Verde Hoja;12;SAMBIL VALENCIA;1
2025;DICIEMBRE;CLASICA SPORT CAB;[CLAMECA43TXL] CLASICA SPORT CAB (XL, Negro - Negro);CLAMECA43TXL;CAB;Negro - Negro;XL;GRIETA;1
2025;DICIEMBRE;CLASICA SPORT CAB;[CLAMECA66TS] CLASICA SPORT CAB (S, Verde Militar - Verde Hoja);CLAMECA66TS;CAB;Verde Militar - Verde Hoja;S;GRIETA;1
2025;DICIEMBRE;CLASICA SPORT CAB;[CLAMECA13T2XL] CLASICA SPORT CAB (2XL, Azul Mazari - Azul Mazari);CLAMECA13T2XL;CAB;Azul Mazari - Azul Mazari;2XL;SAMBIL VALENCIA;1
2025;DICIEMBRE;CLASICA SPORT CAB;[CLAMECA13TL] CLASICA SPORT CAB (L, Azul Mazari - Azul Mazari);CLAMECA13TL;CAB;Azul Mazari - Azul Mazari;L;SAMBIL VALENCIA;1
2025;DICIEMBRE;CLASICA SPORT CAB;[CLAMECA13T2XL] CLASICA SPORT CAB (2XL, Azul Mazari - Azul Mazari);CLAMECA13T2XL;CAB;Azul Mazari - Azul Mazari;2XL;SAMBIL CHACAO;1
2025;DICIEMBRE;SABRI SPORT DAMA;[SABMEDA12TM] SABRI SPORT DAMA (M, Azul Marino - Azul Marino);SABMEDA12TM;DAMA;Azul Marino - Azul Marino;M;SAMBIL VALENCIA;-1
2025;DICIEMBRE;SABRI SPORT DAMA;[SABMEDA12TL] SABRI SPORT DAMA (L, Azul Marino - Azul Marino);SABMEDA12TL;DAMA;Azul Marino - Azul Marino;L;SAMBIL VALENCIA;1
2025;DICIEMBRE;CLASICA SPORT CAB;[CLAMECA13T2XL] CLASICA SPORT CAB (2XL, Azul Mazari - Azul Mazari);CLAMECA13T2XL;CAB;Azul Mazari - Azul Mazari;2XL;SAMBIL VALENCIA;-1
2025;DICIEMBRE;CLASICA SPORT CAB;[CLAMECA13TL] CLASICA SPORT CAB (L, Azul Mazari - Azul Mazari);CLAMECA13TL;CAB;Azul Mazari - Azul Mazari;L;SAMBIL VALENCIA;-1
2025;DICIEMBRE;CLASICA SPORT CAB;[CLAMECA13T2XL] CLASICA SPORT CAB (2XL, Azul Mazari - Azul Mazari);CLAMECA13T2XL;CAB;Azul Mazari - Azul Mazari;2XL;SAMBIL VALENCIA;1
2025;DICIEMBRE;CLASICA SPORT CAB;[CLAMECA13TL] CLASICA SPORT CAB (L, Azul Mazari - Azul Mazari);CLAMECA13TL;CAB;Azul Mazari - Azul Mazari;L;SAMBIL VALENCIA;1
2025;DICIEMBRE;CLASICA SPORT CAB;[CLAMECA13T2XL] CLASICA SPORT CAB (2XL, Azul Mazari - Azul Mazari);CLAMECA13T2XL;CAB;Azul Mazari - Azul Mazari;2XL;CERRO VERDE;1
2025;DICIEMBRE;SABRI SPORT DAMA;[SABMEDA30TS] SABRI SPORT DAMA (S, Gris Claro - 9734);SABMEDA30TS;DAMA;Gris Claro;S;CERRO VERDE;1
2025;DICIEMBRE;CLASICA SPORT KIDS;[CLAMEKI30T14] CLASICA SPORT KIDS (14, Gris Claro - Gris Ceniza);CLAMEKI30T14;KIDS;Gris Claro - Gris Ceniza;14;GRIETA;1
2025;DICIEMBRE;CLASICA SPORT KIDS;[CLAMEKI12T10] CLASICA SPORT KIDS (10, Azul Marino - Azul Cori);CLAMEKI12T10;KIDS;Azul Marino - Azul Cori;10;GRIETA;1
2025;DICIEMBRE;SABRI SPORT DAMA;[SABMEDA43TS] SABRI SPORT DAMA (S, Negro - 10);SABMEDA43TS;DAMA;Negro;S;CERRO VERDE;1
2025;DICIEMBRE;SABRI SPORT DAMA;[SABMEDA13TS] SABRI SPORT DAMA (S, Azul Rey - 50122);SABMEDA13TS;DAMA;Azul Rey;S;GRIETA;-1
2025;DICIEMBRE;SABRI SPORT DAMA;[SABMEDA13TL] SABRI SPORT DAMA (L, Azul Rey - 50122);SABMEDA13TL;DAMA;Azul Rey;L;GRIETA;1
2025;DICIEMBRE;CLASICA SPORT CAB;[CLAMECA13TS] CLASICA SPORT CAB (S, Azul Mazari - Azul Mazari);CLAMECA13TS;CAB;Azul Mazari - Azul Mazari;S;CERRO VERDE;1
2025;DICIEMBRE;SABRI SPORT DAMA;[SABMEDA51TXS] SABRI SPORT DAMA (XS, Rosa Seca);SABMEDA51TXS;DAMA;Rosa Seca;XS;CERRO VERDE;1
2025;DICIEMBRE;CLASICA SPORT CAB;[CLAMECA13TM] CLASICA SPORT CAB (M, Azul Mazari - Azul Mazari);CLAMECA13TM;CAB;Azul Mazari - Azul Mazari;M;SAMBIL VALENCIA;1
2025;DICIEMBRE;CLASICA SPORT CAB;[CLAMECA43TS] CLASICA SPORT CAB (S, Negro - Negro);CLAMECA43TS;CAB;Negro - Negro;S;GRIETA;1
2025;DICIEMBRE;CLÁSICA SPORT DAMA;[CLAMEDA66TXS] CLÁSICA SPORT DAMA (Verde Militar - Verde Hoja, XS);CLAMEDA66TXS;DAMA;Verde Militar - Verde Hoja;XS;SAMBIL VALENCIA;1
2025;DICIEMBRE;CLASICA SPORT CAB;[CLAMECA43TM] CLASICA SPORT CAB (M, Negro - Negro);CLAMECA43TM;CAB;Negro - Negro;M;SAMBIL CHACAO;1
2025;DICIEMBRE;SABRI SPORT DAMA;[SABMEDA43TS] SABRI SPORT DAMA (S, Negro - 10);SABMEDA43TS;DAMA;Negro;S;GRIETA;1
2025;DICIEMBRE;SABRI SPORT DAMA;[SABMEDA66TS] SABRI SPORT DAMA (S, Verde Militar - 60620);SABMEDA66TS;DAMA;Verde Militar;S;GRIETA;1
2025;DICIEMBRE;CLÁSICA SPORT DAMA;[CLAMEDA66TS] CLÁSICA SPORT DAMA (Verde Militar - Verde Hoja, S);CLAMEDA66TS;DAMA;Verde Militar - Verde Hoja;S;SAMBIL VALENCIA;1
2025;DICIEMBRE;CLASICA SPORT CAB;[CLAMECA13TM] CLASICA SPORT CAB (M, Azul Mazari - Azul Mazari);CLAMECA13TM;CAB;Azul Mazari - Azul Mazari;M;SAMBIL VALENCIA;1
2025;DICIEMBRE;CLASICA SPORT CAB;[CLAMECA43TM] CLASICA SPORT CAB (M, Negro - Negro);CLAMECA43TM;CAB;Negro - Negro;M;SAMBIL VALENCIA;2
2025;DICIEMBRE;CLÁSICA SPORT DAMA;[CLAMEDA43TM] CLÁSICA SPORT DAMA (Negro - Negro, M);CLAMEDA43TM;DAMA;Negro - Negro;M;GRIETA;1
2025;DICIEMBRE;CLASICA SPORT CAB;[CLAMECA43TXL] CLASICA SPORT CAB (XL, Negro - Negro);CLAMECA43TXL;CAB;Negro - Negro;XL;SAMBIL VALENCIA;1
2025;DICIEMBRE;CLASICA SPORT CAB;[CLAMECA16TXL] CLASICA SPORT CAB (XL, Blanco - New White);CLAMECA16TXL;CAB;Blanco - New White;XL;SAMBIL VALENCIA;1
2025;DICIEMBRE;SABRI SPORT DAMA;[SABMEDA43TM] SABRI SPORT DAMA (M, Negro - 10);SABMEDA43TM;DAMA;Negro;M;SAMBIL VALENCIA;1
2025;DICIEMBRE;CLASICA SPORT CAB;[CLAMECA43TM] CLASICA SPORT CAB (M, Negro - Negro);CLAMECA43TM;CAB;Negro - Negro;M;CERRO VERDE;1
2025;DICIEMBRE;SABRI SPORT DAMA;[SABMEDA63TS] SABRI SPORT DAMA (S, Verde Agua);SABMEDA63TS;DAMA;Verde Agua;S;CERRO VERDE;1
2025;DICIEMBRE;CLASICA SPORT CAB;[CLAMECA43TL] CLASICA SPORT CAB (L, Negro - Negro);CLAMECA43TL;CAB;Negro - Negro;L;GRIETA;1
2025;DICIEMBRE;CLASICA SPORT CAB;[CLAMECA43T2XL] CLASICA SPORT CAB (2XL, Negro - Negro);CLAMECA43T2XL;CAB;Negro - Negro;2XL;GRIETA;1
2025;DICIEMBRE;SABRI SPORT DAMA;[SABMEDA30TS] SABRI SPORT DAMA (S, Gris Claro - 9734);SABMEDA30TS;DAMA;Gris Claro;S;CERRO VERDE;1
2025;DICIEMBRE;SABRI SPORT DAMA;[SABMEDA16TM] SABRI SPORT DAMA (M, Blanco - 1259j);SABMEDA16TM;DAMA;Blanco;M;CERRO VERDE;1
2025;DICIEMBRE;SABRI SPORT DAMA;[SABMEDA13TXS] SABRI SPORT DAMA (XS, Azul Rey - 50122);SABMEDA13TXS;DAMA;Azul Rey;XS;SAMBIL CHACAO;1
2025;DICIEMBRE;CLASICA SPORT CAB;[CLAMECA43TXL] CLASICA SPORT CAB (XL, Negro - Negro);CLAMECA43TXL;CAB;Negro - Negro;XL;SAMBIL VALENCIA;1
2025;DICIEMBRE;SABRI SPORT DAMA;[SABMEDA30TXS] SABRI SPORT DAMA (XS, Gris Claro - 9734);SABMEDA30TXS;DAMA;Gris Claro;XS;CERRO VERDE;1
2025;DICIEMBRE;CLASICA SPORT CAB;[CLAMECA43TM] CLASICA SPORT CAB (M, Negro - Negro);CLAMECA43TM;CAB;Negro - Negro;M;GRIETA;1
2025;DICIEMBRE;CLASICA SPORT CAB;[CLAMECA66T2XL] CLASICA SPORT CAB (2XL, Verde Militar - Verde Hoja);CLAMECA66T2XL;CAB;Verde Militar - Verde Hoja;2XL;GRIETA;1
2025;DICIEMBRE;SABRI SPORT DAMA;[SABMEDA16TS] SABRI SPORT DAMA (S, Blanco - 1259j);SABMEDA16TS;DAMA;Blanco;S;CERRO VERDE;1
2025;DICIEMBRE;CLÁSICA SPORT DAMA;[CLAMEDA30TXS] CLÁSICA SPORT DAMA (Gris Claro - Gris Ceniza, XS);CLAMEDA30TXS;DAMA;Gris Claro - Gris Ceniza;XS;SAMBIL VALENCIA;1
2025;DICIEMBRE;SABRI SPORT DAMA;[SABMEDA30TL] SABRI SPORT DAMA (L, Gris Claro - 9734);SABMEDA30TL;DAMA;Gris Claro;L;SAMBIL VALENCIA;1
2025;DICIEMBRE;SABRI SPORT DAMA;[SABMEDA43TL] SABRI SPORT DAMA (L, Negro - 10);SABMEDA43TL;DAMA;Negro;L;SAMBIL VALENCIA;1
2025;DICIEMBRE;SABRI SPORT DAMA;[SABMEDA43TL] SABRI SPORT DAMA (L, Negro - 10);SABMEDA43TL;DAMA;Negro;L;CERRO VERDE;1
2025;DICIEMBRE;SABRI SPORT DAMA;[SABMEDA66TL] SABRI SPORT DAMA (L, Verde Militar - 60620);SABMEDA66TL;DAMA;Verde Militar;L;CERRO VERDE;1
2025;DICIEMBRE;SABRI SPORT DAMA;[SABMEDA43TS] SABRI SPORT DAMA (S, Negro - 10);SABMEDA43TS;DAMA;Negro;S;SAMBIL VALENCIA;1
2025;DICIEMBRE;CLASICA SPORT CAB;[CLAMECA43TXL] CLASICA SPORT CAB (XL, Negro - Negro);CLAMECA43TXL;CAB;Negro - Negro;XL;SAMBIL VALENCIA;1
2025;DICIEMBRE;CLASICA SPORT CAB;[CLAMECA43TXL] CLASICA SPORT CAB (XL, Negro - Negro);CLAMECA43TXL;CAB;Negro - Negro;XL;SAMBIL VALENCIA;-1
2025;DICIEMBRE;CLASICA SPORT CAB;[CLAMECA43TXL] CLASICA SPORT CAB (XL, Negro - Negro);CLAMECA43TXL;CAB;Negro - Negro;XL;SAMBIL VALENCIA;1
2025;DICIEMBRE;CLÁSICA SPORT DAMA;[CLAMEDA30TXS] CLÁSICA SPORT DAMA (Gris Claro - Gris Ceniza, XS);CLAMEDA30TXS;DAMA;Gris Claro - Gris Ceniza;XS;SAMBIL VALENCIA;1
2025;DICIEMBRE;CLASICA SPORT CAB;[CLAMECA30TXL] CLASICA SPORT CAB (XL, Gris Claro - Gris Ceniza);CLAMECA30TXL;CAB;Gris Claro - Gris Ceniza;XL;WEB;1
2025;DICIEMBRE;SABRI SPORT DAMA;[SABMEDA30TS] SABRI SPORT DAMA (S, Gris Claro - 9734);SABMEDA30TS;DAMA;Gris Claro;S;GRIETA;1
2025;DICIEMBRE;CLASICA SPORT CAB;[CLAMECA13T2XL] CLASICA SPORT CAB (2XL, Azul Mazari - Azul Mazari);CLAMECA13T2XL;CAB;Azul Mazari - Azul Mazari;2XL;SAMBIL VALENCIA;1
2025;DICIEMBRE;SABRI SPORT DAMA;[SABMEDA43TXS] SABRI SPORT DAMA (XS, Negro - 10);SABMEDA43TXS;DAMA;Negro;XS;GRIETA;1
2025;DICIEMBRE;SABRI SPORT DAMA;[SABMEDA13TXS] SABRI SPORT DAMA (XS, Azul Rey - 50122);SABMEDA13TXS;DAMA;Azul Rey;XS;GRIETA;1
2025;DICIEMBRE;CLÁSICA SPORT DAMA;[CLAMEDA66TL] CLÁSICA SPORT DAMA (Verde Militar - Verde Hoja, L);CLAMEDA66TL;DAMA;Verde Militar - Verde Hoja;L;GRIETA;1
2025;DICIEMBRE;CLÁSICA SPORT DAMA;[CLAMEDA30TXS] CLÁSICA SPORT DAMA (Gris Claro - Gris Ceniza, XS);CLAMEDA30TXS;DAMA;Gris Claro - Gris Ceniza;XS;GRIETA;1
2025;DICIEMBRE;CLASICA SPORT CAB;[CLAMECA43TM] CLASICA SPORT CAB (M, Negro - Negro);CLAMECA43TM;CAB;Negro - Negro;M;SAMBIL CHACAO;1
2025;DICIEMBRE;CLÁSICA SPORT DAMA;[CLAMEDA13TL] CLÁSICA SPORT DAMA (Azul Mazari - Azul Mazari, L);CLAMEDA13TL;DAMA;Azul Mazari - Azul Mazari;L;GRIETA;1
2025;DICIEMBRE;CLASICA SPORT CAB;[CLAMECA43TM] CLASICA SPORT CAB (M, Negro - Negro);CLAMECA43TM;CAB;Negro - Negro;M;GRIETA;1
2025;DICIEMBRE;CLASICA SPORT CAB;[CLAMECA16TXL] CLASICA SPORT CAB (XL, Blanco - New White);CLAMECA16TXL;CAB;Blanco - New White;XL;GRIETA;1
2025;DICIEMBRE;CLASICA SPORT CAB;[CLAMECA43TXL] CLASICA SPORT CAB (XL, Negro - Negro);CLAMECA43TXL;CAB;Negro - Negro;XL;SAMBIL VALENCIA;1
2025;DICIEMBRE;CLASICA SPORT CAB;[CLAMECA13TM] CLASICA SPORT CAB (M, Azul Mazari - Azul Mazari);CLAMECA13TM;CAB;Azul Mazari - Azul Mazari;M;SAMBIL VALENCIA;1
2025;DICIEMBRE;CLASICA SPORT CAB;[CLAMECA43TM] CLASICA SPORT CAB (M, Negro - Negro);CLAMECA43TM;CAB;Negro - Negro;M;GRIETA;1
2025;DICIEMBRE;CLASICA SPORT CAB;[CLAMECA13TM] CLASICA SPORT CAB (M, Azul Mazari - Azul Mazari);CLAMECA13TM;CAB;Azul Mazari - Azul Mazari;M;GRIETA;1
2025;DICIEMBRE;SABRI SPORT DAMA;[SABMEDA66TXS] SABRI SPORT DAMA (XS, Verde Militar - 60620);SABMEDA66TXS;DAMA;Verde Militar;XS;GRIETA;1
2025;DICIEMBRE;CLASICA SPORT CAB;[CLAMECA30TS] CLASICA SPORT CAB (S, Gris Claro - Gris Ceniza);CLAMECA30TS;CAB;Gris Claro - Gris Ceniza;S;SAMBIL CHACAO;1
2025;DICIEMBRE;CLASICA SPORT CAB;[CLAMECA30TXL] CLASICA SPORT CAB (XL, Gris Claro - Gris Ceniza);CLAMECA30TXL;CAB;Gris Claro - Gris Ceniza;XL;SAMBIL VALENCIA;1
2025;DICIEMBRE;CLÁSICA SPORT DAMA;[CLAMEDA30TL] CLÁSICA SPORT DAMA (Gris Claro - Gris Ceniza, L);CLAMEDA30TL;DAMA;Gris Claro - Gris Ceniza;L;GRIETA;1
2025;DICIEMBRE;CLASICA SPORT CAB;[CLAMECA43TL] CLASICA SPORT CAB (L, Negro - Negro);CLAMECA43TL;CAB;Negro - Negro;L;SAMBIL CHACAO;1
2025;DICIEMBRE;SABRI SPORT DAMA;[SABMEDA13TXS] SABRI SPORT DAMA (XS, Azul Rey - 50122);SABMEDA13TXS;DAMA;Azul Rey;XS;SAMBIL CHACAO;1
2025;DICIEMBRE;CLÁSICA SPORT DAMA;[CLAMEDA43TL] CLÁSICA SPORT DAMA (Negro - Negro, L);CLAMEDA43TL;DAMA;Negro - Negro;L;GRIETA;1
2025;DICIEMBRE;CLASICA SPORT CAB;[CLAMECA13TM] CLASICA SPORT CAB (M, Azul Mazari - Azul Mazari);CLAMECA13TM;CAB;Azul Mazari - Azul Mazari;M;GRIETA;1
2025;DICIEMBRE;CLÁSICA SPORT DAMA;[CLAMEDA12TL] CLÁSICA SPORT DAMA (Azul Marino - Azul Cori, L);CLAMEDA12TL;DAMA;Azul Marino - Azul Cori;L;GRIETA;1
2025;DICIEMBRE;CLASICA SPORT CAB;[CLAMECA13TL] CLASICA SPORT CAB (L, Azul Mazari - Azul Mazari);CLAMECA13TL;CAB;Azul Mazari - Azul Mazari;L;GRIETA;1
2025;DICIEMBRE;CLASICA SPORT KIDS;[CLAMEKI30T14] CLASICA SPORT KIDS (14, Gris Claro - Gris Ceniza);CLAMEKI30T14;KIDS;Gris Claro - Gris Ceniza;14;SAMBIL VALENCIA;1
2025;DICIEMBRE;CLASICA SPORT CAB;[CLAMECA13TL] CLASICA SPORT CAB (L, Azul Mazari - Azul Mazari);CLAMECA13TL;CAB;Azul Mazari - Azul Mazari;L;CERRO VERDE;1
2025;DICIEMBRE;CLASICA SPORT CAB;[CLAMECA43TXL] CLASICA SPORT CAB (XL, Negro - Negro);CLAMECA43TXL;CAB;Negro - Negro;XL;SAMBIL CHACAO;1
2025;DICIEMBRE;SABRI SPORT DAMA;[SABMEDA16TM] SABRI SPORT DAMA (M, Blanco - 1259j);SABMEDA16TM;DAMA;Blanco;M;SAMBIL VALENCIA;1
2025;DICIEMBRE;SABRI SPORT DAMA;[SABMEDA16TXS] SABRI SPORT DAMA (XS, Blanco - 1259j);SABMEDA16TXS;DAMA;Blanco;XS;GRIETA;1
2025;DICIEMBRE;CLASICA SPORT CAB;[CLAMECA43TM] CLASICA SPORT CAB (M, Negro - Negro);CLAMECA43TM;CAB;Negro - Negro;M;GRIETA;1
2025;DICIEMBRE;SABRI SPORT DAMA;[SABMEDA30TXS] SABRI SPORT DAMA (XS, Gris Claro - 9734);SABMEDA30TXS;DAMA;Gris Claro;XS;GRIETA;1
2025;DICIEMBRE;CLASICA SPORT CAB;[CLAMECA43TXL] CLASICA SPORT CAB (XL, Negro - Negro);CLAMECA43TXL;CAB;Negro - Negro;XL;SAMBIL CHACAO;-1
2025;DICIEMBRE;CLASICA SPORT CAB;[CLAMECA43TXL] CLASICA SPORT CAB (XL, Negro - Negro);CLAMECA43TXL;CAB;Negro - Negro;XL;SAMBIL CHACAO;1
2025;DICIEMBRE;CLASICA SPORT CAB;[CLAMECA30T2XL] CLASICA SPORT CAB (2XL, Gris Claro - Gris Ceniza);CLAMECA30T2XL;CAB;Gris Claro - Gris Ceniza;2XL;SAMBIL CHACAO;1
2025;DICIEMBRE;CLASICA SPORT CAB;[CLAMECA30TM] CLASICA SPORT CAB (M, Gris Claro - Gris Ceniza);CLAMECA30TM;CAB;Gris Claro - Gris Ceniza;M;SAMBIL CHACAO;1
2025;DICIEMBRE;SABRI SPORT DAMA;[SABMEDA66TXL] SABRI SPORT DAMA (XL, Verde Militar - 60620);SABMEDA66TXL;DAMA;Verde Militar;XL;SAMBIL CHACAO;1
2025;DICIEMBRE;CLASICA SPORT CAB;[CLAMECA16TXL] CLASICA SPORT CAB (XL, Blanco - New White);CLAMECA16TXL;CAB;Blanco - New White;XL;SAMBIL VALENCIA;1
2025;DICIEMBRE;CLASICA SPORT CAB;[CLAMECA13TM] CLASICA SPORT CAB (M, Azul Mazari - Azul Mazari);CLAMECA13TM;CAB;Azul Mazari - Azul Mazari;M;SAMBIL VALENCIA;1
2025;DICIEMBRE;CLASICA SPORT CAB;[CLAMECA13TM] CLASICA SPORT CAB (M, Azul Mazari - Azul Mazari);CLAMECA13TM;CAB;Azul Mazari - Azul Mazari;M;SAMBIL VALENCIA;-1
2025;DICIEMBRE;CLASICA SPORT CAB;[CLAMECA13TM] CLASICA SPORT CAB (M, Azul Mazari - Azul Mazari);CLAMECA13TM;CAB;Azul Mazari - Azul Mazari;M;SAMBIL VALENCIA;1
2025;DICIEMBRE;CLASICA SPORT CAB;[CLAMECA13TM] CLASICA SPORT CAB (M, Azul Mazari - Azul Mazari);CLAMECA13TM;CAB;Azul Mazari - Azul Mazari;M;GRIETA;1
2025;DICIEMBRE;CLASICA SPORT CAB;[CLAMECA30TXL] CLASICA SPORT CAB (XL, Gris Claro - Gris Ceniza);CLAMECA30TXL;CAB;Gris Claro - Gris Ceniza;XL;GRIETA;1
2025;DICIEMBRE;CLASICA SPORT CAB;[CLAMECA43TXL] CLASICA SPORT CAB (XL, Negro - Negro);CLAMECA43TXL;CAB;Negro - Negro;XL;GRIETA;1
2025;DICIEMBRE;CLASICA SPORT CAB;[CLAMECA30T2XL] CLASICA SPORT CAB (2XL, Gris Claro - Gris Ceniza);CLAMECA30T2XL;CAB;Gris Claro - Gris Ceniza;2XL;GRIETA;1
2025;DICIEMBRE;CLASICA SPORT KIDS;[CLAMEKI12T8] CLASICA SPORT KIDS (8, Azul Marino - Azul Cori);CLAMEKI12T8;KIDS;Azul Marino - Azul Cori;8;GRIETA;1
2025;DICIEMBRE;CLASICA SPORT KIDS;[CLAMEKI30T8] CLASICA SPORT KIDS (8, Gris Claro - Gris Ceniza);CLAMEKI30T8;KIDS;Gris Claro - Gris Ceniza;8;GRIETA;1
2025;DICIEMBRE;CLASICA SPORT CAB;[CLAMECA13TL] CLASICA SPORT CAB (L, Azul Mazari - Azul Mazari);CLAMECA13TL;CAB;Azul Mazari - Azul Mazari;L;SAMBIL VALENCIA;1
2025;DICIEMBRE;CLÁSICA SPORT DAMA;[CLAMEDA66TXL] CLÁSICA SPORT DAMA (Verde Militar - Verde Hoja, XL);CLAMEDA66TXL;DAMA;Verde Militar - Verde Hoja;XL;GRIETA;1
2025;DICIEMBRE;CLASICA SPORT CAB;[CLAMECA30T2XL] CLASICA SPORT CAB (2XL, Gris Claro - Gris Ceniza);CLAMECA30T2XL;CAB;Gris Claro - Gris Ceniza;2XL;SAMBIL VALENCIA;1
2025;DICIEMBRE;CLÁSICA SPORT DAMA;[CLAMEDA30TM] CLÁSICA SPORT DAMA (Gris Claro - Gris Ceniza, M);CLAMEDA30TM;DAMA;Gris Claro - Gris Ceniza;M;SAMBIL VALENCIA;1
2025;DICIEMBRE;CLÁSICA SPORT DAMA;[CLAMEDA30TS] CLÁSICA SPORT DAMA (Gris Claro - Gris Ceniza, S);CLAMEDA30TS;DAMA;Gris Claro - Gris Ceniza;S;SAMBIL VALENCIA;1
2025;DICIEMBRE;CLASICA SPORT CAB;[CLAMECA16T2XL] CLASICA SPORT CAB (2XL, Blanco - New White);CLAMECA16T2XL;CAB;Blanco - New White;2XL;GRIETA;1
2025;DICIEMBRE;SABRI SPORT DAMA;[SABMEDA63TXS] SABRI SPORT DAMA (XS, Verde Agua);SABMEDA63TXS;DAMA;Verde Agua;XS;CERRO VERDE;1
2025;DICIEMBRE;CLÁSICA SPORT DAMA;[CLAMEDA30TS] CLÁSICA SPORT DAMA (Gris Claro - Gris Ceniza, S);CLAMEDA30TS;DAMA;Gris Claro - Gris Ceniza;S;SAMBIL VALENCIA;1
2025;DICIEMBRE;CLÁSICA SPORT DAMA;[CLAMEDA66TXS] CLÁSICA SPORT DAMA (Verde Militar - Verde Hoja, XS);CLAMEDA66TXS;DAMA;Verde Militar - Verde Hoja;XS;SAMBIL VALENCIA;1
2025;DICIEMBRE;CLASICA SPORT CAB;[CLAMECA30TM] CLASICA SPORT CAB (M, Gris Claro - Gris Ceniza);CLAMECA30TM;CAB;Gris Claro - Gris Ceniza;M;GRIETA;1
2025;DICIEMBRE;CLASICA SPORT CAB;[CLAMECA30T2XL] CLASICA SPORT CAB (2XL, Gris Claro - Gris Ceniza);CLAMECA30T2XL;CAB;Gris Claro - Gris Ceniza;2XL;GRIETA;1
2025;DICIEMBRE;CLASICA SPORT CAB;[CLAMECA16TL] CLASICA SPORT CAB (L, Blanco - New White);CLAMECA16TL;CAB;Blanco - New White;L;GRIETA;1
2025;DICIEMBRE;CLASICA SPORT CAB;[CLAMECA30TXL] CLASICA SPORT CAB (XL, Gris Claro - Gris Ceniza);CLAMECA30TXL;CAB;Gris Claro - Gris Ceniza;XL;GRIETA;1
2025;DICIEMBRE;CLÁSICA SPORT DAMA;[CLAMEDA43TS] CLÁSICA SPORT DAMA (Negro - Negro, S);CLAMEDA43TS;DAMA;Negro - Negro;S;GRIETA;1
2025;DICIEMBRE;CLASICA SPORT CAB;[CLAMECA12T2XL] CLASICA SPORT CAB (2XL, Azul Marino - Azul Cori);CLAMECA12T2XL;CAB;Azul Marino - Azul Cori;2XL;SAMBIL CHACAO;1
2025;DICIEMBRE;CLASICA SPORT CAB;[CLAMECA43TXL] CLASICA SPORT CAB (XL, Negro - Negro);CLAMECA43TXL;CAB;Negro - Negro;XL;SAMBIL VALENCIA;1
2025;DICIEMBRE;CLASICA SPORT CAB;[CLAMECA43TXL] CLASICA SPORT CAB (XL, Negro - Negro);CLAMECA43TXL;CAB;Negro - Negro;XL;SAMBIL VALENCIA;1
2025;DICIEMBRE;CLASICA SPORT CAB;[CLAMECA16T2XL] CLASICA SPORT CAB (2XL, Blanco - New White);CLAMECA16T2XL;CAB;Blanco - New White;2XL;SAMBIL VALENCIA;1
2025;DICIEMBRE;CLASICA SPORT CAB;[CLAMECA43TXL] CLASICA SPORT CAB (XL, Negro - Negro);CLAMECA43TXL;CAB;Negro - Negro;XL;GRIETA;1
2025;DICIEMBRE;CLASICA SPORT CAB;[CLAMECA43TXL] CLASICA SPORT CAB (XL, Negro - Negro);CLAMECA43TXL;CAB;Negro - Negro;XL;SAMBIL VALENCIA;1
2025;DICIEMBRE;SABRI SPORT DAMA;[SABMEDA16TS] SABRI SPORT DAMA (S, Blanco - 1259j);SABMEDA16TS;DAMA;Blanco;S;SAMBIL VALENCIA;-1
2025;DICIEMBRE;CLASICA SPORT CAB;[CLAMECA30TXL] CLASICA SPORT CAB (XL, Gris Claro - Gris Ceniza);CLAMECA30TXL;CAB;Gris Claro - Gris Ceniza;XL;GRIETA;-1
2025;DICIEMBRE;CLASICA SPORT CAB;[CLAMECA30TL] CLASICA SPORT CAB (L, Gris Claro - Gris Ceniza);CLAMECA30TL;CAB;Gris Claro - Gris Ceniza;L;GRIETA;1
2025;DICIEMBRE;CLASICA SPORT KIDS;[CLAMEKI30T14] CLASICA SPORT KIDS (14, Gris Claro - Gris Ceniza);CLAMEKI30T14;KIDS;Gris Claro - Gris Ceniza;14;GRIETA;1
2025;DICIEMBRE;CLÁSICA SPORT DAMA;[CLAMEDA13TL] CLÁSICA SPORT DAMA (Azul Mazari - Azul Mazari, L);CLAMEDA13TL;DAMA;Azul Mazari - Azul Mazari;L;GRIETA;1
2025;DICIEMBRE;CLÁSICA SPORT DAMA;[CLAMEDA66TL] CLÁSICA SPORT DAMA (Verde Militar - Verde Hoja, L);CLAMEDA66TL;DAMA;Verde Militar - Verde Hoja;L;GRIETA;1
2025;DICIEMBRE;CLASICA SPORT CAB;[CLAMECA16TM] CLASICA SPORT CAB (M, Blanco - New White);CLAMECA16TM;CAB;Blanco - New White;M;SAMBIL CHACAO;1
2025;DICIEMBRE;CLÁSICA SPORT DAMA;[CLAMEDA30TXS] CLÁSICA SPORT DAMA (Gris Claro - Gris Ceniza, XS);CLAMEDA30TXS;DAMA;Gris Claro - Gris Ceniza;XS;SAMBIL VALENCIA;1
2025;DICIEMBRE;CLASICA SPORT CAB;[CLAMECA16T2XL] CLASICA SPORT CAB (2XL, Blanco - New White);CLAMECA16T2XL;CAB;Blanco - New White;2XL;GRIETA;1
2025;DICIEMBRE;CLASICA SPORT CAB;[CLAMECA16TXL] CLASICA SPORT CAB (XL, Blanco - New White);CLAMECA16TXL;CAB;Blanco - New White;XL;SAMBIL VALENCIA;1
2025;DICIEMBRE;CLÁSICA SPORT DAMA;[CLAMEDA30TM] CLÁSICA SPORT DAMA (Gris Claro - Gris Ceniza, M);CLAMEDA30TM;DAMA;Gris Claro - Gris Ceniza;M;GRIETA;1
2025;DICIEMBRE;SABRI SPORT DAMA;[SABMEDA66TS] SABRI SPORT DAMA (S, Verde Militar - 60620);SABMEDA66TS;DAMA;Verde Militar;S;CERRO VERDE;1
2025;DICIEMBRE;CLASICA SPORT CAB;[CLAMECA13TL] CLASICA SPORT CAB (L, Azul Mazari - Azul Mazari);CLAMECA13TL;CAB;Azul Mazari - Azul Mazari;L;GRIETA;1
2025;DICIEMBRE;SABRI SPORT DAMA;[SABMEDA16TM] SABRI SPORT DAMA (M, Blanco - 1259j);SABMEDA16TM;DAMA;Blanco;M;GRIETA;1
2025;DICIEMBRE;SABRI SPORT DAMA;[SABMEDA30TM] SABRI SPORT DAMA (M, Gris Claro - 9734);SABMEDA30TM;DAMA;Gris Claro;M;GRIETA;1
2025;DICIEMBRE;CLASICA SPORT CAB;[CLAMECA16TXL] CLASICA SPORT CAB (XL, Blanco - New White);CLAMECA16TXL;CAB;Blanco - New White;XL;SAMBIL CHACAO;1
2025;DICIEMBRE;CLASICA SPORT KIDS;[CLAMEKI66T12] CLASICA SPORT KIDS (12, Verde Militar - Verde Hoja);CLAMEKI66T12;KIDS;Verde Militar - Verde Hoja;12;SAMBIL CHACAO;1
2025;DICIEMBRE;CLÁSICA SPORT DAMA;[CLAMEDA16TM] CLÁSICA SPORT DAMA (Blanco - New White, M);CLAMEDA16TM;DAMA;Blanco - New White;M;CERRO VERDE;1
2025;DICIEMBRE;CLASICA SPORT CAB;[CLAMECA30TXL] CLASICA SPORT CAB (XL, Gris Claro - Gris Ceniza);CLAMECA30TXL;CAB;Gris Claro - Gris Ceniza;XL;SAMBIL CHACAO;1
2025;DICIEMBRE;CLASICA SPORT CAB;[CLAMECA30TL] CLASICA SPORT CAB (L, Gris Claro - Gris Ceniza);CLAMECA30TL;CAB;Gris Claro - Gris Ceniza;L;SAMBIL CHACAO;1
2025;DICIEMBRE;CLASICA SPORT CAB;[CLAMECA13T2XL] CLASICA SPORT CAB (2XL, Azul Mazari - Azul Mazari);CLAMECA13T2XL;CAB;Azul Mazari - Azul Mazari;2XL;CERRO VERDE;1
2025;DICIEMBRE;CLASICA SPORT CAB;[CLAMECA16T2XL] CLASICA SPORT CAB (2XL, Blanco - New White);CLAMECA16T2XL;CAB;Blanco - New White;2XL;CERRO VERDE;1
2025;DICIEMBRE;CLASICA SPORT CAB;[CLAMECA43TL] CLASICA SPORT CAB (L, Negro - Negro);CLAMECA43TL;CAB;Negro - Negro;L;CERRO VERDE;1
2025;DICIEMBRE;SABRI SPORT DAMA;[SABMEDA13TS] SABRI SPORT DAMA (S, Azul Rey - 50122);SABMEDA13TS;DAMA;Azul Rey;S;GRIETA;1
2025;DICIEMBRE;SABRI SPORT DAMA;[SABMEDA16TS] SABRI SPORT DAMA (S, Blanco - 1259j);SABMEDA16TS;DAMA;Blanco;S;SAMBIL CHACAO;1
2025;DICIEMBRE;SABRI SPORT DAMA;[SABMEDA63TXS] SABRI SPORT DAMA (XS, Verde Agua);SABMEDA63TXS;DAMA;Verde Agua;XS;CERRO VERDE;-1
2025;DICIEMBRE;CLÁSICA SPORT DAMA;[CLAMEDA12TS] CLÁSICA SPORT DAMA (Azul Marino - Azul Cori, S);CLAMEDA12TS;DAMA;Azul Marino - Azul Cori;S;GRIETA;1
2025;DICIEMBRE;CLÁSICA SPORT DAMA;[CLAMEDA66TS] CLÁSICA SPORT DAMA (Verde Militar - Verde Hoja, S);CLAMEDA66TS;DAMA;Verde Militar - Verde Hoja;S;GRIETA;1
2025;DICIEMBRE;CLÁSICA SPORT DAMA;[CLAMEDA30TS] CLÁSICA SPORT DAMA (Gris Claro - Gris Ceniza, S);CLAMEDA30TS;DAMA;Gris Claro - Gris Ceniza;S;GRIETA;1
2025;DICIEMBRE;CLASICA SPORT CAB;[CLAMECA16TS] CLASICA SPORT CAB (S, Blanco - New White);CLAMECA16TS;CAB;Blanco - New White;S;SAMBIL VALENCIA;1
2025;DICIEMBRE;SABRI SPORT DAMA;[SABMEDA16TXS] SABRI SPORT DAMA (XS, Blanco - 1259j);SABMEDA16TXS;DAMA;Blanco;XS;SAMBIL VALENCIA;1
2025;DICIEMBRE;CLASICA SPORT CAB;[CLAMECA30T2XL] CLASICA SPORT CAB (2XL, Gris Claro - Gris Ceniza);CLAMECA30T2XL;CAB;Gris Claro - Gris Ceniza;2XL;GRIETA;1
2025;DICIEMBRE;CLASICA SPORT CAB;[CLAMECA43TM] CLASICA SPORT CAB (M, Negro - Negro);CLAMECA43TM;CAB;Negro - Negro;M;SAMBIL VALENCIA;1
2025;DICIEMBRE;CLASICA SPORT CAB;[CLAMECA43TXL] CLASICA SPORT CAB (XL, Negro - Negro);CLAMECA43TXL;CAB;Negro - Negro;XL;GRIETA;1
2025;DICIEMBRE;CLASICA SPORT KIDS;[CLAMEKI30T14] CLASICA SPORT KIDS (14, Gris Claro - Gris Ceniza);CLAMEKI30T14;KIDS;Gris Claro - Gris Ceniza;14;WEB;1
2025;DICIEMBRE;CLÁSICA SPORT DAMA;[CLAMEDA66TS] CLÁSICA SPORT DAMA (Verde Militar - Verde Hoja, S);CLAMEDA66TS;DAMA;Verde Militar - Verde Hoja;S;SAMBIL VALENCIA;1
2025;DICIEMBRE;CLASICA SPORT CAB;[CLAMECA30TM] CLASICA SPORT CAB (M, Gris Claro - Gris Ceniza);CLAMECA30TM;CAB;Gris Claro - Gris Ceniza;M;GRIETA;1
2025;DICIEMBRE;CLASICA SPORT CAB;[CLAMECA13T2XL] CLASICA SPORT CAB (2XL, Azul Mazari - Azul Mazari);CLAMECA13T2XL;CAB;Azul Mazari - Azul Mazari;2XL;GRIETA;1
2025;DICIEMBRE;CLASICA SPORT CAB;[CLAMECA30TXL] CLASICA SPORT CAB (XL, Gris Claro - Gris Ceniza);CLAMECA30TXL;CAB;Gris Claro - Gris Ceniza;XL;SAMBIL CHACAO;1
2025;DICIEMBRE;CLÁSICA SPORT DAMA;[CLAMEDA43TM] CLÁSICA SPORT DAMA (Negro - Negro, M);CLAMEDA43TM;DAMA;Negro - Negro;M;GRIETA;1
2025;DICIEMBRE;CLASICA SPORT CAB;[CLAMECA43TM] CLASICA SPORT CAB (M, Negro - Negro);CLAMECA43TM;CAB;Negro - Negro;M;SAMBIL VALENCIA;1
2025;DICIEMBRE;CLASICA SPORT CAB;[CLAMECA43TXL] CLASICA SPORT CAB (XL, Negro - Negro);CLAMECA43TXL;CAB;Negro - Negro;XL;GRIETA;1
2025;DICIEMBRE;CLASICA SPORT CAB;[CLAMECA43TXL] CLASICA SPORT CAB (XL, Negro - Negro);CLAMECA43TXL;CAB;Negro - Negro;XL;SAMBIL VALENCIA;1
2025;DICIEMBRE;CLASICA SPORT CAB;[CLAMECA30TL] CLASICA SPORT CAB (L, Gris Claro - Gris Ceniza);CLAMECA30TL;CAB;Gris Claro - Gris Ceniza;L;SAMBIL CHACAO;1
2026;ENERO;CLASICA SPORT CAB;[CLAMECA13TS] CLASICA SPORT CAB (S, Azul Mazari - Azul Mazari);CLAMECA13TS;CAB;Azul Mazari - Azul Mazari;S;GRIETA;1
2026;ENERO;CLASICA SPORT KIDS;[CLAMEKI43T6] CLASICA SPORT KIDS (6, Negro - Negro);CLAMEKI43T6;KIDS;Negro - Negro;6;CERRO VERDE;1
2026;ENERO;CLASICA SPORT KIDS;[CLAMEKI12T6] CLASICA SPORT KIDS (6, Azul Marino - Azul Cori);CLAMEKI12T6;KIDS;Azul Marino - Azul Cori;6;CERRO VERDE;1
2026;ENERO;SABRI SPORT DAMA;[SABMEDA16TXS] SABRI SPORT DAMA (XS, Blanco - 1259j);SABMEDA16TXS;DAMA;Blanco;XS;SAMBIL VALENCIA;1
2026;ENERO;CLASICA SPORT CAB;[CLAMECA43TM] CLASICA SPORT CAB (M, Negro - Negro);CLAMECA43TM;CAB;Negro - Negro;M;GRIETA;-1
2026;ENERO;SABRI SPORT DAMA;[SABMEDA16TM] SABRI SPORT DAMA (M, Blanco - 1259j);SABMEDA16TM;DAMA;Blanco;M;SAMBIL CHACAO;1
2026;ENERO;SABRI SPORT DAMA;[SABMEDA12TS] SABRI SPORT DAMA (S, Azul Marino - Azul Marino);SABMEDA12TS;DAMA;Azul Marino - Azul Marino;S;GRIETA;1
2026;ENERO;SABRI SPORT DAMA;[SABMEDA16TM] SABRI SPORT DAMA (M, Blanco - 1259j);SABMEDA16TM;DAMA;Blanco;M;CERRO VERDE;1
2026;ENERO;CLÁSICA SPORT DAMA;[CLAMEDA43TXS] CLÁSICA SPORT DAMA (Negro - Negro, XS);CLAMEDA43TXS;DAMA;Negro - Negro;XS;GRIETA;1
2026;ENERO;CLÁSICA SPORT DAMA;[CLAMEDA43TXS] CLÁSICA SPORT DAMA (Negro - Negro, XS);CLAMEDA43TXS;DAMA;Negro - Negro;XS;GRIETA;1
2026;ENERO;CLASICA SPORT KIDS;[CLAMEKI43T10] CLASICA SPORT KIDS (10, Negro - Negro);CLAMEKI43T10;KIDS;Negro - Negro;10;GRIETA;1
2026;ENERO;CLASICA SPORT CAB;[CLAMECA16T2XL] CLASICA SPORT CAB (2XL, Blanco - New White);CLAMECA16T2XL;CAB;Blanco - New White;2XL;SAMBIL VALENCIA;1
2026;ENERO;CLASICA SPORT CAB;[CLAMECA30T2XL] CLASICA SPORT CAB (2XL, Gris Claro - Gris Ceniza);CLAMECA30T2XL;CAB;Gris Claro - Gris Ceniza;2XL;SAMBIL VALENCIA;1
2026;ENERO;CLASICA SPORT CAB;[CLAMECA43T2XL] CLASICA SPORT CAB (2XL, Negro - Negro);CLAMECA43T2XL;CAB;Negro - Negro;2XL;CERRO VERDE;1
2026;ENERO;SABRI SPORT DAMA;[SABMEDA30TM] SABRI SPORT DAMA (M, Gris Claro - 9734);SABMEDA30TM;DAMA;Gris Claro;M;CERRO VERDE;1
2026;ENERO;CLASICA SPORT CAB;[CLAMECA43TXL] CLASICA SPORT CAB (XL, Negro - Negro);CLAMECA43TXL;CAB;Negro - Negro;XL;CERRO VERDE;1
2026;ENERO;CLASICA SPORT CAB;[CLAMECA30T2XL] CLASICA SPORT CAB (2XL, Gris Claro - Gris Ceniza);CLAMECA30T2XL;CAB;Gris Claro - Gris Ceniza;2XL;SAMBIL VALENCIA;1
2026;ENERO;SABRI SPORT DAMA;[SABMEDA13TS] SABRI SPORT DAMA (S, Azul Rey - 50122);SABMEDA13TS;DAMA;Azul Rey;S;GRIETA;1
2026;ENERO;SABRI SPORT DAMA;[SABMEDA12TS] SABRI SPORT DAMA (S, Azul Marino - Azul Marino);SABMEDA12TS;DAMA;Azul Marino - Azul Marino;S;GRIETA;1
2026;ENERO;SABRI SPORT DAMA;[SABMEDA43TM] SABRI SPORT DAMA (M, Negro - 10);SABMEDA43TM;DAMA;Negro;M;CERRO VERDE;1
2026;ENERO;SABRI SPORT DAMA;[SABMEDA16TS] SABRI SPORT DAMA (S, Blanco - 1259j);SABMEDA16TS;DAMA;Blanco;S;GRIETA;1
2026;ENERO;CLÁSICA SPORT DAMA;[CLAMEDA16TL] CLÁSICA SPORT DAMA (Blanco - New White, L);CLAMEDA16TL;DAMA;Blanco - New White;L;GRIETA;1
2026;ENERO;CLÁSICA SPORT DAMA;[CLAMEDA43TL] CLÁSICA SPORT DAMA (Negro - Negro, L);CLAMEDA43TL;DAMA;Negro - Negro;L;GRIETA;1
2026;ENERO;CLÁSICA SPORT DAMA;[CLAMEDA13TL] CLÁSICA SPORT DAMA (Azul Mazari - Azul Mazari, L);CLAMEDA13TL;DAMA;Azul Mazari - Azul Mazari;L;GRIETA;1
2026;ENERO;CLASICA SPORT CAB;[CLAMECA16T2XL] CLASICA SPORT CAB (2XL, Blanco - New White);CLAMECA16T2XL;CAB;Blanco - New White;2XL;SAMBIL VALENCIA;1
2026;ENERO;CLASICA SPORT CAB;[CLAMECA43TL] CLASICA SPORT CAB (L, Negro - Negro);CLAMECA43TL;CAB;Negro - Negro;L;GRIETA;1
2026;ENERO;CLASICA SPORT CAB;[CLAMECA13TM] CLASICA SPORT CAB (M, Azul Mazari - Azul Mazari);CLAMECA13TM;CAB;Azul Mazari - Azul Mazari;M;WEB;1
2026;ENERO;CLASICA SPORT CAB;[CLAMECA43TL] CLASICA SPORT CAB (L, Negro - Negro);CLAMECA43TL;CAB;Negro - Negro;L;CERRO VERDE;1
2026;ENERO;SABRI SPORT DAMA;[SABMEDA13TM] SABRI SPORT DAMA (M, Azul Rey - 50122);SABMEDA13TM;DAMA;Azul Rey;M;GRIETA;1
2026;ENERO;SABRI SPORT DAMA;[SABMEDA13TS] SABRI SPORT DAMA (S, Azul Rey - 50122);SABMEDA13TS;DAMA;Azul Rey;S;CERRO VERDE;1
2026;ENERO;CLASICA SPORT CAB;[CLAMECA16TXL] CLASICA SPORT CAB (XL, Blanco - New White);CLAMECA16TXL;CAB;Blanco - New White;XL;GRIETA;-1
2026;ENERO;CLASICA SPORT CAB;[CLAMECA30TXL] CLASICA SPORT CAB (XL, Gris Claro - Gris Ceniza);CLAMECA30TXL;CAB;Gris Claro - Gris Ceniza;XL;GRIETA;1
2026;ENERO;CLASICA SPORT CAB;[CLAMECA16TS] CLASICA SPORT CAB (S, Blanco - New White);CLAMECA16TS;CAB;Blanco - New White;S;GRIETA;1
2026;ENERO;CLASICA SPORT CAB;[CLAMECA43TXL] CLASICA SPORT CAB (XL, Negro - Negro);CLAMECA43TXL;CAB;Negro - Negro;XL;SAMBIL VALENCIA;1
2026;ENERO;SABRI SPORT DAMA;[SABMEDA30TM] SABRI SPORT DAMA (M, Gris Claro - 9734);SABMEDA30TM;DAMA;Gris Claro;M;CERRO VERDE;1
2026;ENERO;CLASICA SPORT CAB;[CLAMECA16TL] CLASICA SPORT CAB (L, Blanco - New White);CLAMECA16TL;CAB;Blanco - New White;L;GRIETA;1
2026;ENERO;CLASICA SPORT CAB;[CLAMECA13TL] CLASICA SPORT CAB (L, Azul Mazari - Azul Mazari);CLAMECA13TL;CAB;Azul Mazari - Azul Mazari;L;GRIETA;1
2026;ENERO;CLÁSICA SPORT DAMA;[CLAMEDA12TM] CLÁSICA SPORT DAMA (Azul Marino - Azul Cori, M);CLAMEDA12TM;DAMA;Azul Marino - Azul Cori;M;GRIETA;1
2026;ENERO;CLÁSICA SPORT DAMA;[CLAMEDA43TXS] CLÁSICA SPORT DAMA (Negro - Negro, XS);CLAMEDA43TXS;DAMA;Negro - Negro;XS;GRIETA;-1
2026;ENERO;CLÁSICA SPORT DAMA;[CLAMEDA66TS] CLÁSICA SPORT DAMA (Verde Militar - Verde Hoja, S);CLAMEDA66TS;DAMA;Verde Militar - Verde Hoja;S;GRIETA;1
2026;ENERO;CLASICA SPORT KIDS;[CLAMEKI12T6] CLASICA SPORT KIDS (6, Azul Marino - Azul Cori);CLAMEKI12T6;KIDS;Azul Marino - Azul Cori;6;GRIETA;1
2026;ENERO;CLASICA SPORT CAB;[CLAMECA43TL] CLASICA SPORT CAB (L, Negro - Negro);CLAMECA43TL;CAB;Negro - Negro;L;SAMBIL VALENCIA;1
2026;ENERO;CLASICA SPORT CAB;[CLAMECA16TS] CLASICA SPORT CAB (S, Blanco - New White);CLAMECA16TS;CAB;Blanco - New White;S;SAMBIL VALENCIA;1
2026;ENERO;CLASICA SPORT CAB;[CLAMECA43TL] CLASICA SPORT CAB (L, Negro - Negro);CLAMECA43TL;CAB;Negro - Negro;L;SAMBIL VALENCIA;1
2026;ENERO;CLASICA SPORT CAB;[CLAMECA16TXL] CLASICA SPORT CAB (XL, Blanco - New White);CLAMECA16TXL;CAB;Blanco - New White;XL;SAMBIL VALENCIA;1
2026;ENERO;CLASICA SPORT CAB;[CLAMECA30TXL] CLASICA SPORT CAB (XL, Gris Claro - Gris Ceniza);CLAMECA30TXL;CAB;Gris Claro - Gris Ceniza;XL;SAMBIL VALENCIA;1
2026;ENERO;CLÁSICA SPORT DAMA;[CLAMEDA16TXS] CLÁSICA SPORT DAMA (Blanco - New White, XS);CLAMEDA16TXS;DAMA;Blanco - New White;XS;GRIETA;1
2026;ENERO;CLASICA SPORT CAB;[CLAMECA30TXL] CLASICA SPORT CAB (XL, Gris Claro - Gris Ceniza);CLAMECA30TXL;CAB;Gris Claro - Gris Ceniza;XL;GRIETA;1
2026;ENERO;CLASICA SPORT CAB;[CLAMECA13TS] CLASICA SPORT CAB (S, Azul Mazari - Azul Mazari);CLAMECA13TS;CAB;Azul Mazari - Azul Mazari;S;GRIETA;1
2026;ENERO;CLASICA SPORT CAB;[CLAMECA13TL] CLASICA SPORT CAB (L, Azul Mazari - Azul Mazari);CLAMECA13TL;CAB;Azul Mazari - Azul Mazari;L;SAMBIL CHACAO;1
2026;ENERO;CLASICA SPORT CAB;[CLAMECA30TL] CLASICA SPORT CAB (L, Gris Claro - Gris Ceniza);CLAMECA30TL;CAB;Gris Claro - Gris Ceniza;L;GRIETA;1
2026;ENERO;SABRI SPORT DAMA;[SABMEDA43TM] SABRI SPORT DAMA (M, Negro - 10);SABMEDA43TM;DAMA;Negro;M;SAMBIL VALENCIA;1
2026;ENERO;SABRI SPORT DAMA;[SABMEDA13TM] SABRI SPORT DAMA (M, Azul Rey - 50122);SABMEDA13TM;DAMA;Azul Rey;M;GRIETA;1
2026;ENERO;CLASICA SPORT CAB;[CLAMECA16TS] CLASICA SPORT CAB (S, Blanco - New White);CLAMECA16TS;CAB;Blanco - New White;S;SAMBIL VALENCIA;-1
2026;ENERO;CLASICA SPORT CAB;[CLAMECA13TM] CLASICA SPORT CAB (M, Azul Mazari - Azul Mazari);CLAMECA13TM;CAB;Azul Mazari - Azul Mazari;M;SAMBIL VALENCIA;1
2026;ENERO;CLASICA SPORT KIDS;[CLAMEKI66T14] CLASICA SPORT KIDS (14, Verde Militar - Verde Hoja);CLAMEKI66T14;KIDS;Verde Militar - Verde Hoja;14;GRAND PLAZ;1
2026;ENERO;CLASICA SPORT CAB;[CLAMECA30TS] CLASICA SPORT CAB (S, Gris Claro - Gris Ceniza);CLAMECA30TS;CAB;Gris Claro - Gris Ceniza;S;GRIETA;1
2026;ENERO;CLASICA SPORT CAB;[CLAMECA43TS] CLASICA SPORT CAB (S, Negro - Negro);CLAMECA43TS;CAB;Negro - Negro;S;GRIETA;1
2026;ENERO;CLASICA SPORT CAB;[CLAMECA43TM] CLASICA SPORT CAB (M, Negro - Negro);CLAMECA43TM;CAB;Negro - Negro;M;GRIETA;1
2026;ENERO;CLÁSICA SPORT DAMA;[CLAMEDA16TL] CLÁSICA SPORT DAMA (Blanco - New White, L);CLAMEDA16TL;DAMA;Blanco - New White;L;CERRO VERDE;1
2026;ENERO;CLASICA SPORT CAB;[CLAMECA43TM] CLASICA SPORT CAB (M, Negro - Negro);CLAMECA43TM;CAB;Negro - Negro;M;SAMBIL CHACAO;1
2026;ENERO;CLÁSICA SPORT DAMA;[CLAMEDA12TXL] CLÁSICA SPORT DAMA (Azul Marino - Azul Cori, XL);CLAMEDA12TXL;DAMA;Azul Marino - Azul Cori;XL;CERRO VERDE;1
2026;ENERO;CLASICA SPORT CAB;[CLAMECA16TM] CLASICA SPORT CAB (M, Blanco - New White);CLAMECA16TM;CAB;Blanco - New White;M;SAMBIL VALENCIA;1
2026;ENERO;CLÁSICA SPORT DAMA;[CLAMEDA43TXL] CLÁSICA SPORT DAMA (Negro - Negro, XL);CLAMEDA43TXL;DAMA;Negro - Negro;XL;GRIETA;1
2026;ENERO;CLASICA SPORT CAB;[CLAMECA16TXL] CLASICA SPORT CAB (XL, Blanco - New White);CLAMECA16TXL;CAB;Blanco - New White;XL;SAMBIL VALENCIA;1
2026;ENERO;CLÁSICA SPORT DAMA;[CLAMEDA16TXS] CLÁSICA SPORT DAMA (Blanco - New White, XS);CLAMEDA16TXS;DAMA;Blanco - New White;XS;GRIETA;1
2026;ENERO;SABRI SPORT DAMA;[SABMEDA13TS] SABRI SPORT DAMA (S, Azul Rey - 50122);SABMEDA13TS;DAMA;Azul Rey;S;SAMBIL VALENCIA;1
2026;ENERO;SABRI SPORT DAMA;[SABMEDA16TM] SABRI SPORT DAMA (M, Blanco - 1259j);SABMEDA16TM;DAMA;Blanco;M;WEB;1
2026;ENERO;CLASICA SPORT KIDS;[CLAMEKI66T10] CLASICA SPORT KIDS (10, Verde Militar - Verde Hoja);CLAMEKI66T10;KIDS;Verde Militar - Verde Hoja;10;GRIETA;1
2026;ENERO;CLASICA SPORT CAB;[CLAMECA13TL] CLASICA SPORT CAB (L, Azul Mazari - Azul Mazari);CLAMECA13TL;CAB;Azul Mazari - Azul Mazari;L;GRIETA;1
2026;ENERO;CLASICA SPORT CAB;[CLAMECA30TL] CLASICA SPORT CAB (L, Gris Claro - Gris Ceniza);CLAMECA30TL;CAB;Gris Claro - Gris Ceniza;L;SAMBIL VALENCIA;1
2026;ENERO;CLASICA SPORT CAB;[CLAMECA13TL] CLASICA SPORT CAB (L, Azul Mazari - Azul Mazari);CLAMECA13TL;CAB;Azul Mazari - Azul Mazari;L;SAMBIL VALENCIA;1
2026;ENERO;CLÁSICA SPORT DAMA;[CLAMEDA30TS] CLÁSICA SPORT DAMA (Gris Claro - Gris Ceniza, S);CLAMEDA30TS;DAMA;Gris Claro - Gris Ceniza;S;CERRO VERDE;1
2026;ENERO;MAFE SPORT DAMA;[MAFMEDA43TS] MAFE SPORT DAMA (Negro - Negro, S);MAFMEDA43TS;DAMA;Negro - Negro;S;PEDIDOS;2
2026;ENERO;MAFE SPORT DAMA;[MAFMEDA43TM] MAFE SPORT DAMA (Negro - Negro, M);MAFMEDA43TM;DAMA;Negro - Negro;M;PEDIDOS;4
2026;ENERO;CLASICA SPORT CAB;[CLAMECA30TL] CLASICA SPORT CAB (L, Gris Claro - Gris Ceniza);CLAMECA30TL;CAB;Gris Claro - Gris Ceniza;L;SAMBIL VALENCIA;1
2026;ENERO;CLASICA SPORT CAB;[CLAMECA16TM] CLASICA SPORT CAB (M, Blanco - New White);CLAMECA16TM;CAB;Blanco - New White;M;GRIETA;1
2026;ENERO;CLÁSICA SPORT DAMA;[CLAMEDA16TXS] CLÁSICA SPORT DAMA (Blanco - New White, XS);CLAMEDA16TXS;DAMA;Blanco - New White;XS;GRIETA;1
2026;ENERO;CLASICA SPORT KIDS;[CLAMEKI66T14] CLASICA SPORT KIDS (14, Verde Militar - Verde Hoja);CLAMEKI66T14;KIDS;Verde Militar - Verde Hoja;14;GRIETA;1
2026;ENERO;SABRI SPORT DAMA;[SABMEDA66TL] SABRI SPORT DAMA (L, Verde Militar - 60620);SABMEDA66TL;DAMA;Verde Militar;L;SAMBIL VALENCIA;1
2026;ENERO;CLASICA SPORT CAB;[CLAMECA43TS] CLASICA SPORT CAB (S, Negro - Negro);CLAMECA43TS;CAB;Negro - Negro;S;SAMBIL VALENCIA;1
2026;ENERO;SABRI SPORT DAMA;[SABMEDA16TM] SABRI SPORT DAMA (M, Blanco - 1259j);SABMEDA16TM;DAMA;Blanco;M;CERRO VERDE;-1
2026;ENERO;CLASICA SPORT CAB;[CLAMECA16TM] CLASICA SPORT CAB (M, Blanco - New White);CLAMECA16TM;CAB;Blanco - New White;M;SAMBIL CHACAO;1
2026;FEBRERO;CLASICA SPORT CAB;[CLAMECA43TXL] CLASICA SPORT CAB (XL, Negro - Negro);CLAMECA43TXL;CAB;Negro - Negro;XL;GRIETA;1
2026;FEBRERO;CLÁSICA SPORT DAMA;[CLAMEDA43TXL] CLÁSICA SPORT DAMA (Negro - Negro, XL);CLAMEDA43TXL;DAMA;Negro - Negro;XL;GRIETA;1
2026;FEBRERO;CLASICA SPORT CAB;[CLAMECA66T2XL] CLASICA SPORT CAB (2XL, Verde Militar - Verde Hoja);CLAMECA66T2XL;CAB;Verde Militar - Verde Hoja;2XL;CERRO VERDE;1
2026;FEBRERO;CLASICA SPORT CAB;[CLAMECA16TL] CLASICA SPORT CAB (L, Blanco - New White);CLAMECA16TL;CAB;Blanco - New White;L;SAMBIL VALENCIA;1
2026;FEBRERO;CLASICA SPORT CAB;[CLAMECA13TL] CLASICA SPORT CAB (L, Azul Mazari - Azul Mazari);CLAMECA13TL;CAB;Azul Mazari - Azul Mazari;L;GRIETA;1
2026;FEBRERO;CLASICA SPORT CAB;[CLAMECA43TS] CLASICA SPORT CAB (S, Negro - Negro);CLAMECA43TS;CAB;Negro - Negro;S;CERRO VERDE;1
2026;FEBRERO;SABRI SPORT DAMA;[SABMEDA16TXS] SABRI SPORT DAMA (XS, Blanco - 1259j);SABMEDA16TXS;DAMA;Blanco;XS;GRIETA;1
2026;FEBRERO;CLASICA SPORT CAB;[CLAMECA12T2XL] CLASICA SPORT CAB (2XL, Azul Marino - Azul Cori);CLAMECA12T2XL;CAB;Azul Marino - Azul Cori;2XL;CERRO VERDE;1
2026;FEBRERO;CLASICA SPORT CAB;[CLAMECA16TL] CLASICA SPORT CAB (L, Blanco - New White);CLAMECA16TL;CAB;Blanco - New White;L;SAMBIL VALENCIA;1
2026;FEBRERO;CLASICA SPORT CAB;[CLAMECA16TL] CLASICA SPORT CAB (L, Blanco - New White);CLAMECA16TL;CAB;Blanco - New White;L;SAMBIL VALENCIA;-1
2026;FEBRERO;CLASICA SPORT CAB;[CLAMECA43TXL] CLASICA SPORT CAB (XL, Negro - Negro);CLAMECA43TXL;CAB;Negro - Negro;XL;SAMBIL VALENCIA;1
2026;FEBRERO;CLASICA SPORT CAB;[CLAMECA30TM] CLASICA SPORT CAB (M, Gris Claro - Gris Ceniza);CLAMECA30TM;CAB;Gris Claro - Gris Ceniza;M;CERRO VERDE;1
2026;FEBRERO;CLASICA SPORT CAB;[CLAMECA13TL] CLASICA SPORT CAB (L, Azul Mazari - Azul Mazari);CLAMECA13TL;CAB;Azul Mazari - Azul Mazari;L;SAMBIL VALENCIA;1
2026;FEBRERO;CLÁSICA SPORT DAMA;[CLAMEDA16TXS] CLÁSICA SPORT DAMA (Blanco - New White, XS);CLAMEDA16TXS;DAMA;Blanco - New White;XS;CERRO VERDE;1
2026;FEBRERO;CLÁSICA SPORT DAMA;[CLAMEDA43TXS] CLÁSICA SPORT DAMA (Negro - Negro, XS);CLAMEDA43TXS;DAMA;Negro - Negro;XS;CERRO VERDE;1
2026;FEBRERO;CLASICA SPORT CAB;[CLAMECA43TS] CLASICA SPORT CAB (S, Negro - Negro);CLAMECA43TS;CAB;Negro - Negro;S;SAMBIL VALENCIA;1
2026;FEBRERO;SABRI SPORT DAMA;[SABMEDA43TS] SABRI SPORT DAMA (S, Negro - 10);SABMEDA43TS;DAMA;Negro;S;GRIETA;1
2026;FEBRERO;CLASICA SPORT KIDS;[CLAMEKI66T14] CLASICA SPORT KIDS (14, Verde Militar - Verde Hoja);CLAMEKI66T14;KIDS;Verde Militar - Verde Hoja;14;SAMBIL CHACAO;1
2026;FEBRERO;CLASICA SPORT CAB;[CLAMECA43TXL] CLASICA SPORT CAB (XL, Negro - Negro);CLAMECA43TXL;CAB;Negro - Negro;XL;SAMBIL VALENCIA;1
2026;FEBRERO;SABRI SPORT DAMA;[SABMEDA43TXL] SABRI SPORT DAMA (XL, Negro - 10);SABMEDA43TXL;DAMA;Negro;XL;CERRO VERDE;1
2026;FEBRERO;SABRI SPORT DAMA;[SABMEDA30TXL] SABRI SPORT DAMA (XL, Gris Claro - 9734);SABMEDA30TXL;DAMA;Gris Claro;XL;CERRO VERDE;1
2026;FEBRERO;CLASICA SPORT CAB;[CLAMECA30TL] CLASICA SPORT CAB (L, Gris Claro - Gris Ceniza);CLAMECA30TL;CAB;Gris Claro - Gris Ceniza;L;SAMBIL CHACAO;1
2026;FEBRERO;CLÁSICA SPORT DAMA;[CLAMEDA12TXS] CLÁSICA SPORT DAMA (Azul Marino - Azul Cori, XS);CLAMEDA12TXS;DAMA;Azul Marino - Azul Cori;XS;CERRO VERDE;1
2026;FEBRERO;SABRI SPORT DAMA;[SABMEDA16TL] SABRI SPORT DAMA (L, Blanco - 1259j);SABMEDA16TL;DAMA;Blanco;L;GRIETA;1
2026;FEBRERO;CLASICA SPORT CAB;[CLAMECA16T2XL] CLASICA SPORT CAB (2XL, Blanco - New White);CLAMECA16T2XL;CAB;Blanco - New White;2XL;GRIETA;1
2026;FEBRERO;CLASICA SPORT CAB;[CLAMECA16TXL] CLASICA SPORT CAB (XL, Blanco - New White);CLAMECA16TXL;CAB;Blanco - New White;XL;GRIETA;1
2026;FEBRERO;SABRI SPORT DAMA;[SABMEDA16TXL] SABRI SPORT DAMA (XL, Blanco - 1259j);SABMEDA16TXL;DAMA;Blanco;XL;CERRO VERDE;1
2026;FEBRERO;SABRI SPORT DAMA;[SABMEDA30TXL] SABRI SPORT DAMA (XL, Gris Claro - 9734);SABMEDA30TXL;DAMA;Gris Claro;XL;CERRO VERDE;1
2026;FEBRERO;SABRI SPORT DAMA;[SABMEDA63TXL] SABRI SPORT DAMA (XL, Verde Agua);SABMEDA63TXL;DAMA;Verde Agua;XL;CERRO VERDE;1
2026;FEBRERO;CLASICA SPORT CAB;[CLAMECA13TM] CLASICA SPORT CAB (M, Azul Mazari - Azul Mazari);CLAMECA13TM;CAB;Azul Mazari - Azul Mazari;M;CERRO VERDE;1
2026;FEBRERO;CLASICA SPORT CAB;[CLAMECA43TS] CLASICA SPORT CAB (S, Negro - Negro);CLAMECA43TS;CAB;Negro - Negro;S;SAMBIL CHACAO;1
2026;FEBRERO;CLASICA SPORT CAB;[CLAMECA30TL] CLASICA SPORT CAB (L, Gris Claro - Gris Ceniza);CLAMECA30TL;CAB;Gris Claro - Gris Ceniza;L;CERRO VERDE;1
2026;FEBRERO;SABRI SPORT DAMA;[SABMEDA66TM] SABRI SPORT DAMA (M, Verde Militar - 60620);SABMEDA66TM;DAMA;Verde Militar;M;SAMBIL VALENCIA;1
2026;FEBRERO;CLASICA SPORT CAB;[CLAMECA16TS] CLASICA SPORT CAB (S, Blanco - New White);CLAMECA16TS;CAB;Blanco - New White;S;SAMBIL CHACAO;1
2026;FEBRERO;CLASICA SPORT CAB;[CLAMECA16TS] CLASICA SPORT CAB (S, Blanco - New White);CLAMECA16TS;CAB;Blanco - New White;S;WEB;1
2026;FEBRERO;CLASICA SPORT CAB;[CLAMECA16T2XL] CLASICA SPORT CAB (2XL, Blanco - New White);CLAMECA16T2XL;CAB;Blanco - New White;2XL;WEB;1
2026;FEBRERO;CLASICA SPORT CAB;[CLAMECA43TS] CLASICA SPORT CAB (S, Negro - Negro);CLAMECA43TS;CAB;Negro - Negro;S;WEB;1
2026;FEBRERO;CLASICA SPORT CAB;[CLAMECA43T2XL] CLASICA SPORT CAB (2XL, Negro - Negro);CLAMECA43T2XL;CAB;Negro - Negro;2XL;WEB;1
2026;FEBRERO;CLASICA SPORT CAB;[CLAMECA16TL] CLASICA SPORT CAB (L, Blanco - New White);CLAMECA16TL;CAB;Blanco - New White;L;WEB;1
2026;FEBRERO;SABRI SPORT DAMA;[SABMEDA12TL] SABRI SPORT DAMA (L, Azul Marino - Azul Marino);SABMEDA12TL;DAMA;Azul Marino - Azul Marino;L;SAMBIL VALENCIA;1
2026;FEBRERO;CLASICA SPORT CAB;[CLAMECA30TM] CLASICA SPORT CAB (M, Gris Claro - Gris Ceniza);CLAMECA30TM;CAB;Gris Claro - Gris Ceniza;M;GRIETA;1
2026;FEBRERO;CLASICA SPORT KIDS;[CLAMEKI66T14] CLASICA SPORT KIDS (14, Verde Militar - Verde Hoja);CLAMEKI66T14;KIDS;Verde Militar - Verde Hoja;14;GRIETA;1
2026;FEBRERO;CLASICA SPORT CAB;[CLAMECA13TM] CLASICA SPORT CAB (M, Azul Mazari - Azul Mazari);CLAMECA13TM;CAB;Azul Mazari - Azul Mazari;M;SAMBIL VALENCIA;1
2026;FEBRERO;CLASICA SPORT CAB;[CLAMECA16TXL] CLASICA SPORT CAB (XL, Blanco - New White);CLAMECA16TXL;CAB;Blanco - New White;XL;GRIETA;1
2026;FEBRERO;CLASICA SPORT CAB;[CLAMECA13TL] CLASICA SPORT CAB (L, Azul Mazari - Azul Mazari);CLAMECA13TL;CAB;Azul Mazari - Azul Mazari;L;WEB;1
2026;FEBRERO;SABRI SPORT DAMA;[SABMEDA43TS] SABRI SPORT DAMA (S, Negro - 10);SABMEDA43TS;DAMA;Negro;S;GRIETA;1
2026;FEBRERO;CLASICA SPORT CAB;[CLAMECA43T2XL] CLASICA SPORT CAB (2XL, Negro - Negro);CLAMECA43T2XL;CAB;Negro - Negro;2XL;CERRO VERDE;1
2026;FEBRERO;CLASICA SPORT CAB;[CLAMECA16TS] CLASICA SPORT CAB (S, Blanco - New White);CLAMECA16TS;CAB;Blanco - New White;S;SAMBIL VALENCIA;1
2026;FEBRERO;CLÁSICA SPORT DAMA;[CLAMEDA43TS] CLÁSICA SPORT DAMA (Negro - Negro, S);CLAMEDA43TS;DAMA;Negro - Negro;S;GRAND PLAZ;1
2026;FEBRERO;CLASICA SPORT CAB;[CLAMECA13TL] CLASICA SPORT CAB (L, Azul Mazari - Azul Mazari);CLAMECA13TL;CAB;Azul Mazari - Azul Mazari;L;GRAND PLAZ;1
2026;FEBRERO;CLASICA SPORT KIDS;[CLAMEKI66T14] CLASICA SPORT KIDS (14, Verde Militar - Verde Hoja);CLAMEKI66T14;KIDS;Verde Militar - Verde Hoja;14;GRIETA;-1
2026;FEBRERO;CLASICA SPORT CAB;[CLAMECA13TM] CLASICA SPORT CAB (M, Azul Mazari - Azul Mazari);CLAMECA13TM;CAB;Azul Mazari - Azul Mazari;M;SAMBIL CHACAO;1
2026;FEBRERO;CLASICA SPORT CAB;[CLAMECA30TS] CLASICA SPORT CAB (S, Gris Claro - Gris Ceniza);CLAMECA30TS;CAB;Gris Claro - Gris Ceniza;S;SAMBIL CHACAO;1
2026;FEBRERO;CLASICA SPORT KIDS;[CLAMEKI30T12] CLASICA SPORT KIDS (12, Gris Claro - Gris Ceniza);CLAMEKI30T12;KIDS;Gris Claro - Gris Ceniza;12;SAMBIL CHACAO;1
2026;FEBRERO;CLASICA SPORT CAB;[CLAMECA13TS] CLASICA SPORT CAB (S, Azul Mazari - Azul Mazari);CLAMECA13TS;CAB;Azul Mazari - Azul Mazari;S;CERRO VERDE;1
2026;FEBRERO;CLASICA SPORT CAB;[CLAMECA30TL] CLASICA SPORT CAB (L, Gris Claro - Gris Ceniza);CLAMECA30TL;CAB;Gris Claro - Gris Ceniza;L;CERRO VERDE;1
2026;FEBRERO;SABRI SPORT DAMA;[SABMEDA43TM] SABRI SPORT DAMA (M, Negro - 10);SABMEDA43TM;DAMA;Negro;M;CERRO VERDE;1
2026;FEBRERO;SABRI SPORT DAMA;[SABMEDA16TM] SABRI SPORT DAMA (M, Blanco - 1259j);SABMEDA16TM;DAMA;Blanco;M;CERRO VERDE;1
2026;FEBRERO;CLASICA SPORT KIDS;[CLAMEKI12T8] CLASICA SPORT KIDS (8, Azul Marino - Azul Cori);CLAMEKI12T8;KIDS;Azul Marino - Azul Cori;8;SAMBIL VALENCIA;1
2026;FEBRERO;CLASICA SPORT CAB;[CLAMECA30TS] CLASICA SPORT CAB (S, Gris Claro - Gris Ceniza);CLAMECA30TS;CAB;Gris Claro - Gris Ceniza;S;SAMBIL VALENCIA;1
2026;FEBRERO;CLASICA SPORT CAB;[CLAMECA16TS] CLASICA SPORT CAB (S, Blanco - New White);CLAMECA16TS;CAB;Blanco - New White;S;SAMBIL VALENCIA;1
2026;FEBRERO;CLASICA SPORT CAB;[CLAMECA16T2XL] CLASICA SPORT CAB (2XL, Blanco - New White);CLAMECA16T2XL;CAB;Blanco - New White;2XL;GRIETA;1
2026;FEBRERO;CLÁSICA SPORT DAMA;[CLAMEDA12TXS] CLÁSICA SPORT DAMA (Azul Marino - Azul Cori, XS);CLAMEDA12TXS;DAMA;Azul Marino - Azul Cori;XS;GRIETA;1
2026;FEBRERO;CLASICA SPORT CAB;[CLAMECA30TXL] CLASICA SPORT CAB (XL, Gris Claro - Gris Ceniza);CLAMECA30TXL;CAB;Gris Claro - Gris Ceniza;XL;CERRO VERDE;1
2026;FEBRERO;SABRI SPORT DAMA;[SABMEDA43TXS] SABRI SPORT DAMA (XS, Negro - 10);SABMEDA43TXS;DAMA;Negro;XS;SAMBIL VALENCIA;1
2026;FEBRERO;CLASICA SPORT CAB;[CLAMECA13TL] CLASICA SPORT CAB (L, Azul Mazari - Azul Mazari);CLAMECA13TL;CAB;Azul Mazari - Azul Mazari;L;SAMBIL VALENCIA;1
2026;FEBRERO;CLASICA SPORT CAB;[CLAMECA16TL] CLASICA SPORT CAB (L, Blanco - New White);CLAMECA16TL;CAB;Blanco - New White;L;GRIETA;1
2026;FEBRERO;CLASICA SPORT KIDS;[CLAMEKI43T8] CLASICA SPORT KIDS (8, Negro - Negro);CLAMEKI43T8;KIDS;Negro - Negro;8;SAMBIL CHACAO;1
2026;FEBRERO;CLASICA SPORT CAB;[CLAMECA43TXL] CLASICA SPORT CAB (XL, Negro - Negro);CLAMECA43TXL;CAB;Negro - Negro;XL;SAMBIL CHACAO;1
2026;FEBRERO;CLASICA SPORT CAB;[CLAMECA43TM] CLASICA SPORT CAB (M, Negro - Negro);CLAMECA43TM;CAB;Negro - Negro;M;SAMBIL CHACAO;1
2026;FEBRERO;SABRI SPORT DAMA;[SABMEDA66TS] SABRI SPORT DAMA (S, Verde Militar - 60620);SABMEDA66TS;DAMA;Verde Militar;S;GRIETA;1
2026;FEBRERO;SABRI SPORT DAMA;[SABMEDA12TXS] SABRI SPORT DAMA (XS, Azul Marino - Azul Marino);SABMEDA12TXS;DAMA;Azul Marino - Azul Marino;XS;GRIETA;1
2026;FEBRERO;CLASICA SPORT CAB;[CLAMECA30TL] CLASICA SPORT CAB (L, Gris Claro - Gris Ceniza);CLAMECA30TL;CAB;Gris Claro - Gris Ceniza;L;SAMBIL CHACAO;1
2026;FEBRERO;SABRI SPORT DAMA;[SABMEDA66TL] SABRI SPORT DAMA (L, Verde Militar - 60620);SABMEDA66TL;DAMA;Verde Militar;L;GRIETA;1
2026;FEBRERO;SABRI SPORT DAMA;[SABMEDA43TL] SABRI SPORT DAMA (L, Negro - 10);SABMEDA43TL;DAMA;Negro;L;GRIETA;1
2026;FEBRERO;CLASICA SPORT CAB;[CLAMECA30TL] CLASICA SPORT CAB (L, Gris Claro - Gris Ceniza);CLAMECA30TL;CAB;Gris Claro - Gris Ceniza;L;GRIETA;1
2026;FEBRERO;SABRI SPORT DAMA;[SABMEDA43TXS] SABRI SPORT DAMA (XS, Negro - 10);SABMEDA43TXS;DAMA;Negro;XS;GRIETA;1
2026;FEBRERO;CLASICA SPORT CAB;[CLAMECA43TXL] CLASICA SPORT CAB (XL, Negro - Negro);CLAMECA43TXL;CAB;Negro - Negro;XL;CERRO VERDE;1
2026;FEBRERO;CLASICA SPORT KIDS;[CLAMEKI12T6] CLASICA SPORT KIDS (6, Azul Marino - Azul Cori);CLAMEKI12T6;KIDS;Azul Marino - Azul Cori;6;SAMBIL VALENCIA;1
2026;FEBRERO;SABRI SPORT DAMA;[SABMEDA16TM] SABRI SPORT DAMA (M, Blanco - 1259j);SABMEDA16TM;DAMA;Blanco;M;SAMBIL VALENCIA;1
2026;FEBRERO;SABRI SPORT DAMA;[SABMEDA16TXS] SABRI SPORT DAMA (XS, Blanco - 1259j);SABMEDA16TXS;DAMA;Blanco;XS;GRIETA;1
2026;FEBRERO;CLÁSICA SPORT DAMA;[CLAMEDA30TS] CLÁSICA SPORT DAMA (Gris Claro - Gris Ceniza, S);CLAMEDA30TS;DAMA;Gris Claro - Gris Ceniza;S;SAMBIL VALENCIA;1
2026;FEBRERO;SABRI SPORT DAMA;[SABMEDA12TM] SABRI SPORT DAMA (M, Azul Marino - Azul Marino);SABMEDA12TM;DAMA;Azul Marino - Azul Marino;M;CERRO VERDE;1
2026;FEBRERO;SABRI SPORT DAMA;[SABMEDA13TM] SABRI SPORT DAMA (M, Azul Rey - 50122);SABMEDA13TM;DAMA;Azul Rey;M;CERRO VERDE;1
2026;FEBRERO;SABRI SPORT DAMA;[SABMEDA51TXS] SABRI SPORT DAMA (XS, Rosa Seca);SABMEDA51TXS;DAMA;Rosa Seca;XS;CERRO VERDE;1
2026;FEBRERO;CLASICA SPORT KIDS;[CLAMEKI66T14] CLASICA SPORT KIDS (14, Verde Militar - Verde Hoja);CLAMEKI66T14;KIDS;Verde Militar - Verde Hoja;14;GRIETA;1
2026;FEBRERO;SABRI SPORT DAMA;[SABMEDA16TL] SABRI SPORT DAMA (L, Blanco - 1259j);SABMEDA16TL;DAMA;Blanco;L;GRIETA;1
2026;FEBRERO;SABRI SPORT DAMA;[SABMEDA16TXS] SABRI SPORT DAMA (XS, Blanco - 1259j);SABMEDA16TXS;DAMA;Blanco;XS;SAMBIL VALENCIA;1
2026;FEBRERO;SABRI SPORT DAMA;[SABMEDA43TXS] SABRI SPORT DAMA (XS, Negro - 10);SABMEDA43TXS;DAMA;Negro;XS;SAMBIL VALENCIA;1
2026;FEBRERO;SABRI SPORT DAMA;[SABMEDA16TXS] SABRI SPORT DAMA (XS, Blanco - 1259j);SABMEDA16TXS;DAMA;Blanco;XS;SAMBIL VALENCIA;1
2026;FEBRERO;CLASICA SPORT CAB;[CLAMECA43TXL] CLASICA SPORT CAB (XL, Negro - Negro);CLAMECA43TXL;CAB;Negro - Negro;XL;SAMBIL CHACAO;1
2026;FEBRERO;CLASICA SPORT KIDS;[CLAMEKI30T10] CLASICA SPORT KIDS (10, Gris Claro - Gris Ceniza);CLAMEKI30T10;KIDS;Gris Claro - Gris Ceniza;10;SAMBIL VALENCIA;1
2026;FEBRERO;SABRI SPORT DAMA;[SABMEDA43TXS] SABRI SPORT DAMA (XS, Negro - 10);SABMEDA43TXS;DAMA;Negro;XS;SAMBIL VALENCIA;1
2026;FEBRERO;SABRI SPORT DAMA;[SABMEDA66TS] SABRI SPORT DAMA (S, Verde Militar - 60620);SABMEDA66TS;DAMA;Verde Militar;S;CERRO VERDE;1
2026;FEBRERO;SABRI SPORT DAMA;[SABMEDA12TM] SABRI SPORT DAMA (M, Azul Marino - Azul Marino);SABMEDA12TM;DAMA;Azul Marino - Azul Marino;M;CERRO VERDE;1
2026;FEBRERO;CLASICA SPORT KIDS;[CLAMEKI12T12] CLASICA SPORT KIDS (12, Azul Marino - Azul Cori);CLAMEKI12T12;KIDS;Azul Marino - Azul Cori;12;GRIETA;1
2026;FEBRERO;CLASICA SPORT CAB;[CLAMECA12T2XL] CLASICA SPORT CAB (2XL, Azul Marino - Azul Cori);CLAMECA12T2XL;CAB;Azul Marino - Azul Cori;2XL;SAMBIL CHACAO;1
2026;FEBRERO;CLASICA SPORT CAB;[CLAMECA43TXL] CLASICA SPORT CAB (XL, Negro - Negro);CLAMECA43TXL;CAB;Negro - Negro;XL;SAMBIL CHACAO;1
2026;FEBRERO;SABRI SPORT DAMA;[SABMEDA30TS] SABRI SPORT DAMA (S, Gris Claro - 9734);SABMEDA30TS;DAMA;Gris Claro;S;CERRO VERDE;1
2026;FEBRERO;CLASICA SPORT CAB;[CLAMECA30TM] CLASICA SPORT CAB (M, Gris Claro - Gris Ceniza);CLAMECA30TM;CAB;Gris Claro - Gris Ceniza;M;SAMBIL VALENCIA;1
2026;FEBRERO;SABRI SPORT DAMA;[SABMEDA16TL] SABRI SPORT DAMA (L, Blanco - 1259j);SABMEDA16TL;DAMA;Blanco;L;CERRO VERDE;1
2026;FEBRERO;CLASICA SPORT CAB;[CLAMECA16TXL] CLASICA SPORT CAB (XL, Blanco - New White);CLAMECA16TXL;CAB;Blanco - New White;XL;GRIETA;1
2026;FEBRERO;CLASICA SPORT CAB;[CLAMECA16TXL] CLASICA SPORT CAB (XL, Blanco - New White);CLAMECA16TXL;CAB;Blanco - New White;XL;SAMBIL CHACAO;1
2026;FEBRERO;CLASICA SPORT KIDS;[CLAMEKI12T12] CLASICA SPORT KIDS (12, Azul Marino - Azul Cori);CLAMEKI12T12;KIDS;Azul Marino - Azul Cori;12;SAMBIL CHACAO;1
2026;FEBRERO;CLASICA SPORT KIDS;[CLAMEKI43T6] CLASICA SPORT KIDS (6, Negro - Negro);CLAMEKI43T6;KIDS;Negro - Negro;6;SAMBIL VALENCIA;1
2026;FEBRERO;CLASICA SPORT CAB;[CLAMECA30T2XL] CLASICA SPORT CAB (2XL, Gris Claro - Gris Ceniza);CLAMECA30T2XL;CAB;Gris Claro - Gris Ceniza;2XL;GRIETA;1
2026;FEBRERO;CLASICA SPORT CAB;[CLAMECA30TM] CLASICA SPORT CAB (M, Gris Claro - Gris Ceniza);CLAMECA30TM;CAB;Gris Claro - Gris Ceniza;M;SAMBIL CHACAO;1
2026;FEBRERO;CLASICA SPORT CAB;[CLAMECA16TXL] CLASICA SPORT CAB (XL, Blanco - New White);CLAMECA16TXL;CAB;Blanco - New White;XL;SAMBIL VALENCIA;1
2026;FEBRERO;CLASICA SPORT CAB;[CLAMECA30TXL] CLASICA SPORT CAB (XL, Gris Claro - Gris Ceniza);CLAMECA30TXL;CAB;Gris Claro - Gris Ceniza;XL;SAMBIL VALENCIA;1
2026;FEBRERO;CLASICA SPORT KIDS;[CLAMEKI12T12] CLASICA SPORT KIDS (12, Azul Marino - Azul Cori);CLAMEKI12T12;KIDS;Azul Marino - Azul Cori;12;GRIETA;1
2026;FEBRERO;CLASICA SPORT CAB;[CLAMECA43TL] CLASICA SPORT CAB (L, Negro - Negro);CLAMECA43TL;CAB;Negro - Negro;L;CERRO VERDE;1
2026;FEBRERO;CLASICA SPORT KIDS;[CLAMEKI12T12] CLASICA SPORT KIDS (12, Azul Marino - Azul Cori);CLAMEKI12T12;KIDS;Azul Marino - Azul Cori;12;SAMBIL VALENCIA;1
2026;FEBRERO;CLÁSICA SPORT DAMA;[CLAMEDA30TL] CLÁSICA SPORT DAMA (Gris Claro - Gris Ceniza, L);CLAMEDA30TL;DAMA;Gris Claro - Gris Ceniza;L;GRIETA;1
2026;MARZO;CLASICA SPORT KIDS;[CLAMEKI30T10] CLASICA SPORT KIDS (10, Gris Claro - Gris Ceniza);CLAMEKI30T10;KIDS;Gris Claro - Gris Ceniza;10;GRIETA;1
2026;MARZO;SABRI SPORT DAMA;[SABMEDA12TM] SABRI SPORT DAMA (M, Azul Marino - Azul Marino);SABMEDA12TM;DAMA;Azul Marino - Azul Marino;M;SAMBIL CHACAO;1
2026;MARZO;CLÁSICA SPORT DAMA;[CLAMEDA16TS] CLÁSICA SPORT DAMA (Blanco - New White, S);CLAMEDA16TS;DAMA;Blanco - New White;S;WEB;1
2026;MARZO;CLÁSICA SPORT DAMA;[CLAMEDA16TXS] CLÁSICA SPORT DAMA (Blanco - New White, XS);CLAMEDA16TXS;DAMA;Blanco - New White;XS;WEB;1
2026;MARZO;CLASICA SPORT CAB;[CLAMECA16T2XL] CLASICA SPORT CAB (2XL, Blanco - New White);CLAMECA16T2XL;CAB;Blanco - New White;2XL;SAMBIL VALENCIA;1
2026;MARZO;SABRI SPORT DAMA;[SABMEDA16TL] SABRI SPORT DAMA (L, Blanco - 1259j);SABMEDA16TL;DAMA;Blanco;L;GRIETA;1
2026;MARZO;SABRI SPORT DAMA;[SABMEDA16TXS] SABRI SPORT DAMA (XS, Blanco - 1259j);SABMEDA16TXS;DAMA;Blanco;XS;GRIETA;1
2026;MARZO;SABRI SPORT DAMA;[SABMEDA12TM] SABRI SPORT DAMA (M, Azul Marino - Azul Marino);SABMEDA12TM;DAMA;Azul Marino - Azul Marino;M;SAMBIL VALENCIA;1
2026;MARZO;SABRI SPORT DAMA;[SABMEDA43TS] SABRI SPORT DAMA (S, Negro - 10);SABMEDA43TS;DAMA;Negro;S;SAMBIL VALENCIA;1
2026;MARZO;CLASICA SPORT CAB;[CLAMECA13TL] CLASICA SPORT CAB (L, Azul Mazari - Azul Mazari);CLAMECA13TL;CAB;Azul Mazari - Azul Mazari;L;CERRO VERDE;1
2026;MARZO;MAFE SPORT DAMA;[MAFMEDA63TXL] MAFE SPORT DAMA (Verde Agua - Azul Óleo, XL);MAFMEDA63TXL;DAMA;Verde Agua - Azul Óleo;XL;GRAND PLAZ;1
2026;MARZO;CLASICA SPORT CAB;[CLAMECA16T2XL] CLASICA SPORT CAB (2XL, Blanco - New White);CLAMECA16T2XL;CAB;Blanco - New White;2XL;SAMBIL VALENCIA;1
2026;MARZO;SABRI SPORT DAMA;[SABMEDA16TM] SABRI SPORT DAMA (M, Blanco - 1259j);SABMEDA16TM;DAMA;Blanco;M;WEB;2
2026;MARZO;CLÁSICA SPORT DAMA;[CLAMEDA12TS] CLÁSICA SPORT DAMA (Azul Marino - Azul Cori, S);CLAMEDA12TS;DAMA;Azul Marino - Azul Cori;S;SAMBIL VALENCIA;1
2026;MARZO;SABRI SPORT DAMA;[SABMEDA16TM] SABRI SPORT DAMA (M, Blanco - 1259j);SABMEDA16TM;DAMA;Blanco;M;SAMBIL CHACAO;1
2026;MARZO;CLASICA SPORT CAB;[CLAMECA16TM] CLASICA SPORT CAB (M, Blanco - New White);CLAMECA16TM;CAB;Blanco - New White;M;CERRO VERDE;1
2026;MARZO;CLÁSICA SPORT DAMA;[CLAMEDA66TS] CLÁSICA SPORT DAMA (Verde Militar - Verde Hoja, S);CLAMEDA66TS;DAMA;Verde Militar - Verde Hoja;S;SAMBIL VALENCIA;1
2026;MARZO;CLASICA SPORT CAB;[CLAMECA43TL] CLASICA SPORT CAB (L, Negro - Negro);CLAMECA43TL;CAB;Negro - Negro;L;SAMBIL CHACAO;1
2026;MARZO;CLASICA SPORT CAB;[CLAMECA43TL] CLASICA SPORT CAB (L, Negro - Negro);CLAMECA43TL;CAB;Negro - Negro;L;SAMBIL CHACAO;1
2026;MARZO;CLASICA SPORT CAB;[CLAMECA30TL] CLASICA SPORT CAB (L, Gris Claro - Gris Ceniza);CLAMECA30TL;CAB;Gris Claro - Gris Ceniza;L;SAMBIL CHACAO;1
2026;MARZO;CLASICA SPORT CAB;[CLAMECA43TM] CLASICA SPORT CAB (M, Negro - Negro);CLAMECA43TM;CAB;Negro - Negro;M;GRIETA;1
2026;MARZO;SABRI SPORT DAMA;[SABMEDA13TXS] SABRI SPORT DAMA (XS, Azul Rey - 50122);SABMEDA13TXS;DAMA;Azul Rey;XS;SAMBIL VALENCIA;1
2026;MARZO;SABRI SPORT DAMA;[SABMEDA12TXS] SABRI SPORT DAMA (XS, Azul Marino - Azul Marino);SABMEDA12TXS;DAMA;Azul Marino - Azul Marino;XS;SAMBIL VALENCIA;1
2026;MARZO;CLASICA SPORT CAB;[CLAMECA12T2XL] CLASICA SPORT CAB (2XL, Azul Marino - Azul Cori);CLAMECA12T2XL;CAB;Azul Marino - Azul Cori;2XL;SAMBIL CHACAO;1
2026;MARZO;CLASICA SPORT CAB;[CLAMECA43TM] CLASICA SPORT CAB (M, Negro - Negro);CLAMECA43TM;CAB;Negro - Negro;M;CERRO VERDE;1
2026;MARZO;CLASICA SPORT CAB;[CLAMECA16TS] CLASICA SPORT CAB (S, Blanco - New White);CLAMECA16TS;CAB;Blanco - New White;S;SAMBIL VALENCIA;1
2026;MARZO;SABRI SPORT DAMA;[SABMEDA16TS] SABRI SPORT DAMA (S, Blanco - 1259j);SABMEDA16TS;DAMA;Blanco;S;CERRO VERDE;1
2026;MARZO;SABRI SPORT DAMA;[SABMEDA66TL] SABRI SPORT DAMA (L, Verde Militar - 60620);SABMEDA66TL;DAMA;Verde Militar;L;SAMBIL CHACAO;1
2026;MARZO;CLASICA SPORT CAB;[CLAMECA43TS] CLASICA SPORT CAB (S, Negro - Negro);CLAMECA43TS;CAB;Negro - Negro;S;SAMBIL VALENCIA;1
2026;MARZO;CLASICA SPORT CAB;[CLAMECA16TS] CLASICA SPORT CAB (S, Blanco - New White);CLAMECA16TS;CAB;Blanco - New White;S;SAMBIL VALENCIA;1
2026;MARZO;CLASICA SPORT CAB;[CLAMECA16TS] CLASICA SPORT CAB (S, Blanco - New White);CLAMECA16TS;CAB;Blanco - New White;S;WEB;1
2026;MARZO;CLASICA SPORT CAB;[CLAMECA16TL] CLASICA SPORT CAB (L, Blanco - New White);CLAMECA16TL;CAB;Blanco - New White;L;GRIETA;1
2026;MARZO;CLASICA SPORT CAB;[CLAMECA30TM] CLASICA SPORT CAB (M, Gris Claro - Gris Ceniza);CLAMECA30TM;CAB;Gris Claro - Gris Ceniza;M;GRIETA;1
2026;MARZO;CLASICA SPORT KIDS;[CLAMEKI66T6] CLASICA SPORT KIDS (6, Verde Militar - Verde Hoja);CLAMEKI66T6;KIDS;Verde Militar - Verde Hoja;6;GRIETA;1
2026;MARZO;CLASICA SPORT CAB;[CLAMECA16TM] CLASICA SPORT CAB (M, Blanco - New White);CLAMECA16TM;CAB;Blanco - New White;M;WEB;1
2026;MARZO;CLASICA SPORT KIDS;[CLAMEKI30T8] CLASICA SPORT KIDS (8, Gris Claro - Gris Ceniza);CLAMEKI30T8;KIDS;Gris Claro - Gris Ceniza;8;SAMBIL VALENCIA;1
2026;MARZO;CLASICA SPORT CAB;[CLAMECA43TM] CLASICA SPORT CAB (M, Negro - Negro);CLAMECA43TM;CAB;Negro - Negro;M;CERRO VERDE;1
2026;MARZO;SABRI SPORT DAMA;[SABMEDA16TXL] SABRI SPORT DAMA (XL, Blanco - 1259j);SABMEDA16TXL;DAMA;Blanco;XL;GRIETA;1
2026;MARZO;SABRI SPORT DAMA;[SABMEDA43TL] SABRI SPORT DAMA (L, Negro - 10);SABMEDA43TL;DAMA;Negro;L;CERRO VERDE;1
2026;MARZO;SABRI SPORT DAMA;[SABMEDA30TL] SABRI SPORT DAMA (L, Gris Claro - 9734);SABMEDA30TL;DAMA;Gris Claro;L;CERRO VERDE;1
2026;MARZO;CLASICA SPORT CAB;[CLAMECA30TS] CLASICA SPORT CAB (S, Gris Claro - Gris Ceniza);CLAMECA30TS;CAB;Gris Claro - Gris Ceniza;S;CERRO VERDE;1
2026;MARZO;CLASICA SPORT CAB;[CLAMECA43TS] CLASICA SPORT CAB (S, Negro - Negro);CLAMECA43TS;CAB;Negro - Negro;S;CERRO VERDE;1
2026;MARZO;CLASICA SPORT CAB;[CLAMECA43TS] CLASICA SPORT CAB (S, Negro - Negro);CLAMECA43TS;CAB;Negro - Negro;S;SAMBIL CHACAO;1
2026;MARZO;CLASICA SPORT CAB;[CLAMECA30TS] CLASICA SPORT CAB (S, Gris Claro - Gris Ceniza);CLAMECA30TS;CAB;Gris Claro - Gris Ceniza;S;SAMBIL CHACAO;1
2026;MARZO;CLASICA SPORT CAB;[CLAMECA30TM] CLASICA SPORT CAB (M, Gris Claro - Gris Ceniza);CLAMECA30TM;CAB;Gris Claro - Gris Ceniza;M;SAMBIL CHACAO;1
2026;MARZO;CLASICA SPORT CAB;[CLAMECA16TM] CLASICA SPORT CAB (M, Blanco - New White);CLAMECA16TM;CAB;Blanco - New White;M;SAMBIL CHACAO;1
2026;MARZO;CLASICA SPORT CAB;[CLAMECA16TM] CLASICA SPORT CAB (M, Blanco - New White);CLAMECA16TM;CAB;Blanco - New White;M;GRIETA;1
2026;MARZO;CLASICA SPORT CAB;[CLAMECA16TL] CLASICA SPORT CAB (L, Blanco - New White);CLAMECA16TL;CAB;Blanco - New White;L;GRIETA;1
2026;MARZO;CLASICA SPORT CAB;[CLAMECA16TL] CLASICA SPORT CAB (L, Blanco - New White);CLAMECA16TL;CAB;Blanco - New White;L;WEB;1
2026;MARZO;SABRI SPORT DAMA;[SABMEDA16TXS] SABRI SPORT DAMA (XS, Blanco - 1259j);SABMEDA16TXS;DAMA;Blanco;XS;GRIETA;1
2026;MARZO;CLASICA SPORT KIDS;[CLAMEKI30T14] CLASICA SPORT KIDS (14, Gris Claro - Gris Ceniza);CLAMEKI30T14;KIDS;Gris Claro - Gris Ceniza;14;SAMBIL CHACAO;1
2026;MARZO;CLASICA SPORT KIDS;[CLAMEKI66T8] CLASICA SPORT KIDS (8, Verde Militar - Verde Hoja);CLAMEKI66T8;KIDS;Verde Militar - Verde Hoja;8;SAMBIL VALENCIA;1
2026;MARZO;CLASICA SPORT KIDS;[CLAMEKI30T8] CLASICA SPORT KIDS (8, Gris Claro - Gris Ceniza);CLAMEKI30T8;KIDS;Gris Claro - Gris Ceniza;8;CERRO VERDE;1
2026;MARZO;CLASICA SPORT CAB;[CLAMECA16TL] CLASICA SPORT CAB (L, Blanco - New White);CLAMECA16TL;CAB;Blanco - New White;L;SAMBIL VALENCIA;1
2026;MARZO;CLASICA SPORT CAB;[CLAMECA30TS] CLASICA SPORT CAB (S, Gris Claro - Gris Ceniza);CLAMECA30TS;CAB;Gris Claro - Gris Ceniza;S;GRIETA;1
2026;MARZO;SABRI SPORT DAMA;[SABMEDA12TM] SABRI SPORT DAMA (M, Azul Marino - Azul Marino);SABMEDA12TM;DAMA;Azul Marino - Azul Marino;M;CERRO VERDE;1
2026;MARZO;CLASICA SPORT CAB;[CLAMECA43TXL] CLASICA SPORT CAB (XL, Negro - Negro);CLAMECA43TXL;CAB;Negro - Negro;XL;SAMBIL VALENCIA;1
2026;MARZO;CLASICA SPORT KIDS;[CLAMEKI12T14] CLASICA SPORT KIDS (14, Azul Marino - Azul Cori);CLAMEKI12T14;KIDS;Azul Marino - Azul Cori;14;CERRO VERDE;1
2026;MARZO;CLÁSICA SPORT DAMA;[CLAMEDA16TM] CLÁSICA SPORT DAMA (Blanco - New White, M);CLAMEDA16TM;DAMA;Blanco - New White;M;WEB;1
2026;MARZO;CLASICA SPORT CAB;[CLAMECA43TS] CLASICA SPORT CAB (S, Negro - Negro);CLAMECA43TS;CAB;Negro - Negro;S;CERRO VERDE;1
2026;MARZO;CLASICA SPORT CAB;[CLAMECA30TS] CLASICA SPORT CAB (S, Gris Claro - Gris Ceniza);CLAMECA30TS;CAB;Gris Claro - Gris Ceniza;S;SAMBIL CHACAO;1
2026;MARZO;CLASICA SPORT CAB;[CLAMECA66TS] CLASICA SPORT CAB (S, Verde Militar - Verde Hoja);CLAMECA66TS;CAB;Verde Militar - Verde Hoja;S;SAMBIL CHACAO;1
2026;MARZO;CLASICA SPORT CAB;[CLAMECA13TS] CLASICA SPORT CAB (S, Azul Mazari - Azul Mazari);CLAMECA13TS;CAB;Azul Mazari - Azul Mazari;S;SAMBIL CHACAO;1
2026;MARZO;CLASICA SPORT CAB;[CLAMECA43TL] CLASICA SPORT CAB (L, Negro - Negro);CLAMECA43TL;CAB;Negro - Negro;L;SAMBIL CHACAO;1
2026;MARZO;CLASICA SPORT CAB;[CLAMECA43TM] CLASICA SPORT CAB (M, Negro - Negro);CLAMECA43TM;CAB;Negro - Negro;M;CERRO VERDE;1
2026;MARZO;CLASICA SPORT KIDS;[CLAMEKI30T14] CLASICA SPORT KIDS (14, Gris Claro - Gris Ceniza);CLAMEKI30T14;KIDS;Gris Claro - Gris Ceniza;14;SAMBIL VALENCIA;1
2026;MARZO;CLASICA SPORT CAB;[CLAMECA43TL] CLASICA SPORT CAB (L, Negro - Negro);CLAMECA43TL;CAB;Negro - Negro;L;GRIETA;1
2026;MARZO;CLÁSICA SPORT DAMA;[CLAMEDA66TXS] CLÁSICA SPORT DAMA (Verde Militar - Verde Hoja, XS);CLAMEDA66TXS;DAMA;Verde Militar - Verde Hoja;XS;SAMBIL VALENCIA;1
2026;MARZO;CLASICA SPORT CAB;[CLAMECA30TM] CLASICA SPORT CAB (M, Gris Claro - Gris Ceniza);CLAMECA30TM;CAB;Gris Claro - Gris Ceniza;M;CERRO VERDE;1
2026;MARZO;SABRI SPORT DAMA;[SABMEDA16TXL] SABRI SPORT DAMA (XL, Blanco - 1259j);SABMEDA16TXL;DAMA;Blanco;XL;SAMBIL VALENCIA;1
2026;MARZO;CLASICA SPORT CAB;[CLAMECA16TXL] CLASICA SPORT CAB (XL, Blanco - New White);CLAMECA16TXL;CAB;Blanco - New White;XL;SAMBIL VALENCIA;1
2026;MARZO;CLÁSICA SPORT DAMA;[CLAMEDA43TXS] CLÁSICA SPORT DAMA (Negro - Negro, XS);CLAMEDA43TXS;DAMA;Negro - Negro;XS;GRIETA;1
2026;MARZO;CLASICA SPORT KIDS;[CLAMEKI12T6] CLASICA SPORT KIDS (6, Azul Marino - Azul Cori);CLAMEKI12T6;KIDS;Azul Marino - Azul Cori;6;SAMBIL VALENCIA;1
2026;MARZO;CLASICA SPORT KIDS;[CLAMEKI43T6] CLASICA SPORT KIDS (6, Negro - Negro);CLAMEKI43T6;KIDS;Negro - Negro;6;SAMBIL VALENCIA;1
2026;MARZO;CLASICA SPORT KIDS;[CLAMEKI30T14] CLASICA SPORT KIDS (14, Gris Claro - Gris Ceniza);CLAMEKI30T14;KIDS;Gris Claro - Gris Ceniza;14;GRIETA;1
2026;MARZO;CLASICA SPORT KIDS;[CLAMEKI66T14] CLASICA SPORT KIDS (14, Verde Militar - Verde Hoja);CLAMEKI66T14;KIDS;Verde Militar - Verde Hoja;14;GRIETA;1
2026;MARZO;CLASICA SPORT KIDS;[CLAMEKI66T12] CLASICA SPORT KIDS (12, Verde Militar - Verde Hoja);CLAMEKI66T12;KIDS;Verde Militar - Verde Hoja;12;GRIETA;1
2026;MARZO;CLÁSICA SPORT DAMA;[CLAMEDA30TXS] CLÁSICA SPORT DAMA (Gris Claro - Gris Ceniza, XS);CLAMEDA30TXS;DAMA;Gris Claro - Gris Ceniza;XS;GRIETA;1
2026;MARZO;CLASICA SPORT CAB;[CLAMECA13TS] CLASICA SPORT CAB (S, Azul Mazari - Azul Mazari);CLAMECA13TS;CAB;Azul Mazari - Azul Mazari;S;GRIETA;1
2026;MARZO;CLASICA SPORT CAB;[CLAMECA16TL] CLASICA SPORT CAB (L, Blanco - New White);CLAMECA16TL;CAB;Blanco - New White;L;SAMBIL CHACAO;1
2026;MARZO;CLASICA SPORT CAB;[CLAMECA30TS] CLASICA SPORT CAB (S, Gris Claro - Gris Ceniza);CLAMECA30TS;CAB;Gris Claro - Gris Ceniza;S;SAMBIL VALENCIA;1
2026;MARZO;CLÁSICA SPORT DAMA;[CLAMEDA30TL] CLÁSICA SPORT DAMA (Gris Claro - Gris Ceniza, L);CLAMEDA30TL;DAMA;Gris Claro - Gris Ceniza;L;SAMBIL VALENCIA;1
2026;MARZO;CLÁSICA SPORT DAMA;[CLAMEDA16TXL] CLÁSICA SPORT DAMA (Blanco - New White, XL);CLAMEDA16TXL;DAMA;Blanco - New White;XL;GRIETA;1
2026;MARZO;SABRI SPORT DAMA;[SABMEDA12TM] SABRI SPORT DAMA (M, Azul Marino - Azul Marino);SABMEDA12TM;DAMA;Azul Marino - Azul Marino;M;CERRO VERDE;1
2026;MARZO;CLASICA SPORT KIDS;[CLAMEKI16T6] CLASICA SPORT KIDS (6, Blanco - New White);CLAMEKI16T6;KIDS;Blanco - New White;6;GRIETA;1
2026;MARZO;CLÁSICA SPORT DAMA;[CLAMEDA12TS] CLÁSICA SPORT DAMA (Azul Marino - Azul Cori, S);CLAMEDA12TS;DAMA;Azul Marino - Azul Cori;S;GRIETA;1
2026;MARZO;CLASICA SPORT KIDS;[CLAMEKI12T8] CLASICA SPORT KIDS (8, Azul Marino - Azul Cori);CLAMEKI12T8;KIDS;Azul Marino - Azul Cori;8;GRIETA;1
2026;MARZO;CLASICA SPORT CAB;[CLAMECA43TM] CLASICA SPORT CAB (M, Negro - Negro);CLAMECA43TM;CAB;Negro - Negro;M;SAMBIL CHACAO;1
2026;MARZO;CLASICA SPORT CAB;[CLAMECA43TXL] CLASICA SPORT CAB (XL, Negro - Negro);CLAMECA43TXL;CAB;Negro - Negro;XL;SAMBIL CHACAO;1
2026;ABRIL;SABRI SPORT DAMA;[SABMEDA16TL] SABRI SPORT DAMA (L, Blanco - 1259j);SABMEDA16TL;DAMA;Blanco;L;SAMBIL VALENCIA;1
2026;ABRIL;SABRI SPORT DAMA;[SABMEDA30TM] SABRI SPORT DAMA (M, Gris Claro - 9734);SABMEDA30TM;DAMA;Gris Claro;M;SAMBIL VALENCIA;1
2026;ABRIL;CLASICA SPORT CAB;[CLAMECA43TM] CLASICA SPORT CAB (M, Negro - Negro);CLAMECA43TM;CAB;Negro - Negro;M;SAMBIL CHACAO;1
2026;ABRIL;CLASICA SPORT CAB;[CLAMECA43TL] CLASICA SPORT CAB (L, Negro - Negro);CLAMECA43TL;CAB;Negro - Negro;L;SAMBIL CHACAO;1
2026;ABRIL;CLASICA SPORT CAB;[CLAMECA43TXL] CLASICA SPORT CAB (XL, Negro - Negro);CLAMECA43TXL;CAB;Negro - Negro;XL;SAMBIL CHACAO;-1
2026;ABRIL;CLASICA SPORT CAB;[CLAMECA43T2XL] CLASICA SPORT CAB (2XL, Negro - Negro);CLAMECA43T2XL;CAB;Negro - Negro;2XL;SAMBIL CHACAO;1
2026;ABRIL;SABRI SPORT DAMA;[SABMEDA12TXS] SABRI SPORT DAMA (XS, Azul Marino - Azul Marino);SABMEDA12TXS;DAMA;Azul Marino - Azul Marino;XS;SAMBIL CHACAO;1
2026;ABRIL;SABRI SPORT DAMA;[SABMEDA66TXS] SABRI SPORT DAMA (XS, Verde Militar - 60620);SABMEDA66TXS;DAMA;Verde Militar;XS;SAMBIL CHACAO;1
2026;ABRIL;CLASICA SPORT KIDS;[CLAMEKI30T10] CLASICA SPORT KIDS (10, Gris Claro - Gris Ceniza);CLAMEKI30T10;KIDS;Gris Claro - Gris Ceniza;10;SAMBIL VALENCIA;1
2026;ABRIL;CLASICA SPORT CAB;[CLAMECA43TS] CLASICA SPORT CAB (S, Negro - Negro);CLAMECA43TS;CAB;Negro - Negro;S;CERRO VERDE;1
2026;ABRIL;CLASICA SPORT CAB;[CLAMECA16TXL] CLASICA SPORT CAB (XL, Blanco - New White);CLAMECA16TXL;CAB;Blanco - New White;XL;CERRO VERDE;1
2026;ABRIL;CLASICA SPORT CAB;[CLAMECA30TS] CLASICA SPORT CAB (S, Gris Claro - Gris Ceniza);CLAMECA30TS;CAB;Gris Claro - Gris Ceniza;S;GRIETA;1
2026;ABRIL;SABRI SPORT DAMA;[SABMEDA13TXS] SABRI SPORT DAMA (XS, Azul Rey - 50122);SABMEDA13TXS;DAMA;Azul Rey;XS;CERRO VERDE;1
2026;ABRIL;CLASICA SPORT KIDS;[CLAMEKI43T8] CLASICA SPORT KIDS (8, Negro - Negro);CLAMEKI43T8;KIDS;Negro - Negro;8;GRIETA;1
2026;ABRIL;CLÁSICA SPORT DAMA;[CLAMEDA66TL] CLÁSICA SPORT DAMA (Verde Militar - Verde Hoja, L);CLAMEDA66TL;DAMA;Verde Militar - Verde Hoja;L;CERRO VERDE;1
2026;ABRIL;CLASICA SPORT CAB;[CLAMECA43TM] CLASICA SPORT CAB (M, Negro - Negro);CLAMECA43TM;CAB;Negro - Negro;M;GRIETA;1
2026;ABRIL;CLASICA SPORT CAB;[CLAMECA43TXL] CLASICA SPORT CAB (XL, Negro - Negro);CLAMECA43TXL;CAB;Negro - Negro;XL;GRIETA;1
2026;ABRIL;CLASICA SPORT KIDS;[CLAMEKI66T14] CLASICA SPORT KIDS (14, Verde Militar - Verde Hoja);CLAMEKI66T14;KIDS;Verde Militar - Verde Hoja;14;CERRO VERDE;1
2026;ABRIL;CLASICA SPORT CAB;[CLAMECA30TM] CLASICA SPORT CAB (M, Gris Claro - Gris Ceniza);CLAMECA30TM;CAB;Gris Claro - Gris Ceniza;M;GRIETA;1
2026;ABRIL;CLASICA SPORT CAB;[CLAMECA43TXL] CLASICA SPORT CAB (XL, Negro - Negro);CLAMECA43TXL;CAB;Negro - Negro;XL;SAMBIL CHACAO;1
2026;ABRIL;CLASICA SPORT CAB;[CLAMECA43TM] CLASICA SPORT CAB (M, Negro - Negro);CLAMECA43TM;CAB;Negro - Negro;M;SAMBIL VALENCIA;1
2026;ABRIL;CLASICA SPORT KIDS;[CLAMEKI43T10] CLASICA SPORT KIDS (10, Negro - Negro);CLAMEKI43T10;KIDS;Negro - Negro;10;GRIETA;1
2026;ABRIL;CLASICA SPORT KIDS;[CLAMEKI66T12] CLASICA SPORT KIDS (12, Verde Militar - Verde Hoja);CLAMEKI66T12;KIDS;Verde Militar - Verde Hoja;12;SAMBIL VALENCIA;1
2026;ABRIL;SABRI SPORT DAMA;[SABMEDA43TXS] SABRI SPORT DAMA (XS, Negro - 10);SABMEDA43TXS;DAMA;Negro;XS;SAMBIL VALENCIA;1
2026;ABRIL;CLÁSICA SPORT DAMA;[CLAMEDA30TS] CLÁSICA SPORT DAMA (Gris Claro - Gris Ceniza, S);CLAMEDA30TS;DAMA;Gris Claro - Gris Ceniza;S;SAMBIL VALENCIA;1
2026;ABRIL;CLASICA SPORT CAB;[CLAMECA30T2XL] CLASICA SPORT CAB (2XL, Gris Claro - Gris Ceniza);CLAMECA30T2XL;CAB;Gris Claro - Gris Ceniza;2XL;SAMBIL VALENCIA;1
2026;ABRIL;CLASICA SPORT CAB;[CLAMECA16T2XL] CLASICA SPORT CAB (2XL, Blanco - New White);CLAMECA16T2XL;CAB;Blanco - New White;2XL;SAMBIL VALENCIA;1
2026;ABRIL;CLASICA SPORT CAB;[CLAMECA13TS] CLASICA SPORT CAB (S, Azul Mazari - Azul Mazari);CLAMECA13TS;CAB;Azul Mazari - Azul Mazari;S;GRIETA;1
2026;ABRIL;CLÁSICA SPORT DAMA;[CLAMEDA30TXS] CLÁSICA SPORT DAMA (Gris Claro - Gris Ceniza, XS);CLAMEDA30TXS;DAMA;Gris Claro - Gris Ceniza;XS;GRIETA;1
2026;ABRIL;CLASICA SPORT CAB;[CLAMECA13TL] CLASICA SPORT CAB (L, Azul Mazari - Azul Mazari);CLAMECA13TL;CAB;Azul Mazari - Azul Mazari;L;SAMBIL VALENCIA;1
2026;ABRIL;CLASICA SPORT CAB;[CLAMECA12T2XL] CLASICA SPORT CAB (2XL, Azul Marino - Azul Cori);CLAMECA12T2XL;CAB;Azul Marino - Azul Cori;2XL;SAMBIL CHACAO;1
2026;ABRIL;CLASICA SPORT CAB;[CLAMECA43TL] CLASICA SPORT CAB (L, Negro - Negro);CLAMECA43TL;CAB;Negro - Negro;L;CERRO VERDE;1
2026;ABRIL;CLASICA SPORT CAB;[CLAMECA30TM] CLASICA SPORT CAB (M, Gris Claro - Gris Ceniza);CLAMECA30TM;CAB;Gris Claro - Gris Ceniza;M;PEDIDOS;1
2026;ABRIL;CLASICA SPORT CAB;[CLAMECA16TM] CLASICA SPORT CAB (M, Blanco - New White);CLAMECA16TM;CAB;Blanco - New White;M;PEDIDOS;1
2026;ABRIL;CLÁSICA SPORT DAMA;[CLAMEDA43TM] CLÁSICA SPORT DAMA (Negro - Negro, M);CLAMEDA43TM;DAMA;Negro - Negro;M;WEB;1
2026;ABRIL;CLÁSICA SPORT DAMA;[CLAMEDA30TL] CLÁSICA SPORT DAMA (Gris Claro - Gris Ceniza, L);CLAMEDA30TL;DAMA;Gris Claro - Gris Ceniza;L;GRIETA;1
2026;ABRIL;CLÁSICA SPORT DAMA;[CLAMEDA16TL] CLÁSICA SPORT DAMA (Blanco - New White, L);CLAMEDA16TL;DAMA;Blanco - New White;L;GRIETA;1
2026;ABRIL;CLÁSICA SPORT DAMA;[CLAMEDA66TL] CLÁSICA SPORT DAMA (Verde Militar - Verde Hoja, L);CLAMEDA66TL;DAMA;Verde Militar - Verde Hoja;L;GRIETA;1
2026;ABRIL;CLÁSICA SPORT DAMA;[CLAMEDA66TM] CLÁSICA SPORT DAMA (Verde Militar - Verde Hoja, M);CLAMEDA66TM;DAMA;Verde Militar - Verde Hoja;M;GRIETA;1
2026;ABRIL;CLÁSICA SPORT DAMA;[CLAMEDA16TXS] CLÁSICA SPORT DAMA (Blanco - New White, XS);CLAMEDA16TXS;DAMA;Blanco - New White;XS;SAMBIL CHACAO;1
2026;ABRIL;CLASICA SPORT CAB;[CLAMECA43TL] CLASICA SPORT CAB (L, Negro - Negro);CLAMECA43TL;CAB;Negro - Negro;L;GRIETA;1
2026;ABRIL;CLASICA SPORT CAB;[CLAMECA43TM] CLASICA SPORT CAB (M, Negro - Negro);CLAMECA43TM;CAB;Negro - Negro;M;GRIETA;2
2026;ABRIL;CLASICA SPORT CAB;[CLAMECA43TXL] CLASICA SPORT CAB (XL, Negro - Negro);CLAMECA43TXL;CAB;Negro - Negro;XL;GRIETA;1
2026;ABRIL;CLASICA SPORT CAB;[CLAMECA30TXL] CLASICA SPORT CAB (XL, Gris Claro - Gris Ceniza);CLAMECA30TXL;CAB;Gris Claro - Gris Ceniza;XL;GRIETA;1
2026;ABRIL;CLASICA SPORT CAB;[CLAMECA30TL] CLASICA SPORT CAB (L, Gris Claro - Gris Ceniza);CLAMECA30TL;CAB;Gris Claro - Gris Ceniza;L;GRIETA;1
2026;ABRIL;CLASICA SPORT CAB;[CLAMECA30TM] CLASICA SPORT CAB (M, Gris Claro - Gris Ceniza);CLAMECA30TM;CAB;Gris Claro - Gris Ceniza;M;GRIETA;2
2026;ABRIL;CLASICA SPORT CAB;[CLAMECA30TXL] CLASICA SPORT CAB (XL, Gris Claro - Gris Ceniza);CLAMECA30TXL;CAB;Gris Claro - Gris Ceniza;XL;SAMBIL CHACAO;1
2026;ABRIL;CLASICA SPORT KIDS;[CLAMEKI13T6] CLASICA SPORT KIDS (6, Azul Mazari - Azul Mazari);CLAMEKI13T6;KIDS;Azul Mazari - Azul Mazari;6;GRIETA;1
2026;ABRIL;CLASICA SPORT KIDS;[CLAMEKI66T6] CLASICA SPORT KIDS (6, Verde Militar - Verde Hoja);CLAMEKI66T6;KIDS;Verde Militar - Verde Hoja;6;GRIETA;1
2026;ABRIL;CLASICA SPORT CAB;[CLAMECA16TL] CLASICA SPORT CAB (L, Blanco - New White);CLAMECA16TL;CAB;Blanco - New White;L;SAMBIL VALENCIA;1
2026;ABRIL;CLASICA SPORT CAB;[CLAMECA30T2XL] CLASICA SPORT CAB (2XL, Gris Claro - Gris Ceniza);CLAMECA30T2XL;CAB;Gris Claro - Gris Ceniza;2XL;WEB;1
2026;ABRIL;CLASICA SPORT CAB;[CLAMECA16T2XL] CLASICA SPORT CAB (2XL, Blanco - New White);CLAMECA16T2XL;CAB;Blanco - New White;2XL;WEB;1
2026;ABRIL;CLÁSICA SPORT DAMA;[CLAMEDA30TS] CLÁSICA SPORT DAMA (Gris Claro - Gris Ceniza, S);CLAMEDA30TS;DAMA;Gris Claro - Gris Ceniza;S;SAMBIL VALENCIA;1
2026;ABRIL;CLASICA SPORT KIDS;[CLAMEKI30T10] CLASICA SPORT KIDS (10, Gris Claro - Gris Ceniza);CLAMEKI30T10;KIDS;Gris Claro - Gris Ceniza;10;GRIETA;1
2026;ABRIL;CLÁSICA SPORT DAMA;[CLAMEDA16TXS] CLÁSICA SPORT DAMA (Blanco - New White, XS);CLAMEDA16TXS;DAMA;Blanco - New White;XS;SAMBIL CHACAO;-1
2026;ABRIL;CLÁSICA SPORT DAMA;[CLAMEDA30TS] CLÁSICA SPORT DAMA (Gris Claro - Gris Ceniza, S);CLAMEDA30TS;DAMA;Gris Claro - Gris Ceniza;S;SAMBIL CHACAO;1
2026;ABRIL;SABRI SPORT DAMA;[SABMEDA43TS] SABRI SPORT DAMA (S, Negro - 10);SABMEDA43TS;DAMA;Negro;S;SAMBIL VALENCIA;1
2026;ABRIL;CLASICA SPORT CAB;[CLAMECA16TXL] CLASICA SPORT CAB (XL, Blanco - New White);CLAMECA16TXL;CAB;Blanco - New White;XL;SAMBIL VALENCIA;1
2026;ABRIL;CLASICA SPORT CAB;[CLAMECA43TXL] CLASICA SPORT CAB (XL, Negro - Negro);CLAMECA43TXL;CAB;Negro - Negro;XL;SAMBIL VALENCIA;1
2026;ABRIL;CLASICA SPORT CAB;[CLAMECA43TM] CLASICA SPORT CAB (M, Negro - Negro);CLAMECA43TM;CAB;Negro - Negro;M;GRIETA;1
2026;ABRIL;CLASICA SPORT CAB;[CLAMECA43TXL] CLASICA SPORT CAB (XL, Negro - Negro);CLAMECA43TXL;CAB;Negro - Negro;XL;SAMBIL VALENCIA;1
2026;ABRIL;CLASICA SPORT KIDS;[CLAMEKI16T6] CLASICA SPORT KIDS (6, Blanco - New White);CLAMEKI16T6;KIDS;Blanco - New White;6;CERRO VERDE;1
2026;ABRIL;CLASICA SPORT CAB;[CLAMECA16TL] CLASICA SPORT CAB (L, Blanco - New White);CLAMECA16TL;CAB;Blanco - New White;L;GRIETA;1
2026;ABRIL;CLASICA SPORT CAB;[CLAMECA16TS] CLASICA SPORT CAB (S, Blanco - New White);CLAMECA16TS;CAB;Blanco - New White;S;CERRO VERDE;1
2026;ABRIL;CLASICA SPORT CAB;[CLAMECA43TS] CLASICA SPORT CAB (S, Negro - Negro);CLAMECA43TS;CAB;Negro - Negro;S;GRIETA;1
2026;ABRIL;CLÁSICA SPORT DAMA;[CLAMEDA43TL] CLÁSICA SPORT DAMA (Negro - Negro, L);CLAMEDA43TL;DAMA;Negro - Negro;L;CERRO VERDE;1
2026;ABRIL;CLASICA SPORT KIDS;[CLAMEKI43T8] CLASICA SPORT KIDS (8, Negro - Negro);CLAMEKI43T8;KIDS;Negro - Negro;8;SAMBIL VALENCIA;1
2026;ABRIL;CLÁSICA SPORT DAMA;[CLAMEDA30TM] CLÁSICA SPORT DAMA (Gris Claro - Gris Ceniza, M);CLAMEDA30TM;DAMA;Gris Claro - Gris Ceniza;M;SAMBIL CHACAO;1
2026;ABRIL;CLÁSICA SPORT DAMA;[CLAMEDA66TM] CLÁSICA SPORT DAMA (Verde Militar - Verde Hoja, M);CLAMEDA66TM;DAMA;Verde Militar - Verde Hoja;M;CERRO VERDE;1
2026;ABRIL;SABRI SPORT DAMA;[SABMEDA16TM] SABRI SPORT DAMA (M, Blanco - 1259j);SABMEDA16TM;DAMA;Blanco;M;SAMBIL VALENCIA;1
2026;ABRIL;CLASICA SPORT CAB;[CLAMECA16TM] CLASICA SPORT CAB (M, Blanco - New White);CLAMECA16TM;CAB;Blanco - New White;M;PEDIDOS;1
2026;ABRIL;CLASICA SPORT KIDS;[CLAMEKI30T8] CLASICA SPORT KIDS (8, Gris Claro - Gris Ceniza);CLAMEKI30T8;KIDS;Gris Claro - Gris Ceniza;8;GRIETA;1
2026;ABRIL;CLASICA SPORT CAB;[CLAMECA66TS] CLASICA SPORT CAB (S, Verde Militar - Verde Hoja);CLAMECA66TS;CAB;Verde Militar - Verde Hoja;S;PEDIDOS;1
2026;ABRIL;CLASICA SPORT CAB;[CLAMECA43TS] CLASICA SPORT CAB (S, Negro - Negro);CLAMECA43TS;CAB;Negro - Negro;S;PEDIDOS;2
2026;ABRIL;CLASICA SPORT CAB;[CLAMECA30TS] CLASICA SPORT CAB (S, Gris Claro - Gris Ceniza);CLAMECA30TS;CAB;Gris Claro - Gris Ceniza;S;PEDIDOS;1
2026;ABRIL;CLÁSICA SPORT DAMA;[CLAMEDA16TL] CLÁSICA SPORT DAMA (Blanco - New White, L);CLAMEDA16TL;DAMA;Blanco - New White;L;GRIETA;1
2026;ABRIL;CLÁSICA SPORT DAMA;[CLAMEDA66TS] CLÁSICA SPORT DAMA (Verde Militar - Verde Hoja, S);CLAMEDA66TS;DAMA;Verde Militar - Verde Hoja;S;GRIETA;1
2026;ABRIL;CLÁSICA SPORT DAMA;[CLAMEDA30TXS] CLÁSICA SPORT DAMA (Gris Claro - Gris Ceniza, XS);CLAMEDA30TXS;DAMA;Gris Claro - Gris Ceniza;XS;PEDIDOS;1
2026;ABRIL;CLÁSICA SPORT DAMA;[CLAMEDA30TS] CLÁSICA SPORT DAMA (Gris Claro - Gris Ceniza, S);CLAMEDA30TS;DAMA;Gris Claro - Gris Ceniza;S;PEDIDOS;1
2026;ABRIL;CLASICA SPORT KIDS;[CLAMEKI30T14] CLASICA SPORT KIDS (14, Gris Claro - Gris Ceniza);CLAMEKI30T14;KIDS;Gris Claro - Gris Ceniza;14;PEDIDOS;1
2026;ABRIL;CLASICA SPORT CAB;[CLAMECA30TM] CLASICA SPORT CAB (M, Gris Claro - Gris Ceniza);CLAMECA30TM;CAB;Gris Claro - Gris Ceniza;M;PEDIDOS;1
2026;ABRIL;CLASICA SPORT KIDS;[CLAMEKI30T6] CLASICA SPORT KIDS (6, Gris Claro - Gris Ceniza);CLAMEKI30T6;KIDS;Gris Claro - Gris Ceniza;6;GRIETA;1
2026;ABRIL;CLÁSICA SPORT DAMA;[CLAMEDA30TXS] CLÁSICA SPORT DAMA (Gris Claro - Gris Ceniza, XS);CLAMEDA30TXS;DAMA;Gris Claro - Gris Ceniza;XS;PEDIDOS;1
2026;ABRIL;CLÁSICA SPORT DAMA;[CLAMEDA66TXS] CLÁSICA SPORT DAMA (Verde Militar - Verde Hoja, XS);CLAMEDA66TXS;DAMA;Verde Militar - Verde Hoja;XS;PEDIDOS;1
2026;ABRIL;CLÁSICA SPORT DAMA;[CLAMEDA43TXS] CLÁSICA SPORT DAMA (Negro - Negro, XS);CLAMEDA43TXS;DAMA;Negro - Negro;XS;PEDIDOS;2
2026;ABRIL;CLÁSICA SPORT DAMA;[CLAMEDA43TXS] CLÁSICA SPORT DAMA (Negro - Negro, XS);CLAMEDA43TXS;DAMA;Negro - Negro;XS;PEDIDOS;2
2026;ABRIL;CLÁSICA SPORT DAMA;[CLAMEDA30TXS] CLÁSICA SPORT DAMA (Gris Claro - Gris Ceniza, XS);CLAMEDA30TXS;DAMA;Gris Claro - Gris Ceniza;XS;PEDIDOS;1
2026;ABRIL;CLASICA SPORT CAB;[CLAMECA43TM] CLASICA SPORT CAB (M, Negro - Negro);CLAMECA43TM;CAB;Negro - Negro;M;PEDIDOS;2
2026;ABRIL;CLASICA SPORT CAB;[CLAMECA30TM] CLASICA SPORT CAB (M, Gris Claro - Gris Ceniza);CLAMECA30TM;CAB;Gris Claro - Gris Ceniza;M;PEDIDOS;2
2026;ABRIL;SABRI SPORT DAMA;[SABMEDA66TXS] SABRI SPORT DAMA (XS, Verde Militar - 60620);SABMEDA66TXS;DAMA;Verde Militar;XS;GRIETA;1
2026;ABRIL;CLÁSICA SPORT DAMA;[CLAMEDA12TS] CLÁSICA SPORT DAMA (Azul Marino - Azul Cori, S);CLAMEDA12TS;DAMA;Azul Marino - Azul Cori;S;SAMBIL CHACAO;1
2026;ABRIL;SABRI SPORT DAMA;[SABMEDA16TM] SABRI SPORT DAMA (M, Blanco - 1259j);SABMEDA16TM;DAMA;Blanco;M;SAMBIL CHACAO;1
2026;ABRIL;CLÁSICA SPORT DAMA;[CLAMEDA16TM] CLÁSICA SPORT DAMA (Blanco - New White, M);CLAMEDA16TM;DAMA;Blanco - New White;M;CERRO VERDE;1
2026;ABRIL;CLASICA SPORT CAB;[CLAMECA43TXL] CLASICA SPORT CAB (XL, Negro - Negro);CLAMECA43TXL;CAB;Negro - Negro;XL;CERRO VERDE;1
2026;ABRIL;CLÁSICA SPORT DAMA;[CLAMEDA66TS] CLÁSICA SPORT DAMA (Verde Militar - Verde Hoja, S);CLAMEDA66TS;DAMA;Verde Militar - Verde Hoja;S;SAMBIL CHACAO;1
2026;ABRIL;CLASICA SPORT CAB;[CLAMECA43TL] CLASICA SPORT CAB (L, Negro - Negro);CLAMECA43TL;CAB;Negro - Negro;L;SAMBIL VALENCIA;1
2026;ABRIL;CLASICA SPORT CAB;[CLAMECA13TL] CLASICA SPORT CAB (L, Azul Mazari - Azul Mazari);CLAMECA13TL;CAB;Azul Mazari - Azul Mazari;L;SAMBIL CHACAO;1
2026;ABRIL;CLASICA SPORT CAB;[CLAMECA30TL] CLASICA SPORT CAB (L, Gris Claro - Gris Ceniza);CLAMECA30TL;CAB;Gris Claro - Gris Ceniza;L;SAMBIL CHACAO;1
2026;ABRIL;CLASICA SPORT CAB;[CLAMECA16TL] CLASICA SPORT CAB (L, Blanco - New White);CLAMECA16TL;CAB;Blanco - New White;L;SAMBIL CHACAO;1
2026;ABRIL;CLASICA SPORT KIDS;[CLAMEKI66T10] CLASICA SPORT KIDS (10, Verde Militar - Verde Hoja);CLAMEKI66T10;KIDS;Verde Militar - Verde Hoja;10;CERRO VERDE;1
2026;ABRIL;SABRI SPORT DAMA;[SABMEDA16TS] SABRI SPORT DAMA (S, Blanco - 1259j);SABMEDA16TS;DAMA;Blanco;S;CERRO VERDE;1
2026;ABRIL;CLASICA SPORT CAB;[CLAMECA43TXL] CLASICA SPORT CAB (XL, Negro - Negro);CLAMECA43TXL;CAB;Negro - Negro;XL;SAMBIL VALENCIA;1
2026;ABRIL;CLASICA SPORT CAB;[CLAMECA43TL] CLASICA SPORT CAB (L, Negro - Negro);CLAMECA43TL;CAB;Negro - Negro;L;SAMBIL CHACAO;1
2026;ABRIL;SABRI SPORT DAMA;[SABMEDA43TM] SABRI SPORT DAMA (M, Negro - 10);SABMEDA43TM;DAMA;Negro;M;GRIETA;1
2026;ABRIL;CLASICA SPORT CAB;[CLAMECA30TS] CLASICA SPORT CAB (S, Gris Claro - Gris Ceniza);CLAMECA30TS;CAB;Gris Claro - Gris Ceniza;S;GRIETA;1
2026;ABRIL;CLASICA SPORT CAB;[CLAMECA43TM] CLASICA SPORT CAB (M, Negro - Negro);CLAMECA43TM;CAB;Negro - Negro;M;GRIETA;1
2026;ABRIL;CLASICA SPORT CAB;[CLAMECA30TL] CLASICA SPORT CAB (L, Gris Claro - Gris Ceniza);CLAMECA30TL;CAB;Gris Claro - Gris Ceniza;L;GRIETA;1
2026;ABRIL;CLASICA SPORT CAB;[CLAMECA43TL] CLASICA SPORT CAB (L, Negro - Negro);CLAMECA43TL;CAB;Negro - Negro;L;SAMBIL VALENCIA;1
2026;ABRIL;CLASICA SPORT CAB;[CLAMECA16TS] CLASICA SPORT CAB (S, Blanco - New White);CLAMECA16TS;CAB;Blanco - New White;S;SAMBIL CHACAO;1
2026;MAYO;CLASICA SPORT CAB;[CLAMECA43TM] CLASICA SPORT CAB (M, Negro - Negro);CLAMECA43TM;CAB;Negro - Negro;M;CERRO VERDE;1
2026;MAYO;CLASICA SPORT CAB;[CLAMECA16TXL] CLASICA SPORT CAB (XL, Blanco - New White);CLAMECA16TXL;CAB;Blanco - New White;XL;GRIETA;1
2026;MAYO;CLASICA SPORT KIDS;[CLAMEKI66T10] CLASICA SPORT KIDS (10, Verde Militar - Verde Hoja);CLAMEKI66T10;KIDS;Verde Militar - Verde Hoja;10;SAMBIL VALENCIA;1
2026;MAYO;CLASICA SPORT CAB;[CLAMECA43TM] CLASICA SPORT CAB (M, Negro - Negro);CLAMECA43TM;CAB;Negro - Negro;M;SAMBIL VALENCIA;1
2026;MAYO;CLASICA SPORT KIDS;[CLAMEKI30T10] CLASICA SPORT KIDS (10, Gris Claro - Gris Ceniza);CLAMEKI30T10;KIDS;Gris Claro - Gris Ceniza;10;CERRO VERDE;1
2026;MAYO;CLASICA SPORT CAB;[CLAMECA43TM] CLASICA SPORT CAB (M, Negro - Negro);CLAMECA43TM;CAB;Negro - Negro;M;TOLON;1
2026;MAYO;CLASICA SPORT CAB;[CLAMECA43TS] CLASICA SPORT CAB (S, Negro - Negro);CLAMECA43TS;CAB;Negro - Negro;S;SAMBIL VALENCIA;1
2026;MAYO;CLASICA SPORT CAB;[CLAMECA16TS] CLASICA SPORT CAB (S, Blanco - New White);CLAMECA16TS;CAB;Blanco - New White;S;SAMBIL VALENCIA;1
2026;MAYO;CLASICA SPORT CAB;[CLAMECA30TS] CLASICA SPORT CAB (S, Gris Claro - Gris Ceniza);CLAMECA30TS;CAB;Gris Claro - Gris Ceniza;S;GRIETA;-1
2026;MAYO;CLASICA SPORT CAB;[CLAMECA43TM] CLASICA SPORT CAB (M, Negro - Negro);CLAMECA43TM;CAB;Negro - Negro;M;GRIETA;1
2026;MAYO;CLASICA SPORT CAB;[CLAMECA43TM] CLASICA SPORT CAB (M, Negro - Negro);CLAMECA43TM;CAB;Negro - Negro;M;GRIETA;2
2026;MAYO;SABRI SPORT DAMA;[SABMEDA16TXL] SABRI SPORT DAMA (XL, Blanco - 1259j);SABMEDA16TXL;DAMA;Blanco;XL;GRIETA;1
2026;MAYO;CLASICA SPORT CAB;[CLAMECA43TL] CLASICA SPORT CAB (L, Negro - Negro);CLAMECA43TL;CAB;Negro - Negro;L;CORPORATIVO;1
2026;MAYO;CLASICA SPORT CAB;[CLAMECA30TM] CLASICA SPORT CAB (M, Gris Claro - Gris Ceniza);CLAMECA30TM;CAB;Gris Claro - Gris Ceniza;M;CORPORATIVO;1
2026;MAYO;CLÁSICA SPORT DAMA;[CLAMEDA43TL] CLÁSICA SPORT DAMA (Negro - Negro, L);CLAMEDA43TL;DAMA;Negro - Negro;L;SAMBIL VALENCIA;1
2026;MAYO;CLASICA SPORT CAB;[CLAMECA16TL] CLASICA SPORT CAB (L, Blanco - New White);CLAMECA16TL;CAB;Blanco - New White;L;GRIETA;-1
2026;MAYO;CLASICA SPORT CAB;[CLAMECA43TL] CLASICA SPORT CAB (L, Negro - Negro);CLAMECA43TL;CAB;Negro - Negro;L;CERRO VERDE;1
2026;MAYO;SABRI SPORT DAMA;[SABMEDA16TS] SABRI SPORT DAMA (S, Blanco - 1259j);SABMEDA16TS;DAMA;Blanco;S;CERRO VERDE;1
2026;MAYO;CLÁSICA SPORT DAMA;[CLAMEDA30TL] CLÁSICA SPORT DAMA (Gris Claro - Gris Ceniza, L);CLAMEDA30TL;DAMA;Gris Claro - Gris Ceniza;L;SAMBIL VALENCIA;1
2026;MAYO;CLÁSICA SPORT DAMA;[CLAMEDA30TL] CLÁSICA SPORT DAMA (Gris Claro - Gris Ceniza, L);CLAMEDA30TL;DAMA;Gris Claro - Gris Ceniza;L;SAMBIL VALENCIA;-1
2026;MAYO;CLÁSICA SPORT DAMA;[CLAMEDA30TL] CLÁSICA SPORT DAMA (Gris Claro - Gris Ceniza, L);CLAMEDA30TL;DAMA;Gris Claro - Gris Ceniza;L;SAMBIL VALENCIA;1
2026;MAYO;CLASICA SPORT CAB;[CLAMECA30TXL] CLASICA SPORT CAB (XL, Gris Claro - Gris Ceniza);CLAMECA30TXL;CAB;Gris Claro - Gris Ceniza;XL;GRIETA;1
2026;MAYO;CLASICA SPORT CAB;[CLAMECA43TM] CLASICA SPORT CAB (M, Negro - Negro);CLAMECA43TM;CAB;Negro - Negro;M;GRIETA;1
2026;MAYO;CLÁSICA SPORT DAMA;[CLAMEDA30TL] CLÁSICA SPORT DAMA (Gris Claro - Gris Ceniza, L);CLAMEDA30TL;DAMA;Gris Claro - Gris Ceniza;L;GRIETA;1
2026;MAYO;SABRI SPORT DAMA;[SABMEDA66TM] SABRI SPORT DAMA (M, Verde Militar - 60620);SABMEDA66TM;DAMA;Verde Militar;M;CERRO VERDE;1
2026;MAYO;CLÁSICA SPORT DAMA;[CLAMEDA30TS] CLÁSICA SPORT DAMA (Gris Claro - Gris Ceniza, S);CLAMEDA30TS;DAMA;Gris Claro - Gris Ceniza;S;GRIETA;1
2026;MAYO;CLASICA SPORT CAB;[CLAMECA43TS] CLASICA SPORT CAB (S, Negro - Negro);CLAMECA43TS;CAB;Negro - Negro;S;SAMBIL VALENCIA;1
2026;MAYO;SABRI SPORT DAMA;[SABMEDA30TS] SABRI SPORT DAMA (S, Gris Claro - 9734);SABMEDA30TS;DAMA;Gris Claro;S;SAMBIL CHACAO;1
2026;MAYO;CLASICA SPORT CAB;[CLAMECA30T2XL] CLASICA SPORT CAB (2XL, Gris Claro - Gris Ceniza);CLAMECA30T2XL;CAB;Gris Claro - Gris Ceniza;2XL;CERRO VERDE;1
2026;MAYO;SABRI SPORT DAMA;[SABMEDA12TM] SABRI SPORT DAMA (M, Azul Marino - Azul Marino);SABMEDA12TM;DAMA;Azul Marino - Azul Marino;M;CERRO VERDE;1
2026;MAYO;CLASICA SPORT KIDS;[CLAMEKI30T12] CLASICA SPORT KIDS (12, Gris Claro - Gris Ceniza);CLAMEKI30T12;KIDS;Gris Claro - Gris Ceniza;12;CERRO VERDE;1
2026;MAYO;CLASICA SPORT KIDS;[CLAMEKI43T10] CLASICA SPORT KIDS (10, Negro - Negro);CLAMEKI43T10;KIDS;Negro - Negro;10;CERRO VERDE;1
2026;MAYO;CLÁSICA SPORT DAMA;[CLAMEDA43TS] CLÁSICA SPORT DAMA (Negro - Negro, S);CLAMEDA43TS;DAMA;Negro - Negro;S;CERRO VERDE;1
2026;MAYO;CLASICA SPORT CAB;[CLAMECA43TXL] CLASICA SPORT CAB (XL, Negro - Negro);CLAMECA43TXL;CAB;Negro - Negro;XL;CERRO VERDE;1
2026;MAYO;SABRI SPORT DAMA;[SABMEDA66TS] SABRI SPORT DAMA (S, Verde Militar - 60620);SABMEDA66TS;DAMA;Verde Militar;S;CERRO VERDE;1
2026;MAYO;CLASICA SPORT CAB;[CLAMECA13TL] CLASICA SPORT CAB (L, Azul Mazari - Azul Mazari);CLAMECA13TL;CAB;Azul Mazari - Azul Mazari;L;CERRO VERDE;1
2026;MAYO;CLASICA SPORT CAB;[CLAMECA43TM] CLASICA SPORT CAB (M, Negro - Negro);CLAMECA43TM;CAB;Negro - Negro;M;CERRO VERDE;1
2026;MAYO;CLASICA SPORT CAB;[CLAMECA16TS] CLASICA SPORT CAB (S, Blanco - New White);CLAMECA16TS;CAB;Blanco - New White;S;SAMBIL VALENCIA;1
2026;MAYO;CLASICA SPORT CAB;[CLAMECA43TXL] CLASICA SPORT CAB (XL, Negro - Negro);CLAMECA43TXL;CAB;Negro - Negro;XL;SAMBIL CHACAO;1
2026;MAYO;CLASICA SPORT CAB;[CLAMECA43TL] CLASICA SPORT CAB (L, Negro - Negro);CLAMECA43TL;CAB;Negro - Negro;L;GRIETA;2
2026;MAYO;CLASICA SPORT CAB;[CLAMECA16TL] CLASICA SPORT CAB (L, Blanco - New White);CLAMECA16TL;CAB;Blanco - New White;L;GRIETA;1
2026;MAYO;CLASICA SPORT KIDS;[CLAMEKI12T12] CLASICA SPORT KIDS (12, Azul Marino - Azul Cori);CLAMEKI12T12;KIDS;Azul Marino - Azul Cori;12;SAMBIL VALENCIA;1
2026;MAYO;CLÁSICA SPORT DAMA;[CLAMEDA12TXS] CLÁSICA SPORT DAMA (Azul Marino - Azul Cori, XS);CLAMEDA12TXS;DAMA;Azul Marino - Azul Cori;XS;SAMBIL CHACAO;1
2026;MAYO;SABRI SPORT DAMA;[SABMEDA12TS] SABRI SPORT DAMA (S, Azul Marino - Azul Marino);SABMEDA12TS;DAMA;Azul Marino - Azul Marino;S;SAMBIL CHACAO;1
2026;MAYO;SABRI SPORT DAMA;[SABMEDA30TS] SABRI SPORT DAMA (S, Gris Claro - 9734);SABMEDA30TS;DAMA;Gris Claro;S;SAMBIL CHACAO;1
2026;MAYO;CLÁSICA SPORT DAMA;[CLAMEDA66TXL] CLÁSICA SPORT DAMA (Verde Militar - Verde Hoja, XL);CLAMEDA66TXL;DAMA;Verde Militar - Verde Hoja;XL;GRIETA;1
2026;MAYO;CLASICA SPORT CAB;[CLAMECA43TS] CLASICA SPORT CAB (S, Negro - Negro);CLAMECA43TS;CAB;Negro - Negro;S;GRIETA;1
2026;MAYO;CLASICA SPORT CAB;[CLAMECA16TS] CLASICA SPORT CAB (S, Blanco - New White);CLAMECA16TS;CAB;Blanco - New White;S;GRIETA;1
2026;MAYO;CLASICA SPORT CAB;[CLAMECA43TXL] CLASICA SPORT CAB (XL, Negro - Negro);CLAMECA43TXL;CAB;Negro - Negro;XL;TOLON;1
2026;MAYO;CLASICA SPORT CAB;[CLAMECA43TS] CLASICA SPORT CAB (S, Negro - Negro);CLAMECA43TS;CAB;Negro - Negro;S;SAMBIL CHACAO;1
2026;MAYO;CLASICA SPORT KIDS;[CLAMEKI12T14] CLASICA SPORT KIDS (14, Azul Marino - Azul Cori);CLAMEKI12T14;KIDS;Azul Marino - Azul Cori;14;CERRO VERDE;1
2026;MAYO;CLÁSICA SPORT DAMA;[CLAMEDA30TL] CLÁSICA SPORT DAMA (Gris Claro - Gris Ceniza, L);CLAMEDA30TL;DAMA;Gris Claro - Gris Ceniza;L;GRIETA;1
2026;MAYO;CLÁSICA SPORT DAMA;[CLAMEDA43TL] CLÁSICA SPORT DAMA (Negro - Negro, L);CLAMEDA43TL;DAMA;Negro - Negro;L;GRIETA;1
2026;MAYO;CLASICA SPORT CAB;[CLAMECA30TS] CLASICA SPORT CAB (S, Gris Claro - Gris Ceniza);CLAMECA30TS;CAB;Gris Claro - Gris Ceniza;S;SAMBIL VALENCIA;1
2026;MAYO;CLASICA SPORT CAB;[CLAMECA43TM] CLASICA SPORT CAB (M, Negro - Negro);CLAMECA43TM;CAB;Negro - Negro;M;SAMBIL VALENCIA;1
2026;MAYO;CLÁSICA SPORT DAMA;[CLAMEDA16TXS] CLÁSICA SPORT DAMA (Blanco - New White, XS);CLAMEDA16TXS;DAMA;Blanco - New White;XS;GRIETA;1
2026;MAYO;CLASICA SPORT KIDS;[CLAMEKI43T8] CLASICA SPORT KIDS (8, Negro - Negro);CLAMEKI43T8;KIDS;Negro - Negro;8;GRIETA;1
2026;MAYO;SABRI SPORT DAMA;[SABMEDA66TXL] SABRI SPORT DAMA (XL, Verde Militar - 60620);SABMEDA66TXL;DAMA;Verde Militar;XL;SAMBIL CHACAO;1
2026;MAYO;SABRI SPORT DAMA;[SABMEDA12TS] SABRI SPORT DAMA (S, Azul Marino - Azul Marino);SABMEDA12TS;DAMA;Azul Marino - Azul Marino;S;SAMBIL CHACAO;1
2026;MAYO;SABRI SPORT DAMA;[SABMEDA16TS] SABRI SPORT DAMA (S, Blanco - 1259j);SABMEDA16TS;DAMA;Blanco;S;SAMBIL CHACAO;1
2026;MAYO;CLASICA SPORT KIDS;[CLAMEKI30T10] CLASICA SPORT KIDS (10, Gris Claro - Gris Ceniza);CLAMEKI30T10;KIDS;Gris Claro - Gris Ceniza;10;CERRO VERDE;1
2026;MAYO;CLASICA SPORT KIDS;[CLAMEKI30T10] CLASICA SPORT KIDS (10, Gris Claro - Gris Ceniza);CLAMEKI30T10;KIDS;Gris Claro - Gris Ceniza;10;CERRO VERDE;-1
2026;MAYO;CLASICA SPORT KIDS;[CLAMEKI30T12] CLASICA SPORT KIDS (12, Gris Claro - Gris Ceniza);CLAMEKI30T12;KIDS;Gris Claro - Gris Ceniza;12;CERRO VERDE;1
2026;MAYO;CLASICA SPORT KIDS;[CLAMEKI43T6] CLASICA SPORT KIDS (6, Negro - Negro);CLAMEKI43T6;KIDS;Negro - Negro;6;SAMBIL VALENCIA;1
2026;MAYO;SABRI SPORT DAMA;[SABMEDA16TS] SABRI SPORT DAMA (S, Blanco - 1259j);SABMEDA16TS;DAMA;Blanco;S;SAMBIL CHACAO;1
2026;MAYO;CLÁSICA SPORT DAMA;[CLAMEDA30TS] CLÁSICA SPORT DAMA (Gris Claro - Gris Ceniza, S);CLAMEDA30TS;DAMA;Gris Claro - Gris Ceniza;S;GRIETA;1
2026;MAYO;CLASICA SPORT CAB;[CLAMECA43TL] CLASICA SPORT CAB (L, Negro - Negro);CLAMECA43TL;CAB;Negro - Negro;L;SAMBIL VALENCIA;1
2026;MAYO;CLÁSICA SPORT DAMA;[CLAMEDA16TXS] CLÁSICA SPORT DAMA (Blanco - New White, XS);CLAMEDA16TXS;DAMA;Blanco - New White;XS;SAMBIL CHACAO;1
2026;MAYO;CLASICA SPORT CAB;[CLAMECA13TM] CLASICA SPORT CAB (M, Azul Mazari - Azul Mazari);CLAMECA13TM;CAB;Azul Mazari - Azul Mazari;M;CERRO VERDE;1
2026;MAYO;CLASICA SPORT CAB;[CLAMECA30TL] CLASICA SPORT CAB (L, Gris Claro - Gris Ceniza);CLAMECA30TL;CAB;Gris Claro - Gris Ceniza;L;CERRO VERDE;1
2026;MAYO;CLASICA SPORT CAB;[CLAMECA16TL] CLASICA SPORT CAB (L, Blanco - New White);CLAMECA16TL;CAB;Blanco - New White;L;CERRO VERDE;1
2026;MAYO;CLASICA SPORT CAB;[CLAMECA13TM] CLASICA SPORT CAB (M, Azul Mazari - Azul Mazari);CLAMECA13TM;CAB;Azul Mazari - Azul Mazari;M;SAMBIL VALENCIA;1
2026;MAYO;CLÁSICA SPORT DAMA;[CLAMEDA30TL] CLÁSICA SPORT DAMA (Gris Claro - Gris Ceniza, L);CLAMEDA30TL;DAMA;Gris Claro - Gris Ceniza;L;SAMBIL VALENCIA;1
2026;MAYO;CLASICA SPORT CAB;[CLAMECA30TL] CLASICA SPORT CAB (L, Gris Claro - Gris Ceniza);CLAMECA30TL;CAB;Gris Claro - Gris Ceniza;L;PEDIDOS;1
2026;MAYO;CLASICA SPORT KIDS;[CLAMEKI12T10] CLASICA SPORT KIDS (10, Azul Marino - Azul Cori);CLAMEKI12T10;KIDS;Azul Marino - Azul Cori;10;SAMBIL VALENCIA;1
2026;MAYO;CLASICA SPORT CAB;[CLAMECA16TS] CLASICA SPORT CAB (S, Blanco - New White);CLAMECA16TS;CAB;Blanco - New White;S;SAMBIL VALENCIA;1
2026;MAYO;CLASICA SPORT CAB;[CLAMECA30TS] CLASICA SPORT CAB (S, Gris Claro - Gris Ceniza);CLAMECA30TS;CAB;Gris Claro - Gris Ceniza;S;SAMBIL VALENCIA;2
2026;MAYO;CLÁSICA SPORT DAMA;[CLAMEDA30TL] CLÁSICA SPORT DAMA (Gris Claro - Gris Ceniza, L);CLAMEDA30TL;DAMA;Gris Claro - Gris Ceniza;L;GRIETA;1
2026;MAYO;CLÁSICA SPORT DAMA;[CLAMEDA12TXS] CLÁSICA SPORT DAMA (Azul Marino - Azul Cori, XS);CLAMEDA12TXS;DAMA;Azul Marino - Azul Cori;XS;GRIETA;1
2026;MAYO;CLASICA SPORT CAB;[CLAMECA43TL] CLASICA SPORT CAB (L, Negro - Negro);CLAMECA43TL;CAB;Negro - Negro;L;SAMBIL VALENCIA;1
2026;MAYO;CLASICA SPORT KIDS;[CLAMEKI12T12] CLASICA SPORT KIDS (12, Azul Marino - Azul Cori);CLAMEKI12T12;KIDS;Azul Marino - Azul Cori;12;GRIETA;1
2026;MAYO;SABRI SPORT DAMA;[SABMEDA16TL] SABRI SPORT DAMA (L, Blanco - 1259j);SABMEDA16TL;DAMA;Blanco;L;GRIETA;1
2026;MAYO;SABRI SPORT DAMA;[SABMEDA43TL] SABRI SPORT DAMA (L, Negro - 10);SABMEDA43TL;DAMA;Negro;L;GRIETA;1
2026;MAYO;SABRI SPORT DAMA;[SABMEDA43TM] SABRI SPORT DAMA (M, Negro - 10);SABMEDA43TM;DAMA;Negro;M;GRIETA;1
2026;MAYO;CLASICA SPORT KIDS;[CLAMEKI30T10] CLASICA SPORT KIDS (10, Gris Claro - Gris Ceniza);CLAMEKI30T10;KIDS;Gris Claro - Gris Ceniza;10;TOLON;1
2026;MAYO;SABRI SPORT DAMA;[SABMEDA66TM] SABRI SPORT DAMA (M, Verde Militar - 60620);SABMEDA66TM;DAMA;Verde Militar;M;GRIETA;1
2026;MAYO;SABRI SPORT DAMA;[SABMEDA43TM] SABRI SPORT DAMA (M, Negro - 10);SABMEDA43TM;DAMA;Negro;M;GRIETA;1
2026;MAYO;CLASICA SPORT CAB;[CLAMECA43TXL] CLASICA SPORT CAB (XL, Negro - Negro);CLAMECA43TXL;CAB;Negro - Negro;XL;SAMBIL VALENCIA;1
2026;MAYO;CLASICA SPORT CAB;[CLAMECA43TXL] CLASICA SPORT CAB (XL, Negro - Negro);CLAMECA43TXL;CAB;Negro - Negro;XL;SAMBIL VALENCIA;1
2026;MAYO;CLASICA SPORT CAB;[CLAMECA43TS] CLASICA SPORT CAB (S, Negro - Negro);CLAMECA43TS;CAB;Negro - Negro;S;GRIETA;1
2026;MAYO;CLASICA SPORT CAB;[CLAMECA12TL] CLASICA SPORT CAB (L, Azul Marino - Azul Cori);CLAMECA12TL;CAB;Azul Marino - Azul Cori;L;SAMBIL VALENCIA;1
2026;MAYO;CLASICA SPORT CAB;[CLAMECA16TL] CLASICA SPORT CAB (L, Blanco - New White);CLAMECA16TL;CAB;Blanco - New White;L;SAMBIL CHACAO;1
2026;JUNIO;CLASICA SPORT CAB;[CLAMECA43TS] CLASICA SPORT CAB (Negro, S);CLAMECA43TS;CAB;Negro;S;SAMBIL CHACAO;1
2026;JUNIO;CLÁSICA SPORT DAMA;[CLAMEDA16TXS] CLÁSICA SPORT DAMA (Blanco, XS);CLAMEDA16TXS;DAMA;Blanco;XS;SAMBIL CHACAO;1
2026;JUNIO;CLASICA SPORT CAB;[CLAMECA30TM] CLASICA SPORT CAB (Gris Claro, M);CLAMECA30TM;CAB;Gris Claro;M;SAMBIL CHACAO;1
2026;JUNIO;CLÁSICA SPORT DAMA;[CLAMEDA12TL] CLÁSICA SPORT DAMA (Azul Marino, L);CLAMEDA12TL;DAMA;Azul Marino;L;CERRO VERDE;1
2026;JUNIO;SABRI SPORT DAMA;[SABMEDA66TS] SABRI SPORT DAMA (Verde Militar, S);SABMEDA66TS;DAMA;Verde Militar;S;TOLON;1
2026;JUNIO;CLASICA SPORT CAB;[CLAMECA43TS] CLASICA SPORT CAB (Negro, S);CLAMECA43TS;CAB;Negro;S;GRIETA;1
2026;JUNIO;CLASICA SPORT KIDS;[CLAMEKI66T10] CLASICA SPORT KIDS (Verde Militar, 10);CLAMEKI66T10;KIDS;Verde Militar;10;SAMBIL CHACAO;1
2026;JUNIO;CLASICA SPORT KIDS;[CLAMEKI30T10] CLASICA SPORT KIDS (Gris Claro, 10);CLAMEKI30T10;KIDS;Gris Claro;10;SAMBIL CHACAO;1
2026;JUNIO;CLASICA SPORT KIDS;[CLAMEKI16T6] CLASICA SPORT KIDS (Blanco, 6);CLAMEKI16T6;KIDS;Blanco;6;SAMBIL VALENCIA;1
2026;JUNIO;CLÁSICA SPORT DAMA;[CLAMEDA30TS] CLÁSICA SPORT DAMA (Gris Claro, S);CLAMEDA30TS;DAMA;Gris Claro;S;CERRO VERDE;1
2026;JUNIO;CLASICA SPORT CAB;[CLAMECA43TXL] CLASICA SPORT CAB (Negro, XL);CLAMECA43TXL;CAB;Negro;XL;GRIETA;1
2026;JUNIO;SABRI SPORT DAMA;[SABMEDA16TS] SABRI SPORT DAMA (Blanco, S);SABMEDA16TS;DAMA;Blanco;S;GRIETA;1
2026;JUNIO;CLASICA SPORT CAB;[CLAMECA43TM] CLASICA SPORT CAB (Negro, M);CLAMECA43TM;CAB;Negro;M;SAMBIL VALENCIA;1
2026;JUNIO;CLASICA SPORT KIDS;[CLAMEKI43T8] CLASICA SPORT KIDS (Negro, 8);CLAMEKI43T8;KIDS;Negro;8;SAMBIL VALENCIA;2
2026;JUNIO;CLASICA SPORT CAB;[CLAMECA43TS] CLASICA SPORT CAB (Negro, S);CLAMECA43TS;CAB;Negro;S;SAMBIL VALENCIA;1
2026;JUNIO;CLASICA SPORT CAB;[CLAMECA30TL] CLASICA SPORT CAB (Gris Claro, L);CLAMECA30TL;CAB;Gris Claro;L;SAMBIL VALENCIA;1
2026;JUNIO;CLASICA SPORT CAB;[CLAMECA13TS] CLASICA SPORT CAB (Azul Mazari, S);CLAMECA13TS;CAB;Azul Mazari;S;GRIETA;1
2026;JUNIO;CLASICA SPORT CAB;[CLAMECA43TL] CLASICA SPORT CAB (Negro, L);CLAMECA43TL;CAB;Negro;L;SAMBIL VALENCIA;1
2026;JUNIO;CLASICA SPORT CAB;[CLAMECA16TL] CLASICA SPORT CAB (Blanco, L);CLAMECA16TL;CAB;Blanco;L;SAMBIL VALENCIA;1
2026;JUNIO;CLÁSICA SPORT DAMA;[CLAMEDA66TS] CLÁSICA SPORT DAMA (Verde Militar, S);CLAMEDA66TS;DAMA;Verde Militar;S;SAMBIL CHACAO;1
2026;JUNIO;CLASICA SPORT CAB;[CLAMECA43TL] CLASICA SPORT CAB (Negro, L);CLAMECA43TL;CAB;Negro;L;TOLON;1
2026;JUNIO;CLÁSICA SPORT DAMA;[CLAMEDA30TS] CLÁSICA SPORT DAMA (Gris Claro, S);CLAMEDA30TS;DAMA;Gris Claro;S;PEDIDOS;1
2026;JUNIO;CLASICA SPORT KIDS;[CLAMEKI66T10] CLASICA SPORT KIDS (Verde Militar, 10);CLAMEKI66T10;KIDS;Verde Militar;10;CERRO VERDE;1
2026;JUNIO;SABRI SPORT DAMA;[SABMEDA16TL] SABRI SPORT DAMA (Blanco, L);SABMEDA16TL;DAMA;Blanco;L;GRIETA;1
2026;JUNIO;CLÁSICA SPORT DAMA;[CLAMEDA30TS] CLÁSICA SPORT DAMA (Gris Claro, S);CLAMEDA30TS;DAMA;Gris Claro;S;CERRO VERDE;-1
2026;JUNIO;CLÁSICA SPORT DAMA;[CLAMEDA30TS] CLÁSICA SPORT DAMA (Gris Claro, S);CLAMEDA30TS;DAMA;Gris Claro;S;CERRO VERDE;1
2026;JUNIO;CLÁSICA SPORT DAMA;[CLAMEDA66TM] CLÁSICA SPORT DAMA (Verde Militar, M);CLAMEDA66TM;DAMA;Verde Militar;M;SAMBIL CHACAO;1
2026;JUNIO;CLÁSICA SPORT DAMA;[CLAMEDA43TM] CLÁSICA SPORT DAMA (Negro, M);CLAMEDA43TM;DAMA;Negro;M;SAMBIL CHACAO;1
2026;JUNIO;CLÁSICA SPORT DAMA;[CLAMEDA30TL] CLÁSICA SPORT DAMA (Gris Claro, L);CLAMEDA30TL;DAMA;Gris Claro;L;CERRO VERDE;1
2026;JUNIO;CLASICA SPORT CAB;[CLAMECA43TL] CLASICA SPORT CAB (Negro, L);CLAMECA43TL;CAB;Negro;L;GRIETA;1
2026;JUNIO;CLASICA SPORT CAB;[CLAMECA30TM] CLASICA SPORT CAB (Gris Claro, M);CLAMECA30TM;CAB;Gris Claro;M;GRIETA;1
2026;JUNIO;CLÁSICA SPORT DAMA;[CLAMEDA12TXS] CLÁSICA SPORT DAMA (Azul Marino, XS);CLAMEDA12TXS;DAMA;Azul Marino;XS;GRIETA;1
2026;JUNIO;CLÁSICA SPORT DAMA;[CLAMEDA30TM] CLÁSICA SPORT DAMA (Gris Claro, M);CLAMEDA30TM;DAMA;Gris Claro;M;SAMBIL CHACAO;1
2026;JUNIO;CLASICA SPORT CAB;[CLAMECA43TL] CLASICA SPORT CAB (Negro, L);CLAMECA43TL;CAB;Negro;L;GRIETA;1
2026;JUNIO;SABRI SPORT DAMA;[SABMEDA66TL] SABRI SPORT DAMA (Verde Militar, L);SABMEDA66TL;DAMA;Verde Militar;L;CERRO VERDE;1
2026;JUNIO;CLASICA SPORT CAB;[CLAMECA30TM] CLASICA SPORT CAB (Gris Claro, M);CLAMECA30TM;CAB;Gris Claro;M;SAMBIL CHACAO;1
2026;JUNIO;SABRI SPORT DAMA;[SABMEDA16TL] SABRI SPORT DAMA (Blanco, L);SABMEDA16TL;DAMA;Blanco;L;GRIETA;1
2026;JUNIO;SABRI SPORT DAMA;[SABMEDA43TM] SABRI SPORT DAMA (Negro, M);SABMEDA43TM;DAMA;Negro;M;GRIETA;1
2026;JUNIO;CLASICA SPORT CAB;[CLAMECA16T2XL] CLASICA SPORT CAB (Blanco, 2XL);CLAMECA16T2XL;CAB;Blanco;2XL;SAMBIL VALENCIA;1
2026;JUNIO;CLÁSICA SPORT DAMA;[CLAMEDA43TXS] CLÁSICA SPORT DAMA (Negro, XS);CLAMEDA43TXS;DAMA;Negro;XS;CERRO VERDE;1
2026;JUNIO;CLASICA SPORT CAB;[CLAMECA43TM] CLASICA SPORT CAB (Negro, M);CLAMECA43TM;CAB;Negro;M;CERRO VERDE;1
2026;JUNIO;CLASICA SPORT CAB;[CLAMECA43TL] CLASICA SPORT CAB (Negro, L);CLAMECA43TL;CAB;Negro;L;SAMBIL CHACAO;1
2026;JUNIO;CLASICA SPORT CAB;[CLAMECA43TL] CLASICA SPORT CAB (Negro, L);CLAMECA43TL;CAB;Negro;L;SAMBIL VALENCIA;1
2026;JUNIO;CLASICA SPORT CAB;[CLAMECA30TL] CLASICA SPORT CAB (Gris Claro, L);CLAMECA30TL;CAB;Gris Claro;L;GRIETA;1
2026;JUNIO;CLASICA SPORT CAB;[CLAMECA43TL] CLASICA SPORT CAB (Negro, L);CLAMECA43TL;CAB;Negro;L;GRIETA;1
2026;JUNIO;CLASICA SPORT CAB;[CLAMECA43TL] CLASICA SPORT CAB (Negro, L);CLAMECA43TL;CAB;Negro;L;PEDIDOS;1
2026;JUNIO;CLASICA SPORT CAB;[CLAMECA30TL] CLASICA SPORT CAB (Gris Claro, L);CLAMECA30TL;CAB;Gris Claro;L;GRIETA;1
2026;JUNIO;CLASICA SPORT CAB;[CLAMECA43TL] CLASICA SPORT CAB (Negro, L);CLAMECA43TL;CAB;Negro;L;GRIETA;1
2026;JUNIO;CLASICA SPORT CAB;[CLAMECA30TL] CLASICA SPORT CAB (Gris Claro, L);CLAMECA30TL;CAB;Gris Claro;L;SAMBIL CHACAO;1
2026;JUNIO;SABRI SPORT DAMA;[SABMEDA30TXS] SABRI SPORT DAMA (Gris Claro, XS);SABMEDA30TXS;DAMA;Gris Claro;XS;PEDIDOS;1
2026;JUNIO;CLASICA SPORT CAB;[CLAMECA16TS] CLASICA SPORT CAB (Blanco, S);CLAMECA16TS;CAB;Blanco;S;SAMBIL VALENCIA;1
2026;JUNIO;CLASICA SPORT CAB;[CLAMECA30TM] CLASICA SPORT CAB (Gris Claro, M);CLAMECA30TM;CAB;Gris Claro;M;TOLON;1
2026;JUNIO;CLASICA SPORT CAB;[CLAMECA43TS] CLASICA SPORT CAB (Negro, S);CLAMECA43TS;CAB;Negro;S;SAMBIL CHACAO;1
2026;JUNIO;CLASICA SPORT CAB;[CLAMECA30TL] CLASICA SPORT CAB (Gris Claro, L);CLAMECA30TL;CAB;Gris Claro;L;TOLON;1
2026;JUNIO;SABRI SPORT DAMA;[SABMEDA66TS] SABRI SPORT DAMA (Verde Militar, S);SABMEDA66TS;DAMA;Verde Militar;S;TOLON;1
2026;JUNIO;CLASICA SPORT CAB;[CLAMECA13TL] CLASICA SPORT CAB (Azul Mazari, L);CLAMECA13TL;CAB;Azul Mazari;L;CERRO VERDE;1
2026;JUNIO;CLASICA SPORT CAB;[CLAMECA43TL] CLASICA SPORT CAB (Negro, L);CLAMECA43TL;CAB;Negro;L;LA VELA;1
2026;JUNIO;CLÁSICA SPORT DAMA;[CLAMEDA30TXS] CLÁSICA SPORT DAMA (Gris Claro, XS);CLAMEDA30TXS;DAMA;Gris Claro;XS;CERRO VERDE;1
2026;JUNIO;CLASICA SPORT CAB;[CLAMECA30TM] CLASICA SPORT CAB (Gris Claro, M);CLAMECA30TM;CAB;Gris Claro;M;SAMBIL CHACAO;1
2026;JUNIO;CLASICA SPORT CAB;[CLAMECA43TXL] CLASICA SPORT CAB (Negro, XL);CLAMECA43TXL;CAB;Negro;XL;SAMBIL VALENCIA;1
2026;JUNIO;CLASICA SPORT CAB;[CLAMECA30TM] CLASICA SPORT CAB (Gris Claro, M);CLAMECA30TM;CAB;Gris Claro;M;TOLON;1
2026;JUNIO;CLASICA SPORT CAB;[CLAMECA16TXL] CLASICA SPORT CAB (Blanco, XL);CLAMECA16TXL;CAB;Blanco;XL;GRIETA;1
2026;JUNIO;CLASICA SPORT CAB;[CLAMECA13TL] CLASICA SPORT CAB (Azul Mazari, L);CLAMECA13TL;CAB;Azul Mazari;L;CERRO VERDE;1
2026;JUNIO;CLASICA SPORT CAB;[CLAMECA30TXL] CLASICA SPORT CAB (Gris Claro, XL);CLAMECA30TXL;CAB;Gris Claro;XL;CERRO VERDE;1
2026;JUNIO;CLASICA SPORT CAB;[CLAMECA13TXL] CLASICA SPORT CAB (Azul Mazari, XL);CLAMECA13TXL;CAB;Azul Mazari;XL;CERRO VERDE;1
2026;JUNIO;CLASICA SPORT CAB;[CLAMECA30TM] CLASICA SPORT CAB (Gris Claro, M);CLAMECA30TM;CAB;Gris Claro;M;SAMBIL CHACAO;1
2026;JUNIO;CLASICA SPORT CAB;[CLAMECA30TM] CLASICA SPORT CAB (Gris Claro, M);CLAMECA30TM;CAB;Gris Claro;M;SAMBIL VALENCIA;1
2026;JUNIO;CLASICA SPORT CAB;[CLAMECA30TM] CLASICA SPORT CAB (Gris Claro, M);CLAMECA30TM;CAB;Gris Claro;M;TOLON;1
2026;JUNIO;CLASICA SPORT CAB;[CLAMECA30TXL] CLASICA SPORT CAB (Gris Claro, XL);CLAMECA30TXL;CAB;Gris Claro;XL;SAMBIL VALENCIA;1
2026;JUNIO;CLÁSICA SPORT DAMA;[CLAMEDA12TM] CLÁSICA SPORT DAMA (Azul Marino, M);CLAMEDA12TM;DAMA;Azul Marino;M;CERRO VERDE;1
2026;JUNIO;CLÁSICA SPORT DAMA;[CLAMEDA30TM] CLÁSICA SPORT DAMA (Gris Claro, M);CLAMEDA30TM;DAMA;Gris Claro;M;CERRO VERDE;1
2026;JUNIO;CLASICA SPORT CAB;[CLAMECA43TM] CLASICA SPORT CAB (Negro, M);CLAMECA43TM;CAB;Negro;M;WEB;1
2026;JUNIO;CLASICA SPORT CAB;[CLAMECA43TM] CLASICA SPORT CAB (Negro, M);CLAMECA43TM;CAB;Negro;M;TOLON;1
2026;JUNIO;CLASICA SPORT CAB;[CLAMECA43TL] CLASICA SPORT CAB (Negro, L);CLAMECA43TL;CAB;Negro;L;LA VELA;1
2026;JUNIO;CLASICA SPORT CAB;[CLAMECA30TM] CLASICA SPORT CAB (Gris Claro, M);CLAMECA30TM;CAB;Gris Claro;M;LA VELA;1
2026;JUNIO;CLASICA SPORT CAB;[CLAMECA16TXL] CLASICA SPORT CAB (Blanco, XL);CLAMECA16TXL;CAB;Blanco;XL;SAMBIL CHACAO;1
2026;JUNIO;CLASICA SPORT CAB;[CLAMECA43TXL] CLASICA SPORT CAB (Negro, XL);CLAMECA43TXL;CAB;Negro;XL;GRIETA;1
2026;JUNIO;CLASICA SPORT CAB;[CLAMECA30TXL] CLASICA SPORT CAB (Gris Claro, XL);CLAMECA30TXL;CAB;Gris Claro;XL;GRIETA;1
2026;JUNIO;CLASICA SPORT CAB;[CLAMECA16TXL] CLASICA SPORT CAB (Blanco, XL);CLAMECA16TXL;CAB;Blanco;XL;GRIETA;1
2026;JUNIO;CLASICA SPORT CAB;[CLAMECA16TL] CLASICA SPORT CAB (Blanco, L);CLAMECA16TL;CAB;Blanco;L;WEB;1
2026;JUNIO;CLASICA SPORT KIDS;[CLAMEKI30T8] CLASICA SPORT KIDS (Gris Claro, 8);CLAMEKI30T8;KIDS;Gris Claro;8;GRIETA;1
2026;JUNIO;CLASICA SPORT CAB;[CLAMECA16TS] CLASICA SPORT CAB (Blanco, S);CLAMECA16TS;CAB;Blanco;S;SAMBIL VALENCIA;1
2026;JUNIO;CLÁSICA SPORT DAMA;[CLAMEDA43TS] CLÁSICA SPORT DAMA (Negro, S);CLAMEDA43TS;DAMA;Negro;S;SAMBIL CHACAO;1
2026;JUNIO;CLÁSICA SPORT DAMA;[CLAMEDA43TM] CLÁSICA SPORT DAMA (Negro, M);CLAMEDA43TM;DAMA;Negro;M;CERRO VERDE;1
2026;JUNIO;CLASICA SPORT CAB;[CLAMECA30TS] CLASICA SPORT CAB (Gris Claro, S);CLAMECA30TS;CAB;Gris Claro;S;GRIETA;1
2026;JUNIO;CLASICA SPORT CAB;[CLAMECA43TS] CLASICA SPORT CAB (Negro, S);CLAMECA43TS;CAB;Negro;S;LA VELA;1
2026;JUNIO;CLASICA SPORT CAB;[CLAMECA30TL] CLASICA SPORT CAB (Gris Claro, L);CLAMECA30TL;CAB;Gris Claro;L;GRIETA;1
2026;JUNIO;CLASICA SPORT CAB;[CLAMECA43TL] CLASICA SPORT CAB (Negro, L);CLAMECA43TL;CAB;Negro;L;LA VELA;1
2026;JUNIO;CLASICA SPORT CAB;[CLAMECA30TM] CLASICA SPORT CAB (Gris Claro, M);CLAMECA30TM;CAB;Gris Claro;M;SAMBIL VALENCIA;1
2026;AGOSTO;CLASICA SPORT KIDS;[CLAMEKI12T10] CLASICA SPORT KIDS (Azul Marino, 10);CLAMEKI12T10;KIDS;Azul Marino;10;SAMBIL CHACAO;1
2026;AGOSTO;CLASICA SPORT KIDS;[CLAMEKI66T10] CLASICA SPORT KIDS (Verde Militar, 10);CLAMEKI66T10;KIDS;Verde Militar;10;SAMBIL CHACAO;1
2026;AGOSTO;CLÁSICA SPORT DAMA;[CLAMEDA16TM] CLÁSICA SPORT DAMA (Blanco, M);CLAMEDA16TM;DAMA;Blanco;M;CERRO VERDE;1
2026;AGOSTO;SABRI SPORT DAMA;[SABMEDA43TS] SABRI SPORT DAMA (Negro, S);SABMEDA43TS;DAMA;Negro;S;GRIETA;1
2026;AGOSTO;SABRI SPORT DAMA;[SABMEDA16TS] SABRI SPORT DAMA (Blanco, S);SABMEDA16TS;DAMA;Blanco;S;TOLON;1
2026;AGOSTO;SABRI SPORT DAMA;[SABMEDA12TS] SABRI SPORT DAMA (Azul Marino, S);SABMEDA12TS;DAMA;Azul Marino;S;TOLON;1
2026;AGOSTO;SABRI SPORT DAMA;[SABMEDA43TS] SABRI SPORT DAMA (Negro, S);SABMEDA43TS;DAMA;Negro;S;TOLON;1
2026;AGOSTO;CLASICA SPORT CAB;[CLAMECA43TXL] CLASICA SPORT CAB (Negro, XL);CLAMECA43TXL;CAB;Negro;XL;GRIETA;1
2026;AGOSTO;SABRI SPORT DAMA;[SABMEDA16TM] SABRI SPORT DAMA (Blanco, M);SABMEDA16TM;DAMA;Blanco;M;GRIETA;1
2026;AGOSTO;SABRI SPORT DAMA;[SABMEDA43TXL] SABRI SPORT DAMA (Negro, XL);SABMEDA43TXL;DAMA;Negro;XL;GRIETA;1
2026;AGOSTO;CLÁSICA SPORT DAMA;[CLAMEDA30TS] CLÁSICA SPORT DAMA (Gris Claro, S);CLAMEDA30TS;DAMA;Gris Claro;S;SAMBIL CHACAO;1
2026;AGOSTO;CLÁSICA SPORT DAMA;[CLAMEDA43TS] CLÁSICA SPORT DAMA (Negro, S);CLAMEDA43TS;DAMA;Negro;S;SAMBIL CHACAO;1
2026;AGOSTO;CLASICA SPORT CAB;[CLAMECA30TXL] CLASICA SPORT CAB (Gris Claro, XL);CLAMECA30TXL;CAB;Gris Claro;XL;GRIETA;1
2026;AGOSTO;CLÁSICA SPORT DAMA;[CLAMEDA16TS] CLÁSICA SPORT DAMA (Blanco, S);CLAMEDA16TS;DAMA;Blanco;S;CERRO VERDE;1
2026;AGOSTO;CLÁSICA SPORT DAMA;[CLAMEDA16TXS] CLÁSICA SPORT DAMA (Blanco, XS);CLAMEDA16TXS;DAMA;Blanco;XS;GRIETA;1
2026;AGOSTO;CLASICA SPORT KIDS;[CLAMEKI12T8] CLASICA SPORT KIDS (Azul Marino, 8);CLAMEKI12T8;KIDS;Azul Marino;8;GRIETA;1
2026;AGOSTO;CLASICA SPORT CAB;[CLAMECA43TXL] CLASICA SPORT CAB (Negro, XL);CLAMECA43TXL;CAB;Negro;XL;SAMBIL VALENCIA;2
2026;AGOSTO;CLASICA SPORT CAB;[CLAMECA43TXL] CLASICA SPORT CAB (Negro, XL);CLAMECA43TXL;CAB;Negro;XL;SAMBIL VALENCIA;-1
2026;AGOSTO;CLASICA SPORT CAB;[CLAMECA43TXL] CLASICA SPORT CAB (Negro, XL);CLAMECA43TXL;CAB;Negro;XL;SAMBIL VALENCIA;1
2026;AGOSTO;CLASICA SPORT CAB;[CLAMECA43TXL] CLASICA SPORT CAB (Negro, XL);CLAMECA43TXL;CAB;Negro;XL;LA VELA;1
2026;AGOSTO;CLASICA SPORT CAB;[CLAMECA30TXL] CLASICA SPORT CAB (Gris Claro, XL);CLAMECA30TXL;CAB;Gris Claro;XL;SAMBIL CHACAO;1
2026;AGOSTO;CLASICA SPORT KIDS;[CLAMEKI30T14] CLASICA SPORT KIDS (Gris Claro, 14);CLAMEKI30T14;KIDS;Gris Claro;14;CERRO VERDE;1
2026;AGOSTO;CLASICA SPORT KIDS;[CLAMEKI30T14] CLASICA SPORT KIDS (Gris Claro, 14);CLAMEKI30T14;KIDS;Gris Claro;14;CERRO VERDE;-1
2026;AGOSTO;CLÁSICA SPORT DAMA;[CLAMEDA30TXS] CLÁSICA SPORT DAMA (Gris Claro, XS);CLAMEDA30TXS;DAMA;Gris Claro;XS;GRIETA;1
2026;AGOSTO;CLASICA SPORT CAB;[CLAMECA43TM] CLASICA SPORT CAB (Negro, M);CLAMECA43TM;CAB;Negro;M;SAMBIL VALENCIA;1
2026;AGOSTO;CLASICA SPORT CAB;[CLAMECA13TL] CLASICA SPORT CAB (Azul Mazari, L);CLAMECA13TL;CAB;Azul Mazari;L;CERRO VERDE;1
2026;AGOSTO;CLASICA SPORT KIDS;[CLAMEKI30T14] CLASICA SPORT KIDS (Gris Claro, 14);CLAMEKI30T14;KIDS;Gris Claro;14;CERRO VERDE;1
2026;AGOSTO;CLASICA SPORT CAB;[CLAMECA43TS] CLASICA SPORT CAB (Negro, S);CLAMECA43TS;CAB;Negro;S;CERRO VERDE;1
2026;AGOSTO;SABRI SPORT DAMA;[SABMEDA30TXS] SABRI SPORT DAMA (Gris Claro, XS);SABMEDA30TXS;DAMA;Gris Claro;XS;LA VELA;1
2026;AGOSTO;CLÁSICA SPORT DAMA;[CLAMEDA43TXL] CLÁSICA SPORT DAMA (Negro, XL);CLAMEDA43TXL;DAMA;Negro;XL;CERRO VERDE;1
2026;AGOSTO;CLASICA SPORT CAB;[CLAMECA13TS] CLASICA SPORT CAB (Azul Mazari, S);CLAMECA13TS;CAB;Azul Mazari;S;SAMBIL VALENCIA;1
2026;AGOSTO;SABRI SPORT DAMA;[SABMEDA16TL] SABRI SPORT DAMA (Blanco, L);SABMEDA16TL;DAMA;Blanco;L;TOLON;1
2026;AGOSTO;SABRI SPORT DAMA;[SABMEDA43TXS] SABRI SPORT DAMA (Negro, XS);SABMEDA43TXS;DAMA;Negro;XS;LA VELA;1
2026;AGOSTO;SABRI SPORT DAMA;[SABMEDA16TS] SABRI SPORT DAMA (Blanco, S);SABMEDA16TS;DAMA;Blanco;S;GRIETA;1
2026;AGOSTO;CLASICA SPORT CAB;[CLAMECA43T2XL] CLASICA SPORT CAB (Negro, 2XL);CLAMECA43T2XL;CAB;Negro;2XL;LA VELA;1
2026;AGOSTO;SABRI SPORT DAMA;[SABMEDA66TM] SABRI SPORT DAMA (Verde Militar, M);SABMEDA66TM;DAMA;Verde Militar;M;TOLON;1
2026;AGOSTO;SABRI SPORT DAMA;[SABMEDA30TXL] SABRI SPORT DAMA (Gris Claro, XL);SABMEDA30TXL;DAMA;Gris Claro;XL;LA VELA;1
2026;AGOSTO;SABRI SPORT DAMA;[SABMEDA43TXL] SABRI SPORT DAMA (Negro, XL);SABMEDA43TXL;DAMA;Negro;XL;LA VELA;1
2026;AGOSTO;CLASICA SPORT CAB;[CLAMECA43TXL] CLASICA SPORT CAB (Negro, XL);CLAMECA43TXL;CAB;Negro;XL;GRIETA;1
2026;AGOSTO;CLASICA SPORT CAB;[CLAMECA30TL] CLASICA SPORT CAB (Gris Claro, L);CLAMECA30TL;CAB;Gris Claro;L;LA VELA;1
2026;AGOSTO;SABRI SPORT DAMA;[SABMEDA63TXL] SABRI SPORT DAMA (Verde Agua, XL);SABMEDA63TXL;DAMA;Verde Agua;XL;CERRO VERDE;1
2026;AGOSTO;CLÁSICA SPORT DAMA;[CLAMEDA30TXS] CLÁSICA SPORT DAMA (Gris Claro, XS);CLAMEDA30TXS;DAMA;Gris Claro;XS;SAMBIL CHACAO;1
2026;AGOSTO;CLASICA SPORT CAB;[CLAMECA43TL] CLASICA SPORT CAB (Negro, L);CLAMECA43TL;CAB;Negro;L;LA VELA;1
2026;AGOSTO;CLASICA SPORT CAB;[CLAMECA43T2XL] CLASICA SPORT CAB (Negro, 2XL);CLAMECA43T2XL;CAB;Negro;2XL;LA VELA;1
2026;AGOSTO;SABRI SPORT DAMA;[SABMEDA13TS] SABRI SPORT DAMA (Azul Rey, S);SABMEDA13TS;DAMA;Azul Rey;S;GRIETA;1
2026;AGOSTO;SABRI SPORT DAMA;[SABMEDA30TS] SABRI SPORT DAMA (Gris Claro, S);SABMEDA30TS;DAMA;Gris Claro;S;GRIETA;1
2026;AGOSTO;CLÁSICA SPORT DAMA;[CLAMEDA13TXS] CLÁSICA SPORT DAMA (Azul Mazari, XS);CLAMEDA13TXS;DAMA;Azul Mazari;XS;GRIETA;1
2026;AGOSTO;SABRI SPORT DAMA;[SABMEDA43TS] SABRI SPORT DAMA (Negro, S);SABMEDA43TS;DAMA;Negro;S;GRIETA;1
2026;AGOSTO;SABRI SPORT DAMA;[SABMEDA30TS] SABRI SPORT DAMA (Gris Claro, S);SABMEDA30TS;DAMA;Gris Claro;S;TOLON;1
2026;AGOSTO;SABRI SPORT DAMA;[SABMEDA12TS] SABRI SPORT DAMA (Azul Marino, S);SABMEDA12TS;DAMA;Azul Marino;S;TOLON;1
2026;AGOSTO;CLASICA SPORT KIDS;[CLAMEKI66T10] CLASICA SPORT KIDS (Verde Militar, 10);CLAMEKI66T10;KIDS;Verde Militar;10;SAMBIL CHACAO;1
2026;AGOSTO;CLASICA SPORT CAB;[CLAMECA43TXL] CLASICA SPORT CAB (Negro, XL);CLAMECA43TXL;CAB;Negro;XL;SAMBIL VALENCIA;1
2026;AGOSTO;CLASICA SPORT CAB;[CLAMECA16TXL] CLASICA SPORT CAB (Blanco, XL);CLAMECA16TXL;CAB;Blanco;XL;SAMBIL VALENCIA;1
2026;AGOSTO;CLASICA SPORT CAB;[CLAMECA43T2XL] CLASICA SPORT CAB (Negro, 2XL);CLAMECA43T2XL;CAB;Negro;2XL;LA VELA;1
2026;AGOSTO;CLASICA SPORT KIDS;[CLAMEKI66T6] CLASICA SPORT KIDS (Verde Militar, 6);CLAMEKI66T6;KIDS;Verde Militar;6;CERRO VERDE;1
2026;AGOSTO;CLASICA SPORT CAB;[CLAMECA43TXL] CLASICA SPORT CAB (Negro, XL);CLAMECA43TXL;CAB;Negro;XL;SAMBIL CHACAO;1
2026;AGOSTO;CLASICA SPORT CAB;[CLAMECA43TL] CLASICA SPORT CAB (Negro, L);CLAMECA43TL;CAB;Negro;L;SAMBIL VALENCIA;1
2026;AGOSTO;CLÁSICA SPORT DAMA;[CLAMEDA30TS] CLÁSICA SPORT DAMA (Gris Claro, S);CLAMEDA30TS;DAMA;Gris Claro;S;GRIETA;1
2026;AGOSTO;CLÁSICA SPORT DAMA;[CLAMEDA66TS] CLÁSICA SPORT DAMA (Verde Militar, S);CLAMEDA66TS;DAMA;Verde Militar;S;GRIETA;1
2026;AGOSTO;CLASICA SPORT CAB;[CLAMECA43TS] CLASICA SPORT CAB (Negro, S);CLAMECA43TS;CAB;Negro;S;SAMBIL VALENCIA;1
2026;AGOSTO;SABRI SPORT DAMA;[SABMEDA66TM] SABRI SPORT DAMA (Verde Militar, M);SABMEDA66TM;DAMA;Verde Militar;M;LA VELA;1
2026;AGOSTO;CLASICA SPORT CAB;[CLAMECA16TS] CLASICA SPORT CAB (Blanco, S);CLAMECA16TS;CAB;Blanco;S;GRIETA;1
2026;AGOSTO;CLASICA SPORT CAB;[CLAMECA43TS] CLASICA SPORT CAB (Negro, S);CLAMECA43TS;CAB;Negro;S;GRIETA;1
2026;AGOSTO;SABRI SPORT DAMA;[SABMEDA30TXS] SABRI SPORT DAMA (Gris Claro, XS);SABMEDA30TXS;DAMA;Gris Claro;XS;SAMBIL CHACAO;1
2026;AGOSTO;CLASICA SPORT CAB;[CLAMECA30T2XL] CLASICA SPORT CAB (Gris Claro, 2XL);CLAMECA30T2XL;CAB;Gris Claro;2XL;SAMBIL VALENCIA;1
2026;AGOSTO;CLASICA SPORT CAB;[CLAMECA43TXL] CLASICA SPORT CAB (Negro, XL);CLAMECA43TXL;CAB;Negro;XL;SAMBIL VALENCIA;1
2026;AGOSTO;CLASICA SPORT CAB;[CLAMECA43TXL] CLASICA SPORT CAB (Negro, XL);CLAMECA43TXL;CAB;Negro;XL;LA VELA;1
2026;AGOSTO;CLASICA SPORT KIDS;[CLAMEKI12T10] CLASICA SPORT KIDS (Azul Marino, 10);CLAMEKI12T10;KIDS;Azul Marino;10;CERRO VERDE;1
2026;AGOSTO;SABRI SPORT DAMA;[SABMEDA30TM] SABRI SPORT DAMA (Gris Claro, M);SABMEDA30TM;DAMA;Gris Claro;M;LA VELA;1
2026;AGOSTO;CLASICA SPORT CAB;[CLAMECA16TXL] CLASICA SPORT CAB (Blanco, XL);CLAMECA16TXL;CAB;Blanco;XL;SAMBIL VALENCIA;1
2026;AGOSTO;CLASICA SPORT KIDS;[CLAMEKI30T10] CLASICA SPORT KIDS (Gris Claro, 10);CLAMEKI30T10;KIDS;Gris Claro;10;GRIETA;1
2026;AGOSTO;CLASICA SPORT CAB;[CLAMECA43TS] CLASICA SPORT CAB (Negro, S);CLAMECA43TS;CAB;Negro;S;SAMBIL VALENCIA;1
2026;AGOSTO;CLÁSICA SPORT DAMA;[CLAMEDA30TS] CLÁSICA SPORT DAMA (Gris Claro, S);CLAMEDA30TS;DAMA;Gris Claro;S;GRIETA;1
2026;AGOSTO;CLÁSICA SPORT DAMA;[CLAMEDA30TM] CLÁSICA SPORT DAMA (Gris Claro, M);CLAMEDA30TM;DAMA;Gris Claro;M;GRIETA;1
2026;AGOSTO;CLASICA SPORT CAB;[CLAMECA12T2XL] CLASICA SPORT CAB (Azul Marino, 2XL);CLAMECA12T2XL;CAB;Azul Marino;2XL;SAMBIL CHACAO;1
2026;AGOSTO;CLASICA SPORT CAB;[CLAMECA30TL] CLASICA SPORT CAB (Gris Claro, L);CLAMECA30TL;CAB;Gris Claro;L;LA VELA;1
2026;AGOSTO;SABRI SPORT DAMA;[SABMEDA13TS] SABRI SPORT DAMA (Azul Rey, S);SABMEDA13TS;DAMA;Azul Rey;S;GRIETA;1
2026;AGOSTO;SABRI SPORT DAMA;[SABMEDA66TL] SABRI SPORT DAMA (Verde Militar, L);SABMEDA66TL;DAMA;Verde Militar;L;GRIETA;1
2026;AGOSTO;SABRI SPORT DAMA;[SABMEDA30TL] SABRI SPORT DAMA (Gris Claro, L);SABMEDA30TL;DAMA;Gris Claro;L;GRIETA;1
2026;AGOSTO;CLASICA SPORT CAB;[CLAMECA16TS] CLASICA SPORT CAB (Blanco, S);CLAMECA16TS;CAB;Blanco;S;GRIETA;1
2026;AGOSTO;CLASICA SPORT CAB;[CLAMECA16TL] CLASICA SPORT CAB (Blanco, L);CLAMECA16TL;CAB;Blanco;L;SAMBIL VALENCIA;1
2026;AGOSTO;CLÁSICA SPORT DAMA;[CLAMEDA16TM] CLÁSICA SPORT DAMA (Blanco, M);CLAMEDA16TM;DAMA;Blanco;M;CERRO VERDE;1
2026;AGOSTO;SABRI SPORT DAMA;[SABMEDA16TL] SABRI SPORT DAMA (Blanco, L);SABMEDA16TL;DAMA;Blanco;L;SAMBIL CHACAO;1
2026;AGOSTO;CLASICA SPORT KIDS;[CLAMEKI43T6] CLASICA SPORT KIDS (Negro, 6);CLAMEKI43T6;KIDS;Negro;6;SAMBIL CHACAO;1
2026;AGOSTO;CLÁSICA SPORT DAMA;[CLAMEDA13TXS] CLÁSICA SPORT DAMA (Azul Mazari, XS);CLAMEDA13TXS;DAMA;Azul Mazari;XS;GRIETA;1
2026;JULIO;MAFE SPORT DAMA;[MAFMEDA30TM] MAFE SPORT DAMA (Gris Claro, M);MAFMEDA30TM;DAMA;Gris Claro;M;WEB;1
2026;JULIO;CLASICA SPORT CAB;[CLAMECA43TS] CLASICA SPORT CAB (Negro, S);CLAMECA43TS;CAB;Negro;S;CERRO VERDE;1
2026;JULIO;CLASICA SPORT CAB;[CLAMECA30TS] CLASICA SPORT CAB (Gris Claro, S);CLAMECA30TS;CAB;Gris Claro;S;CERRO VERDE;1
2026;JULIO;CLÁSICA SPORT DAMA;[CLAMEDA12TS] CLÁSICA SPORT DAMA (Azul Marino, S);CLAMEDA12TS;DAMA;Azul Marino;S;CERRO VERDE;1
2026;JULIO;CLÁSICA SPORT DAMA;[CLAMEDA43TS] CLÁSICA SPORT DAMA (Negro, S);CLAMEDA43TS;DAMA;Negro;S;CERRO VERDE;1
2026;JULIO;CLASICA SPORT CAB;[CLAMECA43TXL] CLASICA SPORT CAB (Negro, XL);CLAMECA43TXL;CAB;Negro;XL;GRIETA;1
2026;JULIO;SABRI SPORT DAMA;[SABMEDA16TL] SABRI SPORT DAMA (Blanco, L);SABMEDA16TL;DAMA;Blanco;L;TOLON;1
2026;JULIO;CLASICA SPORT CAB;[CLAMECA43T2XL] CLASICA SPORT CAB (Negro, 2XL);CLAMECA43T2XL;CAB;Negro;2XL;CERRO VERDE;1
2026;JULIO;CLÁSICA SPORT DAMA;[CLAMEDA13TL] CLÁSICA SPORT DAMA (Azul Mazari, L);CLAMEDA13TL;DAMA;Azul Mazari;L;CERRO VERDE;1
2026;JULIO;CLASICA SPORT KIDS;[CLAMEKI43T6] CLASICA SPORT KIDS (Negro, 6);CLAMEKI43T6;KIDS;Negro;6;GRIETA;1
2026;JULIO;CLASICA SPORT KIDS;[CLAMEKI12T10] CLASICA SPORT KIDS (Azul Marino, 10);CLAMEKI12T10;KIDS;Azul Marino;10;GRIETA;1
2026;JULIO;SABRI SPORT DAMA;[SABMEDA16TL] SABRI SPORT DAMA (Blanco, L);SABMEDA16TL;DAMA;Blanco;L;CERRO VERDE;1
2026;JULIO;CLÁSICA SPORT DAMA;[CLAMEDA30TS] CLÁSICA SPORT DAMA (Gris Claro, S);CLAMEDA30TS;DAMA;Gris Claro;S;SAMBIL CHACAO;1
2026;JULIO;CLÁSICA SPORT DAMA;[CLAMEDA43TM] CLÁSICA SPORT DAMA (Negro, M);CLAMEDA43TM;DAMA;Negro;M;CERRO VERDE;1
2026;JULIO;CLASICA SPORT CAB;[CLAMECA43TM] CLASICA SPORT CAB (Negro, M);CLAMECA43TM;CAB;Negro;M;SAMBIL CHACAO;1
2026;JULIO;CLASICA SPORT CAB;[CLAMECA43TL] CLASICA SPORT CAB (Negro, L);CLAMECA43TL;CAB;Negro;L;LA VELA;1
2026;JULIO;CLASICA SPORT CAB;[CLAMECA43TXL] CLASICA SPORT CAB (Negro, XL);CLAMECA43TXL;CAB;Negro;XL;TOLON;1
2026;JULIO;CLASICA SPORT CAB;[CLAMECA30TM] CLASICA SPORT CAB (Gris Claro, M);CLAMECA30TM;CAB;Gris Claro;M;SAMBIL VALENCIA;1
2026;JULIO;CLÁSICA SPORT DAMA;[CLAMEDA30TL] CLÁSICA SPORT DAMA (Gris Claro, L);CLAMEDA30TL;DAMA;Gris Claro;L;GRIETA;1
2026;JULIO;CLASICA SPORT CAB;[CLAMECA16TS] CLASICA SPORT CAB (Blanco, S);CLAMECA16TS;CAB;Blanco;S;CERRO VERDE;1
2026;JULIO;CLASICA SPORT CAB;[CLAMECA16TL] CLASICA SPORT CAB (Blanco, L);CLAMECA16TL;CAB;Blanco;L;GRIETA;1
2026;JULIO;SABRI SPORT DAMA;[SABMEDA66TL] SABRI SPORT DAMA (Verde Militar, L);SABMEDA66TL;DAMA;Verde Militar;L;GRIETA;-1
2026;JULIO;SABRI SPORT DAMA;[SABMEDA43TL] SABRI SPORT DAMA (Negro, L);SABMEDA43TL;DAMA;Negro;L;GRIETA;-1
2026;JULIO;CLASICA SPORT CAB;[CLAMECA43TS] CLASICA SPORT CAB (Negro, S);CLAMECA43TS;CAB;Negro;S;GRIETA;1
2026;JULIO;SABRI SPORT DAMA;[SABMEDA43TL] SABRI SPORT DAMA (Negro, L);SABMEDA43TL;DAMA;Negro;L;GRIETA;1
2026;JULIO;SABRI SPORT DAMA;[SABMEDA66TL] SABRI SPORT DAMA (Verde Militar, L);SABMEDA66TL;DAMA;Verde Militar;L;GRIETA;1
2026;JULIO;SABRI SPORT DAMA;[SABMEDA43TM] SABRI SPORT DAMA (Negro, M);SABMEDA43TM;DAMA;Negro;M;LA VELA;1
2026;JULIO;SABRI SPORT DAMA;[SABMEDA30TM] SABRI SPORT DAMA (Gris Claro, M);SABMEDA30TM;DAMA;Gris Claro;M;LA VELA;1
2026;JULIO;SABRI SPORT DAMA;[SABMEDA30TXS] SABRI SPORT DAMA (Gris Claro, XS);SABMEDA30TXS;DAMA;Gris Claro;XS;TOLON;1
2026;JULIO;SABRI SPORT DAMA;[SABMEDA66TS] SABRI SPORT DAMA (Verde Militar, S);SABMEDA66TS;DAMA;Verde Militar;S;GRIETA;1
2026;JULIO;CLASICA SPORT KIDS;[CLAMEKI12T6] CLASICA SPORT KIDS (Azul Marino, 6);CLAMEKI12T6;KIDS;Azul Marino;6;GRIETA;1
2026;JULIO;CLÁSICA SPORT DAMA;[CLAMEDA66TXL] CLÁSICA SPORT DAMA (Verde Militar, XL);CLAMEDA66TXL;DAMA;Verde Militar;XL;GRIETA;1
2026;JULIO;CLASICA SPORT CAB;[CLAMECA30TS] CLASICA SPORT CAB (Gris Claro, S);CLAMECA30TS;CAB;Gris Claro;S;CERRO VERDE;1
2026;JULIO;CLASICA SPORT CAB;[CLAMECA43TS] CLASICA SPORT CAB (Negro, S);CLAMECA43TS;CAB;Negro;S;CERRO VERDE;1
2026;JULIO;CLÁSICA SPORT DAMA;[CLAMEDA43TL] CLÁSICA SPORT DAMA (Negro, L);CLAMEDA43TL;DAMA;Negro;L;CERRO VERDE;1
2026;JULIO;CLASICA SPORT CAB;[CLAMECA30TL] CLASICA SPORT CAB (Gris Claro, L);CLAMECA30TL;CAB;Gris Claro;L;SAMBIL VALENCIA;1
2026;JULIO;CLASICA SPORT CAB;[CLAMECA43TS] CLASICA SPORT CAB (Negro, S);CLAMECA43TS;CAB;Negro;S;SAMBIL VALENCIA;1
2026;JULIO;CLASICA SPORT KIDS;[CLAMEKI12T12] CLASICA SPORT KIDS (Azul Marino, 12);CLAMEKI12T12;KIDS;Azul Marino;12;CERRO VERDE;-1
2026;JULIO;CLASICA SPORT KIDS;[CLAMEKI66T12] CLASICA SPORT KIDS (Verde Militar, 12);CLAMEKI66T12;KIDS;Verde Militar;12;CERRO VERDE;-1
2026;JULIO;CLASICA SPORT KIDS;[CLAMEKI12T12] CLASICA SPORT KIDS (Azul Marino, 12);CLAMEKI12T12;KIDS;Azul Marino;12;CERRO VERDE;1
2026;JULIO;CLASICA SPORT KIDS;[CLAMEKI66T12] CLASICA SPORT KIDS (Verde Militar, 12);CLAMEKI66T12;KIDS;Verde Militar;12;CERRO VERDE;1
2026;JULIO;CLASICA SPORT KIDS;[CLAMEKI66T8] CLASICA SPORT KIDS (Verde Militar, 8);CLAMEKI66T8;KIDS;Verde Militar;8;GRIETA;1
2026;JULIO;CLASICA SPORT KIDS;[CLAMEKI12T12] CLASICA SPORT KIDS (Azul Marino, 12);CLAMEKI12T12;KIDS;Azul Marino;12;CERRO VERDE;1
2026;JULIO;CLASICA SPORT KIDS;[CLAMEKI30T14] CLASICA SPORT KIDS (Gris Claro, 14);CLAMEKI30T14;KIDS;Gris Claro;14;CERRO VERDE;1
2026;JULIO;CLASICA SPORT KIDS;[CLAMEKI66T12] CLASICA SPORT KIDS (Verde Militar, 12);CLAMEKI66T12;KIDS;Verde Militar;12;GRIETA;1
2026;JULIO;CLASICA SPORT CAB;[CLAMECA16TL] CLASICA SPORT CAB (Blanco, L);CLAMECA16TL;CAB;Blanco;L;SAMBIL CHACAO;1
2026;JULIO;CLASICA SPORT CAB;[CLAMECA43TS] CLASICA SPORT CAB (Negro, S);CLAMECA43TS;CAB;Negro;S;GRIETA;1
2026;JULIO;CLASICA SPORT CAB;[CLAMECA30TM] CLASICA SPORT CAB (Gris Claro, M);CLAMECA30TM;CAB;Gris Claro;M;GRIETA;1
2026;JULIO;SABRI SPORT DAMA;[SABMEDA66TS] SABRI SPORT DAMA (Verde Militar, S);SABMEDA66TS;DAMA;Verde Militar;S;GRIETA;1
2026;JULIO;CLASICA SPORT CAB;[CLAMECA43TL] CLASICA SPORT CAB (Negro, L);CLAMECA43TL;CAB;Negro;L;SAMBIL CHACAO;-1
2026;JULIO;CLASICA SPORT CAB;[CLAMECA43TL] CLASICA SPORT CAB (Negro, L);CLAMECA43TL;CAB;Negro;L;SAMBIL CHACAO;1
2026;JULIO;SABRI SPORT DAMA;[SABMEDA16TM] SABRI SPORT DAMA (Blanco, M);SABMEDA16TM;DAMA;Blanco;M;GRIETA;1
2026;JULIO;CLASICA SPORT CAB;[CLAMECA43TXL] CLASICA SPORT CAB (Negro, XL);CLAMECA43TXL;CAB;Negro;XL;SAMBIL CHACAO;1
2026;JULIO;CLASICA SPORT KIDS;[CLAMEKI13T6] CLASICA SPORT KIDS (Azul Mazari, 6);CLAMEKI13T6;KIDS;Azul Mazari;6;GRIETA;1
2026;JULIO;CLASICA SPORT CAB;[CLAMECA43TM] CLASICA SPORT CAB (Negro, M);CLAMECA43TM;CAB;Negro;M;GRIETA;1
2026;JULIO;CLASICA SPORT CAB;[CLAMECA13TL] CLASICA SPORT CAB (Azul Mazari, L);CLAMECA13TL;CAB;Azul Mazari;L;CERRO VERDE;1
2026;JULIO;CLASICA SPORT CAB;[CLAMECA43TS] CLASICA SPORT CAB (Negro, S);CLAMECA43TS;CAB;Negro;S;LA VELA;1
2026;JULIO;CLASICA SPORT CAB;[CLAMECA30TS] CLASICA SPORT CAB (Gris Claro, S);CLAMECA30TS;CAB;Gris Claro;S;SAMBIL CHACAO;1
2026;JULIO;CLASICA SPORT CAB;[CLAMECA16TL] CLASICA SPORT CAB (Blanco, L);CLAMECA16TL;CAB;Blanco;L;SAMBIL CHACAO;1
2026;JULIO;CLASICA SPORT CAB;[CLAMECA43TS] CLASICA SPORT CAB (Negro, S);CLAMECA43TS;CAB;Negro;S;SAMBIL VALENCIA;1
2026;JULIO;CLASICA SPORT CAB;[CLAMECA43TL] CLASICA SPORT CAB (Negro, L);CLAMECA43TL;CAB;Negro;L;TOLON;1
2026;JULIO;CLASICA SPORT KIDS;[CLAMEKI30T10] CLASICA SPORT KIDS (Gris Claro, 10);CLAMEKI30T10;KIDS;Gris Claro;10;GRIETA;1
2026;JULIO;CLASICA SPORT CAB;[CLAMECA43TL] CLASICA SPORT CAB (Negro, L);CLAMECA43TL;CAB;Negro;L;LA VELA;1
2026;JULIO;CLASICA SPORT CAB;[CLAMECA43T2XL] CLASICA SPORT CAB (Negro, 2XL);CLAMECA43T2XL;CAB;Negro;2XL;LA VELA;1
2026;JULIO;SABRI SPORT DAMA;[SABMEDA43TL] SABRI SPORT DAMA (Negro, L);SABMEDA43TL;DAMA;Negro;L;GRIETA;1
2026;JULIO;CLASICA SPORT CAB;[CLAMECA43TM] CLASICA SPORT CAB (Negro, M);CLAMECA43TM;CAB;Negro;M;GRIETA;1
2026;JULIO;SABRI SPORT DAMA;[SABMEDA13TM] SABRI SPORT DAMA (Azul Rey, M);SABMEDA13TM;DAMA;Azul Rey;M;GRIETA;1
2026;JULIO;CLASICA SPORT CAB;[CLAMECA30TXL] CLASICA SPORT CAB (Gris Claro, XL);CLAMECA30TXL;CAB;Gris Claro;XL;SAMBIL VALENCIA;1
2026;JULIO;CLASICA SPORT CAB;[CLAMECA43TXL] CLASICA SPORT CAB (Negro, XL);CLAMECA43TXL;CAB;Negro;XL;GRIETA;1
2026;JULIO;SABRI SPORT DAMA;[SABMEDA30TXS] SABRI SPORT DAMA (Gris Claro, XS);SABMEDA30TXS;DAMA;Gris Claro;XS;GRIETA;1
2026;JULIO;CLASICA SPORT CAB;[CLAMECA43TS] CLASICA SPORT CAB (Negro, S);CLAMECA43TS;CAB;Negro;S;GRIETA;1
2026;JULIO;CLÁSICA SPORT DAMA;[CLAMEDA66TS] CLÁSICA SPORT DAMA (Verde Militar, S);CLAMEDA66TS;DAMA;Verde Militar;S;GRIETA;1
2026;JULIO;CLASICA SPORT CAB;[CLAMECA30TL] CLASICA SPORT CAB (Gris Claro, L);CLAMECA30TL;CAB;Gris Claro;L;SAMBIL VALENCIA;1
2026;JULIO;CLÁSICA SPORT DAMA;[CLAMEDA43TM] CLÁSICA SPORT DAMA (Negro, M);CLAMEDA43TM;DAMA;Negro;M;CERRO VERDE;-1
2026;JULIO;CLÁSICA SPORT DAMA;[CLAMEDA66TM] CLÁSICA SPORT DAMA (Verde Militar, M);CLAMEDA66TM;DAMA;Verde Militar;M;CERRO VERDE;1
2026;JULIO;CLASICA SPORT CAB;[CLAMECA43TL] CLASICA SPORT CAB (Negro, L);CLAMECA43TL;CAB;Negro;L;LA VELA;1
2026;JULIO;CLASICA SPORT CAB;[CLAMECA43TL] CLASICA SPORT CAB (Negro, L);CLAMECA43TL;CAB;Negro;L;LA VELA;-1
2026;JULIO;CLASICA SPORT CAB;[CLAMECA43TL] CLASICA SPORT CAB (Negro, L);CLAMECA43TL;CAB;Negro;L;LA VELA;1
2026;JULIO;SABRI SPORT DAMA;[SABMEDA43TS] SABRI SPORT DAMA (Negro, S);SABMEDA43TS;DAMA;Negro;S;TOLON;1
2026;JULIO;CLASICA SPORT CAB;[CLAMECA30TS] CLASICA SPORT CAB (Gris Claro, S);CLAMECA30TS;CAB;Gris Claro;S;SAMBIL VALENCIA;1
2026;JULIO;CLASICA SPORT KIDS;[CLAMEKI66T10] CLASICA SPORT KIDS (Verde Militar, 10);CLAMEKI66T10;KIDS;Verde Militar;10;GRIETA;1
2026;JULIO;SABRI SPORT DAMA;[SABMEDA13TL] SABRI SPORT DAMA (Azul Rey, L);SABMEDA13TL;DAMA;Azul Rey;L;GRIETA;1
2026;JULIO;CLASICA SPORT CAB;[CLAMECA43TS] CLASICA SPORT CAB (Negro, S);CLAMECA43TS;CAB;Negro;S;SAMBIL VALENCIA;1
2026;JULIO;CLASICA SPORT CAB;[CLAMECA30TL] CLASICA SPORT CAB (Gris Claro, L);CLAMECA30TL;CAB;Gris Claro;L;SAMBIL CHACAO;1
2026;JULIO;CLASICA SPORT CAB;[CLAMECA43TM] CLASICA SPORT CAB (Negro, M);CLAMECA43TM;CAB;Negro;M;SAMBIL CHACAO;1
2026;JULIO;CLÁSICA SPORT DAMA;[CLAMEDA30TS] CLÁSICA SPORT DAMA (Gris Claro, S);CLAMEDA30TS;DAMA;Gris Claro;S;GRIETA;1
